Time,LF_FOOT_X,LF_FOOT_Y,LF_FOOT_Z,LH_FOOT_X,LH_FOOT_Y,LH_FOOT_Z,RF_FOOT_X,RF_FOOT_Y,RF_FOOT_Z,RH_FOOT_X,RH_FOOT_Y,RH_FOOT_Z,Base_lin_vel_X,Base_lin_vel_Y,Base_lin_vel_Z,joint0_pos,joint1_pos,joint2_pos,joint3_pos,joint4_pos,joint5_pos,joint6_pos,joint7_pos,joint8_pos,joint9_pos,joint10_pos,joint11_pos,base_height,obs
1,2.9499855372705497e-05,0.0,219.56021118164062,0.0,0.0,0.0,3.5402164940023795e-05,0.0,263.4896545410156,0.0,0.0,0.0,0.378337025642395,-0.26201096177101135,0.21614187955856323,0.007627620827406645,-0.0329461544752121,0.0022832758259028196,0.004640555940568447,0.5414942502975464,-0.30506911873817444,0.5703299045562744,-0.29634419083595276,-0.723166823387146,1.0618388652801514,-0.8063615560531616,0.6805446743965149,"[0.378337025642395, -0.26201096177101135, 0.21614187955856323, 0.3106757402420044, 0.06991304457187653, -0.0964166596531868, 0.0035081012174487114, -0.004242877941578627, -0.9999851584434509, 0.699999988079071, 0.0, 0.0, 0.007627620827406645, -0.0329461544752121, 0.0022832758259028196, 0.004640555940568447, 0.1414942443370819, 0.09493088722229004, 0.17032989859580994, 0.10365581512451172, 0.07683318853378296, 0.2618388533592224, -0.006361544132232666, -0.11945533752441406, 0.18557210266590118, -3.1129097938537598, 0.26048168540000916, 0.11114180833101273, 2.583158493041992, -2.7560153007507324, 0.8548665046691895, -2.7770912647247314, -3.502849817276001, -5.738933086395264, -0.678876519203186, 2.4660255908966064, -0.11677412688732147, -1.4734256267547607, 0.5394223928451538, 0.15932753682136536, -0.4639018177986145, -2.7138705253601074, -0.6560204029083252, -1.3568917512893677, -0.749459981918335, -1.4802947044372559, 0.6911916732788086, 0.025669418275356293, 1.0, 1.0, 1.0, 1.0, 1.0, 1.0, 1.0, 1.0, 1.0, 1.0, 1.0, 1.0]"
2,0.0,0.0,0.0,0.0,0.0,0.0,3.4358650736976415e-05,0.0,255.72305297851562,0.0,0.0,0.0,0.18364042043685913,-0.2413332313299179,0.1764248013496399,0.015723157674074173,-0.11441759765148163,0.017807846888899803,0.05288747698068619,0.5871203541755676,-0.4133146405220032,0.5668061375617981,-0.4053288996219635,-0.8266857862472534,0.9223440885543823,-0.7910983562469482,0.7770419120788574,"[0.18364042043685913, -0.2413332313299179, 0.1764248013496399, -1.0752007961273193, -0.009580091573297977, 0.03141478821635246, 0.004916153382509947, 0.0024497308768332005, -0.9999846816062927, 0.699999988079071, 0.0, 0.0, 0.015723157674074173, -0.11441759765148163, 0.017807846888899803, 0.05288747698068619, 0.18712034821510315, -0.013314634561538696, 0.16680613160133362, -0.0053288936614990234, -0.026685774326324463, 0.12234407663345337, 0.008901655673980713, -0.022958099842071533, 0.4575144648551941, -3.947991371154785, 1.4190990924835205, 4.700950622558594, 2.516911745071411, -6.437142372131348, -0.25247055292129517, -6.661001205444336, -7.488851547241211, -6.922123908996582, 0.973507285118103, 7.463107585906982, -1.27920663356781, -0.8456264138221741, 0.02235456183552742, 2.128927707672119, 2.042153835296631, -0.6225887537002563, -0.12017634510993958, -2.981351613998413, -0.7098204493522644, -1.087875485420227, 0.7610018253326416, 1.2530949115753174, 1.0, 1.0, 1.0, 1.0, 1.0, 1.0, 1.0, 1.0, 1.0, 1.0, 1.0, 1.0]"
3,0.0,0.0,0.0,2.69013562501641e-05,0.0,200.22019958496094,2.1044108507339843e-05,0.0,156.62615966796875,0.0,0.0,0.0,0.23086412250995636,-0.23039966821670532,0.09295792877674103,-0.01327794324606657,-0.17944714426994324,0.048221390694379807,0.18201081454753876,0.6573715806007385,-0.5164312124252319,0.5559703707695007,-0.5440420508384705,-0.9379221796989441,0.902201235294342,-0.7511948943138123,0.9215025305747986,"[0.23086412250995636, -0.23039966821670532, 0.09295792877674103, -1.181600570678711, -0.4834500253200531, 0.08258555829524994, -0.0011600377038121223, 0.027498256415128708, -0.9996213316917419, 0.699999988079071, 0.0, 0.0, -0.01327794324606657, -0.17944714426994324, 0.048221390694379807, 0.18201081454753876, 0.25737157464027405, -0.11643120646476746, 0.15597036480903625, -0.14404204487800598, -0.13792216777801514, 0.10220122337341309, 0.0488051176071167, 0.12150251865386963, -2.6567561626434326, -1.9958930015563965, 1.4698010683059692, 7.035567760467529, 4.120737552642822, -2.9904704093933105, -0.4213440418243408, -6.874029159545898, -2.8374905586242676, 3.077626943588257, 2.210341453552246, 6.421444892883301, -0.3056250512599945, -0.8731639981269836, 1.5909528732299805, 1.1542493104934692, 1.2941445112228394, 1.2807400226593018, 0.7202242612838745, -1.3288445472717285, -0.2352926880121231, -0.6468210220336914, 1.0042967796325684, 0.3647559583187103, 1.0, 1.0, 1.0, 1.0, 1.0, 1.0, 1.0, 1.0, 1.0, 1.0, 1.0, 1.0]"
4,0.0,0.0,0.0,6.41265360172838e-05,0.0,477.27813720703125,1.7161570212920196e-05,0.0,127.7293701171875,0.0,0.0,0.0,0.35455557703971863,-0.25849780440330505,0.047114286571741104,-0.0866222158074379,-0.1607949435710907,0.07741625607013702,0.3275182545185089,0.7544638514518738,-0.5087795257568359,0.5508385300636292,-0.6688121557235718,-0.9398987293243408,0.9249486923217773,-0.7059829831123352,0.9452018737792969,"[0.35455557703971863, -0.25849780440330505, 0.047114286571741104, -0.7966191172599792, -0.5558393597602844, -0.026553716510534286, -0.01312260888516903, 0.04958684369921684, -0.9986836910247803, 0.699999988079071, 0.0, 0.0, -0.0866222158074379, -0.1607949435710907, 0.07741625607013702, 0.3275182545185089, 0.3544638454914093, -0.10877951979637146, 0.15083852410316467, -0.2688121497631073, -0.13989871740341187, 0.12494868040084839, 0.09401702880859375, 0.14520186185836792, -4.475797653198242, 1.0336233377456665, 1.15950608253479, 6.881168842315674, 5.016164302825928, 0.2540292739868164, -0.15885932743549347, -5.72062873840332, 0.47775304317474365, 0.9872551560401917, 2.105048418045044, -1.5916807651519775, -1.0517927408218384, -0.18198463320732117, 1.2109817266464233, 0.6153335571289062, 0.9697360396385193, 0.9728349447250366, 0.45512154698371887, -0.8816297054290771, -0.2538008689880371, -0.31290534138679504, 1.0388026237487793, 0.15417608618736267, 1.0, 1.0, 1.0, 1.0, 1.0, 1.0, 1.0, 1.0, 1.0, 1.0, 1.0, 1.0]"
5,0.0,0.0,0.0,4.528005592874251e-05,0.0,337.0083923339844,1.7083242710214108e-05,0.0,127.1463851928711,0.0,0.0,0.0,0.4512857496738434,-0.22522993385791779,0.04614076390862465,-0.19609765708446503,-0.14724119007587433,0.09291111677885056,0.42346206307411194,0.8435052633285522,-0.48790428042411804,0.5540809631347656,-0.7497442364692688,-0.9096607565879822,0.9372959733009338,-0.6712684035301208,0.9443081617355347,"[0.4512857496738434, -0.22522993385791779, 0.04614076390862465, -0.19280588626861572, -0.5314512848854065, -0.08181537687778473, -0.024532873183488846, 0.05755195394158363, -0.9980409145355225, 0.699999988079071, 0.0, 0.0, -0.19609765708446503, -0.14724119007587433, 0.09291111677885056, 0.42346206307411194, 0.44350525736808777, -0.08790427446365356, 0.15408095717430115, -0.3497442305088043, -0.10966074466705322, 0.13729596138000488, 0.1287316083908081, 0.1443081498146057, -5.847066402435303, 0.4081736207008362, 0.5444979667663574, 3.1101930141448975, 3.853116512298584, 0.9032584428787231, 0.16572000086307526, -2.3575594425201416, 1.9782317876815796, 1.2774391174316406, 1.7225205898284912, -4.357677936553955, -0.6497600674629211, -0.5747314691543579, 1.1825158596038818, 0.15304264426231384, 0.8518953323364258, 0.5468864440917969, 0.5141863822937012, -0.04597637057304382, -0.2528523802757263, -0.5264741778373718, 0.8308818936347961, -0.15434560179710388, 1.0, 1.0, 1.0, 1.0, 1.0, 1.0, 1.0, 1.0, 1.0, 1.0, 1.0, 1.0]"
6,0.0,0.0,0.0,2.607251371955499e-05,0.0,194.05133056640625,1.6778247299953364e-05,0.0,124.87638854980469,1.867972605396062e-05,0.0,139.02862548828125,0.5150200128555298,-0.22013074159622192,0.035205304622650146,-0.29958927631378174,-0.13796864449977875,0.10598834604024887,0.4432353973388672,0.8969425559043884,-0.4610505998134613,0.5605193376541138,-0.757145881652832,-0.8847413063049316,0.9399566054344177,-0.6431566476821899,0.9543169140815735,"[0.5150200128555298, -0.22013074159622192, 0.035205304622650146, -0.443523108959198, -0.32763412594795227, -0.16041958332061768, -0.03359809145331383, 0.06284224987030029, -0.9974576234817505, 0.699999988079071, 0.0, 0.0, -0.29958927631378174, -0.13796864449977875, 0.10598834604024887, 0.4432353973388672, 0.49694254994392395, -0.061050593852996826, 0.1605193316936493, -0.35714587569236755, -0.08474129438400269, 0.13995659351348877, 0.156843364238739, 0.15431690216064453, -4.375133991241455, 0.6184024214744568, 0.8444814085960388, 0.8085894584655762, 1.9459331035614014, 1.1743577718734741, 0.3215184509754181, 1.063645362854004, 0.7063280344009399, 0.2484125941991806, 1.252255916595459, 0.3961699604988098, -0.7529012560844421, -0.3797434866428375, 0.5822040438652039, 0.25741448998451233, 1.0804649591445923, 0.0016809403896331787, 0.4689873158931732, 0.08131352066993713, -0.21333910524845123, -0.35384371876716614, 0.8765483498573303, -0.2493343949317932, 1.0, 1.0, 1.0, 1.0, 1.0, 1.0, 1.0, 1.0, 1.0, 1.0, 1.0, 1.0]"
7,0.0,0.0,0.0,1.4486046893580351e-05,0.0,107.81610107421875,1.978022737603169e-05,0.0,147.21939086914062,2.787212360999547e-05,0.0,207.44540405273438,0.540661633014679,-0.2165321409702301,0.0323181189596653,-0.35690584778785706,-0.118309386074543,0.1301744133234024,0.46246853470802307,0.9170516133308411,-0.43418076634407043,0.5667943358421326,-0.7290853261947632,-0.8789808750152588,0.9317022562026978,-0.6253967881202698,0.9422746300697327,"[0.540661633014679, -0.2165321409702301, 0.0323181189596653, -0.8272152543067932, 0.049461424350738525, -0.19388751685619354, -0.03552517294883728, 0.07850243896245956, -0.9962807893753052, 0.699999988079071, 0.0, 0.0, -0.35690584778785706, -0.118309386074543, 0.1301744133234024, 0.46246853470802307, 0.5170515775680542, -0.03418076038360596, 0.1667943298816681, -0.3290853202342987, -0.07898086309432983, 0.1317022442817688, 0.17460322380065918, 0.1422746181488037, -2.250943660736084, 1.0141700506210327, 1.2565062046051025, 0.970971405506134, 0.5345293879508972, 1.3778953552246094, 0.42415502667427063, 1.3530981540679932, -0.11254489421844482, -0.7021852731704712, 0.49462324380874634, -0.706271231174469, -0.691906213760376, -0.5846467018127441, 0.18537279963493347, 0.49448132514953613, 0.8923556804656982, 0.012339025735855103, 0.5501506328582764, -0.45986631512641907, -0.30632108449935913, -0.45093345642089844, 0.8470316529273987, -0.16430872678756714, 1.0, 1.0, 1.0, 1.0, 1.0, 1.0, 1.0, 1.0, 1.0, 1.0, 1.0, 1.0]"
8,0.0,0.0,0.0,1.9238148524891585e-05,0.0,143.18482971191406,2.8801125154132023e-05,0.0,214.3597412109375,6.8507779360516e-06,0.0,50.98866653442383,0.5492024421691895,-0.1722501963376999,-0.0017286227084696293,-0.3961663246154785,-0.10685726255178452,0.1462998390197754,0.4724114239215851,0.9152149558067322,-0.40374016761779785,0.5814682841300964,-0.705122709274292,-0.8975822925567627,0.9084487557411194,-0.6286149621009827,0.928459107875824,"[0.5492024421691895, -0.1722501963376999, -0.0017286227084696293, -0.1232089251279831, 0.1967417448759079, -0.19271118938922882, -0.032548870891332626, 0.08645069599151611, -0.9957244992256165, 0.699999988079071, 0.0, 0.0, -0.3961663246154785, -0.10685726255178452, 0.1462998390197754, 0.4724114239215851, 0.5152149200439453, -0.003740161657333374, 0.18146827816963196, -0.3051227033138275, -0.09758228063583374, 0.10844874382019043, 0.1713850498199463, 0.12845909595489502, -1.844403624534607, 0.27596303820610046, 0.5206843018531799, 0.21683622896671295, -0.3824669420719147, 1.5303044319152832, 1.0001941919326782, 1.102262258529663, -1.514966368675232, -1.2289882898330688, -0.6429227590560913, -0.5766434669494629, -0.6002644300460815, -0.4973083436489105, 0.07437250018119812, 0.6835098266601562, 1.135054111480713, 0.0911741554737091, 0.3137958347797394, -0.848572850227356, -0.43737393617630005, -0.6935755014419556, 0.8698173761367798, 0.11498590558767319, 1.0, 1.0, 1.0, 1.0, 1.0, 1.0, 1.0, 1.0, 1.0, 1.0, 1.0, 1.0]"
9,0.0,0.0,0.0,2.779168789857067e-05,0.0,206.84674072265625,4.092922972631641e-05,0.0,304.6262512207031,0.0,0.0,0.0,0.5403279066085815,-0.1444636583328247,-0.04367794096469879,-0.4239345192909241,-0.10787146538496017,0.1507931351661682,0.4715258479118347,0.9042426943778992,-0.37184426188468933,0.6046274900436401,-0.6959973573684692,-0.9441186785697937,0.8821685910224915,-0.6456594467163086,0.9349377751350403,"[0.5403279066085815, -0.1444636583328247, -0.04367794096469879, 0.23229674994945526, 0.12577326595783234, -0.20318904519081116, -0.029592517763376236, 0.08317680656909943, -0.9960952997207642, 0.699999988079071, 0.0, 0.0, -0.4239345192909241, -0.10787146538496017, 0.1507931351661682, 0.4715258479118347, 0.5042426586151123, 0.028155744075775146, 0.20462748408317566, -0.29599735140800476, -0.14411866664886475, 0.0821685791015625, 0.15434056520462036, 0.13493776321411133, -1.037583827972412, -0.1712506115436554, 0.32479286193847656, 0.017435677349567413, -0.505096435546875, 1.3649009466171265, 1.4145563840866089, -0.1942785531282425, -3.1659908294677734, -0.8528092503547668, -1.4911011457443237, 1.6591904163360596, -0.5097617506980896, -0.5525964498519897, -0.06738309562206268, 0.8852355480194092, 1.2359241247177124, 0.2975161373615265, 0.2316504269838333, -1.2657749652862549, -0.7273032069206238, -0.7682815790176392, 0.8573021292686462, 0.42069533467292786, 1.0, 1.0, 1.0, 1.0, 1.0, 1.0, 1.0, 1.0, 1.0, 1.0, 1.0, 1.0]"
10,0.0,0.0,0.0,2.8846356144640595e-05,0.0,214.6963653564453,3.8074453186709434e-05,0.0,283.37884521484375,0.0,0.0,0.0,0.536162793636322,-0.13151484727859497,-0.06894433498382568,-0.4302683174610138,-0.11199919879436493,0.15319204330444336,0.47908052802085876,0.8971914052963257,-0.34179508686065674,0.6294420957565308,-0.7227896451950073,-1.0193058252334595,0.862241268157959,-0.6631636619567871,0.9899005889892578,"[0.536162793636322, -0.13151484727859497, -0.06894433498382568, 0.26335376501083374, 0.06415746361017227, -0.22039225697517395, -0.028250619769096375, 0.07800424098968506, -0.9965527057647705, 0.699999988079071, 0.0, 0.0, -0.4302683174610138, -0.11199919879436493, 0.15319204330444336, 0.47908052802085876, 0.4971913993358612, 0.05820491909980774, 0.22944208979606628, -0.32278963923454285, -0.21930581331253052, 0.06224125623703003, 0.13683634996414185, 0.18990057706832886, 0.0903458222746849, -0.26126745343208313, 0.21345335245132446, 0.5214739441871643, -0.2994861900806427, 1.3024070262908936, 1.3625808954238892, -1.8358267545700073, -3.7599711418151855, -0.6603087186813354, -1.2071993350982666, 2.3730661869049072, -0.5359889268875122, -0.3835505545139313, 0.04253299906849861, 0.8298519849777222, 1.2097996473312378, 0.3597427308559418, 0.25046396255493164, -1.2868642807006836, -0.8298723697662354, -0.7480829954147339, 0.7927566766738892, 0.5304899215698242, 1.0, 1.0, 1.0, 1.0, 1.0, 1.0, 1.0, 1.0, 1.0, 1.0, 1.0, 1.0]"
11,0.0,0.0,0.0,3.0950683139963076e-05,0.0,230.35836791992188,3.724194903043099e-05,0.0,277.1827087402344,0.0,0.0,0.0,0.5508847236633301,-0.1105545163154602,-0.08538662642240524,-0.4197239577770233,-0.11894507706165314,0.15321432054042816,0.4873209595680237,0.8919945359230042,-0.3116379380226135,0.6552297472953796,-0.7701844573020935,-1.0818480253219604,0.8445079326629639,-0.6796005368232727,1.0233625173568726,"[0.5508847236633301, -0.1105545163154602, -0.08538662642240524, 0.40911221504211426, 0.006611077580600977, -0.21087037026882172, -0.02804526500403881, 0.07095597684383392, -0.99708491563797, 0.699999988079071, 0.0, 0.0, -0.4197239577770233, -0.11894507706165314, 0.15321432054042816, 0.4873209595680237, 0.4919945299625397, 0.08836206793785095, 0.25522974133491516, -0.37018445134162903, -0.2818480134010315, 0.04450792074203491, 0.12039947509765625, 0.2233625054359436, 0.7602483630180359, -0.43895503878593445, -0.07737915962934494, 0.2415347397327423, -0.34146392345428467, 1.3030632734298706, 1.410466194152832, -2.522243022918701, -2.105872869491577, -0.48023396730422974, -0.9455874562263489, 1.038903832435608, -0.5724236369132996, -0.2961815595626831, 0.22379429638385773, 0.7647874355316162, 1.153637409210205, 0.43512091040611267, 0.2675532400608063, -1.1883790493011475, -0.6434473991394043, -0.7332475185394287, 0.7574687600135803, 0.39757415652275085, 1.0, 1.0, 1.0, 1.0, 1.0, 1.0, 1.0, 1.0, 1.0, 1.0, 1.0, 1.0]"
12,0.0,0.0,0.0,3.079425368923694e-05,0.0,229.194091796875,3.2288171496475115e-05,0.0,240.31298828125,0.0,0.0,0.0,0.5820777416229248,-0.09440528601408005,-0.09578698128461838,-0.39680245518684387,-0.12670743465423584,0.15196509659290314,0.48336291313171387,0.8828037977218628,-0.2804047465324402,0.6813269853591919,-0.8151599764823914,-1.0845118761062622,0.8283607959747314,-0.6929399371147156,1.0080996751785278,"[0.5820777416229248, -0.09440528601408005, -0.09578698128461838, 0.32940974831581116, -0.03540093079209328, -0.1780472844839096, -0.02888745814561844, 0.06356140971183777, -0.9975594878196716, 0.699999988079071, 0.0, 0.0, -0.39680245518684387, -0.12670743465423584, 0.15196509659290314, 0.48336291313171387, 0.4828037917613983, 0.11959525942802429, 0.2813269793987274, -0.4151599705219269, -0.28451186418533325, 0.02836078405380249, 0.10706007480621338, 0.20809966325759888, 1.3713364601135254, -0.3721695840358734, -0.014628954231739044, -0.5239368081092834, -0.5910542011260986, 1.3356990814208984, 1.3604142665863037, -1.8840943574905396, 1.2681306600570679, -0.383872926235199, -0.7346498370170593, -2.2169082164764404, -0.5247475504875183, -0.3672172427177429, 0.38287410140037537, 0.7059431076049805, 1.0440908670425415, 0.45820048451423645, 0.3019680976867676, -0.9550423622131348, -0.34622347354888916, -0.7362780570983887, 0.6765577793121338, 0.10180556029081345, 1.0, 1.0, 1.0, 1.0, 1.0, 1.0, 1.0, 1.0, 1.0, 1.0, 1.0, 1.0]"
13,0.0,0.0,0.0,2.5595130864530802e-05,0.0,190.49830627441406,2.50019074883312e-05,0.0,186.0830841064453,0.0,0.0,0.0,0.6213476061820984,-0.08022000640630722,-0.12040095776319504,-0.36337003111839294,-0.13176147639751434,0.1528063267469406,0.4625403583049774,0.8675770163536072,-0.24910619854927063,0.7067599296569824,-0.836277425289154,-1.0234225988388062,0.8147763013839722,-0.7021154165267944,0.9361557960510254,"[0.6213476061820984, -0.08022000640630722, -0.12040095776319504, 0.1837201714515686, -0.03909613937139511, -0.1551072746515274, -0.03005809336900711, 0.05918358266353607, -0.997794508934021, 0.699999988079071, 0.0, 0.0, -0.36337003111839294, -0.13176147639751434, 0.1528063267469406, 0.4625403583049774, 0.4675770103931427, 0.15089380741119385, 0.30675992369651794, -0.4362774193286896, -0.2234225869178772, 0.014776289463043213, 0.09788459539413452, 0.13615578413009644, 1.803701639175415, -0.24469110369682312, 0.06641913950443268, -1.447227954864502, -0.9608834981918335, 1.3869295120239258, 1.3615361452102661, -0.3713863492012024, 4.357851982116699, -0.351818323135376, -0.5430066585540771, -4.886763095855713, -0.5449709892272949, -0.4767344295978546, 0.5218698978424072, 0.6221292018890381, 0.8304349184036255, 0.3017113506793976, 0.47573643922805786, -0.4410909116268158, 0.07791268825531006, -0.6854778528213501, 0.47408950328826904, -0.37015867233276367, 1.0, 1.0, 1.0, 1.0, 1.0, 1.0, 1.0, 1.0, 1.0, 1.0, 1.0, 1.0]"
14,0.0,0.0,0.0,7.924008059490006e-06,0.0,58.9764518737793,8.337060535268392e-06,0.0,62.05070495605469,3.8619131373707205e-05,0.0,287.4327392578125,0.6401416063308716,-0.08581437915563583,-0.16072069108486176,-0.3228018879890442,-0.13270379602909088,0.157545268535614,0.4573580026626587,0.8414438366889954,-0.22090527415275574,0.7347232699394226,-0.836205005645752,-0.9157631397247314,0.8018668293952942,-0.7172282338142395,0.9429464340209961,"[0.6401416063308716, -0.08581437915563583, -0.16072069108486176, -0.12087752670049667, 0.21781611442565918, -0.12435899674892426, -0.028538543730974197, 0.05888138711452484, -0.9978571534156799, 0.699999988079071, 0.0, 0.0, -0.3228018879890442, -0.13270379602909088, 0.157545268535614, 0.4573580026626587, 0.4414438307285309, 0.17909473180770874, 0.33472326397895813, -0.4362049996852875, -0.11576312780380249, 0.0018668174743652344, 0.08277177810668945, 0.14294642210006714, 2.1554861068725586, 0.07643122971057892, 0.360693097114563, 0.26263535022735596, -1.6132858991622925, 1.2384034395217896, 1.5044536590576172, 0.38725489377975464, 5.914577960968018, -0.16283440589904785, -1.1361232995986938, 0.7605023980140686, -0.6266651749610901, -0.7300504446029663, 0.5932344198226929, 0.6965757608413696, 0.3540455102920532, -0.7963250875473022, 0.9526877403259277, 0.1449151337146759, 0.5575212836265564, -0.3825242817401886, -0.11535106599330902, -0.7848820686340332, 1.0, 1.0, 1.0, 1.0, 1.0, 1.0, 1.0, 1.0, 1.0, 1.0, 1.0, 1.0]"
15,5.413730104919523e-05,0.0,402.9306945800781,0.0,0.0,0.0,0.0,0.0,0.0,4.860300396103412e-05,0.0,361.74029541015625,0.6080523729324341,-0.0535876490175724,-0.09484508633613586,-0.32616862654685974,-0.15424615144729614,0.17022080719470978,0.4539589583873749,0.8642242550849915,-0.2300722301006317,0.7703582644462585,-0.8284341096878052,-0.9269305467605591,0.8058023452758789,-0.7735385298728943,0.9538936018943787,"[0.6080523729324341, -0.0535876490175724, -0.09484508633613586, 0.423328161239624, 0.4140282869338989, -0.12027667462825775, -0.021791530773043633, 0.053896889090538025, -0.9983086585998535, 0.699999988079071, 0.0, 0.0, -0.32616862654685974, -0.15424615144729614, 0.17022080719470978, 0.4539589583873749, 0.464224249124527, 0.16992777585983276, 0.37035825848579407, -0.4284341037273407, -0.12693053483963013, 0.005802333354949951, 0.026461482048034668, 0.1538935899734497, -0.39282944798469543, -1.8745077848434448, 1.1934218406677246, -0.35204067826271057, 1.2873592376708984, -2.242542266845703, 2.1029505729675293, 0.23649227619171143, -0.9121125340461731, 1.5050104856491089, -4.707446098327637, 0.5568495988845825, -0.9816530346870422, -0.6050488352775574, 1.0488728284835815, 0.3411712348461151, 0.0714154839515686, -2.1317036151885986, 1.091946005821228, 0.15273213386535645, 0.5346451997756958, 0.5046675801277161, -0.843545138835907, -0.2094549834728241, 1.0, 1.0, 1.0, 1.0, 1.0, 1.0, 1.0, 1.0, 1.0, 1.0, 1.0, 1.0]"
16,4.43037279183045e-05,0.0,329.7418212890625,0.0,0.0,0.0,0.0,0.0,0.0,4.707161133410409e-05,0.0,350.3424987792969,0.5527021884918213,-0.059206314384937286,-0.0225976575165987,-0.3360866904258728,-0.20711646974086761,0.2182968258857727,0.44423243403434753,0.880453884601593,-0.3304848372936249,0.8183989524841309,-0.8179095387458801,-0.9346700310707092,0.8872237205505371,-0.8766636252403259,0.9547609686851501,"[0.5527021884918213, -0.059206314384937286, -0.0225976575165987, 0.5750535726547241, 0.4196757376194, -0.03744244575500488, -0.013177906163036823, 0.04279562085866928, -0.998996913433075, 0.699999988079071, 0.0, 0.0, -0.3360866904258728, -0.20711646974086761, 0.2182968258857727, 0.44423243403434753, 0.48045387864112854, 0.0695151686668396, 0.4183989465236664, -0.41790953278541565, -0.13467001914978027, 0.08722370862960815, -0.07666361331939697, 0.1547609567642212, -0.5181349515914917, -2.886338949203491, 3.1002588272094727, -0.5038191080093384, 0.7983063459396362, -6.029505252838135, 2.52091908454895, 0.3675313889980316, -0.3637576401233673, 4.291885852813721, -5.090285301208496, 0.20592588186264038, -0.5102303624153137, -0.55433189868927, 0.6378258466720581, 0.4602198898792267, 0.616949737071991, -1.3380839824676514, 1.2643557786941528, 0.20642033219337463, 0.48167943954467773, 1.0379791259765625, -1.1773502826690674, -0.19820907711982727, 1.0, 1.0, 1.0, 1.0, 1.0, 1.0, 1.0, 1.0, 1.0, 1.0, 1.0, 1.0]"
17,3.5233504604548216e-05,0.0,262.2343444824219,0.0,0.0,0.0,0.0,0.0,0.0,4.037142207380384e-05,0.0,300.474609375,0.5508064031600952,-0.06519760936498642,-0.013048680499196053,-0.34578704833984375,-0.2667735815048218,0.29003217816352844,0.4347381889820099,0.8919531106948853,-0.464847207069397,0.8710821866989136,-0.8052264451980591,-0.933630108833313,0.9804961085319519,-0.994219183921814,0.9544504880905151,"[0.5508064031600952, -0.06519760936498642, -0.013048680499196053, 0.5229783654212952, 0.3033592700958252, -0.016782017424702644, -0.006237295921891928, 0.031186923384666443, -0.9994940757751465, 0.699999988079071, 0.0, 0.0, -0.34578704833984375, -0.2667735815048218, 0.29003217816352844, 0.4347381889820099, 0.4919531047344208, -0.0648472011089325, 0.4710821807384491, -0.4052264392375946, -0.13363009691238403, 0.18049609661102295, -0.194219172000885, 0.15445047616958618, -0.42518913745880127, -3.015705108642578, 3.6739156246185303, -0.41158682107925415, 0.5606589913368225, -7.0190110206604, 2.521453380584717, 0.3878226578235626, 0.14318935573101044, 5.271557807922363, -6.1736626625061035, 0.3679335117340088, -0.36773446202278137, -0.7197210192680359, 0.6608977317810059, 0.4824973940849304, 0.6436334252357483, -1.1567347049713135, 1.0742732286453247, 0.19146382808685303, 0.4631487727165222, 1.0867581367492676, -1.2106820344924927, -0.12765803933143616, 1.0, 1.0, 1.0, 1.0, 1.0, 1.0, 1.0, 1.0, 1.0, 1.0, 1.0, 1.0]"
18,3.2429947168566287e-05,0.0,241.36814880371094,0.0,0.0,0.0,0.0,0.0,0.0,4.1596649680286646e-05,0.0,309.59368896484375,0.56955486536026,-0.06011117249727249,-0.007448607590049505,-0.3518761694431305,-0.3271656036376953,0.3520933985710144,0.42853328585624695,0.9032716751098633,-0.6017589569091797,0.9059054255485535,-0.7910800576210022,-0.9277698397636414,1.0802825689315796,-1.0998995304107666,0.9563798904418945,"[0.56955486536026, -0.06011117249727249, -0.007448607590049505, 0.30966460704803467, 0.19637008011341095, -0.04369506239891052, -0.0017492057522758842, 0.022845204919576645, -0.9997372627258301, 0.699999988079071, 0.0, 0.0, -0.3518761694431305, -0.3271656036376953, 0.3520933985710144, 0.42853328585624695, 0.5032716989517212, -0.2017589509487152, 0.5059053897857666, -0.3910800516605377, -0.1277698278427124, 0.28028255701065063, -0.29989951848983765, 0.15637987852096558, -0.19975237548351288, -2.972161293029785, 2.5976996421813965, -0.2228594273328781, 0.5188632011413574, -6.62516450881958, 1.1041569709777832, 0.4937950670719147, 0.4134864807128906, 4.315445423126221, -4.372798442840576, 0.4149430990219116, -0.3571877181529999, -0.7304062843322754, 0.502795398235321, 0.5148943662643433, 0.679629921913147, -1.1940264701843262, 1.0175799131393433, 0.2158370316028595, 0.5172544121742249, 1.0585108995437622, -1.0925081968307495, -0.2031784951686859, 1.0, 1.0, 1.0, 1.0, 1.0, 1.0, 1.0, 1.0, 1.0, 1.0, 1.0, 1.0]"
19,3.460756488493644e-05,0.0,257.57562255859375,0.0,0.0,0.0,0.0,0.0,0.0,4.1846004023682326e-05,0.0,311.4495849609375,0.5958011150360107,-0.05204085260629654,0.012539899908006191,-0.3540380299091339,-0.3835862874984741,0.3806995749473572,0.4255068302154541,0.9142081141471863,-0.7243064641952515,0.9072235226631165,-0.7734549045562744,-0.917850911617279,1.142988681793213,-1.1555606126785278,0.956515371799469,"[0.5958011150360107, -0.05204085260629654, 0.012539899908006191, 0.14994049072265625, 0.1392357349395752, -0.040035344660282135, 0.0012785454746335745, 0.018467199057340622, -0.9998286366462708, 0.699999988079071, 0.0, 0.0, -0.3540380299091339, -0.3835862874984741, 0.3806995749473572, 0.4255068302154541, 0.5142080783843994, -0.324306458234787, 0.5072234869003296, -0.37345489859580994, -0.1178508996963501, 0.34298866987228394, -0.3555606007575989, 0.15651535987854004, -0.045700542628765106, -2.6778154373168945, 0.7095360159873962, -0.08776717633008957, 0.4987097382545471, -5.821741580963135, -0.5356492400169373, 0.6999261975288391, 0.599349856376648, 2.5313031673431396, -1.743729591369629, 0.2651718854904175, -0.3665526807308197, -0.740571916103363, 0.34819716215133667, 0.5017138719558716, 0.56597900390625, -1.2895867824554443, 0.9691393375396729, 0.07462558150291443, 0.487479567527771, 1.0166325569152832, -0.9807314276695251, -0.25369954109191895, 1.0, 1.0, 1.0, 1.0, 1.0, 1.0, 1.0, 1.0, 1.0, 1.0, 1.0, 1.0]"
20,3.6449917388381436e-05,0.0,271.2878112792969,0.0,0.0,0.0,0.0,0.0,0.0,3.936628854717128e-05,0.0,292.99365234375,0.6279729008674622,-0.04973147436976433,0.034429535269737244,-0.3555178642272949,-0.4293818175792694,0.37332838773727417,0.4230230152606964,0.9230290651321411,-0.8265690207481384,0.8846396803855896,-0.7526431679725647,-0.9022654294967651,1.1753253936767578,-1.168562889099121,0.9547027349472046,"[0.6279729008674622, -0.04973147436976433, 0.034429535269737244, 0.19629983603954315, 0.0988364964723587, -0.011321079917252064, 0.003416274208575487, 0.014858679845929146, -0.9998834729194641, 0.699999988079071, 0.0, 0.0, -0.3555178642272949, -0.4293818175792694, 0.37332838773727417, 0.4230230152606964, 0.523029088973999, -0.42656901478767395, 0.4846396744251251, -0.3526431620121002, -0.10226541757583618, 0.37532538175582886, -0.36856287717819214, 0.15470272302627563, -0.08320166170597076, -1.974327564239502, -0.9272529482841492, -0.12444537878036499, 0.3796353042125702, -4.620394706726074, -1.4211524724960327, 0.8805039525032043, 0.906306803226471, 1.0526903867721558, -0.024933503940701485, 0.15038420259952545, -0.40217897295951843, -0.7501075267791748, 0.28239986300468445, 0.49173375964164734, 0.5060814619064331, -1.2615264654159546, 0.9251459836959839, -0.025559693574905396, 0.47021782398223877, 0.9490848779678345, -0.8191781640052795, -0.32459983229637146, 1.0, 1.0, 1.0, 1.0, 1.0, 1.0, 1.0, 1.0, 1.0, 1.0, 1.0, 1.0]"
21,3.489943264867179e-05,0.0,259.7479248046875,0.0,0.0,0.0,0.0,0.0,0.0,3.893890243489295e-05,0.0,289.8127136230469,0.6654432415962219,-0.05424435809254646,0.05728842690587044,-0.35872021317481995,-0.4556244909763336,0.34130141139030457,0.4186905026435852,0.9284822344779968,-0.8988599181175232,0.851559579372406,-0.7291658520698547,-0.8796074390411377,1.1821057796478271,-1.1565358638763428,0.9513660073280334,"[0.6654432415962219, -0.05424435809254646, 0.05728842690587044, 0.31408509612083435, 0.09293987601995468, 0.007987932302057743, 0.00508734118193388, 0.009158913977444172, -0.999945342540741, 0.699999988079071, 0.0, 0.0, -0.35872021317481995, -0.4556244909763336, 0.34130141139030457, 0.4186905026435852, 0.52848219871521, -0.4988599121570587, 0.45155957341194153, -0.32916584610939026, -0.07960742712020874, 0.3821057677268982, -0.3565358519554138, 0.1513659954071045, -0.1761501580476761, -0.8482842445373535, -1.9369385242462158, -0.2274426966905594, 0.2092650681734085, -2.9398884773254395, -1.8269109725952148, 1.0414456129074097, 1.2416902780532837, -0.38049232959747314, 1.212010383605957, 0.017486289143562317, -0.43846872448921204, -0.796646773815155, 0.23874537646770477, 0.5285712480545044, 0.5028102397918701, -1.1290247440338135, 0.8195216655731201, -0.019602999091148376, 0.44499361515045166, 0.7434150576591492, -0.5921548008918762, -0.4485454857349396, 1.0, 1.0, 1.0, 1.0, 1.0, 1.0, 1.0, 1.0, 1.0, 1.0, 1.0, 1.0]"
22,3.108896635239944e-05,0.0,231.3875732421875,0.0,0.0,0.0,0.0,0.0,0.0,3.657784327515401e-05,0.0,272.2399597167969,0.7036029696464539,-0.059308718889951706,0.07648984342813492,-0.36301639676094055,-0.4590420722961426,0.29546454548835754,0.41268470883369446,0.9312462210655212,-0.9353991746902466,0.8105495572090149,-0.7023453116416931,-0.8525415062904358,1.1513638496398926,-1.1145403385162354,0.9433861970901489,"[0.7036029696464539, -0.059308718889951706, 0.07648984342813492, 0.35337167978286743, 0.15585997700691223, 0.008096745237708092, 0.007537010125815868, 0.001967865042388439, -0.9999696612358093, 0.699999988079071, 0.0, 0.0, -0.36301639676094055, -0.4590420722961426, 0.29546454548835754, 0.41268470883369446, 0.5312461853027344, -0.5353991985321045, 0.4105495512485504, -0.30234530568122864, -0.052541494369506836, 0.3513638377189636, -0.3145403265953064, 0.14338618516921997, -0.20146504044532776, 0.264628529548645, -2.447411060333252, -0.28140509128570557, 0.11556623131036758, -1.1285176277160645, -2.2662649154663086, 1.2198565006256104, 1.3700248003005981, -2.648430109024048, 2.992535352706909, -0.26768702268600464, -0.5499283075332642, -0.7748550772666931, 0.2281823307275772, 0.6276309490203857, 0.4936957359313965, -0.937322735786438, 0.6063249111175537, -0.05533616244792938, 0.3825104236602783, 0.3940620720386505, -0.22198887169361115, -0.5541207194328308, 1.0, 1.0, 1.0, 1.0, 1.0, 1.0, 1.0, 1.0, 1.0, 1.0, 1.0, 1.0]"
23,2.5874805942294188e-05,0.0,192.57986450195312,0.0,0.0,0.0,0.0,0.0,0.0,3.0319921279442497e-05,0.0,225.66375732421875,0.737139105796814,-0.07007694244384766,0.07317213714122772,-0.3658485412597656,-0.4420424699783325,0.24757790565490723,0.40759748220443726,0.9341517686843872,-0.9387903809547424,0.7592203617095947,-0.6721874475479126,-0.8268086314201355,1.0756807327270508,-1.0337224006652832,0.9284700155258179,"[0.737139105796814, -0.07007694244384766, 0.07317213714122772, 0.19812600314617157, 0.2617088556289673, -0.0019511362770572305, 0.011816740967333317, -0.0037479232996702194, -0.9999232292175293, 0.699999988079071, 0.0, 0.0, -0.3658485412597656, -0.4420424699783325, 0.24757790565490723, 0.40759748220443726, 0.5341517925262451, -0.5387903451919556, 0.35922035574913025, -0.2721874415874481, -0.026808619499206543, 0.2756807208061218, -0.23372238874435425, 0.12847000360488892, -0.05486191809177399, 1.2751502990722656, -2.222229242324829, -0.16075223684310913, 0.2561742663383484, 0.43163907527923584, -2.772855043411255, 1.4479485750198364, 1.0933769941329956, -4.722478866577148, 4.76909875869751, -0.7319192290306091, -0.7309808135032654, -0.6596782207489014, 0.37845340371131897, 0.6951961517333984, 0.4982074499130249, -0.6567443609237671, 0.4129352867603302, -0.2911182940006256, 0.19125041365623474, -0.03873647004365921, 0.24432499706745148, -0.5330224633216858, 1.0, 1.0, 1.0, 1.0, 1.0, 1.0, 1.0, 1.0, 1.0, 1.0, 1.0, 1.0]"
24,8.883383088686969e-06,0.0,66.1168441772461,0.0,0.0,0.0,9.890700312098488e-05,0.0,736.1406860351562,1.2121964573452715e-05,0.0,90.22081756591797,0.7838502526283264,-0.09728452563285828,0.05188138782978058,-0.3619425296783447,-0.3999466300010681,0.2297331988811493,0.4098171889781952,0.9418348670005798,-0.9123441576957703,0.7288946509361267,-0.6387881636619568,-0.8094040155410767,0.9681488275527954,-0.9612396359443665,0.9067872166633606,"[0.7838502526283264, -0.09728452563285828, 0.05188138782978058, -0.4285096824169159, 0.2069082260131836, 0.06765473634004593, 0.017650840803980827, -0.002125371713191271, -0.999841570854187, 0.699999988079071, 0.0, 0.0, -0.3619425296783447, -0.3999466300010681, 0.2297331988811493, 0.4098171889781952, 0.541834831237793, -0.5123441219329834, 0.32889464497566223, -0.2387881577014923, -0.009404003620147705, 0.16814881563186646, -0.1612396240234375, 0.10678720474243164, 0.6197296380996704, 2.91611909866333, 0.6178361177444458, 0.49521780014038086, 0.549399197101593, 1.9529902935028076, 2.8185298442840576, 1.9049572944641113, 1.357571005821228, -5.804157733917236, -2.6473546028137207, -1.250378966331482, -1.0201084613800049, -0.3691326081752777, 0.5275044441223145, 0.5518108606338501, 0.7146344780921936, -0.27202945947647095, 0.28105443716049194, -0.9076014757156372, -0.28719961643218994, -0.4781752824783325, 0.5471557378768921, -0.16626590490341187, 1.0, 1.0, 1.0, 1.0, 1.0, 1.0, 1.0, 1.0, 1.0, 1.0, 1.0, 1.0]"
25,0.0,0.0,0.0,2.1530838694161503e-06,0.0,16.024877548217773,4.628249007510021e-05,0.0,344.4692687988281,0.0,0.0,0.0,0.730901300907135,-0.048999104648828506,-0.026744473725557327,-0.3710567355155945,-0.3419691324234009,0.23918280005455017,0.4164937734603882,0.9500157237052917,-0.8580282330513,0.7559809684753418,-0.6136095523834229,-0.8704172372817993,0.8584429621696472,-0.9652511477470398,0.8942330479621887,"[0.730901300907135, -0.048999104648828506, -0.026744473725557327, -0.3295227885246277, -0.048024751245975494, 0.028399936854839325, 0.019728723913431168, 0.0053022573702037334, -0.9997914433479309, 0.699999988079071, 0.0, 0.0, -0.3710567355155945, -0.3419691324234009, 0.23918280005455017, 0.4164937734603882, 0.5500156879425049, -0.45802822709083557, 0.3559809625148773, -0.21360954642295837, -0.07041722536087036, 0.05844295024871826, -0.16525113582611084, 0.09423303604125977, -1.0766007900238037, 2.7709200382232666, 0.6250783205032349, 0.10762616991996765, 0.3193499743938446, 3.1002542972564697, 1.597711443901062, 0.5831708908081055, -4.71203088760376, -5.365303993225098, -0.2978232204914093, -0.16783644258975983, -0.7400693297386169, -0.5089265704154968, 0.09596739709377289, 0.5834661722183228, 1.089634895324707, -0.3629924952983856, 0.3415357172489166, -1.631706953048706, -1.0728836059570312, -0.4811294674873352, 0.5945298075675964, 0.4401914179325104, 1.0, 1.0, 1.0, 1.0, 1.0, 1.0, 1.0, 1.0, 1.0, 1.0, 1.0, 1.0]"
26,0.0,0.0,0.0,4.437374445842579e-05,0.0,330.262939453125,3.873776222462766e-05,0.0,288.3157043457031,0.0,0.0,0.0,0.6473031044006348,0.004041059873998165,-0.03484301641583443,-0.4034988582134247,-0.34669023752212524,0.2353609800338745,0.40823206305503845,0.9440149664878845,-0.8484217524528503,0.7811709642410278,-0.643343985080719,-0.9665431380271912,0.8798518776893616,-0.9668989777565002,0.9534168243408203,"[0.6473031044006348, 0.004041059873998165, -0.03484301641583443, 0.28544166684150696, -0.029998213052749634, 0.009899620898067951, 0.018917467445135117, 0.0009817196987569332, -0.9998207092285156, 0.699999988079071, 0.0, 0.0, -0.4034988582134247, -0.34669023752212524, 0.2353609800338745, 0.40823206305503845, 0.5440149307250977, -0.44842174649238586, 0.38117095828056335, -0.24334397912025452, -0.1665431261062622, 0.07985186576843262, -0.1668989658355713, 0.15341681241989136, -1.473272442817688, -0.2936484217643738, -0.26281213760375977, -0.380399614572525, -0.45137766003608704, 0.5971720814704895, 1.3623394966125488, -2.468451738357544, -5.344255447387695, 0.8149899840354919, -0.2816721796989441, 3.7506725788116455, -0.7188724875450134, -0.4525132477283478, 0.21267418563365936, 0.6899642944335938, 1.2084126472473145, -0.18094196915626526, 0.4305359721183777, -1.381602168083191, -1.1310445070266724, -0.5314330458641052, 0.709030032157898, 0.6365240216255188, 1.0, 1.0, 1.0, 1.0, 1.0, 1.0, 1.0, 1.0, 1.0, 1.0, 1.0, 1.0]"
27,0.0,0.0,0.0,4.216844536131248e-05,0.0,313.8494567871094,3.4833068639272824e-05,0.0,259.2540283203125,0.0,0.0,0.0,0.625187873840332,-0.0015865323366597295,-0.025422047823667526,-0.4195493161678314,-0.35043492913246155,0.23217329382896423,0.40679091215133667,0.9341614842414856,-0.8347600698471069,0.8041405081748962,-0.7108961343765259,-1.0855015516281128,0.8915473222732544,-0.9689546227455139,1.0141311883926392,"[0.625187873840332, -0.0015865323366597295, -0.025422047823667526, 0.16029983758926392, 0.03347347676753998, 0.006478059105575085, 0.0193552915006876, -0.002785051241517067, -0.9998089671134949, 0.699999988079071, 0.0, 0.0, -0.4195493161678314, -0.35043492913246155, 0.23217329382896423, 0.40679091215133667, 0.5341614484786987, -0.43476006388664246, 0.40414050221443176, -0.3108961284160614, -0.28550153970718384, 0.09154731035232544, -0.16895461082458496, 0.2141311764717102, -0.3788089156150818, -0.15854252874851227, -0.13216793537139893, 0.09991350024938583, -0.5947610139846802, 0.5885738730430603, 1.1611745357513428, -3.8316800594329834, -5.4998273849487305, 0.6729968786239624, -0.13468125462532043, 3.170121908187866, -0.6076125502586365, -0.6125250458717346, 0.36546650528907776, 0.6533005237579346, 1.191985845565796, -0.0870446264743805, 0.5768740177154541, -1.4493714570999146, -1.1218665838241577, -0.2751654088497162, 0.5662821531295776, 0.8824173212051392, 1.0, 1.0, 1.0, 1.0, 1.0, 1.0, 1.0, 1.0, 1.0, 1.0, 1.0, 1.0]"
28,0.0,0.0,0.0,3.732466939254664e-05,0.0,277.7983703613281,3.374163497937843e-05,0.0,251.13072204589844,0.0,0.0,0.0,0.6254307627677917,0.00016658150707371533,-0.03131065145134926,-0.4147263169288635,-0.35337111353874207,0.2301500290632248,0.4100930988788605,0.9185605049133301,-0.8210163116455078,0.8252393007278442,-0.7945671677589417,-1.1604316234588623,0.9043567180633545,-0.9672427773475647,1.084578037261963,"[0.6254307627677917, 0.00016658150707371533, -0.03131065145134926, 0.10838140547275543, -0.05343727394938469, -0.01173401903361082, 0.01898200251162052, -0.00536360451951623, -0.9998055696487427, 0.699999988079071, 0.0, 0.0, -0.4147263169288635, -0.35337111353874207, 0.2301500290632248, 0.4100930988788605, 0.518560528755188, -0.42101630568504333, 0.42523929476737976, -0.3945671617984772, -0.36043161153793335, 0.10435670614242554, -0.16724276542663574, 0.28457802534103394, 0.5638551115989685, -0.1485135853290558, -0.0861259177327156, 0.11817192286252975, -0.9011716246604919, 0.48819366097450256, 1.065855622291565, -4.198366641998291, -2.480154037475586, 0.9648792743682861, 0.139018252491951, 3.073894500732422, -0.6336387395858765, -0.568122386932373, 0.4067287743091583, 0.7022604942321777, 1.186347484588623, 0.0023055672645568848, 0.47803565859794617, -1.3440457582473755, -0.911575436592102, -0.2696007788181305, 0.6033763289451599, 0.8626940846443176, 1.0, 1.0, 1.0, 1.0, 1.0, 1.0, 1.0, 1.0, 1.0, 1.0, 1.0, 1.0]"
29,0.0,0.0,0.0,3.979366738349199e-05,0.0,296.1745300292969,3.506669236230664e-05,0.0,260.9927978515625,0.0,0.0,0.0,0.6422470808029175,0.006357253063470125,-0.023291384801268578,-0.39638251066207886,-0.35445788502693176,0.23028415441513062,0.4096675515174866,0.8996713757514954,-0.8073867559432983,0.8435391783714294,-0.8709698915481567,-1.1748727560043335,0.921364426612854,-0.9577279686927795,1.1194690465927124,"[0.6422470808029175, 0.006357253063470125, -0.023291384801268578, -0.064825139939785, -0.1431097686290741, -0.01198198739439249, 0.016660816967487335, -0.0052521852776408195, -0.9998475313186646, 0.699999988079071, 0.0, 0.0, -0.39638251066207886, -0.35445788502693176, 0.23028415441513062, 0.4096675515174866, 0.4996713697910309, -0.40738674998283386, 0.44353917241096497, -0.47096988558769226, -0.37487274408340454, 0.12136441469192505, -0.15772795677185059, 0.31946903467178345, 1.072450876235962, -0.014493310824036598, 0.05287500470876694, -0.11223400384187698, -0.9703420996665955, 0.4790300130844116, 0.9223472476005554, -3.5313363075256348, 0.17204611003398895, 1.1754555702209473, 0.5391362309455872, 1.0341509580612183, -0.5599647164344788, -0.6160602569580078, 0.4392641484737396, 0.6801779270172119, 1.1048426628112793, 0.04319539666175842, 0.433574914932251, -1.3539234399795532, -0.7906341552734375, -0.22202569246292114, 0.5687294602394104, 0.7378659248352051, 1.0, 1.0, 1.0, 1.0, 1.0, 1.0, 1.0, 1.0, 1.0, 1.0, 1.0, 1.0]"
30,0.0,0.0,0.0,4.053413067595102e-05,0.0,301.68560791015625,3.5422592191025615e-05,0.0,263.6416931152344,0.0,0.0,0.0,0.6649154424667358,0.01369434129446745,-0.003617345355451107,-0.3708895146846771,-0.3524567782878876,0.23329155147075653,0.40404409170150757,0.8808796405792236,-0.7924818992614746,0.8579722046852112,-0.9294339418411255,-1.159764289855957,0.9396849870681763,-0.939668595790863,1.120257019996643,"[0.6649154424667358, 0.01369434129446745, -0.003617345355451107, -0.23787976801395416, -0.18097460269927979, -0.006186334881931543, 0.013174609281122684, -0.0015097686555236578, -0.9999118447303772, 0.699999988079071, 0.0, 0.0, -0.3708895146846771, -0.3524567782878876, 0.23329155147075653, 0.40404409170150757, 0.48087963461875916, -0.39248189330101013, 0.4579721987247467, -0.5294339656829834, -0.3597642779350281, 0.13968497514724731, -0.13966858386993408, 0.3202570080757141, 1.3948993682861328, 0.13210469484329224, 0.18614411354064941, -0.41768866777420044, -0.9734520316123962, 0.5534442663192749, 0.7229453325271606, -2.4970951080322266, 1.1414254903793335, 1.1996867656707764, 0.949016809463501, -0.8340007662773132, -0.47844240069389343, -0.69032883644104, 0.40471911430358887, 0.7163429260253906, 1.0455665588378906, 0.06974932551383972, 0.3999541401863098, -1.3013319969177246, -0.6579177379608154, -0.17867031693458557, 0.5567865967750549, 0.5413128137588501, 1.0, 1.0, 1.0, 1.0, 1.0, 1.0, 1.0, 1.0, 1.0, 1.0, 1.0, 1.0]"
31,0.0,0.0,0.0,3.892783570336178e-05,0.0,289.7303466796875,3.4676417271839455e-05,0.0,258.08807373046875,0.0,0.0,0.0,0.6889940500259399,0.021930545568466187,0.014735070988535881,-0.33960098028182983,-0.34843048453330994,0.23788313567638397,0.3932214081287384,0.8608582615852356,-0.7749590277671814,0.8687586784362793,-0.9668509364128113,-1.129820704460144,0.9562759399414062,-0.9144936203956604,1.0864946842193604,"[0.6889940500259399, 0.021930545568466187, 0.014735070988535881, -0.2991001605987549, -0.19758029282093048, 7.915501191746444e-05, 0.0092382887378335, 0.004482954274863005, -0.9999474883079529, 0.699999988079071, 0.0, 0.0, -0.33960098028182983, -0.34843048453330994, 0.23788313567638397, 0.3932214081287384, 0.4608582556247711, -0.3749590218067169, 0.4687586724758148, -0.5668509006500244, -0.3298206925392151, 0.1562759280204773, -0.11449360847473145, 0.2864946722984314, 1.6299755573272705, 0.17765620350837708, 0.2154771238565445, -0.6141538619995117, -1.0545517206192017, 0.6913148760795593, 0.5384252667427063, -1.5002171993255615, 1.8164939880371094, 1.099102258682251, 1.2944209575653076, -2.2638261318206787, -0.4168439209461212, -0.7284785509109497, 0.354431688785553, 0.7303930521011353, 0.9902920722961426, 0.06710192561149597, 0.42891764640808105, -1.2399593591690063, -0.4943068027496338, -0.1773703694343567, 0.4882267713546753, 0.34698906540870667, 1.0, 1.0, 1.0, 1.0, 1.0, 1.0, 1.0, 1.0, 1.0, 1.0, 1.0, 1.0]"
32,0.0,0.0,0.0,3.695482882903889e-05,0.0,275.0457458496094,3.168624243699014e-05,0.0,235.83294677734375,0.0,0.0,0.0,0.7160684466362,0.03300558775663376,0.023172836750745773,-0.30679982900619507,-0.3450268507003784,0.24138003587722778,0.37998759746551514,0.8393502235412598,-0.7540271878242493,0.8774412870407104,-0.9863225817680359,-1.085334062576294,0.9694617390632629,-0.884874701499939,1.028957724571228,"[0.7160684466362, 0.03300558775663376, 0.023172836750745773, -0.21013018488883972, -0.1956213116645813, 0.012311688624322414, 0.005139915272593498, 0.009895277209579945, -0.9999377131462097, 0.699999988079071, 0.0, 0.0, -0.30679982900619507, -0.3450268507003784, 0.24138003587722778, 0.37998759746551514, 0.4393502175807953, -0.3540271818637848, 0.47744128108024597, -0.586322546005249, -0.285334050655365, 0.16946172714233398, -0.08487468957901001, 0.22895771265029907, 1.59413743019104, 0.08698758482933044, 0.10757695883512497, -0.7401655912399292, -1.1283607482910156, 0.8872543573379517, 0.47565633058547974, -0.6409589648246765, 2.651905059814453, 0.8811528086662292, 1.4373670816421509, -3.330789804458618, -0.39905497431755066, -0.6900169849395752, 0.3622875511646271, 0.678887128829956, 0.9188636541366577, 0.020429164171218872, 0.4559929370880127, -1.1176165342330933, -0.2805832624435425, -0.19931399822235107, 0.37675511837005615, 0.1580931842327118, 1.0, 1.0, 1.0, 1.0, 1.0, 1.0, 1.0, 1.0, 1.0, 1.0, 1.0, 1.0]"
33,0.0,0.0,0.0,3.364442818565294e-05,0.0,250.40724182128906,2.5029041353263892e-05,0.0,186.2850341796875,0.0,0.0,0.0,0.7469266057014465,0.04460560530424118,0.008433088660240173,-0.2781642973423004,-0.3448988199234009,0.2412729561328888,0.3621619939804077,0.8162405490875244,-0.7295844554901123,0.886989414691925,-0.988665759563446,-1.0222079753875732,0.9774435758590698,-0.8564653992652893,0.9584164619445801,"[0.7469266057014465, 0.04460560530424118, 0.008433088660240173, -0.020967060700058937, -0.1284986287355423, 0.0317540317773819, 0.0018959211884066463, 0.011887770146131516, -0.9999274015426636, 0.699999988079071, 0.0, 0.0, -0.2781642973423004, -0.3448988199234009, 0.2412729561328888, 0.3621619939804077, 0.41624054312705994, -0.3295844495296478, 0.48698940873146057, -0.5886657238006592, -0.2222079634666443, 0.17744356393814087, -0.05646538734436035, 0.15841645002365112, 1.3118430376052856, -0.08576661348342896, -0.056009724736213684, -1.030670166015625, -1.2167598009109497, 1.0836001634597778, 0.6186119914054871, 0.25327929854393005, 3.6127421855926514, 0.554938554763794, 1.1940144300460815, -3.7368173599243164, -0.43046870827674866, -0.6138095855712891, 0.3988812267780304, 0.6065065860748291, 0.805081844329834, -0.09658145904541016, 0.5052273273468018, -0.9266242980957031, -0.014736369252204895, -0.20656749606132507, 0.20679743587970734, -0.014315702021121979, 1.0, 1.0, 1.0, 1.0, 1.0, 1.0, 1.0, 1.0, 1.0, 1.0, 1.0, 1.0]"
34,7.375670247711241e-05,0.0,548.9530639648438,2.7171457986696623e-05,0.0,202.23052978515625,1.3486512216331903e-05,0.0,100.3768081665039,0.0,0.0,0.0,0.7911470532417297,0.06453514099121094,-0.014299815520644188,-0.2628679573535919,-0.3486112952232361,0.23713423311710358,0.3363041579723358,0.8008173704147339,-0.702864944934845,0.9003345370292664,-0.970705509185791,-0.957099199295044,0.9802871346473694,-0.8348620533943176,0.8839400410652161,"[0.7911470532417297, 0.06453514099121094, -0.014299815520644188, 0.3762526214122772, -0.10084974020719528, 0.02575714699923992, 0.0005850052111782134, 0.009776612743735313, -0.999951958656311, 0.699999988079071, 0.0, 0.0, -0.2628679573535919, -0.3486112952232361, 0.23713423311710358, 0.3363041579723358, 0.4008173644542694, -0.3028649389743805, 0.5003345012664795, -0.5707055330276489, -0.157099187374115, 0.18028712272644043, -0.03486204147338867, 0.08394002914428711, -0.8524922132492065, -0.48288267850875854, -0.471269428730011, -1.751770257949829, 1.7348620891571045, 1.3771235942840576, 0.853286623954773, 1.3634387254714966, -0.6125102639198303, 0.17467600107192993, 0.922136664390564, -3.78527569770813, -0.5183212757110596, -0.5293804407119751, 0.49899616837501526, 0.5533984899520874, 0.5821065902709961, -0.2876410186290741, 0.6269359588623047, -0.7151824235916138, 0.3402383327484131, -0.15694952011108398, -0.06921570003032684, -0.2235419750213623, 1.0, 1.0, 1.0, 1.0, 1.0, 1.0, 1.0, 1.0, 1.0, 1.0, 1.0, 1.0]"
35,3.6459325201576576e-05,0.0,271.35784912109375,1.171027724922169e-05,0.0,87.15673065185547,0.0,0.0,0.0,6.0216883866814896e-05,0.0,448.1795349121094,0.7686100006103516,0.018698515370488167,-0.02756514772772789,-0.27327412366867065,-0.3587646484375,0.23368030786514282,0.30818676948547363,0.8231653571128845,-0.6732663512229919,0.9128419160842896,-0.9387745261192322,-0.9467803835868835,0.9801402688026428,-0.8523972630500793,0.8314081430435181,"[0.7686100006103516, 0.018698515370488167, -0.02756514772772789, 0.31869563460350037, -0.07286782562732697, -0.0020909940358251333, -0.001184485969133675, 0.000912326097022742, -0.9999988675117493, 0.699999988079071, 0.0, 0.0, -0.27327412366867065, -0.3587646484375, 0.23368030786514282, 0.30818676948547363, 0.42316535115242004, -0.27326634526252747, 0.5128419399261475, -0.5387744903564453, -0.1467803716659546, 0.18014025688171387, -0.05239725112915039, 0.03140813112258911, -0.3477386236190796, -0.35922932624816895, 0.48462221026420593, -0.1127418577671051, 1.1144952774047852, 1.4604628086090088, 0.4561726450920105, 0.07998344302177429, 0.47417551279067993, -0.05328744277358055, -2.9856300354003906, 2.108613967895508, -0.6125567555427551, -0.39646250009536743, 0.7902660369873047, 0.5211158990859985, 0.3640483617782593, -0.6754213571548462, 1.0370488166809082, -0.3776649236679077, 0.6450892686843872, 0.12019670754671097, -0.605748176574707, -0.46855828166007996, 1.0, 1.0, 1.0, 1.0, 1.0, 1.0, 1.0, 1.0, 1.0, 1.0, 1.0, 1.0]"
36,3.669303623610176e-05,0.0,273.0972900390625,0.0,0.0,0.0,0.0,0.0,0.0,4.274457387509756e-05,0.0,318.1374206542969,0.7416072487831116,-0.015478847548365593,0.008741057477891445,-0.27067598700523376,-0.3559606969356537,0.2701806426048279,0.31055572628974915,0.8433955311775208,-0.6491643190383911,0.9170722365379333,-0.9292850494384766,-0.9356508255004883,0.9818068742752075,-0.9251803755760193,0.8571988940238953,"[0.7416072487831116, -0.015478847548365593, 0.008741057477891445, -0.2908934950828552, -0.05139722302556038, -0.014841183088719845, -0.0024335377383977175, 0.003249942325055599, -0.9999915957450867, 0.699999988079071, 0.0, 0.0, -0.27067598700523376, -0.3559606969356537, 0.2701806426048279, 0.31055572628974915, 0.4433955252170563, -0.24916431307792664, 0.5170722007751465, -0.5292850732803345, -0.13565081357955933, 0.18180686235427856, -0.12518036365509033, 0.05719888210296631, 0.3076431453227997, 0.37506765127182007, 2.428597927093506, 0.3338702917098999, 1.08578360080719, 0.8312631249427795, 0.16505904495716095, 0.7529032826423645, 0.44161176681518555, 0.335921049118042, -4.080711841583252, 0.9516534805297852, -0.8013178110122681, -0.6052201390266418, 0.6300842761993408, 0.41294780373573303, 0.607096791267395, -1.211918830871582, 1.1078431606292725, -0.3754675090312958, 0.5154122114181519, 0.6625247001647949, -1.078223705291748, -0.4222887456417084, 1.0, 1.0, 1.0, 1.0, 1.0, 1.0, 1.0, 1.0, 1.0, 1.0, 1.0, 1.0]"
37,3.2219897548202425e-05,0.0,239.8048095703125,0.0,0.0,0.0,0.0,0.0,0.0,4.064674794790335e-05,0.0,302.5238342285156,0.7002553343772888,0.007143354509025812,0.005684415344148874,-0.26963210105895996,-0.3608749508857727,0.31431177258491516,0.3114626109600067,0.8602170944213867,-0.6593736410140991,0.9216033816337585,-0.9173240065574646,-0.9229046106338501,1.0406208038330078,-1.0312596559524536,0.8766459822654724,"[0.7002553343772888, 0.007143354509025812, 0.005684415344148874, 0.1720019429922104, -0.0030437540262937546, 0.01639634184539318, -0.00280846212990582, 0.0041597806848585606, -0.9999873042106628, 0.699999988079071, 0.0, 0.0, -0.26963210105895996, -0.3608749508857727, 0.31431177258491516, 0.3114626109600067, 0.46021708846092224, -0.25937363505363464, 0.5216033458709717, -0.5173239707946777, -0.12290459871292114, 0.24062079191207886, -0.23125964403152466, 0.07664597034454346, -0.17901510000228882, -0.6925172805786133, 1.8244549036026, -0.1352386772632599, 0.7391158938407898, -1.2774068117141724, 0.1911722719669342, 0.5320908427238464, 0.7269078493118286, 4.123499393463135, -5.684980392456055, 1.068432331085205, -0.7010757327079773, -0.5640238523483276, 0.5957696437835693, 0.42393285036087036, 0.6488624811172485, -1.3171045780181885, 1.0998319387435913, -0.21691443026065826, 0.5100736618041992, 0.9003849029541016, -1.208195686340332, -0.3109096586704254, 1.0, 1.0, 1.0, 1.0, 1.0, 1.0, 1.0, 1.0, 1.0, 1.0, 1.0, 1.0]"
38,3.0093038731138222e-05,0.0,223.97512817382812,0.0,0.0,0.0,0.0,0.0,0.0,3.7811638321727514e-05,0.0,281.42279052734375,0.678411602973938,0.01762840896844864,-0.004896263126283884,-0.27603328227996826,-0.3775319457054138,0.3394802510738373,0.3058575987815857,0.8732596039772034,-0.7016700506210327,0.9189996123313904,-0.9076794385910034,-0.907760500907898,1.1135292053222656,-1.1371608972549438,0.8971922397613525,"[0.678411602973938, 0.01762840896844864, -0.004896263126283884, 0.257262647151947, 0.03356863930821419, 0.048261649906635284, -0.0023774730507284403, -0.0016535933827981353, -0.9999960064888, 0.699999988079071, 0.0, 0.0, -0.27603328227996826, -0.3775319457054138, 0.3394802510738373, 0.3058575987815857, 0.4732595980167389, -0.30167004466056824, 0.5189995765686035, -0.5076794624328613, -0.107760488986969, 0.31352919340133667, -0.3371608853340149, 0.09719222784042358, -0.3051761984825134, -0.7600343823432922, 1.0551245212554932, -0.23586076498031616, 0.6601717472076416, -2.5344138145446777, -0.3552130162715912, 0.47030526399612427, 0.7017466425895691, 3.201648473739624, -4.92097282409668, 1.0269355773925781, -0.5870527029037476, -0.682479202747345, 0.6387268900871277, 0.45636025071144104, 0.5935752391815186, -1.2978041172027588, 1.0954984426498413, -0.22619730234146118, 0.472833514213562, 0.9186394810676575, -1.2029929161071777, -0.29354074597358704, 1.0, 1.0, 1.0, 1.0, 1.0, 1.0, 1.0, 1.0, 1.0, 1.0, 1.0, 1.0]"
39,3.2909007131820545e-05,0.0,244.93370056152344,0.0,0.0,0.0,0.0,0.0,0.0,3.75159434042871e-05,0.0,279.22198486328125,0.6709996461868286,0.016098903492093086,-0.005926004610955715,-0.2792564332485199,-0.38914138078689575,0.3571932017803192,0.303732305765152,0.8869844675064087,-0.7613434195518494,0.9043307304382324,-0.8958349227905273,-0.8947446346282959,1.165346384048462,-1.210086464881897,0.9138848781585693,"[0.6709996461868286, 0.016098903492093086, -0.005926004610955715, 0.03362949565052986, 0.026887236163020134, 0.04360390082001686, -0.0017471970058977604, -0.003868918167427182, -0.9999908208847046, 0.699999988079071, 0.0, 0.0, -0.2792564332485199, -0.38914138078689575, 0.3571932017803192, 0.303732305765152, 0.4869844615459442, -0.3613434135913849, 0.5043307542800903, -0.49583491683006287, -0.09474462270736694, 0.36534637212753296, -0.410086452960968, 0.11388486623764038, -0.10293388366699219, -0.5029622316360474, 0.7400770783424377, -0.02747904509305954, 0.6898499131202698, -3.1560986042022705, -0.9734220504760742, 0.5953556299209595, 0.6231828331947327, 2.112034559249878, -2.559990406036377, 0.8304299712181091, -0.5290372967720032, -0.6833397746086121, 0.5758174657821655, 0.4790410101413727, 0.5342848300933838, -1.301707148551941, 1.0685592889785767, -0.25155383348464966, 0.4907689690589905, 0.9226492643356323, -1.1023058891296387, -0.3255138099193573, 1.0, 1.0, 1.0, 1.0, 1.0, 1.0, 1.0, 1.0, 1.0, 1.0, 1.0, 1.0]"
40,3.5280725569464266e-05,0.0,262.5858154296875,0.0,0.0,0.0,0.0,0.0,0.0,3.76583993784152e-05,0.0,280.2822265625,0.6741433143615723,0.018413115292787552,0.004903079010546207,-0.28050681948661804,-0.3982548713684082,0.36527931690216064,0.3031168282032013,0.8995707631111145,-0.824747622013092,0.8805904388427734,-0.8815320730209351,-0.8795585036277771,1.1915055513381958,-1.2345243692398071,0.92746502161026,"[0.6741433143615723, 0.018413115292787552, 0.004903079010546207, 0.016248973086476326, 0.00843143928796053, 0.0237874835729599, -0.001450392883270979, -0.004238738212734461, -0.9999904632568359, 0.699999988079071, 0.0, 0.0, -0.28050681948661804, -0.3982548713684082, 0.36527931690216064, 0.3031168282032013, 0.49957075715065, -0.42474761605262756, 0.48059043288230896, -0.4815320670604706, -0.07955849170684814, 0.39150553941726685, -0.4345243573188782, 0.12746500968933105, -0.08215411007404327, -0.42250099778175354, 0.18458177149295807, -0.025034241378307343, 0.5877107977867126, -3.120098114013672, -1.2868765592575073, 0.6977430582046509, 0.7953615188598633, 0.9655558466911316, -0.47779449820518494, 0.709226667881012, -0.4950798451900482, -0.6979976296424866, 0.516163170337677, 0.53562331199646, 0.45753681659698486, -1.2880232334136963, 1.0413076877593994, -0.28726476430892944, 0.5118765830993652, 0.9097855091094971, -0.9608855843544006, -0.3374689221382141, 1.0, 1.0, 1.0, 1.0, 1.0, 1.0, 1.0, 1.0, 1.0, 1.0, 1.0, 1.0]"
41,3.587568426155485e-05,0.0,267.013916015625,0.0,0.0,0.0,0.0,0.0,0.0,3.7149984564166516e-05,0.0,276.4982604980469,0.6861794590950012,0.01880866102874279,0.019701849669218063,-0.2817886173725128,-0.4037693440914154,0.36216670274734497,0.30189740657806396,0.9096758365631104,-0.8815540075302124,0.8540745973587036,-0.8650608062744141,-0.8598138093948364,1.2032088041305542,-1.2289557456970215,0.9388094544410706,"[0.6861794590950012, 0.01880866102874279, 0.019701849669218063, 0.0417977012693882, -0.004106741864234209, 0.009076117537915707, -0.0014852677704766393, -0.004945669788867235, -0.9999867677688599, 0.699999988079071, 0.0, 0.0, -0.2817886173725128, -0.4037693440914154, 0.36216670274734497, 0.30189740657806396, 0.5096758604049683, -0.4815540015697479, 0.45407459139823914, -0.4650608003139496, -0.05981379747390747, 0.40320879220962524, -0.42895573377609253, 0.1388094425201416, -0.09930214285850525, -0.15062682330608368, -0.36437568068504333, -0.0614280104637146, 0.4487045407295227, -2.6035168170928955, -1.3549882173538208, 0.8064255714416504, 1.0326684713363647, 0.2505212426185608, 0.7783706784248352, 0.5874962210655212, -0.49586817622184753, -0.7185747623443604, 0.4586133062839508, 0.6126434803009033, 0.415155291557312, -1.2441949844360352, 0.9912070035934448, -0.30034950375556946, 0.5334753394126892, 0.8531724214553833, -0.812263548374176, -0.3596138060092926, 1.0, 1.0, 1.0, 1.0, 1.0, 1.0, 1.0, 1.0, 1.0, 1.0, 1.0, 1.0]"
42,3.536331496434286e-05,0.0,263.20050048828125,0.0,0.0,0.0,0.0,0.0,0.0,3.64066545444075e-05,0.0,270.9658203125,0.7041313052177429,0.018547145649790764,0.03763602674007416,-0.28330546617507935,-0.40252089500427246,0.34881770610809326,0.2998718321323395,0.9169982075691223,-0.923401951789856,0.8270539045333862,-0.8459669947624207,-0.8353055715560913,1.1975566148757935,-1.2024959325790405,0.9470916986465454,"[0.7041313052177429, 0.018547145649790764, 0.03763602674007416, 0.06867789477109909, 0.006236313842236996, -0.0026567724999040365, -0.001515073119662702, -0.0062034279108047485, -0.9999797344207764, 0.699999988079071, 0.0, 0.0, -0.28330546617507935, -0.40252089500427246, 0.34881770610809326, 0.2998718321323395, 0.5169981718063354, -0.5234019756317139, 0.42705389857292175, -0.4459669888019562, -0.035305559635162354, 0.3975566029548645, -0.4024959206581116, 0.14709168672561646, -0.11557011306285858, 0.1966627538204193, -0.8510951399803162, -0.10141559690237045, 0.30284857749938965, -1.742247223854065, -1.3842074871063232, 0.9402470588684082, 1.2645072937011719, -0.7939990758895874, 1.7974510192871094, 0.40872088074684143, -0.5347034931182861, -0.7436693906784058, 0.41723519563674927, 0.7103121280670166, 0.3783451318740845, -1.1784732341766357, 0.8999553918838501, -0.298435777425766, 0.5468525886535645, 0.7075469493865967, -0.6306524276733398, -0.39276477694511414, 1.0, 1.0, 1.0, 1.0, 1.0, 1.0, 1.0, 1.0, 1.0, 1.0, 1.0, 1.0]"
43,3.444460526225157e-05,0.0,256.3627624511719,0.0,0.0,0.0,0.0,0.0,0.0,3.58814031642396e-05,0.0,267.0564880371094,0.7244501709938049,0.01823609322309494,0.058965183794498444,-0.28470611572265625,-0.39543864130973816,0.3273249864578247,0.2973424196243286,0.9216492176055908,-0.9462419152259827,0.7980272173881531,-0.8235868811607361,-0.8069844245910645,1.1644965410232544,-1.153280258178711,0.9504611492156982,"[0.7244501709938049, 0.01823609322309494, 0.058965183794498444, 0.05380227789282799, 0.05094122514128685, -0.012655342929065228, -0.0009350288892164826, -0.007563530933111906, -0.9999708533287048, 0.699999988079071, 0.0, 0.0, -0.28470611572265625, -0.39543864130973816, 0.3273249864578247, 0.2973424196243286, 0.5216492414474487, -0.5462418794631958, 0.3980272114276886, -0.4235868752002716, -0.006984412670135498, 0.36449652910232544, -0.353280246257782, 0.1504611372947693, -0.08699342608451843, 0.4718364179134369, -1.2027629613876343, -0.10961005091667175, 0.1775464415550232, -0.731758177280426, -1.5544424057006836, 1.1191521883010864, 1.4308781623840332, -2.497098445892334, 3.0830254554748535, 0.11466699093580246, -0.6161449551582336, -0.7473658919334412, 0.38392311334609985, 0.8178459405899048, 0.34673362970352173, -1.0574696063995361, 0.7531102895736694, -0.2876683473587036, 0.5568232536315918, 0.4495491087436676, -0.362959086894989, -0.4619894325733185, 1.0, 1.0, 1.0, 1.0, 1.0, 1.0, 1.0, 1.0, 1.0, 1.0, 1.0, 1.0]"
44,3.252886381233111e-05,0.0,242.10438537597656,0.0,0.0,0.0,0.0,0.0,0.0,3.364469012012705e-05,0.0,250.40919494628906,0.7461982369422913,0.015605648048222065,0.07733021676540375,-0.28488689661026,-0.38343605399131775,0.30161747336387634,0.29540523886680603,0.9243359565734863,-0.9481084942817688,0.7633786797523499,-0.7971635460853577,-0.776823878288269,1.0972516536712646,-1.077367901802063,0.9466020464897156,"[0.7461982369422913, 0.015605648048222065, 0.07733021676540375, -0.027342690154910088, 0.12408682703971863, -0.019269974902272224, 0.0009299989324063063, -0.00778594147413969, -0.9999691843986511, 0.699999988079071, 0.0, 0.0, -0.28488689661026, -0.38343605399131775, 0.30161747336387634, 0.29540523886680603, 0.5243359804153442, -0.5481084585189819, 0.3633786737918854, -0.3971635401248932, 0.023176133632659912, 0.2972516417503357, -0.27736788988113403, 0.14660203456878662, 0.01758567988872528, 0.7242138385772705, -1.2918119430541992, -0.05720443278551102, 0.11883507668972015, 0.33396509289741516, -1.8731064796447754, 1.3294034004211426, 1.4853395223617554, -4.036300182342529, 4.320671558380127, -0.27059802412986755, -0.7538424730300903, -0.6773861646652222, 0.43355563282966614, 0.851050615310669, 0.33830180764198303, -0.901429295539856, 0.6016985177993774, -0.3440181314945221, 0.5044910311698914, 0.1573610007762909, -0.03807000815868378, -0.4954333007335663, 1.0, 1.0, 1.0, 1.0, 1.0, 1.0, 1.0, 1.0, 1.0, 1.0, 1.0, 1.0]"
45,2.690839573915582e-05,0.0,200.27261352539062,0.0,0.0,0.0,0.0,0.0,0.0,2.7603426133282483e-05,0.0,205.445556640625,0.7691287398338318,0.006628891918808222,0.06980634480714798,-0.2830267548561096,-0.3641776740550995,0.27931681275367737,0.29524436593055725,0.9271097183227539,-0.9278588891029358,0.7228132486343384,-0.7674992680549622,-0.7483025193214417,1.0061582326889038,-0.982977569103241,0.9358444809913635,"[0.7691287398338318, 0.006628891918808222, 0.06980634480714798, -0.13846731185913086, 0.2177242785692215, -0.026265928521752357, 0.004506972152739763, -0.005897932220250368, -0.9999722838401794, 0.699999988079071, 0.0, 0.0, -0.2830267548561096, -0.3641776740550995, 0.27931681275367737, 0.29524436593055725, 0.5271097421646118, -0.5278588533401489, 0.3228132426738739, -0.3674992620944977, 0.051697492599487305, 0.20615822076797485, -0.182977557182312, 0.13584446907043457, 0.17910774052143097, 1.1620995998382568, -0.9506127238273621, 0.03880854323506355, 0.2117346227169037, 1.4482918977737427, -2.1069064140319824, 1.4854215383529663, 1.3372896909713745, -4.898716449737549, 4.89937162399292, -0.6065554618835449, -0.8865330815315247, -0.5449883341789246, 0.5228037238121033, 0.7975096702575684, 0.38895970582962036, -0.7040088176727295, 0.4943753182888031, -0.5284281373023987, 0.32163864374160767, -0.09850869327783585, 0.2206791788339615, -0.42690062522888184, 1.0, 1.0, 1.0, 1.0, 1.0, 1.0, 1.0, 1.0, 1.0, 1.0, 1.0, 1.0]"
46,1.5605097360094078e-05,0.0,116.1449203491211,0.0,0.0,0.0,1.678804801485967e-05,0.0,124.94932556152344,1.583330777066294e-05,0.0,117.84343719482422,0.790246844291687,-0.006407762877643108,0.057664889842271805,-0.2750758230686188,-0.3287821412086487,0.28119245171546936,0.30192920565605164,0.932704508304596,-0.8855602145195007,0.7274121642112732,-0.7346513271331787,-0.7227679491043091,0.9092473983764648,-0.9538009762763977,0.9212754368782043,"[0.790246844291687, -0.006407762877643108, 0.057664889842271805, -0.6172233819961548, 0.11497818678617477, 0.025188980624079704, 0.008067335933446884, 0.0024091105442494154, -0.9999648332595825, 0.699999988079071, 0.0, 0.0, -0.2750758230686188, -0.3287821412086487, 0.28119245171546936, 0.30192920565605164, 0.5327044725418091, -0.48556020855903625, 0.3274121582508087, -0.33465132117271423, 0.07723206281661987, 0.10924738645553589, -0.15380096435546875, 0.12127542495727539, 0.7080094814300537, 2.170147657394409, 0.7873386144638062, 0.5442550182342529, 0.3923340439796448, 2.5222902297973633, 1.307711124420166, 1.7664134502410889, 1.3696444034576416, -4.891142845153809, -2.205895185470581, -0.8000561594963074, -1.0156248807907104, -0.41285786032676697, 0.5877104997634888, 0.7218173742294312, 0.47303086519241333, -0.5119123458862305, 0.37024983763694763, -0.7481386661529541, 0.023243799805641174, -0.31124258041381836, 0.3856806755065918, -0.3279314935207367, 1.0, 1.0, 1.0, 1.0, 1.0, 1.0, 1.0, 1.0, 1.0, 1.0, 1.0, 1.0]"
47,0.0,0.0,0.0,5.361317744245753e-05,0.0,399.02978515625,3.274121991125867e-05,0.0,243.6848907470703,1.5815311371625285e-06,0.0,11.770950317382812,0.7379704117774963,0.041793014854192734,0.07609918713569641,-0.2812328338623047,-0.30696970224380493,0.29004231095314026,0.312383770942688,0.9381118416786194,-0.8482600450515747,0.7425329685211182,-0.7025966644287109,-0.7647508978843689,0.8794084787368774,-0.939091145992279,0.9055673480033875,"[0.7379704117774963, 0.041793014854192734, 0.07609918713569641, -0.3292587399482727, 0.14542019367218018, 0.13440145552158356, 0.00997311994433403, 0.01408426370471716, -0.9998511075973511, 0.699999988079071, 0.0, 0.0, -0.2812328338623047, -0.30696970224380493, 0.29004231095314026, 0.312383770942688, 0.5381118059158325, -0.44826003909111023, 0.3425329625606537, -0.30259665846824646, 0.03524911403656006, 0.07940846681594849, -0.1390911340713501, 0.1055673360824585, -1.365343451499939, 0.30243468284606934, 0.1549127697944641, 0.3342806398868561, 0.012663964182138443, 0.5657076239585876, 0.9347150325775146, 1.3717315196990967, -4.786930561065674, 0.6484371423721313, 0.3812730312347412, -0.7653152346611023, -0.85785973072052, -0.5318830013275146, 0.38442927598953247, 0.7387732267379761, 0.8887525200843811, -0.26740941405296326, 0.40544870495796204, -1.344802737236023, -0.7425349354743958, -0.5209372639656067, 0.5425235033035278, 0.216075599193573, 1.0, 1.0, 1.0, 1.0, 1.0, 1.0, 1.0, 1.0, 1.0, 1.0, 1.0, 1.0]"
48,0.0,0.0,0.0,3.7401230656541884e-05,0.0,278.36822509765625,3.3677810279186815e-05,0.0,250.65570068359375,0.0,0.0,0.0,0.6889691352844238,0.04172145575284958,0.07713434845209122,-0.31979960203170776,-0.30591875314712524,0.2865045964717865,0.3262682259082794,0.9228804111480713,-0.825249195098877,0.7599753737449646,-0.7053897380828857,-0.848349928855896,0.8759244680404663,-0.9318919777870178,0.9254347085952759,"[0.6889691352844238, 0.04172145575284958, 0.07713434845209122, 0.11651989072561264, 0.15567922592163086, 0.15603089332580566, 0.013072545640170574, 0.014050395227968693, -0.9998158812522888, 0.699999988079071, 0.0, 0.0, -0.31979960203170776, -0.30591875314712524, 0.2865045964717865, 0.3262682259082794, 0.5228804349899292, -0.4252491891384125, 0.3599753677845001, -0.30538973212242126, -0.04834991693496704, 0.07592445611953735, -0.13189196586608887, 0.12543469667434692, -1.9345749616622925, -0.04883947595953941, -0.2623487710952759, 1.1819922924041748, -0.9904590845108032, 1.1099638938903809, 0.9663575291633606, -1.345220923423767, -4.520634174346924, -0.20490509271621704, 0.16952331364154816, 3.599691867828369, -0.46120452880859375, -0.7685897946357727, 0.37005940079689026, 0.8309109210968018, 1.2151716947555542, -0.15653029084205627, 0.5684131383895874, -1.6671134233474731, -1.1366170644760132, -0.3542374074459076, 0.5605259537696838, 0.7854708433151245, 1.0, 1.0, 1.0, 1.0, 1.0, 1.0, 1.0, 1.0, 1.0, 1.0, 1.0, 1.0]"
49,0.0,0.0,0.0,3.150578777422197e-05,0.0,234.4898681640625,3.2942505640676245e-05,0.0,245.18301391601562,0.0,0.0,0.0,0.6669219136238098,0.025916749611496925,0.03632489964365959,-0.3437556028366089,-0.30551186203956604,0.28369322419166565,0.3650720715522766,0.9077783823013306,-0.8042385578155518,0.778045117855072,-0.7599818706512451,-0.9771028757095337,0.8733704090118408,-0.928213357925415,1.017162561416626,"[0.6669219136238098, 0.025916749611496925, 0.03632489964365959, 0.004839814733713865, 0.1581004559993744, 0.08883845061063766, 0.016394462436437607, 0.01338045671582222, -0.9997761845588684, 0.699999988079071, 0.0, 0.0, -0.3437556028366089, -0.30551186203956604, 0.28369322419166565, 0.3650720715522766, 0.5077784061431885, -0.4042385518550873, 0.37804511189460754, -0.35998186469078064, -0.17710286378860474, 0.07337039709091187, -0.12821334600448608, 0.21716254949569702, -0.7262279987335205, 0.02654898725450039, -0.07458877563476562, 2.1975903511047363, -0.642734169960022, 0.8682880997657776, 0.9473573565483093, -3.280059337615967, -6.826384544372559, 0.09227589517831802, 0.09826663136482239, 4.046034812927246, -0.549775242805481, -0.665891706943512, 0.41555461287498474, 0.75309157371521, 1.2754454612731934, -0.17284169793128967, 0.5180882811546326, -1.5108846426010132, -1.2234705686569214, -0.3691084682941437, 0.5923362374305725, 0.8622153997421265, 1.0, 1.0, 1.0, 1.0, 1.0, 1.0, 1.0, 1.0, 1.0, 1.0, 1.0, 1.0]"
50,0.0,0.0,0.0,3.267060674261302e-05,0.0,243.1593475341797,3.403321170480922e-05,0.0,253.30088806152344,0.0,0.0,0.0,0.6707378625869751,0.035727232694625854,0.00965222530066967,-0.3513469696044922,-0.3076384961605072,0.2803846001625061,0.40637215971946716,0.8983496427536011,-0.7848449349403381,0.7972940802574158,-0.8342556357383728,-1.0973559617996216,0.8756074905395508,-0.9249698519706726,1.0841152667999268,"[0.6707378625869751, 0.035727232694625854, 0.00965222530066967, 0.18303747475147247, 0.056749023497104645, 0.03146808221936226, 0.018350472673773766, 0.011270537972450256, -0.9997681379318237, 0.699999988079071, 0.0, 0.0, -0.3513469696044922, -0.3076384961605072, 0.2803846001625061, 0.40637215971946716, 0.4983496367931366, -0.38484492897987366, 0.3972940742969513, -0.4342556297779083, -0.2973559498786926, 0.07560747861862183, -0.12496984004974365, 0.2841152548789978, -0.2951664924621582, -0.2028741091489792, -0.22920937836170197, 1.8794625997543335, -0.3910086154937744, 0.862713098526001, 1.0283914804458618, -3.8317923545837402, -5.272499084472656, 0.2975230813026428, 0.13090190291404724, 3.0361287593841553, -0.588249683380127, -0.48569056391716003, 0.49213698506355286, 0.718543529510498, 1.2337719202041626, -0.06379872560501099, 0.5346047878265381, -1.4397151470184326, -1.0521806478500366, -0.3442326784133911, 0.532405436038971, 0.8432406187057495, 1.0, 1.0, 1.0, 1.0, 1.0, 1.0, 1.0, 1.0, 1.0, 1.0, 1.0, 1.0]"
51,0.0,0.0,0.0,3.5256485716672614e-05,0.0,262.4053955078125,3.414306047488935e-05,0.0,254.11846923828125,0.0,0.0,0.0,0.6873014569282532,0.04654129967093468,0.01287900097668171,-0.3537874221801758,-0.31221336126327515,0.27539217472076416,0.4339284896850586,0.8905717730522156,-0.7648525834083557,0.8159438967704773,-0.903931200504303,-1.1580110788345337,0.8814341425895691,-0.916820764541626,1.1188669204711914,"[0.6873014569282532, 0.04654129967093468, 0.01287900097668171, 0.1415146142244339, -0.052060142159461975, 0.019684864208102226, 0.01806723326444626, 0.007772559765726328, -0.9998065233230591, 0.699999988079071, 0.0, 0.0, -0.3537874221801758, -0.31221336126327515, 0.27539217472076416, 0.4339284896850586, 0.4905717670917511, -0.36485257744789124, 0.4159438908100128, -0.5039311647415161, -0.35801106691360474, 0.08143413066864014, -0.11682075262069702, 0.31886690855026245, 0.03778599947690964, -0.20670565962791443, -0.21903395652770996, 1.0317206382751465, -0.47574642300605774, 0.8890431523323059, 0.9199072122573853, -3.1444034576416016, -1.2890748977661133, 0.5062752962112427, 0.5160222053527832, 0.7896302342414856, -0.5648390650749207, -0.4623130261898041, 0.5175028443336487, 0.671441912651062, 1.1512672901153564, -0.025923818349838257, 0.4277269244194031, -1.4004851579666138, -0.8177798986434937, -0.3338041603565216, 0.5160382986068726, 0.7391520738601685, 1.0, 1.0, 1.0, 1.0, 1.0, 1.0, 1.0, 1.0, 1.0, 1.0, 1.0, 1.0]"
52,0.0,0.0,0.0,3.509651651256718e-05,0.0,261.21478271484375,3.420711072976701e-05,0.0,254.59515380859375,0.0,0.0,0.0,0.7073470950126648,0.05343898758292198,0.02325708419084549,-0.3475598394870758,-0.3141743838787079,0.2729491591453552,0.44312241673469543,0.8800126314163208,-0.7441776394844055,0.83083575963974,-0.9535830616950989,-1.1527612209320068,0.890188455581665,-0.8994417190551758,1.1173896789550781,"[0.7073470950126648, 0.05343898758292198, 0.02325708419084549, -0.057046759873628616, -0.1211475357413292, 0.016631120815873146, 0.016042908653616905, 0.007600839249789715, -0.9998424053192139, 0.699999988079071, 0.0, 0.0, -0.3475598394870758, -0.3141743838787079, 0.2729491591453552, 0.44312241673469543, 0.4800126254558563, -0.34417763352394104, 0.4308357536792755, -0.553583025932312, -0.3527612090110779, 0.09018844366073608, -0.09944170713424683, 0.31738966703414917, 0.4994937777519226, -0.03907313570380211, -0.05891866981983185, 0.07604844123125076, -0.6010206937789917, 0.9006152153015137, 0.7169034481048584, -2.038935422897339, 1.0209907293319702, 0.6427169442176819, 0.9658357501029968, -0.786893904209137, -0.4408245384693146, -0.5837801694869995, 0.4608187973499298, 0.6507668495178223, 1.0540143251419067, 0.012439459562301636, 0.41083645820617676, -1.3621079921722412, -0.637779951095581, -0.289091020822525, 0.517589807510376, 0.537476122379303, 1.0, 1.0, 1.0, 1.0, 1.0, 1.0, 1.0, 1.0, 1.0, 1.0, 1.0, 1.0]"
53,0.0,0.0,0.0,3.251969246775843e-05,0.0,242.0361328125,3.2573152566328645e-05,0.0,242.4340057373047,0.0,0.0,0.0,0.7266467809677124,0.06035790592432022,0.025404157117009163,-0.33017078042030334,-0.314319908618927,0.27246299386024475,0.43291494250297546,0.8648203015327454,-0.7222763895988464,0.8426124453544617,-0.9815634489059448,-1.118102788925171,0.8997830748558044,-0.87534099817276,1.0822688341140747,"[0.7266467809677124, 0.06035790592432022, 0.025404157117009163, -0.10436628758907318, -0.15098753571510315, 0.00034253322519361973, 0.013117559254169464, 0.009812003001570702, -0.9998660087585449, 0.699999988079071, 0.0, 0.0, -0.33017078042030334, -0.314319908618927, 0.27246299386024475, 0.43291494250297546, 0.4648202955722809, -0.32227638363838196, 0.4426124393939972, -0.5815634727478027, -0.31810277700424194, 0.09978306293487549, -0.07534098625183105, 0.28226882219314575, 1.0800596475601196, -0.02432263456285, -0.01174565777182579, -0.8321913480758667, -0.8923286199569702, 0.9743321537971497, 0.5952789187431335, -1.0391103029251099, 2.131225347518921, 0.6289139986038208, 1.187816858291626, -2.4173128604888916, -0.37696000933647156, -0.6585083603858948, 0.38323384523391724, 0.6811147928237915, 0.9737733602523804, 0.01543840765953064, 0.42367812991142273, -1.2785587310791016, -0.46791988611221313, -0.2785945534706116, 0.471931517124176, 0.32056912779808044, 1.0, 1.0, 1.0, 1.0, 1.0, 1.0, 1.0, 1.0, 1.0, 1.0, 1.0, 1.0]"
54,0.0,0.0,0.0,3.0182582122506574e-05,0.0,224.64158630371094,2.8609827495529316e-05,0.0,212.93594360351562,0.0,0.0,0.0,0.7474735975265503,0.06610357761383057,0.011445518583059311,-0.3036542534828186,-0.31583669781684875,0.2710045576095581,0.4105674624443054,0.8439950346946716,-0.6985074281692505,0.8539769053459167,-0.9934530854225159,-1.0704487562179565,0.9078356027603149,-0.8498969674110413,1.021490454673767,"[0.7474735975265503, 0.06610357761383057, 0.011445518583059311, -0.008702253922820091, -0.1378583014011383, -0.005313696805387735, 0.010130217298865318, 0.011001981794834137, -0.9998882412910461, 0.699999988079071, 0.0, 0.0, -0.3036542534828186, -0.31583669781684875, 0.2710045576095581, 0.4105674624443054, 0.44399502873420715, -0.298507422208786, 0.45397689938545227, -0.593453049659729, -0.2704487442970276, 0.10783559083938599, -0.049896955490112305, 0.22149044275283813, 1.4351304769515991, -0.13501077890396118, -0.06035717949271202, -1.2798471450805664, -1.167815923690796, 1.0839855670928955, 0.630459725856781, -0.2888440191745758, 2.754518747329712, 0.5069555640220642, 1.10469651222229, -3.5832903385162354, -0.37325701117515564, -0.6385190486907959, 0.3712215721607208, 0.6560584306716919, 0.8808032274246216, -0.02589350938796997, 0.4578001797199249, -1.1036845445632935, -0.22781141102313995, -0.2865423262119293, 0.3610789179801941, 0.09802260249853134, 1.0, 1.0, 1.0, 1.0, 1.0, 1.0, 1.0, 1.0, 1.0, 1.0, 1.0, 1.0]"
55,0.0,0.0,0.0,2.629665505082812e-05,0.0,195.71957397460938,2.2019508833182044e-05,0.0,163.88583374023438,0.0,0.0,0.0,0.7724503874778748,0.07167346775531769,-0.022312287241220474,-0.2749009132385254,-0.32000795006752014,0.26705196499824524,0.3815919756889343,0.8177804350852966,-0.6731647253036499,0.8674384951591492,-0.9888108968734741,-1.0046489238739014,0.9130746126174927,-0.8279563784599304,0.943122386932373,"[0.7724503874778748, 0.07167346775531769, -0.022312287241220474, 0.12238059192895889, -0.07312168926000595, 0.02154548279941082, 0.008086412213742733, 0.009520882740616798, -0.9999219179153442, 0.699999988079071, 0.0, 0.0, -0.2749009132385254, -0.32000795006752014, 0.26705196499824524, 0.3815919756889343, 0.41778042912483215, -0.2731647193431854, 0.4674384891986847, -0.588810920715332, -0.2046489119529724, 0.11307460069656372, -0.027956366539001465, 0.1431223750114441, 1.3986213207244873, -0.2526472210884094, -0.14814800024032593, -1.5657414197921753, -1.4387855529785156, 1.1747874021530151, 0.8618429899215698, 0.6228097081184387, 3.8505144119262695, 0.3337175250053406, 0.8727574348449707, -4.208980560302734, -0.45160552859306335, -0.5359476208686829, 0.4332491457462311, 0.5986675024032593, 0.7168253660202026, -0.1725214421749115, 0.5381084680557251, -0.8399513959884644, 0.11454099416732788, -0.2531854510307312, 0.1410662680864334, -0.11743950098752975, 1.0, 1.0, 1.0, 1.0, 1.0, 1.0, 1.0, 1.0, 1.0, 1.0, 1.0, 1.0]"
56,3.157605533488095e-05,0.0,235.0128631591797,1.6455765944556333e-05,0.0,122.47624206542969,0.0,0.0,0.0,0.0,0.0,0.0,0.8017981052398682,0.0928109735250473,-0.08521008491516113,-0.25525176525115967,-0.3259555995464325,0.26121363043785095,0.34723496437072754,0.7881284952163696,-0.648746132850647,0.8852803707122803,-0.9627678990364075,-0.9186395406723022,0.9171537160873413,-0.8193694353103638,0.8572624921798706,"[0.8017981052398682, 0.0928109735250473, -0.08521008491516113, 0.3783566653728485, -0.017032261937856674, 0.062148671597242355, 0.008185322396457195, 0.005914466921240091, -0.9999489784240723, 0.699999988079071, 0.0, 0.0, -0.25525176525115967, -0.3259555995464325, 0.26121363043785095, 0.34723496437072754, 0.38812848925590515, -0.2487461268901825, 0.4852803647518158, -0.5627678632736206, -0.11863952875137329, 0.11715370416641235, -0.019369423389434814, 0.05726248025894165, -1.1458897590637207, -0.5195844173431396, -0.49710553884506226, -2.092472553253174, -0.10190403461456299, 1.2372784614562988, 0.8786883354187012, 1.785857915878296, 3.7638323307037354, 0.243408203125, -0.23871231079101562, -4.427207946777344, -0.5796858668327332, -0.4564090073108673, 0.6190575361251831, 0.5474303960800171, 0.4256824254989624, -0.47777214646339417, 0.70549476146698, -0.5721570253372192, 0.5388256907463074, -0.05970378965139389, -0.26783818006515503, -0.3717842996120453, 1.0, 1.0, 1.0, 1.0, 1.0, 1.0, 1.0, 1.0, 1.0, 1.0, 1.0, 1.0]"
57,4.7369172534672543e-05,0.0,352.55718994140625,3.1046556614455767e-06,0.0,23.107194900512695,0.0,0.0,0.0,5.601254815701395e-05,0.0,416.8877258300781,0.7753973603248596,0.020885081961750984,-0.12682636082172394,-0.2666490077972412,-0.33574777841567993,0.2640182375907898,0.31150680780410767,0.8189445734024048,-0.6259883642196655,0.8971285820007324,-0.9158158898353577,-0.9207730889320374,0.926526665687561,-0.8705624938011169,0.7834293246269226,"[0.7753973603248596, 0.020885081961750984, -0.12682636082172394, 0.15761932730674744, -0.09339743107557297, 0.039727065712213516, 0.00658620148897171, -0.0018198264297097921, -0.999976634979248, 0.699999988079071, 0.0, 0.0, -0.2666490077972412, -0.33574777841567993, 0.2640182375907898, 0.31150680780410767, 0.4189445674419403, -0.22598835825920105, 0.49712857604026794, -0.5158158540725708, -0.1207730770111084, 0.12652665376663208, -0.07056248188018799, -0.016570687294006348, -0.25096818804740906, -0.14578303694725037, 0.9937939643859863, 0.8177626132965088, 1.5168166160583496, 0.9221383333206177, 0.43704307079315186, 0.4680349826812744, -0.09145864844322205, 0.560474693775177, -3.940126895904541, 4.877397060394287, -0.6894519329071045, -0.5182511210441589, 0.8737634420394897, 0.5041598081588745, 0.2767982482910156, -0.9663699865341187, 1.0222784280776978, -0.39155030250549316, 0.6505369544029236, 0.3554326295852661, -0.8680872321128845, -0.5391111969947815, 1.0, 1.0, 1.0, 1.0, 1.0, 1.0, 1.0, 1.0, 1.0, 1.0, 1.0, 1.0]"
58,4.0915172576205805e-05,0.0,304.52166748046875,0.0,0.0,0.0,0.0,0.0,0.0,4.641429768525995e-05,0.0,345.4502868652344,0.7228776812553406,0.013048910535871983,-0.07887107133865356,-0.2652052044868469,-0.33508026599884033,0.30623626708984375,0.3167584538459778,0.845500648021698,-0.6270291209220886,0.9019641280174255,-0.9144368171691895,-0.919307291507721,0.9621697068214417,-0.9615938067436218,0.8234749436378479,"[0.7228776812553406, 0.013048910535871983, -0.07887107133865356, -0.15346397459506989, -0.07461768388748169, -0.007597570773214102, 0.004823543597012758, 0.0009932301472872496, -0.9999881386756897, 0.699999988079071, 0.0, 0.0, -0.2652052044868469, -0.33508026599884033, 0.30623626708984375, 0.3167584538459778, 0.4455006420612335, -0.22702911496162415, 0.5019640922546387, -0.5144368410110474, -0.11930727958679199, 0.1621696949005127, -0.16159379482269287, 0.023474931716918945, 0.08752387762069702, -0.18108320236206055, 2.435534954071045, 0.22362665832042694, 1.325282335281372, -0.8328768610954285, 0.22807441651821136, 0.3096891939640045, 0.0346623919904232, 3.4972078800201416, -5.050779342651367, 1.597846508026123, -0.6862629055976868, -0.6374251246452332, 0.5931040048599243, 0.42844459414482117, 0.6022782325744629, -1.247584342956543, 1.125327706336975, -0.34020933508872986, 0.5217360854148865, 0.8046947717666626, -1.195855736732483, -0.34846624732017517, 1.0, 1.0, 1.0, 1.0, 1.0, 1.0, 1.0, 1.0, 1.0, 1.0, 1.0, 1.0]"
59,3.460466177784838e-05,0.0,257.55401611328125,0.0,0.0,0.0,0.0,0.0,0.0,4.026308670290746e-05,0.0,299.66827392578125,0.6897387504577637,0.0361495316028595,-0.06368602067232132,-0.26991137862205505,-0.3533107340335846,0.34438246488571167,0.3134574890136719,0.8653016686439514,-0.6640322208404541,0.906276524066925,-0.9116570949554443,-0.9114841222763062,1.0482738018035889,-1.077063798904419,0.8555944561958313,"[0.6897387504577637, 0.0361495316028595, -0.06368602067232132, 0.35015007853507996, -0.019077099859714508, 0.0070753199979662895, 0.00419743824750185, -0.0024405578151345253, -0.9999880790710449, 0.699999988079071, 0.0, 0.0, -0.26991137862205505, -0.3533107340335846, 0.34438246488571167, 0.3134574890136719, 0.46530166268348694, -0.2640322148799896, 0.5062764883041382, -0.5116571187973022, -0.1114841103553772, 0.2482737898826599, -0.27706378698349, 0.055594444274902344, -0.4203420877456665, -1.2240549325942993, 1.4872294664382935, -0.32763054966926575, 0.8892664313316345, -2.3072750568389893, 0.14682158827781677, 0.09272319078445435, 0.4960082769393921, 4.041660308837891, -5.8310441970825195, 1.659432291984558, -0.640333890914917, -0.6231297254562378, 0.6449096202850342, 0.5243997573852539, 0.5462130904197693, -1.2422099113464355, 1.108394980430603, -0.1584276705980301, 0.5138655304908752, 0.9119948148727417, -1.2504404783248901, -0.270332008600235, 1.0, 1.0, 1.0, 1.0, 1.0, 1.0, 1.0, 1.0, 1.0, 1.0, 1.0, 1.0]"
60,3.38781755999662e-05,0.0,252.14695739746094,0.0,0.0,0.0,0.0,0.0,0.0,3.7789672205690295e-05,0.0,281.25927734375,0.677686870098114,0.034505363553762436,-0.06462986767292023,-0.2774604558944702,-0.37548330426216125,0.36637309193611145,0.30778101086616516,0.8821935653686523,-0.7206019759178162,0.9029832482337952,-0.9082679748535156,-0.9006637930870056,1.1179362535476685,-1.1765989065170288,0.8863043785095215,"[0.677686870098114, 0.034505363553762436, -0.06462986767292023, 0.19221119582653046, -0.03627657890319824, 0.033717796206474304, 0.00363240297883749, -0.008380626328289509, -0.9999583959579468, 0.699999988079071, 0.0, 0.0, -0.2774604558944702, -0.37548330426216125, 0.36637309193611145, 0.30778101086616516, 0.48219355940818787, -0.3206019699573517, 0.5029832124710083, -0.5082679986953735, -0.10066378116607666, 0.3179362416267395, -0.37659889459609985, 0.08630436658859253, -0.27941590547561646, -0.9408859610557556, 0.9400264620780945, -0.18070010840892792, 0.8711758255958557, -3.0798561573028564, -0.3979334831237793, 0.18375325202941895, 0.5067067742347717, 3.173461675643921, -4.238268852233887, 1.508413314819336, -0.5388769507408142, -0.6879880428314209, 0.6044321060180664, 0.5048360824584961, 0.5173200368881226, -1.2898876667022705, 1.082838535308838, -0.2308676838874817, 0.49281442165374756, 0.9162576198577881, -1.1947681903839111, -0.30148234963417053, 1.0, 1.0, 1.0, 1.0, 1.0, 1.0, 1.0, 1.0, 1.0, 1.0, 1.0, 1.0]"
61,3.735224163392559e-05,0.0,278.00360107421875,0.0,0.0,0.0,0.0,0.0,0.0,3.895356712746434e-05,0.0,289.9218444824219,0.6752827763557434,0.03194887191057205,-0.04894240200519562,-0.2806202173233032,-0.3899729251861572,0.3784808814525604,0.3064662218093872,0.8987199068069458,-0.7852897644042969,0.8874316215515137,-0.9009649157524109,-0.8889676332473755,1.1621754169464111,-1.2299401760101318,0.9121376276016235,"[0.6752827763557434, 0.03194887191057205, -0.04894240200519562, 0.027626117691397667, -0.061818212270736694, 0.03117259591817856, 0.0025669471360743046, -0.009821870364248753, -0.999948263168335, 0.699999988079071, 0.0, 0.0, -0.2806202173233032, -0.3899729251861572, 0.3784808814525604, 0.3064662218093872, 0.4987199008464813, -0.3852897584438324, 0.4874316155910492, -0.500964879989624, -0.08896762132644653, 0.3621754050254822, -0.4299401640892029, 0.11213761568069458, -0.10890509188175201, -0.6458315849304199, 0.3549996614456177, -0.02431846782565117, 0.8063777089118958, -3.2631070613861084, -1.0005508661270142, 0.3891710937023163, 0.6337118148803711, 1.6331888437271118, -1.5908797979354858, 1.2631959915161133, -0.514569103717804, -0.6934613585472107, 0.5500358939170837, 0.5317327976226807, 0.44383397698402405, -1.296858549118042, 1.0526148080825806, -0.24884802103042603, 0.5062673687934875, 0.9126632213592529, -1.0697021484375, -0.31011202931404114, 1.0, 1.0, 1.0, 1.0, 1.0, 1.0, 1.0, 1.0, 1.0, 1.0, 1.0, 1.0]"
62,3.8866983231855556e-05,0.0,289.2774353027344,0.0,0.0,0.0,0.0,0.0,0.0,3.934277265216224e-05,0.0,292.8186340332031,0.6815665364265442,0.03261304646730423,-0.024779077619314194,-0.282649427652359,-0.401542067527771,0.37776312232017517,0.3056367039680481,0.9124215841293335,-0.8483059406280518,0.864130437374115,-0.8901450037956238,-0.8723764419555664,1.1852681636810303,-1.2409487962722778,0.9337990880012512,"[0.6815665364265442, 0.03261304646730423, -0.024779077619314194, 0.031713664531707764, -0.0789022371172905, 0.015976162627339363, 0.0010767385829240084, -0.010432586073875427, -0.9999449253082275, 0.699999988079071, 0.0, 0.0, -0.282649427652359, -0.401542067527771, 0.37776312232017517, 0.3056367039680481, 0.5124216079711914, -0.4483059346675873, 0.4641304314136505, -0.4901449978351593, -0.07237643003463745, 0.3852681517601013, -0.4409487843513489, 0.13379907608032227, -0.09255634248256683, -0.5134574770927429, -0.2607383131980896, -0.043621283024549484, 0.636487603187561, -3.017345905303955, -1.2427273988723755, 0.5534577369689941, 0.9212145805358887, 0.8934496641159058, 0.0438416562974453, 1.0683411359786987, -0.48549601435661316, -0.7198228240013123, 0.4876125156879425, 0.5697582960128784, 0.40178942680358887, -1.2667160034179688, 1.017961859703064, -0.2885226607322693, 0.5220734477043152, 0.8890340328216553, -0.9228900074958801, -0.3362199664115906, 1.0, 1.0, 1.0, 1.0, 1.0, 1.0, 1.0, 1.0, 1.0, 1.0, 1.0, 1.0]"
63,3.866626866511069e-05,0.0,287.7835693359375,0.0,0.0,0.0,0.0,0.0,0.0,3.8696511182934046e-05,0.0,288.0086669921875,0.6969451308250427,0.03105057030916214,0.002297045197337866,-0.2844417691230774,-0.40775540471076965,0.36622825264930725,0.30424657464027405,0.9226561188697815,-0.9002717733383179,0.8386552929878235,-0.8756956458091736,-0.8500492572784424,1.1934428215026855,-1.2276978492736816,0.9510218501091003,"[0.6969451308250427, 0.03105057030916214, 0.002297045197337866, 0.03913877159357071, -0.07374595105648041, 0.00046369200572371483, -0.0004942494560964406, -0.011241392232477665, -0.999936580657959, 0.699999988079071, 0.0, 0.0, -0.2844417691230774, -0.40775540471076965, 0.36622825264930725, 0.30424657464027405, 0.5226560831069946, -0.5002717971801758, 0.438655287027359, -0.4756956398487091, -0.05004924535751343, 0.3934428095817566, -0.4276978373527527, 0.1510218381881714, -0.07789216190576553, -0.1624060720205307, -0.7624574303627014, -0.06877725571393967, 0.45774033665657043, -2.29167103767395, -1.3062506914138794, 0.7344604730606079, 1.2060010433197021, 0.016122426837682724, 1.103576898574829, 0.8285208940505981, -0.5094367861747742, -0.7383642196655273, 0.43532055616378784, 0.6541398763656616, 0.3637810945510864, -1.2252997159957886, 0.9517796039581299, -0.2948513329029083, 0.5365612506866455, 0.80013108253479, -0.7682889103889465, -0.3523549437522888, 1.0, 1.0, 1.0, 1.0, 1.0, 1.0, 1.0, 1.0, 1.0, 1.0, 1.0, 1.0]"
64,3.780969564104453e-05,0.0,281.4083251953125,0.0,0.0,0.0,0.0,0.0,0.0,3.77664364350494e-05,0.0,281.08636474609375,0.7166616916656494,0.0290004163980484,0.029991338029503822,-0.28574511408805847,-0.40641510486602783,0.34591639041900635,0.3025525212287903,0.9296121001243591,-0.9348001480102539,0.8119186162948608,-0.8571810126304626,-0.822822093963623,1.181013822555542,-1.1947691440582275,0.9625916481018066,"[0.7166616916656494, 0.0290004163980484, 0.029991338029503822, 0.021545691415667534, -0.039295587688684464, -0.011166604235768318, -0.0016174342017620802, -0.011929725296795368, -0.9999276995658875, 0.699999988079071, 0.0, 0.0, -0.28574511408805847, -0.40641510486602783, 0.34591639041900635, 0.3025525212287903, 0.5296120643615723, -0.5348001718521118, 0.41191861033439636, -0.45718100666999817, -0.022822082042694092, 0.38101381063461304, -0.3947691321372986, 0.16259163618087769, -0.043749503791332245, 0.22333000600337982, -1.1607495546340942, -0.07280759513378143, 0.2983674108982086, -1.3435108661651611, -1.4000991582870483, 0.9389246702194214, 1.4282172918319702, -1.2818583250045776, 2.1643669605255127, 0.5177546739578247, -0.5625272393226624, -0.7526470422744751, 0.4010138213634491, 0.7494455575942993, 0.33560246229171753, -1.1434295177459717, 0.8465124368667603, -0.292425274848938, 0.5465880036354065, 0.6168131828308105, -0.560087263584137, -0.3993648886680603, 1.0, 1.0, 1.0, 1.0, 1.0, 1.0, 1.0, 1.0, 1.0, 1.0, 1.0, 1.0]"
65,3.648332130978815e-05,0.0,271.5364074707031,0.0,0.0,0.0,0.0,0.0,0.0,3.6476587411016226e-05,0.0,271.4862976074219,0.7381893396377563,0.025836165994405746,0.057699527591466904,-0.28579387068748474,-0.3980582654476166,0.31998851895332336,0.30133381485939026,0.9338211417198181,-0.9494612216949463,0.7816721796989441,-0.8340469598770142,-0.7923523187637329,1.1372007131576538,-1.1375139951705933,0.9666374325752258,"[0.7381893396377563, 0.025836165994405746, 0.057699527591466904, -0.05126621201634407, 0.026824217289686203, -0.01917966455221176, -0.001647174241952598, -0.011593715287744999, -0.9999313354492188, 0.699999988079071, 0.0, 0.0, -0.28579387068748474, -0.3980582654476166, 0.31998851895332336, 0.30133381485939026, 0.5338211059570312, -0.5494612455368042, 0.3816721737384796, -0.4340469539165497, 0.007647693157196045, 0.33720070123672485, -0.3375139832496643, 0.16663742065429688, 0.039481937885284424, 0.566983163356781, -1.357296347618103, -0.02844146080315113, 0.17879952490329742, -0.3191295266151428, -1.6325076818466187, 1.1773290634155273, 1.5519345998764038, -3.0023391246795654, 3.484229803085327, 0.10927298665046692, -0.6705780625343323, -0.7218675017356873, 0.3948226273059845, 0.8407560586929321, 0.30680274963378906, -1.015210509300232, 0.6977559328079224, -0.3052339553833008, 0.5482553839683533, 0.3456389307975769, -0.2636512517929077, -0.46360501646995544, 1.0, 1.0, 1.0, 1.0, 1.0, 1.0, 1.0, 1.0, 1.0, 1.0, 1.0, 1.0]"
66,3.3044740121113136e-05,0.0,245.94390869140625,0.0,0.0,0.0,0.0,0.0,0.0,3.26932713505812e-05,0.0,243.32801818847656,0.7610422968864441,0.019112566486001015,0.07300955057144165,-0.283945769071579,-0.38265538215637207,0.29351869225502014,0.30139708518981934,0.9362262487411499,-0.9429623484611511,0.7457119226455688,-0.8064607977867126,-0.7605523467063904,1.0621908903121948,-1.0550068616867065,0.9625771045684814,"[0.7610422968864441, 0.019112566486001015, 0.07300955057144165, -0.14657743275165558, 0.10577283799648285, -0.023252146318554878, -0.0001761403400450945, -0.009488030336797237, -0.9999551773071289, 0.699999988079071, 0.0, 0.0, -0.283945769071579, -0.38265538215637207, 0.29351869225502014, 0.30139708518981934, 0.5362262725830078, -0.5429623126983643, 0.34571191668510437, -0.40646079182624817, 0.039447665214538574, 0.26219087839126587, -0.2550068497657776, 0.1625770926475525, 0.13788585364818573, 0.9424205422401428, -1.24632728099823, 0.045584786683321, 0.14363783597946167, 0.7505755424499512, -1.9073916673660278, 1.392783284187317, 1.5385653972625732, -4.2895827293396, 4.531116962432861, -0.28587326407432556, -0.8033071160316467, -0.6238514184951782, 0.4706672132015228, 0.8364509344100952, 0.3203040659427643, -0.8514437675476074, 0.5753592252731323, -0.4064292013645172, 0.4595772624015808, 0.07501520961523056, 0.042691126465797424, -0.463103324174881, 1.0, 1.0, 1.0, 1.0, 1.0, 1.0, 1.0, 1.0, 1.0, 1.0, 1.0, 1.0]"
67,2.3760951080475934e-05,0.0,176.84695434570312,0.0,0.0,0.0,1.5666366380173713e-05,0.0,116.6009292602539,2.5790524887270294e-05,0.0,191.95257568359375,0.7878924608230591,-0.0014994676457718015,0.06111270189285278,-0.27978724241256714,-0.3573944568634033,0.2759897708892822,0.30364540219306946,0.9395473003387451,-0.9148501753807068,0.7069387435913086,-0.7760892510414124,-0.73175448179245,0.969957709312439,-0.9630035758018494,0.9520701766014099,"[0.7878924608230591, -0.0014994676457718015, 0.06111270189285278, -0.3389182686805725, 0.1724853664636612, -0.02244204841554165, 0.0031910696998238564, -0.005057798698544502, -0.9999818801879883, 0.699999988079071, 0.0, 0.0, -0.27978724241256714, -0.3573944568634033, 0.2759897708892822, 0.30364540219306946, 0.539547324180603, -0.5148501396179199, 0.3069387376308441, -0.3760892450809479, 0.068245530128479, 0.16995769739151, -0.1630035638809204, 0.15207016468048096, 0.3383561968803406, 1.6154825687408447, 0.2331751585006714, 0.2522401511669159, 0.26506054401397705, 1.8361159563064575, -1.271367073059082, 1.5738130807876587, 1.3320873975753784, -4.800309181213379, 2.8967928886413574, -0.5995162129402161, -0.9246714115142822, -0.4906821548938751, 0.5541335940361023, 0.7790838479995728, 0.3873007297515869, -0.6512508392333984, 0.4730178415775299, -0.6015456914901733, 0.24742387235164642, -0.16005933284759521, 0.2638424038887024, -0.38586828112602234, 1.0, 1.0, 1.0, 1.0, 1.0, 1.0, 1.0, 1.0, 1.0, 1.0, 1.0, 1.0]"
68,5.9588783187791705e-06,0.0,44.35047912597656,2.625977504067123e-05,0.0,195.44508361816406,3.417558764340356e-05,0.0,254.36053466796875,1.380384128424339e-05,0.0,102.73861694335938,0.7782237529754639,0.03188426047563553,0.06251904368400574,-0.26961690187454224,-0.320995956659317,0.2872927188873291,0.3142071068286896,0.9447612762451172,-0.8701243996620178,0.7279619574546814,-0.7417417764663696,-0.7083722949028015,0.8940173983573914,-0.955513596534729,0.9379777312278748,"[0.7782237529754639, 0.03188426047563553, 0.06251904368400574, -0.5976182222366333, 0.13675493001937866, 0.03343285992741585, 0.005428217351436615, 0.007321620360016823, -0.9999586343765259, 0.699999988079071, 0.0, 0.0, -0.26961690187454224, -0.320995956659317, 0.2872927188873291, 0.3142071068286896, 0.5447613000869751, -0.47012439370155334, 0.3279619514942169, -0.34174177050590515, 0.09162771701812744, 0.0940173864364624, -0.15551358461380005, 0.1379777193069458, 0.29095157980918884, -0.3170623779296875, 0.5019093155860901, 0.450945109128952, 0.25281673669815063, 1.2679990530014038, 0.941206693649292, 1.7627428770065308, 0.6606361269950867, 0.11902749538421631, 0.49114474654197693, -0.8543144464492798, -0.99851393699646, -0.38754919171333313, 0.5759381055831909, 0.7167632579803467, 0.49313783645629883, -0.46934857964515686, 0.4104613959789276, -0.8270512819290161, -0.08167485892772675, -0.40653032064437866, 0.4247628450393677, -0.26146891713142395, 1.0, 1.0, 1.0, 1.0, 1.0, 1.0, 1.0, 1.0, 1.0, 1.0, 1.0, 1.0]"
69,0.0,0.0,0.0,3.950621248804964e-05,0.0,294.0350646972656,3.5316075809532776e-05,0.0,262.8489074707031,7.017370684536672e-09,0.0,0.05222857743501663,0.7413223385810852,0.05008190497756004,0.0861656591296196,-0.28587138652801514,-0.31223076581954956,0.2927436828613281,0.3219059705734253,0.9482277631759644,-0.8513980507850647,0.7453197240829468,-0.7100374102592468,-0.7723181247711182,0.8987505435943604,-0.9463731050491333,0.918191134929657,"[0.7413223385810852, 0.05008190497756004, 0.0861656591296196, -0.2050393968820572, 0.19279135763645172, 0.1482112556695938, 0.008906195871531963, 0.016087396070361137, -0.9998307228088379, 0.699999988079071, 0.0, 0.0, -0.28587138652801514, -0.31223076581954956, 0.2927436828613281, 0.3219059705734253, 0.5482277870178223, -0.4513980448246002, 0.3453197181224823, -0.31003740429878235, 0.02768188714981079, 0.0987505316734314, -0.14637309312820435, 0.11819112300872803, -1.7558339834213257, 0.236795574426651, 0.024005983024835587, 0.29191854596138, -0.01985127292573452, 1.0677769184112549, 1.0034486055374146, 1.1899648904800415, -5.782444953918457, -0.030400682240724564, 0.2204269915819168, -1.3595116138458252, -0.8561432957649231, -0.5456919074058533, 0.4013150632381439, 0.6464860439300537, 1.082871675491333, -0.18308225274085999, 0.4057822823524475, -1.466431736946106, -1.143353819847107, -0.4102229177951813, 0.582038164138794, 0.4150308668613434, 1.0, 1.0, 1.0, 1.0, 1.0, 1.0, 1.0, 1.0, 1.0, 1.0, 1.0, 1.0]"
70,0.0,0.0,0.0,3.4467491786926985e-05,0.0,256.5331115722656,3.414399179746397e-05,0.0,254.12538146972656,0.0,0.0,0.0,0.6924670934677124,0.05173565447330475,0.07521367073059082,-0.3304576575756073,-0.31462523341178894,0.28580549359321594,0.3339519202709198,0.9347601532936096,-0.8262523412704468,0.7645164132118225,-0.7228218913078308,-0.8730039596557617,0.8918370008468628,-0.9422910213470459,0.9668150544166565,"[0.6924670934677124, 0.05173565447330475, 0.07521367073059082, 0.24465824663639069, 0.15969718992710114, 0.13925862312316895, 0.012323002330958843, 0.01258358359336853, -0.9998453259468079, 0.699999988079071, 0.0, 0.0, -0.3304576575756073, -0.31462523341178894, 0.28580549359321594, 0.3339519202709198, 0.5347601175308228, -0.4262523353099823, 0.36451640725135803, -0.32282188534736633, -0.07300394773483276, 0.09183698892593384, -0.14229100942611694, 0.16681504249572754, -2.0837242603302, -0.18752942979335785, -0.3869246542453766, 0.9685174226760864, -0.8525564670562744, 1.157131552696228, 1.0419106483459473, -1.671828269958496, -5.1350202560424805, -0.27214327454566956, 0.056407783180475235, 4.193862438201904, -0.42899802327156067, -0.7517042756080627, 0.25846853852272034, 0.834815502166748, 1.2054545879364014, -0.22271046042442322, 0.5637553930282593, -1.6029258966445923, -1.267555594444275, -0.35837993025779724, 0.548504650592804, 0.8144550919532776, 1.0, 1.0, 1.0, 1.0, 1.0, 1.0, 1.0, 1.0, 1.0, 1.0, 1.0, 1.0]"
71,0.0,0.0,0.0,3.133655263809487e-05,0.0,233.23028564453125,3.33380994561594e-05,0.0,248.1273193359375,0.0,0.0,0.0,0.6723081469535828,0.03492698818445206,0.03478330746293068,-0.35288262367248535,-0.31565311551094055,0.28183022141456604,0.3672529458999634,0.9215044975280762,-0.8043253421783447,0.7833966612815857,-0.7779919505119324,-1.0106486082077026,0.8884504437446594,-0.9395512342453003,1.0447522401809692,"[0.6723081469535828, 0.03492698818445206, 0.03478330746293068, 0.04158695042133331, 0.1547393649816513, 0.07890169322490692, 0.01562664844095707, 0.010823629796504974, -0.9998190402984619, 0.699999988079071, 0.0, 0.0, -0.35288262367248535, -0.31565311551094055, 0.28183022141456604, 0.3672529458999634, 0.5215045213699341, -0.40432533621788025, 0.3833966553211212, -0.3779919445514679, -0.21064859628677368, 0.08845043182373047, -0.13955122232437134, 0.24475222826004028, -0.5573046803474426, -0.024107079952955246, -0.11493317782878876, 1.9643532037734985, -0.6130052208900452, 0.9149333238601685, 0.9872602224349976, -3.2783756256103516, -7.1998162269592285, 0.05398380383849144, 0.05417584255337715, 3.599438190460205, -0.5503121018409729, -0.6589136719703674, 0.4501080811023712, 0.7392436265945435, 1.2815824747085571, -0.1560782492160797, 0.5306777954101562, -1.5407582521438599, -1.2377694845199585, -0.3529880940914154, 0.5702823400497437, 0.8745955228805542, 1.0, 1.0, 1.0, 1.0, 1.0, 1.0, 1.0, 1.0, 1.0, 1.0, 1.0, 1.0]"
72,0.0,0.0,0.0,3.349103280925192e-05,0.0,249.2655792236328,3.3695487218210474e-05,0.0,250.78726196289062,0.0,0.0,0.0,0.674708366394043,0.04140457883477211,0.015281522646546364,-0.3548203408718109,-0.3182765245437622,0.2779921889305115,0.40590229630470276,0.9090335965156555,-0.7839493751525879,0.802830159664154,-0.8521209955215454,-1.125616192817688,0.8895773887634277,-0.936264157295227,1.1084895133972168,"[0.674708366394043, 0.04140457883477211, 0.015281522646546364, 0.17881515622138977, 0.06115799769759178, 0.03358334302902222, 0.0175776407122612, 0.00838566105812788, -0.9998103976249695, 0.699999988079071, 0.0, 0.0, -0.3548203408718109, -0.3182765245437622, 0.2779921889305115, 0.40590229630470276, 0.5090335607528687, -0.3839493691921234, 0.4028301537036896, -0.45212098956108093, -0.32561618089675903, 0.08957737684249878, -0.1362641453742981, 0.30848950147628784, 0.04302055388689041, -0.20254161953926086, -0.23876997828483582, 1.7820320129394531, -0.645157516002655, 0.9159660935401917, 1.0219690799713135, -3.7697160243988037, -4.539655685424805, 0.22698163986206055, 0.1541372388601303, 2.591792106628418, -0.5939739942550659, -0.4739905297756195, 0.45898082852363586, 0.7447299957275391, 1.2158997058868408, -0.05284908413887024, 0.5376667976379395, -1.4414865970611572, -1.005354881286621, -0.3330744504928589, 0.5144912004470825, 0.8467827439308167, 1.0, 1.0, 1.0, 1.0, 1.0, 1.0, 1.0, 1.0, 1.0, 1.0, 1.0, 1.0]"
73,0.0,0.0,0.0,3.542529884725809e-05,0.0,263.6618347167969,3.3927102776942775e-05,0.0,252.51112365722656,0.0,0.0,0.0,0.6920574903488159,0.051396459341049194,0.021097786724567413,-0.3513178825378418,-0.32235634326934814,0.27313798666000366,0.43282008171081543,0.8956311345100403,-0.762763261795044,0.8210262656211853,-0.9198225140571594,-1.1686131954193115,0.8935770988464355,-0.927335262298584,1.132950782775879,"[0.6920574903488159, 0.051396459341049194, 0.021097786724567413, 0.10779327899217606, -0.039692796766757965, 0.03105108067393303, 0.017498893663287163, 0.005370620638132095, -0.9998323917388916, 0.699999988079071, 0.0, 0.0, -0.3513178825378418, -0.32235634326934814, 0.27313798666000366, 0.43282008171081543, 0.4956311285495758, -0.36276325583457947, 0.4210262596607208, -0.5198224782943726, -0.36861318349838257, 0.09357708692550659, -0.12733525037765503, 0.33295077085494995, 0.2959097623825073, -0.1707545965909958, -0.2043396681547165, 1.0424811840057373, -0.7393388152122498, 0.9382216334342957, 0.8988701701164246, -3.0524697303771973, -0.5221969485282898, 0.42297473549842834, 0.5532718300819397, 0.44417858123779297, -0.530009925365448, -0.4873564541339874, 0.5323998928070068, 0.663009524345398, 1.1391382217407227, -0.012771755456924438, 0.41983410716056824, -1.425897479057312, -0.7784661054611206, -0.32087019085884094, 0.5021637082099915, 0.7177658081054688, 1.0, 1.0, 1.0, 1.0, 1.0, 1.0, 1.0, 1.0, 1.0, 1.0, 1.0, 1.0]"
74,0.0,0.0,0.0,3.472765820333734e-05,0.0,258.4694519042969,3.4087417589034885e-05,0.0,253.70431518554688,0.0,0.0,0.0,0.7129966020584106,0.05911731719970703,0.030812526121735573,-0.34008270502090454,-0.32334932684898376,0.2713395357131958,0.4419454038143158,0.8804900646209717,-0.7410614490509033,0.8353553414344788,-0.9671210050582886,-1.1531327962875366,0.9005897045135498,-0.9092018008232117,1.1232705116271973,"[0.7129966020584106, 0.05911731719970703, 0.030812526121735573, -0.11306332051753998, -0.1020880937576294, 0.0218349602073431, 0.01580263487994671, 0.006196073722094297, -0.9998557567596436, 0.699999988079071, 0.0, 0.0, -0.34008270502090454, -0.32334932684898376, 0.2713395357131958, 0.4419454038143158, 0.4804900586605072, -0.34106144309043884, 0.4353553354740143, -0.5671210289001465, -0.35313278436660767, 0.10058969259262085, -0.10920178890228271, 0.3232704997062683, 0.7489079236984253, 0.013244345784187317, -0.020955650135874748, 0.04060843214392662, -0.8132614493370056, 0.9441911578178406, 0.6929029822349548, -1.893225908279419, 1.3990319967269897, 0.5587076544761658, 0.9958325624465942, -1.3311808109283447, -0.41695114970207214, -0.5993375778198242, 0.44668594002723694, 0.6554975509643555, 1.0364855527877808, 0.016067862510681152, 0.41676411032676697, -1.3617981672286987, -0.6027559041976929, -0.2810567319393158, 0.49699026346206665, 0.49935367703437805, 1.0, 1.0, 1.0, 1.0, 1.0, 1.0, 1.0, 1.0, 1.0, 1.0, 1.0, 1.0]"
75,0.0,0.0,0.0,3.205293614882976e-05,0.0,238.56214904785156,3.192945587215945e-05,0.0,237.64312744140625,0.0,0.0,0.0,0.7331639528274536,0.06813875585794449,0.031124310567975044,-0.31868574023246765,-0.3227844536304474,0.2713683247566223,0.4304302930831909,0.8615543246269226,-0.7181432843208313,0.8468015789985657,-0.9920335412025452,-1.1138107776641846,0.9083682894706726,-0.884830117225647,1.0784955024719238,"[0.7331639528274536, 0.06813875585794449, 0.031124310567975044, -0.13442905247211456, -0.12955324351787567, 0.0033928726334124804, 0.013284450396895409, 0.009246150963008404, -0.9998688697814941, 0.699999988079071, 0.0, 0.0, -0.31868574023246765, -0.3227844536304474, 0.2713683247566223, 0.4304302930831909, 0.46155431866645813, -0.3181432783603668, 0.4468015730381012, -0.5920335054397583, -0.3138107657432556, 0.10836827754974365, -0.08483010530471802, 0.2784954905509949, 1.2426519393920898, -0.0026348051615059376, 0.0037085488438606262, -0.9193023443222046, -1.0727413892745972, 1.0270732641220093, 0.5901813507080078, -0.8694636821746826, 2.3559622764587402, 0.5333937406539917, 1.1804463863372803, -2.8985819816589355, -0.35741838812828064, -0.6640593409538269, 0.3766687214374542, 0.6718714237213135, 0.9478383660316467, 0.01391705870628357, 0.44548553228378296, -1.2521001100540161, -0.4064851999282837, -0.2735123932361603, 0.4318154454231262, 0.26023563742637634, 1.0, 1.0, 1.0, 1.0, 1.0, 1.0, 1.0, 1.0, 1.0, 1.0, 1.0, 1.0]"
76,0.0,0.0,0.0,2.9248294595163316e-05,0.0,217.6879119873047,2.6512969270697795e-05,0.0,197.32955932617188,0.0,0.0,0.0,0.7555295825004578,0.0754566639661789,0.012867791578173637,-0.2904520332813263,-0.32423508167266846,0.26976248621940613,0.4056439697742462,0.8371254205703735,-0.6932869553565979,0.8584330677986145,-0.9994300603866577,-1.0599639415740967,0.9142613410949707,-0.8601206541061401,1.007678508758545,"[0.7555295825004578, 0.0754566639661789, 0.012867791578173637, -0.007772259414196014, -0.10666131973266602, 0.0035513252951204777, 0.010840840637683868, 0.010623014532029629, -0.9998849034309387, 0.699999988079071, 0.0, 0.0, -0.2904520332813263, -0.32423508167266846, 0.26976248621940613, 0.4056439697742462, 0.43712541460990906, -0.2932869493961334, 0.45843306183815, -0.5994300842285156, -0.2599639296531677, 0.11426132917404175, -0.06012064218521118, 0.20767849683761597, 1.4739973545074463, -0.13977301120758057, -0.06798093765974045, -1.422028660774231, -1.3557077646255493, 1.1426594257354736, 0.6718477010726929, -0.024299997836351395, 3.155562162399292, 0.38825827836990356, 1.0179754495620728, -4.058865547180176, -0.3792571723461151, -0.6113522052764893, 0.37628188729286194, 0.6358804702758789, 0.8262231349945068, -0.06143003702163696, 0.50819331407547, -1.032613754272461, -0.11553370952606201, -0.2830648422241211, 0.2795020341873169, 0.018794797360897064, 1.0, 1.0, 1.0, 1.0, 1.0, 1.0, 1.0, 1.0, 1.0, 1.0, 1.0, 1.0]"
77,0.0,0.0,0.0,2.3816872271709144e-05,0.0,177.26316833496094,1.6696934835636057e-05,0.0,124.27120208740234,0.0,0.0,0.0,0.7808151841163635,0.08085663616657257,-0.033457834273576736,-0.2625281512737274,-0.32860615849494934,0.26523318886756897,0.373283326625824,0.8066096901893616,-0.6673545837402344,0.8733313083648682,-0.9879958629608154,-0.983765721321106,0.9173962473869324,-0.8410105109214783,0.9209545850753784,"[0.7808151841163635, 0.08085663616657257, -0.033457834273576736, 0.12889456748962402, -0.016431694850325584, 0.04299534857273102, 0.009724237024784088, 0.00893799215555191, -0.9999127984046936, 0.699999988079071, 0.0, 0.0, -0.2625281512737274, -0.32860615849494934, 0.26523318886756897, 0.373283326625824, 0.4066096842288971, -0.2673545777797699, 0.4733313024044037, -0.5879958868026733, -0.183765709400177, 0.11739623546600342, -0.041010499000549316, 0.12095457315444946, 1.3189396858215332, -0.25474676489830017, -0.16389882564544678, -1.7467900514602661, -1.6796550750732422, 1.2030001878738403, 0.9583643078804016, 1.0133068561553955, 4.452342510223389, 0.22017225623130798, 0.635807991027832, -4.639962196350098, -0.4868520200252533, -0.49364104866981506, 0.4839271605014801, 0.5680364370346069, 0.610831618309021, -0.2618964612483978, 0.6304095983505249, -0.7305629253387451, 0.3002309799194336, -0.2168223261833191, -0.008057698607444763, -0.22914591431617737, 1.0, 1.0, 1.0, 1.0, 1.0, 1.0, 1.0, 1.0, 1.0, 1.0, 1.0, 1.0]"
78,1.590223837411031e-05,0.0,118.3564682006836,1.008267281576991e-05,0.0,75.04287719726562,0.0,0.0,0.0,0.0,0.0,0.0,0.8108907341957092,0.08241400867700577,-0.0975208654999733,-0.25717511773109436,-0.33688366413116455,0.25959447026252747,0.33259594440460205,0.8027288317680359,-0.6421253085136414,0.893135130405426,-0.9527921080589294,-0.9345524907112122,0.9206802248954773,-0.8483037948608398,0.8286499977111816,"[0.8108907341957092, 0.08241400867700577, -0.0975208654999733, 0.45283880829811096, -0.038606997579336166, 0.042874936014413834, 0.009911115281283855, 0.0031838761642575264, -0.9999459981918335, 0.699999988079071, 0.0, 0.0, -0.25717511773109436, -0.33688366413116455, 0.25959447026252747, 0.33259594440460205, 0.4027288258075714, -0.24212530255317688, 0.49313512444496155, -0.5527920722961426, -0.1345524787902832, 0.12068021297454834, -0.04830378293991089, 0.028649985790252686, -0.6891114711761475, -0.6010676026344299, -0.18668150901794434, -2.272292375564575, 1.7558735609054565, 1.285083293914795, 0.9723634123802185, 2.2378008365631104, -0.4456497132778168, 0.2614075541496277, -2.000230550765991, -4.630310535430908, -0.6382029056549072, -0.449832946062088, 0.7317899465560913, 0.5302129983901978, 0.35293883085250854, -0.6957374811172485, 0.7890632152557373, -0.5014283657073975, 0.6327565908432007, 0.10663353651762009, -0.5160683393478394, -0.45248711109161377, 1.0, 1.0, 1.0, 1.0, 1.0, 1.0, 1.0, 1.0, 1.0, 1.0, 1.0, 1.0]"
79,4.092860399396159e-05,0.0,304.6216125488281,0.0,0.0,0.0,0.0,0.0,0.0,3.2029485737439245e-05,0.0,238.38763427734375,0.7498794198036194,0.02259085513651371,-0.1135314553976059,-0.26426267623901367,-0.34175747632980347,0.2769163250923157,0.31093335151672363,0.8284326791763306,-0.6242173910140991,0.9058153033256531,-0.9207929968833923,-0.9277719855308533,0.9361410737037659,-0.9160611033439636,0.7969565391540527,"[0.7498794198036194, 0.02259085513651371, -0.1135314553976059, -0.025011228397488594, -0.19369924068450928, 0.02390671707689762, 0.006684024352580309, -0.0015307293506339192, -0.999976634979248, 0.699999988079071, 0.0, 0.0, -0.26426267623901367, -0.34175747632980347, 0.2769163250923157, 0.31093335151672363, 0.4284326732158661, -0.22421738505363464, 0.5058152675628662, -0.5207929611206055, -0.12777197360992432, 0.13614106178283691, -0.11606109142303467, -0.0030434727668762207, -0.0627245083451271, 0.12586542963981628, 1.672603964805603, 0.0915013775229454, 1.4647421836853027, 0.42013120651245117, 0.4115341007709503, -0.2187754213809967, 0.0726081058382988, 1.2602354288101196, -4.024760723114014, 2.4698116779327393, -0.7027634978294373, -0.5444700717926025, 0.7537932395935059, 0.485330194234848, 0.43870681524276733, -1.0833159685134888, 1.1523538827896118, -0.3302833139896393, 0.5780161023139954, 0.5833874344825745, -1.0471209287643433, -0.5087037086486816, 1.0, 1.0, 1.0, 1.0, 1.0, 1.0, 1.0, 1.0, 1.0, 1.0, 1.0, 1.0]"
80,3.750162068172358e-05,0.0,279.1153869628906,0.0,0.0,0.0,0.0,0.0,0.0,5.0468141125747934e-05,0.0,375.6220397949219,0.7077027559280396,0.022677576169371605,-0.07981014996767044,-0.26389962434768677,-0.34259456396102905,0.3212928771972656,0.31352710723876953,0.8527032732963562,-0.639193594455719,0.9139963388442993,-0.9202640056610107,-0.9215273261070251,1.0000131130218506,-1.0191446542739868,0.8374279141426086,"[0.7077027559280396, 0.022677576169371605, -0.07981014996767044, -0.0041781519539654255, -0.14040125906467438, 0.027624621987342834, 0.0033535815309733152, 0.00030550913652405143, -0.9999943971633911, 0.699999988079071, 0.0, 0.0, -0.26389962434768677, -0.34259456396102905, 0.3212928771972656, 0.31352710723876953, 0.4527032673358917, -0.23919358849525452, 0.5139963626861572, -0.5202640295028687, -0.12152731418609619, 0.20001310110092163, -0.21914464235305786, 0.03742790222167969, -0.07341203093528748, -0.35222622752189636, 2.2246384620666504, 0.03152478486299515, 1.1656681299209595, -1.411115288734436, 0.4099087119102478, 0.1187831312417984, 0.3185483515262604, 4.1187334060668945, -5.630629539489746, 1.8242287635803223, -0.6961345076560974, -0.6370700001716614, 0.6301748156547546, 0.40803295373916626, 0.57651686668396, -1.2075777053833008, 1.1108713150024414, -0.21344587206840515, 0.5047352910041809, 0.87071692943573, -1.2425750494003296, -0.3069145381450653, 1.0, 1.0, 1.0, 1.0, 1.0, 1.0, 1.0, 1.0, 1.0, 1.0, 1.0, 1.0]"
81,3.2731579267419875e-05,0.0,243.61314392089844,0.0,0.0,0.0,0.0,0.0,0.0,4.281559813534841e-05,0.0,318.666015625,0.6830965876579285,0.04188861697912216,-0.06506920605897903,-0.2705245018005371,-0.36030250787734985,0.3539140522480011,0.308916300535202,0.8707352876663208,-0.6824774742126465,0.9185333847999573,-0.9185717701911926,-0.9095984101295471,1.0802794694900513,-1.1305452585220337,0.8731434345245361,"[0.6830965876579285, 0.04188861697912216, -0.06506920605897903, 0.33822306990623474, -0.09017104655504227, 0.03827052563428879, 0.0012770661851391196, -0.004728539846837521, -0.999987781047821, 0.699999988079071, 0.0, 0.0, -0.2705245018005371, -0.36030250787734985, 0.3539140522480011, 0.308916300535202, 0.4707352817058563, -0.282477468252182, 0.5185333490371704, -0.5185717344284058, -0.10959839820861816, 0.2802794575691223, -0.33054524660110474, 0.07314342260360718, -0.4246858060359955, -1.0698853731155396, 1.2873690128326416, -0.3261139988899231, 0.8470160365104675, -2.5319461822509766, 0.04478759318590164, 0.0495002418756485, 0.6380164623260498, 3.6982405185699463, -5.262707710266113, 1.7874701023101807, -0.6138246655464172, -0.6577824950218201, 0.6637516021728516, 0.4953346848487854, 0.5531527400016785, -1.2672864198684692, 1.1007438898086548, -0.17884059250354767, 0.4968474507331848, 0.8979001045227051, -1.2303047180175781, -0.2668241858482361, 1.0, 1.0, 1.0, 1.0, 1.0, 1.0, 1.0, 1.0, 1.0, 1.0, 1.0, 1.0]"
82,3.423707312322222e-05,0.0,254.81814575195312,0.0,0.0,0.0,0.0,0.0,0.0,4.028476178064011e-05,0.0,299.8296203613281,0.6731420159339905,0.04013782739639282,-0.05839557200670242,-0.2768957316875458,-0.37882304191589355,0.373445987701416,0.3046444058418274,0.8869624137878418,-0.7412720322608948,0.9106151461601257,-0.9142816662788391,-0.8963556885719299,1.138680100440979,-1.2107229232788086,0.904377818107605,"[0.6731420159339905, 0.04013782739639282, -0.05839557200670242, 0.12058652192354202, -0.09191765636205673, 0.04407569020986557, -0.0005239854217506945, -0.009228643961250782, -0.9999573230743408, 0.699999988079071, 0.0, 0.0, -0.2768957316875458, -0.37882304191589355, 0.373445987701416, 0.3046444058418274, 0.4869624078273773, -0.3412720263004303, 0.5106151103973389, -0.5142816305160522, -0.09635567665100098, 0.33868008852005005, -0.41072291135787964, 0.10437780618667603, -0.21604984998703003, -0.787670373916626, 0.8079478740692139, -0.11802627891302109, 0.8325175046920776, -3.121018171310425, -0.6941511631011963, 0.23049946129322052, 0.6324558258056641, 2.3913776874542236, -2.9960856437683105, 1.522554874420166, -0.5352367758750916, -0.6875730156898499, 0.60102379322052, 0.490103155374527, 0.4972895085811615, -1.290183424949646, 1.0720211267471313, -0.23600304126739502, 0.49411875009536743, 0.9027633666992188, -1.1479151248931885, -0.3043549060821533, 1.0, 1.0, 1.0, 1.0, 1.0, 1.0, 1.0, 1.0, 1.0, 1.0, 1.0, 1.0]"
83,3.7608366255881265e-05,0.0,279.9098815917969,0.0,0.0,0.0,0.0,0.0,0.0,4.0851649828255177e-05,0.0,304.0488586425781,0.6719968318939209,0.04000185430049896,-0.03978021442890167,-0.2793967127799988,-0.3917994201183319,0.3824418783187866,0.30386221408843994,0.902206540107727,-0.8056877851486206,0.8896563649177551,-0.9057276248931885,-0.8816450834274292,1.1711806058883667,-1.242106318473816,0.9297639727592468,"[0.6719968318939209, 0.04000185430049896, -0.03978021442890167, 0.0022254218347370625, -0.10345359891653061, 0.03214437887072563, -0.00253011891618371, -0.009869850240647793, -0.9999484419822693, 0.699999988079071, 0.0, 0.0, -0.2793967127799988, -0.3917994201183319, 0.3824418783187866, 0.30386221408843994, 0.502206563949585, -0.40568777918815613, 0.48965635895729065, -0.5057276487350464, -0.08164507150650024, 0.37118059396743774, -0.44210630655288696, 0.12976396083831787, -0.0889507457613945, -0.5977288484573364, 0.20240670442581177, -0.01882641389966011, 0.7395133376121521, -3.2218613624572754, -1.2262595891952515, 0.43767714500427246, 0.7832155227661133, 1.2731168270111084, -0.7423746585845947, 1.248847484588623, -0.5019176602363586, -0.6948856115341187, 0.5359837412834167, 0.5279029607772827, 0.4316749572753906, -1.2861340045928955, 1.0485608577728271, -0.27022862434387207, 0.5129582285881042, 0.9016889333724976, -1.0159635543823242, -0.31670182943344116, 1.0, 1.0, 1.0, 1.0, 1.0, 1.0, 1.0, 1.0, 1.0, 1.0, 1.0, 1.0]"
84,3.868558269459754e-05,0.0,287.92730712890625,0.0,0.0,0.0,0.0,0.0,0.0,4.063394226250239e-05,0.0,302.42852783203125,0.6810507774353027,0.04093405604362488,-0.014777897857129574,-0.28112348914146423,-0.4015766978263855,0.37878724932670593,0.30314314365386963,0.9145017266273499,-0.8659364581108093,0.8630490899085999,-0.8935997486114502,-0.8622245192527771,1.188846230506897,-1.241981029510498,0.9505284428596497,"[0.6810507774353027, 0.04093405604362488, -0.014777897857129574, 0.009156030602753162, -0.10427137464284897, 0.015751181170344353, -0.004648714791983366, -0.010032190941274166, -0.9999388456344604, 0.699999988079071, 0.0, 0.0, -0.28112348914146423, -0.4015766978263855, 0.37878724932670593, 0.30314314365386963, 0.514501690864563, -0.46593645215034485, 0.4630490839481354, -0.4935997426509857, -0.062224507331848145, 0.388846218585968, -0.4419810175895691, 0.1505284309387207, -0.07740943133831024, -0.3909187614917755, -0.40580177307128906, -0.043307285755872726, 0.5691738128662109, -2.814267873764038, -1.3817050457000732, 0.6117734313011169, 1.0519587993621826, 0.6083561778068542, 0.48234623670578003, 1.027197241783142, -0.49246785044670105, -0.7194456458091736, 0.47872141003608704, 0.5865321159362793, 0.38624998927116394, -1.2505589723587036, 1.0090116262435913, -0.29540008306503296, 0.5315989255905151, 0.8680829405784607, -0.8745051026344299, -0.3360583782196045, 1.0, 1.0, 1.0, 1.0, 1.0, 1.0, 1.0, 1.0, 1.0, 1.0, 1.0, 1.0]"
85,3.831776120932773e-05,0.0,285.1897277832031,0.0,0.0,0.0,0.0,0.0,0.0,3.975447179982439e-05,0.0,295.8828125,0.6980198621749878,0.03999398648738861,0.012728823348879814,-0.2826029062271118,-0.40504559874534607,0.3646618127822876,0.30186939239501953,0.9234039187431335,-0.9126259684562683,0.8353739976882935,-0.8776527643203735,-0.8375450968742371,1.192141056060791,-1.2220427989959717,0.9662253856658936,"[0.6980198621749878, 0.03999398648738861, 0.012728823348879814, 0.012011955492198467, -0.08459420502185822, 0.0006299291853792965, -0.006546493154019117, -0.010327868163585663, -0.9999252557754517, 0.699999988079071, 0.0, 0.0, -0.2826029062271118, -0.40504559874534607, 0.3646618127822876, 0.30186939239501953, 0.5234038829803467, -0.5126259326934814, 0.435373991727829, -0.47765275835990906, -0.037545084953308105, 0.39214104413986206, -0.4220427870750427, 0.1662253737449646, -0.06142006069421768, -0.025694716721773148, -0.8768848776817322, -0.06433698534965515, 0.3962022066116333, -1.9998669624328613, -1.4036589860916138, 0.7977428436279297, 1.3101119995117188, -0.2540971338748932, 1.410499930381775, 0.7726866006851196, -0.5280908346176147, -0.7367035746574402, 0.43753597140312195, 0.6746411323547363, 0.3503117561340332, -1.206695318222046, 0.9397331476211548, -0.3023757040500641, 0.5454919338226318, 0.7603716850280762, -0.7163744568824768, -0.35610663890838623, 1.0, 1.0, 1.0, 1.0, 1.0, 1.0, 1.0, 1.0, 1.0, 1.0, 1.0, 1.0]"
86,3.745160938706249e-05,0.0,278.7431640625,0.0,0.0,0.0,0.0,0.0,0.0,3.878036659443751e-05,0.0,288.6327819824219,0.718244194984436,0.038196057081222534,0.040532320737838745,-0.2835211455821991,-0.40136396884918213,0.34300559759140015,0.30036699771881104,0.9291402101516724,-0.9410979747772217,0.8070134520530701,-0.8574948906898499,-0.8085236549377441,1.1725749969482422,-1.1826773881912231,0.9756361842155457,"[0.718244194984436, 0.038196057081222534, 0.040532320737838745, -0.016557924449443817, -0.03667471557855606, -0.010234296321868896, -0.007711425889283419, -0.01036759465932846, -0.9999164342880249, 0.699999988079071, 0.0, 0.0, -0.2835211455821991, -0.40136396884918213, 0.34300559759140015, 0.30036699771881104, 0.5291402339935303, -0.5410979986190796, 0.4070134460926056, -0.4574948847293854, -0.008523643016815186, 0.37257498502731323, -0.3826773762702942, 0.1756361722946167, -0.019128037616610527, 0.3316313326358795, -1.1906694173812866, -0.05832744762301445, 0.24548593163490295, -1.039417028427124, -1.4725316762924194, 1.0073590278625488, 1.5011531114578247, -1.688586711883545, 2.499589681625366, 0.44251763820648193, -0.5920395255088806, -0.7383829951286316, 0.4154745638370514, 0.7746250629425049, 0.31601661443710327, -1.1176353693008423, 0.8303027153015137, -0.3016480505466461, 0.5600878596305847, 0.5573922395706177, -0.4958391785621643, -0.4074305593967438, 1.0, 1.0, 1.0, 1.0, 1.0, 1.0, 1.0, 1.0, 1.0, 1.0, 1.0, 1.0]"
87,3.6009401810588315e-05,0.0,268.0091552734375,0.0,0.0,0.0,0.0,0.0,0.0,3.634754102677107e-05,0.0,270.5258483886719,0.7398563027381897,0.03409989923238754,0.06542834639549255,-0.2830132842063904,-0.3909759223461151,0.3178580105304718,0.29955706000328064,0.9323382377624512,-0.9498803615570068,0.7758180499076843,-0.8327213525772095,-0.7767685055732727,1.1213126182556152,-1.1192251443862915,0.9772747755050659,"[0.7398563027381897, 0.03409989923238754, 0.06542834639549255, -0.093397356569767, 0.03085530363023281, -0.016120778396725655, -0.007641933858394623, -0.009174454025924206, -0.9999286532402039, 0.699999988079071, 0.0, 0.0, -0.2830132842063904, -0.3909759223461151, 0.3178580105304718, 0.29955706000328064, 0.5323382616043091, -0.5498803853988647, 0.37581804394721985, -0.432721346616745, 0.02323150634765625, 0.3213126063346863, -0.31922513246536255, 0.17727476358413696, 0.06698457896709442, 0.669499397277832, -1.2738242149353027, -0.005076135043054819, 0.13707321882247925, -0.029299769550561905, -1.656653642654419, 1.2347029447555542, 1.606497049331665, -3.323188066482544, 3.743072271347046, 0.04877854138612747, -0.704642117023468, -0.6909383535385132, 0.4298540949821472, 0.8512585163116455, 0.29068470001220703, -0.9817548990249634, 0.688995361328125, -0.32999902963638306, 0.554618239402771, 0.28470292687416077, -0.1990358680486679, -0.46270230412483215, 1.0, 1.0, 1.0, 1.0, 1.0, 1.0, 1.0, 1.0, 1.0, 1.0, 1.0, 1.0]"
88,3.192000076523982e-05,0.0,237.57276916503906,0.0,0.0,0.0,0.0,0.0,0.0,3.205698885722086e-05,0.0,238.59231567382812,0.762753963470459,0.025831734761595726,0.07420201599597931,-0.28063616156578064,-0.3730345368385315,0.2945118844509125,0.3001319169998169,0.934077262878418,-0.9376013278961182,0.7402820587158203,-0.8039621114730835,-0.7441036105155945,1.0418950319290161,-1.0335637331008911,0.9715391397476196,"[0.762753963470459, 0.025831734761595726, 0.07420201599597931, -0.18633292615413666, 0.10836490988731384, -0.019059758633375168, -0.006117957644164562, -0.00623959768563509, -0.999961793422699, 0.699999988079071, 0.0, 0.0, -0.28063616156578064, -0.3730345368385315, 0.2945118844509125, 0.3001319169998169, 0.5340772867202759, -0.5376013517379761, 0.34028205275535583, -0.403962105512619, 0.05589640140533447, 0.24189502000808716, -0.23356372117996216, 0.17153912782669067, 0.16186285018920898, 1.0802353620529175, -1.0517795085906982, 0.07356036454439163, 0.12616802752017975, 1.0355427265167236, -1.854158878326416, 1.4363563060760498, 1.5599679946899414, -4.420830726623535, 4.597046852111816, -0.33032166957855225, -0.8202036023139954, -0.5848655104637146, 0.504814863204956, 0.8314074277877808, 0.3168167471885681, -0.808539867401123, 0.58014976978302, -0.45152920484542847, 0.4483843445777893, 0.026746384799480438, 0.08115871250629425, -0.43993282318115234, 1.0, 1.0, 1.0, 0.0, 1.0, 1.0, 1.0, 1.0, 1.0, 1.0, 1.0, 1.0]"
89,1.8669103155843914e-05,0.0,138.94956970214844,0.0,0.0,0.0,4.044857632834464e-05,0.0,301.04888916015625,1.918282578117214e-05,0.0,142.7730712890625,0.7930412292480469,0.005015903152525425,0.0504889115691185,-0.2755315899848938,-0.34325048327445984,0.28268665075302124,0.30346986651420593,0.9377917647361755,-0.9026409983634949,0.7053871154785156,-0.7731654047966003,-0.7156878709793091,0.9481595754623413,-0.9439411163330078,0.9606927633285522,"[0.7930412292480469, 0.005015903152525425, 0.0504889115691185, -0.4753202199935913, 0.14750178158283234, -0.008062937296926975, -0.0028425429482012987, -0.0005628238432109356, -0.9999957084655762, 0.699999988079071, 0.0, 0.0, -0.2755315899848938, -0.34325048327445984, 0.28268665075302124, 0.30346986651420593, 0.5377917289733887, -0.502640962600708, 0.30538710951805115, -0.37316539883613586, 0.08431214094161987, 0.14815956354141235, -0.14394110441207886, 0.1606927514076233, 0.4438703656196594, 2.0629818439483643, 0.2925836443901062, 0.37163758277893066, 0.3132586181163788, 2.384981632232666, -0.2833597660064697, 1.6445720195770264, 1.2997539043426514, -5.50746488571167, 2.209108352661133, -0.6454330682754517, -0.7599309682846069, -0.42318442463874817, 0.7230381965637207, 0.8220380544662476, 0.5755259990692139, -0.1042746901512146, 0.39571234583854675, -0.7674605846405029, 0.1886972337961197, -0.6123150587081909, 0.4605655074119568, -0.14374569058418274, 1.0, 1.0, 1.0, 1.0, 1.0, 1.0, 1.0, 1.0, 1.0, 1.0, 1.0, 1.0]"
90,0.0,0.0,0.0,2.7643302018987015e-05,0.0,205.74234008789062,4.3520722101675346e-05,0.0,323.9140930175781,1.859220901678782e-06,0.0,13.837726593017578,0.7680335640907288,0.02561347931623459,0.06360310316085815,-0.27035558223724365,-0.31956177949905396,0.2945808470249176,0.3150930106639862,0.9439353346824646,-0.8695340156555176,0.7279826998710632,-0.7405027151107788,-0.7275059223175049,0.913971483707428,-0.9404777884483337,0.9439563751220703,"[0.7680335640907288, 0.02561347931623459, 0.06360310316085815, -0.5722002387046814, 0.21631093323230743, 0.0725143551826477, 0.00036594539415091276, 0.012475415132939816, -0.9999220967292786, 0.699999988079071, 0.0, 0.0, -0.27035558223724365, -0.31956177949905396, 0.2945808470249176, 0.3150930106639862, 0.5439352989196777, -0.4695340096950531, 0.32798269391059875, -0.34050270915031433, 0.07249408960342407, 0.11397147178649902, -0.14047777652740479, 0.14395636320114136, -0.42293068766593933, 0.5612922310829163, 0.4687103033065796, 0.5497868657112122, 0.26168304681777954, 0.9263108372688293, 1.0253552198410034, 1.4600012302398682, -3.672370433807373, 0.30073675513267517, 0.20348894596099854, -0.679953396320343, -0.9936907887458801, -0.33921942114830017, 0.393066942691803, 0.7229095697402954, 0.7363889217376709, -0.3356054723262787, 0.4246236979961395, -1.2614864110946655, -0.47455042600631714, -0.5516479015350342, 0.4923391342163086, 0.15470361709594727, 1.0, 1.0, 1.0, 1.0, 1.0, 1.0, 1.0, 1.0, 1.0, 1.0, 1.0, 1.0]"
91,0.0,0.0,0.0,3.90615823562257e-05,0.0,290.72576904296875,3.603885852498934e-05,0.0,268.2284240722656,0.0,0.0,0.0,0.7186731696128845,0.038068611174821854,0.08628726750612259,-0.3014390766620636,-0.31557682156562805,0.29475101828575134,0.3300543427467346,0.933979868888855,-0.8458906412124634,0.7470880150794983,-0.7371599674224854,-0.8045475482940674,0.9098988175392151,-0.9364920258522034,0.952659010887146,"[0.7186731696128845, 0.038068611174821854, 0.08628726750612259, 0.1122148334980011, 0.201222226023674, 0.137482151389122, 0.0046855006366968155, 0.015328398905694485, -0.9998713135719299, 0.699999988079071, 0.0, 0.0, -0.3014390766620636, -0.31557682156562805, 0.29475101828575134, 0.3300543427467346, 0.5339798927307129, -0.4458906352519989, 0.3470880091190338, -0.3371599614620209, -0.004547536373138428, 0.10989880561828613, -0.13649201393127441, 0.15265899896621704, -2.013951301574707, -0.03400092571973801, -0.23688164353370667, 1.0281111001968384, -0.8599610328674316, 1.2054998874664307, 1.0748926401138306, -0.9381864070892334, -3.8797290325164795, -0.3099367022514343, 0.006090369075536728, 2.8189027309417725, -0.5107272267341614, -0.7574263215065002, 0.35138702392578125, 0.8499906063079834, 1.1591296195983887, -0.1644868552684784, 0.5242805480957031, -1.71066415309906, -1.1171441078186035, -0.37572622299194336, 0.529728353023529, 0.7315381765365601, 1.0, 1.0, 1.0, 1.0, 1.0, 1.0, 1.0, 1.0, 1.0, 1.0, 1.0, 1.0]"
92,0.0,0.0,0.0,3.132594429189339e-05,0.0,233.15133666992188,3.3949454518733546e-05,0.0,252.67745971679688,0.0,0.0,0.0,0.6895825266838074,0.02906852774322033,0.05912984535098076,-0.33574560284614563,-0.31754761934280396,0.2890663146972656,0.36316895484924316,0.9176519513130188,-0.820894181728363,0.7668896317481995,-0.783944308757782,-0.9225972294807434,0.9013097286224365,-0.9358628988265991,1.0290242433547974,"[0.6895825266838074, 0.02906852774322033, 0.05912984535098076, 0.1511223018169403, 0.21698914468288422, 0.10079938918352127, 0.009089025668799877, 0.011703366413712502, -0.9998902082443237, 0.699999988079071, 0.0, 0.0, -0.33574560284614563, -0.31754761934280396, 0.2890663146972656, 0.36316895484924316, 0.5176519155502319, -0.42089417576789856, 0.366889625787735, -0.3839443027973175, -0.12259721755981445, 0.10130971670150757, -0.13586288690567017, 0.2290242314338684, -1.311348795890808, -0.08363804966211319, -0.22292158007621765, 1.9780781269073486, -0.7432223558425903, 1.0915029048919678, 1.0440934896469116, -2.9398903846740723, -6.763802528381348, -0.2625059485435486, -0.07437215745449066, 3.432546377182007, -0.5300872325897217, -0.6800185441970825, 0.3710312843322754, 0.7758351564407349, 1.2709293365478516, -0.22676381468772888, 0.502265453338623, -1.5280805826187134, -1.2893997430801392, -0.3563377261161804, 0.5720091462135315, 0.8469691276550293, 1.0, 1.0, 1.0, 1.0, 1.0, 1.0, 1.0, 1.0, 1.0, 1.0, 1.0, 1.0]"
93,0.0,0.0,0.0,3.0702780350111425e-05,0.0,228.5132598876953,3.4049189707729965e-05,0.0,253.41978454589844,0.0,0.0,0.0,0.6854333281517029,0.032631952315568924,0.024141907691955566,-0.3501230776309967,-0.31981319189071655,0.2849881052970886,0.4048990309238434,0.9060704112052917,-0.7987461090087891,0.786920428276062,-0.8534145355224609,-1.0562368631362915,0.8985477089881897,-0.9346848726272583,1.0907535552978516,"[0.6854333281517029, 0.032631952315568924, 0.024141907691955566, 0.16820509731769562, 0.11324937641620636, 0.040000125765800476, 0.012230264022946358, 0.008827242068946362, -0.9998859167098999, 0.699999988079071, 0.0, 0.0, -0.3501230776309967, -0.31981319189071655, 0.2849881052970886, 0.4048990309238434, 0.5060703754425049, -0.3987461030483246, 0.38692042231559753, -0.45341452956199646, -0.25623685121536255, 0.09854769706726074, -0.13468486070632935, 0.2907535433769226, -0.48143693804740906, -0.16321660578250885, -0.2124512493610382, 1.9966156482696533, -0.4884527921676636, 0.9695090055465698, 1.0669225454330444, -3.6210451126098633, -6.312292575836182, 0.09201686084270477, 0.02953672781586647, 2.885446310043335, -0.5617127418518066, -0.5318517684936523, 0.46089062094688416, 0.7196918725967407, 1.260607123374939, -0.12948748469352722, 0.5349353551864624, -1.4411433935165405, -1.1324712038040161, -0.3438512682914734, 0.5323401689529419, 0.843598484992981, 1.0, 1.0, 1.0, 1.0, 1.0, 1.0, 1.0, 1.0, 1.0, 1.0, 1.0, 1.0]"
94,0.0,0.0,0.0,3.468301292741671e-05,0.0,258.1371765136719,3.379343979759142e-05,0.0,251.51629638671875,0.0,0.0,0.0,0.6998159289360046,0.044397883117198944,0.021068710833787918,-0.35445594787597656,-0.3237535357475281,0.2803865373134613,0.4339769184589386,0.8972877264022827,-0.777165412902832,0.8064343929290771,-0.9187220931053162,-1.146571397781372,0.9010441303253174,-0.9288298487663269,1.1250091791152954,"[0.6998159289360046, 0.044397883117198944, 0.021068710833787918, 0.14508196711540222, 0.0005730910925194621, 0.016448626294732094, 0.013053666800260544, 0.005573872942477465, -0.99989914894104, 0.699999988079071, 0.0, 0.0, -0.35445594787597656, -0.3237535357475281, 0.2803865373134613, 0.4339769184589386, 0.49728772044181824, -0.37716540694236755, 0.40643438696861267, -0.5187220573425293, -0.3465713858604431, 0.10104411840438843, -0.12882983684539795, 0.32500916719436646, -0.03163504600524902, -0.19320908188819885, -0.21374472975730896, 1.0643455982208252, -0.5131625533103943, 0.9801496267318726, 0.9826791882514954, -2.9200260639190674, -2.8080458641052246, 0.32089340686798096, 0.37500444054603577, 0.911206066608429, -0.5741229057312012, -0.4403931796550751, 0.4847278296947479, 0.6867512464523315, 1.1763983964920044, -0.073356032371521, 0.4561130702495575, -1.3904485702514648, -0.8880252838134766, -0.33875301480293274, 0.5035657286643982, 0.7694864869117737, 1.0, 1.0, 1.0, 1.0, 1.0, 1.0, 1.0, 1.0, 1.0, 1.0, 1.0, 1.0]"
95,0.0,0.0,0.0,3.54191470250953e-05,0.0,263.61602783203125,3.3750664442777634e-05,0.0,251.1979522705078,0.0,0.0,0.0,0.7181408405303955,0.05099301412701607,0.03200923651456833,-0.34913912415504456,-0.32582491636276245,0.2776636481285095,0.4432332217693329,0.8852752447128296,-0.7548550367355347,0.8225941061973572,-0.9636204838752747,-1.1581997871398926,0.9064707159996033,-0.9141620993614197,1.1286791563034058,"[0.7181408405303955, 0.05099301412701607, 0.03200923651456833, -0.03576350957155228, -0.0748915821313858, 0.01734127104282379, 0.012002869509160519, 0.004952374845743179, -0.999916136264801, 0.699999988079071, 0.0, 0.0, -0.34913912415504456, -0.32582491636276245, 0.2776636481285095, 0.4432332217693329, 0.4852752387523651, -0.3548550307750702, 0.4225941002368927, -0.5636204481124878, -0.3581997752189636, 0.10647070407867432, -0.11416208744049072, 0.3286791443824768, 0.45349884033203125, -0.043530046939849854, -0.0729389488697052, 0.08817508816719055, -0.6769066452980042, 0.993693470954895, 0.7885557413101196, -1.8039733171463013, 0.5434712171554565, 0.46740642189979553, 0.8248679041862488, -0.4436571002006531, -0.4666247069835663, -0.5549666285514832, 0.43590107560157776, 0.6527062654495239, 1.0865986347198486, -0.03832453489303589, 0.426241010427475, -1.367794156074524, -0.672187864780426, -0.29679813981056213, 0.4955604076385498, 0.6037842035293579, 1.0, 1.0, 1.0, 1.0, 1.0, 1.0, 1.0, 1.0, 1.0, 1.0, 1.0, 1.0]"
96,0.0,0.0,0.0,3.269050648668781e-05,0.0,243.3074493408203,3.2888816349441186e-05,0.0,244.78343200683594,0.0,0.0,0.0,0.7349533438682556,0.05773407593369484,0.034321945160627365,-0.3335976004600525,-0.32572779059410095,0.27708950638771057,0.4339514970779419,0.8694512844085693,-0.7315242886543274,0.835567057132721,-0.9877228736877441,-1.1284395456314087,0.9129520654678345,-0.8925395607948303,1.1016509532928467,"[0.7349533438682556, 0.05773407593369484, 0.034321945160627365, -0.10682770609855652, -0.10780216008424759, 0.00840807519853115, 0.009983138181269169, 0.007006139028817415, -0.9999258518218994, 0.699999988079071, 0.0, 0.0, -0.3335976004600525, -0.32572779059410095, 0.27708950638771057, 0.4339514970779419, 0.46945127844810486, -0.3315242826938629, 0.43556705117225647, -0.587722897529602, -0.32843953371047974, 0.11295205354690552, -0.09253954887390137, 0.3016509413719177, 0.9680783748626709, -0.00026495615020394325, -0.01096867024898529, -0.773543655872345, -0.8999108076095581, 1.047857403755188, 0.6616239547729492, -0.8794536590576172, 1.9791852235794067, 0.4724612236022949, 1.0632939338684082, -2.032893180847168, -0.3911980092525482, -0.6490193605422974, 0.3716641962528229, 0.6731194257736206, 0.9944055080413818, -0.0241488516330719, 0.42498108744621277, -1.3274883031845093, -0.5122992992401123, -0.279970645904541, 0.46623408794403076, 0.38443723320961, 1.0, 1.0, 1.0, 1.0, 1.0, 1.0, 1.0, 1.0, 1.0, 1.0, 1.0, 1.0]"
97,0.0,0.0,0.0,3.0328368666232564e-05,0.0,225.72662353515625,3.045788616873324e-05,0.0,226.6905975341797,0.0,0.0,0.0,0.7512934803962708,0.06422680616378784,0.021394159644842148,-0.3091993033885956,-0.3266790509223938,0.2758435904979706,0.41272270679473877,0.8487522602081299,-0.7066555023193359,0.8478785753250122,-0.9983211159706116,-1.0833061933517456,0.9183816313743591,-0.8691537380218506,1.0465483665466309,"[0.7512934803962708, 0.06422680616378784, 0.021394159644842148, -0.026583606377243996, -0.10479020327329636, -0.0006329972529783845, 0.007755483500659466, 0.008396121673285961, -0.9999345541000366, 0.699999988079071, 0.0, 0.0, -0.3091993033885956, -0.3266790509223938, 0.2758435904979706, 0.41272270679473877, 0.4487522542476654, -0.30665549635887146, 0.44787856936454773, -0.5983210802078247, -0.28330618143081665, 0.11838161945343018, -0.06915372610092163, 0.2465483546257019, 1.3455424308776855, -0.1017281636595726, -0.05964034050703049, -1.2207059860229492, -1.1499037742614746, 1.135377287864685, 0.6772037744522095, -0.288389652967453, 2.5758955478668213, 0.3849855661392212, 1.0212156772613525, -3.367027759552002, -0.37163981795310974, -0.6538431644439697, 0.35156896710395813, 0.6602959632873535, 0.9122565388679504, -0.037463992834091187, 0.45168712735176086, -1.1779736280441284, -0.2915780544281006, -0.2868179976940155, 0.3796554207801819, 0.15678086876869202, 1.0, 1.0, 1.0, 1.0, 1.0, 1.0, 1.0, 1.0, 1.0, 1.0, 1.0, 1.0]"
98,0.0,0.0,0.0,2.7532385502127e-05,0.0,204.91680908203125,2.4477507395204157e-05,0.0,182.1800994873047,0.0,0.0,0.0,0.7727175354957581,0.06997839361429214,-0.006205708719789982,-0.28105825185775757,-0.33000022172927856,0.2724968194961548,0.3853531777858734,0.82328861951828,-0.6803365349769592,0.8617010712623596,-0.9956037402153015,-1.0229997634887695,0.9215840101242065,-0.8481119871139526,0.9702215194702148,"[0.7727175354957581, 0.06997839361429214, -0.006205708719789982, 0.08637787401676178, -0.059894051402807236, 0.016010383144021034, 0.006122054997831583, 0.007544018793851137, -0.9999529719352722, 0.699999988079071, 0.0, 0.0, -0.28105825185775757, -0.33000022172927856, 0.2724968194961548, 0.3853531777858734, 0.42328861355781555, -0.28033652901649475, 0.46170106530189514, -0.5956037044525146, -0.22299975156784058, 0.12158399820327759, -0.04811197519302368, 0.1702215075492859, 1.4075031280517578, -0.210592120885849, -0.1129131019115448, -1.4771629571914673, -1.389182448387146, 1.2194324731826782, 0.827845573425293, 0.47811588644981384, 3.5359997749328613, 0.24475964903831482, 0.7675169706344604, -4.179895877838135, -0.4281505048274994, -0.5592665076255798, 0.401044636964798, 0.6060812473297119, 0.7642494440078735, -0.14681869745254517, 0.5146076679229736, -0.9281595945358276, 0.02725757658481598, -0.2786223292350769, 0.196859672665596, -0.06389100104570389, 1.0, 1.0, 1.0, 1.0, 1.0, 1.0, 1.0, 1.0, 1.0, 1.0, 1.0, 1.0]"
99,0.0,0.0,0.0,2.0048282749485224e-05,0.0,149.21446228027344,1.3893145478505176e-05,0.0,103.40328216552734,0.0,0.0,0.0,0.7948805093765259,0.0735943391919136,-0.06693236529827118,-0.2559492588043213,-0.33460965752601624,0.26783761382102966,0.35323792695999146,0.7921673059463501,-0.6544254422187805,0.8794143795967102,-0.9730930924415588,-0.9389603734016418,0.9233293533325195,-0.8342132568359375,0.8833315968513489,"[0.7948805093765259, 0.0735943391919136, -0.06693236529827118, 0.12197624891996384, 0.05667600408196449, 0.07527816295623779, 0.006278482731431723, 0.005089611746370792, -0.9999673366546631, 0.699999988079071, 0.0, 0.0, -0.2559492588043213, -0.33460965752601624, 0.26783761382102966, 0.35323792695999146, 0.3921672999858856, -0.25442543625831604, 0.4794143736362457, -0.573093056678772, -0.1389603614807129, 0.12332934141159058, -0.034213244915008545, 0.08333158493041992, 1.1531951427459717, -0.21916136145591736, -0.20231463015079498, -1.684135913848877, -1.7182053327560425, 1.189990758895874, 1.1323766708374023, 1.5919854640960693, 4.8209967613220215, 0.1646254062652588, 0.36861807107925415, -4.630931854248047, -0.5475425720214844, -0.46555963158607483, 0.5463250875473022, 0.5454286336898804, 0.5017175674438477, -0.39705348014831543, 0.6650745868682861, -0.6416651010513306, 0.4499337077140808, -0.14510908722877502, -0.14875827729701996, -0.32392579317092896, 1.0, 1.0, 1.0, 1.0, 1.0, 1.0, 1.0, 1.0, 1.0, 1.0, 1.0, 1.0]"
100,3.480123632471077e-05,0.0,259.01708984375,3.3263659133808687e-06,0.0,24.757328033447266,0.0,0.0,0.0,0.0,0.0,0.0,0.8039787411689758,0.05403169244527817,-0.11977510154247284,-0.2645001709461212,-0.34363433718681335,0.2657010555267334,0.31370437145233154,0.8095600605010986,-0.6291583180427551,0.8995190262794495,-0.9264447093009949,-0.9213747978210449,0.927582859992981,-0.8636831045150757,0.792306125164032,"[0.8039787411689758, 0.05403169244527817, -0.11977510154247284, 0.37948253750801086, -0.10753895342350006, 0.0639733299612999, 0.005787968635559082, -0.0018587883096188307, -0.9999810457229614, 0.699999988079071, 0.0, 0.0, -0.2645001709461212, -0.34363433718681335, 0.2657010555267334, 0.31370437145233154, 0.40956005454063416, -0.22915831208229065, 0.499519020318985, -0.526444673538208, -0.12137478590011597, 0.127582848072052, -0.06368309259414673, -0.007693886756896973, -0.5105018019676208, -0.3558526337146759, 0.3228033781051636, -1.9132359027862549, 1.2605849504470825, 1.2569589614868164, 0.9193698167800903, 2.7507622241973877, 0.3459213376045227, -0.08627128601074219, -3.4692962169647217, -4.4935760498046875, -0.7020158171653748, -0.5108038783073425, 0.8483534455299377, 0.551964282989502, 0.2643149197101593, -0.9148457050323486, 0.8301512002944946, -0.4456097483634949, 0.666694700717926, 0.26265349984169006, -0.7335535883903503, -0.4900476336479187, 1.0, 1.0, 1.0, 1.0, 1.0, 1.0, 1.0, 1.0, 1.0, 1.0, 1.0, 1.0]"
101,4.745232217828743e-05,0.0,353.176025390625,0.0,0.0,0.0,0.0,0.0,0.0,0.00011240815365454182,0.0,836.62646484375,0.7261871695518494,0.0070702736265957355,0.07149777561426163,-0.25833773612976074,-0.33795395493507385,0.3043835163116455,0.31942039728164673,0.8370736241340637,-0.6242846846580505,0.9023303985595703,-0.9112807512283325,-0.9242337346076965,0.9500709176063538,-0.942722499370575,0.804507851600647,"[0.7261871695518494, 0.0070702736265957355, 0.07149777561426163, -1.5767353773117065, 0.4515741467475891, -0.059788912534713745, 0.006146065425127745, 0.006235585082322359, -0.9999616146087646, 0.699999988079071, 0.0, 0.0, -0.25833773612976074, -0.33795395493507385, 0.3043835163116455, 0.31942039728164673, 0.43707361817359924, -0.22428467869758606, 0.5023304224014282, -0.5112807750701904, -0.12423372268676758, 0.1500709056854248, -0.142722487449646, 0.01220172643661499, 1.4433926343917847, 1.102289080619812, 3.4338185787200928, 1.3325042724609375, 1.6202770471572876, -0.6687076091766357, -0.6733719110488892, 1.5500619411468506, -1.1989383697509766, 1.9393465518951416, -4.2473859786987305, -1.136649489402771, -0.7470012903213501, -0.6006762385368347, 0.7063284516334534, 0.4031066298484802, 0.5313841104507446, -1.1447653770446777, 1.1765650510787964, -0.2806437015533447, 0.5512639284133911, 0.690427303314209, -1.1123011112213135, -0.5384460687637329, 1.0, 1.0, 1.0, 1.0, 1.0, 1.0, 1.0, 1.0, 1.0, 1.0, 1.0, 1.0]"
102,3.4682510886341333e-05,0.0,258.1334533691406,0.0,0.0,0.0,0.0,0.0,0.0,2.882371518353466e-05,0.0,214.52786254882812,0.6865047812461853,0.05505846440792084,0.05018169805407524,-0.24974580109119415,-0.34821057319641113,0.3495514392852783,0.3255522549152374,0.8573087453842163,-0.6572586894035339,0.8985950350761414,-0.8861315846443176,-0.9300777912139893,1.0276461839675903,-1.0612825155258179,0.7937518358230591,"[0.6865047812461853, 0.05505846440792084, 0.05018169805407524, 0.18867453932762146, 0.3089063763618469, -0.013647453859448433, 0.014211415313184261, 0.016887260600924492, -0.9997564554214478, 0.699999988079071, 0.0, 0.0, -0.24974580109119415, -0.34821057319641113, 0.3495514392852783, 0.3255522549152374, 0.45730873942375183, -0.25725868344306946, 0.4985950291156769, -0.48613157868385315, -0.1300777792930603, 0.22764617204666138, -0.2612825036048889, 0.0014457106590270996, -0.28342097997665405, -1.3684470653533936, 1.3095399141311646, -0.39521387219429016, 0.7198413610458374, -2.040285110473633, 0.10474926233291626, 0.5188283920288086, 0.24910467863082886, 4.104534149169922, -6.059185028076172, 0.4000735282897949, -0.7339531779289246, -0.42021360993385315, 0.5864493250846863, 0.5851339101791382, 0.6142867207527161, -1.3257352113723755, 1.1627172231674194, -0.3823380470275879, 0.5439115166664124, 0.8988827466964722, -1.170156717300415, -0.2732146680355072, 1.0, 1.0, 1.0, 1.0, 1.0, 1.0, 1.0, 1.0, 1.0, 1.0, 1.0, 1.0]"
103,3.378541077836417e-05,0.0,251.45654296875,0.0,0.0,0.0,0.0,0.0,0.0,3.7595644243992865e-05,0.0,279.815185546875,0.6717853546142578,0.04369010403752327,0.06804944574832916,-0.25374335050582886,-0.3650572896003723,0.3702896237373352,0.32100367546081543,0.8713700175285339,-0.7093251943588257,0.8980151414871216,-0.870303213596344,-0.9258571863174438,1.0990002155303955,-1.1562598943710327,0.7945676445960999,"[0.6717853546142578, 0.04369010403752327, 0.06804944574832916, -0.19489046931266785, 0.37533316016197205, 0.046323783695697784, 0.020615743473172188, 0.015125223435461521, -0.9996731281280518, 0.699999988079071, 0.0, 0.0, -0.25374335050582886, -0.3650572896003723, 0.3702896237373352, 0.32100367546081543, 0.47137001156806946, -0.3093251883983612, 0.4980151355266571, -0.4703032076358795, -0.1258571743965149, 0.29900020360946655, -0.35625988245010376, 0.002261519432067871, 0.06777545809745789, -0.3466933071613312, 1.133894681930542, 0.03143475204706192, 0.7417396903038025, -2.973374366760254, -0.1883581578731537, 0.9196735620498657, 0.04533598572015762, 3.5132839679718018, -4.260925769805908, -0.2777225375175476, -0.5771988034248352, -0.6670387983322144, 0.6689455509185791, 0.5284371376037598, 0.5929210186004639, -1.2698951959609985, 1.1449846029281616, -0.29126349091529846, 0.5268926024436951, 0.9615218639373779, -1.1654072999954224, -0.3027392327785492, 1.0, 1.0, 1.0, 1.0, 1.0, 1.0, 1.0, 1.0, 1.0, 1.0, 1.0, 1.0]"
104,3.488432412268594e-05,0.0,259.6354675292969,0.0,0.0,0.0,0.0,0.0,0.0,3.8963968108873814e-05,0.0,289.9992980957031,0.6636047959327698,0.04502970725297928,0.058317627757787704,-0.2560325860977173,-0.3734970986843109,0.3823934495449066,0.3187465965747833,0.884941041469574,-0.7739880084991455,0.8927853107452393,-0.853601336479187,-0.9201703667640686,1.1601600646972656,-1.2172096967697144,0.7954114675521851,"[0.6636047959327698, 0.04502970725297928, 0.058317627757787704, -0.04019264504313469, 0.27716338634490967, 0.04684694483876228, 0.026077747344970703, 0.015108729712665081, -0.9995461106300354, 0.699999988079071, 0.0, 0.0, -0.2560325860977173, -0.3734970986843109, 0.3823934495449066, 0.3187465965747833, 0.4849410355091095, -0.37398800253868103, 0.4927853047847748, -0.45360133051872253, -0.12017035484313965, 0.36016005277633667, -0.4172096848487854, 0.003105342388153076, -0.06851758062839508, -0.38283291459083557, 0.39593249559402466, -0.10319193452596664, 0.6193007826805115, -3.3066303730010986, -0.47620105743408203, 0.756489098072052, 0.35562726855278015, 2.331860303878784, -1.758133888244629, 0.0699365884065628, -0.5608906149864197, -0.6132342219352722, 0.6222234964370728, 0.5899661779403687, 0.5791504979133606, -1.3006644248962402, 1.123517394065857, -0.3286265432834625, 0.556456983089447, 0.9567115306854248, -1.0544790029525757, -0.2989652156829834, 1.0, 1.0, 1.0, 1.0, 1.0, 1.0, 1.0, 1.0, 1.0, 1.0, 1.0, 1.0]"
105,3.579770418582484e-05,0.0,266.4335632324219,0.0,0.0,0.0,0.0,0.0,0.0,3.354980799485929e-05,0.0,249.7030029296875,0.6665526032447815,0.0439421609044075,0.07119286805391312,-0.2583387494087219,-0.3813631534576416,0.3847338855266571,0.315809428691864,0.8962918519973755,-0.8383097052574158,0.8814830780029297,-0.8354165554046631,-0.9102299809455872,1.1914178133010864,-1.2326918840408325,0.7946035265922546,"[0.6665526032447815, 0.0439421609044075, 0.07119286805391312, -0.013054597191512585, 0.2548237144947052, 0.016656305640935898, 0.03095800057053566, 0.01460675336420536, -0.9994140267372131, 0.699999988079071, 0.0, 0.0, -0.2583387494087219, -0.3813631534576416, 0.3847338855266571, 0.315809428691864, 0.496291846036911, -0.4383096992969513, 0.4814830720424652, -0.4354165494441986, -0.1102299690246582, 0.39141780138015747, -0.43269187211990356, 0.0022974014282226562, -0.06751950085163116, -0.3322403132915497, 0.024862349033355713, -0.12698622047901154, 0.5125289559364319, -3.1293797492980957, -0.6485024094581604, 0.8299765586853027, 0.5644219517707825, 1.273732304573059, -0.2985115945339203, -0.011081181466579437, -0.519428551197052, -0.67920982837677, 0.580194354057312, 0.6152896881103516, 0.530316948890686, -1.2682636976242065, 1.0702924728393555, -0.33440297842025757, 0.5736898183822632, 0.9280624389648438, -0.9226635098457336, -0.33611199259757996, 1.0, 1.0, 1.0, 1.0, 1.0, 1.0, 1.0, 1.0, 1.0, 1.0, 1.0, 0.0]"
106,3.655750333564356e-05,0.0,272.08856201171875,0.0,0.0,0.0,0.0,0.0,0.0,3.341845513205044e-05,0.0,248.72537231445312,0.6782821416854858,0.04096021503210068,0.08335386961698532,-0.26180699467658997,-0.3862958252429962,0.37817588448524475,0.31104710698127747,0.9049943685531616,-0.8915934562683105,0.8678509593009949,-0.8170346617698669,-0.8945138454437256,1.2046575546264648,-1.222500205039978,0.7948896884918213,"[0.6782821416854858, 0.04096021503210068, 0.08335386961698532, 0.055653106421232224, 0.2206236869096756, -0.021784981712698936, 0.034937407821416855, 0.012273904867470264, -0.9993138909339905, 0.699999988079071, 0.0, 0.0, -0.26180699467658997, -0.3862958252429962, 0.37817588448524475, 0.31104710698127747, 0.5049943923950195, -0.49159345030784607, 0.4678509533405304, -0.41703465580940247, -0.09451383352279663, 0.4046575427055359, -0.4225001931190491, 0.0025835633277893066, -0.09858493506908417, -0.04145577922463417, -0.4177912175655365, -0.18459060788154602, 0.3760945796966553, -2.2464537620544434, -0.7862908840179443, 0.9037748575210571, 0.8533490300178528, 0.062002770602703094, 1.1085524559020996, -0.04372766986489296, -0.2771399915218353, -0.766339898109436, 0.521881639957428, 0.700899600982666, 0.43443721532821655, -0.8964735269546509, 1.0778934955596924, -0.5017240643501282, 0.5070167183876038, 0.8518868088722229, -0.7540670037269592, -0.4654821753501892, 1.0, 1.0, 1.0, 1.0, 1.0, 1.0, 1.0, 1.0, 1.0, 1.0, 1.0, 0.0]"
107,3.6906261811964214e-05,0.0,274.6842956542969,0.0,0.0,0.0,0.0,0.0,0.0,2.8683492928394116e-05,0.0,213.48422241210938,0.6979983448982239,0.03497960418462753,0.09172943234443665,-0.2652813494205475,-0.38369929790496826,0.36412325501441956,0.3050558865070343,0.9111045598983765,-0.9158923625946045,0.853060245513916,-0.797235369682312,-0.8727096915245056,1.195125699043274,-1.1905845403671265,0.794639527797699,"[0.6979983448982239, 0.03497960418462753, 0.09172943234443665, 0.12102818489074707, 0.1719421148300171, -0.08550827950239182, 0.03816642612218857, 0.008974509313702583, -0.9992313385009766, 0.699999988079071, 0.0, 0.0, -0.2652813494205475, -0.38369929790496826, 0.36412325501441956, 0.3050558865070343, 0.5111045837402344, -0.5158923864364624, 0.45306023955345154, -0.39723536372184753, -0.07270967960357666, 0.39512568712234497, -0.3905845284461975, 0.002333402633666992, -0.11600545048713684, 0.3433101177215576, -0.80925053358078, -0.25277432799339294, 0.24070167541503906, -0.5705550909042358, -0.8248077630996704, 0.965080976486206, 1.1833430528640747, -1.0476397275924683, 2.063319683074951, -0.024745594710111618, -0.4422520101070404, -0.6836501955986023, 0.4260571599006653, 0.7854963541030884, 0.4607371985912323, -0.9609616994857788, 0.9343883991241455, -0.432630717754364, 0.5504759550094604, 0.6757696866989136, -0.5913786292076111, -0.46956372261047363, 1.0, 1.0, 1.0, 1.0, 1.0, 1.0, 1.0, 1.0, 1.0, 1.0, 1.0, 0.0]"
108,3.61310230800882e-05,0.0,268.91436767578125,0.0,0.0,0.0,0.0,0.0,0.0,2.805102849379182e-05,0.0,208.77694702148438,0.7130467295646667,0.029632898047566414,0.09092731028795242,-0.2684653103351593,-0.3733924329280853,0.3411218225955963,0.29845336079597473,0.9152069687843323,-0.910872757434845,0.8340917825698853,-0.7764374017715454,-0.845778226852417,1.1600120067596436,-1.140052080154419,0.79457026720047,"[0.7130467295646667, 0.029632898047566414, 0.09092731028795242, 0.11863280832767487, 0.14082112908363342, -0.12257027626037598, 0.04061272367835045, 0.005251811817288399, -0.9991608262062073, 0.699999988079071, 0.0, 0.0, -0.2684653103351593, -0.3733924329280853, 0.3411218225955963, 0.29845336079597473, 0.5152069330215454, -0.5108727216720581, 0.4340917766094208, -0.37643739581108093, -0.04577821493148804, 0.3600119948387146, -0.34005206823349, 0.0022641420364379883, -0.08355039358139038, 0.681512713432312, -1.2381128072738647, -0.25562500953674316, 0.17687158286571503, 0.6422452926635742, -1.1066012382507324, 1.0110493898391724, 1.3704240322113037, -2.2819786071777344, 2.805253505706787, -0.015641026198863983, -0.5221362709999084, -0.6853972673416138, 0.42046666145324707, 0.8556487560272217, 0.4479353725910187, -0.8882323503494263, 0.8651994466781616, -0.43780067563056946, 0.5560383796691895, 0.4995400011539459, -0.4250662922859192, -0.4960918128490448, 1.0, 1.0, 1.0, 1.0, 1.0, 1.0, 1.0, 1.0, 1.0, 1.0, 1.0, 0.0]"
109,3.5418564948486164e-05,0.0,263.6117248535156,0.0,0.0,0.0,0.0,0.0,0.0,2.739960837061517e-05,0.0,203.9285888671875,0.726304292678833,0.023221595212817192,0.07808458805084229,-0.2707114517688751,-0.35924822092056274,0.3136204779148102,0.2926028370857239,0.9186975359916687,-0.8899915218353271,0.8098741173744202,-0.7549471259117126,-0.8166961073875427,1.1064893007278442,-1.081711769104004,0.7945792078971863,"[0.726304292678833, 0.023221595212817192, 0.07808458805084229, 0.06507834792137146, 0.12192104756832123, -0.13950702548027039, 0.042629942297935486, 0.002267412841320038, -0.9990883469581604, 0.699999988079071, 0.0, 0.0, -0.2707114517688751, -0.35924822092056274, 0.3136204779148102, 0.2926028370857239, 0.5186975002288818, -0.48999151587486267, 0.4098741114139557, -0.35494711995124817, -0.01669609546661377, 0.3064892888069153, -0.28171175718307495, 0.002273082733154297, -0.021420791745185852, 0.8072349429130554, -1.3134081363677979, -0.19949327409267426, 0.18150582909584045, 1.2433737516403198, -1.339988112449646, 1.0457521677017212, 1.425788402557373, -3.0378174781799316, 3.0875298976898193, -0.00506172701716423, -0.6423346996307373, -0.6277162432670593, 0.4289456009864807, 0.8934488296508789, 0.42089080810546875, -0.8684730529785156, 0.7647929191589355, -0.4352683424949646, 0.577720046043396, 0.3292178213596344, -0.2644810676574707, -0.5083904266357422, 1.0, 1.0, 1.0, 1.0, 1.0, 1.0, 1.0, 1.0, 1.0, 1.0, 1.0, 0.0]"
110,3.543674756656401e-05,0.0,263.7470397949219,0.0,0.0,0.0,0.0,0.0,0.0,2.6757297746371478e-05,0.0,199.1480255126953,0.740109920501709,0.014263247139751911,0.060082752257585526,-0.27132147550582886,-0.34348103404045105,0.2891228497028351,0.28847989439964294,0.92247474193573,-0.8609228134155273,0.7818493843078613,-0.732866108417511,-0.7870331406593323,1.0442941188812256,-1.019515037536621,0.7946362495422363,"[0.740109920501709, 0.014263247139751911, 0.060082752257585526, -0.01693878509104252, 0.1102033481001854, -0.15230557322502136, 0.044362448155879974, 0.0008488931925967336, -0.9990150928497314, 0.699999988079071, 0.0, 0.0, -0.27132147550582886, -0.34348103404045105, 0.2891228497028351, 0.28847989439964294, 0.5224747657775879, -0.46092280745506287, 0.38184937834739685, -0.3328661024570465, 0.01296687126159668, 0.24429410696029663, -0.21951502561569214, 0.0023301243782043457, 0.06380081176757812, 0.8506476879119873, -1.0467264652252197, -0.11020749807357788, 0.22366689145565033, 1.5535966157913208, -1.4978452920913696, 1.0883064270019531, 1.4173372983932495, -3.210996150970459, 3.173194646835327, -0.01831939071416855, -0.6962644457817078, -0.6007856726646423, 0.4599347412586212, 0.888393759727478, 0.3632834553718567, -0.8252865076065063, 0.6838566064834595, -0.46174541115760803, 0.5705851912498474, 0.18839779496192932, -0.1196746677160263, -0.4977787137031555, 1.0, 1.0, 1.0, 1.0, 1.0, 1.0, 1.0, 1.0, 1.0, 1.0, 1.0, 0.0]"
111,3.4218137443531305e-05,0.0,254.67723083496094,0.0,0.0,0.0,1.1912919944734313e-05,0.0,88.66494750976562,2.2799167709308676e-05,0.0,169.68862915039062,0.7630882859230042,-0.0001803652266971767,0.0626550242304802,-0.26862090826034546,-0.32572242617607117,0.2812354564666748,0.2879529595375061,0.9263783693313599,-0.8275832533836365,0.7754802107810974,-0.7090240120887756,-0.7554575204849243,0.984076201915741,-0.9823444485664368,0.7943313717842102,"[0.7630882859230042, -0.0001803652266971767, 0.0626550242304802, -0.30161407589912415, -0.01208488829433918, -0.1221880093216896, 0.04515453800559044, 0.0026710631791502237, -0.9989765286445618, 0.699999988079071, 0.0, 0.0, -0.26862090826034546, -0.32572242617607117, 0.2812354564666748, 0.2879529595375061, 0.5263783931732178, -0.427583247423172, 0.37548020482063293, -0.30902400612831116, 0.04454249143600464, 0.184076189994812, -0.1823444366455078, 0.0020252466201782227, 0.3505260646343231, 1.0928826332092285, 0.46468475461006165, 0.20442025363445282, 0.19928018748760223, 1.7378828525543213, 1.3850998878479004, 1.2907696962356567, 1.6752684116363525, -2.9739842414855957, -0.20728987455368042, -0.06023681163787842, -0.7340341210365295, -0.5545560717582703, 0.4751153290271759, 0.893776535987854, 0.2989339232444763, -0.7947840690612793, 0.6123713254928589, -0.49836447834968567, 0.5486463904380798, 0.06700881570577621, -0.01144610345363617, -0.47365355491638184, 1.0, 1.0, 1.0, 1.0, 1.0, 1.0, 1.0, 1.0, 1.0, 1.0, 1.0, 1.0]"
112,2.7026448151445948e-05,0.0,201.1512451171875,0.0,0.0,0.0,1.898849950521253e-05,0.0,141.32676696777344,2.1934763935860246e-05,0.0,163.25509643554688,0.752102255821228,0.005535165313631296,0.062232378870248795,-0.2615235447883606,-0.30666592717170715,0.28709349036216736,0.29224511981010437,0.927769660949707,-0.7932953238487244,0.7912274599075317,-0.6823179721832275,-0.7162218689918518,0.925146222114563,-0.9612919092178345,0.7943929433822632,"[0.752102255821228, 0.005535165313631296, 0.062232378870248795, -0.440200537443161, -0.11489995568990707, -0.10611552745103836, 0.043097853660583496, 0.009008662775158882, -0.9990305304527283, 0.699999988079071, 0.0, 0.0, -0.2615235447883606, -0.30666592717170715, 0.28709349036216736, 0.29224511981010437, 0.5277696847915649, -0.3932953178882599, 0.39122745394706726, -0.28231796622276306, 0.08377814292907715, 0.12514621019363403, -0.16129189729690552, 0.002086818218231201, 0.5118439793586731, 1.009633183479309, 0.4172211289405823, 0.3318156898021698, 0.08781395852565765, 1.6719534397125244, 0.7299357056617737, 1.394200325012207, 1.9524075984954834, -3.2558155059814453, 1.0396336317062378, -0.06823626905679703, -1.1616756916046143, -0.46484217047691345, 0.5287032127380371, 0.9554158449172974, 0.24522274732589722, -0.9069080352783203, 0.5706804990768433, -0.4389296770095825, 0.3699355721473694, -0.17379721999168396, 0.14554019272327423, -0.42863917350769043, 1.0, 1.0, 1.0, 1.0, 1.0, 1.0, 1.0, 1.0, 1.0, 1.0, 1.0, 1.0]"
113,1.1440795788075775e-05,0.0,85.15104675292969,0.0,0.0,0.0,2.469951141392812e-05,0.0,183.83241271972656,1.6309781130985357e-05,0.0,121.38970947265625,0.7382789850234985,0.0170462504029274,0.02795182168483734,-0.2511690855026245,-0.28568071126937866,0.2962547540664673,0.30118393898010254,0.9296694993972778,-0.7643373608589172,0.8039067387580872,-0.6543799042701721,-0.6771738529205322,0.8530942797660828,-0.9365165829658508,0.7940247654914856,"[0.7382789850234985, 0.0170462504029274, 0.02795182168483734, -0.68532794713974, -0.14142917096614838, -0.03018125705420971, 0.03992675244808197, 0.01961890421807766, -0.9990098476409912, 0.699999988079071, 0.0, 0.0, -0.2511690855026245, -0.28568071126937866, 0.2962547540664673, 0.30118393898010254, 0.5296695232391357, -0.36433735489845276, 0.4039067327976227, -0.25437989830970764, 0.12282615900039673, 0.05309426784515381, -0.13651657104492188, 0.0017186403274536133, 0.6752029061317444, 1.220061182975769, 0.5823802351951599, 0.5871575474739075, 0.212977334856987, 1.3795552253723145, 0.6486619114875793, 1.4625853300094604, 1.7867348194122314, -4.073252201080322, 1.2119919061660767, -0.13459919393062592, -1.1410270929336548, -0.3927335739135742, 0.6640305519104004, 0.7665450572967529, 0.41140028834342957, -0.5550455451011658, 0.3665613830089569, -0.708021879196167, -0.003573872148990631, -0.4041273891925812, 0.42236220836639404, -0.22531059384346008, 1.0, 1.0, 1.0, 1.0, 1.0, 1.0, 1.0, 1.0, 1.0, 1.0, 1.0, 0.0]"
114,1.348044975202356e-06,0.0,10.033169746398926,4.737185008707456e-05,0.0,352.5771179199219,3.743574416148476e-05,0.0,278.6250915527344,1.215225893247407e-06,0.0,9.044628143310547,0.713722288608551,0.059662021696567535,0.021150201559066772,-0.2639445662498474,-0.26959550380706787,0.30591440200805664,0.3129103481769562,0.9412955641746521,-0.7427480220794678,0.8161658644676208,-0.6282304525375366,-0.7190632224082947,0.8331137895584106,-0.9129281044006348,0.7919536828994751,"[0.713722288608551, 0.059662021696567535, 0.021150201559066772, -0.4201093018054962, -0.04795311763882637, 0.07215826213359833, 0.037474893033504486, 0.032389502972364426, -0.9987722635269165, 0.699999988079071, 0.0, 0.0, -0.2639445662498474, -0.26959550380706787, 0.30591440200805664, 0.3129103481769562, 0.5412955284118652, -0.3427480161190033, 0.41616585850715637, -0.22823044657707214, 0.08093678951263428, 0.03311377763748169, -0.11292809247970581, -0.00035244226455688477, -1.6549828052520752, 0.29381805658340454, 0.24600137770175934, 0.4208797216415405, 0.5946367383003235, 0.42597901821136475, 0.7320181727409363, 1.1367902755737305, -4.695728302001953, 1.23978590965271, 0.8801201581954956, -0.519717812538147, -0.7224593758583069, -0.3952876627445221, 0.5055712461471558, 0.5943052768707275, 0.9164212942123413, 0.3606054484844208, 0.13158202171325684, -1.3776580095291138, -0.719122052192688, -0.852482795715332, 0.6985306143760681, 0.49103501439094543, 1.0, 1.0, 1.0, 1.0, 1.0, 1.0, 1.0, 1.0, 1.0, 1.0, 1.0, 1.0]"
115,0.0,0.0,0.0,4.37258931924589e-05,0.0,325.4411315917969,3.891084634233266e-05,0.0,289.6039123535156,0.0,0.0,0.0,0.6837838888168335,0.05404948815703392,0.05652667582035065,-0.29877182841300964,-0.269569993019104,0.30415669083595276,0.32156556844711304,0.9414430260658264,-0.7211335301399231,0.8295186161994934,-0.6357554197311401,-0.7878202795982361,0.8354718089103699,-0.8969297409057617,0.7923020124435425,"[0.6837838888168335, 0.05404948815703392, 0.05652667582035065, 0.04000174626708031, 0.07720700651407242, 0.030553529039025307, 0.03773552551865578, 0.03356073796749115, -0.9987241625785828, 0.699999988079071, 0.0, 0.0, -0.29877182841300964, -0.269569993019104, 0.30415669083595276, 0.32156556844711304, 0.5414429903030396, -0.3211335241794586, 0.42951861023902893, -0.23575541377067566, 0.012179732322692871, 0.03547179698944092, -0.09692972898483276, -4.112720489501953e-06, -1.2962719202041626, -0.09342660009860992, -0.12100978195667267, 0.627384603023529, 0.1033695712685585, 0.9803520441055298, 0.7043088674545288, -1.3300330638885498, -3.748314619064331, 0.12057165801525116, 0.5616544485092163, 0.0015671253204345703, -0.5110232830047607, -0.6182047128677368, 0.1373598724603653, 0.8347940444946289, 1.0956840515136719, -0.19969168305397034, 0.5113300085067749, -1.6655577421188354, -1.2019213438034058, -0.4063575267791748, 0.4479057192802429, 0.918224573135376, 1.0, 1.0, 1.0, 1.0, 1.0, 1.0, 1.0, 1.0, 1.0, 1.0, 1.0, 1.0]"
116,0.0,0.0,0.0,2.947142274933867e-05,0.0,219.34860229492188,3.720335735124536e-05,0.0,276.8955078125,0.0,0.0,0.0,0.6603800654411316,0.04525572434067726,0.04212035611271858,-0.3149299919605255,-0.27153632044792175,0.3011077642440796,0.3464454114437103,0.9431836009025574,-0.6969060897827148,0.8431393504142761,-0.6925608515739441,-0.9317688345909119,0.8284410834312439,-0.8869835734367371,0.7923043966293335,"[0.6603800654411316, 0.04525572434067726, 0.04212035611271858, 0.12385320663452148, 0.14053159952163696, 0.004575199913233519, 0.04056130349636078, 0.03218034282326698, -0.9986587762832642, 0.699999988079071, 0.0, 0.0, -0.3149299919605255, -0.27153632044792175, 0.3011077642440796, 0.3464454114437103, 0.5431835651397705, -0.29690608382225037, 0.44313934445381165, -0.2925608456134796, -0.1317688226699829, 0.02844107151031494, -0.0869835615158081, -1.7285346984863281e-06, -0.41597792506217957, -0.16560935974121094, -0.11715222895145416, 1.5970033407211304, -0.18193726241588593, 1.0419704914093018, 0.6905663013458252, -3.6266613006591797, -6.980684757232666, -0.13140656054019928, 0.35076266527175903, 0.001997232437133789, -0.5516110062599182, -0.6605727076530457, 0.3958146274089813, 0.8619676828384399, 1.20998215675354, -0.029227107763290405, 0.35018190741539, -1.5257806777954102, -1.3459798097610474, -0.4369641840457916, 0.6292295455932617, 0.9536218643188477, 1.0, 1.0, 1.0, 1.0, 1.0, 1.0, 1.0, 1.0, 1.0, 1.0, 1.0, 0.0]"
117,0.0,0.0,0.0,3.4290100302314386e-05,0.0,255.21282958984375,3.77518153982237e-05,0.0,280.9775085449219,0.0,0.0,0.0,0.6631426811218262,0.05616971477866173,0.02091304026544094,-0.31834861636161804,-0.27613911032676697,0.29613232612609863,0.3853493332862854,0.9370650053024292,-0.6731570363044739,0.8572744131088257,-0.7789562940597534,-1.0611332654953003,0.8242488503456116,-0.8760767579078674,0.7922995686531067,"[0.6631426811218262, 0.05616971477866173, 0.02091304026544094, 0.26377665996551514, 0.020768165588378906, -0.007721189875155687, 0.04182671755552292, 0.028641100972890854, -0.9987145066261292, 0.699999988079071, 0.0, 0.0, -0.31834861636161804, -0.27613911032676697, 0.29613232612609863, 0.3853493332862854, 0.5370650291442871, -0.2731570303440094, 0.4572744071483612, -0.37895628809928894, -0.26113325357437134, 0.024248838424682617, -0.07607674598693848, -6.556510925292969e-06, -0.1368560940027237, -0.34684014320373535, -0.31188663840293884, 1.8948529958724976, -0.39318978786468506, 0.9716637134552002, 0.7106463313102722, -4.5090436935424805, -5.959252834320068, 0.17732176184654236, 0.5620238780975342, 4.792213439941406e-05, -0.43643584847450256, -0.28693893551826477, 0.49195411801338196, 0.3985700309276581, 1.1875276565551758, 0.393892377614975, 0.3347005546092987, -1.3509552478790283, -0.950110673904419, -0.5047168135643005, 0.6539948582649231, 1.234276533126831, 1.0, 1.0, 1.0, 1.0, 1.0, 1.0, 1.0, 1.0, 1.0, 1.0, 1.0, 0.0]"
118,0.0,0.0,0.0,4.2890831537079066e-05,0.0,319.2259826660156,3.77386822947301e-05,0.0,280.8797912597656,0.0,0.0,0.0,0.6967061758041382,0.07231851667165756,0.050482071936130524,-0.314519464969635,-0.2851290702819824,0.2873181402683258,0.4065248966217041,0.9208567142486572,-0.6462935209274292,0.8699451684951782,-0.8606236577033997,-1.116715431213379,0.8210843205451965,-0.8579631447792053,0.79229736328125,"[0.6967061758041382, 0.07231851667165756, 0.050482071936130524, 0.38755473494529724, -0.10497280955314636, -0.03212764486670494, 0.040440354496240616, 0.02184823900461197, -0.9989432096481323, 0.699999988079071, 0.0, 0.0, -0.314519464969635, -0.2851290702819824, 0.2873181402683258, 0.4065248966217041, 0.5208567380905151, -0.24629351496696472, 0.46994516253471375, -0.4606236517429352, -0.31671541929244995, 0.021084308624267578, -0.05796313285827637, -8.761882781982422e-06, 0.4323749542236328, -0.5048000812530518, -0.49090301990509033, 0.4059448838233948, -1.171521782875061, 1.1797120571136475, 0.555119514465332, -3.677114248275757, -0.34192749857902527, 0.1475219875574112, 1.0957276821136475, -0.0002741813659667969, -0.5110899209976196, -0.24832046031951904, 0.6285639405250549, 0.349580317735672, 1.0096020698547363, 0.3636890947818756, 0.19459214806556702, -1.3271136283874512, -0.5597080588340759, -0.5232661366462708, 0.5782202482223511, 1.1530603170394897, 1.0, 1.0, 1.0, 1.0, 1.0, 1.0, 1.0, 1.0, 1.0, 1.0, 1.0, 0.0]"
119,0.0,0.0,0.0,4.1781258914852515e-05,0.0,310.9676818847656,3.401906360522844e-05,0.0,253.19557189941406,0.0,0.0,0.0,0.7393245100975037,0.08203264325857162,0.08757805079221725,-0.3006173074245453,-0.29260167479515076,0.2796131670475006,0.39472758769989014,0.8923516869544983,-0.6153362989425659,0.8767256140708923,-0.9166312217712402,-1.0903068780899048,0.8160264492034912,-0.827161967754364,0.7922957539558411,"[0.7393245100975037, 0.08203264325857162, 0.08757805079221725, 0.16717632114887238, -0.1419849842786789, -0.031066816300153732, 0.03755564987659454, 0.017214210703969002, -0.9991462230682373, 0.699999988079071, 0.0, 0.0, -0.3006173074245453, -0.29260167479515076, 0.2796131670475006, 0.39472758769989014, 0.4923516809940338, -0.21533629298210144, 0.47672560811042786, -0.5166312456130981, -0.29030686616897583, 0.016026437282562256, -0.02716195583343506, -1.0371208190917969e-05, 0.8117690086364746, -0.30615234375, -0.3300052583217621, -1.1347140073776245, -1.6066902875900269, 1.3492077589035034, 0.23682506382465363, -2.3112552165985107, 2.154006242752075, 0.04611468315124512, 1.7301483154296875, -0.0009071826934814453, -0.39923104643821716, -0.3978823721408844, 0.6129993796348572, 0.3798513412475586, 0.922869086265564, 0.37434622645378113, 0.34502115845680237, -1.3418186902999878, -0.33137041330337524, -0.5196120142936707, 0.5319138765335083, 0.8711063265800476, 1.0, 1.0, 1.0, 1.0, 1.0, 1.0, 1.0, 1.0, 1.0, 1.0, 1.0, 0.0]"
120,0.0,0.0,0.0,3.428536365390755e-05,0.0,255.1775665283203,2.2754045858164318e-05,0.0,169.35279846191406,0.0,0.0,0.0,0.7771991491317749,0.08106908202171326,0.08053633570671082,-0.2793095111846924,-0.2965632975101471,0.2750144898891449,0.3615109324455261,0.8550794720649719,-0.5821408033370972,0.87969970703125,-0.9512336254119873,-1.0262641906738281,0.8082520961761475,-0.7899578809738159,0.792296290397644,"[0.7771991491317749, 0.08106908202171326, 0.08053633570671082, 0.056602731347084045, -0.07118444889783859, -0.026517564430832863, 0.0352485291659832, 0.016064893454313278, -0.9992491602897644, 0.699999988079071, 0.0, 0.0, -0.2793095111846924, -0.2965632975101471, 0.2750144898891449, 0.3615109324455261, 0.45507946610450745, -0.1821407973766327, 0.4796997010707855, -0.5512336492538452, -0.22626417875289917, 0.008252084255218506, 0.010042130947113037, -9.834766387939453e-06, 1.2116589546203613, -0.19557662308216095, -0.21770235896110535, -1.8982712030410767, -2.105355739593506, 1.464981198310852, 0.18958385288715363, -1.427778959274292, 4.013182163238525, -0.159099742770195, 1.7660081386566162, 0.000202178955078125, -0.3400849401950836, -0.4763564467430115, 0.556479811668396, 0.4600010812282562, 0.6802366971969604, 0.17886528372764587, 0.5389151573181152, -1.0952723026275635, 0.050475046038627625, -0.529206395149231, 0.31018853187561035, 0.500767171382904, 1.0, 1.0, 1.0, 1.0, 1.0, 1.0, 1.0, 1.0, 1.0, 1.0, 1.0, 0.0]"
121,0.0,0.0,0.0,1.548452564748004e-05,0.0,115.2475357055664,0.0,0.0,0.0,0.0,0.0,0.0,0.8042861223220825,0.06965021044015884,-0.00689340615645051,-0.24992865324020386,-0.2993523180484772,0.2723897099494934,0.3219399154186249,0.8064954280853271,-0.5502245426177979,0.8863194584846497,-0.9695795774459839,-0.9345844388008118,0.7985572218894958,-0.7694012522697449,0.7923040390014648,"[0.8042861223220825, 0.06965021044015884, -0.00689340615645051, 0.016361119225621223, 0.12336204200983047, -0.005441431887447834, 0.035981059074401855, 0.015512779355049133, -0.9992319345474243, 0.699999988079071, 0.0, 0.0, -0.24992865324020386, -0.2993523180484772, 0.2723897099494934, 0.3219399154186249, 0.40649542212486267, -0.15022453665733337, 0.4863194525241852, -0.5695796012878418, -0.1345844268798828, -0.0014427900314331055, 0.030598759651184082, -2.086162567138672e-06, 1.6305928230285645, -0.12122326344251633, -0.02194136008620262, -2.00144362449646, -2.6892268657684326, 1.430938720703125, 0.4323444962501526, -0.5610536336898804, 5.026202201843262, -0.36693239212036133, -0.47140932083129883, 9.407103061676025e-05, -0.3665336072444916, -0.4740919768810272, 0.6986433267593384, 0.4439970850944519, 0.2921959459781647, -0.31463953852653503, 0.7614040374755859, -0.6941193342208862, 0.46742725372314453, -0.2518337070941925, -0.21877150237560272, 0.05277220159769058, 1.0, 1.0, 1.0, 1.0, 1.0, 1.0, 1.0, 1.0, 1.0, 1.0, 1.0, 0.0]"
122,4.7839523176662624e-05,0.0,356.0578918457031,0.0,0.0,0.0,0.0,0.0,0.0,0.0,0.0,0.0,0.8124538064002991,0.04198224097490311,-0.0683038979768753,-0.25502273440361023,-0.30579423904418945,0.28247860074043274,0.2760861814022064,0.8297120928764343,-0.5238531231880188,0.8953626751899719,-0.9616667628288269,-0.920944094657898,0.8007219433784485,-0.8296000361442566,0.7923089265823364,"[0.8124538064002991, 0.04198224097490311, -0.0683038979768753, 0.05928999185562134, -0.18578946590423584, -0.04174888879060745, 0.03464070335030556, 0.011783353053033352, -0.9993308186531067, 0.699999988079071, 0.0, 0.0, -0.25502273440361023, -0.30579423904418945, 0.28247860074043274, 0.2760861814022064, 0.42971208691596985, -0.12385311722755432, 0.49536266922950745, -0.56166672706604, -0.120944082736969, 0.0007219314575195312, -0.029600024223327637, 2.8014183044433594e-06, -0.11282344907522202, -0.18045207858085632, 1.207887887954712, -2.014577627182007, 1.3616702556610107, 0.8063719272613525, 0.49145281314849854, 0.9729289412498474, 0.41388973593711853, 1.0624592304229736, -4.308019161224365, -0.012956971302628517, -0.5104230642318726, -0.6616281867027283, 0.9592673778533936, 0.6209150552749634, 0.039888620376586914, -1.0706908702850342, 0.9996044635772705, -0.49530789256095886, 0.5961772799491882, 0.44092485308647156, -1.1298925876617432, -0.3381759524345398, 1.0, 1.0, 1.0, 1.0, 1.0, 1.0, 1.0, 1.0, 1.0, 1.0, 1.0, 0.0]"
123,4.123630787944421e-05,0.0,306.9117736816406,0.0,0.0,0.0,0.0,0.0,0.0,0.0,0.0,0.0,0.7672595977783203,0.0070349667221307755,-0.14375926554203033,-0.2567211091518402,-0.315253347158432,0.32459521293640137,0.24480955302715302,0.8532185554504395,-0.5380470156669617,0.9078090786933899,-0.9255139827728271,-0.9027315974235535,0.8917327523231506,-0.9337119460105896,0.7923073768615723,"[0.7672595977783203, 0.0070349667221307755, -0.14375926554203033, 0.24754191935062408, -0.5424335598945618, 0.03267277404665947, 0.026373017579317093, 0.010658985003829002, -0.999595046043396, 0.699999988079071, 0.0, 0.0, -0.2567211091518402, -0.315253347158432, 0.32459521293640137, 0.24480955302715302, 0.453218549489975, -0.1380470097064972, 0.507809042930603, -0.5255140066146851, -0.10273158550262451, 0.09173274040222168, -0.13371193408966064, 1.2516975402832031e-06, -0.2568349540233612, -0.8691412210464478, 2.296832799911499, -1.544992208480835, 1.1977118253707886, -1.4960899353027344, 0.7689840793609619, 2.256613254547119, 1.0478523969650269, 5.6589765548706055, -5.768674850463867, -0.008254360407590866, -0.5797096490859985, -0.7293373942375183, 0.6720287203788757, 0.45498988032341003, 0.4312966465950012, -1.0865230560302734, 1.2547482252120972, -0.4091031849384308, 0.41688233613967896, 0.8813785314559937, -1.4258698225021362, -0.5551050305366516, 1.0, 1.0, 1.0, 1.0, 1.0, 1.0, 1.0, 1.0, 1.0, 1.0, 1.0, 0.0]"
124,3.006861879839562e-05,0.0,223.7933807373047,0.0,0.0,0.0,0.0,0.0,0.0,0.0,0.0,0.0,0.7391204833984375,1.019958290271461e-05,-0.25746747851371765,-0.272621750831604,-0.34787076711654663,0.3611006438732147,0.20815373957157135,0.8717940449714661,-0.5856078267097473,0.9285106062889099,-0.8694953918457031,-0.8710996508598328,0.9978538155555725,-1.0658568143844604,0.7922924757003784,"[0.7391204833984375, 1.019958290271461e-05, -0.25746747851371765, 1.0351481437683105, -0.7889136075973511, 0.12302784621715546, 0.012347325682640076, -0.005094326101243496, -0.9999105930328369, 0.699999988079071, 0.0, 0.0, -0.272621750831604, -0.34787076711654663, 0.3611006438732147, 0.20815373957157135, 0.4717940390110016, -0.18560782074928284, 0.528510570526123, -0.46949538588523865, -0.07109963893890381, 0.19785380363464355, -0.2658568024635315, -1.3649463653564453e-05, -1.0556185245513916, -1.9589564800262451, 1.5397158861160278, -1.8512002229690552, 0.9857389330863953, -2.8321011066436768, 1.095461368560791, 3.0378470420837402, 1.5943573713302612, 4.96807861328125, -6.801033973693848, 0.02248036488890648, -0.4468819797039032, -0.8292538523674011, 0.8321880102157593, 0.34058114886283875, 0.33597123622894287, -1.1524077653884888, 1.0729703903198242, -0.30615511536598206, 0.32689762115478516, 0.8533484935760498, -1.4349186420440674, -0.6016321778297424, 1.0, 1.0, 1.0, 1.0, 1.0, 1.0, 1.0, 1.0, 1.0, 1.0, 1.0, 0.0]"
125,3.841021316475235e-05,0.0,285.8778076171875,0.0,0.0,0.0,0.0,0.0,0.0,0.00010536378249526024,0.0,784.19677734375,0.6974087357521057,0.030312879011034966,0.016738206148147583,-0.26211392879486084,-0.3685295581817627,0.41452187299728394,0.21878278255462646,0.8984130620956421,-0.6593449711799622,0.9212865233421326,-0.8605337738990784,-0.869174599647522,1.064919352531433,-1.1850199699401855,0.8169674277305603,"[0.6974087357521057, 0.030312879011034966, 0.016738206148147583, -1.8374992609024048, 0.4529847502708435, -0.20678755640983582, 0.009316477924585342, 0.006605192553251982, -0.999934732913971, 0.699999988079071, 0.0, 0.0, -0.26211392879486084, -0.3685295581817627, 0.41452187299728394, 0.21878278255462646, 0.4984130561351776, -0.2593449652194977, 0.5212864875793457, -0.4605337679386139, -0.06917458772659302, 0.26491934061050415, -0.3850199580192566, 0.02466130256652832, 1.7026455402374268, -0.47042784094810486, 3.332381248474121, 1.5587410926818848, 1.6520999670028687, -4.054183006286621, -1.4903321266174316, 1.5317299365997314, -1.2227526903152466, 1.9762811660766602, -5.205390453338623, -1.2899852991104126, -0.25321587920188904, -1.0596532821655273, 0.6739478707313538, 0.345607191324234, 0.27808940410614014, -0.9354336261749268, 1.1412562131881714, -0.17761701345443726, 0.29627132415771484, 0.6855687499046326, -1.2461943626403809, -0.893618643283844, 1.0, 1.0, 1.0, 1.0, 1.0, 1.0, 1.0, 1.0, 1.0, 1.0, 1.0, 1.0]"
126,4.400885518407449e-05,0.0,327.5471496582031,0.0,0.0,0.0,0.0,0.0,0.0,0.0,0.0,0.0,0.6957876682281494,0.10333539545536041,0.061138466000556946,-0.2434040755033493,-0.409260094165802,0.4396010935306549,0.23203128576278687,0.9205640554428101,-0.7346309423446655,0.8850528597831726,-0.8214669227600098,-0.8800735473632812,1.0913091897964478,-1.2471598386764526,0.7922642230987549,"[0.6957876682281494, 0.10333539545536041, 0.061138466000556946, -0.31221115589141846, 0.4180390238761902, -0.23821128904819489, 0.020207161083817482, 0.027936208993196487, -0.9994051456451416, 0.699999988079071, 0.0, 0.0, -0.2434040755033493, -0.409260094165802, 0.4396010935306549, 0.23203128576278687, 0.520564079284668, -0.33463093638420105, 0.48505285382270813, -0.4214669167995453, -0.0800735354423523, 0.2913091778755188, -0.4471598267555237, -4.190206527709961e-05, 0.19881609082221985, -2.8258135318756104, -0.24681128561496735, -0.11782730370759964, 0.7509230971336365, -3.5252249240875244, -1.7609176635742188, 1.9660824537277222, 0.16683290898799896, 1.4898263216018677, -1.2550702095031738, 0.07974381744861603, -1.1394729614257812, -0.09050003439188004, 0.44698700308799744, 0.8282830715179443, 0.25496116280555725, -1.657567024230957, 1.1142319440841675, -0.43421730399131775, 0.6146658062934875, 0.8378286361694336, -0.998477041721344, -0.2610413432121277, 1.0, 1.0, 1.0, 1.0, 1.0, 1.0, 1.0, 1.0, 1.0, 1.0, 1.0, 1.0]"
127,4.527276905719191e-05,0.0,336.95416259765625,0.0,0.0,0.0,0.0,0.0,0.0,3.2361513149226084e-05,0.0,240.8588104248047,0.6896136999130249,0.06557818502187729,0.02452988177537918,-0.2435176819562912,-0.44008150696754456,0.4217483699321747,0.22927306592464447,0.9329119324684143,-0.8033522367477417,0.8555001020431519,-0.7991056442260742,-0.867048442363739,1.1258811950683594,-1.2404512166976929,0.7958601117134094,"[0.6896136999130249, 0.06557818502187729, 0.02452988177537918, -0.4308066964149475, 0.14449846744537354, -0.09175790101289749, 0.023621700704097748, 0.02991105243563652, -0.9992735981941223, 0.699999988079071, 0.0, 0.0, -0.2435176819562912, -0.44008150696754456, 0.4217483699321747, 0.22927306592464447, 0.5329118967056274, -0.4033522307872772, 0.4555000960826874, -0.39910563826560974, -0.06704843044281006, 0.3258811831474304, -0.4404512047767639, 0.0035539865493774414, 0.3202107548713684, -0.1943381428718567, -0.5814275741577148, 0.19332222640514374, 0.7409760355949402, -3.5170717239379883, -1.392907738685608, 1.111234188079834, 0.5047261714935303, 1.9799690246582031, 0.8820029497146606, -0.11911831796169281, -0.7763750553131104, -0.4840717613697052, 0.728316068649292, 0.6242820024490356, 0.21108479797840118, -1.3904919624328613, 1.1278430223464966, -0.6389002799987793, 0.6077932119369507, 0.9824299812316895, -0.8115442991256714, -0.43718037009239197, 1.0, 1.0, 1.0, 1.0, 1.0, 1.0, 1.0, 1.0, 1.0, 1.0, 1.0, 1.0]"
128,4.503372838371433e-05,0.0,335.175048828125,0.0,0.0,0.0,0.0,0.0,0.0,3.3359832741552964e-05,0.0,248.28907775878906,0.6949843764305115,0.04023361951112747,0.033876463770866394,-0.23460432887077332,-0.41747134923934937,0.4160591661930084,0.23718933761119843,0.9466320872306824,-0.8730490803718567,0.8347225189208984,-0.7773128151893616,-0.8535792827606201,1.1696943044662476,-1.2141841650009155,0.7954221367835999,"[0.6949843764305115, 0.04023361951112747, 0.033876463770866394, -0.5088443756103516, 0.0769139751791954, -0.04099000617861748, 0.024980345740914345, 0.04062354192137718, -0.998862087726593, 0.699999988079071, 0.0, 0.0, -0.23460432887077332, -0.41747134923934937, 0.4160591661930084, 0.23718933761119843, 0.5466320514678955, -0.4730490744113922, 0.43472251296043396, -0.3773128092288971, -0.05357927083969116, 0.3696942925453186, -0.4141841530799866, 0.003116011619567871, 0.42748409509658813, 1.6142593622207642, -0.2651142179965973, 0.38917362689971924, 0.6281850337982178, -3.294917106628418, -0.8965460062026978, 1.0495152473449707, 0.7573121786117554, 1.6842052936553955, 1.6517605781555176, 0.0029232949018478394, -0.835886538028717, -0.4855697453022003, 0.6421676874160767, 0.7623081207275391, 0.19576802849769592, -1.3080013990402222, 1.0345929861068726, -0.46040257811546326, 0.6184992790222168, 0.8789613246917725, -0.6991724371910095, -0.40194788575172424, 1.0, 1.0, 1.0, 1.0, 1.0, 1.0, 1.0, 1.0, 1.0, 1.0, 1.0, 1.0]"
129,4.2981599108316004e-05,0.0,319.90155029296875,0.0,0.0,0.0,0.0,0.0,0.0,3.3326617995044217e-05,0.0,248.0418701171875,0.7119787335395813,0.05294901877641678,0.07974543422460556,-0.233063742518425,-0.38398683071136475,0.40271225571632385,0.23697763681411743,0.9530571103096008,-0.9240121841430664,0.8206033706665039,-0.7552835941314697,-0.8291908502578735,1.1739227771759033,-1.1743732690811157,0.7950024604797363,"[0.7119787335395813, 0.05294901877641678, 0.07974543422460556, -0.05078137293457985, 0.12315314263105392, -0.07881675660610199, 0.02638496644794941, 0.0432552844285965, -0.9987156987190247, 0.699999988079071, 0.0, 0.0, -0.233063742518425, -0.38398683071136475, 0.40271225571632385, 0.23697763681411743, 0.553057074546814, -0.5240122079849243, 0.42060336470603943, -0.35528358817100525, -0.02919083833694458, 0.37392276525497437, -0.37437325716018677, 0.0026963353157043457, 0.0060234516859054565, 1.7719032764434814, -0.8145110607147217, -0.10634785145521164, 0.19971081614494324, -1.999185562133789, -0.790415346622467, 1.1424448490142822, 1.3490543365478516, -1.0894767045974731, 2.669755697250366, -0.1729719638824463, -0.7852254509925842, -0.6106482148170471, 0.6537010669708252, 0.9634193181991577, 0.19259966909885406, -1.1628658771514893, 0.8587902784347534, -0.4323698878288269, 0.6733556389808655, 0.5320616364479065, -0.36890286207199097, -0.4161685109138489, 1.0, 1.0, 1.0, 1.0, 1.0, 1.0, 1.0, 1.0, 1.0, 1.0, 1.0, 1.0]"
130,4.050956340506673e-05,0.0,301.5028076171875,0.0,0.0,0.0,0.0,0.0,0.0,2.5852164981188253e-05,0.0,192.41134643554688,0.7269555926322937,0.05807611718773842,0.09837481379508972,-0.2380891591310501,-0.35042715072631836,0.38043707609176636,0.22898824512958527,0.9518172740936279,-0.945401668548584,0.8017634749412537,-0.7325161099433899,-0.7924578785896301,1.1187092065811157,-1.0997049808502197,0.7946130037307739,"[0.7269555926322937, 0.05807611718773842, 0.09837481379508972, 0.2657162845134735, 0.054436154663562775, -0.11314155906438828, 0.027411427348852158, 0.03864704817533493, -0.9988771677017212, 0.699999988079071, 0.0, 0.0, -0.2380891591310501, -0.35042715072631836, 0.38043707609176636, 0.22898824512958527, 0.5518172979354858, -0.5454016923904419, 0.4017634689807892, -0.3325161039829254, 0.007542133331298828, 0.31870919466018677, -0.29970496892929077, 0.0023068785667419434, -0.27423691749572754, 1.7863876819610596, -1.200618863105774, -0.47213083505630493, -0.14610694348812103, -0.4442298114299774, -1.203678846359253, 1.1315054893493652, 1.9814200401306152, -4.28930139541626, 4.651839733123779, 0.06044766306877136, -0.9288358688354492, -0.5251335501670837, 0.5364003777503967, 1.1026828289031982, 0.21404391527175903, -0.9442061185836792, 0.6180158853530884, -0.4237685203552246, 0.6474276185035706, 0.03743872791528702, 0.08455784618854523, -0.4061289429664612, 1.0, 1.0, 1.0, 1.0, 1.0, 1.0, 1.0, 1.0, 1.0, 1.0, 1.0, 0.0]"
131,2.600842526589986e-05,0.0,193.5743408203125,0.0,0.0,0.0,0.0,0.0,0.0,1.8299013390787877e-05,0.0,136.195068359375,0.7429440021514893,0.0587320551276207,0.08116131275892258,-0.24414382874965668,-0.31256186962127686,0.35377416014671326,0.21969909965991974,0.9472883343696594,-0.9367772340774536,0.7687870860099792,-0.7088270783424377,-0.7495886087417603,1.0143711566925049,-0.9901140332221985,0.7941444516181946,"[0.7429440021514893, 0.0587320551276207, 0.08116131275892258, 0.21338187158107758, 0.053250398486852646, -0.12841150164604187, 0.027879107743501663, 0.03276170417666435, -0.9990744590759277, 0.699999988079071, 0.0, 0.0, -0.24414382874965668, -0.31256186962127686, 0.35377416014671326, 0.21969909965991974, 0.5472882986068726, -0.5367772579193115, 0.36878708004951477, -0.30882707238197327, 0.0504114031791687, 0.21437114477157593, -0.19011402130126953, 0.0018383264541625977, -0.23110508918762207, 2.0872104167938232, -1.3011553287506104, -0.5858814716339111, -0.14477284252643585, 1.069663405418396, -1.9514014720916748, 1.2513943910598755, 2.019033908843994, -5.9382123947143555, 5.846663951873779, -0.047724075615406036, -0.5894657969474792, -0.5409685373306274, 0.5842798948287964, 1.0126020908355713, 0.6047016978263855, -0.07825878262519836, 0.45931532979011536, -0.7754077911376953, 0.3376433849334717, -0.5609326362609863, 0.466894268989563, 0.12032832950353622, 1.0, 1.0, 1.0, 1.0, 1.0, 1.0, 1.0, 1.0, 1.0, 1.0, 1.0, 1.0]"
132,0.0,0.0,0.0,0.0,0.0,0.0,1.5038302080938593e-05,0.0,111.92639923095703,8.112358045764267e-06,0.0,60.3782958984375,0.7601836323738098,0.04615693539381027,0.018055282533168793,-0.2440924495458603,-0.25714781880378723,0.35080668330192566,0.2226448953151703,0.9499056339263916,-0.8901817798614502,0.7707577347755432,-0.6855280995368958,-0.7330137491226196,0.876581609249115,-0.9478210210800171,0.7937377691268921,"[0.7601836323738098, 0.04615693539381027, 0.018055282533168793, -0.522351861000061, -0.049069542437791824, -0.10108263790607452, 0.02751936949789524, 0.03682657703757286, -0.9989426732063293, 0.699999988079071, 0.0, 0.0, -0.2440924495458603, -0.25714781880378723, 0.35080668330192566, 0.2226448953151703, 0.5499056577682495, -0.4901817739009857, 0.37075772881507874, -0.2855280935764313, 0.06698626279830933, 0.07658159732818604, -0.14782100915908813, 0.0014316439628601074, -0.0905846357345581, 3.137610912322998, 0.49484118819236755, 0.4999699592590332, 0.4710274338722229, 3.0093417167663574, 0.6884518265724182, 1.1107754707336426, -1.9525703191757202, -7.193902492523193, 0.9028619527816772, -0.07968371361494064, -1.131406545639038, -0.30420759320259094, 0.4164191782474518, 0.8854902982711792, 0.7703721523284912, -0.19601228833198547, 0.3364461660385132, -1.3083096742630005, -0.43552684783935547, -0.703331470489502, 0.5328012108802795, 0.47027894854545593, 1.0, 1.0, 1.0, 1.0, 1.0, 1.0, 1.0, 1.0, 1.0, 1.0, 1.0, 1.0]"
133,0.0,0.0,0.0,5.7165088946931064e-05,0.0,425.46575927734375,3.890107473125681e-05,0.0,289.53118896484375,0.0,0.0,0.0,0.703700840473175,0.09441368281841278,0.07410729676485062,-0.2727934420108795,-0.2350221574306488,0.35459771752357483,0.23438991606235504,0.953627347946167,-0.8466036319732666,0.7863835692405701,-0.6767463088035583,-0.8156728744506836,0.8319492340087891,-0.9328911900520325,0.7923024892807007,"[0.703700840473175, 0.09441368281841278, 0.07410729676485062, 0.005581569857895374, 0.09626602381467819, 0.02187395840883255, 0.02718610130250454, 0.04385311156511307, -0.9986681342124939, 0.699999988079071, 0.0, 0.0, -0.2727934420108795, -0.2350221574306488, 0.35459771752357483, 0.23438991606235504, 0.5536273717880249, -0.4466036260128021, 0.3863835632801056, -0.27674630284309387, -0.01567286252975464, 0.03194922208786011, -0.13289117813110352, -3.635883331298828e-06, -2.1234676837921143, -0.14774727821350098, -0.16774998605251312, 0.8303209543228149, -0.4076755940914154, 0.43441978096961975, 0.9390367865562439, -0.43352916836738586, -3.4136040210723877, 0.7912852764129639, 0.28026536107063293, 0.020824793726205826, -0.6262029409408569, -0.6677066087722778, 0.16493169963359833, 1.115656852722168, 1.1170353889465332, -0.10387375950813293, 0.4191439747810364, -1.5923455953598022, -1.0073195695877075, -0.5820887088775635, 0.5245265960693359, 0.7746386528015137, 1.0, 1.0, 1.0, 1.0, 1.0, 1.0, 1.0, 1.0, 1.0, 1.0, 1.0, 1.0]"
134,0.0,0.0,0.0,4.067237750859931e-05,0.0,302.714599609375,3.6050594644621015e-05,0.0,268.3157653808594,0.0,0.0,0.0,0.6673495769500732,0.06725501269102097,0.09207196533679962,-0.316533625125885,-0.2380191534757614,0.3493865132331848,0.27813002467155457,0.9417689442634583,-0.8243119716644287,0.8015189170837402,-0.7190104126930237,-0.9223855137825012,0.8273857235908508,-0.925628662109375,0.7923044562339783,"[0.6673495769500732, 0.06725501269102097, 0.09207196533679962, 0.15993280708789825, 0.23556183278560638, 0.06975693255662918, 0.030946871265769005, 0.04181927442550659, -0.9986456036567688, 0.699999988079071, 0.0, 0.0, -0.316533625125885, -0.2380191534757614, 0.3493865132331848, 0.27813002467155457, 0.5417689085006714, -0.42431196570396423, 0.40151891112327576, -0.3190104067325592, -0.12238550186157227, 0.027385711669921875, -0.12562865018844604, -1.6689300537109375e-06, -1.9247395992279053, -0.17061440646648407, -0.2680864930152893, 2.8794796466827393, -0.7098537087440491, 1.1040713787078857, 0.7953734993934631, -2.9866201877593994, -6.3664045333862305, -0.3740874230861664, 0.15364547073841095, -8.177757263183594e-05, -0.38729918003082275, -0.764457643032074, 0.36669909954071045, 0.8530582189559937, 1.2033580541610718, -0.07394376397132874, 0.5205161571502686, -1.5269920825958252, -1.2576900720596313, -0.34559884667396545, 0.5480689406394958, 1.0129504203796387, 1.0, 1.0, 1.0, 1.0, 1.0, 1.0, 1.0, 1.0, 1.0, 1.0, 1.0, 1.0]"
135,0.0,0.0,0.0,2.6410139980725944e-05,0.0,196.564208984375,3.405449751880951e-05,0.0,253.45928955078125,0.0,0.0,0.0,0.6577214598655701,0.05554690584540367,0.0583658330142498,-0.3363431394100189,-0.24304413795471191,0.3426365256309509,0.34582027792930603,0.923551082611084,-0.8014770746231079,0.8173200488090515,-0.7944119572639465,-1.0499107837677002,0.82054603099823,-0.9208402633666992,0.7923014760017395,"[0.6577214598655701, 0.05554690584540367, 0.0583658330142498, 0.30216851830482483, 0.1444993019104004, 0.019449207931756973, 0.03489363566040993, 0.03704812377691269, -0.9987040162086487, 0.699999988079071, 0.0, 0.0, -0.3363431394100189, -0.24304413795471191, 0.3426365256309509, 0.34582027792930603, 0.5235511064529419, -0.40147706866264343, 0.41732004284858704, -0.39441195130348206, -0.24991077184677124, 0.020546019077301025, -0.12084025144577026, -4.649162292480469e-06, -0.5177042484283447, -0.33211851119995117, -0.37073957920074463, 3.4620003700256348, -0.9749351143836975, 0.9599688053131104, 0.8296297788619995, -3.989077091217041, -6.042006492614746, -0.051134154200553894, 0.22914017736911774, -0.0004525184631347656, -0.5413422584533691, -0.5527390837669373, 0.4056251645088196, 0.8374955654144287, 1.3115466833114624, -0.12865886092185974, 0.5318430662155151, -1.264714002609253, -1.0897160768508911, -0.410076767206192, 0.6103844046592712, 0.9025477170944214, 1.0, 1.0, 1.0, 1.0, 1.0, 1.0, 1.0, 1.0, 1.0, 1.0, 1.0, 0.0]"
136,0.0,0.0,0.0,3.622366421041079e-05,0.0,269.6038818359375,3.513446426950395e-05,0.0,261.4972229003906,0.0,0.0,0.0,0.6806743144989014,0.06926807016134262,0.042256373912096024,-0.34126609563827515,-0.2534599006175995,0.33186033368110657,0.4034189283847809,0.9052659869194031,-0.779620885848999,0.8348309397697449,-0.8666972517967224,-1.1339013576507568,0.8216840028762817,-0.9126869440078735,0.7923064231872559,"[0.6806743144989014, 0.06926807016134262, 0.042256373912096024, 0.5560586452484131, -0.04638228192925453, -0.01750001683831215, 0.03524838387966156, 0.02797933667898178, -0.9989866614341736, 0.699999988079071, 0.0, 0.0, -0.34126609563827515, -0.2534599006175995, 0.33186033368110657, 0.4034189283847809, 0.5052659511566162, -0.37962087988853455, 0.4348309338092804, -0.46669724583625793, -0.3339013457298279, 0.021683990955352783, -0.11268693208694458, 2.980232238769531e-07, -0.11390101909637451, -0.6383222937583923, -0.6353631615638733, 2.305943727493286, -0.9510049819946289, 1.014178991317749, 0.9012095332145691, -3.219979763031006, -2.291137218475342, 0.29332005977630615, 0.4953000545501709, 0.002625703811645508, -0.43753781914711, -0.19725048542022705, 0.6919647455215454, 0.39327359199523926, 1.278512954711914, 0.2742757499217987, 0.36715880036354065, -1.3005136251449585, -0.7820593118667603, -0.48960113525390625, 0.655648946762085, 1.0433740615844727, 1.0, 1.0, 1.0, 1.0, 1.0, 1.0, 1.0, 1.0, 1.0, 1.0, 1.0, 0.0]"
137,0.0,0.0,0.0,4.6364672016352415e-05,0.0,345.0809326171875,3.616930189309642e-05,0.0,269.19927978515625,0.0,0.0,0.0,0.7143203020095825,0.07553669810295105,0.0726616382598877,-0.3370424807071686,-0.2655583620071411,0.31979089975357056,0.42547041177749634,0.8884439468383789,-0.7550520896911621,0.849736750125885,-0.9134155511856079,-1.13618004322052,0.8244537711143494,-0.895632266998291,0.7923083901405334,"[0.7143203020095825, 0.07553669810295105, 0.0726616382598877, 0.4375157058238983, -0.1127437874674797, -0.05582435801625252, 0.03318613022565842, 0.018105793744325638, -0.9992848038673401, 0.699999988079071, 0.0, 0.0, -0.3370424807071686, -0.2655583620071411, 0.31979089975357056, 0.42547041177749634, 0.48844394087791443, -0.35505208373069763, 0.44973674416542053, -0.5134155750274658, -0.33618003129959106, 0.02445375919342041, -0.09563225507736206, 2.2649765014648438e-06, 0.3647841513156891, -0.6026325225830078, -0.5364717841148376, 0.3700777292251587, -0.7812960743904114, 1.1125422716140747, 0.6939671039581299, -1.8365883827209473, 0.7862160205841064, 0.4422362148761749, 0.9980952739715576, 0.00722193717956543, -0.5695838928222656, -0.14978674054145813, 0.6683660745620728, 0.36238572001457214, 1.0987672805786133, 0.21209761500358582, 0.32530245184898376, -1.3605637550354004, -0.6028653979301453, -0.5025262832641602, 0.574812650680542, 1.0176684856414795, 1.0, 1.0, 1.0, 1.0, 1.0, 1.0, 1.0, 1.0, 1.0, 1.0, 1.0, 0.0]"
138,0.0,0.0,0.0,4.369987436803058e-05,0.0,325.24749755859375,3.499157537589781e-05,0.0,260.4337158203125,0.0,0.0,0.0,0.7400678992271423,0.07913867384195328,0.10537470132112503,-0.3275017738342285,-0.2743874788284302,0.31071367859840393,0.4128842055797577,0.8733435273170471,-0.7269853353500366,0.8592132329940796,-0.9393380284309387,-1.1048744916915894,0.8240042924880981,-0.8689107298851013,0.7923076152801514,"[0.7400678992271423, 0.07913867384195328, 0.10537470132112503, 0.2785962224006653, -0.11092539131641388, -0.06639481335878372, 0.030805138871073723, 0.011840187944471836, -0.9994555115699768, 0.699999988079071, 0.0, 0.0, -0.3275017738342285, -0.2743874788284302, 0.31071367859840393, 0.4128842055797577, 0.47334352135658264, -0.32698532938957214, 0.4592132270336151, -0.5393379926681519, -0.3048744797706604, 0.02400428056716919, -0.06891071796417236, 1.4901161193847656e-06, 0.505524754524231, -0.4261713922023773, -0.41142794489860535, -1.1420179605484009, -0.8015028834342957, 1.2841989994049072, 0.4147496521472931, -1.075212001800537, 1.9161063432693481, 0.19852454960346222, 1.4431376457214355, 0.005552530288696289, -0.4671783745288849, -0.27388492226600647, 0.6017196774482727, 0.3561966121196747, 1.0405797958374023, 0.21659210324287415, 0.3863867223262787, -1.375614047050476, -0.5054953098297119, -0.48627886176109314, 0.5616387128829956, 0.9348585605621338, 1.0, 1.0, 1.0, 1.0, 1.0, 1.0, 1.0, 1.0, 1.0, 1.0, 1.0, 0.0]"
139,0.0,0.0,0.0,3.7015739508206025e-05,0.0,275.4991149902344,3.145984373986721e-05,0.0,234.14793395996094,0.0,0.0,0.0,0.7614742517471313,0.07771036773920059,0.11099998652935028,-0.3148701786994934,-0.2810201346874237,0.30347177386283875,0.3803645670413971,0.8564608097076416,-0.6962457299232483,0.8650637269020081,-0.9576816558837891,-1.068410873413086,0.819800853729248,-0.8365751504898071,0.792305588722229,"[0.7614742517471313, 0.07771036773920059, 0.11099998652935028, 0.20410536229610443, -0.08418142050504684, -0.06457354128360748, 0.028778783977031708, 0.007701937574893236, -0.9995561242103577, 0.699999988079071, 0.0, 0.0, -0.3148701786994934, -0.2810201346874237, 0.30347177386283875, 0.3803645670413971, 0.4564608037471771, -0.2962457239627838, 0.4650637209415436, -0.557681679725647, -0.268410861492157, 0.019800841808319092, -0.036575138568878174, -5.364418029785156e-07, 0.7221569418907166, -0.31323903799057007, -0.3380693793296814, -1.8304742574691772, -0.9169186353683472, 1.4094408750534058, 0.2652131915092468, -0.8573048114776611, 1.882101058959961, -0.07029533386230469, 1.6205307245254517, 0.002249002456665039, -0.42547300457954407, -0.3951641321182251, 0.4877084195613861, 0.44238781929016113, 0.962070107460022, 0.16943582892417908, 0.3835199177265167, -1.313329815864563, -0.37486493587493896, -0.5011808276176453, 0.5379525423049927, 0.8200696706771851, 1.0, 1.0, 1.0, 1.0, 1.0, 1.0, 1.0, 1.0, 1.0, 1.0, 1.0, 0.0]"
140,0.0,0.0,0.0,3.294523048680276e-05,0.0,245.20327758789062,2.8368398488964885e-05,0.0,211.13905334472656,0.0,0.0,0.0,0.7842172384262085,0.07019830495119095,0.09844691306352615,-0.29598066210746765,-0.2865122854709625,0.2972153425216675,0.34322330355644226,0.8362523317337036,-0.6640616655349731,0.8698286414146423,-0.9725598692893982,-1.0266482830047607,0.8127558827400208,-0.8030545115470886,0.7923040986061096,"[0.7842172384262085, 0.07019830495119095, 0.09844691306352615, 0.1648159921169281, -0.032741937786340714, -0.04939461126923561, 0.027584990486502647, 0.00435857055708766, -0.9996101260185242, 0.699999988079071, 0.0, 0.0, -0.29598066210746765, -0.2865122854709625, 0.2972153425216675, 0.34322330355644226, 0.43625232577323914, -0.26406165957450867, 0.46982863545417786, -0.5725598335266113, -0.2266482710838318, 0.012755870819091797, -0.003054499626159668, -2.0265579223632812e-06, 1.0790112018585205, -0.25195756554603577, -0.25781458616256714, -1.8018783330917358, -1.1140344142913818, 1.485102653503418, 0.245067298412323, -0.661691427230835, 2.4491701126098633, -0.24932631850242615, 1.5962803363800049, 0.0016589164733886719, -0.3937332332134247, -0.4594041407108307, 0.5024518966674805, 0.4918832778930664, 0.8665996789932251, 0.14193055033683777, 0.3846322298049927, -1.2393651008605957, -0.16503630578517914, -0.5294065475463867, 0.44929927587509155, 0.7201392650604248, 1.0, 1.0, 1.0, 1.0, 1.0, 1.0, 1.0, 1.0, 1.0, 1.0, 1.0, 0.0]"
141,0.0,0.0,0.0,2.83943118120078e-05,0.0,211.3319091796875,2.2044358047423884e-05,0.0,164.07077026367188,0.0,0.0,0.0,0.8080767393112183,0.05854564160108566,0.07025948911905289,-0.27052563428878784,-0.2901739776134491,0.29262593388557434,0.3125014901161194,0.8110186457633972,-0.6313924789428711,0.8750409483909607,-0.9816375374794006,-0.9664918780326843,0.8028468489646912,-0.7716934680938721,0.792302668094635,"[0.8080767393112183, 0.05854564160108566, 0.07025948911905289, 0.08610906451940536, 0.07381562143564224, -0.019133247435092926, 0.02810896374285221, 0.0022231058683246374, -0.999602735042572, 0.699999988079071, 0.0, 0.0, -0.27052563428878784, -0.2901739776134491, 0.29262593388557434, 0.3125014901161194, 0.41101863980293274, -0.23139247298240662, 0.4750409424304962, -0.5816375017166138, -0.16649186611175537, 0.002846837043762207, 0.028306543827056885, -3.4570693969726562e-06, 1.3770164251327515, -0.1409204751253128, -0.1487189680337906, -1.3762879371643066, -1.4372347593307495, 1.5062973499298096, 0.35933753848075867, -0.29555171728134155, 3.6375834941864014, -0.4143424332141876, 1.3887628316879272, 0.001681685447692871, -0.4115463197231293, -0.4473666846752167, 0.6099298596382141, 0.4885249435901642, 0.6257111430168152, 0.03772705793380737, 0.42633959650993347, -1.104569673538208, 0.14652058482170105, -0.4674352705478668, 0.2399236112833023, 0.5709874033927917, 1.0, 1.0, 1.0, 1.0, 1.0, 1.0, 1.0, 1.0, 1.0, 1.0, 1.0, 0.0]"
142,6.881089939270169e-05,0.0,512.1426391601562,1.1550925592018757e-05,0.0,85.97071075439453,0.0,0.0,0.0,0.0,0.0,0.0,0.8407034873962402,0.06900729984045029,0.01564077101647854,-0.24700643122196198,-0.29162096977233887,0.29154327511787415,0.2887091338634491,0.7816635370254517,-0.6011554002761841,0.8838152289390564,-0.9800264239311218,-0.88662189245224,0.7929319739341736,-0.7587963938713074,0.7924274802207947,"[0.8407034873962402, 0.06900729984045029, 0.01564077101647854, 0.2516001760959625, 0.07916036248207092, -0.022966083139181137, 0.03124496527016163, 0.0017743088537827134, -0.9995101094245911, 0.699999988079071, 0.0, 0.0, -0.24700643122196198, -0.29162096977233887, 0.29154327511787415, 0.2887091338634491, 0.3816635310649872, -0.2011553943157196, 0.4838152229785919, -0.580026388168335, -0.08662188053131104, -0.007068037986755371, 0.04120361804962158, 0.00012135505676269531, -1.4802709817886353, -0.33191990852355957, -0.0924425721168518, -1.5573983192443848, 1.1315823793411255, 1.556532621383667, 0.5610813498497009, 0.44636955857276917, -0.10688209533691406, -0.3961845934391022, -0.9268015027046204, 0.0061914920806884766, -0.37941882014274597, -0.48821723461151123, 0.807788074016571, 0.5299923419952393, 0.2143908143043518, -0.4063259959220886, 0.6361609697341919, -0.7306134700775146, 0.49948132038116455, -0.04992491751909256, -0.3283524513244629, 0.244645893573761, 1.0, 1.0, 1.0, 1.0, 1.0, 1.0, 1.0, 1.0, 1.0, 1.0, 1.0, 0.0]"
143,4.359463491709903e-05,0.0,324.4642333984375,0.0,0.0,0.0,0.0,0.0,0.0,0.0,0.0,0.0,0.813032329082489,0.01242076512426138,-0.060521677136421204,-0.24857141077518463,-0.2949019968509674,0.3100731670856476,0.26677224040031433,0.8082687258720398,-0.5794069170951843,0.8881832957267761,-0.9565712809562683,-0.8825209736824036,0.8110074400901794,-0.8272576928138733,0.7923008799552917,"[0.813032329082489, 0.01242076512426138, -0.060521677136421204, -0.048309072852134705, -0.18612365424633026, -0.05025678500533104, 0.030365752056241035, 0.0015042698942124844, -0.9995378851890564, 0.699999988079071, 0.0, 0.0, -0.24857141077518463, -0.2949019968509674, 0.3100731670856476, 0.26677224040031433, 0.4082687199115753, -0.17940691113471985, 0.48818328976631165, -0.5565712451934814, -0.08252096176147461, 0.011007428169250488, -0.027257680892944336, -5.245208740234375e-06, 0.008771993219852448, -0.2412383258342743, 1.4313569068908691, -0.8857003450393677, 1.3184430599212646, 0.5425525903701782, 0.12958361208438873, 1.6785725355148315, 0.38628655672073364, 2.723123788833618, -4.324019432067871, -0.017953308299183846, -0.2797814905643463, -0.8687799572944641, 0.7186101675033569, 0.7490094900131226, 0.20585504174232483, -1.0576014518737793, 1.2395886182785034, -0.32322269678115845, 0.581452488899231, 0.5425551533699036, -1.147646188735962, -0.2602536380290985, 1.0, 1.0, 1.0, 1.0, 1.0, 1.0, 1.0, 1.0, 1.0, 1.0, 1.0, 0.0]"
144,3.640861177700572e-05,0.0,270.9803771972656,0.0,0.0,0.0,0.0,0.0,0.0,0.0,0.0,0.0,0.7834749221801758,-0.002277149586006999,-0.14792129397392273,-0.25231316685676575,-0.3166516125202179,0.3413829505443573,0.2520145773887634,0.8298623561859131,-0.592494547367096,0.8976009488105774,-0.9069693088531494,-0.8617213368415833,0.9093855619430542,-0.9347019791603088,0.7923022508621216,"[0.7834749221801758, -0.002277149586006999, -0.14792129397392273, 0.4974791705608368, -0.5068117380142212, 0.005316670518368483, 0.022523080930113792, -0.0026146038435399532, -0.9997431635856628, 0.699999988079071, 0.0, 0.0, -0.25231316685676575, -0.3166516125202179, 0.3413829505443573, 0.2520145773887634, 0.4298623502254486, -0.19249454140663147, 0.4976009428501129, -0.5069693326950073, -0.0617213249206543, 0.10938555002212524, -0.13470196723937988, -3.874301910400391e-06, -0.4973474442958832, -1.730452537536621, 1.3835097551345825, -0.8261387944221497, 1.0385245084762573, -1.2779549360275269, 0.7695584297180176, 2.924089193344116, 1.199273705482483, 5.335493564605713, -6.031405925750732, -0.01349099911749363, -0.5801708102226257, -0.8113841414451599, 0.6377584338188171, 0.5298888683319092, 0.47386205196380615, -1.1375799179077148, 1.1629772186279297, -0.3941192626953125, 0.39477986097335815, 0.8832041025161743, -1.4687650203704834, -0.5579459071159363, 1.0, 1.0, 1.0, 1.0, 1.0, 1.0, 1.0, 1.0, 1.0, 1.0, 1.0, 0.0]"
145,3.0533272365573794e-05,0.0,227.25167846679688,0.0,0.0,0.0,0.0,0.0,0.0,0.00023155659437179565,0.0,1723.419189453125,0.7185896635055542,0.0004220319679006934,-0.1852426826953888,-0.2681232988834381,-0.36471784114837646,0.36005523800849915,0.2339218705892563,0.8490189909934998,-0.635711669921875,0.9176437258720398,-0.8589239120483398,-0.8330740332603455,1.0100115537643433,-1.06822669506073,0.807319700717926,"[0.7185896635055542, 0.0004220319679006934, -0.1852426826953888, 0.14698736369609833, -0.3522346019744873, -0.09329691529273987, 0.01058865711092949, -0.019062377512454987, -0.9997624754905701, 0.699999988079071, 0.0, 0.0, -0.2681232988834381, -0.36471784114837646, 0.36005523800849915, 0.2339218705892563, 0.4490189850330353, -0.23571166396141052, 0.5176436901092529, -0.45892390608787537, -0.033074021339416504, 0.2100115418434143, -0.268226683139801, 0.015013575553894043, -0.17872455716133118, -2.107740879058838, 1.4435971975326538, 0.18867826461791992, 1.2445813417434692, -2.8072571754455566, 0.404662162065506, -2.4710562229156494, 0.5348021388053894, 4.434998989105225, -6.446722030639648, 4.705697059631348, -0.4041415750980377, -0.9217153787612915, 0.7027721405029297, 0.4278644621372223, 0.3841608762741089, -1.1208430528640747, 1.0704052448272705, -0.32129520177841187, 0.35918402671813965, 0.847370982170105, -1.4137189388275146, -0.6478714942932129, 1.0, 1.0, 1.0, 1.0, 1.0, 1.0, 1.0, 1.0, 1.0, 1.0, 1.0, 1.0]"
146,4.201710908091627e-05,0.0,312.72308349609375,0.0,0.0,0.0,0.0,0.0,0.0,8.725242514628917e-05,0.0,649.3984985351562,0.7277604341506958,0.035584017634391785,0.07360808551311493,-0.2460983544588089,-0.3919426500797272,0.40152838826179504,0.2532806694507599,0.8795874714851379,-0.7038082480430603,0.9014269113540649,-0.8390592336654663,-0.8487753868103027,1.073503017425537,-1.187372088432312,0.8009140491485596,"[0.7277604341506958, 0.035584017634391785, 0.07360808551311493, -1.8874999284744263, 0.7261286377906799, -0.22523897886276245, 0.01652432233095169, 0.004875010345131159, -0.9998517632484436, 0.699999988079071, 0.0, 0.0, -0.2460983544588089, -0.3919426500797272, 0.40152838826179504, 0.2532806694507599, 0.47958746552467346, -0.3038082420825958, 0.5014269351959229, -0.43905922770500183, -0.04877537488937378, 0.27350300550460815, -0.38737207651138306, 0.008607923984527588, 1.7518113851547241, -1.0739684104919434, 2.0729260444641113, 1.538809895515442, 1.5778168439865112, -3.689622402191162, -1.6754502058029175, 1.9266996383666992, -1.4634439945220947, 2.555647611618042, -5.2613396644592285, -2.204374313354492, -0.8702772855758667, -0.46229684352874756, 0.5063984990119934, 0.6229312419891357, 0.2158927321434021, -1.4733306169509888, 0.9936509132385254, -0.06308083236217499, 0.5527801513671875, 0.8475439548492432, -1.2475457191467285, -0.24636605381965637, 1.0, 1.0, 1.0, 1.0, 1.0, 1.0, 1.0, 1.0, 1.0, 1.0, 1.0, 1.0]"
147,4.241179340169765e-05,0.0,315.6606140136719,0.0,0.0,0.0,0.0,0.0,0.0,3.432060111663304e-05,0.0,255.43983459472656,0.7063614130020142,0.054724451154470444,0.017346860840916634,-0.23628759384155273,-0.4277806282043457,0.39584311842918396,0.25907647609710693,0.8987036347389221,-0.7744446396827698,0.8675917983055115,-0.8017691969871521,-0.8516396284103394,1.1183053255081177,-1.242197036743164,0.7903923392295837,"[0.7063614130020142, 0.054724451154470444, 0.017346860840916634, -0.08576232194900513, 0.22344079613685608, -0.0948433130979538, 0.02490166760981083, 0.016763653606176376, -0.9995494484901428, 0.699999988079071, 0.0, 0.0, -0.23628759384155273, -0.4277806282043457, 0.39584311842918396, 0.25907647609710693, 0.49870362877845764, -0.3744446337223053, 0.467591792345047, -0.4017691910266876, -0.0516396164894104, 0.3183053135871887, -0.4421970248222351, -0.0019137859344482422, 0.023149747401475906, -1.6239519119262695, -1.1718357801437378, 0.08225211501121521, 0.6750155687332153, -3.4542417526245117, -1.6760214567184448, 0.2769538164138794, 0.5019158720970154, 1.9447646141052246, -0.7571392059326172, 0.7702757716178894, -0.9583756327629089, -0.31345343589782715, 0.6057036519050598, 0.7337496280670166, 0.25474539399147034, -1.5284795761108398, 1.1842598915100098, -0.6123878359794617, 0.5907372236251831, 0.9195719957351685, -0.9043644070625305, -0.4320735037326813, 1.0, 1.0, 1.0, 1.0, 1.0, 1.0, 1.0, 1.0, 1.0, 1.0, 1.0, 1.0]"
148,4.179171082796529e-05,0.0,311.0455017089844,0.0,0.0,0.0,0.0,0.0,0.0,3.811701753875241e-05,0.0,283.69561767578125,0.7185478806495667,0.00579059449955821,0.03138982132077217,-0.23058456182479858,-0.42551153898239136,0.3835287392139435,0.264536052942276,0.9132273197174072,-0.8439698219299316,0.8413562178611755,-0.784282922744751,-0.8402283191680908,1.1529104709625244,-1.2309490442276,0.7958101034164429,"[0.7185478806495667, 0.00579059449955821, 0.03138982132077217, -0.6768561601638794, 0.16646455228328705, 3.578606992959976e-06, 0.027319015935063362, 0.023637492209672928, -0.9993471503257751, 0.699999988079071, 0.0, 0.0, -0.23058456182479858, -0.42551153898239136, 0.3835287392139435, 0.264536052942276, 0.5132273435592651, -0.44396981596946716, 0.44135621190071106, -0.3842829167842865, -0.040228307247161865, 0.35291045904159546, -0.43094903230667114, 0.0035039782524108887, 0.6255773901939392, 1.1316884756088257, -0.08155511319637299, 0.5989500284194946, 0.7635263204574585, -3.4874250888824463, -1.185767412185669, 1.177909016609192, 0.44416993856430054, 1.6159639358520508, 1.1026710271835327, -0.2405988872051239, -0.6638789176940918, -0.6121476888656616, 0.6328257918357849, 0.6090195178985596, 0.2728613615036011, -1.2960633039474487, 0.9961124658584595, -0.45551225543022156, 0.5940451622009277, 0.9122308492660522, -0.7699732184410095, -0.44282180070877075, 1.0, 1.0, 1.0, 1.0, 1.0, 1.0, 1.0, 1.0, 1.0, 1.0, 1.0, 1.0]"
149,3.9625781937502325e-05,0.0,294.92498779296875,0.0,0.0,0.0,0.0,0.0,0.0,3.7076493754284456e-05,0.0,275.9512634277344,0.7300329208374023,0.009668795391917229,0.058074697852134705,-0.2254253774881363,-0.40140771865844727,0.37443795800209045,0.2688327431678772,0.9237655997276306,-0.903667688369751,0.8226069808006287,-0.7621872425079346,-0.8221217393875122,1.1696813106536865,-1.1932423114776611,0.7956838011741638,"[0.7300329208374023, 0.009668795391917229, 0.058074697852134705, -0.14910049736499786, 0.1440826803445816, -0.03152693435549736, 0.029413972049951553, 0.029177159070968628, -0.9991411566734314, 0.699999988079071, 0.0, 0.0, -0.2254253774881363, -0.40140771865844727, 0.37443795800209045, 0.2688327431678772, 0.5237655639648438, -0.5036677122116089, 0.4226069748401642, -0.3621872365474701, -0.022121727466583252, 0.36968129873275757, -0.3932422995567322, 0.003377676010131836, 0.1385294497013092, 1.251959204673767, -0.6736094951629639, 0.08010438084602356, 0.33239394426345825, -2.5175178050994873, -1.0195319652557373, 1.070847749710083, 1.119828701019287, -0.31530943512916565, 2.7479941844940186, -0.047565847635269165, -0.7682282328605652, -0.5583285689353943, 0.5829918384552002, 0.8602231740951538, 0.24100974202156067, -1.2192351818084717, 0.8633733987808228, -0.44081711769104004, 0.6333715915679932, 0.6584227085113525, -0.4426555633544922, -0.43532249331474304, 1.0, 1.0, 1.0, 1.0, 1.0, 1.0, 1.0, 1.0, 1.0, 1.0, 1.0, 1.0]"
150,3.57980934495572e-05,0.0,266.43646240234375,0.0,0.0,0.0,0.0,0.0,0.0,2.5764029487618245e-05,0.0,191.75537109375,0.7463893890380859,0.01258157379925251,0.08626853674650192,-0.22757768630981445,-0.37621361017227173,0.35433509945869446,0.26440325379371643,0.9263861179351807,-0.9353578686714172,0.7990604639053345,-0.7392581105232239,-0.7920214533805847,1.133080244064331,-1.1212636232376099,0.7943054437637329,"[0.7463893890380859, 0.01258157379925251, 0.08626853674650192, 0.1940489411354065, 0.13663217425346375, -0.079121895134449, 0.0317598432302475, 0.02650333382189274, -0.9991439580917358, 0.699999988079071, 0.0, 0.0, -0.22757768630981445, -0.37621361017227173, 0.35433509945869446, 0.26440325379371643, 0.5263861417770386, -0.5353578329086304, 0.39906045794487, -0.3392581045627594, 0.007978558540344238, 0.3330802321434021, -0.3212636113166809, 0.0019993185997009277, -0.15643441677093506, 1.40277099609375, -1.1265605688095093, -0.28243300318717957, -0.004873313009738922, -0.9503675103187561, -1.427036166191101, 1.1085708141326904, 1.6754944324493408, -3.2668910026550293, 4.375763893127441, -0.048789940774440765, -0.8146858811378479, -0.6565141081809998, 0.5178875923156738, 0.9754283428192139, 0.2793493866920471, -0.9836341142654419, 0.5653666257858276, -0.37963834404945374, 0.5832372307777405, 0.1924879252910614, 0.01138545572757721, -0.4998445212841034, 1.0, 1.0, 1.0, 1.0, 1.0, 1.0, 1.0, 1.0, 1.0, 1.0, 1.0, 1.0]"
151,2.5083434593398124e-05,0.0,186.68988037109375,0.0,0.0,0.0,0.0,0.0,0.0,2.3299407985177822e-05,0.0,173.41180419921875,0.7608242034912109,0.012652521021664143,0.0706794336438179,-0.23345734179019928,-0.34769392013549805,0.3274315297603607,0.2557229697704315,0.9250066876411438,-0.9363563656806946,0.7618892788887024,-0.7168064117431641,-0.7551431059837341,1.0414685010910034,-1.015707015991211,0.7944090962409973,"[0.7608242034912109, 0.012652521021664143, 0.0706794336438179, 0.2933413088321686, 0.15849833190441132, -0.10061261802911758, 0.033908866345882416, 0.019670305773615837, -0.9992311596870422, 0.699999988079071, 0.0, 0.0, -0.23345734179019928, -0.34769392013549805, 0.3274315297603607, 0.2557229697704315, 0.5250066518783569, -0.5363563299179077, 0.3618892729282379, -0.3168064057826996, 0.044856905937194824, 0.24146848917007446, -0.21570700407028198, 0.002102971076965332, -0.16279520094394684, 1.5836269855499268, -1.3165533542633057, -0.4132523536682129, -0.02900409884750843, 0.516808032989502, -2.1852402687072754, 1.115328311920166, 1.6679493188858032, -5.536820411682129, 5.749871253967285, -0.007560238242149353, -0.9984908103942871, -0.5448503494262695, 0.5476242303848267, 0.959747314453125, 0.43813949823379517, -0.6080641746520996, 0.43026095628738403, -0.5474903583526611, 0.26806527376174927, -0.33149802684783936, 0.4210677742958069, -0.34103864431381226, 1.0, 1.0, 1.0, 1.0, 1.0, 1.0, 1.0, 1.0, 1.0, 1.0, 1.0, 1.0]"
152,0.0,0.0,0.0,0.0,0.0,0.0,9.301899808633607e-06,0.0,69.23175811767578,8.754041118663736e-06,0.0,65.15418243408203,0.7862560153007507,0.0235084630548954,0.02470984123647213,-0.24436919391155243,-0.30722200870513916,0.3183611035346985,0.25222185254096985,0.9282914996147156,-0.9072093367576599,0.7562152147293091,-0.6933804154396057,-0.7545728087425232,0.9181696176528931,-0.9682230949401855,0.7936679124832153,"[0.7862560153007507, 0.0235084630548954, 0.02470984123647213, -0.16999362409114838, 0.0812145322561264, -0.0037075288128107786, 0.03648743778467178, 0.01762137934565544, -0.9991790056228638, 0.699999988079071, 0.0, 0.0, -0.24436919391155243, -0.30722200870513916, 0.3183611035346985, 0.25222185254096985, 0.5282914638519287, -0.507209300994873, 0.3562152087688446, -0.29338040947914124, 0.04542720317840576, 0.11816960573196411, -0.1682230830192566, 0.0013617873191833496, -1.1382015943527222, 2.4562981128692627, 0.08194205909967422, 0.0151474978774786, 0.3589376211166382, 2.062788248062134, 1.57704496383667, 1.3266627788543701, -2.9005978107452393, -6.529662132263184, -0.3575291633605957, -0.06647782772779465, -1.201559066772461, -0.41979846358299255, 0.6027419567108154, 0.742145299911499, 0.7939059734344482, -0.17545011639595032, 0.17236539721488953, -1.0032073259353638, -0.48641669750213623, -0.7088174223899841, 0.5963004231452942, 0.05369284003973007, 1.0, 1.0, 1.0, 1.0, 1.0, 1.0, 1.0, 1.0, 1.0, 1.0, 1.0, 0.0]"
153,0.0,0.0,0.0,0.0,0.0,0.0,3.2764590287115425e-05,0.0,243.8588104248047,1.2672442608163692e-05,0.0,94.3178939819336,0.7652028799057007,0.054652322083711624,0.004897519946098328,-0.2886967360973358,-0.25232046842575073,0.3241964876651764,0.2581433951854706,0.9320025444030762,-0.8448024392127991,0.7747460603713989,-0.6679475903511047,-0.8388379216194153,0.777557909488678,-0.9541009664535522,0.7949999570846558,"[0.7652028799057007, 0.054652322083711624, 0.004897519946098328, -0.7279971837997437, -0.0687873363494873, -0.016462795436382294, 0.03561047464609146, 0.025823641568422318, -0.9990323781967163, 0.699999988079071, 0.0, 0.0, -0.2886967360973358, -0.25232046842575073, 0.3241964876651764, 0.2581433951854706, 0.5320025682449341, -0.4448024332523346, 0.37474605441093445, -0.26794758439064026, -0.03883790969848633, -0.022442102432250977, -0.1541009545326233, 0.0026938319206237793, -2.2702996730804443, 2.965651035308838, 0.5823959112167358, 0.5965490341186523, -0.023114942014217377, 3.6593973636627197, 0.9118831753730774, 1.5671851634979248, -4.004893779754639, -6.819869518280029, 0.7751317620277405, -0.34116706252098083, -0.4625686705112457, -0.3993919789791107, 0.24608947336673737, 0.6057569980621338, 1.1640366315841675, 0.18917474150657654, 0.4452013075351715, -1.6165204048156738, -0.8376896977424622, -0.6588153839111328, 0.4559739828109741, 0.8646219968795776, 1.0, 1.0, 1.0, 1.0, 1.0, 1.0, 1.0, 1.0, 1.0, 1.0, 1.0, 1.0]"
154,0.0,0.0,0.0,5.2289000450400636e-05,0.0,389.1742248535156,3.71656751667615e-05,0.0,276.6150207519531,0.0,0.0,0.0,0.6922470331192017,0.058216989040374756,0.029615920037031174,-0.3303418755531311,-0.24579060077667236,0.3299131989479065,0.27363038063049316,0.9218114018440247,-0.8313807845115662,0.7914167046546936,-0.6684414148330688,-0.9378808736801147,0.7911016345024109,-0.9439176917076111,0.7923039793968201,"[0.6922470331192017, 0.058216989040374756, 0.029615920037031174, -0.31032034754753113, 0.14185978472232819, -0.00046890147496014833, 0.036960259079933167, 0.03430116921663284, -0.9987277984619141, 0.699999988079071, 0.0, 0.0, -0.3303418755531311, -0.24579060077667236, 0.3299131989479065, 0.27363038063049316, 0.5218113660812378, -0.4313807785511017, 0.3914166986942291, -0.26844140887260437, -0.1378808617591858, -0.008898377418518066, -0.14391767978668213, -2.1457672119140625e-06, -1.6896215677261353, 0.21639159321784973, 0.26545703411102295, 1.2132396697998047, -0.6925420761108398, 0.5167700052261353, 0.9052302837371826, -1.1328465938568115, -5.7567219734191895, 0.7527750730514526, 0.1415037214756012, 0.0008015632629394531, -0.6887608170509338, -0.6881774663925171, -0.034799348562955856, 1.0723538398742676, 1.0801432132720947, -0.23965045809745789, 0.3218940496444702, -1.3026105165481567, -0.9565693140029907, -0.572270393371582, 0.5975967049598694, 0.8365991115570068, 1.0, 1.0, 1.0, 1.0, 1.0, 1.0, 1.0, 1.0, 1.0, 1.0, 1.0, 1.0]"
155,0.0,0.0,0.0,3.618305709096603e-05,0.0,269.3016662597656,3.6376291973283514e-05,0.0,270.7398376464844,0.0,0.0,0.0,0.6644786596298218,0.03934070095419884,0.047676630318164825,-0.3539372682571411,-0.2459145039319992,0.329056054353714,0.3139210641384125,0.9005962014198303,-0.8144894242286682,0.8087641596794128,-0.7187421917915344,-1.0418378114700317,0.7934030890464783,-0.9412586688995361,0.7923038601875305,"[0.6644786596298218, 0.03934070095419884, 0.047676630318164825, 0.13884146511554718, 0.21644583344459534, 0.03238620609045029, 0.04117310792207718, 0.03479575738310814, -0.9985458254814148, 0.699999988079071, 0.0, 0.0, -0.3539372682571411, -0.2459145039319992, 0.329056054353714, 0.3139210641384125, 0.5005961656570435, -0.41448941826820374, 0.40876415371894836, -0.31874218583106995, -0.24183779954910278, -0.006596922874450684, -0.14125865697860718, -2.2649765014648438e-06, -0.91860032081604, -0.15208908915519714, -0.14041346311569214, 2.4469199180603027, -1.2123597860336304, 0.8221755623817444, 0.9316903948783875, -3.1520159244537354, -4.677630424499512, 0.09670233726501465, -0.07056140899658203, 0.001535654067993164, -0.3817501962184906, -0.7315726280212402, 0.35796383023262024, 0.8048609495162964, 1.2707643508911133, -0.029811501502990723, 0.6129029989242554, -1.4818809032440186, -1.041428804397583, -0.3371601998806, 0.5647709965705872, 0.9522792100906372, 1.0, 1.0, 1.0, 1.0, 1.0, 1.0, 1.0, 1.0, 1.0, 1.0, 1.0, 1.0]"
156,0.0,0.0,0.0,2.8542364816530608e-05,0.0,212.433837890625,3.468203794909641e-05,0.0,258.1299133300781,0.0,0.0,0.0,0.6655300855636597,0.037603143602609634,0.01215395051985979,-0.36222127079963684,-0.2509990632534027,0.3234780430793762,0.3699915111064911,0.8789000511169434,-0.7965857982635498,0.8277796506881714,-0.7915825843811035,-1.119924545288086,0.7963867783546448,-0.9388416409492493,0.7923017144203186,"[0.6655300855636597, 0.037603143602609634, 0.01215395051985979, 0.28958946466445923, 0.06187357008457184, 0.004588739480823278, 0.04372052103281021, 0.030040565878152847, -0.9985917806625366, 0.699999988079071, 0.0, 0.0, -0.36222127079963684, -0.2509990632534027, 0.3234780430793762, 0.3699915111064911, 0.4789000451564789, -0.3965857923030853, 0.4277796447277069, -0.39158257842063904, -0.319924533367157, -0.0036132335662841797, -0.1388416290283203, -4.410743713378906e-06, -0.1380520612001419, -0.33194100856781006, -0.31173157691955566, 2.8603973388671875, -0.999564528465271, 0.6748037338256836, 0.9847368001937866, -3.761425733566284, -3.0149285793304443, 0.5671017169952393, 0.15409964323043823, 0.0007996559143066406, -0.5667625069618225, -0.4980476200580597, 0.39163005352020264, 0.8036991357803345, 1.2496594190597534, -0.12117913365364075, 0.4391087293624878, -1.2249566316604614, -0.9309210777282715, -0.39502617716789246, 0.6253365874290466, 0.8518826961517334, 1.0, 1.0, 1.0, 1.0, 1.0, 1.0, 1.0, 1.0, 1.0, 1.0, 1.0, 0.0]"
157,0.0,0.0,0.0,4.21033582824748e-05,0.0,313.3650207519531,3.689067671075463e-05,0.0,274.5682678222656,0.0,0.0,0.0,0.6888523697853088,0.048914674669504166,0.006026212126016617,-0.3612561821937561,-0.2592993378639221,0.31564703583717346,0.4175008535385132,0.864111065864563,-0.779647171497345,0.8471480011940002,-0.8596758842468262,-1.1480016708374023,0.8076027035713196,-0.9307563900947571,0.7923008799552917,"[0.6888523697853088, 0.048914674669504166, 0.006026212126016617, 0.39744263887405396, -0.09723030030727386, -0.029423775151371956, 0.04265916347503662, 0.023150231689214706, -0.9988215565681458, 0.699999988079071, 0.0, 0.0, -0.3612561821937561, -0.2592993378639221, 0.31564703583717346, 0.4175008535385132, 0.4641110599040985, -0.3796471655368805, 0.44714799523353577, -0.4596758782863617, -0.3480016589164734, 0.007602691650390625, -0.13075637817382812, -5.245208740234375e-06, 0.1194240152835846, -0.477007657289505, -0.4402775168418884, 1.862205147743225, -0.6251290440559387, 0.7082531452178955, 0.9864251613616943, -3.0782790184020996, -0.4437081515789032, 0.838043212890625, 0.4823978543281555, 0.0007333755493164062, -0.44155457615852356, -0.2025797814130783, 0.7132289409637451, 0.33788055181503296, 1.1978793144226074, 0.35867199301719666, 0.3350796401500702, -1.3792787790298462, -0.7496193051338196, -0.4653352200984955, 0.6441040635108948, 0.9951052665710449, 1.0, 1.0, 1.0, 1.0, 1.0, 1.0, 1.0, 1.0, 1.0, 1.0, 1.0, 0.0]"
158,0.0,0.0,0.0,4.819486275664531e-05,0.0,358.70257568359375,3.748380549950525e-05,0.0,278.9827880859375,0.0,0.0,0.0,0.7185542583465576,0.05559345707297325,0.04400615021586418,-0.3526993691921234,-0.26810571551322937,0.3078864812850952,0.43138909339904785,0.8549513220787048,-0.7593640685081482,0.863093376159668,-0.9081310033798218,-1.1404427289962769,0.8181979060173035,-0.9142278432846069,0.7922953963279724,"[0.7185542583465576, 0.05559345707297325, 0.04400615021586418, 0.2868407666683197, -0.12802456319332123, -0.08576905727386475, 0.04008646681904793, 0.016698740422725677, -0.9990563988685608, 0.699999988079071, 0.0, 0.0, -0.3526993691921234, -0.26810571551322937, 0.3078864812850952, 0.43138909339904785, 0.45495131611824036, -0.3593640625476837, 0.4630933701992035, -0.5081310272216797, -0.3404427170753479, 0.01819789409637451, -0.11422783136367798, -1.0728836059570312e-05, 0.5913845896720886, -0.40900111198425293, -0.3420654535293579, -0.031068628653883934, -0.43474677205085754, 0.911905825138092, 0.7549830079078674, -2.0607142448425293, 0.8192650079727173, 0.694741427898407, 0.9410820603370667, 0.013418871909379959, -0.579853355884552, -0.1576775312423706, 0.6406217813491821, 0.34990158677101135, 1.0259557962417603, 0.24802854657173157, 0.2870005667209625, -1.392042875289917, -0.6403540372848511, -0.4613994061946869, 0.572189450263977, 0.9971616268157959, 1.0, 1.0, 1.0, 1.0, 1.0, 1.0, 1.0, 1.0, 1.0, 1.0, 1.0, 0.0]"
159,0.0,0.0,0.0,4.3770502088591456e-05,0.0,325.77313232421875,3.5989087336929515e-05,0.0,267.85797119140625,0.0,0.0,0.0,0.7426703572273254,0.06198880448937416,0.08237992972135544,-0.33900487422943115,-0.27494895458221436,0.301923930644989,0.4109320640563965,0.8455557823181152,-0.7346007823944092,0.873772144317627,-0.9407001733779907,-1.11699640750885,0.8236000537872314,-0.8889910578727722,0.7922959327697754,"[0.7426703572273254, 0.06198880448937416, 0.08237992972135544, 0.19758041203022003, -0.1224345788359642, -0.09740247577428818, 0.03748716413974762, 0.012581950053572655, -0.9992181658744812, 0.699999988079071, 0.0, 0.0, -0.33900487422943115, -0.27494895458221436, 0.301923930644989, 0.4109320640563965, 0.44555577635765076, -0.3346007764339447, 0.4737721383571625, -0.5407001972198486, -0.31699639558792114, 0.02360004186630249, -0.08899104595184326, -1.0192394256591797e-05, 0.6879984140396118, -0.32369717955589294, -0.28735995292663574, -1.514940857887268, -0.5343823432922363, 1.133251428604126, 0.478986531496048, -1.4232946634292603, 1.4275288581848145, 0.4081827700138092, 1.356235146522522, 0.011991797015070915, -0.48936834931373596, -0.2997492551803589, 0.5333332419395447, 0.39635422825813293, 1.029796838760376, 0.21520838141441345, 0.3586907386779785, -1.352871298789978, -0.5246788859367371, -0.4539487659931183, 0.560708224773407, 0.9280335903167725, 1.0, 1.0, 1.0, 1.0, 1.0, 1.0, 1.0, 1.0, 1.0, 1.0, 1.0, 0.0]"
160,0.0,0.0,0.0,3.868523344863206e-05,0.0,287.92474365234375,3.361361814313568e-05,0.0,250.1779327392578,0.0,0.0,0.0,0.7667214274406433,0.06104295700788498,0.09849511831998825,-0.3236498236656189,-0.28013068437576294,0.2968906760215759,0.3733581304550171,0.8344256281852722,-0.7063577771186829,0.8804503083229065,-0.9639375805854797,-1.083605170249939,0.8245955109596252,-0.8569673299789429,0.7923009395599365,"[0.7667214274406433, 0.06104295700788498, 0.09849511831998825, 0.12303142249584198, -0.11911752820014954, -0.07801754772663116, 0.03494613990187645, 0.00995184388011694, -0.9993396401405334, 0.699999988079071, 0.0, 0.0, -0.3236498236656189, -0.28013068437576294, 0.2968906760215759, 0.3733581304550171, 0.43442562222480774, -0.3063577711582184, 0.480450302362442, -0.5639375448226929, -0.28360515832901, 0.02459549903869629, -0.056967318058013916, -5.185604095458984e-06, 0.8350522518157959, -0.23564766347408295, -0.21035856008529663, -1.9801537990570068, -0.606050968170166, 1.264774203300476, 0.26444610953330994, -1.0241116285324097, 1.961581826210022, 0.2427382618188858, 1.6539537906646729, 0.0005526542663574219, -0.4434579312801361, -0.4198407232761383, 0.43657106161117554, 0.48864278197288513, 0.956536054611206, 0.1638558804988861, 0.36309564113616943, -1.2903541326522827, -0.3805302381515503, -0.4783792495727539, 0.5306718349456787, 0.8173068761825562, 1.0, 1.0, 1.0, 1.0, 1.0, 1.0, 1.0, 1.0, 1.0, 1.0, 1.0, 0.0]"
161,0.0,0.0,0.0,3.597134491428733e-05,0.0,267.7259216308594,3.004921381943859e-05,0.0,223.64895629882812,0.0,0.0,0.0,0.7925792336463928,0.0536038912832737,0.0972134992480278,-0.3033214509487152,-0.2835688889026642,0.2928735613822937,0.3366823196411133,0.8213832378387451,-0.6758326888084412,0.8847038745880127,-0.9801152348518372,-1.0375112295150757,0.8222176432609558,-0.8209633231163025,0.7923006415367126,"[0.7925792336463928, 0.0536038912832737, 0.0972134992480278, 0.07737497985363007, -0.0771220400929451, -0.048700928688049316, 0.0328739769756794, 0.008504876866936684, -0.9994233250617981, 0.699999988079071, 0.0, 0.0, -0.3033214509487152, -0.2835688889026642, 0.2928735613822937, 0.3366823196411133, 0.42138323187828064, -0.2758326828479767, 0.4847038686275482, -0.5801151990890503, -0.23751121759414673, 0.022217631340026855, -0.020963311195373535, -5.4836273193359375e-06, 1.1209032535552979, -0.16736014187335968, -0.12928971648216248, -1.705957293510437, -0.7401173114776611, 1.3726168870925903, 0.20280204713344574, -0.6894092559814453, 2.6498632431030273, 0.06284433603286743, 1.737328290939331, 0.0015227794647216797, -0.39770200848579407, -0.4880179464817047, 0.48487308621406555, 0.4992414116859436, 0.859921932220459, 0.15096351504325867, 0.35237643122673035, -1.2584575414657593, -0.20205995440483093, -0.5034840703010559, 0.45400047302246094, 0.7197140455245972, 1.0, 1.0, 1.0, 1.0, 1.0, 1.0, 1.0, 1.0, 1.0, 1.0, 1.0, 0.0]"
162,0.0,0.0,0.0,3.2017112971516326e-05,0.0,238.2955322265625,2.467349622747861e-05,0.0,183.63880920410156,0.0,0.0,0.0,0.8171801567077637,0.04492291063070297,0.07905000448226929,-0.27738457918167114,-0.2856733500957489,0.2898629307746887,0.30817654728889465,0.803298830986023,-0.643589437007904,0.8886023163795471,-0.9897946715354919,-0.975763201713562,0.815330445766449,-0.7857715487480164,0.792299211025238,"[0.8171801567077637, 0.04492291063070297, 0.07905000448226929, 0.04473385214805603, 0.02708202600479126, -0.021222351118922234, 0.0324382558465004, 0.007664896547794342, -0.9994442462921143, 0.699999988079071, 0.0, 0.0, -0.27738457918167114, -0.2856733500957489, 0.2898629307746887, 0.30817654728889465, 0.40329882502555847, -0.24358943104743958, 0.48860231041908264, -0.5897946357727051, -0.17576318979263306, 0.01533043384552002, 0.014228463172912598, -6.9141387939453125e-06, 1.383650541305542, -0.10079731792211533, -0.1313769668340683, -1.2825318574905396, -1.0911742448806763, 1.454440712928772, 0.2508164942264557, -0.34911811351776123, 3.5693304538726807, -0.1907881796360016, 1.6191282272338867, 0.0009022951126098633, -0.4105430543422699, -0.47120699286460876, 0.599297046661377, 0.48263439536094666, 0.6525599360466003, 0.07635673880577087, 0.3672543466091156, -1.1681205034255981, 0.056290701031684875, -0.4601742923259735, 0.2882630228996277, 0.5950542688369751, 1.0, 1.0, 1.0, 1.0, 1.0, 1.0, 1.0, 1.0, 1.0, 1.0, 1.0, 0.0]"
163,4.300290311221033e-05,0.0,320.0600891113281,1.722157139738556e-05,0.0,128.1759490966797,0.0,0.0,0.0,0.0,0.0,0.0,0.8475064039230347,0.044863857328891754,0.04347439482808113,-0.26366114616394043,-0.2879994213581085,0.28800344467163086,0.283663272857666,0.7965128421783447,-0.611057698726654,0.8938475251197815,-0.9900833368301392,-0.9249615669250488,0.8059678673744202,-0.7626235485076904,0.7923017740249634,"[0.8475064039230347, 0.044863857328891754, 0.04347439482808113, 0.19985008239746094, 0.03705938532948494, -0.0545041561126709, 0.0337713249027729, 0.006346509791910648, -0.9994092583656311, 0.699999988079071, 0.0, 0.0, -0.26366114616394043, -0.2879994213581085, 0.28800344467163086, 0.283663272857666, 0.39651283621788025, -0.21105769276618958, 0.493847519159317, -0.5900833606719971, -0.12496155500411987, 0.005967855453491211, 0.037376463413238525, -4.351139068603516e-06, -0.4920283555984497, -0.28027886152267456, -0.0628608837723732, -1.383716344833374, 1.6932834386825562, 1.583706021308899, 0.15424206852912903, 0.27142614126205444, -1.6874130964279175, -0.3240395486354828, 0.08248855173587799, 0.006002681329846382, -0.38306698203086853, -0.46707382798194885, 0.7952510118484497, 0.5060202479362488, 0.2535087466239929, -0.27894899249076843, 0.5733306407928467, -0.8163590431213379, 0.44851893186569214, -0.14543858170509338, -0.1943926066160202, 0.30412212014198303, 1.0, 1.0, 1.0, 1.0, 1.0, 1.0, 1.0, 1.0, 1.0, 1.0, 1.0, 0.0]"
164,4.0134971641236916e-05,0.0,298.71478271484375,0.0,0.0,0.0,0.0,0.0,0.0,0.0,0.0,0.0,0.822389543056488,-0.0028773390222340822,-0.01976322941482067,-0.2635984718799591,-0.29034072160720825,0.3056621551513672,0.26286792755126953,0.8164033889770508,-0.5841359496116638,0.8898748755455017,-0.9707332849502563,-0.9081304669380188,0.8126073479652405,-0.8196225762367249,0.7923071384429932,"[0.822389543056488, -0.0028773390222340822, -0.01976322941482067, -0.04274678975343704, -0.21696729958057404, -0.0744052454829216, 0.03205961734056473, 0.005798613652586937, -0.9994692206382751, 0.699999988079071, 0.0, 0.0, -0.2635984718799591, -0.29034072160720825, 0.3056621551513672, 0.26286792755126953, 0.4164033830165863, -0.18413594365119934, 0.48987486958503723, -0.5707333087921143, -0.10813045501708984, 0.012607336044311523, -0.0196225643157959, 1.0132789611816406e-06, 0.102243572473526, -0.11143770813941956, 1.4656224250793457, -0.8425703048706055, 1.1482349634170532, 0.9643952250480652, -0.2090013027191162, 1.493657112121582, 0.8056704998016357, 1.5151212215423584, -4.435994625091553, -0.009678015485405922, -0.22612455487251282, -0.800847589969635, 0.721354603767395, 0.7653484344482422, 0.17518305778503418, -1.0076606273651123, 1.2714895009994507, -0.227005273103714, 0.6137802600860596, 0.47524747252464294, -1.0847563743591309, -0.18596285581588745, 1.0, 1.0, 1.0, 1.0, 1.0, 1.0, 1.0, 1.0, 1.0, 1.0, 1.0, 0.0]"
165,3.659165668068454e-05,0.0,272.3427429199219,0.0,0.0,0.0,0.0,0.0,0.0,0.0,0.0,0.0,0.7955243587493896,-0.01654648780822754,-0.11119943112134933,-0.2638971209526062,-0.3061549961566925,0.3399229049682617,0.25066617131233215,0.8367958068847656,-0.5901039838790894,0.8920301198959351,-0.9217251539230347,-0.8835459351539612,0.9021258354187012,-0.9229974746704102,0.792306661605835,"[0.7955243587493896, -0.01654648780822754, -0.11119943112134933, 0.34341293573379517, -0.5417973399162292, -0.00684153288602829, 0.023554299026727676, 0.004168592393398285, -0.9997137784957886, 0.699999988079071, 0.0, 0.0, -0.2638971209526062, -0.3061549961566925, 0.3399229049682617, 0.25066617131233215, 0.43679580092430115, -0.19010397791862488, 0.4920301139354706, -0.5217251777648926, -0.08354592323303223, 0.10212582349777222, -0.1229974627494812, 5.364418029785156e-07, -0.2682865560054779, -1.4157114028930664, 1.522830843925476, -0.7134991884231567, 1.0034546852111816, -0.9929289817810059, 0.41130998730659485, 2.982326030731201, 1.4118220806121826, 5.410655975341797, -5.61450719833374, -0.0011912155896425247, -0.6405561566352844, -0.8029546737670898, 0.6131755113601685, 0.5008867979049683, 0.5203863978385925, -1.1533689498901367, 1.1731253862380981, -0.4099859595298767, 0.3733205199241638, 0.8568589687347412, -1.440990924835205, -0.5831756591796875, 0.0, 1.0, 1.0, 1.0, 1.0, 1.0, 1.0, 1.0, 1.0, 1.0, 1.0, 0.0]"
166,2.64986592810601e-05,0.0,197.22303771972656,0.0,0.0,0.0,0.0,0.0,0.0,8.462820551358163e-05,0.0,629.8670043945312,0.7474310398101807,-0.013586274348199368,-0.22153691947460175,-0.28106120228767395,-0.3528463840484619,0.3561057150363922,0.2292851209640503,0.8534731268882751,-0.6277187466621399,0.9087715744972229,-0.8576080799102783,-0.8484336137771606,1.0013710260391235,-1.0560195446014404,0.7914177179336548,"[0.7474310398101807, -0.013586274348199368, -0.22153691947460175, 0.9713389873504639, -0.6459936499595642, 0.01568281650543213, 0.010287096723914146, -0.01407642662525177, -0.9998481273651123, 0.699999988079071, 0.0, 0.0, -0.28106120228767395, -0.3528463840484619, 0.3561057150363922, 0.2292851209640503, 0.45347312092781067, -0.22771874070167542, 0.508771538734436, -0.45760807394981384, -0.04843360185623169, 0.20137101411819458, -0.2560195326805115, -0.0008884072303771973, -0.9141454696655273, -2.5472307205200195, 0.6375745534896851, -0.2940332293510437, 0.936588704586029, -2.403759002685547, 0.6288169622421265, 0.12181854248046875, 1.5138909816741943, 4.122704029083252, -6.688199520111084, -0.1570676565170288, -0.6482608318328857, -0.7406927943229675, 0.8386420607566833, -0.01626133918762207, 0.15329861640930176, -1.3165706396102905, 0.7057520151138306, -0.2367325723171234, 0.2541750371456146, 0.6276823282241821, -1.3509808778762817, -0.6170587539672852, 1.0, 1.0, 1.0, 1.0, 1.0, 1.0, 1.0, 1.0, 1.0, 1.0, 1.0, 1.0]"
167,3.880016811308451e-05,0.0,288.7801513671875,0.0,0.0,0.0,0.0,0.0,0.0,9.472796227782965e-05,0.0,705.037109375,0.7209455966949463,0.02720222994685173,0.07219843566417694,-0.2694467604160309,-0.38178351521492004,0.3903246223926544,0.23839831352233887,0.8783367276191711,-0.6934356093406677,0.8836500644683838,-0.8508907556533813,-0.8497423529624939,1.0451310873031616,-1.1680225133895874,0.8114768266677856,"[0.7209455966949463, 0.02720222994685173, 0.07219843566417694, -1.622925877571106, 0.6203473806381226, -0.22655697166919708, 0.011995535343885422, -0.001792429480701685, -0.9999266266822815, 0.699999988079071, 0.0, 0.0, -0.2694467604160309, -0.38178351521492004, 0.3903246223926544, 0.23839831352233887, 0.47833672165870667, -0.29343560338020325, 0.4836500585079193, -0.45089074969291687, -0.04974234104156494, 0.24513107538223267, -0.36802250146865845, 0.019170701503753662, 1.5136440992355347, -0.833977997303009, 2.2499959468841553, 1.339902639389038, 1.4692074060440063, -3.778789758682251, -2.421046257019043, 1.7248752117156982, -1.168493628501892, 1.7432485818862915, -4.842284202575684, -1.7102839946746826, -0.7081685662269592, -0.6115360856056213, 0.5685031414031982, 0.5054601430892944, 0.4495345950126648, -1.197435736656189, 1.121125340461731, -0.010332480072975159, 0.5190287232398987, 0.76874840259552, -1.1255133152008057, -0.5708048343658447, 1.0, 1.0, 1.0, 1.0, 1.0, 1.0, 1.0, 1.0, 1.0, 1.0, 1.0, 1.0]"
168,4.2221927287755534e-05,0.0,314.24749755859375,0.0,0.0,0.0,0.0,0.0,0.0,0.0,0.0,0.0,0.7241800427436829,0.06727907061576843,0.05524992197751999,-0.25674521923065186,-0.41352176666259766,0.4004169702529907,0.24345813691616058,0.8966037631034851,-0.7674571871757507,0.8364500403404236,-0.8088015913963318,-0.8543877601623535,1.087646245956421,-1.220587134361267,0.7922657132148743,"[0.7241800427436829, 0.06727907061576843, 0.05524992197751999, -0.04849729314446449, 0.33651646971702576, -0.12607021629810333, 0.022594040259718895, 0.012771936133503914, -0.9996631741523743, 0.699999988079071, 0.0, 0.0, -0.25674521923065186, -0.41352176666259766, 0.4004169702529907, 0.24345813691616058, 0.49660375714302063, -0.36745718121528625, 0.4364500343799591, -0.4088015854358673, -0.05438774824142456, 0.28764623403549194, -0.42058712244033813, -4.0411949157714844e-05, -0.028431782498955727, -1.792345643043518, -0.5730087757110596, -0.511759877204895, 0.6242302656173706, -3.4992103576660156, -2.010371685028076, 2.170745611190796, 0.4731137156486511, 2.123544692993164, -0.8748202919960022, 0.07238644361495972, -0.9184253215789795, -0.2820154130458832, 0.5002803802490234, 0.7569462060928345, 0.2211839258670807, -1.5328837633132935, 1.1175602674484253, -0.6311206817626953, 0.586937665939331, 0.887342095375061, -0.9249840378761292, -0.4105529487133026, 1.0, 1.0, 1.0, 1.0, 1.0, 1.0, 1.0, 1.0, 1.0, 1.0, 1.0, 1.0]"
169,4.426596569828689e-05,0.0,329.46075439453125,0.0,0.0,0.0,0.0,0.0,0.0,4.7718724090373144e-05,0.0,355.1588439941406,0.7263815402984619,0.022082887589931488,0.03305786848068237,-0.25693368911743164,-0.42065227031707764,0.3884294331073761,0.24262674152851105,0.9086011052131653,-0.8352410197257996,0.8092981576919556,-0.790027379989624,-0.839545488357544,1.1288224458694458,-1.212257981300354,0.7967477440834045,"[0.7263815402984619, 0.022082887589931488, 0.03305786848068237, -0.4749239683151245, 0.18642732501029968, -0.026467233896255493, 0.025580434128642082, 0.013726490549743176, -0.9995785355567932, 0.699999988079071, 0.0, 0.0, -0.25693368911743164, -0.42065227031707764, 0.3884294331073761, 0.24262674152851105, 0.5086010694503784, -0.4352410137653351, 0.4092981517314911, -0.39002737402915955, -0.03954547643661499, 0.32882243394851685, -0.41225796937942505, 0.004441618919372559, 0.41105735301971436, 0.82109534740448, -0.1244257241487503, 0.3753198981285095, 0.7384262681007385, -3.384263753890991, -1.1706796884536743, 1.1132100820541382, 0.49384087324142456, 2.0355355739593506, 1.0006531476974487, -0.1400514841079712, -0.6069889664649963, -0.5624999403953552, 0.636527419090271, 0.6481071710586548, 0.2684374451637268, -1.2882357835769653, 1.0274478197097778, -0.5708428025245667, 0.61332106590271, 0.9173617362976074, -0.7359442710876465, -0.49642038345336914, 1.0, 1.0, 1.0, 1.0, 1.0, 1.0, 1.0, 1.0, 1.0, 1.0, 1.0, 1.0]"
170,4.3268930312478915e-05,0.0,322.0400695800781,0.0,0.0,0.0,0.0,0.0,0.0,2.7360178137314506e-05,0.0,203.63511657714844,0.7363253235816956,0.01486058346927166,0.04150024801492691,-0.24993586540222168,-0.3933282792568207,0.38382652401924133,0.24883002042770386,0.9210216999053955,-0.8955172300338745,0.79262375831604,-0.7671211361885071,-0.8243836760520935,1.1589387655258179,-1.17950439453125,0.7949886322021484,"[0.7363253235816956, 0.01486058346927166, 0.04150024801492691, -0.23903250694274902, 0.1183876246213913, -0.029295530170202255, 0.028153536841273308, 0.021537810564041138, -0.9993717670440674, 0.699999988079071, 0.0, 0.0, -0.24993586540222168, -0.3933282792568207, 0.38382652401924133, 0.24883002042770386, 0.5210217237472534, -0.49551722407341003, 0.39262375235557556, -0.3671211302280426, -0.02438366413116455, 0.3589387536048889, -0.37950438261032104, 0.002682507038116455, 0.21719886362552643, 1.4380894899368286, -0.4805937707424164, 0.1679287552833557, 0.4925630986690521, -2.616954803466797, -0.7517195343971252, 1.0349353551864624, 0.9744250178337097, 0.5061991214752197, 2.2084734439849854, 0.1021464541554451, -0.7084299921989441, -0.5749996900558472, 0.5383764505386353, 0.858466386795044, 0.20626898109912872, -1.2196608781814575, 0.903365969657898, -0.45861491560935974, 0.6375002861022949, 0.7048736214637756, -0.5232240557670593, -0.4461299180984497, 1.0, 1.0, 1.0, 1.0, 1.0, 1.0, 1.0, 1.0, 1.0, 1.0, 1.0, 1.0]"
171,4.187103331787512e-05,0.0,311.6358642578125,0.0,0.0,0.0,0.0,0.0,0.0,2.9721153623540886e-05,0.0,221.20726013183594,0.7525949478149414,0.02411513961851597,0.08316658437252045,-0.2505336105823517,-0.36690565943717957,0.36548829078674316,0.24633385241031647,0.9259425401687622,-0.9309018850326538,0.7765443921089172,-0.7444381713867188,-0.7970548868179321,1.1348861455917358,-1.121259093284607,0.7945243120193481,"[0.7525949478149414, 0.02411513961851597, 0.08316658437252045, 0.06640859693288803, 0.1488700807094574, -0.07499999552965164, 0.030318202450871468, 0.020937703549861908, -0.9993206262588501, 0.699999988079071, 0.0, 0.0, -0.2505336105823517, -0.36690565943717957, 0.36548829078674316, 0.24633385241031647, 0.5259425640106201, -0.5309019088745117, 0.37654438614845276, -0.3444381654262543, 0.002945125102996826, 0.3348861336708069, -0.321259081363678, 0.002218186855316162, -0.05273868888616562, 1.3485584259033203, -1.0898253917694092, -0.1723424345254898, 0.13400882482528687, -1.1940066814422607, -1.0208550691604614, 1.1576457023620605, 1.4941229820251465, -2.6316661834716797, 3.6925487518310547, -0.1194966584444046, -0.7494081854820251, -0.6813324093818665, 0.4892890751361847, 1.0015742778778076, 0.22700613737106323, -1.0331544876098633, 0.6516181230545044, -0.38102036714553833, 0.6374393701553345, 0.27151909470558167, -0.13544200360774994, -0.5049949288368225, 1.0, 1.0, 1.0, 1.0, 1.0, 1.0, 1.0, 1.0, 1.0, 1.0, 1.0, 1.0]"
172,3.204610766260885e-05,0.0,238.5113525390625,0.0,0.0,0.0,0.0,0.0,0.0,2.441202559566591e-05,0.0,181.69273376464844,0.7664634585380554,0.02745371125638485,0.081996388733387,-0.25587937235832214,-0.3436221480369568,0.3362850248813629,0.238215833902359,0.9249480962753296,-0.9375592470169067,0.7497109770774841,-0.721234142780304,-0.7600405216217041,1.0536597967147827,-1.0291165113449097,0.7943451404571533,"[0.7664634585380554, 0.02745371125638485, 0.081996388733387, 0.26488128304481506, 0.11811850219964981, -0.09317602962255478, 0.032150764018297195, 0.015088662505149841, -0.9993692636489868, 0.699999988079071, 0.0, 0.0, -0.25587937235832214, -0.3436221480369568, 0.3362850248813629, 0.238215833902359, 0.5249481201171875, -0.5375592708587646, 0.34971097111701965, -0.3212341368198395, 0.039959490299224854, 0.25365978479385376, -0.2291164994239807, 0.002039015293121338, -0.24139001965522766, 1.2693580389022827, -1.4910229444503784, -0.3707120716571808, -0.03631118685007095, 0.226101815700531, -1.6442511081695557, 1.1500369310379028, 1.8157719373703003, -5.206826686859131, 5.251023292541504, -0.03397879749536514, -0.9629155397415161, -0.553554117679596, 0.5163685083389282, 1.009569525718689, 0.3207331895828247, -0.7511199712753296, 0.4724118411540985, -0.49909189343452454, 0.4132644534111023, -0.21190768480300903, 0.312968373298645, -0.4009163975715637, 1.0, 1.0, 1.0, 1.0, 1.0, 1.0, 1.0, 1.0, 1.0, 1.0, 1.0, 1.0]"
173,1.8580893765829387e-06,0.0,13.829304695129395,0.0,0.0,0.0,3.329986066091806e-05,0.0,247.84271240234375,8.734179573366418e-06,0.0,65.00636291503906,0.7937700748443604,0.017319992184638977,0.04557696729898453,-0.2596037685871124,-0.309442937374115,0.32181280851364136,0.23470279574394226,0.9259604215621948,-0.9160115122795105,0.7406682968139648,-0.6965810060501099,-0.7328747510910034,0.9367138743400574,-0.966380774974823,0.7932398319244385,"[0.7937700748443604, 0.017319992184638977, 0.04557696729898453, -0.25667139887809753, 0.029575427994132042, -0.016067063435912132, 0.03384759649634361, 0.013463334180414677, -0.999336302280426, 0.699999988079071, 0.0, 0.0, -0.2596037685871124, -0.309442937374115, 0.32181280851364136, 0.23470279574394226, 0.5259604454040527, -0.5160114765167236, 0.34066829085350037, -0.2965810000896454, 0.06712526082992554, 0.13671386241912842, -0.16638076305389404, 0.0009337067604064941, -0.1731327772140503, 2.2793307304382324, 0.3628428876399994, 0.16675393283367157, 0.16027483344078064, 1.648863673210144, 1.9935238361358643, 1.4502848386764526, 0.1877729445695877, -6.213006973266602, -0.9397140741348267, -0.24322056770324707, -1.1128379106521606, -0.4593030512332916, 0.6163985133171082, 0.8136916160583496, 0.6361244916915894, -0.2628847062587738, 0.2826119363307953, -0.8730237483978271, -0.21326135098934174, -0.641826868057251, 0.5737811923027039, -0.05671790987253189, 1.0, 1.0, 1.0, 1.0, 1.0, 1.0, 1.0, 1.0, 1.0, 1.0, 1.0, 1.0]"
174,0.0,0.0,0.0,0.0,0.0,0.0,3.4883203625213355e-05,0.0,259.62713623046875,1.3989377293910366e-05,0.0,104.11951446533203,0.7705656290054321,0.05529407039284706,0.007191061973571777,-0.2873649299144745,-0.26039549708366394,0.3281775116920471,0.24170032143592834,0.9327734112739563,-0.8637259006500244,0.7601317167282104,-0.6706390976905823,-0.8032273054122925,0.8002679347991943,-0.9520885944366455,0.7951133847236633,"[0.7705656290054321, 0.05529407039284706, 0.007191061973571777, -0.7085615396499634, -0.09449580311775208, 0.004382422659546137, 0.03246550261974335, 0.022269008681178093, -0.9992250204086304, 0.699999988079071, 0.0, 0.0, -0.2873649299144745, -0.26039549708366394, 0.3281775116920471, 0.24170032143592834, 0.5327733755111694, -0.46372589468955994, 0.36013171076774597, -0.2706390917301178, -0.0032272934913635254, 0.00026792287826538086, -0.15208858251571655, 0.0028072595596313477, -1.7916209697723389, 2.4716410636901855, 0.5444926023483276, 0.4756423532962799, 0.30350279808044434, 3.03116512298584, 1.0213947296142578, 1.635070562362671, -5.094398021697998, -6.416446685791016, 0.6863602995872498, -0.4411565959453583, -0.6990434527397156, -0.6555617451667786, 0.12700481712818146, 0.9823908805847168, 1.1128484010696411, -0.22002920508384705, 0.40079593658447266, -1.6717194318771362, -1.030892014503479, -0.5072270035743713, 0.4874057173728943, 0.6167405843734741, 1.0, 1.0, 1.0, 1.0, 1.0, 1.0, 1.0, 1.0, 1.0, 1.0, 1.0, 1.0]"
175,0.0,0.0,0.0,3.910877421731129e-05,0.0,291.0770263671875,3.4872071410063654e-05,0.0,259.5443115234375,3.054126182178152e-06,0.0,22.731115341186523,0.7021855115890503,0.07122299075126648,0.00929594412446022,-0.3244442641735077,-0.24295900762081146,0.33712324500083923,0.2584005296230316,0.9283268451690674,-0.8419424295425415,0.7766177654266357,-0.6573292016983032,-0.9024717807769775,0.7909442782402039,-0.9371516108512878,0.7928104996681213,"[0.7021855115890503, 0.07122299075126648, 0.00929594412446022, -0.5248293280601501, 0.039886847138404846, 0.049471061676740646, 0.03169593587517738, 0.03497237339615822, -0.998885452747345, 0.699999988079071, 0.0, 0.0, -0.3244442641735077, -0.24295900762081146, 0.33712324500083923, 0.2584005296230316, 0.5283268690109253, -0.441942423582077, 0.37661775946617126, -0.25732919573783875, -0.10247176885604858, -0.009055733680725098, -0.1371515989303589, 0.0005043745040893555, -1.7227308750152588, 0.39884868264198303, 0.3459361791610718, 1.2493782043457031, -0.4677915871143341, 0.337785929441452, 0.8801283836364746, -0.23598843812942505, -5.415304660797119, 1.1799869537353516, 0.4837571978569031, -0.08177673071622849, -0.5474607944488525, -0.728905439376831, 0.13158513605594635, 0.9984413385391235, 1.1341688632965088, -0.0719195306301117, 0.4338873624801636, -1.383618950843811, -1.1274025440216064, -0.5387354493141174, 0.6406817436218262, 0.8161478042602539, 1.0, 1.0, 1.0, 1.0, 1.0, 1.0, 1.0, 1.0, 1.0, 1.0, 1.0, 1.0]"
176,0.0,0.0,0.0,3.9301521610468626e-05,0.0,292.5115966796875,3.5792432754533365e-05,0.0,266.3943176269531,0.0,0.0,0.0,0.6673774719238281,0.04933752492070198,0.025746656581759453,-0.34882524609565735,-0.23951447010040283,0.33949559926986694,0.2978232204914093,0.9137426018714905,-0.8297237753868103,0.7941635847091675,-0.6944571733474731,-1.0285730361938477,0.801832914352417,-0.9327930212020874,0.7923017740249634,"[0.6673774719238281, 0.04933752492070198, 0.025746656581759453, -0.047169312834739685, 0.19646191596984863, 0.05299976468086243, 0.03494878113269806, 0.039688993245363235, -0.9986007213592529, 0.699999988079071, 0.0, 0.0, -0.34882524609565735, -0.23951447010040283, 0.33949559926986694, 0.2978232204914093, 0.5137425661087036, -0.4297237694263458, 0.394163578748703, -0.29445716738700867, -0.2285730242729187, 0.0018329024314880371, -0.13279300928115845, -4.351139068603516e-06, -0.8512822389602661, 0.015470407903194427, -0.04071474075317383, 2.315760374069214, -0.9258842468261719, 0.6401916742324829, 0.9409092664718628, -2.7147328853607178, -6.192638874053955, 0.3648916184902191, 0.04444403201341629, -0.0004456043243408203, -0.40591272711753845, -0.7186846137046814, 0.3032825291156769, 0.8039520978927612, 1.207434892654419, -0.04686513543128967, 0.552370011806488, -1.5088335275650024, -1.1779433488845825, -0.34211310744285583, 0.5489971041679382, 1.0192523002624512, 1.0, 1.0, 1.0, 1.0, 1.0, 1.0, 1.0, 1.0, 1.0, 1.0, 1.0, 1.0]"
177,0.0,0.0,0.0,3.0147617508191615e-05,0.0,224.38134765625,3.513944466249086e-05,0.0,261.5342712402344,0.0,0.0,0.0,0.6597386002540588,0.04467505216598511,0.00514230178669095,-0.3536948263645172,-0.24386200308799744,0.3348483741283417,0.34794506430625916,0.8918344378471375,-0.8138218522071838,0.8140962719917297,-0.7644971609115601,-1.1274198293685913,0.8074461817741394,-0.9323042035102844,0.7923024296760559,"[0.6597386002540588, 0.04467505216598511, 0.00514230178669095, 0.2967487871646881, 0.08086766302585602, 0.011097262613475323, 0.0376831479370594, 0.03607718646526337, -0.9986382722854614, 0.699999988079071, 0.0, 0.0, -0.3536948263645172, -0.24386200308799744, 0.3348483741283417, 0.34794506430625916, 0.491834431886673, -0.41382184624671936, 0.41409626603126526, -0.3644971549510956, -0.32741981744766235, 0.007446169853210449, -0.13230419158935547, -3.6954879760742188e-06, 0.0326891764998436, -0.32675445079803467, -0.3393802344799042, 2.5085954666137695, -1.142783761024475, 0.6766155958175659, 1.039940595626831, -3.7583324909210205, -3.8600709438323975, 0.47704797983169556, 0.04738561809062958, 2.4080276489257812e-05, -0.547551691532135, -0.5316075682640076, 0.4191148281097412, 0.8228691816329956, 1.2673671245574951, -0.059937238693237305, 0.5016998052597046, -1.2884366512298584, -0.9653074741363525, -0.3763265311717987, 0.6065717339515686, 0.9288040399551392, 1.0, 1.0, 1.0, 1.0, 1.0, 1.0, 1.0, 1.0, 1.0, 1.0, 1.0, 1.0]"
178,0.0,0.0,0.0,3.4312819479964674e-05,0.0,255.3819122314453,3.6340716178528965e-05,0.0,270.4750671386719,0.0,0.0,0.0,0.6765645146369934,0.051510389894247055,-0.004154016729444265,-0.35047492384910583,-0.25281158089637756,0.3262430727481842,0.3936631381511688,0.8724325895309448,-0.7978325486183167,0.8345896601676941,-0.836670458316803,-1.1624705791473389,0.8188902139663696,-0.9269659519195557,0.7923054695129395,"[0.6765645146369934, 0.051510389894247055, -0.004154016729444265, 0.4144492447376251, -0.0918683335185051, -0.0019216473447158933, 0.03700974956154823, 0.028507933020591736, -0.9989083409309387, 0.699999988079071, 0.0, 0.0, -0.35047492384910583, -0.25281158089637756, 0.3262430727481842, 0.3936631381511688, 0.47243258357048035, -0.3978325426578522, 0.4345896542072296, -0.4366704523563385, -0.3624705672264099, 0.018890202045440674, -0.1269659399986267, -6.556510925292969e-07, 0.17309080064296722, -0.48722612857818604, -0.47407227754592896, 2.0663490295410156, -0.8567133545875549, 0.7154235243797302, 1.0422134399414062, -3.377530813217163, -0.529934823513031, 0.7861728072166443, 0.35902029275894165, 0.0020949840545654297, -0.5262395143508911, -0.414236456155777, 0.5430382490158081, 0.6499295234680176, 1.15879487991333, -0.04356575012207031, 0.41494548320770264, -1.2175394296646118, -0.8119096755981445, -0.38912758231163025, 0.6042466163635254, 0.7986410856246948, 1.0, 1.0, 1.0, 1.0, 1.0, 1.0, 1.0, 1.0, 1.0, 1.0, 1.0, 0.0]"
179,0.0,0.0,0.0,4.4337524741422385e-05,0.0,329.9933776855469,3.765113797271624e-05,0.0,280.22821044921875,0.0,0.0,0.0,0.7031995058059692,0.05876438692212105,0.017999371513724327,-0.3466220498085022,-0.26277223229408264,0.31651443243026733,0.4213009774684906,0.8593973517417908,-0.7798138856887817,0.852816641330719,-0.8908321857452393,-1.1545555591583252,0.8324883580207825,-0.9133861064910889,0.7923064231872559,"[0.7031995058059692, 0.05876438692212105, 0.017999371513724327, 0.40526220202445984, -0.17110155522823334, -0.013869236223399639, 0.03395023196935654, 0.020467959344387054, -0.9992138147354126, 0.699999988079071, 0.0, 0.0, -0.3466220498085022, -0.26277223229408264, 0.31651443243026733, 0.4213009774684906, 0.4593973457813263, -0.37981387972831726, 0.4528166353702545, -0.4908321797847748, -0.35455554723739624, 0.032488346099853516, -0.11338609457015991, 2.980232238769531e-07, 0.24763396382331848, -0.5182602405548096, -0.48933547735214233, 0.843995988368988, -0.6061797738075256, 0.8270720839500427, 0.9061792492866516, -2.2923145294189453, 0.9517108201980591, 0.862904965877533, 0.7473081350326538, 0.004927635192871094, -0.47890403866767883, -0.21135324239730835, 0.7357632517814636, 0.33261212706565857, 1.1147099733352661, 0.37617626786231995, 0.31417617201805115, -1.3887923955917358, -0.6517065763473511, -0.46288740634918213, 0.5966917276382446, 0.9305574893951416, 1.0, 1.0, 1.0, 1.0, 1.0, 1.0, 1.0, 1.0, 1.0, 1.0, 1.0, 0.0]"
180,0.0,0.0,0.0,4.7383782657561824e-05,0.0,352.6658935546875,3.7791083741467446e-05,0.0,281.269775390625,0.0,0.0,0.0,0.7297436594963074,0.06110427901148796,0.05825284123420715,-0.3365928530693054,-0.2716629207134247,0.30792179703712463,0.41793566942214966,0.848258912563324,-0.7573531866073608,0.8664254546165466,-0.9261069297790527,-1.1283278465270996,0.841822624206543,-0.8914300203323364,0.7923070788383484,"[0.7297436594963074, 0.06110427901148796, 0.05825284123420715, 0.2980348765850067, -0.1599513441324234, -0.0564325787127018, 0.030511992052197456, 0.01390800066292286, -0.9994376301765442, 0.699999988079071, 0.0, 0.0, -0.3365928530693054, -0.2716629207134247, 0.30792179703712463, 0.41793566942214966, 0.4482589066028595, -0.35735318064689636, 0.46642544865608215, -0.5261069536209106, -0.32832783460617065, 0.041822612285614014, -0.09143000841140747, 9.5367431640625e-07, 0.6210856437683105, -0.43549180030822754, -0.390258252620697, -0.760198175907135, -0.5544464588165283, 1.0207417011260986, 0.6516351699829102, -1.5208760499954224, 1.4171262979507446, 0.6595357656478882, 1.1476784944534302, 0.006319284439086914, -0.5201130509376526, -0.2355651557445526, 0.6400830149650574, 0.3366742730140686, 1.021860957145691, 0.243190199136734, 0.3065513074398041, -1.3962782621383667, -0.5612693428993225, -0.45934832096099854, 0.5574845671653748, 0.9378805160522461, 1.0, 1.0, 1.0, 1.0, 1.0, 1.0, 1.0, 1.0, 1.0, 1.0, 1.0, 0.0]"
181,0.0,0.0,0.0,4.232893479638733e-05,0.0,315.0439147949219,3.6628371162805706e-05,0.0,272.6159973144531,0.0,0.0,0.0,0.75384521484375,0.06270135194063187,0.08801065385341644,-0.3222467303276062,-0.2787700593471527,0.30097925662994385,0.38822856545448303,0.8376887440681458,-0.7304280400276184,0.8752972483634949,-0.9519554376602173,-1.0996323823928833,0.8451080918312073,-0.8623872399330139,0.7923059463500977,"[0.75384521484375, 0.06270135194063187, 0.08801065385341644, 0.22479507327079773, -0.13839580118656158, -0.07045268267393112, 0.027511168271303177, 0.009244954213500023, -0.9995784759521484, 0.699999988079071, 0.0, 0.0, -0.3222467303276062, -0.2787700593471527, 0.30097925662994385, 0.38822856545448303, 0.4376887381076813, -0.33042803406715393, 0.4752972424030304, -0.5519554615020752, -0.29963237047195435, 0.04510807991027832, -0.06238722801208496, -1.7881393432617188e-07, 0.737293004989624, -0.33852022886276245, -0.33856409788131714, -1.8171968460083008, -0.5478543043136597, 1.2396820783615112, 0.4045455753803253, -1.1860028505325317, 1.5833847522735596, 0.30610594153404236, 1.5149692296981812, 0.003870248794555664, -0.47088423371315, -0.3597540259361267, 0.5383913516998291, 0.41454431414604187, 1.0095429420471191, 0.20984908938407898, 0.3320942223072052, -1.3509678840637207, -0.45377689599990845, -0.4620766043663025, 0.5477057099342346, 0.8863053321838379, 1.0, 1.0, 1.0, 1.0, 1.0, 1.0, 1.0, 1.0, 1.0, 1.0, 1.0, 0.0]"
182,0.0,0.0,0.0,3.704533082782291e-05,0.0,275.7193298339844,3.347808160469867e-05,0.0,249.169189453125,0.0,0.0,0.0,0.7791862487792969,0.057920292019844055,0.09978243708610535,-0.30610671639442444,-0.2841932773590088,0.2951485514640808,0.3492276072502136,0.8273153901100159,-0.7001968622207642,0.880679726600647,-0.9725037813186646,-1.0645042657852173,0.8435249924659729,-0.8280124664306641,0.7923036217689514,"[0.7791862487792969, 0.057920292019844055, 0.09978243708610535, 0.1562824845314026, -0.1050223857164383, -0.05327765271067619, 0.025008847936987877, 0.0059091076254844666, -0.9996698498725891, 0.699999988079071, 0.0, 0.0, -0.30610671639442444, -0.2841932773590088, 0.2951485514640808, 0.3492276072502136, 0.4273153841495514, -0.3001968562602997, 0.4806797206401825, -0.5725038051605225, -0.26450425386428833, 0.043524980545043945, -0.028012454509735107, -2.5033950805664062e-06, 0.855116605758667, -0.23624208569526672, -0.28035545349121094, -1.9297846555709839, -0.5483288168907166, 1.40043306350708, 0.2395036816596985, -0.9332700371742249, 2.0363409519195557, 0.01511799730360508, 1.7575457096099854, 0.0013947486877441406, -0.4408878982067108, -0.4462030827999115, 0.4861922562122345, 0.48121750354766846, 0.9340594410896301, 0.17544719576835632, 0.31998294591903687, -1.299536108970642, -0.3001605272293091, -0.49674615263938904, 0.5058321952819824, 0.8071082830429077, 1.0, 1.0, 1.0, 1.0, 1.0, 1.0, 1.0, 1.0, 1.0, 1.0, 1.0, 0.0]"
183,0.0,0.0,0.0,3.385216405149549e-05,0.0,251.95338439941406,2.9404387532849796e-05,0.0,218.8496551513672,0.0,0.0,0.0,0.805014967918396,0.04775376245379448,0.09816912561655045,-0.2863578796386719,-0.2875913083553314,0.29071348905563354,0.3161179721355438,0.8149930834770203,-0.6675992608070374,0.8840707540512085,-0.9875907301902771,-1.0150851011276245,0.8370993733406067,-0.7914609909057617,0.792302131652832,"[0.805014967918396, 0.04775376245379448, 0.09816912561655045, 0.09511314332485199, -0.023139512166380882, -0.02543349750339985, 0.023761998862028122, 0.0038618361577391624, -0.9997103214263916, 0.699999988079071, 0.0, 0.0, -0.2863578796386719, -0.2875913083553314, 0.29071348905563354, 0.3161179721355438, 0.4149930775165558, -0.2675992548465729, 0.484070748090744, -0.5875906944274902, -0.21508508920669556, 0.037099361419677734, 0.008539021015167236, -3.993511199951172e-06, 1.0625430345535278, -0.13825437426567078, -0.19877704977989197, -1.4801111221313477, -0.7289031147956848, 1.5209341049194336, 0.18628138303756714, -0.6396955251693726, 2.908773183822632, -0.2668134868144989, 1.7681078910827637, 0.0008859634399414062, -0.41742995381355286, -0.48541274666786194, 0.5593550205230713, 0.47434431314468384, 0.80247563123703, 0.15504366159439087, 0.31100818514823914, -1.2543128728866577, -0.09197725355625153, -0.5058637857437134, 0.4068913459777832, 0.7205009460449219, 1.0, 1.0, 1.0, 1.0, 1.0, 1.0, 1.0, 1.0, 1.0, 1.0, 1.0, 0.0]"
184,0.0,0.0,0.0,2.6774383513838984e-05,0.0,199.2751922607422,1.992628676816821e-05,0.0,148.3064727783203,0.0,0.0,0.0,0.8274737596511841,0.036214135587215424,0.07009898871183395,-0.26229432225227356,-0.28909143805503845,0.28785088658332825,0.2917848229408264,0.7954828143119812,-0.6337986588478088,0.8877766728401184,-0.9956446886062622,-0.9452979564666748,0.8255324959754944,-0.757834255695343,0.7923024296760559,"[0.8274737596511841, 0.036214135587215424, 0.07009898871183395, 0.024080142378807068, 0.11599460989236832, -0.000486936914967373, 0.024899858981370926, 0.0028942248318344355, -0.999686062335968, 0.699999988079071, 0.0, 0.0, -0.26229432225227356, -0.28909143805503845, 0.28785088658332825, 0.2917848229408264, 0.3954828083515167, -0.23379865288734436, 0.48777666687965393, -0.5956447124481201, -0.14529794454574585, 0.02553248405456543, 0.04216575622558594, -3.6954879760742188e-06, 1.3118020296096802, -0.030614791437983513, -0.09691362082958221, -1.0994784832000732, -1.2321935892105103, 1.5585159063339233, 0.305277556180954, -0.21193553507328033, 4.118556499481201, -0.5136256814002991, 1.4492542743682861, 0.0017347335815429688, -0.405794233083725, -0.4574630558490753, 0.7101751565933228, 0.4544086158275604, 0.5039254426956177, 0.0003390312194824219, 0.41393283009529114, -1.050096869468689, 0.24071867763996124, -0.3750545084476471, 0.13628287613391876, 0.5348892211914062, 1.0, 1.0, 1.0, 1.0, 1.0, 1.0, 1.0, 1.0, 1.0, 1.0, 1.0, 0.0]"
185,1.478329340898199e-05,0.0,110.02843475341797,4.310716121835867e-06,0.0,32.08360290527344,0.0,0.0,0.0,0.0,0.0,0.0,0.847999632358551,0.021272869780659676,0.007984624244272709,-0.24986375868320465,-0.29021981358528137,0.29171472787857056,0.2688373625278473,0.7930940389633179,-0.6020127534866333,0.8952471017837524,-0.9896915555000305,-0.8995916247367859,0.8150165677070618,-0.7675712704658508,0.7922912836074829,"[0.847999632358551, 0.021272869780659676, 0.007984624244272709, 0.07385994493961334, 0.08931434899568558, -0.049007583409547806, 0.02773403562605381, 0.0022163535468280315, -0.99961256980896, 0.699999988079071, 0.0, 0.0, -0.24986375868320465, -0.29021981358528137, 0.29171472787857056, 0.2688373625278473, 0.3930940330028534, -0.20201274752616882, 0.49524709582328796, -0.5896915197372437, -0.09959161281585693, 0.015016555786132812, 0.032428741455078125, -1.4841556549072266e-05, 0.019916832447052002, -0.11442814022302628, 0.6602127552032471, -1.2041616439819336, 1.3132718801498413, 1.5287330150604248, 0.4208819568157196, 0.6978232860565186, 0.2830210328102112, -0.3233080804347992, -3.528167486190796, -0.006364103872328997, -0.39008650183677673, -0.5682356357574463, 0.9068174362182617, 0.6028549671173096, 0.05179838836193085, -0.6729885339736938, 0.7156180143356323, -0.5636990070343018, 0.5840705037117004, 0.1555541455745697, -0.6505839228630066, 0.14801102876663208, 1.0, 1.0, 1.0, 1.0, 1.0, 1.0, 1.0, 1.0, 1.0, 1.0, 1.0, 0.0]"
186,4.056179750477895e-05,0.0,301.8915710449219,0.0,0.0,0.0,0.0,0.0,0.0,0.0,0.0,0.0,0.8074889779090881,-0.01490013673901558,-0.05688478797674179,-0.24761122465133667,-0.2927870452404022,0.32224100828170776,0.2530343532562256,0.8150851130485535,-0.5874938368797302,0.8942888379096985,-0.9582974910736084,-0.8851715922355652,0.8546913862228394,-0.8504608869552612,0.7923075556755066,"[0.8074889779090881, -0.01490013673901558, -0.05688478797674179, -0.01603095978498459, -0.29052603244781494, -0.03523256629705429, 0.024881131947040558, 0.003889119951054454, -0.9996830224990845, 0.699999988079071, 0.0, 0.0, -0.24761122465133667, -0.2927870452404022, 0.32224100828170776, 0.2530343532562256, 0.415085107088089, -0.18749383091926575, 0.494288831949234, -0.5582975149154663, -0.08517158031463623, 0.0546913743019104, -0.050460875034332275, 1.430511474609375e-06, 0.06938797235488892, -0.5001614093780518, 1.7197203636169434, -0.6578142642974854, 1.1763477325439453, -0.027919301763176918, -0.18315638601779938, 2.0797178745269775, 0.813353955745697, 4.291698932647705, -4.245098114013672, -0.009076779708266258, -0.43237683176994324, -0.9461141228675842, 0.5650897026062012, 0.757001519203186, 0.4057660400867462, -1.1196378469467163, 1.3203004598617554, -0.38744693994522095, 0.4993702173233032, 0.6921005249023438, -1.3044023513793945, -0.4127438962459564, 1.0, 1.0, 1.0, 1.0, 1.0, 1.0, 1.0, 1.0, 1.0, 1.0, 1.0, 0.0]"
187,3.0458639230346307e-05,0.0,226.69619750976562,0.0,0.0,0.0,0.0,0.0,0.0,0.0,0.0,0.0,0.7830832600593567,-0.013495669700205326,-0.16447241604328156,-0.257380872964859,-0.32729965448379517,0.3458368182182312,0.2380068302154541,0.8333656787872314,-0.6099638938903809,0.9013164639472961,-0.9038364291191101,-0.8581187129020691,0.9578137993812561,-0.9720945954322815,0.7923064231872559,"[0.7830832600593567, -0.013495669700205326, -0.16447241604328156, 0.8768619298934937, -0.5334324240684509, 0.04778289794921875, 0.01591734029352665, -0.006903063505887985, -0.9998494982719421, 0.699999988079071, 0.0, 0.0, -0.257380872964859, -0.32729965448379517, 0.3458368182182312, 0.2380068302154541, 0.43336567282676697, -0.20996388792991638, 0.5013164281845093, -0.5038363933563232, -0.05811870098114014, 0.15781378746032715, -0.17209458351135254, 2.980232238769531e-07, -0.8257293701171875, -2.3792669773101807, 0.7979121804237366, -0.871620774269104, 0.9007458090782166, -1.6772150993347168, 0.68660569190979, 3.0913822650909424, 1.4785726070404053, 4.951982498168945, -6.892934322357178, -0.007930443622171879, -0.5253258347511292, -0.7875033020973206, 0.7239357233047485, 0.41018539667129517, 0.4800036549568176, -1.15841805934906, 1.0776236057281494, -0.38207733631134033, 0.3606272339820862, 0.8670787215232849, -1.4993001222610474, -0.5625996589660645, 1.0, 1.0, 1.0, 1.0, 1.0, 1.0, 1.0, 1.0, 1.0, 1.0, 1.0, 0.0]"
188,3.151383498334326e-05,0.0,234.5497589111328,0.0,0.0,0.0,0.0,0.0,0.0,9.435924584977329e-05,0.0,702.2928466796875,0.7396286129951477,-0.014831247739493847,-0.09514637291431427,-0.26766932010650635,-0.3740198612213135,0.3659818172454834,0.2283955067396164,0.8544542193412781,-0.6606763601303101,0.9105517268180847,-0.874273419380188,-0.8372697234153748,1.0429177284240723,-1.1060185432434082,0.8196946978569031,"[0.7396286129951477, -0.014831247739493847, -0.09514637291431427, -0.8715870380401611, 0.06499841064214706, -0.11460332572460175, 0.006952930241823196, -0.017805583775043488, -0.9998173117637634, 0.699999988079071, 0.0, 0.0, -0.26766932010650635, -0.3740198612213135, 0.3659818172454834, 0.2283955067396164, 0.4544542133808136, -0.2606763541698456, 0.5105516910552979, -0.4742734134197235, -0.0372697114944458, 0.2429177165031433, -0.30601853132247925, 0.027388572692871094, 0.8214111924171448, -1.318363070487976, 2.239417552947998, 1.0186057090759277, 1.5770444869995117, -3.1230287551879883, -0.5010289549827576, 0.7039019465446472, -0.5069239139556885, 3.184718608856201, -6.099572658538818, 1.614848017692566, -0.36601677536964417, -1.0014219284057617, 0.6383113861083984, 0.4236697554588318, 0.39900973439216614, -1.0377957820892334, 1.1146275997161865, -0.2928403913974762, 0.3368479609489441, 0.7934327125549316, -1.35575532913208, -0.7503350973129272, 1.0, 1.0, 1.0, 1.0, 1.0, 1.0, 1.0, 1.0, 1.0, 1.0, 1.0, 1.0]"
189,4.1617051465436816e-05,0.0,309.74554443359375,0.0,0.0,0.0,0.0,0.0,0.0,1.2195871931908187e-05,0.0,90.7708969116211,0.7335919737815857,0.042108651250600815,0.06552022695541382,-0.241660475730896,-0.4044110178947449,0.4033755958080292,0.25066882371902466,0.884855329990387,-0.7285119295120239,0.8841531872749329,-0.8407981991767883,-0.858428418636322,1.0905333757400513,-1.2147730588912964,0.7894402742385864,"[0.7335919737815857, 0.042108651250600815, 0.06552022695541382, -1.2534193992614746, 0.6695141196250916, -0.22725918889045715, 0.01734144799411297, 0.00995483249425888, -0.9998000264167786, 0.699999988079071, 0.0, 0.0, -0.241660475730896, -0.4044110178947449, 0.4033755958080292, 0.25066882371902466, 0.4848553240299225, -0.32851192355155945, 0.4841531813144684, -0.44079819321632385, -0.058428406715393066, 0.2905333638191223, -0.41477304697036743, -0.0028658509254455566, 1.155186653137207, -1.9403183460235596, 0.9876677393913269, 1.0457768440246582, 1.3326643705368042, -3.4430017471313477, -1.705531120300293, 1.9726132154464722, -0.9893862009048462, 2.306516647338867, -4.25856876373291, -1.9673304557800293, -0.9651768207550049, -0.35494157671928406, 0.45914921164512634, 0.6725418567657471, 0.27656713128089905, -1.5821713209152222, 1.0292540788650513, -0.282131552696228, 0.5600943565368652, 0.8767657279968262, -1.1590828895568848, -0.29336002469062805, 1.0, 1.0, 1.0, 1.0, 1.0, 1.0, 1.0, 1.0, 1.0, 1.0, 1.0, 1.0]"
190,4.414429349708371e-05,0.0,328.55517578125,0.0,0.0,0.0,0.0,0.0,0.0,2.5485147489234805e-05,0.0,189.6797332763672,0.7174692153930664,0.03777740150690079,0.006081247702240944,-0.23846232891082764,-0.4441058039665222,0.38599297404289246,0.25142303109169006,0.9016912579536438,-0.7940846085548401,0.8529155850410461,-0.8150642514228821,-0.8551267981529236,1.1327930688858032,-1.2437182664871216,0.7958922982215881,"[0.7174692153930664, 0.03777740150690079, 0.006081247702240944, -0.13655604422092438, 0.21257062256336212, -0.08988600224256516, 0.023964861407876015, 0.014557072892785072, -0.9996065497398376, 0.699999988079071, 0.0, 0.0, -0.23846232891082764, -0.4441058039665222, 0.38599297404289246, 0.25142303109169006, 0.5016912221908569, -0.3940846025943756, 0.45291557908058167, -0.4150642454624176, -0.05512678623199463, 0.33279305696487427, -0.4437182545661926, 0.0035861730575561523, 0.07993529736995697, -1.2023590803146362, -1.1266705989837646, 0.040885139256715775, 0.7760712504386902, -3.2617180347442627, -1.5144168138504028, 0.5773907899856567, 0.4112603962421417, 1.8588840961456299, 0.028875786811113358, 0.5709519386291504, -0.9043135046958923, -0.38223978877067566, 0.6138142943382263, 0.7025778293609619, 0.2571165859699249, -1.4776005744934082, 1.1597338914871216, -0.586342453956604, 0.5950144529342651, 0.9580826759338379, -0.8718188405036926, -0.441208153963089, 1.0, 1.0, 1.0, 1.0, 1.0, 1.0, 1.0, 1.0, 1.0, 1.0, 1.0, 1.0]"
191,4.4439271732699126e-05,0.0,330.75067138671875,0.0,0.0,0.0,0.0,0.0,0.0,3.066693898290396e-05,0.0,228.24652099609375,0.7261336445808411,-0.006400281563401222,0.02686089649796486,-0.22909151017665863,-0.43234387040138245,0.3777012825012207,0.260064035654068,0.9180110692977905,-0.8605372905731201,0.8293126821517944,-0.7935773134231567,-0.846869170665741,1.16995108127594,-1.2270642518997192,0.7947980165481567,"[0.7261336445808411, -0.006400281563401222, 0.02686089649796486, -0.6277042031288147, 0.16596828401088715, -0.011435441672801971, 0.027176927775144577, 0.024724537506699562, -0.9993246793746948, 0.699999988079071, 0.0, 0.0, -0.22909151017665863, -0.43234387040138245, 0.3777012825012207, 0.260064035654068, 0.5180110931396484, -0.46053728461265564, 0.42931267619132996, -0.39357730746269226, -0.04686915874481201, 0.369951069355011, -0.4270642399787903, 0.002491891384124756, 0.5982064604759216, 1.321285367012024, -0.15957778692245483, 0.570370078086853, 0.7969436049461365, -3.2665348052978516, -1.0193167924880981, 1.1039512157440186, 0.43923449516296387, 1.6735200881958008, 1.28228759765625, -0.086774080991745, -0.6852406859397888, -0.6163228154182434, 0.598298192024231, 0.6309802532196045, 0.2667015790939331, -1.2915136814117432, 0.985106348991394, -0.4488225281238556, 0.576833963394165, 0.9091029763221741, -0.7640016674995422, -0.4509758949279785, 1.0, 1.0, 1.0, 1.0, 1.0, 1.0, 1.0, 1.0, 1.0, 1.0, 1.0, 1.0]"
192,4.230685590300709e-05,0.0,314.8796081542969,0.0,0.0,0.0,0.0,0.0,0.0,3.877551353070885e-05,0.0,288.5966491699219,0.7387926578521729,0.0018995944410562515,0.06874701380729675,-0.22517651319503784,-0.4065301716327667,0.36528581380844116,0.2628008723258972,0.9278181195259094,-0.9138603806495667,0.8129542469978333,-0.7724830508232117,-0.8278436660766602,1.1802387237548828,-1.1895122528076172,0.795677661895752,"[0.7387926578521729, 0.0018995944410562515, 0.06874701380729675, -0.11739106476306915, 0.1909908950328827, -0.05227583646774292, 0.029740892350673676, 0.028527311980724335, -0.9991504549980164, 0.699999988079071, 0.0, 0.0, -0.22517651319503784, -0.4065301716327667, 0.36528581380844116, 0.2628008723258972, 0.5278180837631226, -0.5138603448867798, 0.4129542410373688, -0.3724830448627472, -0.0278436541557312, 0.38023871183395386, -0.38951224088668823, 0.0033715367317199707, 0.13743522763252258, 1.362823724746704, -0.7721692323684692, 0.04133829474449158, 0.3527109622955322, -2.1858458518981934, -0.9374796152114868, 1.1087719202041626, 1.0846370458602905, -0.6753097176551819, 2.6322147846221924, -0.12379087507724762, -0.7716506123542786, -0.5836235284805298, 0.5661735534667969, 0.8734724521636963, 0.2429281622171402, -1.2195054292678833, 0.8402186632156372, -0.4267328083515167, 0.6238293647766113, 0.6360883712768555, -0.43052226305007935, -0.4303104281425476, 1.0, 1.0, 1.0, 1.0, 1.0, 1.0, 1.0, 1.0, 1.0, 1.0, 1.0, 1.0]"
193,3.8038102502468973e-05,0.0,283.1082763671875,0.0,0.0,0.0,0.0,0.0,0.0,2.5766374164959416e-05,0.0,191.7728271484375,0.752099335193634,0.0033891499042510986,0.08793778717517853,-0.22773292660713196,-0.3797164857387543,0.34360507130622864,0.25763455033302307,0.9299585819244385,-0.9401142001152039,0.7910972237586975,-0.7498398423194885,-0.7971347570419312,1.1386408805847168,-1.1187129020690918,0.7943295240402222,"[0.752099335193634, 0.0033891499042510986, 0.08793778717517853, 0.2367088943719864, 0.14146427810192108, -0.09489206224679947, 0.032475680112838745, 0.02499866485595703, -0.9991598725318909, 0.699999988079071, 0.0, 0.0, -0.22773292660713196, -0.3797164857387543, 0.34360507130622864, 0.25763455033302307, 0.5299586057662964, -0.540114164352417, 0.39109721779823303, -0.34983983635902405, 0.0028652548789978027, 0.33864086866378784, -0.31871289014816284, 0.0020233988761901855, -0.17181405425071716, 1.489575743675232, -1.1809970140457153, -0.3067385256290436, 0.018048280850052834, -0.7175003290176392, -1.343123197555542, 1.053649663925171, 1.6799196004867554, -3.5189504623413086, 4.392059326171875, 0.045121293514966965, -0.8569797277450562, -0.6332101225852966, 0.506783664226532, 0.980180025100708, 0.2839128375053406, -1.0052001476287842, 0.5648019313812256, -0.39318788051605225, 0.5732324123382568, 0.18802326917648315, 0.02397163212299347, -0.49872276186943054, 1.0, 1.0, 1.0, 1.0, 1.0, 1.0, 1.0, 1.0, 1.0, 1.0, 1.0, 1.0]"
194,2.548127122281585e-05,0.0,189.65086364746094,0.0,0.0,0.0,0.0,0.0,0.0,2.263876194774639e-05,0.0,168.49476623535156,0.7653395533561707,0.003254127688705921,0.0737406387925148,-0.23289547860622406,-0.34849706292152405,0.3173784613609314,0.24941742420196533,0.9287214279174805,-0.9384579062461853,0.7554436326026917,-0.7273985743522644,-0.7605277299880981,1.0444797277450562,-1.0127426385879517,0.7941523194313049,"[0.7653395533561707, 0.003254127688705921, 0.0737406387925148, 0.27732378244400024, 0.17271964251995087, -0.11179587990045547, 0.034909937530756, 0.018474821001291275, -0.9992197155952454, 0.699999988079071, 0.0, 0.0, -0.23289547860622406, -0.34849706292152405, 0.3173784613609314, 0.24941742420196533, 0.5287214517593384, -0.5384578704833984, 0.3554436266422272, -0.3273985683917999, 0.03947228193283081, 0.2444797158241272, -0.2127426266670227, 0.0018461942672729492, -0.1915539801120758, 1.6952544450759888, -1.2673707008361816, -0.3594169020652771, 0.0034755002707242966, 0.5940401554107666, -2.10209321975708, 1.1225258111953735, 1.6706904172897339, -5.537820816040039, 5.736351490020752, -0.08578699827194214, -1.0155448913574219, -0.5607192516326904, 0.5441130995750427, 0.9592491388320923, 0.43512874841690063, -0.632287859916687, 0.4176061451435089, -0.535385251045227, 0.2648981213569641, -0.31710800528526306, 0.4233517050743103, -0.34931185841560364, 1.0, 1.0, 1.0, 1.0, 1.0, 1.0, 1.0, 1.0, 1.0, 1.0, 1.0, 1.0]"
195,0.0,0.0,0.0,0.0,0.0,0.0,7.440196895913687e-06,0.0,55.37556457519531,8.202448952943087e-06,0.0,61.048824310302734,0.7846991419792175,0.01927347667515278,0.03263658657670021,-0.24387024343013763,-0.3067915439605713,0.3093341886997223,0.2464396059513092,0.9318207502365112,-0.9087586998939514,0.7566866278648376,-0.7038154602050781,-0.7569820880889893,0.9219215512275696,-0.9709271192550659,0.79367995262146,"[0.7846991419792175, 0.01927347667515278, 0.03263658657670021, -0.15858939290046692, 0.07821697741746902, -0.0195525661110878, 0.03727171570062637, 0.01690373383462429, -0.9991623163223267, 0.699999988079071, 0.0, 0.0, -0.24387024343013763, -0.3067915439605713, 0.3093341886997223, 0.2464396059513092, 0.5318207740783691, -0.5087586641311646, 0.35668662190437317, -0.30381545424461365, 0.0430179238319397, 0.12192153930664062, -0.17092710733413696, 0.0013738274574279785, -1.2065376043319702, 2.4204399585723877, -0.17321251332759857, 0.01927807927131653, 0.3573325574398041, 2.0598201751708984, 1.1923445463180542, 1.349737524986267, -2.63472843170166, -6.553589820861816, 2.0265426635742188, -0.13468791544437408, -1.2315375804901123, -0.4249361455440521, 0.5873620510101318, 0.7498996257781982, 0.7700130939483643, -0.21781444549560547, 0.16972191631793976, -0.9615771770477295, -0.4653664827346802, -0.6867047548294067, 0.596527636051178, 0.021196328103542328, 1.0, 1.0, 1.0, 1.0, 1.0, 1.0, 1.0, 1.0, 1.0, 1.0, 1.0, 0.0]"
196,0.0,0.0,0.0,0.0,0.0,0.0,3.705290873767808e-05,0.0,275.7757263183594,1.2340840839897282e-05,0.0,91.84986114501953,0.7651431560516357,0.049672000110149384,0.012966372072696686,-0.29027390480041504,-0.2529776692390442,0.3155196011066437,0.2525675594806671,0.935555100440979,-0.8471639156341553,0.7762751579284668,-0.6781789660453796,-0.8406524062156677,0.7823117971420288,-0.9584945440292358,0.7948364019393921,"[0.7651431560516357, 0.049672000110149384, 0.012966372072696686, -0.7334752082824707, -0.06838881969451904, -0.025815550237894058, 0.036510176956653595, 0.02504046820104122, -0.9990191459655762, 0.699999988079071, 0.0, 0.0, -0.29027390480041504, -0.2529776692390442, 0.3155196011066437, 0.2525675594806671, 0.5355551242828369, -0.4471639096736908, 0.3762751519680023, -0.27817896008491516, -0.04065239429473877, -0.017688214778900146, -0.15849453210830688, 0.0025302767753601074, -2.3727686405181885, 2.9299068450927734, 0.5984562635421753, 0.6262885332107544, -0.055610984563827515, 3.6185362339019775, 0.9673218131065369, 1.5565919876098633, -3.8676328659057617, -6.744415283203125, 0.7043753862380981, -0.27823731303215027, -0.506102979183197, -0.3851316273212433, 0.29512637853622437, 0.5874271392822266, 1.1718589067459106, 0.23315462470054626, 0.3605446517467499, -1.6007425785064697, -0.7718445062637329, -0.6634865999221802, 0.4863285422325134, 0.8442713022232056, 1.0, 1.0, 1.0, 1.0, 1.0, 1.0, 1.0, 1.0, 1.0, 1.0, 1.0, 1.0]"
197,0.0,0.0,0.0,5.350647188606672e-05,0.0,398.235595703125,3.7193480238784105e-05,0.0,276.82196044921875,0.0,0.0,0.0,0.6924622058868408,0.05332145467400551,0.03824809193611145,-0.3335719108581543,-0.245100736618042,0.3223475515842438,0.269277423620224,0.9246487617492676,-0.8321834206581116,0.7918713092803955,-0.6779966950416565,-0.9342856407165527,0.7938013076782227,-0.9463344216346741,0.7923004627227783,"[0.6924622058868408, 0.05332145467400551, 0.03824809193611145, -0.37179598212242126, 0.1338251829147339, -0.00860106572508812, 0.037636928260326385, 0.03454279899597168, -0.9986943006515503, 0.699999988079071, 0.0, 0.0, -0.3335719108581543, -0.245100736618042, 0.3223475515842438, 0.269277423620224, 0.5246487855911255, -0.4321834146976471, 0.39187130331993103, -0.277996689081192, -0.13428562879562378, -0.006198704242706299, -0.14633440971374512, -5.662441253662109e-06, -1.7869518995285034, 0.28132426738739014, 0.2717624604701996, 1.2913074493408203, -0.7216455340385437, 0.5167715549468994, 0.8349915742874146, -1.0640592575073242, -5.546379089355469, 0.7682585716247559, 0.36198440194129944, -0.00011873245239257812, -0.6950096487998962, -0.6981040835380554, -0.09250004589557648, 1.08617103099823, 1.057267189025879, -0.25146934390068054, 0.3537953495979309, -1.2889213562011719, -0.9369367361068726, -0.5566623210906982, 0.5821932554244995, 0.8295753002166748, 1.0, 1.0, 1.0, 1.0, 1.0, 1.0, 1.0, 1.0, 1.0, 1.0, 1.0, 1.0]"
198,0.0,0.0,0.0,3.5857417969964445e-05,0.0,266.87799072265625,3.5577992093749344e-05,0.0,264.79827880859375,0.0,0.0,0.0,0.6656690835952759,0.03542167693376541,0.05528109520673752,-0.3589969277381897,-0.2442171573638916,0.3224412202835083,0.3109327554702759,0.9024184942245483,-0.8149697184562683,0.8082791566848755,-0.7261881232261658,-1.03572678565979,0.7959378361701965,-0.9420413374900818,0.7923009395599365,"[0.6656690835952759, 0.03542167693376541, 0.05528109520673752, 0.1063382625579834, 0.2139168381690979, 0.027858087792992592, 0.041725099086761475, 0.03594699874520302, -0.9984824061393738, 0.699999988079071, 0.0, 0.0, -0.3589969277381897, -0.2442171573638916, 0.3224412202835083, 0.3109327554702759, 0.5024185180664062, -0.41496971249580383, 0.408279150724411, -0.3261881172657013, -0.23572677373886108, -0.004062175750732422, -0.14204132556915283, -5.185604095458984e-06, -0.9924968481063843, -0.11499201506376266, -0.16002848744392395, 2.5078916549682617, -1.2794781923294067, 0.8415393233299255, 0.8627743721008301, -3.037325859069824, -4.624858856201172, 0.07792270183563232, 0.12689140439033508, 0.0005645751953125, -0.36873069405555725, -0.7586574554443359, 0.3640579879283905, 0.8061378002166748, 1.2770204544067383, -0.022770017385482788, 0.5927988290786743, -1.4811598062515259, -1.0418484210968018, -0.33401724696159363, 0.579804539680481, 0.9484559297561646, 1.0, 1.0, 1.0, 1.0, 1.0, 1.0, 1.0, 1.0, 1.0, 1.0, 1.0, 1.0]"
199,0.0,0.0,0.0,2.823678732966073e-05,0.0,210.15948486328125,3.4302247513551265e-05,0.0,255.30323791503906,0.0,0.0,0.0,0.6672098636627197,0.033148352056741714,0.017426548525691032,-0.3673999011516571,-0.24854214489459991,0.3176065981388092,0.3685089945793152,0.8794611692428589,-0.7966892719268799,0.8267495632171631,-0.7968563437461853,-1.1167603731155396,0.7984592318534851,-0.9388063549995422,0.7923004627227783,"[0.6672098636627197, 0.033148352056741714, 0.017426548525691032, 0.2612772285938263, 0.06649749726057053, -0.002511618658900261, 0.04429761692881584, 0.03183085098862648, -0.9985111355781555, 0.699999988079071, 0.0, 0.0, -0.3673999011516571, -0.24854214489459991, 0.3176065981388092, 0.3685089945793152, 0.4794611632823944, -0.3966892659664154, 0.4267495572566986, -0.3968563377857208, -0.3167603611946106, -0.0015407800674438477, -0.13880634307861328, -5.662441253662109e-06, -0.1144423633813858, -0.3004686236381531, -0.29290685057640076, 2.937033176422119, -1.055413007736206, 0.6927649974822998, 0.9501198530197144, -3.6590709686279297, -3.2667458057403564, 0.5425001382827759, 0.22572994232177734, 0.000598907470703125, -0.5657671093940735, -0.5034340620040894, 0.3490806221961975, 0.8125487565994263, 1.2547179460525513, -0.13233450055122375, 0.4496201276779175, -1.2173242568969727, -0.9459017515182495, -0.39494746923446655, 0.6298491358757019, 0.845599889755249, 1.0, 1.0, 1.0, 1.0, 1.0, 1.0, 1.0, 1.0, 1.0, 1.0, 1.0, 0.0]"
200,0.0,0.0,0.0,4.184176941635087e-05,0.0,311.4180908203125,3.730439493665472e-05,0.0,277.6474609375,0.0,0.0,0.0,0.6911788582801819,0.04567200317978859,0.009695104323327541,-0.3657029867172241,-0.25657472014427185,0.31008291244506836,0.41706234216690063,0.8636975884437561,-0.7792789936065674,0.8459002375602722,-0.8628928065299988,-1.1494160890579224,0.8089621067047119,-0.9304956793785095,0.7923002243041992,"[0.6911788582801819, 0.04567200317978859, 0.009695104323327541, 0.4010903835296631, -0.09151988476514816, -0.03501473367214203, 0.04333890229463577, 0.025098536163568497, -0.9987451434135437, 0.699999988079071, 0.0, 0.0, -0.3657029867172241, -0.25657472014427185, 0.31008291244506836, 0.41706234216690063, 0.4636975824832916, -0.3792789876461029, 0.44590023159980774, -0.4628928005695343, -0.3494160771369934, 0.008962094783782959, -0.13049566745758057, -5.900859832763672e-06, 0.16111883521080017, -0.4754898250102997, -0.44389694929122925, 1.8976082801818848, -0.6685954332351685, 0.7350989580154419, 0.9860029816627502, -2.9726147651672363, -0.6301829814910889, 0.7967488765716553, 0.47308164834976196, 0.0008225440979003906, -0.4276047646999359, -0.2053215056657791, 0.6934469938278198, 0.3430316150188446, 1.2086716890335083, 0.3504163324832916, 0.339640349149704, -1.372418761253357, -0.764587938785553, -0.4698762893676758, 0.6508005857467651, 1.0006211996078491, 1.0, 1.0, 1.0, 1.0, 1.0, 1.0, 1.0, 1.0, 1.0, 1.0, 1.0, 0.0]"
201,0.0,0.0,0.0,4.806624201592058e-05,0.0,357.74530029296875,3.828629633062519e-05,0.0,284.9555358886719,0.0,0.0,0.0,0.721281111240387,0.05279688537120819,0.046479713171720505,-0.3558500409126282,-0.2654012441635132,0.30235999822616577,0.4315437078475952,0.8540312647819519,-0.7585111260414124,0.8618525266647339,-0.9092212319374084,-1.1443160772323608,0.8188124895095825,-0.9140685796737671,0.7922952771186829,"[0.721281111240387, 0.05279688537120819, 0.046479713171720505, 0.29251039028167725, -0.122053362429142, -0.08968126028776169, 0.040878307074308395, 0.018531061708927155, -0.9989922642707825, 0.699999988079071, 0.0, 0.0, -0.3558500409126282, -0.2654012441635132, 0.30235999822616577, 0.4315437078475952, 0.4540312588214874, -0.3585111200809479, 0.4618525207042694, -0.5092211961746216, -0.3443160653114319, 0.018812477588653564, -0.11406856775283813, -1.0848045349121094e-05, 0.666931688785553, -0.4097270369529724, -0.34529024362564087, -0.0003964586358051747, -0.44897571206092834, 0.9350844621658325, 0.7711079716682434, -1.9588286876678467, 0.7419814467430115, 0.6588351130485535, 0.89105224609375, 0.013864198699593544, -0.5801064372062683, -0.15467223525047302, 0.6194605827331543, 0.35388946533203125, 1.0342555046081543, 0.2408447563648224, 0.2841447591781616, -1.3931245803833008, -0.6513151526451111, -0.46755704283714294, 0.5773509740829468, 1.0086910724639893, 1.0, 1.0, 1.0, 1.0, 1.0, 1.0, 1.0, 1.0, 1.0, 1.0, 1.0, 0.0]"
202,0.0,0.0,0.0,4.365866334410384e-05,0.0,324.9407653808594,3.6993747926317155e-05,0.0,275.3354187011719,0.0,0.0,0.0,0.7451573014259338,0.06034085527062416,0.0842498317360878,-0.3408370912075043,-0.27236902713775635,0.2963158190250397,0.4117578864097595,0.8446826934814453,-0.7333131432533264,0.8725972771644592,-0.9402775764465332,-1.121264100074768,0.8235144019126892,-0.8890244960784912,0.7922953367233276,"[0.7451573014259338, 0.06034085527062416, 0.0842498317360878, 0.2106551229953766, -0.1168302595615387, -0.09971263259649277, 0.03839375078678131, 0.014212582260370255, -0.9991616010665894, 0.699999988079071, 0.0, 0.0, -0.3408370912075043, -0.27236902713775635, 0.2963158190250397, 0.4117578864097595, 0.44468268752098083, -0.33331313729286194, 0.47259727120399475, -0.5402776002883911, -0.3212640881538391, 0.023514389991760254, -0.08902448415756226, -1.0788440704345703e-05, 0.7428714632987976, -0.3328893780708313, -0.30274757742881775, -1.4802156686782837, -0.5233584642410278, 1.1559889316558838, 0.5016244649887085, -1.3663489818572998, 1.4275743961334229, 0.3712826371192932, 1.3212039470672607, 0.012197913601994514, -0.48727986216545105, -0.298069566488266, 0.5251173973083496, 0.3957443833351135, 1.031998872756958, 0.21370121836662292, 0.35665422677993774, -1.360580325126648, -0.5358457565307617, -0.45790255069732666, 0.5632039308547974, 0.9404435157775879, 1.0, 1.0, 1.0, 1.0, 1.0, 1.0, 1.0, 1.0, 1.0, 1.0, 1.0, 0.0]"
203,0.0,0.0,0.0,3.8574573409277946e-05,0.0,287.1011047363281,3.5095254133921117e-05,0.0,261.20538330078125,0.0,0.0,0.0,0.7686020731925964,0.060946233570575714,0.09994436055421829,-0.32463255524635315,-0.27783942222595215,0.2910504639148712,0.3747926354408264,0.8338332176208496,-0.7046436071395874,0.8794059753417969,-0.9630341529846191,-1.0875883102416992,0.8238105773925781,-0.8572774529457092,0.7922954559326172,"[0.7686020731925964, 0.060946233570575714, 0.09994436055421829, 0.14039303362369537, -0.11511441320180893, -0.07957901060581207, 0.03594768047332764, 0.011252065189182758, -0.999290406703949, 0.699999988079071, 0.0, 0.0, -0.32463255524635315, -0.27783942222595215, 0.2910504639148712, 0.3747926354408264, 0.43383321166038513, -0.3046436011791229, 0.4794059693813324, -0.563034176826477, -0.28758829832077026, 0.02381056547164917, -0.05727744102478027, -1.0669231414794922e-05, 0.8705482482910156, -0.2533242404460907, -0.2604314982891083, -1.954432487487793, -0.5930972099304199, 1.2824647426605225, 0.2905900478363037, -1.0170400142669678, 1.9844452142715454, 0.2165326029062271, 1.6730061769485474, 0.009048373438417912, -0.44241079688072205, -0.41945722699165344, 0.43189409375190735, 0.4882630705833435, 0.9564747214317322, 0.16561409831047058, 0.3592204749584198, -1.2979179620742798, -0.39009523391723633, -0.48067471385002136, 0.5349849462509155, 0.8266264200210571, 1.0, 1.0, 1.0, 1.0, 1.0, 1.0, 1.0, 1.0, 1.0, 1.0, 1.0, 0.0]"
204,0.0,0.0,0.0,3.587985338526778e-05,0.0,267.04498291015625,3.142060086247511e-05,0.0,233.85585021972656,0.0,0.0,0.0,0.793999195098877,0.0547720342874527,0.09850203990936279,-0.30358511209487915,-0.2815687656402588,0.286816269159317,0.33844879269599915,0.8209788203239441,-0.6737774610519409,0.8837799429893494,-0.9793561697006226,-1.0409413576126099,0.8209375739097595,-0.8214549422264099,0.7922982573509216,"[0.793999195098877, 0.0547720342874527, 0.09850203990936279, 0.09148121625185013, -0.07636654376983643, -0.050237152725458145, 0.03390093520283699, 0.009520255029201508, -0.9993799924850464, 0.699999988079071, 0.0, 0.0, -0.30358511209487915, -0.2815687656402588, 0.286816269159317, 0.33844879269599915, 0.4209788143634796, -0.27377745509147644, 0.4837799370288849, -0.5793561935424805, -0.2409413456916809, 0.020937561988830566, -0.021454930305480957, -7.867813110351562e-06, 1.152477741241455, -0.1828916072845459, -0.20855973660945892, -1.6987874507904053, -0.7338126301765442, 1.3863871097564697, 0.20714454352855682, -0.7023705244064331, 2.678107976913452, 0.04298737645149231, 1.7898499965667725, 3.719329833984375e-05, -0.3932923972606659, -0.49054840207099915, 0.48317793011665344, 0.5001784563064575, 0.8578658699989319, 0.15625402331352234, 0.35131973028182983, -1.2640856504440308, -0.20919178426265717, -0.5054608583450317, 0.45864975452423096, 0.7256736755371094, 1.0, 1.0, 1.0, 1.0, 1.0, 1.0, 1.0, 1.0, 1.0, 1.0, 1.0, 0.0]"
205,0.0,0.0,0.0,3.197994374204427e-05,0.0,238.0189208984375,2.5278070097556338e-05,0.0,188.1385040283203,0.0,0.0,0.0,0.8187066316604614,0.04611925780773163,0.08044932037591934,-0.2768276631832123,-0.2838715612888336,0.2835877239704132,0.3100499212741852,0.8029151558876038,-0.6412683129310608,0.8877159357070923,-0.9893270134925842,-0.9783543348312378,0.8137743473052979,-0.7862144708633423,0.7922980785369873,"[0.8187066316604614, 0.04611925780773163, 0.08044932037591934, 0.04989074915647507, 0.023921700194478035, -0.02354254201054573, 0.03342030569911003, 0.008533366024494171, -0.9994046092033386, 0.699999988079071, 0.0, 0.0, -0.2768276631832123, -0.2838715612888336, 0.2835877239704132, 0.3100499212741852, 0.4029151499271393, -0.2412683069705963, 0.4877159297466278, -0.5893269777297974, -0.17835432291030884, 0.013774335384368896, 0.01378554105758667, -8.046627044677734e-06, 1.426910161972046, -0.10910230875015259, -0.15118388831615448, -1.2805438041687012, -1.0954712629318237, 1.4651553630828857, 0.2622402608394623, -0.3619224727153778, 3.6259284019470215, -0.19885686039924622, 1.6282949447631836, 0.0005826950073242188, -0.40680578351020813, -0.4723798930644989, 0.5994415283203125, 0.4850674271583557, 0.6453112959861755, 0.08050620555877686, 0.3724936842918396, -1.167725920677185, 0.05611953139305115, -0.46283742785453796, 0.28911590576171875, 0.5979398488998413, 1.0, 1.0, 1.0, 1.0, 1.0, 1.0, 1.0, 1.0, 1.0, 1.0, 1.0, 0.0]"
206,2.8858867153758183e-05,0.0,214.78948974609375,1.6777756172814406e-05,0.0,124.87273406982422,0.0,0.0,0.0,0.0,0.0,0.0,0.8471788763999939,0.04321086034178734,0.04633333161473274,-0.26295939087867737,-0.286587655544281,0.2814238965511322,0.28516507148742676,0.7962008714675903,-0.6083972454071045,0.8930225372314453,-0.989710807800293,-0.9260121583938599,0.8042460680007935,-0.7628607749938965,0.7923018932342529,"[0.8471788763999939, 0.04321086034178734, 0.04633333161473274, 0.2142866551876068, 0.02483089081943035, -0.05838984251022339, 0.03457057476043701, 0.006900699809193611, -0.9993783235549927, 0.699999988079071, 0.0, 0.0, -0.26295939087867737, -0.286587655544281, 0.2814238965511322, 0.28516507148742676, 0.39620086550712585, -0.20839723944664001, 0.49302253127098083, -0.5897108316421509, -0.1260121464729309, 0.004246056079864502, 0.03713923692703247, -4.231929779052734e-06, -0.18100020289421082, -0.28764966130256653, -0.05796366557478905, -1.3882744312286377, 1.4463214874267578, 1.6036622524261475, 0.1735469251871109, 0.2688717544078827, 0.1627269834280014, -0.33927950263023376, 0.06420819461345673, 0.002368805930018425, -0.382894366979599, -0.46361395716667175, 0.7985216975212097, 0.5059568881988525, 0.2448575794696808, -0.2835022211074829, 0.5844845771789551, -0.8121393918991089, 0.4509900212287903, -0.14589165151119232, -0.20180483162403107, 0.3006076216697693, 1.0, 1.0, 1.0, 1.0, 1.0, 1.0, 1.0, 1.0, 1.0, 1.0, 1.0, 0.0]"
207,4.024249574285932e-05,0.0,299.5150451660156,0.0,0.0,0.0,0.0,0.0,0.0,0.0,0.0,0.0,0.8229256272315979,-0.003200309118255973,-0.015657465904951096,-0.26326441764831543,-0.28938642144203186,0.30026718974113464,0.2637644112110138,0.8161748051643372,-0.5811105370521545,0.8899393081665039,-0.9699883460998535,-0.908398449420929,0.8114842176437378,-0.8212124705314636,0.7923070788383484,"[0.8229256272315979, -0.003200309118255973, -0.015657465904951096, -0.03951788693666458, -0.24566613137722015, -0.0768590196967125, 0.032291121780872345, 0.005871450062841177, -0.9994614124298096, 0.699999988079071, 0.0, 0.0, -0.26326441764831543, -0.28938642144203186, 0.30026718974113464, 0.2637644112110138, 0.4161747992038727, -0.18111053109169006, 0.48993930220603943, -0.5699883699417114, -0.1083984375, 0.011484205722808838, -0.021212458610534668, 9.5367431640625e-07, 0.10650904476642609, -0.10882654041051865, 1.584936261177063, -0.8430767059326172, 1.1373652219772339, 0.9516169428825378, -0.1668912023305893, 1.5182008743286133, 0.8725816011428833, 1.637492299079895, -4.427336692810059, -0.009981285780668259, -0.27949848771095276, -0.7979574203491211, 0.7703561186790466, 0.7715550661087036, 0.13304510712623596, -1.0246058702468872, 1.2571386098861694, -0.23233386874198914, 0.6239492893218994, 0.5124189853668213, -1.12317955493927, -0.22883793711662292, 1.0, 1.0, 1.0, 1.0, 1.0, 1.0, 1.0, 1.0, 1.0, 1.0, 1.0, 0.0]"
208,3.63558174285572e-05,0.0,270.5874328613281,0.0,0.0,0.0,0.0,0.0,0.0,0.0,0.0,0.0,0.7950714826583862,-0.01787499152123928,-0.10744170099496841,-0.2634414732456207,-0.30510765314102173,0.3388023376464844,0.25168079137802124,0.8359636664390564,-0.5879980325698853,0.8932376503944397,-0.9205445647239685,-0.8820492625236511,0.9053849577903748,-0.9259265065193176,0.7923069000244141,"[0.7950714826583862, -0.01787499152123928, -0.10744170099496841, 0.3534619212150574, -0.5689080357551575, -0.007599915377795696, 0.023226018995046616, 0.00420400220900774, -0.9997212886810303, 0.699999988079071, 0.0, 0.0, -0.2634414732456207, -0.30510765314102173, 0.3388023376464844, 0.25168079137802124, 0.4359636604785919, -0.18799802660942078, 0.4932376444339752, -0.5205445289611816, -0.08204925060272217, 0.1053849458694458, -0.12592649459838867, 7.748603820800781e-07, -0.2701370120048523, -1.4080324172973633, 1.7673375606536865, -0.7257866859436035, 0.9745714664459229, -1.033552885055542, 0.4661480188369751, 3.0022146701812744, 1.4964488744735718, 5.544436454772949, -5.702958106994629, -0.0012124087661504745, -0.6355469822883606, -0.7744510173797607, 0.6219955682754517, 0.47602078318595886, 0.5446504950523376, -1.1433229446411133, 1.1731092929840088, -0.4193170964717865, 0.3727559447288513, 0.8575081825256348, -1.4465306997299194, -0.5834973454475403, 0.0, 1.0, 1.0, 1.0, 1.0, 1.0, 1.0, 1.0, 1.0, 1.0, 1.0, 0.0]"
209,2.5710318368510343e-05,0.0,191.35560607910156,0.0,0.0,0.0,0.0,0.0,0.0,9.798437531571835e-05,0.0,729.2737426757812,0.7408324480056763,-0.013497589156031609,-0.2260546237230301,-0.28077733516693115,-0.35089999437332153,0.3593689799308777,0.2297995537519455,0.8519861102104187,-0.6259153485298157,0.9102395176887512,-0.858081042766571,-0.8452544212341309,1.0035244226455688,-1.059236764907837,0.7943968772888184,"[0.7408324480056763, -0.013497589156031609, -0.2260546237230301, 1.0469259023666382, -0.6951987743377686, 0.004938333295285702, 0.009471981786191463, -0.014339731074869633, -0.9998523592948914, 0.699999988079071, 0.0, 0.0, -0.28077733516693115, -0.35089999437332153, 0.3593689799308777, 0.2297995537519455, 0.4519861042499542, -0.2259153425693512, 0.5102394819259644, -0.45808103680610657, -0.045254409313201904, 0.2035244107246399, -0.25923675298690796, 0.002090752124786377, -0.9892100095748901, -2.540785074234009, 0.768322229385376, -0.3061463534832001, 0.9009977579116821, -2.4079387187957764, 0.6333726644515991, -0.907545804977417, 1.6334015130996704, 4.038212299346924, -6.671490669250488, 4.959561824798584, -0.6396635174751282, -0.733116865158081, 0.8400516510009766, -0.00528891384601593, 0.1652241349220276, -1.314070224761963, 0.6978905200958252, -0.2233213633298874, 0.2582467496395111, 0.6134498119354248, -1.3401223421096802, -0.6243600845336914, 1.0, 1.0, 1.0, 1.0, 1.0, 1.0, 1.0, 1.0, 1.0, 1.0, 1.0, 1.0]"
210,3.915622437489219e-05,0.0,291.4302062988281,0.0,0.0,0.0,0.0,0.0,0.0,9.678707283455878e-05,0.0,720.362548828125,0.7200579047203064,0.027512211352586746,0.07731938362121582,-0.26782193779945374,-0.3768273890018463,0.3965688645839691,0.240190789103508,0.8767855763435364,-0.6919822096824646,0.8829615712165833,-0.8489047884941101,-0.8468347787857056,1.0440700054168701,-1.1686649322509766,0.8107627034187317,"[0.7200579047203064, 0.027512211352586746, 0.07731938362121582, -1.655240774154663, 0.6188310384750366, -0.2229953110218048, 0.01132616214454174, -0.0007598911179229617, -0.9999359250068665, 0.699999988079071, 0.0, 0.0, -0.26782193779945374, -0.3768273890018463, 0.3965688645839691, 0.240190789103508, 0.4767855703830719, -0.2919822037220001, 0.4829615652561188, -0.44890478253364563, -0.04683476686477661, 0.24406999349594116, -0.3686649203300476, 0.018456578254699707, 1.5463542938232422, -0.7224045395851135, 2.273360013961792, 1.3655471801757812, 1.4552879333496094, -3.8166513442993164, -2.562987804412842, 1.733527421951294, -1.1516879796981812, 1.63205885887146, -4.644376277923584, -1.7288144826889038, -0.6491582989692688, -0.5735807418823242, 0.5335891246795654, 0.5078824758529663, 0.4221888482570648, -1.2950634956359863, 1.0721176862716675, -0.0757756382226944, 0.5479142665863037, 0.7434872388839722, -1.1036291122436523, -0.46415531635284424, 1.0, 1.0, 1.0, 1.0, 1.0, 1.0, 1.0, 1.0, 1.0, 1.0, 1.0, 1.0]"
211,4.2254785512341186e-05,0.0,314.4920654296875,0.0,0.0,0.0,0.0,0.0,0.0,0.0,0.0,0.0,0.7205666303634644,0.06783261150121689,0.053672630339860916,-0.2552243173122406,-0.40718528628349304,0.40417999029159546,0.24437467753887177,0.8947458863258362,-0.7687371969223022,0.8319949507713318,-0.8049308657646179,-0.8507710695266724,1.0847837924957275,-1.216429591178894,0.7922642230987549,"[0.7205666303634644, 0.06783261150121689, 0.053672630339860916, -0.05816194787621498, 0.31821903586387634, -0.11531221866607666, 0.021583041176199913, 0.013758035376667976, -0.9996725916862488, 0.699999988079071, 0.0, 0.0, -0.2552243173122406, -0.40718528628349304, 0.40417999029159546, 0.24437467753887177, 0.4947458803653717, -0.36873719096183777, 0.4319949448108673, -0.40493085980415344, -0.05077105760574341, 0.2847837805747986, -0.4164295792579651, -4.190206527709961e-05, -0.023174919188022614, -1.7214275598526, -0.7052891850471497, -0.5853192806243896, 0.6192682385444641, -3.6918601989746094, -2.2017929553985596, 2.336033821105957, 0.4928484559059143, 2.051483392715454, -0.6884964108467102, 0.07497142255306244, -0.9269837141036987, -0.2913469970226288, 0.5143119692802429, 0.7672390937805176, 0.22519508004188538, -1.4852466583251953, 1.1457051038742065, -0.6091916561126709, 0.5939502716064453, 0.8874977231025696, -0.8975390791893005, -0.43224456906318665, 1.0, 1.0, 1.0, 1.0, 1.0, 1.0, 1.0, 1.0, 1.0, 1.0, 1.0, 1.0]"
212,4.4064778194297105e-05,0.0,327.96337890625,0.0,0.0,0.0,0.0,0.0,0.0,4.3539312173379585e-05,0.0,324.0524597167969,0.7247635126113892,0.022739673033356667,0.03438980504870415,-0.25429055094718933,-0.41271474957466125,0.3917796015739441,0.2451552301645279,0.9068557620048523,-0.8398513793945312,0.8021910190582275,-0.7862202525138855,-0.8362500667572021,1.1251351833343506,-1.205904245376587,0.796174943447113,"[0.7247635126113892, 0.022739673033356667, 0.03438980504870415, -0.4757740795612335, 0.17075759172439575, -0.024482615292072296, 0.024545006453990936, 0.01589057967066765, -0.9995725154876709, 0.699999988079071, 0.0, 0.0, -0.25429055094718933, -0.41271474957466125, 0.3917796015739441, 0.2451552301645279, 0.5068557262420654, -0.4398513734340668, 0.40219101309776306, -0.386220246553421, -0.03625005483627319, 0.32513517141342163, -0.40590423345565796, 0.0038688182830810547, 0.4125470817089081, 0.8214105367660522, -0.17196418344974518, 0.38023558259010315, 0.7212114930152893, -3.4873242378234863, -1.2242767810821533, 1.0802233219146729, 0.5361635684967041, 2.015639066696167, 1.0890253782272339, -0.07260026782751083, -0.5958859920501709, -0.5722211599349976, 0.6332273483276367, 0.6464335918426514, 0.26592135429382324, -1.2801463603973389, 1.0084296464920044, -0.5814609527587891, 0.618499755859375, 0.9018460512161255, -0.7084923386573792, -0.5043508410453796, 1.0, 1.0, 1.0, 1.0, 1.0, 1.0, 1.0, 1.0, 1.0, 1.0, 1.0, 1.0]"
213,4.302220986573957e-05,0.0,320.20379638671875,0.0,0.0,0.0,0.0,0.0,0.0,3.04823861370096e-05,0.0,226.87294006347656,0.7384087443351746,0.018223058432340622,0.04874451830983162,-0.24832426011562347,-0.38721853494644165,0.38539353013038635,0.25024962425231934,0.918419361114502,-0.8997529745101929,0.7854228019714355,-0.7635538578033447,-0.8193594813346863,1.1531273126602173,-1.170646071434021,0.7952527403831482,"[0.7384087443351746, 0.018223058432340622, 0.04874451830983162, -0.21953150629997253, 0.12452837079763412, -0.03441949561238289, 0.02679063379764557, 0.022627051919698715, -0.9993849992752075, 0.699999988079071, 0.0, 0.0, -0.24832426011562347, -0.38721853494644165, 0.38539353013038635, 0.25024962425231934, 0.5184193849563599, -0.4997529685497284, 0.38542279601097107, -0.36355385184288025, -0.019359469413757324, 0.35312730073928833, -0.37064605951309204, 0.002946615219116211, 0.19765594601631165, 1.3579747676849365, -0.5387535095214844, 0.13620074093341827, 0.45488736033439636, -2.539811372756958, -0.7773825526237488, 1.0888117551803589, 1.0249601602554321, 0.3077571988105774, 2.3769302368164062, 0.014130078256130219, -0.7166852951049805, -0.5786029696464539, 0.5230597257614136, 0.8834164142608643, 0.20411625504493713, -1.198603868484497, 0.8891599178314209, -0.44525283575057983, 0.6472134590148926, 0.6728013753890991, -0.4831111431121826, -0.44553887844085693, 1.0, 1.0, 1.0, 1.0, 1.0, 1.0, 1.0, 1.0, 1.0, 1.0, 1.0, 1.0]"
214,4.1193423385266215e-05,0.0,306.5926208496094,0.0,0.0,0.0,0.0,0.0,0.0,2.8708664103760384e-05,0.0,213.67156982421875,0.7547255754470825,0.02789911814033985,0.08526327461004257,-0.24991579353809357,-0.36312246322631836,0.36494821310043335,0.246616393327713,0.9223876595497131,-0.9326673150062561,0.768953800201416,-0.7406023144721985,-0.7905570268630981,1.1255881786346436,-1.1094344854354858,0.7944828867912292,"[0.7547255754470825, 0.02789911814033985, 0.08526327461004257, 0.13341310620307922, 0.1409391462802887, -0.075624018907547, 0.028950899839401245, 0.02103843167424202, -0.9993593692779541, 0.699999988079071, 0.0, 0.0, -0.24991579353809357, -0.36312246322631836, 0.36494821310043335, 0.246616393327713, 0.5223876237869263, -0.5326672792434692, 0.36895379424095154, -0.340602308511734, 0.00944298505783081, 0.3255881667137146, -0.3094344735145569, 0.0021767616271972656, -0.12017914652824402, 1.2307116985321045, -1.2144662141799927, -0.24115240573883057, 0.08682488650083542, -1.0483894348144531, -1.0294915437698364, 1.1447408199310303, 1.57774817943573, -2.8228769302368164, 3.8145411014556885, -0.08327464759349823, -0.7600189447402954, -0.6733856797218323, 0.49185118079185486, 1.0059747695922852, 0.22739022970199585, -1.0112916231155396, 0.6343961954116821, -0.3837696313858032, 0.6344573497772217, 0.22910135984420776, -0.09324769675731659, -0.5090274810791016, 1.0, 1.0, 1.0, 1.0, 1.0, 1.0, 1.0, 1.0, 1.0, 1.0, 1.0, 1.0]"
215,3.0302735467557795e-05,0.0,225.5358428955078,0.0,0.0,0.0,0.0,0.0,0.0,2.290609154442791e-05,0.0,170.4844512939453,0.7691425085067749,0.028852291405200958,0.07883346825838089,-0.25564467906951904,-0.34048891067504883,0.3347940146923065,0.23813658952713013,0.9211182594299316,-0.9364455938339233,0.7419256567955017,-0.7172592282295227,-0.7530779838562012,1.0409828424453735,-1.0154410600662231,0.7942065000534058,"[0.7691425085067749, 0.028852291405200958, 0.07883346825838089, 0.26088616251945496, 0.1208321750164032, -0.09005206823348999, 0.030790328979492188, 0.014868929982185364, -0.9994151592254639, 0.699999988079071, 0.0, 0.0, -0.25564467906951904, -0.34048891067504883, 0.3347940146923065, 0.23813658952713013, 0.5211182832717896, -0.5364456176757812, 0.34192565083503723, -0.3172592222690582, 0.04692202806472778, 0.24098283052444458, -0.2154410481452942, 0.0019003748893737793, -0.23933632671833038, 1.272100567817688, -1.4952647686004639, -0.36941826343536377, -0.025188598781824112, 0.3640700876712799, -1.6402668952941895, 1.1661145687103271, 1.7932184934616089, -5.304988384246826, 5.291571617126465, -0.05472870543599129, -0.963225245475769, -0.5478531718254089, 0.5284618139266968, 0.9937126636505127, 0.3430505394935608, -0.6988281011581421, 0.4636581540107727, -0.5261139869689941, 0.37467312812805176, -0.25336989760398865, 0.34034955501556396, -0.38064220547676086, 1.0, 1.0, 1.0, 1.0, 1.0, 1.0, 1.0, 1.0, 1.0, 1.0, 1.0, 1.0]"
216,0.0,0.0,0.0,0.0,0.0,0.0,2.899104219977744e-05,0.0,215.77322387695312,7.769422154524364e-06,0.0,57.825904846191406,0.7940548062324524,0.020465299487113953,0.03797146677970886,-0.2591915726661682,-0.3051510453224182,0.321916788816452,0.2354525923728943,0.9231820702552795,-0.9118286371231079,0.7352383732795715,-0.6925233006477356,-0.731252133846283,0.9225353002548218,-0.9610041975975037,0.7932555675506592,"[0.7940548062324524, 0.020465299487113953, 0.03797146677970886, -0.3059556186199188, 0.023928504437208176, -0.011330683715641499, 0.03240553289651871, 0.01402394101023674, -0.9993763566017151, 0.699999988079071, 0.0, 0.0, -0.2591915726661682, -0.3051510453224182, 0.321916788816452, 0.2354525923728943, 0.5231820344924927, -0.5118286609649658, 0.33523836731910706, -0.2925232946872711, 0.068747878074646, 0.12253528833389282, -0.1610041856765747, 0.0009494423866271973, -0.24612101912498474, 2.338303327560425, 0.3178916573524475, 0.2107134610414505, 0.26339924335479736, 1.8058065176010132, 1.8455346822738647, 1.468300461769104, -0.8376880884170532, -6.284358024597168, -0.9567441344261169, -0.25833454728126526, -1.1239826679229736, -0.44258996844291687, 0.6160022020339966, 0.793204665184021, 0.6655172109603882, -0.22733548283576965, 0.2574572265148163, -0.9238613843917847, -0.2841837406158447, -0.666781485080719, 0.5859185457229614, -0.017580486834049225, 1.0, 1.0, 1.0, 1.0, 1.0, 1.0, 1.0, 1.0, 1.0, 1.0, 1.0, 1.0]"
217,0.0,0.0,0.0,0.0,0.0,0.0,3.408459451748058e-05,0.0,253.6833038330078,1.5273863027687185e-05,0.0,113.67963409423828,0.7692815065383911,0.0597100593149662,0.008084448054432869,-0.2890182137489319,-0.25538375973701477,0.32888853549957275,0.24343685805797577,0.9263362288475037,-0.856435239315033,0.7539187669754028,-0.666383683681488,-0.8080657720565796,0.7863285541534424,-0.9450224041938782,0.7954866886138916,"[0.7692815065383911, 0.0597100593149662, 0.008084448054432869, -0.7654891610145569, -0.10726813226938248, 0.005166909657418728, 0.03063010796904564, 0.02380123920738697, -0.9992473721504211, 0.699999988079071, 0.0, 0.0, -0.2890182137489319, -0.25538375973701477, 0.32888853549957275, 0.24343685805797577, 0.5263361930847168, -0.4564352333545685, 0.35391876101493835, -0.26638367772102356, -0.008065760135650635, -0.013671457767486572, -0.14502239227294922, 0.003180563449859619, -1.7810344696044922, 2.483218193054199, 0.5850315690040588, 0.47896984219551086, -0.019097717478871346, 3.1644787788391113, 0.9706265330314636, 1.737727403640747, -4.277348041534424, -6.30941915512085, 0.7776370644569397, -0.6235509514808655, -0.6745305061340332, -0.6620492935180664, 0.1066395491361618, 1.0064688920974731, 1.1005656719207764, -0.2297222912311554, 0.4366883337497711, -1.6684571504592896, -1.023220181465149, -0.5145533084869385, 0.4850581884384155, 0.6263937950134277, 1.0, 1.0, 1.0, 1.0, 1.0, 1.0, 1.0, 1.0, 1.0, 1.0, 1.0, 1.0]"
218,0.0,0.0,0.0,4.744948091683909e-05,0.0,353.1549072265625,3.508381269057281e-05,0.0,261.1202392578125,0.0,0.0,0.0,0.6970361471176147,0.061132460832595825,0.03259176388382912,-0.3284873962402344,-0.24519392848014832,0.33573710918426514,0.2650618255138397,0.917143702507019,-0.8352318406105042,0.7703884840011597,-0.6590242385864258,-0.9095761775970459,0.7903149724006653,-0.9326328635215759,0.7922998070716858,"[0.6970361471176147, 0.061132460832595825, 0.03259176388382912, -0.3521643280982971, 0.13599678874015808, 0.07530009001493454, 0.03126628324389458, 0.03444128483533859, -0.9989179372787476, 0.699999988079071, 0.0, 0.0, -0.3284873962402344, -0.24519392848014832, 0.33573710918426514, 0.2650618255138397, 0.517143726348877, -0.4352318346500397, 0.3703884780406952, -0.2590242326259613, -0.10957616567611694, -0.009685039520263672, -0.13263285160064697, -6.318092346191406e-06, -1.853312611579895, 0.28277745842933655, 0.1952132135629654, 1.7634904384613037, -0.653268039226532, 0.5613551735877991, 0.8887323141098022, -0.8460222482681274, -5.9655280113220215, 0.6827495694160461, 0.3058990240097046, 0.003866574726998806, -0.5082648396492004, -0.7391135692596436, 0.13073988258838654, 0.9888596534729004, 1.1651028394699097, -0.04431083798408508, 0.4165513515472412, -1.3927909135818481, -1.1271343231201172, -0.5503900051116943, 0.6607226729393005, 0.8273664116859436, 1.0, 1.0, 1.0, 1.0, 1.0, 1.0, 1.0, 1.0, 1.0, 1.0, 1.0, 1.0]"
219,0.0,0.0,0.0,3.7116849853191525e-05,0.0,276.2516174316406,3.585306694731116e-05,0.0,266.8456115722656,0.0,0.0,0.0,0.6655063629150391,0.03818247467279434,0.03932420536875725,-0.35289621353149414,-0.24415938556194305,0.33512988686561584,0.31695303320884705,0.8993895649909973,-0.8191975355148315,0.7885960936546326,-0.70847487449646,-1.034949779510498,0.793292760848999,-0.9312715530395508,0.7923010587692261,"[0.6655063629150391, 0.03818247467279434, 0.03932420536875725, 0.11474724858999252, 0.2273256629705429, 0.06714015454053879, 0.03568572551012039, 0.03567257151007652, -0.9987258315086365, 0.699999988079071, 0.0, 0.0, -0.35289621353149414, -0.24415938556194305, 0.33512988686561584, 0.31695303320884705, 0.49938955903053284, -0.41919752955436707, 0.3885960876941681, -0.3084748685359955, -0.2349497675895691, -0.006707251071929932, -0.13127154111862183, -5.066394805908203e-06, -0.8206291794776917, -0.11774984747171402, -0.18246489763259888, 2.878107786178589, -1.0167770385742188, 0.7645602822303772, 0.9778717756271362, -3.1979401111602783, -5.912237644195557, 0.15421274304389954, -0.061029840260744095, 0.0007424354553222656, -0.42170652747154236, -0.6869778633117676, 0.34022223949432373, 0.7739826440811157, 1.261412501335144, -0.1070341169834137, 0.573401153087616, -1.4558980464935303, -1.1352248191833496, -0.35303759574890137, 0.5597925186157227, 0.9588797092437744, 1.0, 1.0, 1.0, 1.0, 1.0, 1.0, 1.0, 1.0, 1.0, 1.0, 1.0, 1.0]"
220,0.0,0.0,0.0,3.0086262995610014e-05,0.0,223.92471313476562,3.505931090330705e-05,0.0,260.9378662109375,0.0,0.0,0.0,0.6659795641899109,0.040635015815496445,0.006275667808949947,-0.3581490218639374,-0.2502340078353882,0.32855743169784546,0.37285858392715454,0.8802157044410706,-0.8017299771308899,0.8092841506004333,-0.7813653945922852,-1.1287245750427246,0.7968848943710327,-0.9314208030700684,0.7923011779785156,"[0.6659795641899109, 0.040635015815496445, 0.006275667808949947, 0.3730968236923218, 0.05380844697356224, 0.011172894388437271, 0.038230132311582565, 0.029905397444963455, -0.9988211989402771, 0.699999988079071, 0.0, 0.0, -0.3581490218639374, -0.2502340078353882, 0.32855743169784546, 0.37285858392715454, 0.4802156984806061, -0.4017299711704254, 0.40928414463996887, -0.3813653886318207, -0.32872456312179565, -0.0031151175498962402, -0.1314207911491394, -4.947185516357422e-06, -0.005392484366893768, -0.40974491834640503, -0.4088326692581177, 2.6255874633789062, -0.9104354381561279, 0.6852725148200989, 1.0786819458007812, -3.7142019271850586, -3.5047342777252197, 0.5572044253349304, 0.048229966312646866, 0.00040078163146972656, -0.557074248790741, -0.4609120190143585, 0.4906087815761566, 0.7478684186935425, 1.2720946073532104, -0.09318670630455017, 0.46365976333618164, -1.230665922164917, -0.9341776371002197, -0.4011734426021576, 0.6344919204711914, 0.8585814237594604, 1.0, 1.0, 1.0, 1.0, 1.0, 1.0, 1.0, 1.0, 1.0, 1.0, 1.0, 0.0]"
221,0.0,0.0,0.0,4.2893661884590983e-05,0.0,319.2470397949219,3.681436282931827e-05,0.0,274.0002746582031,0.0,0.0,0.0,0.686966598033905,0.05046605318784714,0.005066969897598028,-0.3551075756549835,-0.25985187292099,0.31940001249313354,0.41366955637931824,0.8662672638893127,-0.7847883105278015,0.829844057559967,-0.847980260848999,-1.1542048454284668,0.8083946704864502,-0.9248212575912476,0.7922971844673157,"[0.686966598033905, 0.05046605318784714, 0.005066969897598028, 0.43986833095550537, -0.11210400611162186, -0.02319193258881569, 0.036927852779626846, 0.021719129756093025, -0.9990818500518799, 0.699999988079071, 0.0, 0.0, -0.3551075756549835, -0.25985187292099, 0.31940001249313354, 0.41366955637931824, 0.46626725792884827, -0.38478830456733704, 0.42984405159950256, -0.44798025488853455, -0.35420483350753784, 0.00839465856552124, -0.1248212456703186, -8.940696716308594e-06, 0.19285787642002106, -0.5215566754341125, -0.489743709564209, 1.5502737760543823, -0.6003558039665222, 0.7198313474655151, 1.0483580827713013, -3.0166590213775635, 0.012820503674447536, 0.8431747555732727, 0.40277835726737976, 0.010808654129505157, -0.4922119081020355, -0.1782677322626114, 0.7237645387649536, 0.35045725107192993, 1.1893267631530762, 0.346145898103714, 0.33850082755088806, -1.3599164485931396, -0.7140620946884155, -0.4758644104003906, 0.6389204263687134, 1.0066933631896973, 1.0, 1.0, 1.0, 1.0, 1.0, 1.0, 1.0, 1.0, 1.0, 1.0, 1.0, 0.0]"
222,0.0,0.0,0.0,4.8705634981160983e-05,0.0,362.504150390625,3.750266841962002e-05,0.0,279.1231994628906,0.0,0.0,0.0,0.713702917098999,0.055117517709732056,0.04389354586601257,-0.34794244170188904,-0.26927071809768677,0.3107387125492096,0.42403486371040344,0.8576290011405945,-0.7646081447601318,0.8465602993965149,-0.8965739607810974,-1.1365689039230347,0.8192086815834045,-0.9091644287109375,0.792295515537262,"[0.713702917098999, 0.055117517709732056, 0.04389354586601257, 0.3267554044723511, -0.13950026035308838, -0.0675809234380722, 0.03411548212170601, 0.014469398185610771, -0.9993134140968323, 0.699999988079071, 0.0, 0.0, -0.34794244170188904, -0.26927071809768677, 0.3107387125492096, 0.42403486371040344, 0.45762899518013, -0.36460813879966736, 0.4465602934360504, -0.49657395482063293, -0.3365688920021057, 0.019208669662475586, -0.10916441679000854, -1.0609626770019531e-05, 0.45217257738113403, -0.43726786971092224, -0.39105188846588135, -0.12409574538469315, -0.409619003534317, 0.9165312051773071, 0.8126634359359741, -2.108485460281372, 1.2412201166152954, 0.6855593323707581, 0.8454007506370544, 0.013950850814580917, -0.5704588890075684, -0.1773723065853119, 0.6919289827346802, 0.33323293924331665, 1.0133719444274902, 0.27058669924736023, 0.32559627294540405, -1.3803681135177612, -0.6197823882102966, -0.46001341938972473, 0.5733713507652283, 0.9895758628845215, 1.0, 1.0, 1.0, 1.0, 1.0, 1.0, 1.0, 1.0, 1.0, 1.0, 1.0, 0.0]"
223,0.0,0.0,0.0,4.435311711858958e-05,0.0,330.10943603515625,3.60685917257797e-05,0.0,268.44970703125,0.0,0.0,0.0,0.7355741262435913,0.058162134140729904,0.08063637465238571,-0.3366704285144806,-0.27656880021095276,0.3040057122707367,0.4034354090690613,0.8480566143989563,-0.7400639057159424,0.8580577969551086,-0.9308577179908752,-1.1089004278182983,0.8247262835502625,-0.8850756287574768,0.7922952771186829,"[0.7355741262435913, 0.058162134140729904, 0.08063637465238571, 0.2284223884344101, -0.12860995531082153, -0.08295929431915283, 0.031371571123600006, 0.009584837593138218, -0.9994621276855469, 0.699999988079071, 0.0, 0.0, -0.3366704285144806, -0.27656880021095276, 0.3040057122707367, 0.4034354090690613, 0.4480566084384918, -0.3400638997554779, 0.45805779099464417, -0.5308576822280884, -0.3089004158973694, 0.024726271629333496, -0.08507561683654785, -1.0848045349121094e-05, 0.596481442451477, -0.3389086425304413, -0.32176560163497925, -1.4897639751434326, -0.5576584339141846, 1.1176162958145142, 0.5424923300743103, -1.516899585723877, 1.4702625274658203, 0.4160737991333008, 1.263460636138916, 0.012072501704096794, -0.4970855414867401, -0.3088509738445282, 0.5697112083435059, 0.3880033791065216, 1.0226950645446777, 0.22560366988182068, 0.37254878878593445, -1.3302384614944458, -0.518898606300354, -0.4543188214302063, 0.5727157592773438, 0.9165948629379272, 1.0, 1.0, 1.0, 1.0, 1.0, 1.0, 1.0, 1.0, 1.0, 1.0, 1.0, 0.0]"
224,0.0,0.0,0.0,3.945921707781963e-05,0.0,293.685302734375,3.440859291004017e-05,0.0,256.0947265625,0.0,0.0,0.0,0.7588279843330383,0.05547768250107765,0.09637080878019333,-0.3225134313106537,-0.28195059299468994,0.29864001274108887,0.3664003610610962,0.8364229202270508,-0.7122586965560913,0.8655865788459778,-0.9556317925453186,-1.0792285203933716,0.8260828852653503,-0.8544177412986755,0.792295515537262,"[0.7588279843330383, 0.05547768250107765, 0.09637080878019333, 0.14172010123729706, -0.12371277809143066, -0.06957288831472397, 0.028748320415616035, 0.006450517103075981, -0.9995660781860352, 0.699999988079071, 0.0, 0.0, -0.3225134313106537, -0.28195059299468994, 0.29864001274108887, 0.3664003610610962, 0.4364229142665863, -0.31225869059562683, 0.4655865728855133, -0.5556317567825317, -0.2792285084724426, 0.026082873344421387, -0.05441772937774658, -1.0609626770019531e-05, 0.7804047465324402, -0.24173735082149506, -0.25696197152137756, -1.9569357633590698, -0.6214748620986938, 1.238820195198059, 0.33147212862968445, -1.0854980945587158, 1.6694332361221313, 0.2687739133834839, 1.612122654914856, 0.009094043634831905, -0.4528481662273407, -0.41913795471191406, 0.46797671914100647, 0.47566288709640503, 0.9706368446350098, 0.17191579937934875, 0.3724924623966217, -1.2705059051513672, -0.3903527855873108, -0.478579580783844, 0.5484552383422852, 0.8215153217315674, 1.0, 1.0, 1.0, 1.0, 1.0, 1.0, 1.0, 1.0, 1.0, 1.0, 1.0, 0.0]"
225,0.0,0.0,0.0,3.6962439480703324e-05,0.0,275.1023864746094,3.1506733648711815e-05,0.0,234.49693298339844,0.0,0.0,0.0,0.7844184637069702,0.04686667025089264,0.09738567471504211,-0.30343255400657654,-0.28521132469177246,0.2947479784488678,0.3302467465400696,0.8238847851753235,-0.6822857856750488,0.8704848289489746,-0.972528338432312,-1.0402377843856812,0.8243556022644043,-0.8194403052330017,0.792298436164856,"[0.7844184637069702, 0.04686667025089264, 0.09738567471504211, 0.0752139538526535, -0.08557217568159103, -0.04185870289802551, 0.02654227241873741, 0.004895730875432491, -0.9996358752250671, 0.699999988079071, 0.0, 0.0, -0.30343255400657654, -0.28521132469177246, 0.2947479784488678, 0.3302467465400696, 0.423884779214859, -0.28228577971458435, 0.47048482298851013, -0.5725283622741699, -0.2402377724647522, 0.024355590343475342, -0.019440293312072754, -7.68899917602539e-06, 1.0398650169372559, -0.15038864314556122, -0.1880037486553192, -1.6781247854232788, -0.6827724575996399, 1.3458101749420166, 0.23074652254581451, -0.7147694826126099, 2.267965316772461, 0.09414984285831451, 1.7568588256835938, -1.9073486328125e-06, -0.41807660460472107, -0.47916051745414734, 0.4966820180416107, 0.48908233642578125, 0.8928484916687012, 0.16239824891090393, 0.3433167040348053, -1.2488114833831787, -0.2269505113363266, -0.5086596608161926, 0.48625802993774414, 0.7487953305244446, 1.0, 1.0, 1.0, 1.0, 1.0, 1.0, 1.0, 1.0, 1.0, 1.0, 1.0, 0.0]"
226,0.0,0.0,0.0,3.4145021345466375e-05,0.0,254.13302612304688,2.7526761186891235e-05,0.0,204.87493896484375,0.0,0.0,0.0,0.8093222379684448,0.037101686000823975,0.08642727136611938,-0.27987903356552124,-0.28686293959617615,0.29201316833496094,0.30252721905708313,0.8082139492034912,-0.6503649950027466,0.8745471239089966,-0.982812225818634,-0.9865638017654419,0.8180716037750244,-0.7843016386032104,0.7922984957695007,"[0.8093222379684448, 0.037101686000823975, 0.08642727136611938, 0.0388413667678833, 0.006894267164170742, -0.015610194765031338, 0.025803131982684135, 0.00420548627153039, -0.9996583461761475, 0.699999988079071, 0.0, 0.0, -0.27987903356552124, -0.28686293959617615, 0.29201316833496094, 0.30252721905708313, 0.40821394324302673, -0.2503649890422821, 0.4745471179485321, -0.5828121900558472, -0.18656378984451294, 0.01807159185409546, 0.015698373317718506, -7.62939453125e-06, 1.2313035726547241, -0.07911856472492218, -0.11976069957017899, -1.240665078163147, -0.9228380918502808, 1.4424270391464233, 0.25674495100975037, -0.3952787220478058, 3.1038975715637207, -0.1607343852519989, 1.63987398147583, 0.0008138418197631836, -0.4245999753475189, -0.4748534858226776, 0.5909634232521057, 0.4623861014842987, 0.7265265583992004, 0.12646082043647766, 0.3224387764930725, -1.2072664499282837, -0.0162297785282135, -0.4888679087162018, 0.36465591192245483, 0.6667438745498657, 1.0, 1.0, 1.0, 1.0, 1.0, 1.0, 1.0, 1.0, 1.0, 1.0, 1.0, 0.0]"
227,0.0,0.0,0.0,2.378297176619526e-05,0.0,177.01084899902344,1.6260257325484417e-05,0.0,121.0211181640625,0.0,0.0,0.0,0.8280677199363708,0.026876958087086678,0.041663505136966705,-0.25339123606681824,-0.2868939936161041,0.2908678352832794,0.28154313564300537,0.7841281890869141,-0.6182861924171448,0.8801829218864441,-0.9859557747840881,-0.9136536717414856,0.8080676794052124,-0.7541524767875671,0.7923006415367126,"[0.8280677199363708, 0.026876958087086678, 0.041663505136966705, -0.05211695283651352, 0.14470097422599792, 0.010485170409083366, 0.02752939984202385, 0.004482257179915905, -0.9996107220649719, 0.699999988079071, 0.0, 0.0, -0.25339123606681824, -0.2868939936161041, 0.2908678352832794, 0.28154313564300537, 0.3841281831264496, -0.2182861864566803, 0.4801829159259796, -0.5859557390213013, -0.11365365982055664, 0.008067667484283447, 0.045847535133361816, -5.4836273193359375e-06, 1.415334939956665, 0.04289709031581879, 0.0021542832255363464, -0.9591083526611328, -1.482473373413086, 1.4236054420471191, 0.43806055188179016, 0.041353821754455566, 4.261747360229492, -0.32812216877937317, 1.220719337463379, 0.0019381046295166016, -0.39609983563423157, -0.4629068076610565, 0.7500030994415283, 0.46659496426582336, 0.40152308344841003, -0.09616532921791077, 0.4622799754142761, -0.9473686218261719, 0.32996225357055664, -0.28503361344337463, 0.01744718849658966, 0.45415976643562317, 1.0, 1.0, 1.0, 1.0, 1.0, 1.0, 1.0, 1.0, 1.0, 1.0, 1.0, 0.0]"
228,3.2364878279622644e-05,0.0,240.88388061523438,0.0,0.0,0.0,0.0,0.0,0.0,0.0,0.0,0.0,0.8363673686981201,0.004749793093651533,-0.020590532571077347,-0.24936604499816895,-0.2878760099411011,0.29981568455696106,0.26017096638679504,0.7962216138839722,-0.5892862677574158,0.8878325819969177,-0.9738329648971558,-0.8910852074623108,0.8035115003585815,-0.7879441380500793,0.7923055291175842,"[0.8363673686981201, 0.004749793093651533, -0.020590532571077347, -0.033035121858119965, -0.0050680628046393394, -0.049443334341049194, 0.029115207493305206, 0.004164198413491249, -0.9995676279067993, 0.699999988079071, 0.0, 0.0, -0.24936604499816895, -0.2878760099411011, 0.29981568455696106, 0.26017096638679504, 0.3962216079235077, -0.1892862617969513, 0.48783257603645325, -0.5738329887390137, -0.09108519554138184, 0.003511488437652588, 0.01205587387084961, -5.960464477539062e-07, -0.05007991939783096, 0.00283693615347147, 1.0780572891235352, -0.9197697043418884, 1.171225905418396, 1.2627924680709839, 0.3366805613040924, 1.0228215456008911, 0.29384666681289673, 0.12438193708658218, -4.5847859382629395, -0.007785052061080933, -0.38855618238449097, -0.6696841716766357, 0.9371972680091858, 0.7022169828414917, -0.04725193977355957, -0.9049297571182251, 0.8193559646606445, -0.419368177652359, 0.6401981115341187, 0.33843734860420227, -0.9273017048835754, -0.007813699543476105, 1.0, 1.0, 1.0, 1.0, 1.0, 1.0, 1.0, 1.0, 1.0, 1.0, 1.0, 0.0]"
229,3.9603968616575e-05,0.0,294.7626647949219,0.0,0.0,0.0,0.0,0.0,0.0,0.0,0.0,0.0,0.7935672402381897,-0.02506881207227707,-0.08653955161571503,-0.24686956405639648,-0.2951175570487976,0.33517926931381226,0.25031739473342896,0.8188140392303467,-0.5874897837638855,0.8876544833183289,-0.9358566403388977,-0.875064492225647,0.874732494354248,-0.8811162710189819,0.792304277420044,"[0.7935672402381897, -0.02506881207227707, -0.08653955161571503, 0.11361231654882431, -0.3884384036064148, -0.020904850214719772, 0.024085689336061478, 0.0056724767200648785, -0.9996934533119202, 0.699999988079071, 0.0, 0.0, -0.24686956405639648, -0.2951175570487976, 0.33517926931381226, 0.25031739473342896, 0.4188140332698822, -0.18748977780342102, 0.4876544773578644, -0.5358566045761108, -0.07506448030471802, 0.07473248243331909, -0.08111625909805298, -1.8477439880371094e-06, -0.04958570376038551, -0.9237702488899231, 1.7674320936203003, -0.47780099511146545, 1.1239570379257202, -0.6764465570449829, -0.028813142329454422, 2.3986546993255615, 0.9896403551101685, 5.366768836975098, -4.784576892852783, -0.011143222451210022, -0.5273345112800598, -0.9139173030853271, 0.5267870426177979, 0.6534538269042969, 0.5261827707290649, -1.1217995882034302, 1.3281368017196655, -0.3956538438796997, 0.45248132944107056, 0.8028503656387329, -1.375633955001831, -0.49777644872665405, 1.0, 1.0, 1.0, 1.0, 1.0, 1.0, 1.0, 1.0, 1.0, 1.0, 1.0, 0.0]"
230,2.5438859665882774e-05,0.0,189.33522033691406,0.0,0.0,0.0,0.0,0.0,0.0,0.0,0.0,0.0,0.7750547528266907,-0.016919707879424095,-0.20976833999156952,-0.2616228759288788,-0.3386845588684082,0.35432180762290955,0.23282556235790253,0.8360248804092407,-0.6198115944862366,0.8991358280181885,-0.8757900595664978,-0.8446618318557739,0.98089200258255,-1.0117355585098267,0.7923035621643066,"[0.7750547528266907, -0.016919707879424095, -0.20976833999156952, 1.1196399927139282, -0.6041030287742615, 0.07445567101240158, 0.013487199321389198, -0.010265396907925606, -0.9998564720153809, 0.699999988079071, 0.0, 0.0, -0.2616228759288788, -0.3386845588684082, 0.35432180762290955, 0.23282556235790253, 0.43602487444877625, -0.2198115885257721, 0.499135822057724, -0.4757900536060333, -0.04466181993484497, 0.1808919906616211, -0.2117355465888977, -2.562999725341797e-06, -1.106352686882019, -2.7341794967651367, 0.521608829498291, -1.0639628171920776, 0.8769413232803345, -2.107276439666748, 0.8788489699363708, 3.3399899005889893, 1.5282979011535645, 4.919155120849609, -7.138034820556641, -0.010475634597241879, -0.4588427245616913, -0.8253225684165955, 0.7509089708328247, 0.3975636661052704, 0.44487297534942627, -1.169632911682129, 1.0340757369995117, -0.3480149209499359, 0.35555100440979004, 0.8586421012878418, -1.4748831987380981, -0.571811854839325, 1.0, 1.0, 1.0, 1.0, 1.0, 1.0, 1.0, 1.0, 1.0, 1.0, 1.0, 0.0]"
231,3.149993426632136e-05,0.0,234.44630432128906,0.0,0.0,0.0,0.0,0.0,0.0,0.00011993041698588058,0.0,892.6127319335938,0.7370451092720032,-0.005809024441987276,-0.03735383227467537,-0.2623869478702545,-0.3801000118255615,0.381166934967041,0.231985941529274,0.8608070611953735,-0.6787039041519165,0.9010633826255798,-0.8566713333129883,-0.8357253074645996,1.0551974773406982,-1.140987515449524,0.8170584440231323,"[0.7370451092720032, -0.005809024441987276, -0.03735383227467537, -1.4893112182617188, 0.3669217526912689, -0.17857113480567932, 0.008545794524252415, -0.011199351400136948, -0.9999006986618042, 0.699999988079071, 0.0, 0.0, -0.2623869478702545, -0.3801000118255615, 0.381166934967041, 0.231985941529274, 0.46080705523490906, -0.278703898191452, 0.501063346862793, -0.4566713273525238, -0.035725295543670654, 0.2551974654197693, -0.34098750352859497, 0.024752318859100342, 1.3797465562820435, -1.0545495748519897, 2.528822898864746, 1.3525198698043823, 1.7280488014221191, -3.4172377586364746, -1.003184199333191, 1.0562472343444824, -1.212109088897705, 2.3900251388549805, -5.788915634155273, -0.4002574682235718, -0.30056533217430115, -1.090669870376587, 0.5763623714447021, 0.41055044531822205, 0.35963940620422363, -0.9600644111633301, 1.1235164403915405, -0.22773435711860657, 0.3222566843032837, 0.7257932424545288, -1.2813680171966553, -0.8690541386604309, 1.0, 1.0, 1.0, 1.0, 1.0, 1.0, 1.0, 1.0, 1.0, 1.0, 1.0, 1.0]"
232,4.0130595152731985e-05,0.0,298.68218994140625,0.0,0.0,0.0,0.0,0.0,0.0,0.0,0.0,0.0,0.7353324294090271,0.05840502679347992,0.03832905367016792,-0.23954129219055176,-0.4208143949508667,0.40432414412498474,0.250803679227829,0.8888443112373352,-0.7451737523078918,0.8711000084877014,-0.8215427398681641,-0.8558608889579773,1.0903958082199097,-1.2289167642593384,0.7922173142433167,"[0.7353324294090271, 0.05840502679347992, 0.03832905367016792, -0.5777609944343567, 0.5412099361419678, -0.2208014875650406, 0.020788200199604034, 0.013491442427039146, -0.9996926188468933, 0.699999988079071, 0.0, 0.0, -0.23954129219055176, -0.4208143949508667, 0.40432414412498474, 0.250803679227829, 0.4888443052768707, -0.34517374634742737, 0.47110000252723694, -0.4215427339076996, -0.05586087703704834, 0.2903957962989807, -0.4289167523384094, -8.881092071533203e-05, 0.5022348165512085, -2.7881765365600586, -0.251134991645813, 0.3043905794620514, 1.0152572393417358, -3.166823148727417, -1.5638949871063232, 1.7118520736694336, -0.3451550304889679, 1.9341603517532349, -2.6640801429748535, 0.1727922558784485, -1.0842158794403076, -0.20429274439811707, 0.4238353371620178, 0.7880680561065674, 0.25132498145103455, -1.656124234199524, 1.0537512302398682, -0.36822623014450073, 0.5968140363693237, 0.8575981855392456, -1.0520265102386475, -0.291913241147995, 1.0, 1.0, 1.0, 1.0, 1.0, 1.0, 1.0, 1.0, 1.0, 1.0, 1.0, 1.0]"
233,4.3821251892950386e-05,0.0,326.15087890625,0.0,0.0,0.0,0.0,0.0,0.0,3.0867948225932196e-05,0.0,229.7425994873047,0.7260894179344177,0.024006566032767296,0.004073122516274452,-0.2381785809993744,-0.45775699615478516,0.3805276155471802,0.2495700865983963,0.9050009846687317,-0.8061507940292358,0.8432924151420593,-0.7977777719497681,-0.8494517803192139,1.1285265684127808,-1.2357535362243652,0.7966974377632141,"[0.7260894179344177, 0.024006566032767296, 0.004073122516274452, -0.38278335332870483, 0.2194695770740509, -0.07925023883581161, 0.02607470192015171, 0.016049539670348167, -0.999531090259552, 0.699999988079071, 0.0, 0.0, -0.2381785809993744, -0.45775699615478516, 0.3805276155471802, 0.2495700865983963, 0.5050009489059448, -0.40615078806877136, 0.44329240918159485, -0.3977777659893036, -0.04945176839828491, 0.3285265564918518, -0.4357535243034363, 0.004391312599182129, 0.3363679349422455, -0.5869279503822327, -0.9188607931137085, 0.2680189907550812, 0.8400071859359741, -3.1261026859283447, -1.356022596359253, 0.9428401589393616, 0.31418538093566895, 1.9454997777938843, 0.5049728751182556, 0.05150321125984192, -0.797771692276001, -0.47402825951576233, 0.6400159001350403, 0.6153138875961304, 0.22367215156555176, -1.4361315965652466, 1.0879006385803223, -0.6129190921783447, 0.6003036499023438, 0.9735574722290039, -0.833682119846344, -0.45655080676078796, 1.0, 1.0, 1.0, 1.0, 1.0, 1.0, 1.0, 1.0, 1.0, 1.0, 1.0, 1.0]"
234,4.288165655452758e-05,0.0,319.1576843261719,0.0,0.0,0.0,0.0,0.0,0.0,3.142261994071305e-05,0.0,233.87088012695312,0.7299219369888306,-0.013029295951128006,0.01946491375565529,-0.2275351583957672,-0.4394128918647766,0.37209516763687134,0.2595142424106598,0.9217185974121094,-0.8698745369911194,0.822147011756897,-0.7754193544387817,-0.8409592509269714,1.1702871322631836,-1.213672161102295,0.7951064705848694,"[0.7299219369888306, -0.013029295951128006, 0.01946491375565529, -0.5643202662467957, 0.14322267472743988, -0.018170107156038284, 0.028920326381921768, 0.027227280661463737, -0.9992108345031738, 0.699999988079071, 0.0, 0.0, -0.2275351583957672, -0.4394128918647766, 0.37209516763687134, 0.2595142424106598, 0.5217186212539673, -0.4698745310306549, 0.4221470057964325, -0.37541934847831726, -0.04095923900604248, 0.37028712034225464, -0.41367214918136597, 0.0028003454208374023, 0.5625408291816711, 1.498090147972107, -0.31476497650146484, 0.5218865871429443, 0.719026505947113, -3.0747456550598145, -0.9496013522148132, 1.0760412216186523, 0.5743799805641174, 1.6404527425765991, 1.607089877128601, -0.00790315866470337, -0.7764833569526672, -0.5423642992973328, 0.594658613204956, 0.7003257274627686, 0.2332467883825302, -1.3022055625915527, 0.9742254018783569, -0.43721437454223633, 0.5917208790779114, 0.8787352442741394, -0.6959954500198364, -0.44640764594078064, 1.0, 1.0, 1.0, 1.0, 1.0, 1.0, 1.0, 1.0, 1.0, 1.0, 1.0, 1.0]"
235,4.003706999355927e-05,0.0,297.9861145019531,0.0,0.0,0.0,0.0,0.0,0.0,3.616768663050607e-05,0.0,269.187255859375,0.7444839477539062,-0.006680884398519993,0.06704973429441452,-0.22391334176063538,-0.40781909227371216,0.3583906590938568,0.2617959976196289,0.9307652711868286,-0.9178816676139832,0.8060187697410583,-0.7536773085594177,-0.8203788995742798,1.1732022762298584,-1.1709519624710083,0.7953147292137146,"[0.7444839477539062, -0.006680884398519993, 0.06704973429441452, -0.0815577358007431, 0.1816667914390564, -0.05841490998864174, 0.03137129172682762, 0.030362378805875778, -0.9990467429161072, 0.699999988079071, 0.0, 0.0, -0.22391334176063538, -0.40781909227371216, 0.3583906590938568, 0.2617959976196289, 0.5307652950286865, -0.5178816318511963, 0.40601876378059387, -0.35367730259895325, -0.02037888765335083, 0.37320226430892944, -0.37095195055007935, 0.003008604049682617, 0.11860603094100952, 1.6995714902877808, -0.8094998598098755, 0.019877634942531586, 0.2651149034500122, -1.8825074434280396, -0.9525938630104065, 1.1263983249664307, 1.2128560543060303, -1.2121292352676392, 2.9254841804504395, -0.13001850247383118, -0.7637878060340881, -0.6372682452201843, 0.5608583688735962, 0.8938090801239014, 0.23004992306232452, -1.1611948013305664, 0.7503255605697632, -0.4161677360534668, 0.6130214929580688, 0.5234336853027344, -0.3199997544288635, -0.4676145613193512, 1.0, 1.0, 1.0, 1.0, 1.0, 1.0, 1.0, 1.0, 1.0, 1.0, 1.0, 1.0]"
236,3.39724647346884e-05,0.0,252.84873962402344,0.0,0.0,0.0,0.0,0.0,0.0,2.5414754418306984e-05,0.0,189.15582275390625,0.7574183940887451,-0.0027651903219521046,0.08187349885702133,-0.22729986906051636,-0.3763009309768677,0.3352947533130646,0.2557051181793213,0.9319444894790649,-0.9375618696212769,0.781818687915802,-0.7309219241142273,-0.7877118587493896,1.11696195602417,-1.0904077291488647,0.7943184971809387,"[0.7574183940887451, -0.0027651903219521046, 0.08187349885702133, 0.2895512282848358, 0.13988278806209564, -0.10076436400413513, 0.03388103097677231, 0.025654437020421028, -0.9990966320037842, 0.699999988079071, 0.0, 0.0, -0.22729986906051636, -0.3763009309768677, 0.3352947533130646, 0.2557051181793213, 0.5319445133209229, -0.5375618934631348, 0.3818186819553375, -0.3309219181537628, 0.012288153171539307, 0.31696194410324097, -0.2904077172279358, 0.0020123720169067383, -0.2023850381374359, 1.664557695388794, -1.2503663301467896, -0.35139524936676025, -0.041951023042201996, -0.3893468677997589, -1.5207244157791138, 1.0680371522903442, 1.7655746936798096, -4.280416488647461, 4.907407760620117, 0.03454674035310745, -0.9271761178970337, -0.5978887677192688, 0.5017614364624023, 0.9994921684265137, 0.29719215631484985, -0.9357972145080566, 0.48939207196235657, -0.39586418867111206, 0.5223214030265808, 0.03425442427396774, 0.17195595800876617, -0.4875645339488983, 1.0, 1.0, 1.0, 1.0, 1.0, 1.0, 1.0, 1.0, 1.0, 1.0, 1.0, 1.0]"
237,1.945832627825439e-05,0.0,144.8235626220703,0.0,0.0,0.0,0.0,0.0,0.0,1.9221921320422553e-05,0.0,143.06405639648438,0.7716010212898254,-0.002684439066797495,0.04887881129980087,-0.23293615877628326,-0.3419005870819092,0.3086625635623932,0.2472172975540161,0.9313429594039917,-0.9294158220291138,0.7418721318244934,-0.7086800932884216,-0.7523852586746216,1.011775255203247,-0.9769958257675171,0.7939506769180298,"[0.7716010212898254, -0.002684439066797495, 0.04887881129980087, 0.2873298227787018, 0.21084316074848175, -0.11274824291467667, 0.036750126630067825, 0.01866910047829151, -0.9991500973701477, 0.699999988079071, 0.0, 0.0, -0.23293615877628326, -0.3419005870819092, 0.3086625635623932, 0.2472172975540161, 0.5313429832458496, -0.5294158458709717, 0.34187212586402893, -0.30868008732795715, 0.04761475324630737, 0.21177524328231812, -0.17699581384658813, 0.0016445517539978027, -0.09903151541948318, 1.8738188743591309, -1.2405403852462769, -0.36218827962875366, 0.0860670879483223, 0.9245654344558716, -2.302265167236328, 1.1154828071594238, 1.6181594133377075, -5.928211688995361, 5.932705402374268, -0.12262149155139923, -1.083829402923584, -0.5332733988761902, 0.5876271724700928, 0.8984426259994507, 0.5398786664009094, -0.4621178209781647, 0.3497655987739563, -0.6377271413803101, 0.06606823951005936, -0.48380744457244873, 0.5153516530990601, -0.25970765948295593, 1.0, 1.0, 1.0, 1.0, 1.0, 1.0, 1.0, 1.0, 1.0, 1.0, 1.0, 1.0]"
238,0.0,0.0,0.0,0.0,0.0,0.0,4.713733505923301e-05,0.0,350.8316650390625,1.0838967682502698e-05,0.0,80.67178344726562,0.7824063897132874,0.02581178769469261,0.021256089210510254,-0.2536787688732147,-0.2926490008831024,0.30883997678756714,0.24752669036388397,0.937667727470398,-0.8907755017280579,0.7626567482948303,-0.6842750906944275,-0.786774754524231,0.880237340927124,-0.9693098664283752,0.7942408323287964,"[0.7824063897132874, 0.02581178769469261, 0.021256089210510254, -0.271321564912796, 0.010259258560836315, -0.005627450533211231, 0.03809121996164322, 0.02001534029841423, -0.9990736842155457, 0.699999988079071, 0.0, 0.0, -0.2536787688732147, -0.2926490008831024, 0.30883997678756714, 0.24752669036388397, 0.5376677513122559, -0.4907754957675934, 0.36265674233436584, -0.284275084733963, 0.013225257396697998, 0.08023732900619507, -0.1693098545074463, 0.0019347071647644043, -2.0349836349487305, 2.7142279148101807, 0.214018777012825, 0.1490289717912674, 0.5391837954521179, 2.5599677562713623, 1.249840259552002, 1.4259850978851318, -4.973725318908691, -7.0186991691589355, 0.19777831435203552, -0.23977990448474884, -1.3311129808425903, -0.3608948886394501, 0.5390637516975403, 0.652241587638855, 0.9282076358795166, -0.14113712310791016, 0.02964101731777191, -1.1809009313583374, -0.8218608498573303, -0.7256486415863037, 0.600809633731842, 0.20071399211883545, 1.0, 1.0, 1.0, 1.0, 1.0, 1.0, 1.0, 1.0, 1.0, 1.0, 1.0, 0.0]"
239,0.0,0.0,0.0,0.00010292322986060753,0.0,766.0324096679688,4.167607767158188e-05,0.0,310.18487548828125,5.871994289918803e-06,0.0,43.703819274902344,0.7239481806755066,0.08948048949241638,0.055620014667510986,-0.31653380393981934,-0.2506403625011444,0.3139616549015045,0.25280386209487915,0.9415343403816223,-0.8371558785438538,0.7812122106552124,-0.659245491027832,-0.8838991522789001,0.7828678488731384,-0.9554247856140137,0.7923770546913147,"[0.7239481806755066, 0.08948048949241638, 0.055620014667510986, -0.22472360730171204, 0.05797887220978737, 0.02259986847639084, 0.03696787357330322, 0.027862198650836945, -0.9989281892776489, 0.699999988079071, 0.0, 0.0, -0.31653380393981934, -0.2506403625011444, 0.3139616549015045, 0.25280386209487915, 0.5415343046188354, -0.4371558725833893, 0.3812122046947479, -0.25924548506736755, -0.08389914035797119, -0.017132163047790527, -0.15542477369308472, 7.092952728271484e-05, -3.5846974849700928, -0.4513307809829712, 0.07068662345409393, 0.08184678852558136, -0.3471897840499878, -0.21926316618919373, 0.9970029592514038, 1.1274551153182983, -4.269879341125488, 1.7100942134857178, 0.3521837294101715, -0.8413189649581909, -0.3829282224178314, -0.46825656294822693, 0.12935049831867218, 0.5640883445739746, 1.1212549209594727, 0.2176465094089508, 0.44905346632003784, -1.5176899433135986, -0.8754639625549316, -0.6761106252670288, 0.5032248497009277, 0.9867070913314819, 1.0, 1.0, 1.0, 1.0, 1.0, 1.0, 1.0, 1.0, 1.0, 1.0, 1.0, 1.0]"
240,0.0,0.0,0.0,4.52306485385634e-05,0.0,336.6406555175781,3.652179293567315e-05,0.0,271.82275390625,0.0,0.0,0.0,0.6786952018737793,0.05508633330464363,0.05908147618174553,-0.3664517104625702,-0.24973151087760925,0.3146737515926361,0.2660192847251892,0.9244661331176758,-0.8224145174026489,0.7976531982421875,-0.6739988327026367,-0.9854607582092285,0.7925714254379272,-0.9475716948509216,0.7923042178153992,"[0.6786952018737793, 0.05508633330464363, 0.05908147618174553, -0.10148260742425919, 0.19547592103481293, -0.030182048678398132, 0.03939836099743843, 0.030897054821252823, -0.9987457990646362, 0.699999988079071, 0.0, 0.0, -0.3664517104625702, -0.24973151087760925, 0.3146737515926361, 0.2660192847251892, 0.5244661569595337, -0.42241451144218445, 0.397653192281723, -0.27399882674217224, -0.18546074628829956, -0.007428586483001709, -0.14757168292999268, -1.9073486328125e-06, -1.609154462814331, 0.038283053785562515, 0.032177336513996124, 1.037949562072754, -1.1703418493270874, 0.7966158986091614, 0.8427811861038208, -1.7510097026824951, -5.672062397003174, 0.21697315573692322, 0.2046605348587036, 0.0006623268127441406, -0.44458773732185364, -0.7698485255241394, 0.15186138451099396, 0.7719571590423584, 1.0511529445648193, -0.13451054692268372, 0.38617685437202454, -1.4194555282592773, -1.0850192308425903, -0.33250096440315247, 0.5559223890304565, 1.196241021156311, 1.0, 1.0, 1.0, 1.0, 1.0, 1.0, 1.0, 1.0, 1.0, 1.0, 1.0, 1.0]"
241,0.0,0.0,0.0,2.822447095240932e-05,0.0,210.06784057617188,3.460634616203606e-05,0.0,257.5665588378906,0.0,0.0,0.0,0.6551720499992371,0.033193886280059814,0.04395788908004761,-0.37203487753868103,-0.2502612769603729,0.314625084400177,0.2993602454662323,0.8926289081573486,-0.8042546510696411,0.8137012124061584,-0.7325559258460999,-1.085334300994873,0.7933815121650696,-0.9437106251716614,0.7922999858856201,"[0.6551720499992371, 0.033193886280059814, 0.04395788908004761, 0.05286553129553795, 0.1735122948884964, -0.06251196563243866, 0.04339166730642319, 0.031347788870334625, -0.9985665082931519, 0.699999988079071, 0.0, 0.0, -0.37203487753868103, -0.2502612769603729, 0.314625084400177, 0.2993602454662323, 0.49262890219688416, -0.40425464510917664, 0.41370120644569397, -0.3325559198856354, -0.2853342890739441, -0.006618499755859375, -0.14371061325073242, -6.139278411865234e-06, 0.24384060502052307, -0.09698180854320526, -0.061650149524211884, 2.036083936691284, -1.7028166055679321, 0.755006730556488, 0.8208833336830139, -3.4529213905334473, -4.3042120933532715, 0.2306031882762909, 0.19828014075756073, -0.0005421638488769531, -0.5477256178855896, -0.6544236540794373, 0.1859208196401596, 0.9472522735595703, 1.3261669874191284, -0.059332430362701416, 0.5766187906265259, -1.3727810382843018, -1.0027945041656494, -0.3896997570991516, 0.6173349618911743, 1.0636978149414062, 1.0, 1.0, 1.0, 1.0, 1.0, 1.0, 1.0, 1.0, 1.0, 1.0, 1.0, 0.0]"
242,0.0,0.0,0.0,3.6501805880106986e-05,0.0,271.67401123046875,3.550914698280394e-05,0.0,264.285888671875,0.0,0.0,0.0,0.6701065301895142,0.03760641813278198,0.025024566799402237,-0.36572256684303284,-0.25558722019195557,0.31016480922698975,0.34781813621520996,0.864973247051239,-0.7863069772720337,0.8315602540969849,-0.8079843521118164,-1.1410703659057617,0.798651933670044,-0.9383720755577087,0.792303740978241,"[0.6701065301895142, 0.03760641813278198, 0.025024566799402237, 0.34189438819885254, 0.01922769658267498, -0.054030995815992355, 0.044782694429159164, 0.027191879227757454, -0.9986264705657959, 0.699999988079071, 0.0, 0.0, -0.36572256684303284, -0.25558722019195557, 0.31016480922698975, 0.34781813621520996, 0.46497324109077454, -0.3863069713115692, 0.4315602481365204, -0.40798434615135193, -0.34107035398483276, -0.0013480782508850098, -0.13837206363677979, -2.384185791015625e-06, 0.30941498279571533, -0.3811408281326294, -0.3574971854686737, 2.420344352722168, -1.226807951927185, 0.7971735596656799, 0.9398474097251892, -3.78212833404541, -1.3785808086395264, 0.45734554529190063, 0.3059403896331787, 0.0014240741729736328, -0.3675929605960846, -0.2983044981956482, 0.5262476205825806, 0.41023993492126465, 1.2124029397964478, 0.40822699666023254, 0.3561962842941284, -1.2768027782440186, -0.7998701333999634, -0.48570871353149414, 0.6982895731925964, 1.309118390083313, 1.0, 1.0, 1.0, 1.0, 1.0, 1.0, 1.0, 1.0, 1.0, 1.0, 1.0, 0.0]"
243,0.0,0.0,0.0,4.730705768452026e-05,0.0,352.0948791503906,3.875410038745031e-05,0.0,288.4372863769531,0.0,0.0,0.0,0.7036879658699036,0.04465297609567642,0.056241724640131,-0.35529303550720215,-0.26510053873062134,0.3017359972000122,0.3816892206668854,0.8464358448982239,-0.7648067474365234,0.8485999703407288,-0.8732591271400452,-1.1418194770812988,0.8034865856170654,-0.9272810220718384,0.7923073172569275,"[0.7036879658699036, 0.04465297609567642, 0.056241724640131, 0.4051690995693207, -0.04476012662053108, -0.09002798050642014, 0.044089965522289276, 0.01929507404565811, -0.9988412857055664, 0.699999988079071, 0.0, 0.0, -0.35529303550720215, -0.26510053873062134, 0.3017359972000122, 0.3816892206668854, 0.4464358389377594, -0.36480674147605896, 0.4485999643802643, -0.4732591211795807, -0.3418194651603699, 0.0034865736961364746, -0.12728101015090942, 1.1920928955078125e-06, 0.6396426558494568, -0.5221028327941895, -0.4236324429512024, 1.1037015914916992, -0.7880501747131348, 0.9828190207481384, 0.8608153462409973, -2.873868942260742, 0.4692977964878082, 0.4950955808162689, 0.6000600457191467, 0.007426023483276367, -0.5825286507606506, -0.1710711270570755, 0.6317505240440369, 0.33811554312705994, 1.0726804733276367, 0.30033257603645325, 0.2403905689716339, -1.3802748918533325, -0.6624321937561035, -0.48342636227607727, 0.620383620262146, 1.2249575853347778, 1.0, 1.0, 1.0, 1.0, 1.0, 1.0, 1.0, 1.0, 1.0, 1.0, 1.0, 0.0]"
244,0.0,0.0,0.0,4.508534766500816e-05,0.0,335.5592346191406,3.81722129532136e-05,0.0,284.1064453125,0.0,0.0,0.0,0.7321131825447083,0.054561909288167953,0.0995277613401413,-0.34134232997894287,-0.27337270975112915,0.29432713985443115,0.38284382224082947,0.8337330222129822,-0.7385915517807007,0.8607638478279114,-0.9184423089027405,-1.1219605207443237,0.8039540648460388,-0.9067232608795166,0.7923070192337036,"[0.7321131825447083, 0.054561909288167953, 0.0995277613401413, 0.2747877836227417, -0.07022318989038467, -0.11181287467479706, 0.042746905237436295, 0.01310102827847004, -0.9989997744560242, 0.699999988079071, 0.0, 0.0, -0.34134232997894287, -0.27337270975112915, 0.29432713985443115, 0.38284382224082947, 0.4337330162525177, -0.3385915458202362, 0.4607638418674469, -0.5184422731399536, -0.3219605088233948, 0.003954052925109863, -0.10672324895858765, 8.940696716308594e-07, 0.6606436967849731, -0.41506409645080566, -0.3363525867462158, -0.5160583257675171, -0.5900543332099915, 1.1860802173614502, 0.580183207988739, -1.9454154968261719, 1.3283413648605347, 0.30686384439468384, 1.1087145805358887, 0.0076904296875, -0.5414407849311829, -0.2420629858970642, 0.5868266224861145, 0.36468854546546936, 1.0567413568496704, 0.25755390524864197, 0.3191099464893341, -1.3707293272018433, -0.5540446043014526, -0.466787189245224, 0.5982482433319092, 1.0787874460220337, 1.0, 1.0, 1.0, 1.0, 1.0, 1.0, 1.0, 1.0, 1.0, 1.0, 1.0, 0.0]"
245,0.0,0.0,0.0,3.7952137063257396e-05,0.0,282.4684753417969,3.5117245715809986e-05,0.0,261.36907958984375,0.0,0.0,0.0,0.7569283246994019,0.05865265429019928,0.11868457496166229,-0.328792929649353,-0.2784954607486725,0.28944486379623413,0.36179909110069275,0.824841320514679,-0.7095151543617249,0.8677962422370911,-0.9501931667327881,-1.0926785469055176,0.8019019365310669,-0.8768346309661865,0.792305588722229,"[0.7569283246994019, 0.05865265429019928, 0.11868457496166229, 0.09559369087219238, -0.09152866899967194, -0.10188871622085571, 0.040951769798994064, 0.010296905413269997, -0.9991081357002258, 0.699999988079071, 0.0, 0.0, -0.328792929649353, -0.2784954607486725, 0.28944486379623413, 0.36179909110069275, 0.4248413145542145, -0.3095151484012604, 0.4677962362766266, -0.550193190574646, -0.2926785349845886, 0.0019019246101379395, -0.07683461904525757, -5.364418029785156e-07, 0.6256768107414246, -0.20145487785339355, -0.20563238859176636, -1.2620073556900024, -0.41060009598731995, 1.3123786449432373, 0.29890260100364685, -1.4089202880859375, 1.6842914819717407, 0.11374415457248688, 1.6005672216415405, 0.0034749507904052734, -0.48233261704444885, -0.3620482087135315, 0.4491328299045563, 0.4540155231952667, 0.9881652593612671, 0.18619391322135925, 0.36244916915893555, -1.3072584867477417, -0.4281691312789917, -0.47989270091056824, 0.5740228295326233, 0.9227073192596436, 1.0, 1.0, 1.0, 1.0, 1.0, 1.0, 1.0, 1.0, 1.0, 1.0, 1.0, 0.0]"
246,0.0,0.0,0.0,3.3685391827020794e-05,0.0,250.7121124267578,3.2224201277131215e-05,0.0,239.83685302734375,0.0,0.0,0.0,0.7819411754608154,0.05640362948179245,0.11925265938043594,-0.31363844871520996,-0.2808493375778198,0.28662171959877014,0.3356468975543976,0.8170101046562195,-0.6790180206298828,0.8714116215705872,-0.972954273223877,-1.0523335933685303,0.7989180088043213,-0.840438723564148,0.7923024296760559,"[0.7819411754608154, 0.05640362948179245, 0.11925265938043594, 0.006458270829170942, -0.09285493940114975, -0.07337848097085953, 0.03890750929713249, 0.010076436214148998, -0.9991921186447144, 0.699999988079071, 0.0, 0.0, -0.31363844871520996, -0.2808493375778198, 0.28662171959877014, 0.3356468975543976, 0.417010098695755, -0.27901801466941833, 0.4714116156101227, -0.5729542970657349, -0.2523335814476013, -0.001082003116607666, -0.040438711643218994, -3.6954879760742188e-06, 0.8515672087669373, -0.09098359942436218, -0.135326087474823, -1.296401023864746, -0.4515375792980194, 1.4034522771835327, 0.1445758044719696, -0.9804672002792358, 2.339508056640625, -0.022983133792877197, 1.8785558938980103, 0.00039267539978027344, -0.4091047942638397, -0.46462151408195496, 0.44618120789527893, 0.49291643500328064, 0.8925953507423401, 0.170847088098526, 0.3769450783729553, -1.2559603452682495, -0.2692223787307739, -0.5129458904266357, 0.5108041167259216, 0.8040724992752075, 1.0, 1.0, 1.0, 1.0, 1.0, 1.0, 1.0, 1.0, 1.0, 1.0, 1.0, 0.0]"
247,0.0,0.0,0.0,3.11221374431625e-05,0.0,231.6344451904297,2.713626599870622e-05,0.0,201.96859741210938,0.0,0.0,0.0,0.8075636029243469,0.050663482397794724,0.10441060364246368,-0.2922295928001404,-0.28228047490119934,0.28428521752357483,0.3120782673358917,0.8048536777496338,-0.6469265222549438,0.8741706609725952,-0.9871134757995605,-0.9978683590888977,0.7929822206497192,-0.8028742074966431,0.7923012971878052,"[0.8075636029243469, 0.050663482397794724, 0.10441060364246368, 0.006330130156129599, -0.025263328105211258, -0.04583489149808884, 0.03768381476402283, 0.010292009450495243, -0.999236524105072, 0.699999988079071, 0.0, 0.0, -0.2922295928001404, -0.28228047490119934, 0.28428521752357483, 0.3120782673358917, 0.4048536717891693, -0.24692651629447937, 0.47417065501213074, -0.5871134996414185, -0.19786834716796875, -0.007017791271209717, -0.0028741955757141113, -4.827976226806641e-06, 1.198370337486267, -0.06877090036869049, -0.11414164304733276, -1.1109148263931274, -0.7834638953208923, 1.49492609500885, 0.17478890717029572, -0.5408351421356201, 3.1389951705932617, -0.23030656576156616, 1.789675235748291, 0.0004010200500488281, -0.3970199525356293, -0.47163984179496765, 0.5282617807388306, 0.4891728162765503, 0.7281345129013062, 0.12412211298942566, 0.382838636636734, -1.1931467056274414, -0.05313365161418915, -0.518908679485321, 0.3838643431663513, 0.6987954378128052, 1.0, 1.0, 1.0, 1.0, 1.0, 1.0, 1.0, 1.0, 1.0, 1.0, 1.0, 0.0]"
248,1.7698561350698583e-05,0.0,131.72605895996094,2.256690822832752e-05,0.0,167.95999145507812,1.62046399054816e-05,0.0,120.60716247558594,0.0,0.0,0.0,0.8341615796089172,0.053886692970991135,0.0678139179944992,-0.2659870386123657,-0.28297707438468933,0.28269949555397034,0.2923046946525574,0.7836241126060486,-0.6145352721214294,0.8788225054740906,-0.9916308522224426,-0.9266886711120605,0.7836750149726868,-0.7702195644378662,0.7923778295516968,"[0.8341615796089172, 0.053886692970991135, 0.0678139179944992, 0.05904560163617134, 0.054154813289642334, -0.021526508033275604, 0.03862876445055008, 0.010702033527195454, -0.9991963505744934, 0.699999988079071, 0.0, 0.0, -0.2659870386123657, -0.28297707438468933, 0.28269949555397034, 0.2923046946525574, 0.3836241066455841, -0.21453526616096497, 0.4788224995136261, -0.5916308164596558, -0.1266886591911316, -0.016324996948242188, 0.029780447483062744, 7.170438766479492e-05, 0.23296213150024414, -0.12223409116268158, -0.1390606015920639, -1.0969616174697876, -0.5131434798240662, 1.5517330169677734, 0.3992306888103485, 0.026553183794021606, 2.1650733947753906, -0.3862651288509369, 1.4312634468078613, 0.0615541934967041, -0.3841693699359894, -0.4435367286205292, 0.6784837245941162, 0.4868161082267761, 0.42110785841941833, -0.09503564238548279, 0.4984467029571533, -0.9704571962356567, 0.3012927174568176, -0.3535939157009125, 0.05350084602832794, 0.5054129362106323, 1.0, 1.0, 1.0, 1.0, 1.0, 1.0, 1.0, 1.0, 1.0, 1.0, 1.0, 0.0]"
249,4.291037475923076e-05,0.0,319.3714294433594,9.7624069894664e-07,0.0,7.265921115875244,0.0,0.0,0.0,0.0,0.0,0.0,0.834898829460144,0.019291089847683907,0.012801261618733406,-0.2681286334991455,-0.28664329648017883,0.28729248046875,0.27000123262405396,0.8043450713157654,-0.5831130146980286,0.8834506869316101,-0.979897677898407,-0.9129156470298767,0.7784491181373596,-0.793589174747467,0.7923076152801514,"[0.834898829460144, 0.019291089847683907, 0.012801261618733406, 0.039518192410469055, -0.09576448053121567, -0.07672550529241562, 0.03834090381860733, 0.008426868356764317, -0.9992292523384094, 0.699999988079071, 0.0, 0.0, -0.2681286334991455, -0.28664329648017883, 0.28729248046875, 0.27000123262405396, 0.4043450653553009, -0.1831130087375641, 0.48345068097114563, -0.5798976421356201, -0.11291563510894775, -0.021550893783569336, 0.006410837173461914, 1.4901161193847656e-06, -0.010337678715586662, -0.07694725692272186, 0.856464147567749, -0.9244003295898438, 1.1649885177612305, 1.428196907043457, 0.2154126614332199, 0.9994497895240784, 0.6387658715248108, 0.036290980875492096, -4.005992412567139, -0.005852878093719482, -0.30129560828208923, -0.576659619808197, 0.8218927383422852, 0.6725847721099854, 0.06717419624328613, -0.7527174949645996, 0.8932994604110718, -0.46102020144462585, 0.643748939037323, 0.19892212748527527, -0.7296768426895142, 0.11027275770902634, 1.0, 1.0, 1.0, 1.0, 1.0, 1.0, 1.0, 1.0, 1.0, 1.0, 1.0, 0.0]"
250,3.840517456410453e-05,0.0,285.8403015136719,0.0,0.0,0.0,0.0,0.0,0.0,0.0,0.0,0.0,0.7996302843093872,-0.010398904792964458,-0.06604089587926865,-0.26481980085372925,-0.28928640484809875,0.3193448483943939,0.2601413428783417,0.8253904581069946,-0.5751187205314636,0.883264422416687,-0.9419364929199219,-0.8915717005729675,0.8383227586746216,-0.877376914024353,0.7923072576522827,"[0.7996302843093872, -0.010398904792964458, -0.06604089587926865, 0.01763308420777321, -0.46337589621543884, -0.03849256783723831, 0.03174562379717827, 0.010661081410944462, -0.999439001083374, 0.699999988079071, 0.0, 0.0, -0.26481980085372925, -0.28928640484809875, 0.3193448483943939, 0.2601413428783417, 0.42539045214653015, -0.17511871457099915, 0.48326441645622253, -0.5419365167617798, -0.09157168865203857, 0.03832274675369263, -0.07737690210342407, 1.1324882507324219e-06, 0.05165790393948555, -0.5594469308853149, 1.6759496927261353, -0.48484718799591064, 1.0923892259597778, -0.35483455657958984, 0.04501083120703697, 2.408257484436035, 1.1938788890838623, 5.018232345581055, -4.48367977142334, -0.007986268028616905, -0.5528890490531921, -0.8753929734230042, 0.5644263029098511, 0.6596577167510986, 0.492537260055542, -1.1033955812454224, 1.2606003284454346, -0.41455304622650146, 0.44491446018218994, 0.7180540561676025, -1.26656973361969, -0.4771687686443329, 1.0, 1.0, 1.0, 1.0, 1.0, 1.0, 1.0, 1.0, 1.0, 1.0, 1.0, 0.0]"
251,2.7010190024157055e-05,0.0,201.03025817871094,0.0,0.0,0.0,0.0,0.0,0.0,0.0,0.0,0.0,0.780023455619812,-0.00021551462123170495,-0.19067120552062988,-0.27688518166542053,-0.32481715083122253,0.33980581164360046,0.24205279350280762,0.8422400951385498,-0.6021370887756348,0.8960914015769958,-0.8816730380058289,-0.8575788140296936,0.9462637305259705,-1.0018328428268433,0.7923064231872559,"[0.780023455619812, -0.00021551462123170495, -0.19067120552062988, 0.9887217283248901, -0.6859549283981323, 0.04972779005765915, 0.01958814449608326, -0.002506399992853403, -0.9998047947883606, 0.699999988079071, 0.0, 0.0, -0.27688518166542053, -0.32481715083122253, 0.33980581164360046, 0.24205279350280762, 0.4422400891780853, -0.2021370828151703, 0.49609139561653137, -0.4816730320453644, -0.05757880210876465, 0.1462637186050415, -0.2018328309059143, 2.980232238769531e-07, -0.9418845176696777, -2.364360809326172, 0.6623715758323669, -1.1333924531936646, 0.8540738224983215, -1.8789807558059692, 0.9279674887657166, 3.3449575901031494, 1.7781165838241577, 5.156915664672852, -6.796773433685303, -0.0014060260728001595, -0.5340842604637146, -0.7663153409957886, 0.7625681757926941, 0.3743753731250763, 0.44370347261428833, -1.1751497983932495, 1.0524145364761353, -0.3591192066669464, 0.36668097972869873, 0.8528424501419067, -1.4193440675735474, -0.5725556015968323, 1.0, 1.0, 1.0, 1.0, 1.0, 1.0, 1.0, 1.0, 1.0, 1.0, 1.0, 0.0]"
252,3.267864667577669e-05,0.0,243.2191619873047,0.0,0.0,0.0,0.0,0.0,0.0,7.237360841827467e-05,0.0,538.6590576171875,0.7396976947784424,0.00027382164262235165,-0.10248901695013046,-0.2862691283226013,-0.3671167194843292,0.36291036009788513,0.23138703405857086,0.8636453151702881,-0.6567936539649963,0.9061657190322876,-0.8521002531051636,-0.8342685103416443,1.0327258110046387,-1.1282514333724976,0.8158798813819885,"[0.7396976947784424, 0.00027382164262235165, -0.10248901695013046, -1.0272141695022583, -0.0021134631242603064, -0.13045856356620789, 0.008491871878504753, -0.012167827226221561, -0.9998898506164551, 0.699999988079071, 0.0, 0.0, -0.2862691283226013, -0.3671167194843292, 0.36291036009788513, 0.23138703405857086, 0.4636453092098236, -0.25679364800453186, 0.5061657428741455, -0.4521002471446991, -0.03426849842071533, 0.23272579908370972, -0.3282514214515686, 0.023573756217956543, 0.9413650631904602, -1.0270586013793945, 2.5106570720672607, 0.5997948050498962, 1.637999415397644, -3.288384199142456, -0.5681145787239075, 1.1564390659332275, -0.4814298152923584, 3.025780439376831, -5.5729289054870605, -3.7509474754333496, -0.37554916739463806, -1.012718677520752, 0.6299924850463867, 0.4178923964500427, 0.32858654856681824, -1.0004949569702148, 1.1013846397399902, -0.2632628083229065, 0.33462297916412354, 0.7448059320449829, -1.2777236700057983, -0.8209405541419983, 1.0, 1.0, 1.0, 1.0, 1.0, 1.0, 1.0, 1.0, 1.0, 1.0, 1.0, 1.0]"
253,4.322206586948596e-05,0.0,321.6912841796875,0.0,0.0,0.0,0.0,0.0,0.0,1.305660953221377e-05,0.0,97.1771469116211,0.7359317541122437,0.05880412459373474,0.06780625879764557,-0.2596829831600189,-0.39546844363212585,0.402851402759552,0.2542472183704376,0.8934772610664368,-0.7266988158226013,0.8778722286224365,-0.8206544518470764,-0.8522188067436218,1.0765725374221802,-1.2183177471160889,0.7899922132492065,"[0.7359317541122437, 0.05880412459373474, 0.06780625879764557, -1.2970691919326782, 0.6047975420951843, -0.23954497277736664, 0.017338531091809273, 0.016665324568748474, -0.9997109174728394, 0.699999988079071, 0.0, 0.0, -0.2596829831600189, -0.39546844363212585, 0.402851402759552, 0.2542472183704376, 0.4934772551059723, -0.32669880986213684, 0.47787222266197205, -0.42065444588661194, -0.05221879482269287, 0.2765725255012512, -0.4183177351951599, -0.0023139119148254395, 1.1718031167984009, -1.913218379020691, 1.106597900390625, 1.0510220527648926, 1.298764944076538, -3.5122835636138916, -1.7824424505233765, 2.051377296447754, -0.8315830826759338, 2.2208189964294434, -3.136197328567505, -2.0020811557769775, -1.0497288703918457, -0.32876673340797424, 0.5287644863128662, 0.6618379354476929, 0.21626511216163635, -1.4810036420822144, 1.0661020278930664, -0.22842209041118622, 0.5369570851325989, 0.8636068105697632, -1.0912868976593018, -0.40045663714408875, 1.0, 1.0, 1.0, 1.0, 1.0, 1.0, 1.0, 1.0, 1.0, 1.0, 1.0, 1.0]"
254,4.5008120650891215e-05,0.0,334.98443603515625,0.0,0.0,0.0,0.0,0.0,0.0,2.6386705940240063e-05,0.0,196.38980102539062,0.724066436290741,0.05657519772648811,0.009310971014201641,-0.25684723258018494,-0.4355313181877136,0.3903493583202362,0.2540723979473114,0.908858597278595,-0.7914543747901917,0.8493285775184631,-0.7936012148857117,-0.8445374369621277,1.1197993755340576,-1.2346599102020264,0.7960806488990784,"[0.724066436290741, 0.05657519772648811, 0.009310971014201641, -0.13138523697853088, 0.14921113848686218, -0.10454592108726501, 0.022613223642110825, 0.021305009722709656, -0.9995174407958984, 0.699999988079071, 0.0, 0.0, -0.25684723258018494, -0.4355313181877136, 0.3903493583202362, 0.2540723979473114, 0.5088585615158081, -0.3914543688297272, 0.44932857155799866, -0.3936012089252472, -0.04453742504119873, 0.31979936361312866, -0.4346598982810974, 0.0037745237350463867, 0.0538523830473423, -1.202387809753418, -0.8131134510040283, 0.007545415312051773, 0.7097033858299255, -3.156890630722046, -1.2951350212097168, 0.5512130856513977, 0.6220815181732178, 1.9257149696350098, 0.395007461309433, 0.7183400988578796, -0.8881775140762329, -0.3319287598133087, 0.637393593788147, 0.6912901401519775, 0.1976364552974701, -1.504501223564148, 1.128766417503357, -0.6582999229431152, 0.6105129718780518, 0.9403683543205261, -0.8343396782875061, -0.43971917033195496, 1.0, 1.0, 1.0, 1.0, 1.0, 1.0, 1.0, 1.0, 1.0, 1.0, 1.0, 1.0]"
255,4.55973859061487e-05,0.0,339.3702087402344,0.0,0.0,0.0,0.0,0.0,0.0,2.7748465072363615e-05,0.0,206.52503967285156,0.7323797941207886,0.013218645006418228,0.028198059648275375,-0.24772243201732635,-0.4222289025783539,0.3877967596054077,0.2623341679573059,0.9239134192466736,-0.8558950424194336,0.8291460275650024,-0.7707412242889404,-0.8325355052947998,1.1586145162582397,-1.2132326364517212,0.7946814894676208,"[0.7323797941207886, 0.013218645006418228, 0.028198059648275375, -0.6479027271270752, 0.11661778390407562, -0.015283267945051193, 0.024762580171227455, 0.03175382316112518, -0.9991888403892517, 0.699999988079071, 0.0, 0.0, -0.24772243201732635, -0.4222289025783539, 0.3877967596054077, 0.2623341679573059, 0.5239133834838867, -0.4558950364589691, 0.42914602160453796, -0.37074121832847595, -0.03253549337387085, 0.3586145043373108, -0.41323262453079224, 0.002375364303588867, 0.5877573490142822, 1.4388247728347778, 0.08999393880367279, 0.5556619167327881, 0.75250643491745, -3.1915993690490723, -0.8903621435165405, 1.2135043144226074, 0.5925885438919067, 1.7131115198135376, 1.3903508186340332, -0.1653454750776291, -0.6940295696258545, -0.5750446915626526, 0.6255220174789429, 0.6753346920013428, 0.19732864201068878, -1.2946113348007202, 0.9828064441680908, -0.46914243698120117, 0.5984870195388794, 0.8707317113876343, -0.7364945411682129, -0.4495551288127899, 1.0, 1.0, 1.0, 1.0, 1.0, 1.0, 1.0, 1.0, 1.0, 1.0, 1.0, 1.0]"
256,4.364826963865198e-05,0.0,324.8634033203125,0.0,0.0,0.0,0.0,0.0,0.0,3.7080098991282284e-05,0.0,275.9781188964844,0.7422162890434265,0.021830294281244278,0.06497984379529953,-0.24379335343837738,-0.3931659162044525,0.37906336784362793,0.26523566246032715,0.9328210949897766,-0.9090100526809692,0.8139821887016296,-0.7485169172286987,-0.8106068968772888,1.1656537055969238,-1.17549467086792,0.7956419587135315,"[0.7422162890434265, 0.021830294281244278, 0.06497984379529953, -0.15924783051013947, 0.1368628740310669, -0.04405481740832329, 0.026289090514183044, 0.03624071925878525, -0.9989973306655884, 0.699999988079071, 0.0, 0.0, -0.24379335343837738, -0.3931659162044525, 0.37906336784362793, 0.26523566246032715, 0.5328210592269897, -0.5090100765228271, 0.41398218274116516, -0.34851691126823425, -0.010606884956359863, 0.3656536936759949, -0.37549465894699097, 0.0033358335494995117, 0.14315414428710938, 1.5411508083343506, -0.6306303143501282, 0.05708322674036026, 0.31988078355789185, -2.1999058723449707, -0.918902575969696, 1.1813735961914062, 1.2128193378448486, -1.0038212537765503, 2.690704822540283, -0.14339235424995422, -0.7751043438911438, -0.5559452176094055, 0.5946907997131348, 0.9139888286590576, 0.17947088181972504, -1.210967779159546, 0.8255941867828369, -0.4635160565376282, 0.6503958702087402, 0.5565004348754883, -0.39437592029571533, -0.452287882566452, 1.0, 1.0, 1.0, 1.0, 1.0, 1.0, 1.0, 1.0, 1.0, 1.0, 1.0, 1.0]"
257,3.938125882996246e-05,0.0,293.10504150390625,0.0,0.0,0.0,0.0,0.0,0.0,2.4615535949124023e-05,0.0,183.20741271972656,0.7549585700035095,0.025236649438738823,0.08459672331809998,-0.24619345366954803,-0.36347585916519165,0.35920917987823486,0.26048144698143005,0.934004008769989,-0.9358184933662415,0.7916085720062256,-0.7247011065483093,-0.7770469784736633,1.115914225578308,-1.101854681968689,0.7943457961082458,"[0.7549585700035095, 0.025236649438738823, 0.08459672331809998, 0.19544780254364014, 0.08711040019989014, -0.0799589529633522, 0.027939284220337868, 0.03363703936338425, -0.9990435838699341, 0.699999988079071, 0.0, 0.0, -0.24619345366954803, -0.36347585916519165, 0.35920917987823486, 0.26048144698143005, 0.5340039730072021, -0.5358184576034546, 0.3916085660457611, -0.32470110058784485, 0.022953033447265625, 0.31591421365737915, -0.30185467004776, 0.002039670944213867, -0.1708187758922577, 1.6146454811096191, -1.1180533170700073, -0.2944946885108948, -0.02905023843050003, -0.7248006463050842, -1.3798778057098389, 1.1418123245239258, 1.8224765062332153, -3.967487096786499, 4.558063983917236, 0.005020081996917725, -0.8735398054122925, -0.5788111090660095, 0.5343228578567505, 1.0086113214492798, 0.21392835676670074, -0.9588063955307007, 0.5656156539916992, -0.42367300391197205, 0.5954131484031677, 0.07121168822050095, 0.08337117731571198, -0.4821639955043793, 1.0, 1.0, 1.0, 1.0, 1.0, 1.0, 1.0, 1.0, 1.0, 1.0, 1.0, 1.0]"
258,2.3336093363468535e-05,0.0,173.68484497070312,0.0,0.0,0.0,0.0,0.0,0.0,1.9304125089547597e-05,0.0,143.67588806152344,0.7695143818855286,0.025537539273500443,0.06464625149965286,-0.25128456950187683,-0.3290313184261322,0.3340834379196167,0.25272563099861145,0.931800365447998,-0.9328401684761047,0.755341112613678,-0.7010000944137573,-0.7377640008926392,1.0144429206848145,-0.9925763010978699,0.7939900159835815,"[0.7695143818855286, 0.025537539273500443, 0.06464625149965286, 0.2193559855222702, 0.12999852001667023, -0.0908854603767395, 0.029406964778900146, 0.028070572763681412, -0.9991735219955444, 0.699999988079071, 0.0, 0.0, -0.25128456950187683, -0.3290313184261322, 0.3340834379196167, 0.25272563099861145, 0.531800389289856, -0.5328401327133179, 0.3553411066532135, -0.30100008845329285, 0.062236011028289795, 0.2144429087638855, -0.19257628917694092, 0.0016838908195495605, -0.18322427570819855, 1.9053089618682861, -1.2012053728103638, -0.33483755588531494, -0.0065641626715660095, 0.7212657332420349, -2.1163220405578613, 1.2366039752960205, 1.7783817052841187, -5.833570957183838, 5.879934310913086, -0.1754297912120819, -1.0134804248809814, -0.49267956614494324, 0.605380654335022, 0.9527040719985962, 0.44522082805633545, -0.4743674099445343, 0.4143833518028259, -0.6621295213699341, 0.1894332617521286, -0.48115330934524536, 0.4934576749801636, -0.23161953687667847, 1.0, 1.0, 1.0, 1.0, 1.0, 1.0, 1.0, 1.0, 1.0, 1.0, 1.0, 1.0]"
259,0.0,0.0,0.0,0.0,0.0,0.0,8.274651918327436e-06,0.0,61.58620834350586,7.74043655837886e-06,0.0,57.61017608642578,0.7913869619369507,0.041227132081985474,0.002737118164077401,-0.2632097899913788,-0.2815738618373871,0.32652968168258667,0.2506656348705292,0.9375682473182678,-0.8977161645889282,0.75393146276474,-0.6773737072944641,-0.7520338296890259,0.8832483887672424,-0.947507917881012,0.7941906452178955,"[0.7913869619369507, 0.041227132081985474, 0.002737118164077401, -0.2194337695837021, 0.0768561139702797, -0.006132006645202637, 0.03151693195104599, 0.02764633111655712, -0.9991211295127869, 0.699999988079071, 0.0, 0.0, -0.2632097899913788, -0.2815738618373871, 0.32652968168258667, 0.2506656348705292, 0.537568211555481, -0.49771615862846375, 0.3539314568042755, -0.27737370133399963, 0.047966182231903076, 0.08324837684631348, -0.147507905960083, 0.0018845200538635254, -1.3050569295883179, 2.728015899658203, -0.07987606525421143, 0.04089494049549103, 0.6096054315567017, 2.397636651992798, 1.4204853773117065, 1.3559988737106323, -4.5485520362854, -6.930943012237549, 1.0005617141723633, 0.1389642357826233, -1.17000412940979, -0.36493608355522156, 0.5431956052780151, 0.7150864601135254, 0.874327540397644, -0.11362600326538086, 0.17527852952480316, -1.2305951118469238, -0.6568716764450073, -0.7427436709403992, 0.585923433303833, 0.24981018900871277, 1.0, 1.0, 1.0, 1.0, 1.0, 1.0, 1.0, 1.0, 1.0, 1.0, 1.0, 0.0]"
260,0.0,0.0,0.0,9.715384658193216e-05,0.0,723.0923461914062,4.03953054046724e-05,0.0,300.65240478515625,8.560354217479471e-06,0.0,63.71261978149414,0.7336800694465637,0.09923465549945831,0.03161229193210602,-0.3085336685180664,-0.2387724667787552,0.3304940164089203,0.2542782723903656,0.9411221742630005,-0.8458661437034607,0.7741056680679321,-0.653883159160614,-0.8467938899993896,0.7822867035865784,-0.9377898573875427,0.7930779457092285,"[0.7336800694465637, 0.09923465549945831, 0.03161229193210602, -0.1892918199300766, 0.10133712738752365, 0.01089860126376152, 0.03158276900649071, 0.03410857915878296, -0.9989189505577087, 0.699999988079071, 0.0, 0.0, -0.3085336685180664, -0.2387724667787552, 0.3304940164089203, 0.2542782723903656, 0.5411221981048584, -0.4458661377429962, 0.37410566210746765, -0.25388315320014954, -0.04679387807846069, -0.017713308334350586, -0.13778984546661377, 0.0007718205451965332, -2.6512503623962402, -0.6559165120124817, 0.0520666167140007, -0.012190930545330048, -0.4294085204601288, -0.08827035129070282, 1.0869947671890259, 1.1188312768936157, -3.8345978260040283, 1.658843994140625, 0.1468225121498108, -0.7862066030502319, -0.43051695823669434, -0.40260812640190125, 0.20646218955516815, 0.5557330846786499, 1.0725587606430054, 0.2514288127422333, 0.36052969098091125, -1.5579488277435303, -0.8457565307617188, -0.7122868895530701, 0.4982699155807495, 1.0180048942565918, 1.0, 1.0, 1.0, 1.0, 1.0, 1.0, 1.0, 1.0, 1.0, 1.0, 1.0, 1.0]"
261,0.0,0.0,0.0,4.724197424366139e-05,0.0,351.6104736328125,3.875581023748964e-05,0.0,288.45001220703125,0.0,0.0,0.0,0.6833943724632263,0.06726447492837906,0.04411979764699936,-0.3467825949192047,-0.2397976815700531,0.32979652285575867,0.26524287462234497,0.924042284488678,-0.8324369788169861,0.7925509214401245,-0.6701012849807739,-0.9470980167388916,0.7933996915817261,-0.9337418675422668,0.7923051118850708,"[0.6833943724632263, 0.06726447492837906, 0.04411979764699936, -0.0008233561529777944, 0.21700751781463623, -0.028816286474466324, 0.03453115001320839, 0.03561700880527496, -0.99876868724823, 0.699999988079071, 0.0, 0.0, -0.3467825949192047, -0.2397976815700531, 0.32979652285575867, 0.26524287462234497, 0.5240422487258911, -0.4324369728565216, 0.39255091547966003, -0.27010127902030945, -0.14709800481796265, -0.006600320339202881, -0.1337418556213379, -1.0132789611816406e-06, -1.281975269317627, -0.08638960123062134, -0.06730683147907257, 0.9116507172584534, -1.079589605331421, 0.7820373177528381, 0.959830641746521, -1.8754441738128662, -6.073973655700684, 0.23530280590057373, -0.0005908943712711334, 0.0011854171752929688, -0.43683043122291565, -0.7290865182876587, 0.14315341413021088, 0.7972241640090942, 1.042880892753601, -0.14164206385612488, 0.4109918773174286, -1.4610954523086548, -1.136518955230713, -0.35625606775283813, 0.5259661078453064, 1.204041838645935, 1.0, 1.0, 1.0, 1.0, 1.0, 1.0, 1.0, 1.0, 1.0, 1.0, 1.0, 1.0]"
262,0.0,0.0,0.0,2.9835751774953678e-05,0.0,222.06021118164062,3.5536097129806876e-05,0.0,264.4864807128906,0.0,0.0,0.0,0.6571824550628662,0.045538198202848434,0.03992825001478195,-0.3513316810131073,-0.24314868450164795,0.32701727747917175,0.29668545722961426,0.8947258591651917,-0.8140347003936768,0.8103840351104736,-0.7323257923126221,-1.0619820356369019,0.7931184768676758,-0.933334469795227,0.7923009395599365,"[0.6571824550628662, 0.045538198202848434, 0.03992825001478195, 0.17891350388526917, 0.2011883705854416, -0.0465126633644104, 0.03906828910112381, 0.033458273857831955, -0.9986762404441833, 0.699999988079071, 0.0, 0.0, -0.3513316810131073, -0.24314868450164795, 0.32701727747917175, 0.29668545722961426, 0.4947258532047272, -0.4140346944332123, 0.41038402915000916, -0.3323257863521576, -0.2619820237159729, -0.006881535053253174, -0.1333344578742981, -5.185604095458984e-06, 0.2016744613647461, -0.223830908536911, -0.1993052363395691, 1.9903836250305176, -1.5837119817733765, 0.7892404794692993, 0.896344780921936, -3.6530425548553467, -5.138751029968262, 0.1337023675441742, 0.046401821076869965, -0.00041937828063964844, -0.5450196266174316, -0.6385220289230347, 0.2648354172706604, 0.9640467166900635, 1.310581922531128, -0.05507364869117737, 0.5557825565338135, -1.3758931159973145, -1.0404325723648071, -0.3975690007209778, 0.6070504188537598, 1.0752164125442505, 1.0, 1.0, 1.0, 1.0, 1.0, 1.0, 1.0, 1.0, 1.0, 1.0, 1.0, 1.0]"
263,0.0,0.0,0.0,2.8962491342099383e-05,0.0,215.5607452392578,3.4328302717767656e-05,0.0,255.49716186523438,0.0,0.0,0.0,0.668322741985321,0.046548932790756226,0.01354113221168518,-0.3468596041202545,-0.2492455542087555,0.3213910460472107,0.34910261631011963,0.8696383833885193,-0.7967716455459595,0.8289951086044312,-0.8112730979919434,-1.1372554302215576,0.7986029982566833,-0.9295480847358704,0.7923031449317932,"[0.668322741985321, 0.046548932790756226, 0.01354113221168518, 0.30172356963157654, 0.020193982869386673, -0.016685642302036285, 0.040818605571985245, 0.02853032574057579, -0.9987589120864868, 0.699999988079071, 0.0, 0.0, -0.3468596041202545, -0.2492455542087555, 0.3213910460472107, 0.34910261631011963, 0.4696383774280548, -0.396771639585495, 0.4289951026439667, -0.4112730920314789, -0.33725541830062866, -0.0013970136642456055, -0.1295480728149414, -2.9802322387695312e-06, 0.14074529707431793, -0.3491411507129669, -0.3512398302555084, 2.8819642066955566, -1.0492658615112305, 0.7356783151626587, 0.9371557831764221, -3.9387054443359375, -2.4791271686553955, 0.5222571492195129, 0.31061500310897827, -3.886222839355469e-05, -0.5534417033195496, -0.4740525782108307, 0.43873071670532227, 0.7969622611999512, 1.225732445716858, -0.08033215999603271, 0.45641613006591797, -1.1937438249588013, -0.8826758861541748, -0.3878387212753296, 0.6140686869621277, 0.8806976675987244, 1.0, 1.0, 1.0, 1.0, 1.0, 1.0, 1.0, 1.0, 1.0, 1.0, 1.0, 0.0]"
264,0.0,0.0,0.0,4.1676285036373883e-05,0.0,310.1864013671875,3.722447945619933e-05,0.0,277.05267333984375,0.0,0.0,0.0,0.6986442804336548,0.05533849447965622,0.02178507298231125,-0.34669116139411926,-0.25770124793052673,0.31296807527542114,0.4018610715866089,0.8556472659111023,-0.779039740562439,0.8470275402069092,-0.8786113262176514,-1.150270938873291,0.8096969127655029,-0.9182977080345154,0.7923062443733215,"[0.6986442804336548, 0.05533849447965622, 0.02178507298231125, 0.38100466132164, -0.11489209532737732, -0.0053843120113015175, 0.039265960454940796, 0.021615920588374138, -0.9989950656890869, 0.699999988079071, 0.0, 0.0, -0.34669116139411926, -0.25770124793052673, 0.31296807527542114, 0.4018610715866089, 0.4556472599506378, -0.3790397346019745, 0.4470275342464447, -0.4786113202571869, -0.35027092695236206, 0.009696900844573975, -0.11829769611358643, 1.1920928955078125e-07, -0.012197423726320267, -0.47180241346359253, -0.46170589327812195, 2.2024741172790527, -0.5624321699142456, 0.8116779923439026, 0.9125372171401978, -2.923651933670044, 0.3390809893608093, 0.7655242681503296, 0.643438458442688, 0.004365444183349609, -0.472419410943985, -0.21878647804260254, 0.7337967157363892, 0.3527968227863312, 1.165700912475586, 0.38019928336143494, 0.29219552874565125, -1.37903892993927, -0.6737371683120728, -0.4634269177913666, 0.6360305547714233, 0.9961665868759155, 1.0, 1.0, 1.0, 1.0, 1.0, 1.0, 1.0, 1.0, 1.0, 1.0, 1.0, 0.0]"
265,0.0,0.0,0.0,4.773184991790913e-05,0.0,355.2565002441406,3.830833520623855e-05,0.0,285.11956787109375,0.0,0.0,0.0,0.7289617657661438,0.06205550953745842,0.06159878522157669,-0.34152573347091675,-0.26611822843551636,0.3047487139701843,0.4214821755886078,0.8470886945724487,-0.7573447823524475,0.8611056804656982,-0.9222202897071838,-1.1290278434753418,0.8188021779060364,-0.8980733752250671,0.7923074960708618,"[0.7289617657661438, 0.06205550953745842, 0.06159878522157669, 0.27518168091773987, -0.13593602180480957, -0.060685284435749054, 0.03649067133665085, 0.015384853817522526, -0.999215304851532, 0.699999988079071, 0.0, 0.0, -0.34152573347091675, -0.26611822843551636, 0.3047487139701843, 0.4214821755886078, 0.44708868861198425, -0.35734477639198303, 0.46110567450523376, -0.522220253944397, -0.32902783155441284, 0.018802165985107422, -0.09807336330413818, 1.3709068298339844e-06, 0.41978394985198975, -0.4279772937297821, -0.3630448579788208, 0.1998462975025177, -0.41430285573005676, 0.9784324765205383, 0.6759381294250488, -1.8018537759780884, 1.3242777585983276, 0.7071516513824463, 1.0771679878234863, 0.007567882537841797, -0.5468164682388306, -0.18041768670082092, 0.6948583126068115, 0.30291032791137695, 1.0062634944915771, 0.2614571154117584, 0.2842252850532532, -1.426017165184021, -0.5973498821258545, -0.4665871262550354, 0.5678248405456543, 0.9770071506500244, 1.0, 1.0, 1.0, 1.0, 1.0, 1.0, 1.0, 1.0, 1.0, 1.0, 1.0, 0.0]"
266,0.0,0.0,0.0,4.3040890886913985e-05,0.0,320.34283447265625,3.6680510675068945e-05,0.0,273.0040588378906,0.0,0.0,0.0,0.7517915964126587,0.0684419497847557,0.09403800964355469,-0.3299317955970764,-0.27259621024131775,0.29861077666282654,0.40384939312934875,0.8381029963493347,-0.7312930822372437,0.8699266910552979,-0.9508563876152039,-1.101875901222229,0.8227794766426086,-0.8695166707038879,0.7923067808151245,"[0.7517915964126587, 0.0684419497847557, 0.09403800964355469, 0.17791616916656494, -0.1263604462146759, -0.09057438373565674, 0.033790625631809235, 0.011601542122662067, -0.9993616342544556, 0.699999988079071, 0.0, 0.0, -0.3299317955970764, -0.27259621024131775, 0.29861077666282654, 0.40384939312934875, 0.43810299038887024, -0.3312930762767792, 0.4699266850948334, -0.550856351852417, -0.30187588930130005, 0.022779464721679688, -0.06951665878295898, 6.556510925292969e-07, 0.617145299911499, -0.32240763306617737, -0.2934977412223816, -1.4219400882720947, -0.5097043514251709, 1.1913589239120483, 0.40312355756759644, -1.2708433866500854, 1.4546867609024048, 0.38792747259140015, 1.4912528991699219, 0.005418062210083008, -0.4826771914958954, -0.307871013879776, 0.5488615036010742, 0.38050371408462524, 1.0132582187652588, 0.20954450964927673, 0.34390947222709656, -1.3715325593948364, -0.49700284004211426, -0.4619849622249603, 0.5608179569244385, 0.9156863689422607, 1.0, 1.0, 1.0, 1.0, 1.0, 1.0, 1.0, 1.0, 1.0, 1.0, 1.0, 0.0]"
267,0.0,0.0,0.0,3.66974163625855e-05,0.0,273.1298828125,3.317070513730869e-05,0.0,246.88143920898438,0.0,0.0,0.0,0.7756212949752808,0.06786368042230606,0.10352498292922974,-0.3159141540527344,-0.2777586281299591,0.29339832067489624,0.3673078715801239,0.8276866674423218,-0.702012836933136,0.8751720190048218,-0.9723333120346069,-1.0706199407577515,0.8224613070487976,-0.8352100849151611,0.792304515838623,"[0.7756212949752808, 0.06786368042230606, 0.10352498292922974, 0.12658630311489105, -0.11012173444032669, -0.07828997075557709, 0.031307343393564224, 0.009072617627680302, -0.9994685649871826, 0.699999988079071, 0.0, 0.0, -0.3159141540527344, -0.2777586281299591, 0.29339832067489624, 0.3673078715801239, 0.4276866614818573, -0.3020128309726715, 0.4751720130443573, -0.5723333358764648, -0.2706199288368225, 0.022461295127868652, -0.03521007299423218, -1.6093254089355469e-06, 0.7621197700500488, -0.23666076362133026, -0.2597668766975403, -1.9384220838546753, -0.564935028553009, 1.3521981239318848, 0.2283121794462204, -0.962760329246521, 1.8254499435424805, 0.0992799699306488, 1.765371322631836, 0.00179290771484375, -0.4337923228740692, -0.42161107063293457, 0.4465031325817108, 0.487278014421463, 0.9431172013282776, 0.16035237908363342, 0.3603247106075287, -1.2918808460235596, -0.3479669690132141, -0.4962068796157837, 0.5235536694526672, 0.8184226751327515, 1.0, 1.0, 1.0, 1.0, 1.0, 1.0, 1.0, 1.0, 1.0, 1.0, 1.0, 0.0]"
268,0.0,0.0,0.0,3.3438063837820664e-05,0.0,248.87132263183594,2.912705167545937e-05,0.0,216.7855224609375,0.0,0.0,0.0,0.8016380667686462,0.0589238703250885,0.09715382009744644,-0.2969156503677368,-0.28150442242622375,0.2890263497829437,0.3320235013961792,0.8151398301124573,-0.6706249117851257,0.8788138628005981,-0.9873942732810974,-1.025404930114746,0.81825852394104,-0.7988026142120361,0.792302131652832,"[0.8016380667686462, 0.0589238703250885, 0.09715382009744644, 0.08867370337247849, -0.043765660375356674, -0.047156546264886856, 0.02974182367324829, 0.0073525733314454556, -0.999530553817749, 0.699999988079071, 0.0, 0.0, -0.2969156503677368, -0.28150442242622375, 0.2890263497829437, 0.3320235013961792, 0.4151398241519928, -0.27062490582466125, 0.47881385684013367, -0.5873942375183105, -0.22540491819381714, 0.018258512020111084, 0.0011973977088928223, -3.993511199951172e-06, 1.0664101839065552, -0.16499142348766327, -0.20262643694877625, -1.6163851022720337, -0.7323706746101379, 1.463037133216858, 0.1913599818944931, -0.6226182579994202, 2.717496633529663, -0.14804965257644653, 1.7735224962234497, 0.0005788803100585938, -0.3983474671840668, -0.4819352328777313, 0.5046507120132446, 0.5025202035903931, 0.8280232548713684, 0.14313572645187378, 0.35351282358169556, -1.2430119514465332, -0.13873492181301117, -0.5214347839355469, 0.4298178553581238, 0.7244804501533508, 1.0, 1.0, 1.0, 1.0, 1.0, 1.0, 1.0, 1.0, 1.0, 1.0, 1.0, 0.0]"
269,0.0,0.0,0.0,2.8228962037246674e-05,0.0,210.1012725830078,2.2046662706998177e-05,0.0,164.08792114257812,0.0,0.0,0.0,0.8257225155830383,0.04774906858801842,0.07088786363601685,-0.27170121669769287,-0.28386256098747253,0.2856787145137787,0.3054164946079254,0.796095073223114,-0.6378809809684753,0.8830429315567017,-0.9949749708175659,-0.958796501159668,0.8091522455215454,-0.7652453184127808,0.7923018932342529,"[0.8257225155830383, 0.04774906858801842, 0.07088786363601685, 0.05182724818587303, 0.08620046824216843, -0.017552081495523453, 0.030336948111653328, 0.006194418296217918, -0.9995203018188477, 0.699999988079071, 0.0, 0.0, -0.27170121669769287, -0.28386256098747253, 0.2856787145137787, 0.3054164946079254, 0.39609506726264954, -0.23788097500801086, 0.4830429255962372, -0.5949749946594238, -0.158796489238739, 0.009152233600616455, 0.03475469350814819, -4.231929779052734e-06, 1.376144528388977, -0.08983992785215378, -0.13562330603599548, -1.1933965682983398, -1.1834803819656372, 1.5187588930130005, 0.3210787773132324, -0.20586234331130981, 3.9435369968414307, -0.40521228313446045, 1.4596549272537231, 0.0012969970703125, -0.40546098351478577, -0.45426425337791443, 0.6466987133026123, 0.4769558310508728, 0.5621507167816162, 0.0319724977016449, 0.40911033749580383, -1.1060603857040405, 0.17173050343990326, -0.43385055661201477, 0.20598049461841583, 0.5693728923797607, 1.0, 1.0, 1.0, 1.0, 1.0, 1.0, 1.0, 1.0, 1.0, 1.0, 1.0, 0.0]"
270,1.28649207908893e-05,0.0,95.7504653930664,8.877012987795752e-06,0.0,66.0694351196289,0.0,0.0,0.0,0.0,0.0,0.0,0.8484401106834412,0.041089367121458054,0.015940941870212555,-0.25964829325675964,-0.28680771589279175,0.28584611415863037,0.28094619512557983,0.7922854423522949,-0.6060160994529724,0.8887141346931458,-0.9907936453819275,-0.9104862213134766,0.7990775108337402,-0.7623038291931152,0.792302668094635,"[0.8484401106834412, 0.041089367121458054, 0.015940941870212555, 0.1863267570734024, 0.08577382564544678, -0.05776294320821762, 0.03280869871377945, 0.004253427963703871, -0.9994524717330933, 0.699999988079071, 0.0, 0.0, -0.25964829325675964, -0.28680771589279175, 0.28584611415863037, 0.28094619512557983, 0.39228543639183044, -0.20601609349250793, 0.4887141287326813, -0.5907936096191406, -0.11048620939254761, -0.0009225010871887207, 0.03769618272781372, -3.4570693969726562e-06, -0.2879887521266937, -0.25428807735443115, 0.27986904978752136, -1.3402310609817505, 1.2667635679244995, 1.542594075202942, 0.1828068047761917, 0.542134165763855, 0.2875766158103943, -0.3433234393596649, -2.118863344192505, -0.00226403446868062, -0.37826094031333923, -0.4958413541316986, 0.8575854301452637, 0.5551984310150146, 0.11908939480781555, -0.4927447438240051, 0.6590894460678101, -0.6861025094985962, 0.5453271269798279, 0.029498152434825897, -0.44395899772644043, 0.2249935269355774, 1.0, 1.0, 1.0, 1.0, 1.0, 1.0, 1.0, 1.0, 1.0, 1.0, 1.0, 0.0]"
271,4.137160794925876e-05,0.0,307.91876220703125,0.0,0.0,0.0,0.0,0.0,0.0,0.0,0.0,0.0,0.8151713013648987,-0.0029514357447624207,-0.05137304961681366,-0.25905489921569824,-0.28902527689933777,0.31152206659317017,0.26208239793777466,0.8144165873527527,-0.5855202674865723,0.8849313855171204,-0.9641782641410828,-0.8964175581932068,0.8250232338905334,-0.8344319462776184,0.792307436466217,"[0.8151713013648987, -0.0029514357447624207, -0.05137304961681366, -0.026690885424613953, -0.26984450221061707, -0.06114641949534416, 0.030388984829187393, 0.004532164894044399, -0.9995278120040894, 0.699999988079071, 0.0, 0.0, -0.25905489921569824, -0.28902527689933777, 0.31152206659317017, 0.26208239793777466, 0.4144165813922882, -0.1855202615261078, 0.4849313795566559, -0.5641782283782959, -0.09641754627227783, 0.025023221969604492, -0.03443193435668945, 1.3113021850585938e-06, 0.07336067408323288, -0.28133487701416016, 1.6947247982025146, -0.7639579176902771, 1.2234258651733398, 0.38917040824890137, -0.24264363944530487, 1.8283774852752686, 0.7488567233085632, 3.4910531044006348, -4.299891948699951, -0.00965975597500801, -0.361113578081131, -0.8911214470863342, 0.6233016848564148, 0.7767475843429565, 0.311844140291214, -1.074906587600708, 1.2884753942489624, -0.361651211977005, 0.5428764820098877, 0.600577712059021, -1.2083990573883057, -0.3423736095428467, 1.0, 1.0, 1.0, 1.0, 1.0, 1.0, 1.0, 1.0, 1.0, 1.0, 1.0, 0.0]"
272,3.387472315807827e-05,0.0,252.12127685546875,0.0,0.0,0.0,0.0,0.0,0.0,0.0,0.0,0.0,0.7894195318222046,-0.007700198795646429,-0.15092748403549194,-0.26553991436958313,-0.3151806592941284,0.3409925699234009,0.24754339456558228,0.8342891335487366,-0.6006733179092407,0.8897698521614075,-0.9132606387138367,-0.8709191083908081,0.927861750125885,-0.9492941498756409,0.7923064827919006,"[0.7894195318222046, -0.007700198795646429, -0.15092748403549194, 0.6942972540855408, -0.5506967902183533, 0.014427348971366882, 0.021389715373516083, -0.002952385460957885, -0.9997666478157043, 0.699999988079071, 0.0, 0.0, -0.26553991436958313, -0.3151806592941284, 0.3409925699234009, 0.24754339456558228, 0.4342891275882721, -0.20067331194877625, 0.489769846200943, -0.5132606029510498, -0.07091909646987915, 0.12786173820495605, -0.14929413795471191, 3.5762786865234375e-07, -0.6379274129867554, -1.950536847114563, 1.1688586473464966, -0.8433504104614258, 0.9609454870223999, -1.331726312637329, 0.5739874243736267, 2.9591822624206543, 1.4555050134658813, 5.180150985717773, -6.374798774719238, -0.001248922199010849, -0.57180255651474, -0.7489849925041199, 0.69904625415802, 0.44213101267814636, 0.4935492277145386, -1.1355558633804321, 1.1111887693405151, -0.394012451171875, 0.376389741897583, 0.8548977375030518, -1.4673572778701782, -0.5732117891311646, 1.0, 1.0, 1.0, 1.0, 1.0, 1.0, 1.0, 1.0, 1.0, 1.0, 1.0, 0.0]"
273,3.232743256376125e-05,0.0,240.60516357421875,0.0,0.0,0.0,0.0,0.0,0.0,0.00026576753589324653,0.0,1978.0428466796875,0.7275528907775879,-0.005913532804697752,-0.1617826521396637,-0.2814987599849701,-0.36168962717056274,0.360137015581131,0.23057126998901367,0.8536093831062317,-0.6440924406051636,0.9045387506484985,-0.8684182167053223,-0.8416927456855774,1.0214799642562866,-1.0828615427017212,0.8115385174751282,"[0.7275528907775879, -0.005913532804697752, -0.1617826521396637, -0.16623404622077942, -0.2698587477207184, -0.11745911091566086, 0.00911540724337101, -0.01968378946185112, -0.9997648000717163, 0.699999988079071, 0.0, 0.0, -0.2814987599849701, -0.36168962717056274, 0.360137015581131, 0.23057126998901367, 0.4536093771457672, -0.2440924346446991, 0.5045387744903564, -0.4684182107448578, -0.04169273376464844, 0.22147995233535767, -0.28286153078079224, 0.01923239231109619, 0.1348010003566742, -1.7022274732589722, 1.841237187385559, 0.2791577875614166, 1.3585566282272339, -2.81705641746521, -0.009660691022872925, -2.2791988849639893, 0.307052880525589, 3.9134862422943115, -6.286892890930176, 4.262945652008057, -0.38917210698127747, -0.9351030588150024, 0.6764788627624512, 0.42759039998054504, 0.3950938284397125, -1.0803743600845337, 1.096489429473877, -0.31716424226760864, 0.3539659380912781, 0.8134230971336365, -1.3799124956130981, -0.6888962984085083, 1.0, 1.0, 1.0, 1.0, 1.0, 1.0, 1.0, 1.0, 1.0, 1.0, 1.0, 1.0]"
274,4.4113912736065686e-05,0.0,328.3290710449219,0.0,0.0,0.0,0.0,0.0,0.0,8.326485112775117e-05,0.0,619.7199096679688,0.7361425757408142,0.036103904247283936,0.08645913749933243,-0.25721681118011475,-0.3856431841850281,0.4050275683403015,0.25182604789733887,0.8844878673553467,-0.7103809118270874,0.883486270904541,-0.8446967601776123,-0.8581402897834778,1.0766634941101074,-1.1974296569824219,0.8002156019210815,"[0.7361425757408142, 0.036103904247283936, 0.08645913749933243, -1.8585890531539917, 0.7386080622673035, -0.24593810737133026, 0.015801841393113136, 0.006289490964263678, -0.9998551607131958, 0.699999988079071, 0.0, 0.0, -0.25721681118011475, -0.3856431841850281, 0.4050275683403015, 0.25182604789733887, 0.4844878613948822, -0.3103809058666229, 0.48348626494407654, -0.4446967542171478, -0.05814027786254883, 0.27666348218917847, -0.3974296450614929, 0.00790947675704956, 1.7308290004730225, -1.084236741065979, 2.0714993476867676, 1.5131607055664062, 1.5524815320968628, -3.5538763999938965, -1.8235042095184326, 1.9931981563568115, -1.4113072156906128, 2.2430577278137207, -4.841689586639404, -2.2831320762634277, -0.8990465998649597, -0.4250646233558655, 0.49394163489341736, 0.6387536525726318, 0.1916961371898651, -1.504500150680542, 1.001413106918335, -0.10614514350891113, 0.5549989938735962, 0.8292031288146973, -1.2221909761428833, -0.23596271872520447, 1.0, 1.0, 1.0, 1.0, 1.0, 1.0, 1.0, 1.0, 1.0, 1.0, 1.0, 1.0]"
275,4.442291537998244e-05,0.0,330.62890625,0.0,0.0,0.0,0.0,0.0,0.0,3.5636621760204434e-05,0.0,265.2346496582031,0.7163712978363037,0.05801200121641159,0.026200398802757263,-0.24816621840000153,-0.42162224650382996,0.3989480435848236,0.2575332820415497,0.9026896357536316,-0.7786266803741455,0.8494908213615417,-0.8075384497642517,-0.8592713475227356,1.1179606914520264,-1.2430781126022339,0.790732741355896,"[0.7163712978363037, 0.05801200121641159, 0.026200398802757263, -0.07296796143054962, 0.2297242283821106, -0.10228019952774048, 0.024263519793748856, 0.01729564554989338, -0.9995556473731995, 0.699999988079071, 0.0, 0.0, -0.24816621840000153, -0.42162224650382996, 0.3989480435848236, 0.2575332820415497, 0.5026895999908447, -0.37862667441368103, 0.44949081540107727, -0.40753844380378723, -0.05927133560180664, 0.3179606795310974, -0.44307810068130493, -0.0015733838081359863, -0.004666075110435486, -1.5853304862976074, -1.1468063592910767, -0.15685978531837463, 0.7041219472885132, -3.3546743392944336, -1.604341745376587, 0.4516078233718872, 0.496417373418808, 1.8517526388168335, -0.4323384463787079, 0.4997742176055908, -0.9372264742851257, -0.30055972933769226, 0.6072365045547485, 0.7329442501068115, 0.2522166967391968, -1.5210551023483276, 1.1881195306777954, -0.6288771629333496, 0.5935150980949402, 0.9110157489776611, -0.8829579949378967, -0.44063109159469604, 1.0, 1.0, 1.0, 1.0, 1.0, 1.0, 1.0, 1.0, 1.0, 1.0, 1.0, 1.0]"
276,4.446752791409381e-05,0.0,330.9609680175781,0.0,0.0,0.0,0.0,0.0,0.0,3.7729616451542825e-05,0.0,280.81231689453125,0.726236879825592,0.007033730391412973,0.03498584032058716,-0.24236081540584564,-0.4178314805030823,0.38746264576911926,0.2628661096096039,0.9170612096786499,-0.846894383430481,0.8260344862937927,-0.7894744277000427,-0.8471364974975586,1.1528105735778809,-1.228633999824524,0.7958458662033081,"[0.726236879825592, 0.007033730391412973, 0.03498584032058716, -0.6643785238265991, 0.15483994781970978, 0.0006035647820681334, 0.02665199339389801, 0.02428262121975422, -0.9993494749069214, 0.699999988079071, 0.0, 0.0, -0.24236081540584564, -0.4178314805030823, 0.38746264576911926, 0.2628661096096039, 0.5170612335205078, -0.4468943774700165, 0.42603448033332825, -0.38947442173957825, -0.04713648557662964, 0.3528105616569519, -0.42863398790359497, 0.003539741039276123, 0.6067402362823486, 1.182847023010254, -0.0691692978143692, 0.586576521396637, 0.7908836603164673, -3.426492929458618, -1.0125463008880615, 1.1795707941055298, 0.45896103978157043, 1.6472500562667847, 1.1765328645706177, -0.20182770490646362, -0.6541270613670349, -0.6091427803039551, 0.6256290674209595, 0.6129012107849121, 0.25443321466445923, -1.2901195287704468, 1.0000603199005127, -0.4743939936161041, 0.5867027044296265, 0.9098986387252808, -0.7742293477058411, -0.4530331492424011, 1.0, 1.0, 1.0, 1.0, 1.0, 1.0, 1.0, 1.0, 1.0, 1.0, 1.0, 1.0]"
277,4.2195246351184323e-05,0.0,314.0489196777344,0.0,0.0,0.0,0.0,0.0,0.0,3.62157697963994e-05,0.0,269.54510498046875,0.737113356590271,0.013724496588110924,0.06353697925806046,-0.2372497171163559,-0.39367127418518066,0.3783224821090698,0.26705214381217957,0.9273955821990967,-0.9056136608123779,0.8110688328742981,-0.7670207619667053,-0.8283305168151855,1.170314073562622,-1.1925667524337769,0.7955612540245056,"[0.737113356590271, 0.013724496588110924, 0.06353697925806046, -0.14269916713237762, 0.14501388370990753, -0.03217119723558426, 0.02874247543513775, 0.029845695942640305, -0.9991409182548523, 0.699999988079071, 0.0, 0.0, -0.2372497171163559, -0.39367127418518066, 0.3783224821090698, 0.26705214381217957, 0.5273956060409546, -0.5056136846542358, 0.4110688269138336, -0.36702075600624084, -0.028330504894256592, 0.3703140616416931, -0.3925667405128479, 0.003255128860473633, 0.13587719202041626, 1.2017567157745361, -0.6970480680465698, 0.0647120252251625, 0.3674730658531189, -2.477993965148926, -0.8145188093185425, 1.090612530708313, 1.1180251836776733, -0.25003552436828613, 2.58996319770813, -0.05924893915653229, -0.7515976428985596, -0.5635332465171814, 0.5791832208633423, 0.8622819185256958, 0.23486784100532532, -1.2275056838989258, 0.8713046312332153, -0.4465978741645813, 0.6335511803627014, 0.6597185730934143, -0.4621771574020386, -0.42728230357170105, 1.0, 1.0, 1.0, 1.0, 1.0, 1.0, 1.0, 1.0, 1.0, 1.0, 1.0, 1.0]"
278,3.933496191166341e-05,0.0,292.760498046875,0.0,0.0,0.0,0.0,0.0,0.0,2.5844943593256176e-05,0.0,192.3575897216797,0.7522156238555908,0.017944281920790672,0.09137741476297379,-0.23966830968856812,-0.37058883905410767,0.35722002387046814,0.2623082995414734,0.9297827482223511,-0.9371281862258911,0.7918589115142822,-0.743915319442749,-0.7975026965141296,1.1349787712097168,-1.1237514019012451,0.7943388819694519,"[0.7522156238555908, 0.017944281920790672, 0.09137741476297379, 0.1967923492193222, 0.1293705403804779, -0.07839055359363556, 0.031030762940645218, 0.027019504457712173, -0.9991529583930969, 0.699999988079071, 0.0, 0.0, -0.23966830968856812, -0.37058883905410767, 0.35722002387046814, 0.2623082995414734, 0.529782772064209, -0.537128210067749, 0.39185890555381775, -0.34391531348228455, 0.0024973154067993164, 0.33497875928878784, -0.32375138998031616, 0.002032756805419922, -0.1597970873117447, 1.2822191715240479, -1.178041696548462, -0.2947591543197632, 0.019533181563019753, -0.9592832922935486, -1.203879952430725, 1.1240800619125366, 1.6875287294387817, -3.1900229454040527, 4.227410793304443, -0.04171808063983917, -0.8099325299263, -0.6457453370094299, 0.5083715915679932, 0.9812808036804199, 0.25524646043777466, -1.0059047937393188, 0.5935605764389038, -0.3909970223903656, 0.5996760129928589, 0.2120150625705719, -0.028798148036003113, -0.49623098969459534, 1.0, 1.0, 1.0, 1.0, 1.0, 1.0, 1.0, 1.0, 1.0, 1.0, 1.0, 1.0]"
279,2.7772035537054762e-05,0.0,206.70046997070312,0.0,0.0,0.0,0.0,0.0,0.0,2.2934820663067512e-05,0.0,170.69825744628906,0.7658042907714844,0.017831992357969284,0.08024443686008453,-0.24530208110809326,-0.343917578458786,0.329430490732193,0.2537834644317627,0.9279278516769409,-0.9388592839241028,0.7593053579330444,-0.7209452986717224,-0.7593581080436707,1.0451022386550903,-1.0212438106536865,0.794398844242096,"[0.7658042907714844, 0.017831992357969284, 0.08024443686008453, 0.2792283594608307, 0.13419675827026367, -0.09610065817832947, 0.03289705142378807, 0.020492415875196457, -0.9992486834526062, 0.699999988079071, 0.0, 0.0, -0.24530208110809326, -0.343917578458786, 0.329430490732193, 0.2537834644317627, 0.5279278755187988, -0.5388592481613159, 0.35930535197257996, -0.32094529271125793, 0.0406419038772583, 0.24510222673416138, -0.22124379873275757, 0.002092719078063965, -0.2245466113090515, 1.4999573230743408, -1.3713096380233765, -0.40721046924591064, -0.03673875331878662, 0.47293591499328613, -1.9543136358261108, 1.1593458652496338, 1.8062703609466553, -5.45849084854126, 5.632423400878906, -0.021500006318092346, -0.9831103682518005, -0.5425983667373657, 0.5449342727661133, 0.9725785255432129, 0.3968176543712616, -0.6500447988510132, 0.44665953516960144, -0.5449858903884888, 0.3145618438720703, -0.2978377342224121, 0.3902466893196106, -0.3497451841831207, 1.0, 1.0, 1.0, 1.0, 1.0, 1.0, 1.0, 1.0, 1.0, 1.0, 1.0, 1.0]"
280,0.0,0.0,0.0,0.0,0.0,0.0,2.711371962504927e-05,0.0,201.80078125,9.04489843378542e-06,0.0,67.31896209716797,0.7934351563453674,0.017167681828141212,0.032455723732709885,-0.25029829144477844,-0.30526530742645264,0.31671544909477234,0.25004392862319946,0.930810272693634,-0.9112439751625061,0.7498864531517029,-0.6971308588981628,-0.7415820360183716,0.9235056638717651,-0.965116024017334,0.793584406375885,"[0.7934351563453674, 0.017167681828141212, 0.032455723732709885, -0.20506596565246582, 0.0684032142162323, -0.015425797551870346, 0.035212915390729904, 0.01835685782134533, -0.9992113709449768, 0.699999988079071, 0.0, 0.0, -0.25029829144477844, -0.30526530742645264, 0.31671544909477234, 0.25004392862319946, 0.5308102369308472, -0.5112439393997192, 0.3498864471912384, -0.29713085293769836, 0.05841797590255737, 0.12350565195083618, -0.16511601209640503, 0.0012782812118530273, -0.40851348638534546, 2.444427013397217, 0.24269108474254608, 0.0513964518904686, 0.42515963315963745, 1.9778556823730469, 1.9085173606872559, 1.36527681350708, -1.4986765384674072, -6.431771278381348, -1.1384831666946411, -0.08904652297496796, -1.158861756324768, -0.4269273579120636, 0.5986649990081787, 0.7645787000656128, 0.7355586886405945, -0.20606106519699097, 0.22356194257736206, -0.9734959602355957, -0.3895031213760376, -0.68953537940979, 0.5910358428955078, 0.02723308652639389, 1.0, 1.0, 1.0, 1.0, 1.0, 1.0, 1.0, 1.0, 1.0, 1.0, 1.0, 0.0]"
281,0.0,0.0,0.0,0.0,0.0,0.0,3.485602792352438e-05,0.0,259.42486572265625,1.440414234821219e-05,0.0,107.20651245117188,0.7703844308853149,0.05245562270283699,0.011295294389128685,-0.28450724482536316,-0.25205305218696594,0.32213684916496277,0.25551459193229675,0.9378671050071716,-0.8506023287773132,0.7689915895462036,-0.6716647148132324,-0.8274563550949097,0.7834099531173706,-0.9513403177261353,0.7951636910438538,"[0.7703844308853149, 0.05245562270283699, 0.011295294389128685, -0.6689537763595581, -0.06850694864988327, -0.018255218863487244, 0.034349508583545685, 0.02602904662489891, -0.9990706443786621, 0.699999988079071, 0.0, 0.0, -0.28450724482536316, -0.25205305218696594, 0.32213684916496277, 0.25551459193229675, 0.5378670692443848, -0.45060232281684875, 0.36899158358573914, -0.27166470885276794, -0.027456343173980713, -0.01659005880355835, -0.1513403058052063, 0.0028575658798217773, -1.8526599407196045, 2.8637137413024902, 0.5273488759994507, 0.5375033617019653, 0.06923328340053558, 3.6040453910827637, 0.9739047288894653, 1.5515578985214233, -3.9920716285705566, -6.895578384399414, 0.7032392024993896, -0.3191526532173157, -0.4961951673030853, -0.3822513520717621, 0.28582441806793213, 0.6081982851028442, 1.1569445133209229, 0.19812634587287903, 0.428960919380188, -1.6357194185256958, -0.8776454329490662, -0.6679153442382812, 0.45072364807128906, 0.8308379054069519, 1.0, 1.0, 1.0, 1.0, 1.0, 1.0, 1.0, 1.0, 1.0, 1.0, 1.0, 1.0]"
282,0.0,0.0,0.0,5.524303196580149e-05,0.0,411.1603698730469,3.71249952877406e-05,0.0,276.312255859375,0.0,0.0,0.0,0.6977440714836121,0.05857216939330101,0.032702092081308365,-0.31949904561042786,-0.24385026097297668,0.32804247736930847,0.27129611372947693,0.929448127746582,-0.8330966234207153,0.785464882850647,-0.6696443557739258,-0.9234068393707275,0.790961503982544,-0.9398862719535828,0.7922974824905396,"[0.6977440714836121, 0.05857216939330101, 0.032702092081308365, -0.3180437684059143, 0.12544462084770203, 0.0055092256516218185, 0.03535109758377075, 0.034787144511938095, -0.9987692832946777, 0.699999988079071, 0.0, 0.0, -0.31949904561042786, -0.24385026097297668, 0.32804247736930847, 0.27129611372947693, 0.5294481515884399, -0.43309661746025085, 0.3854648768901825, -0.2696443498134613, -0.12340682744979858, -0.00903850793838501, -0.1398862600326538, -8.64267349243164e-06, -1.517687439918518, 0.22373579442501068, 0.20575372874736786, 1.2372398376464844, -0.558476448059082, 0.49425679445266724, 0.8931500315666199, -1.0161420106887817, -5.948121070861816, 0.8183372020721436, 0.30656927824020386, 0.007076387293636799, -0.7087687849998474, -0.6691781878471375, -0.014471810311079025, 1.0705775022506714, 1.0686242580413818, -0.26864007115364075, 0.3246927261352539, -1.306209683418274, -0.996141791343689, -0.5748646259307861, 0.5995976328849792, 0.8143250942230225, 1.0, 1.0, 1.0, 1.0, 1.0, 1.0, 1.0, 1.0, 1.0, 1.0, 1.0, 1.0]"
283,0.0,0.0,0.0,3.65122796210926e-05,0.0,271.751953125,3.608583938330412e-05,0.0,268.57806396484375,0.0,0.0,0.0,0.6678802371025085,0.04276362434029579,0.051511432975530624,-0.3438357710838318,-0.24445486068725586,0.3264614939689636,0.31133317947387695,0.911012589931488,-0.8159038424491882,0.8028743267059326,-0.7184315323829651,-1.0361205339431763,0.7934585809707642,-0.9365687966346741,0.7923011779785156,"[0.6678802371025085, 0.04276362434029579, 0.051511432975530624, 0.18059657514095306, 0.20042544603347778, 0.044125769287347794, 0.03924113139510155, 0.034769393503665924, -0.9986249804496765, 0.699999988079071, 0.0, 0.0, -0.3438357710838318, -0.24445486068725586, 0.3264614939689636, 0.31133317947387695, 0.5110125541687012, -0.41590383648872375, 0.40287432074546814, -0.3184315264225006, -0.23612052202224731, -0.006541430950164795, -0.13656878471374512, -4.947185516357422e-06, -1.0203688144683838, -0.19105544686317444, -0.2502797842025757, 2.4141156673431396, -1.1238975524902344, 0.8582152724266052, 0.9192520976066589, -3.101231813430786, -4.997433662414551, 0.07173267006874084, 0.07361248135566711, 0.0005130767822265625, -0.39158523082733154, -0.7234998941421509, 0.40092357993125916, 0.7941950559616089, 1.2608935832977295, -0.03161287307739258, 0.609023928642273, -1.489392638206482, -1.0688852071762085, -0.34160467982292175, 0.5678179860115051, 0.9492247104644775, 1.0, 1.0, 1.0, 1.0, 1.0, 1.0, 1.0, 1.0, 1.0, 1.0, 1.0, 1.0]"
284,0.0,0.0,0.0,2.849310840247199e-05,0.0,212.06723022460938,3.429129355936311e-05,0.0,255.22169494628906,0.0,0.0,0.0,0.6665768623352051,0.03951350599527359,0.016313206404447556,-0.35388922691345215,-0.24995121359825134,0.320167601108551,0.36718934774398804,0.8896539807319641,-0.797608494758606,0.8219050168991089,-0.7907066345214844,-1.1196993589401245,0.7962692379951477,-0.9336231350898743,0.7923007607460022,"[0.6665768623352051, 0.03951350599527359, 0.016313206404447556, 0.29980379343032837, 0.04928506538271904, 0.016218166798353195, 0.04152212291955948, 0.029540592804551125, -0.9987006187438965, 0.699999988079071, 0.0, 0.0, -0.35388922691345215, -0.24995121359825134, 0.320167601108551, 0.36718934774398804, 0.48965397477149963, -0.3976084887981415, 0.4219050109386444, -0.3907066285610199, -0.31969934701919556, -0.00373077392578125, -0.1336231231689453, -5.364418029785156e-06, -0.214005708694458, -0.33894380927085876, -0.35034358501434326, 2.863473415374756, -1.017426609992981, 0.6938306093215942, 0.9708391427993774, -3.7417447566986084, -3.272721290588379, 0.555679202079773, 0.22337549924850464, 0.0005619525909423828, -0.5758323669433594, -0.5038373470306396, 0.41121989488601685, 0.8014711141586304, 1.2548326253890991, -0.12861451506614685, 0.44133543968200684, -1.2236642837524414, -0.9297601580619812, -0.39975351095199585, 0.6276292204856873, 0.8552324771881104, 1.0, 1.0, 1.0, 1.0, 1.0, 1.0, 1.0, 1.0, 1.0, 1.0, 1.0, 0.0]"
285,0.0,0.0,0.0,4.197594171273522e-05,0.0,312.41668701171875,3.7001991586294025e-05,0.0,275.39678955078125,0.0,0.0,0.0,0.6887583136558533,0.05059608072042465,0.009677435271441936,-0.35443297028541565,-0.25842389464378357,0.3118400275707245,0.414752721786499,0.8732934594154358,-0.7804324626922607,0.8410559892654419,-0.8584972620010376,-1.1467876434326172,0.8074795603752136,-0.9247087240219116,0.7923004031181335,"[0.6887583136558533, 0.05059608072042465, 0.009677435271441936, 0.41286763548851013, -0.11279499530792236, -0.01750321500003338, 0.0401768758893013, 0.02239365130662918, -0.9989416599273682, 0.699999988079071, 0.0, 0.0, -0.35443297028541565, -0.25842389464378357, 0.3118400275707245, 0.414752721786499, 0.4732934534549713, -0.38043245673179626, 0.4410559833049774, -0.4584972560405731, -0.34678763151168823, 0.007479548454284668, -0.12470871210098267, -5.7220458984375e-06, 0.034763041883707047, -0.4884834885597229, -0.47437626123428345, 1.862720251083374, -0.7246726751327515, 0.7245416045188904, 0.9815974235534668, -3.063098907470703, -0.2709735333919525, 0.831786572933197, 0.509627103805542, 0.0008785724639892578, -0.4393807351589203, -0.21529975533485413, 0.7312643527984619, 0.3336293399333954, 1.1990101337432861, 0.3544589579105377, 0.3450815677642822, -1.369078278541565, -0.7390772700309753, -0.4686131775379181, 0.6444123387336731, 0.9964108467102051, 1.0, 1.0, 1.0, 1.0, 1.0, 1.0, 1.0, 1.0, 1.0, 1.0, 1.0, 0.0]"
286,0.0,0.0,0.0,4.834840729017742e-05,0.0,359.8453674316406,3.780312181334011e-05,0.0,281.359375,0.0,0.0,0.0,0.7182345390319824,0.05668158456683159,0.04585894197225571,-0.34766966104507446,-0.2674008309841156,0.30361872911453247,0.42879197001457214,0.8621326088905334,-0.7600275278091431,0.8568257689476013,-0.90651935338974,-1.136866569519043,0.8182207942008972,-0.9074521064758301,0.7922953367233276,"[0.7182345390319824, 0.05668158456683159, 0.04585894197225571, 0.29488545656204224, -0.1414879858493805, -0.07391435652971268, 0.037321366369724274, 0.01567738503217697, -0.9991801381111145, 0.699999988079071, 0.0, 0.0, -0.34766966104507446, -0.2674008309841156, 0.30361872911453247, 0.42879197001457214, 0.46213260293006897, -0.3600275218486786, 0.45682576298713684, -0.5065193176269531, -0.336866557598114, 0.01822078227996826, -0.10745209455490112, -1.0788440704345703e-05, 0.5104383826255798, -0.4126230776309967, -0.36370351910591125, -0.017219865694642067, -0.5368090271949768, 0.9177873730659485, 0.758308470249176, -2.034531593322754, 0.8961104154586792, 0.7004483342170715, 0.9352169036865234, 0.013838766142725945, -0.5711829662322998, -0.17021691799163818, 0.6587624549865723, 0.3429533541202545, 1.024275541305542, 0.2500961124897003, 0.2958267629146576, -1.3862935304641724, -0.638324499130249, -0.46657079458236694, 0.5760965347290039, 0.9936602115631104, 1.0, 1.0, 1.0, 1.0, 1.0, 1.0, 1.0, 1.0, 1.0, 1.0, 1.0, 0.0]"
287,0.0,0.0,0.0,4.4085831177653745e-05,0.0,328.12005615234375,3.646284676506184e-05,0.0,271.384033203125,0.0,0.0,0.0,0.7420184016227722,0.06212480366230011,0.08312411606311798,-0.3350386619567871,-0.2742021679878235,0.29747235774993896,0.4087231755256653,0.8505139946937561,-0.7353076934814453,0.867277979850769,-0.9385472536087036,-1.1133720874786377,0.8239035606384277,-0.8815696239471436,0.7922953963279724,"[0.7420184016227722, 0.06212480366230011, 0.08312411606311798, 0.19649986922740936, -0.1311941146850586, -0.08784061670303345, 0.034517932683229446, 0.01150716282427311, -0.9993379712104797, 0.699999988079071, 0.0, 0.0, -0.3350386619567871, -0.2742021679878235, 0.29747235774993896, 0.4087231755256653, 0.4505139887332916, -0.33530768752098083, 0.46727797389030457, -0.5385472774505615, -0.31337207555770874, 0.02390354871749878, -0.0815696120262146, -1.0728836059570312e-05, 0.6457429528236389, -0.3181266188621521, -0.2991843521595001, -1.495041012763977, -0.6459667086601257, 1.132115364074707, 0.4836745262145996, -1.3968321084976196, 1.3638626337051392, 0.41734766960144043, 1.363497018814087, 0.012148963287472725, -0.4838505685329437, -0.30804404616355896, 0.5461134910583496, 0.38982030749320984, 1.0314692258834839, 0.2167111337184906, 0.3641364872455597, -1.3472729921340942, -0.5275723934173584, -0.4588870108127594, 0.5658273696899414, 0.9284932613372803, 1.0, 1.0, 1.0, 1.0, 1.0, 1.0, 1.0, 1.0, 1.0, 1.0, 1.0, 0.0]"
288,0.0,0.0,0.0,3.9020997064653784e-05,0.0,290.4237365722656,3.4284785215277225e-05,0.0,255.17324829101562,0.0,0.0,0.0,0.7660199403762817,0.06117626652121544,0.09822636842727661,-0.3204968273639679,-0.2793501317501068,0.2923445999622345,0.37135520577430725,0.837265133857727,-0.7071312665939331,0.8737978339195251,-0.961392879486084,-1.0823938846588135,0.8250746726989746,-0.8491811156272888,0.7922955751419067,"[0.7660199403762817, 0.06117626652121544, 0.09822636842727661, 0.128929004073143, -0.12209882587194443, -0.07022520154714584, 0.03187363222241402, 0.008821351453661919, -0.9994529485702515, 0.699999988079071, 0.0, 0.0, -0.3204968273639679, -0.2793501317501068, 0.2923445999622345, 0.37135520577430725, 0.4372651278972626, -0.30713126063346863, 0.47379782795906067, -0.5613929033279419, -0.2823938727378845, 0.025074660778045654, -0.04918110370635986, -1.055002212524414e-05, 0.7888717651367188, -0.2393927425146103, -0.25446897745132446, -1.9775289297103882, -0.7063923478126526, 1.2625205516815186, 0.28279930353164673, -1.0100470781326294, 1.834600806236267, 0.24883797764778137, 1.691562294960022, 0.00907924398779869, -0.44192060828208923, -0.4237760305404663, 0.4457557499408722, 0.4828201234340668, 0.9634512066841125, 0.16508880257606506, 0.36308830976486206, -1.2860019207000732, -0.38339024782180786, -0.4838368892669678, 0.5381423830986023, 0.8244608044624329, 1.0, 1.0, 1.0, 1.0, 1.0, 1.0, 1.0, 1.0, 1.0, 1.0, 1.0, 0.0]"
289,0.0,0.0,0.0,3.632345033111051e-05,0.0,270.3465576171875,3.092981205554679e-05,0.0,230.20303344726562,0.0,0.0,0.0,0.7919240593910217,0.05352652817964554,0.09607637673616409,-0.30116966366767883,-0.28285542130470276,0.2882170081138611,0.3346952199935913,0.8226335048675537,-0.6766669154167175,0.8781144022941589,-0.9774388670921326,-1.0384441614151,0.8226900696754456,-0.8133288621902466,0.792298436164856,"[0.7919240593910217, 0.05352652817964554, 0.09607637673616409, 0.08542592823505402, -0.07410070300102234, -0.04260700196027756, 0.029816603288054466, 0.007215612567961216, -0.9995294809341431, 0.699999988079071, 0.0, 0.0, -0.30116966366767883, -0.28285542130470276, 0.2882170081138611, 0.3346952199935913, 0.42263349890708923, -0.27666690945625305, 0.47811439633369446, -0.5774388313293457, -0.23844414949417114, 0.0226900577545166, -0.013328850269317627, -7.68899917602539e-06, 1.063970685005188, -0.17123007774353027, -0.202743798494339, -1.7070257663726807, -0.8050938844680786, 1.3706378936767578, 0.20905986428260803, -0.6875191330909729, 2.5609593391418457, 0.05632324516773224, 1.7806729078292847, 8.344650268554688e-05, -0.3979203999042511, -0.4912547767162323, 0.4903530776500702, 0.4935731589794159, 0.8700417280197144, 0.1569397747516632, 0.34631210565567017, -1.258352279663086, -0.20239679515361786, -0.5098863244056702, 0.4648176431655884, 0.7341609001159668, 1.0, 1.0, 1.0, 1.0, 1.0, 1.0, 1.0, 1.0, 1.0, 1.0, 1.0, 0.0]"
290,0.0,0.0,0.0,3.2669508073013276e-05,0.0,243.15113830566406,2.541957474022638e-05,0.0,189.19168090820312,0.0,0.0,0.0,0.8168652057647705,0.04388631880283356,0.0788976401090622,-0.2763569951057434,-0.2849714159965515,0.28509122133255005,0.30630502104759216,0.803773045539856,-0.6444489359855652,0.8821298480033875,-0.9872758984565735,-0.9777810573577881,0.8156607151031494,-0.7784626483917236,0.7922981977462769,"[0.8168652057647705, 0.04388631880283356, 0.0788976401090622, 0.049692779779434204, 0.031643081456422806, -0.017891285941004753, 0.029460467398166656, 0.006272411905229092, -0.9995465278625488, 0.699999988079071, 0.0, 0.0, -0.2763569951057434, -0.2849714159965515, 0.28509122133255005, 0.30630502104759216, 0.4037730395793915, -0.2444489300251007, 0.482129842042923, -0.5872758626937866, -0.17778104543685913, 0.01566070318222046, 0.021537363529205322, -7.927417755126953e-06, 1.323302984237671, -0.10126426815986633, -0.14762777090072632, -1.2765004634857178, -1.1147955656051636, 1.4536696672439575, 0.267828106880188, -0.3640429973602295, 3.5239486694335938, -0.19976770877838135, 1.6044000387191772, 0.0006021261215209961, -0.4113992154598236, -0.47460469603538513, 0.6012378334999084, 0.4752620458602905, 0.6630191802978516, 0.09313738346099854, 0.3551848828792572, -1.176552176475525, 0.05161404609680176, -0.4701957106590271, 0.30564016103744507, 0.6193297505378723, 1.0, 1.0, 1.0, 1.0, 1.0, 1.0, 1.0, 1.0, 1.0, 1.0, 1.0, 0.0]"
291,7.902512152213603e-05,0.0,588.1646728515625,1.8727365386439487e-05,0.0,139.38319396972656,1.2592731764016207e-05,0.0,93.72462463378906,0.0,0.0,0.0,0.8537226915359497,0.052647918462753296,0.04661057889461517,-0.25581514835357666,-0.28624099493026733,0.28305038809776306,0.2831588685512543,0.7851932644844055,-0.6124300360679626,0.8886385560035706,-0.9884393811225891,-0.9106423258781433,0.8058134317398071,-0.7495778799057007,0.792332112789154,"[0.8537226915359497, 0.052647918462753296, 0.04661057889461517, 0.24107277393341064, 0.03851206973195076, -0.0326007679104805, 0.03144754841923714, 0.005718332715332508, -0.9994893074035645, 0.699999988079071, 0.0, 0.0, -0.25581514835357666, -0.28624099493026733, 0.28305038809776306, 0.2831588685512543, 0.38519325852394104, -0.21243003010749817, 0.4886385500431061, -0.5884393453598022, -0.11064231395721436, 0.005813419818878174, 0.05042213201522827, 2.5987625122070312e-05, -0.9028463363647461, -0.3014058768749237, -0.3720047175884247, -1.4938791990280151, 1.6593562364578247, 1.6234064102172852, 0.5942650437355042, 0.26763278245925903, -0.8262732028961182, -0.3934064507484436, 1.4143935441970825, -0.034026265144348145, -0.38228103518486023, -0.46887049078941345, 0.7872874736785889, 0.4978734254837036, 0.2753629684448242, -0.23967671394348145, 0.5540859699249268, -0.838341236114502, 0.4318600296974182, -0.17648646235466003, -0.15533338487148285, 0.3420881927013397, 1.0, 1.0, 1.0, 1.0, 1.0, 1.0, 1.0, 1.0, 1.0, 1.0, 1.0, 0.0]"
292,4.0393766539637e-05,0.0,300.64093017578125,0.0,0.0,0.0,0.0,0.0,0.0,0.0,0.0,0.0,0.8303120732307434,-0.002172143431380391,-0.021635549142956734,-0.25696009397506714,-0.2889147698879242,0.2977849841117859,0.2610199749469757,0.8084859251976013,-0.5847887396812439,0.8958114981651306,-0.9701604247093201,-0.9004208445549011,0.8101590275764465,-0.8108954429626465,0.7923009991645813,"[0.8303120732307434, -0.002172143431380391, -0.021635549142956734, -0.07849559187889099, -0.16243602335453033, -0.06570544093847275, 0.030751438811421394, 0.004582558758556843, -0.9995161890983582, 0.699999988079071, 0.0, 0.0, -0.25696009397506714, -0.2889147698879242, 0.2977849841117859, 0.2610199749469757, 0.40848591923713684, -0.18478873372077942, 0.49581149220466614, -0.5701603889465332, -0.10042083263397217, 0.010159015655517578, -0.01089543104171753, -5.125999450683594e-06, 0.06869907677173615, -0.05241599678993225, 1.4936617612838745, -0.8134601712226868, 1.2256392240524292, 1.012313961982727, 0.3101550340652466, 1.4518780708312988, 0.5244441628456116, 1.3843028545379639, -4.941744804382324, -0.017319373786449432, -0.18089094758033752, -0.8074184060096741, 0.8393107056617737, 0.7739858627319336, 0.028966069221496582, -1.0206506252288818, 1.2454148530960083, -0.15959051251411438, 0.6630014181137085, 0.4968920052051544, -1.134061574935913, -0.11712855845689774, 1.0, 1.0, 1.0, 1.0, 1.0, 1.0, 1.0, 1.0, 1.0, 1.0, 1.0, 0.0]"
293,3.7617712223436683e-05,0.0,279.97943115234375,0.0,0.0,0.0,0.0,0.0,0.0,0.0,0.0,0.0,0.7982305288314819,-0.023319020867347717,-0.09937290102243423,-0.25380799174308777,-0.3013867735862732,0.3389154076576233,0.2528206408023834,0.8301268219947815,-0.590564489364624,0.9036030769348145,-0.9203449487686157,-0.8786522746086121,0.9022771120071411,-0.9105846881866455,0.7923030853271484,"[0.7982305288314819, -0.023319020867347717, -0.09937290102243423, 0.15889467298984528, -0.5111116766929626, -0.017610713839530945, 0.022976163774728775, 0.006430197507143021, -0.9997152090072632, 0.699999988079071, 0.0, 0.0, -0.25380799174308777, -0.3013867735862732, 0.3389154076576233, 0.2528206408023834, 0.430126816034317, -0.19056448340415955, 0.5036031007766724, -0.5203449726104736, -0.0786522626876831, 0.10227710008621216, -0.11058467626571655, -3.039836883544922e-06, -0.09619855880737305, -1.2895262241363525, 1.9397865533828735, -0.5016025304794312, 1.0639454126358032, -1.001033902168274, 0.6190643906593323, 3.0551414489746094, 1.2539348602294922, 5.610506057739258, -5.400725841522217, -0.01213738415390253, -0.6460027694702148, -0.8589311242103577, 0.5645758509635925, 0.5486387014389038, 0.5287845134735107, -1.1655088663101196, 1.2062547206878662, -0.4123589098453522, 0.3675811290740967, 0.8711849451065063, -1.4730112552642822, -0.5643222332000732, 1.0, 1.0, 1.0, 1.0, 1.0, 1.0, 1.0, 1.0, 1.0, 1.0, 1.0, 0.0]"
294,2.2948792320676148e-05,0.0,170.80226135253906,0.0,0.0,0.0,0.0,0.0,0.0,1.9962366422987543e-05,0.0,148.5749969482422,0.7684468030929565,-0.00871464516967535,-0.234029158949852,-0.270020991563797,-0.35133039951324463,0.35807302594184875,0.23180373013019562,0.8468748331069946,-0.628817081451416,0.9250813722610474,-0.8509185314178467,-0.844182014465332,1.0062830448150635,-1.0462169647216797,0.7910693287849426,"[0.7684468030929565, -0.00871464516967535, -0.234029158949852, 1.1502549648284912, -0.6933139562606812, 0.059273190796375275, 0.010261481627821922, -0.010906243696808815, -0.9998879432678223, 0.699999988079071, 0.0, 0.0, -0.270020991563797, -0.35133039951324463, 0.35807302594184875, 0.23180373013019562, 0.44687482714653015, -0.22881707549095154, 0.5250813961029053, -0.4509185254573822, -0.044182002544403076, 0.20628303289413452, -0.24621695280075073, -0.0012367963790893555, -1.130892038345337, -2.977640151977539, 0.4568191170692444, -1.2162896394729614, 0.8834860324859619, -2.4205739498138428, 1.125903844833374, 2.7315025329589844, 1.6666860580444336, 4.824117183685303, -7.0397796630859375, -0.6428993940353394, -0.44128331542015076, -0.8649042248725891, 0.7327535152435303, 0.4034251868724823, 0.405647873878479, -1.1975059509277344, 1.0372308492660522, -0.3464582562446594, 0.3607775568962097, 0.8564720153808594, -1.4473216533660889, -0.596684455871582, 1.0, 1.0, 1.0, 1.0, 1.0, 1.0, 1.0, 1.0, 1.0, 1.0, 1.0, 1.0]"
295,3.696048224810511e-05,0.0,275.08782958984375,0.0,0.0,0.0,0.0,0.0,0.0,9.456092084292322e-05,0.0,703.7938232421875,0.7356436252593994,0.020407134667038918,0.045200932770967484,-0.25666722655296326,-0.38650983572006226,0.3925795555114746,0.24399001896381378,0.8740983605384827,-0.6957611441612244,0.9143662452697754,-0.8427255749702454,-0.8475152254104614,1.0732165575027466,-1.168995976448059,0.8098941445350647,"[0.7356436252593994, 0.020407134667038918, 0.045200932770967484, -1.8105665445327759, 0.5967109799385071, -0.21298488974571228, 0.011259670369327068, 0.003247187240049243, -0.9999313950538635, 0.699999988079071, 0.0, 0.0, -0.25666722655296326, -0.38650983572006226, 0.3925795555114746, 0.24399001896381378, 0.4740983545780182, -0.2957611382007599, 0.5143662691116333, -0.4427255690097809, -0.04751521348953247, 0.2732165455818176, -0.3689959645271301, 0.017588019371032715, 1.6967583894729614, -1.1070350408554077, 2.277320384979248, 1.5038193464279175, 1.6291465759277344, -3.76474666595459, -1.6110783815383911, 1.8070123195648193, -1.3283095359802246, 2.4711921215057373, -5.575876712799072, -1.8290235996246338, -0.7764561772346497, -0.6989555954933167, 0.6084849834442139, 0.2967624366283417, 0.3685348927974701, -1.303775668144226, 0.9630193710327148, -0.10904005169868469, 0.44198834896087646, 0.8206467032432556, -1.246469259262085, -0.7047537565231323, 1.0, 1.0, 1.0, 1.0, 1.0, 1.0, 1.0, 1.0, 1.0, 1.0, 1.0, 1.0]"
296,4.101273589185439e-05,0.0,305.2477722167969,0.0,0.0,0.0,0.0,0.0,0.0,0.0,0.0,0.0,0.7271261215209961,0.06778661906719208,0.0268021821975708,-0.2436264157295227,-0.42892012000083923,0.39601951837539673,0.24962282180786133,0.8950863480567932,-0.7686092853546143,0.8761133551597595,-0.8033273816108704,-0.8548785448074341,1.1138629913330078,-1.2365057468414307,0.7922515273094177,"[0.7271261215209961, 0.06778661906719208, 0.0268021821975708, -0.0075927795842289925, 0.31393229961395264, -0.13907481729984283, 0.021384334191679955, 0.01824607327580452, -0.9996048212051392, 0.699999988079071, 0.0, 0.0, -0.2436264157295227, -0.42892012000083923, 0.39601951837539673, 0.24962282180786133, 0.49508634209632874, -0.3686092793941498, 0.47611334919929504, -0.4033273756504059, -0.05487853288650513, 0.31386297941207886, -0.4365057349205017, -5.459785461425781e-05, -0.05119594931602478, -2.397037982940674, -1.0548226833343506, -0.5637606382369995, 0.6781232357025146, -3.4659500122070312, -1.8869272470474243, 1.9798657894134521, 0.4177040159702301, 1.8011183738708496, -1.2888437509536743, 0.08800080418586731, -1.0277127027511597, -0.2213727831840515, 0.5028591156005859, 0.8192853927612305, 0.23264294862747192, -1.6022995710372925, 1.1511887311935425, -0.5589343309402466, 0.6008564829826355, 0.8875747323036194, -0.9403713345527649, -0.3430331349372864, 1.0, 1.0, 1.0, 1.0, 1.0, 1.0, 1.0, 1.0, 1.0, 1.0, 1.0, 1.0]"
297,4.266638643457554e-05,0.0,317.5555114746094,0.0,0.0,0.0,0.0,0.0,0.0,4.004530273959972e-05,0.0,298.04736328125,0.7241079807281494,0.014483383856713772,0.025456950068473816,-0.2414095401763916,-0.44141557812690735,0.3801494240760803,0.25091296434402466,0.9091020226478577,-0.8374331593513489,0.8437207341194153,-0.784913957118988,-0.8433612585067749,1.1460292339324951,-1.2287877798080444,0.7956233620643616,"[0.7241079807281494, 0.014483383856713772, 0.025456950068473816, -0.5678869485855103, 0.19400425255298615, -0.03889904543757439, 0.024737466126680374, 0.021537652239203453, -0.9994617700576782, 0.699999988079071, 0.0, 0.0, -0.2414095401763916, -0.44141557812690735, 0.3801494240760803, 0.25091296434402466, 0.5091019868850708, -0.4374331533908844, 0.4437207281589508, -0.38491395115852356, -0.04336124658584595, 0.34602922201156616, -0.4287877678871155, 0.00331723690032959, 0.5166994333267212, 0.6609249114990234, -0.22999995946884155, 0.47079023718833923, 0.7939746379852295, -3.479705810546875, -1.5038788318634033, 1.1033387184143066, 0.3986537754535675, 1.6739312410354614, 0.9373738765716553, -0.150692880153656, -0.6893970370292664, -0.5838086009025574, 0.6528633832931519, 0.5591902732849121, 0.2386011779308319, -1.3207358121871948, 1.013140320777893, -0.567333459854126, 0.5818790197372437, 0.9420836567878723, -0.7683719992637634, -0.5294590592384338, 1.0, 1.0, 1.0, 1.0, 1.0, 1.0, 1.0, 1.0, 1.0, 1.0, 1.0, 1.0]"
298,4.1389324906049296e-05,0.0,308.0506286621094,0.0,0.0,0.0,0.0,0.0,0.0,3.510291571728885e-05,0.0,261.2624206542969,0.7335831522941589,0.004642710089683533,0.04238784313201904,-0.23463742434978485,-0.4156734347343445,0.3732715845108032,0.2568577826023102,0.9218261241912842,-0.899439811706543,0.8202244639396667,-0.7631282806396484,-0.828286349773407,1.1713361740112305,-1.1949479579925537,0.7957569360733032,"[0.7335831522941589, 0.004642710089683533, 0.04238784313201904, -0.27589356899261475, 0.13526968657970428, -0.03450987488031387, 0.026996655389666557, 0.02876434475183487, -0.9992213249206543, 0.699999988079071, 0.0, 0.0, -0.23463742434978485, -0.4156734347343445, 0.3732715845108032, 0.2568577826023102, 0.5218261480331421, -0.4994398057460785, 0.42022445797920227, -0.36312827467918396, -0.028286337852478027, 0.3713361620903015, -0.39494794607162476, 0.0034508109092712402, 0.2646543085575104, 1.5489858388900757, -0.47154736518859863, 0.2099626064300537, 0.4789426624774933, -2.6895065307617188, -1.1547884941101074, 1.0800060033798218, 0.9445174932479858, 0.2565029561519623, 2.441776752471924, -0.0008659809827804565, -0.7781330943107605, -0.5122064352035522, 0.5736615657806396, 0.8473290205001831, 0.22569407522678375, -1.2542810440063477, 0.9186177253723145, -0.45471954345703125, 0.635443925857544, 0.7276448011398315, -0.5214691758155823, -0.42983654141426086, 1.0, 1.0, 1.0, 1.0, 1.0, 1.0, 1.0, 1.0, 1.0, 1.0, 1.0, 1.0]"
299,3.844238381134346e-05,0.0,286.11724853515625,0.0,0.0,0.0,0.0,0.0,0.0,2.8362905140966177e-05,0.0,211.09817504882812,0.7501198053359985,0.009229155257344246,0.07841280102729797,-0.23445987701416016,-0.38273054361343384,0.3573715090751648,0.2550384998321533,0.9270201325416565,-0.9351426959037781,0.7971559762954712,-0.7401458621025085,-0.8015499114990234,1.1457149982452393,-1.1328771114349365,0.7945120334625244,"[0.7501198053359985, 0.009229155257344246, 0.07841280102729797, 0.08665115386247635, 0.13992208242416382, -0.07555315643548965, 0.02926047146320343, 0.02850445546209812, -0.9991655945777893, 0.699999988079071, 0.0, 0.0, -0.23445987701416016, -0.38273054361343384, 0.3573715090751648, 0.2550384998321533, 0.5270200967788696, -0.5351426601409912, 0.3971559703350067, -0.34014585614204407, -0.0015498995780944824, 0.3457149863243103, -0.33287709951400757, 0.0022059082984924316, -0.057480569928884506, 1.7664231061935425, -0.9438439607620239, -0.1662876456975937, 0.09677672386169434, -1.164470911026001, -1.3346706628799438, 1.1216086149215698, 1.529537558555603, -2.7063162326812744, 3.8652546405792236, -0.05651288479566574, -0.7742151618003845, -0.6729453206062317, 0.5199328064918518, 0.9641155004501343, 0.23829837143421173, -1.0278539657592773, 0.6259857416152954, -0.3958219289779663, 0.60733562707901, 0.27824172377586365, -0.09459303319454193, -0.5169456601142883, 1.0, 1.0, 1.0, 1.0, 1.0, 1.0, 1.0, 1.0, 1.0, 1.0, 1.0, 1.0]"
300,2.9564362193923444e-05,0.0,220.04031372070312,0.0,0.0,0.0,0.0,0.0,0.0,2.4367091100430116e-05,0.0,181.35830688476562,0.7638194561004639,0.013720478862524033,0.07828456163406372,-0.2396584451198578,-0.35043132305145264,0.3320007622241974,0.24697920680046082,0.9262956380844116,-0.9403635859489441,0.7632589340209961,-0.7172338366508484,-0.7651755213737488,1.0623762607574463,-1.0353686809539795,0.794284999370575,"[0.7638194561004639, 0.013720478862524033, 0.07828456163406372, 0.2961481511592865, 0.1399282068014145, -0.10441814363002777, 0.031256310641765594, 0.022316129878163338, -0.9992620944976807, 0.699999988079071, 0.0, 0.0, -0.2396584451198578, -0.35043132305145264, 0.3320007622241974, 0.24697920680046082, 0.5262956619262695, -0.5403635501861572, 0.3632589280605316, -0.3172338306903839, 0.034824490547180176, 0.26237624883651733, -0.23536866903305054, 0.0019788742065429688, -0.17819786071777344, 1.6783148050308228, -1.3008489608764648, -0.3870643377304077, -0.04568637162446976, 0.3057560622692108, -2.014188528060913, 1.127098798751831, 1.7161080837249756, -5.284350872039795, 5.5085272789001465, -0.044255733489990234, -0.9870781898498535, -0.5508371591567993, 0.5266664028167725, 1.0073899030685425, 0.3622482717037201, -0.7211872339248657, 0.45271268486976624, -0.49394822120666504, 0.37496721744537354, -0.2487218677997589, 0.36669987440109253, -0.39344945549964905, 1.0, 1.0, 1.0, 1.0, 1.0, 1.0, 1.0, 1.0, 1.0, 1.0, 1.0, 1.0]"
301,0.0,0.0,0.0,0.0,0.0,0.0,9.480578592047095e-05,0.0,705.6162719726562,1.0850029866560362e-05,0.0,80.75411987304688,0.7987611889839172,0.015579326078295708,0.04148494824767113,-0.2467781901359558,-0.31198614835739136,0.31638485193252563,0.2411685436964035,0.9282278418540955,-0.9169374108314514,0.7420328855514526,-0.6939378976821899,-0.744300365447998,0.9432227611541748,-0.9603536128997803,0.793361485004425,"[0.7987611889839172, 0.015579326078295708, 0.04148494824767113, -0.18610018491744995, 0.07770185172557831, -0.007511267438530922, 0.03396362438797951, 0.01824566163122654, -0.9992569088935852, 0.699999988079071, 0.0, 0.0, -0.2467781901359558, -0.31198614835739136, 0.31638485193252563, 0.2411685436964035, 0.5282278060913086, -0.5169373750686646, 0.34203287959098816, -0.29393789172172546, 0.05569964647293091, 0.14322274923324585, -0.16035360097885132, 0.0010553598403930664, -0.5366842746734619, 2.514514684677124, 0.32485175132751465, 0.1039564236998558, 0.2946624457836151, 1.7577894926071167, 2.755673885345459, 1.4344056844711304, -0.841765284538269, -6.290397644042969, -3.4105300903320312, -0.27812308073043823, -1.1528306007385254, -0.4508955180644989, 0.6122212409973145, 0.7995308637619019, 0.7058749198913574, -0.23194313049316406, 0.24404001235961914, -0.905755877494812, -0.301887571811676, -0.6842958927154541, 0.5927024483680725, -0.02657083421945572, 1.0, 1.0, 1.0, 1.0, 1.0, 1.0, 1.0, 1.0, 1.0, 1.0, 1.0, 1.0]"
302,0.0,0.0,0.0,0.0,0.0,0.0,3.884147372446023e-05,0.0,289.08758544921875,1.4328154975373764e-05,0.0,106.64096069335938,0.7708304524421692,0.05511540547013283,0.0006444843020290136,-0.28356045484542847,-0.2605113387107849,0.3206615447998047,0.2461400330066681,0.9324811697006226,-0.8624466061592102,0.7668874263763428,-0.6693310141563416,-0.8185821175575256,0.8036672472953796,-0.9524512887001038,0.7956761717796326,"[0.7708304524421692, 0.05511540547013283, 0.0006444843020290136, -0.5782774686813354, -0.04331961274147034, -0.0017743753269314766, 0.03371485695242882, 0.02466461807489395, -0.9991273283958435, 0.699999988079071, 0.0, 0.0, -0.28356045484542847, -0.2605113387107849, 0.3206615447998047, 0.2461400330066681, 0.5324811935424805, -0.4624466001987457, 0.3668874204158783, -0.2693310081958771, -0.01858210563659668, 0.0036672353744506836, -0.1524512767791748, 0.003370046615600586, -2.1349761486053467, 2.517841339111328, 0.4408841133117676, 0.30229994654655457, 0.05939331650733948, 3.1039633750915527, 1.114662766456604, 1.5369019508361816, -4.233282089233398, -6.498047828674316, 0.4665643572807312, 0.1460312157869339, -0.6282238364219666, -0.7116055488586426, 0.0022100694477558136, 1.0157817602157593, 1.1007654666900635, -0.3002525269985199, 0.44398877024650574, -1.673412561416626, -1.0536472797393799, -0.48398831486701965, 0.4477865695953369, 0.6225948929786682, 1.0, 1.0, 1.0, 1.0, 1.0, 1.0, 1.0, 1.0, 1.0, 1.0, 1.0, 1.0]"
303,0.0,0.0,0.0,3.974106220994145e-05,0.0,295.7829895019531,3.677447239169851e-05,0.0,273.703369140625,3.3189342047990067e-06,0.0,24.702014923095703,0.701688826084137,0.06910106539726257,-0.0039021556731313467,-0.3234325051307678,-0.24340075254440308,0.32915326952934265,0.26299402117729187,0.9263452291488647,-0.8419919610023499,0.7849776148796082,-0.6589015126228333,-0.9207499027252197,0.795505702495575,-0.9417522549629211,0.7929307222366333,"[0.701688826084137, 0.06910106539726257, -0.0039021556731313467, -0.5259678959846497, 0.09018006175756454, 0.041014812886714935, 0.03402839973568916, 0.03638067469000816, -0.9987583160400391, 0.699999988079071, 0.0, 0.0, -0.3234325051307678, -0.24340075254440308, 0.32915326952934265, 0.26299402117729187, 0.5263452529907227, -0.4419919550418854, 0.3849776089191437, -0.2589015066623688, -0.12074989080429077, -0.004494309425354004, -0.1417522430419922, 0.0006245970726013184, -1.730665922164917, 0.3989238142967224, 0.4403918981552124, 1.3373403549194336, -0.49207738041877747, 0.2913791537284851, 0.9660565257072449, -0.37729671597480774, -5.951178073883057, 1.1666340827941895, 0.15259906649589539, -0.07073237746953964, -0.5364660620689392, -0.7744084596633911, 0.14891664683818817, 1.008370041847229, 1.1720997095108032, -0.06278970837593079, 0.37096065282821655, -1.4226118326187134, -1.1506260633468628, -0.5272974371910095, 0.6531171202659607, 0.8282586336135864, 1.0, 1.0, 1.0, 1.0, 1.0, 1.0, 1.0, 1.0, 1.0, 1.0, 1.0, 1.0]"
304,0.0,0.0,0.0,3.885919431922957e-05,0.0,289.2194519042969,3.658654895843938e-05,0.0,272.30474853515625,0.0,0.0,0.0,0.6665894985198975,0.05076135694980621,0.013737373985350132,-0.34634801745414734,-0.24009673297405243,0.3318939208984375,0.3032199442386627,0.9102452397346497,-0.8303959369659424,0.8034237623214722,-0.6988189220428467,-1.04537832736969,0.8063274025917053,-0.9399400353431702,0.7923041582107544,"[0.6665894985198975, 0.05076135694980621, 0.013737373985350132, -0.04081806167960167, 0.22239696979522705, 0.04028213024139404, 0.03797679767012596, 0.04110366851091385, -0.9984328746795654, 0.699999988079071, 0.0, 0.0, -0.34634801745414734, -0.24009673297405243, 0.3318939208984375, 0.3032199442386627, 0.5102452039718628, -0.4303959310054779, 0.4034237563610077, -0.2988189160823822, -0.245378315448761, 0.006327390670776367, -0.1399400234222412, -1.9669532775878906e-06, -0.7875756025314331, -0.0026957355439662933, 0.018191024661064148, 2.3492040634155273, -1.0000249147415161, 0.6030179858207703, 1.002844214439392, -2.847794532775879, -5.89590311050415, 0.38345253467559814, -0.1772705763578415, 0.0003235340118408203, -0.40853095054626465, -0.6991822719573975, 0.2455156296491623, 0.8183715343475342, 1.1914434432983398, -0.04208719730377197, 0.5761100649833679, -1.4871503114700317, -1.166441559791565, -0.3295213282108307, 0.528119683265686, 1.0259523391723633, 1.0, 1.0, 1.0, 1.0, 1.0, 1.0, 1.0, 1.0, 1.0, 1.0, 1.0, 1.0]"
305,0.0,0.0,0.0,3.0441909984801896e-05,0.0,226.5717010498047,3.559005926945247e-05,0.0,264.8880920410156,0.0,0.0,0.0,0.6612623929977417,0.049363624304533005,-0.0037038906011730433,-0.35166099667549133,-0.24494965374469757,0.32710129022598267,0.3535377085208893,0.8876826167106628,-0.8149576783180237,0.8241502642631531,-0.7703790664672852,-1.1388347148895264,0.812179684638977,-0.9411720037460327,0.7923040390014648,"[0.6612623929977417, 0.049363624304533005, -0.0037038906011730433, 0.3073365390300751, 0.09714548289775848, 0.00643327459692955, 0.041097283363342285, 0.03723141551017761, -0.9984610676765442, 0.699999988079071, 0.0, 0.0, -0.35166099667549133, -0.24494965374469757, 0.32710129022598267, 0.3535377085208893, 0.48768261075019836, -0.4149576723575592, 0.4241502583026886, -0.3703790605068207, -0.3388347029685974, 0.012179672718048096, -0.14117199182510376, -2.086162567138672e-06, 0.0001516379415988922, -0.34692245721817017, -0.3288787007331848, 2.5103509426116943, -1.183260440826416, 0.6538421511650085, 1.0781713724136353, -3.797792673110962, -3.463361978530884, 0.4955429434776306, -0.059132494032382965, 0.0004222393035888672, -0.526177704334259, -0.54338538646698, 0.4299963712692261, 0.8228636980056763, 1.2523987293243408, -0.03978195786476135, 0.47307223081588745, -1.3100422620773315, -0.9481006860733032, -0.36503466963768005, 0.5980490446090698, 0.925424337387085, 1.0, 1.0, 1.0, 1.0, 1.0, 1.0, 1.0, 1.0, 1.0, 1.0, 1.0, 1.0]"
306,0.0,0.0,0.0,3.4899054298875853e-05,0.0,259.7451171875,3.647084304247983e-05,0.0,271.44354248046875,0.0,0.0,0.0,0.6789217591285706,0.056266095489263535,-0.009228143841028214,-0.3479963541030884,-0.25377362966537476,0.3188513219356537,0.39941826462745667,0.867236852645874,-0.7993664741516113,0.8449816107749939,-0.8427305221557617,-1.165964126586914,0.8238905668258667,-0.9367102980613708,0.792306125164032,"[0.6789217591285706, 0.056266095489263535, -0.009228143841028214, 0.3801354765892029, -0.07199883460998535, -0.007800274528563023, 0.04076177999377251, 0.03004622459411621, -0.9987173676490784, 0.699999988079071, 0.0, 0.0, -0.3479963541030884, -0.25377362966537476, 0.3188513219356537, 0.39941826462745667, 0.46723684668540955, -0.39936646819114685, 0.4449816048145294, -0.44273051619529724, -0.3659641146659851, 0.023890554904937744, -0.1367102861404419, 0.0, 0.21800072491168976, -0.46458402276039124, -0.43272632360458374, 2.0763938426971436, -0.8999620676040649, 0.6865873336791992, 1.0455365180969238, -3.37814998626709, -0.2936784625053406, 0.8072060346603394, 0.3267168402671814, 0.002014636993408203, -0.5111397504806519, -0.419683039188385, 0.5103051066398621, 0.6597003936767578, 1.140383005142212, -0.028896689414978027, 0.40996259450912476, -1.2284880876541138, -0.8007411956787109, -0.37961170077323914, 0.5927326679229736, 0.7954015731811523, 1.0, 1.0, 1.0, 1.0, 1.0, 1.0, 1.0, 1.0, 1.0, 1.0, 1.0, 0.0]"
307,0.0,0.0,0.0,4.4523232645587996e-05,0.0,331.37554931640625,3.743439447134733e-05,0.0,278.6150207519531,0.0,0.0,0.0,0.7064390182495117,0.06535353511571884,0.015886174514889717,-0.34316354990005493,-0.26349300146102905,0.30957871675491333,0.4266892075538635,0.8532580733299255,-0.781477153301239,0.8633579015731812,-0.8969288468360901,-1.1555756330490112,0.8372330665588379,-0.9238888621330261,0.7923067808151245,"[0.7064390182495117, 0.06535353511571884, 0.015886174514889717, 0.38749298453330994, -0.14614589512348175, -0.02129761129617691, 0.038161247968673706, 0.02253732830286026, -0.9990173578262329, 0.699999988079071, 0.0, 0.0, -0.34316354990005493, -0.26349300146102905, 0.30957871675491333, 0.4266892075538635, 0.45325806736946106, -0.38147714734077454, 0.4633578956127167, -0.4969288408756256, -0.3555756211280823, 0.037233054637908936, -0.12388885021209717, 6.556510925292969e-07, 0.2969862222671509, -0.5094512104988098, -0.4695901870727539, 0.8113465309143066, -0.6545826196670532, 0.823112428188324, 0.900696337223053, -2.2979736328125, 1.0383635759353638, 0.8350270986557007, 0.7354264855384827, 0.004266500473022461, -0.4509647786617279, -0.21882635354995728, 0.7096985578536987, 0.34659162163734436, 1.1100194454193115, 0.3802441656589508, 0.31174835562705994, -1.4091362953186035, -0.6533029079437256, -0.4605371654033661, 0.5867247581481934, 0.9334919452667236, 1.0, 1.0, 1.0, 1.0, 1.0, 1.0, 1.0, 1.0, 1.0, 1.0, 1.0, 0.0]"
308,0.0,0.0,0.0,4.725238977698609e-05,0.0,351.68798828125,3.735744394361973e-05,0.0,278.0423278808594,0.0,0.0,0.0,0.7341969609260559,0.0690656378865242,0.05729048326611519,-0.33197885751724243,-0.27230513095855713,0.3012394309043884,0.42287492752075195,0.841732382774353,-0.7589057087898254,0.8771528005599976,-0.9325140714645386,-1.129786729812622,0.8458608984947205,-0.9028174877166748,0.7923073768615723,"[0.7341969609260559, 0.0690656378865242, 0.05729048326611519, 0.27872034907341003, -0.13179394602775574, -0.06330982595682144, 0.03525906801223755, 0.016357749700546265, -0.9992440938949585, 0.699999988079071, 0.0, 0.0, -0.33197885751724243, -0.27230513095855713, 0.3012394309043884, 0.42287492752075195, 0.44173237681388855, -0.35890570282936096, 0.4771527945995331, -0.5325140953063965, -0.3297867178916931, 0.045860886573791504, -0.10281747579574585, 1.2516975402832031e-06, 0.6849020719528198, -0.42641621828079224, -0.3726791739463806, -0.7701513767242432, -0.5535617470741272, 1.0254178047180176, 0.6408672332763672, -1.5435893535614014, 1.352042317390442, 0.6166337728500366, 1.14356529712677, 0.005486011505126953, -0.4978310763835907, -0.24452856183052063, 0.5971343517303467, 0.3618967831134796, 1.023853063583374, 0.23981305956840515, 0.3063851594924927, -1.4111725091934204, -0.5663307309150696, -0.4555595815181732, 0.5439637899398804, 0.9433151483535767, 1.0, 1.0, 1.0, 1.0, 1.0, 1.0, 1.0, 1.0, 1.0, 1.0, 1.0, 0.0]"
309,0.0,0.0,0.0,4.206299490761012e-05,0.0,313.0646057128906,3.5911019949708134e-05,0.0,267.27691650390625,0.0,0.0,0.0,0.7594807147979736,0.07220353186130524,0.08775973320007324,-0.31639203429222107,-0.2793903052806854,0.29441988468170166,0.3934363126754761,0.8317102789878845,-0.7317782044410706,0.8863063454627991,-0.9589558243751526,-1.1018040180206299,0.848296582698822,-0.8747585415840149,0.7923070788383484,"[0.7594807147979736, 0.07220353186130524, 0.08775973320007324, 0.21313995122909546, -0.11025289446115494, -0.07427461445331573, 0.032812610268592834, 0.012022601440548897, -0.9993894100189209, 0.699999988079071, 0.0, 0.0, -0.31639203429222107, -0.2793903052806854, 0.29441988468170166, 0.3934363126754761, 0.43171027302742004, -0.3317781984806061, 0.4863063395023346, -0.5589557886123657, -0.3018040060997009, 0.048296570777893066, -0.07475852966308594, 9.5367431640625e-07, 0.7975277304649353, -0.3392862379550934, -0.32188671827316284, -1.7899293899536133, -0.510020911693573, 1.2501275539398193, 0.39470887184143066, -1.2202614545822144, 1.576470136642456, 0.2586217522621155, 1.472091555595398, 0.003585338592529297, -0.446970134973526, -0.36851176619529724, 0.5065051317214966, 0.4392399787902832, 1.0023868083953857, 0.2074027955532074, 0.3385964334011078, -1.3668302297592163, -0.4553661346435547, -0.4584057927131653, 0.5270031690597534, 0.8895420432090759, 1.0, 1.0, 1.0, 1.0, 1.0, 1.0, 1.0, 1.0, 1.0, 1.0, 1.0, 0.0]"
310,0.0,0.0,0.0,3.6714347515953705e-05,0.0,273.25592041015625,3.217686389689334e-05,0.0,239.48452758789062,0.0,0.0,0.0,0.7855499386787415,0.06869632005691528,0.10080549865961075,-0.2990175187587738,-0.284856379032135,0.28852084279060364,0.3554435670375824,0.8220523595809937,-0.701249361038208,0.8919228315353394,-0.9801510572433472,-1.0659420490264893,0.8457955121994019,-0.8411609530448914,0.7923053503036499,"[0.7855499386787415, 0.06869632005691528, 0.10080549865961075, 0.14563529193401337, -0.08019445091485977, -0.05390855297446251, 0.030819611623883247, 0.008948031812906265, -0.9994848966598511, 0.699999988079071, 0.0, 0.0, -0.2990175187587738, -0.284856379032135, 0.28852084279060364, 0.3554435670375824, 0.4220523536205292, -0.30124935507774353, 0.4919228255748749, -0.5801510810852051, -0.2659420371055603, 0.0457955002784729, -0.0411609411239624, -7.748603820800781e-07, 0.921593964099884, -0.23966963589191437, -0.2364540696144104, -1.8708529472351074, -0.5247429609298706, 1.4139314889907837, 0.23330995440483093, -0.9651495814323425, 2.1146364212036133, -0.029527267441153526, 1.677612543106079, 0.00189971923828125, -0.41866615414619446, -0.45397600531578064, 0.4688132107257843, 0.5013312101364136, 0.9116017818450928, 0.17259040474891663, 0.3369870185852051, -1.3132435083389282, -0.2928125262260437, -0.49041926860809326, 0.4759129285812378, 0.7998560667037964, 1.0, 1.0, 1.0, 1.0, 1.0, 1.0, 1.0, 1.0, 1.0, 1.0, 1.0, 0.0]"
311,0.0,0.0,0.0,3.311242471681908e-05,0.0,246.4476776123047,2.7804504497908056e-05,0.0,206.94212341308594,0.0,0.0,0.0,0.811722993850708,0.059973202645778656,0.09799916297197342,-0.27792277932167053,-0.28845927119255066,0.28375425934791565,0.32326269149780273,0.8093820810317993,-0.6683342456817627,0.8956182599067688,-0.99569171667099,-1.013603687286377,0.8383904099464417,-0.8054439425468445,0.7923033237457275,"[0.811722993850708, 0.059973202645778656, 0.09799916297197342, 0.09117892384529114, 0.002100649755448103, -0.023678606376051903, 0.03007800132036209, 0.007000296376645565, -0.9995230436325073, 0.699999988079071, 0.0, 0.0, -0.27792277932167053, -0.28845927119255066, 0.28375425934791565, 0.32326269149780273, 0.40938207507133484, -0.2683342397212982, 0.4956182539463043, -0.5956916809082031, -0.213603675365448, 0.038390398025512695, -0.005443930625915527, -2.8014183044433594e-06, 1.1403775215148926, -0.14927825331687927, -0.15318089723587036, -1.4420126676559448, -0.7791707515716553, 1.5359828472137451, 0.21383585035800934, -0.6512670516967773, 3.1203927993774414, -0.313679575920105, 1.6992862224578857, 0.0021278858184814453, -0.3948432505130768, -0.4877695143222809, 0.55706787109375, 0.4919561743736267, 0.7583723068237305, 0.1355396807193756, 0.3535197675228119, -1.2494076490402222, -0.05902545154094696, -0.49477025866508484, 0.35500597953796387, 0.6884188652038574, 1.0, 1.0, 1.0, 1.0, 1.0, 1.0, 1.0, 1.0, 1.0, 1.0, 1.0, 0.0]"
312,0.0,0.0,0.0,2.4192022465285845e-05,0.0,180.0552978515625,1.7510525140096433e-05,0.0,130.32655334472656,0.0,0.0,0.0,0.8337233066558838,0.04967105761170387,0.0609983392059803,-0.25203877687454224,-0.29018017649650574,0.28066912293434143,0.29907143115997314,0.7877435684204102,-0.6346873641014099,0.900179386138916,-1.0031864643096924,-0.9383134841918945,0.8263328075408936,-0.7735601663589478,0.7923022508621216,"[0.8337233066558838, 0.04967105761170387, 0.0609983392059803, 0.008617153391242027, 0.15003681182861328, 0.0055253757163882256, 0.03183720260858536, 0.0061408900655806065, -0.9994744658470154, 0.699999988079071, 0.0, 0.0, -0.25203877687454224, -0.29018017649650574, 0.28066912293434143, 0.29907143115997314, 0.3877435624599457, -0.23468735814094543, 0.5001794099807739, -0.6031864881515503, -0.13831347227096558, 0.0263327956199646, 0.0264398455619812, -3.874301910400391e-06, 1.4221009016036987, -0.032760899513959885, -0.10971017181873322, -1.1093294620513916, -1.3734650611877441, 1.5448352098464966, 0.38188207149505615, -0.14464068412780762, 4.439884185791016, -0.528745174407959, 1.3664301633834839, 0.0017964839935302734, -0.3841026723384857, -0.45236095786094666, 0.7239737510681152, 0.4710336923599243, 0.4147918224334717, -0.08889687061309814, 0.5037350654602051, -0.9857752323150635, 0.31464552879333496, -0.32307830452919006, 0.019206836819648743, 0.4429697096347809, 1.0, 1.0, 1.0, 1.0, 1.0, 1.0, 1.0, 1.0, 1.0, 1.0, 1.0, 0.0]"
313,4.2715393647085875e-05,0.0,317.92022705078125,9.413311659045576e-07,0.0,7.006097793579102,0.0,0.0,0.0,0.0,0.0,0.0,0.8406360745429993,0.022365225479006767,0.01580292172729969,-0.2560112178325653,-0.2941468060016632,0.28698956966400146,0.2723696231842041,0.80665522813797,-0.6019355654716492,0.9046509265899658,-0.9935084581375122,-0.9237210154533386,0.8171007037162781,-0.8033727407455444,0.7923077344894409,"[0.8406360745429993, 0.022365225479006767, 0.01580292172729969, 0.05709318444132805, -0.028061138466000557, -0.06156814843416214, 0.03296005725860596, 0.0031620021909475327, -0.9994515180587769, 0.699999988079071, 0.0, 0.0, -0.2560112178325653, -0.2941468060016632, 0.28698956966400146, 0.2723696231842041, 0.4066552221775055, -0.2019355595111847, 0.5046509504318237, -0.5935084819793701, -0.12372100353240967, 0.01710069179534912, -0.0033727288246154785, 1.6093254089355469e-06, -0.0497613362967968, -0.07028310000896454, 1.1094598770141602, -1.1532678604125977, 1.1808826923370361, 1.4881134033203125, 0.19782677292823792, 0.9355471134185791, 0.515713095664978, -0.15586334466934204, -4.499459743499756, -0.0045084357261657715, -0.4106385409832001, -0.5770787596702576, 1.005710482597351, 0.6427257061004639, -0.061838120222091675, -0.8720196485519409, 0.8280670642852783, -0.48232388496398926, 0.6330022215843201, 0.3227771520614624, -0.9206234812736511, -0.0017578080296516418, 1.0, 1.0, 1.0, 1.0, 1.0, 1.0, 1.0, 1.0, 1.0, 1.0, 1.0, 0.0]"
314,3.940538226743229e-05,0.0,293.28460693359375,0.0,0.0,0.0,0.0,0.0,0.0,0.0,0.0,0.0,0.7989643812179565,-0.01327022910118103,-0.055637579411268234,-0.2527824938297272,-0.2964116632938385,0.329465389251709,0.2578836679458618,0.8281917572021484,-0.5948683619499207,0.9024174213409424,-0.9559446573257446,-0.9047309756278992,0.8792880773544312,-0.8955745100975037,0.7923077344894409,"[0.7989643812179565, -0.01327022910118103, -0.055637579411268234, 0.024227691814303398, -0.4157411754131317, -0.025417448952794075, 0.027444465085864067, 0.005527306813746691, -0.9996081590652466, 0.699999988079071, 0.0, 0.0, -0.2527824938297272, -0.2964116632938385, 0.329465389251709, 0.2578836679458618, 0.42819175124168396, -0.19486835598945618, 0.5024174451828003, -0.5559446811676025, -0.10473096370697021, 0.0792880654335022, -0.09557449817657471, 1.6093254089355469e-06, 0.03915680944919586, -0.5551977753639221, 2.2390336990356445, -0.7409447431564331, 1.121472716331482, -0.43111664056777954, -0.13970313966274261, 2.3995234966278076, 1.077057957649231, 5.1156792640686035, -4.6710710525512695, -0.007789871655404568, -0.5360476970672607, -0.8640372157096863, 0.5327540636062622, 0.6418392658233643, 0.5517776012420654, -1.1062359809875488, 1.3371027708053589, -0.43665963411331177, 0.4563329815864563, 0.7878512740135193, -1.3634241819381714, -0.49763181805610657, 1.0, 1.0, 1.0, 1.0, 1.0, 1.0, 1.0, 1.0, 1.0, 1.0, 1.0, 0.0]"
315,2.7077803679276258e-05,0.0,201.53346252441406,0.0,0.0,0.0,0.0,0.0,0.0,0.0,0.0,0.0,0.7780832052230835,-0.0024130386300385,-0.17935609817504883,-0.26642534136772156,-0.33260607719421387,0.3567444086074829,0.23396790027618408,0.8445297479629517,-0.6227158904075623,0.9107885956764221,-0.89631187915802,-0.8716715574264526,0.9836226105690002,-1.0237014293670654,0.7923060655593872,"[0.7780832052230835, -0.0024130386300385, -0.17935609817504883, 1.085423231124878, -0.6352857947349548, 0.07215986400842667, 0.016271835193037987, -0.009150641970336437, -0.9998255372047424, 0.699999988079071, 0.0, 0.0, -0.26642534136772156, -0.33260607719421387, 0.3567444086074829, 0.23396790027618408, 0.4445297420024872, -0.22271588444709778, 0.5107885599136353, -0.49631187319755554, -0.07167154550552368, 0.1836225986480713, -0.22370141744613647, -5.960464477539063e-08, -1.0427354574203491, -2.390338897705078, 0.8611778616905212, -1.3974984884262085, 0.8110362887382507, -1.887474536895752, 0.6993680000305176, 3.299403190612793, 1.7494778633117676, 4.835031509399414, -7.050187110900879, -0.00137406587600708, -0.4606160819530487, -0.779566764831543, 0.7671195268630981, 0.3849125802516937, 0.4607447385787964, -1.1681385040283203, 1.046108365058899, -0.3724365234375, 0.36236560344696045, 0.8553073406219482, -1.467818021774292, -0.5506670475006104, 1.0, 1.0, 1.0, 1.0, 1.0, 1.0, 1.0, 1.0, 1.0, 1.0, 1.0, 0.0]"
316,3.098372326348908e-05,0.0,230.6042938232422,0.0,0.0,0.0,0.0,0.0,0.0,0.0001140665408456698,0.0,848.9693603515625,0.7337713241577148,0.002107459120452404,-0.03358791396021843,-0.27044376730918884,-0.36984142661094666,0.38563650846481323,0.2286047488451004,0.8666763305664062,-0.6773092746734619,0.9107953310012817,-0.8746172785758972,-0.855028510093689,1.0590217113494873,-1.1510497331619263,0.8182564377784729,"[0.7337713241577148, 0.002107459120452404, -0.03358791396021843, -1.3530009984970093, 0.23397286236286163, -0.15802308917045593, 0.008997568860650063, -0.013353091664612293, -0.9998704195022583, 0.699999988079071, 0.0, 0.0, -0.27044376730918884, -0.36984142661094666, 0.38563650846481323, 0.2286047488451004, 0.4666763246059418, -0.27730926871299744, 0.5107953548431396, -0.47461727261543274, -0.05502849817276001, 0.25902169942855835, -0.3510497212409973, 0.025950312614440918, 1.2779841423034668, -0.7960788011550903, 2.662000894546509, 1.2462835311889648, 1.5816866159439087, -3.2508323192596436, -1.1293728351593018, 1.0045783519744873, -0.7543604969978333, 2.511739730834961, -5.5874247550964355, -0.046459048986434937, -0.30941662192344666, -1.032900094985962, 0.620213508605957, 0.4048716723918915, 0.3742716610431671, -0.9850538969039917, 1.1330541372299194, -0.274243026971817, 0.32883310317993164, 0.7534633874893188, -1.2924072742462158, -0.8166664838790894, 1.0, 1.0, 1.0, 1.0, 1.0, 1.0, 1.0, 1.0, 1.0, 1.0, 1.0, 1.0]"
317,4.120227458770387e-05,0.0,306.658447265625,0.0,0.0,0.0,0.0,0.0,0.0,0.0,0.0,0.0,0.7287716865539551,0.0683114230632782,0.07004665583372116,-0.24623051285743713,-0.4027264416217804,0.416017085313797,0.24851973354816437,0.8935403823852539,-0.7430062294006348,0.8765413761138916,-0.8384812474250793,-0.87163245677948,1.0960649251937866,-1.2372010946273804,0.7922382354736328,"[0.7287716865539551, 0.0683114230632782, 0.07004665583372116, -0.7589997053146362, 0.534763514995575, -0.22829492390155792, 0.0198989175260067, 0.012865729629993439, -0.9997190237045288, 0.699999988079071, 0.0, 0.0, -0.24623051285743713, -0.4027264416217804, 0.416017085313797, 0.24851973354816437, 0.49354037642478943, -0.3430062234401703, 0.4765413701534271, -0.43848124146461487, -0.07163244485855103, 0.29606491327285767, -0.4372010827064514, -6.788969039916992e-05, 0.667381763458252, -2.4016823768615723, 0.19000211358070374, 0.4546876847743988, 1.008768916130066, -3.1910722255706787, -1.8262207508087158, 1.8779213428497314, -0.31970053911209106, 1.9166054725646973, -2.730849027633667, 0.1402694284915924, -1.0370795726776123, -0.2489282190799713, 0.4386221468448639, 0.752090573310852, 0.2789536118507385, -1.6268874406814575, 1.067477822303772, -0.3450263738632202, 0.5855782628059387, 0.8454951047897339, -1.0837864875793457, -0.2835853099822998, 1.0, 1.0, 1.0, 1.0, 1.0, 1.0, 1.0, 1.0, 1.0, 1.0, 1.0, 1.0]"
318,4.393469498609193e-05,0.0,326.99517822265625,0.0,0.0,0.0,0.0,0.0,0.0,2.566308103268966e-05,0.0,191.00404357910156,0.7180514931678772,0.047232989221811295,0.013382931239902973,-0.24572031199932098,-0.4398438632488251,0.39432379603385925,0.2462710589170456,0.9077709913253784,-0.8044961094856262,0.8454430103302002,-0.8161415457725525,-0.8619095087051392,1.1319174766540527,-1.2458730936050415,0.7961317896842957,"[0.7180514931678772, 0.047232989221811295, 0.013382931239902973, -0.19249647855758667, 0.14680111408233643, -0.08055861294269562, 0.024664416909217834, 0.014878429472446442, -0.999584972858429, 0.699999988079071, 0.0, 0.0, -0.24572031199932098, -0.4398438632488251, 0.39432379603385925, 0.2462710589170456, 0.5077710151672363, -0.40449610352516174, 0.4454430043697357, -0.416141539812088, -0.061909496784210205, 0.3319174647331238, -0.44587308168411255, 0.003825664520263672, 0.12120410054922104, -0.8110651969909668, -1.0420150756835938, 0.0007618889212608337, 0.7453854084014893, -3.1281802654266357, -1.4232077598571777, 0.9083011150360107, 0.5534242987632751, 1.8094291687011719, 0.4864690899848938, 0.27743443846702576, -0.8083434104919434, -0.43232011795043945, 0.6346442699432373, 0.6462942361831665, 0.24692164361476898, -1.4622164964675903, 1.1236144304275513, -0.6325984597206116, 0.6107385754585266, 0.9624441862106323, -0.851809561252594, -0.433646023273468, 1.0, 1.0, 1.0, 1.0, 1.0, 1.0, 1.0, 1.0, 1.0, 1.0, 1.0, 1.0]"
319,4.4253887608647346e-05,0.0,329.3708801269531,0.0,0.0,0.0,0.0,0.0,0.0,2.9820790587109514e-05,0.0,221.94886779785156,0.722420871257782,0.010868407785892487,0.03953220322728157,-0.23543451726436615,-0.4231056272983551,0.3865615427494049,0.25564223527908325,0.923384964466095,-0.8695243000984192,0.8226014971733093,-0.7936744689941406,-0.8516209125518799,1.1712303161621094,-1.2242584228515625,0.7945066094398499,"[0.722420871257782, 0.010868407785892487, 0.03953220322728157, -0.6302619576454163, 0.14188794791698456, -0.02285979688167572, 0.02716471627354622, 0.026309113949537277, -0.9992847442626953, 0.699999988079071, 0.0, 0.0, -0.23543451726436615, -0.4231056272983551, 0.3865615427494049, 0.25564223527908325, 0.5233849287033081, -0.4695242941379547, 0.42260149121284485, -0.39367446303367615, -0.05162090063095093, 0.3712303042411804, -0.42425841093063354, 0.002200484275817871, 0.5821703672409058, 1.4066569805145264, -0.2533949315547943, 0.5428623557090759, 0.7404113411903381, -3.183544397354126, -0.9985112547874451, 1.1335880756378174, 0.554945170879364, 1.672052025794983, 1.4328564405441284, -0.14686374366283417, -0.7261990308761597, -0.5940331816673279, 0.5933492183685303, 0.6808336973190308, 0.25483065843582153, -1.279409646987915, 1.0079001188278198, -0.4374503791332245, 0.5804945826530457, 0.8942527770996094, -0.7462074160575867, -0.44965726137161255, 1.0, 1.0, 1.0, 1.0, 1.0, 1.0, 1.0, 1.0, 1.0, 1.0, 1.0, 1.0]"
320,4.2149211367359385e-05,0.0,313.7062683105469,0.0,0.0,0.0,0.0,0.0,0.0,3.91746470995713e-05,0.0,291.5672912597656,0.7361895442008972,0.02166946418583393,0.07856588065624237,-0.23285594582557678,-0.3977321684360504,0.37123915553092957,0.2567603290081024,0.9317326545715332,-0.9202504754066467,0.8077867031097412,-0.7723680734634399,-0.8297898173332214,1.1792696714401245,-1.1872621774673462,0.7956299781799316,"[0.7361895442008972, 0.02166946418583393, 0.07856588065624237, -0.09411744028329849, 0.16718386113643646, -0.0626598671078682, 0.029206356033682823, 0.02918771654367447, -0.9991472363471985, 0.699999988079071, 0.0, 0.0, -0.23285594582557678, -0.3977321684360504, 0.37123915553092957, 0.2567603290081024, 0.5317326784133911, -0.5202504396438599, 0.40778669714927673, -0.37236806750297546, -0.02978980541229248, 0.37926965951919556, -0.38726216554641724, 0.003323853015899658, 0.09181790053844452, 1.3559213876724243, -0.8694121837615967, -0.01228155568242073, 0.2936025559902191, -2.0394928455352783, -0.830470860004425, 1.1288517713546753, 1.2024199962615967, -0.8074215650558472, 2.5810370445251465, -0.16315916180610657, -0.7765946984291077, -0.5880096554756165, 0.588956356048584, 0.8942111730575562, 0.22470612823963165, -1.2156122922897339, 0.853835940361023, -0.4426841735839844, 0.6376512050628662, 0.6073797941207886, -0.421894907951355, -0.42510950565338135, 1.0, 1.0, 1.0, 1.0, 1.0, 1.0, 1.0, 1.0, 1.0, 1.0, 1.0, 1.0]"
321,3.892106542480178e-05,0.0,289.6799621582031,0.0,0.0,0.0,0.0,0.0,0.0,2.4492312149959616e-05,0.0,182.29029846191406,0.7501335740089417,0.02156372182071209,0.09451311826705933,-0.23564305901527405,-0.37043145298957825,0.3494040369987488,0.2511563003063202,0.9329291582107544,-0.9436928629875183,0.7890933156013489,-0.749147355556488,-0.7968315482139587,1.1345294713974,-1.116349697113037,0.7943581342697144,"[0.7501335740089417, 0.02156372182071209, 0.09451311826705933, 0.22294756770133972, 0.09868522733449936, -0.0984770730137825, 0.03127722814679146, 0.025889910757541656, -0.9991755485534668, 0.699999988079071, 0.0, 0.0, -0.23564305901527405, -0.37043145298957825, 0.3494040369987488, 0.2511563003063202, 0.5329291820526123, -0.5436928272247314, 0.3890933096408844, -0.34914734959602356, 0.003168463706970215, 0.33452945947647095, -0.31634968519210815, 0.002052009105682373, -0.18104739487171173, 1.512863278388977, -1.161728858947754, -0.3392801284790039, -0.03071402944624424, -0.5845950245857239, -1.1479270458221436, 1.1002439260482788, 1.8074469566345215, -3.6724934577941895, 4.392795085906982, 0.0526164248585701, -0.8758842349052429, -0.6016685962677002, 0.5112652778625488, 1.007908821105957, 0.25135111808776855, -1.0018783807754517, 0.6079703569412231, -0.39990437030792236, 0.6034555435180664, 0.16537004709243774, 0.011916115880012512, -0.48411956429481506, 1.0, 1.0, 1.0, 1.0, 1.0, 1.0, 1.0, 1.0, 1.0, 1.0, 1.0, 1.0]"
322,2.654583477124106e-05,0.0,197.57415771484375,0.0,0.0,0.0,0.0,0.0,0.0,2.2178763174451888e-05,0.0,165.0711212158203,0.7633654475212097,0.021375812590122223,0.08307168632745743,-0.2405398190021515,-0.33832794427871704,0.3240000903606415,0.243099644780159,0.9306511282920837,-0.9397279620170593,0.7578544020652771,-0.7259517312049866,-0.7576243281364441,1.0385299921035767,-1.011033296585083,0.7942816615104675,"[0.7633654475212097, 0.021375812590122223, 0.08307168632745743, 0.24275271594524384, 0.12332145124673843, -0.11131475865840912, 0.03285074979066849, 0.020100224763154984, -0.9992581605911255, 0.699999988079071, 0.0, 0.0, -0.2405398190021515, -0.33832794427871704, 0.3240000903606415, 0.243099644780159, 0.5306510925292969, -0.5397279262542725, 0.3578543961048126, -0.3259517252445221, 0.04237568378448486, 0.2385299801826477, -0.21103328466415405, 0.001975536346435547, -0.19883307814598083, 1.7366255521774292, -1.2380123138427734, -0.39444953203201294, -0.05449438840150833, 0.7070551514625549, -1.8705021142959595, 1.169370174407959, 1.8235307931900024, -5.582637786865234, 5.709480285644531, -0.012940362095832825, -1.0013859272003174, -0.5462366342544556, 0.5702568292617798, 0.9766230583190918, 0.4137329161167145, -0.6087858080863953, 0.43743589520454407, -0.5638477802276611, 0.29217445850372314, -0.3436937630176544, 0.4151706099510193, -0.31086114048957825, 1.0, 1.0, 1.0, 1.0, 1.0, 1.0, 1.0, 1.0, 1.0, 1.0, 1.0, 1.0]"
323,0.0,0.0,0.0,0.0,0.0,0.0,5.338405571819749e-06,0.0,39.73244857788086,9.758138730830979e-06,0.0,72.62743377685547,0.7840612530708313,0.03298917040228844,0.03561931848526001,-0.24989941716194153,-0.2963637113571167,0.315662145614624,0.2399657517671585,0.9327813982963562,-0.9077104926109314,0.7573579549789429,-0.701829731464386,-0.7479682564735413,0.9146135449409485,-0.9638562798500061,0.7937399744987488,"[0.7840612530708313, 0.03298917040228844, 0.03561931848526001, -0.18132488429546356, 0.056757908314466476, -0.027887750416994095, 0.034582238644361496, 0.018826594576239586, -0.9992244243621826, 0.699999988079071, 0.0, 0.0, -0.24989941716194153, -0.2963637113571167, 0.315662145614624, 0.2399657517671585, 0.5327813625335693, -0.5077104568481445, 0.3573579490184784, -0.3018297255039215, 0.052031755447387695, 0.11461353302001953, -0.16385626792907715, 0.0014338493347167969, -1.0062578916549683, 2.4354281425476074, -0.04140700399875641, -0.038470394909381866, 0.3332750201225281, 2.1744964122772217, 1.359063982963562, 1.356711745262146, -2.2758948802948, -6.606892108917236, 1.6635551452636719, -0.09235046803951263, -1.1799719333648682, -0.41609612107276917, 0.5774494409561157, 0.780886173248291, 0.7524000406265259, -0.1995256245136261, 0.21807780861854553, -1.0016534328460693, -0.427116334438324, -0.7033060789108276, 0.5946493744850159, 0.0790257379412651, 1.0, 1.0, 1.0, 1.0, 1.0, 1.0, 1.0, 1.0, 1.0, 1.0, 1.0, 0.0]"
324,0.0,0.0,0.0,1.7822019344748696e-06,0.0,13.264493942260742,3.585850208764896e-05,0.0,266.8860778808594,1.1969520528509747e-05,0.0,89.08621978759766,0.7623215913772583,0.06350697576999664,0.010464947670698166,-0.2909713387489319,-0.2434280812740326,0.32164448499679565,0.24551719427108765,0.9359580278396606,-0.8443415760993958,0.7762302756309509,-0.6763490438461304,-0.8314459919929504,0.7761355042457581,-0.950110673904419,0.7947714328765869,"[0.7623215913772583, 0.06350697576999664, 0.010464947670698166, -0.7214075326919556, -0.07943574339151382, -0.03578149899840355, 0.03357275575399399, 0.0272153802216053, -0.9990658760070801, 0.699999988079071, 0.0, 0.0, -0.2909713387489319, -0.2434280812740326, 0.32164448499679565, 0.24551719427108765, 0.5359580516815186, -0.4443415701389313, 0.37623026967048645, -0.2763490378856659, -0.031445980072021484, -0.0238645076751709, -0.15011066198349, 0.0024653077125549316, -2.081516981124878, 2.742025375366211, 0.5634104013442993, 0.5611683130264282, -0.12505599856376648, 3.638990879058838, 0.9326404929161072, 1.5350837707519531, -3.7929651737213135, -6.011318683624268, 0.7567269802093506, -0.31086647510528564, -0.48628944158554077, -0.38293781876564026, 0.3030695617198944, 0.5854977369308472, 1.1468414068222046, 0.2599124610424042, 0.3733780086040497, -1.6024749279022217, -0.7685505151748657, -0.685479462146759, 0.4823615550994873, 0.8856421709060669, 1.0, 1.0, 1.0, 1.0, 1.0, 1.0, 1.0, 1.0, 1.0, 1.0, 1.0, 1.0]"
325,0.0,0.0,0.0,5.07639124407433e-05,0.0,377.8233642578125,3.73634829884395e-05,0.0,278.0872497558594,0.0,0.0,0.0,0.6890918016433716,0.06306738406419754,0.03918635472655296,-0.32961076498031616,-0.23807591199874878,0.3266066312789917,0.2610180974006653,0.9226445555686951,-0.8340567946434021,0.7917978763580322,-0.6783844828605652,-0.9241291880607605,0.7947947978973389,-0.9384313821792603,0.7923017740249634,"[0.6890918016433716, 0.06306738406419754, 0.03918635472655296, -0.3084639608860016, 0.13228897750377655, -0.011409000493586063, 0.0347907692193985, 0.03507152572274208, -0.9987790584564209, 0.699999988079071, 0.0, 0.0, -0.32961076498031616, -0.23807591199874878, 0.3266066312789917, 0.2610180974006653, 0.5226445198059082, -0.4340567886829376, 0.39179787039756775, -0.2783844769001007, -0.12412917613983154, -0.005205214023590088, -0.1384313702583313, -4.351139068603516e-06, -1.566585898399353, 0.20660832524299622, 0.19711196422576904, 1.2657079696655273, -0.7952763438224792, 0.5687499046325684, 0.8345425724983215, -1.181295394897461, -5.675146579742432, 0.6894194483757019, 0.3510950207710266, -0.00028014183044433594, -0.679507851600647, -0.6814676523208618, -0.07766671478748322, 1.0978879928588867, 1.058214783668518, -0.23434600234031677, 0.3690659999847412, -1.3182251453399658, -0.9508545994758606, -0.5672262907028198, 0.5664263963699341, 0.8933526873588562, 1.0, 1.0, 1.0, 1.0, 1.0, 1.0, 1.0, 1.0, 1.0, 1.0, 1.0, 1.0]"
326,0.0,0.0,0.0,3.657136403489858e-05,0.0,272.19171142578125,3.551983172656037e-05,0.0,264.36541748046875,0.0,0.0,0.0,0.6631512641906738,0.0429634153842926,0.058139167726039886,-0.3518722355365753,-0.23842880129814148,0.3254409730434418,0.3035728633403778,0.899828314781189,-0.8163626790046692,0.8080992102622986,-0.7290410995483398,-1.0298324823379517,0.796104371547699,-0.9341604113578796,0.7923011183738708,"[0.6631512641906738, 0.0429634153842926, 0.058139167726039886, 0.15097551047801971, 0.21285474300384521, 0.030336229130625725, 0.03885996341705322, 0.035452328622341156, -0.9986156225204468, 0.699999988079071, 0.0, 0.0, -0.3518722355365753, -0.23842880129814148, 0.3254409730434418, 0.3035728633403778, 0.4998283088207245, -0.4163626730442047, 0.4080992043018341, -0.32904109358787537, -0.2298324704170227, -0.0038956403732299805, -0.13416039943695068, -5.0067901611328125e-06, -0.8710685968399048, -0.16762560606002808, -0.21743883192539215, 2.589815378189087, -1.2938178777694702, 0.8666568398475647, 0.8480902910232544, -3.1564793586730957, -4.7867889404296875, 0.0341823548078537, 0.14085301756858826, 0.0004901885986328125, -0.3707056939601898, -0.740868330001831, 0.3943084478378296, 0.8105714321136475, 1.2734490633010864, -0.01108899712562561, 0.5890854597091675, -1.474571704864502, -1.0420533418655396, -0.3473665714263916, 0.5770164728164673, 0.9789483547210693, 1.0, 1.0, 1.0, 1.0, 1.0, 1.0, 1.0, 1.0, 1.0, 1.0, 1.0, 1.0]"
327,0.0,0.0,0.0,2.871301148843486e-05,0.0,213.70391845703125,3.425531758693978e-05,0.0,254.9539337158203,0.0,0.0,0.0,0.6662728190422058,0.03932387754321098,0.02296949364244938,-0.3591107428073883,-0.24348410964012146,0.3197196424007416,0.3636467456817627,0.8771011829376221,-0.7976076006889343,0.8261483311653137,-0.8013046979904175,-1.1129872798919678,0.7978206872940063,-0.9303626418113708,0.7923007011413574,"[0.6662728190422058, 0.03932387754321098, 0.02296949364244938, 0.2835715115070343, 0.0644291415810585, 0.004406056832522154, 0.04141297936439514, 0.030731959268450737, -0.9986693859100342, 0.699999988079071, 0.0, 0.0, -0.3591107428073883, -0.24348410964012146, 0.3197196424007416, 0.3636467456817627, 0.4771011769771576, -0.39760759472846985, 0.42614832520484924, -0.401304692029953, -0.3129872679710388, -0.0021793246269226074, -0.1303626298904419, -5.424022674560547e-06, -0.09331072866916656, -0.32549527287483215, -0.3305990397930145, 3.0776526927948, -1.0312907695770264, 0.7212839722633362, 0.9208438992500305, -3.707029342651367, -3.32487154006958, 0.49599164724349976, 0.2683117985725403, 0.0005433559417724609, -0.5721631646156311, -0.49110981822013855, 0.3811609745025635, 0.8132215738296509, 1.2564033269882202, -0.12967780232429504, 0.44698816537857056, -1.211176872253418, -0.9291163086891174, -0.40373700857162476, 0.6277470588684082, 0.8554112315177917, 1.0, 1.0, 1.0, 1.0, 1.0, 1.0, 1.0, 1.0, 1.0, 1.0, 1.0, 0.0]"
328,0.0,0.0,0.0,4.191831612843089e-05,0.0,311.98779296875,3.716979335877113e-05,0.0,276.64569091796875,0.0,0.0,0.0,0.6915397644042969,0.05178602784872055,0.016872774809598923,-0.35822373628616333,-0.25197258591651917,0.31144165992736816,0.41455698013305664,0.8619554042816162,-0.7796444296836853,0.8446158766746521,-0.8670842051506042,-1.1438573598861694,0.8075215816497803,-0.9209067821502686,0.7923005819320679,"[0.6915397644042969, 0.05178602784872055, 0.016872774809598923, 0.4211769104003906, -0.09737510234117508, -0.025357939302921295, 0.04037383943796158, 0.023589162155985832, -0.9989059567451477, 0.699999988079071, 0.0, 0.0, -0.35822373628616333, -0.25197258591651917, 0.31144165992736816, 0.41455698013305664, 0.46195539832115173, -0.3796444237232208, 0.4446158707141876, -0.46708419919013977, -0.3438573479652405, 0.007521569728851318, -0.1209067702293396, -5.543231964111328e-06, 0.08300858736038208, -0.49747273325920105, -0.4821285605430603, 1.9904866218566895, -0.6311923265457153, 0.7700327634811401, 0.9466651082038879, -2.927400588989258, -0.49174967408180237, 0.749678373336792, 0.5403324365615845, 0.0008993148803710938, -0.43848416209220886, -0.199775829911232, 0.7287483215332031, 0.32998964190483093, 1.2039648294448853, 0.3549768030643463, 0.3289791941642761, -1.3765865564346313, -0.7423633933067322, -0.47304078936576843, 0.6478028893470764, 1.0024807453155518, 1.0, 1.0, 1.0, 1.0, 1.0, 1.0, 1.0, 1.0, 1.0, 1.0, 1.0, 0.0]"
329,0.0,0.0,0.0,4.794509368366562e-05,0.0,356.8435974121094,3.807119355769828e-05,0.0,283.3545837402344,0.0,0.0,0.0,0.7217006683349609,0.058617327362298965,0.053161803632974625,-0.3507307767868042,-0.2612064480781555,0.3029763400554657,0.4300311207771301,0.8531557321548462,-0.75835120677948,0.8597621321678162,-0.9120248556137085,-1.1364336013793945,0.8167123794555664,-0.9030510187149048,0.792295515537262,"[0.7217006683349609, 0.058617327362298965, 0.053161803632974625, 0.30830201506614685, -0.12968562543392181, -0.08051413297653198, 0.037777259945869446, 0.016639601439237595, -0.9991476535797119, 0.699999988079071, 0.0, 0.0, -0.3507307767868042, -0.2612064480781555, 0.3029763400554657, 0.4300311207771301, 0.4531557261943817, -0.3583512008190155, 0.4597621262073517, -0.5120248794555664, -0.3364335894584656, 0.01671236753463745, -0.10305100679397583, -1.0609626770019531e-05, 0.5381845235824585, -0.4278773367404938, -0.37848660349845886, 0.02773144841194153, -0.40711072087287903, 0.9652408957481384, 0.7243719100952148, -1.8840333223342896, 0.8395519852638245, 0.622173547744751, 0.9710939526557922, 0.014057392254471779, -0.5837541222572327, -0.15111014246940613, 0.6506984233856201, 0.33702659606933594, 1.0271151065826416, 0.2436341941356659, 0.2848649024963379, -1.3975770473480225, -0.632690966129303, -0.4741232991218567, 0.5763146877288818, 1.0059454441070557, 1.0, 1.0, 1.0, 1.0, 1.0, 1.0, 1.0, 1.0, 1.0, 1.0, 1.0, 0.0]"
330,0.0,0.0,0.0,4.362059189588763e-05,0.0,324.6573791503906,3.666277916636318e-05,0.0,272.8721008300781,0.0,0.0,0.0,0.7449644804000854,0.06488059461116791,0.08962599188089371,-0.3380705714225769,-0.26842084527015686,0.29640552401542664,0.4103464186191559,0.844356894493103,-0.732782244682312,0.8696112632751465,-0.941754162311554,-1.112359881401062,0.820958137512207,-0.876514196395874,0.7922954559326172,"[0.7449644804000854, 0.06488059461116791, 0.08962599188089371, 0.21786758303642273, -0.12252876907587051, -0.09300466626882553, 0.035166092216968536, 0.012097682803869247, -0.9993081092834473, 0.699999988079071, 0.0, 0.0, -0.3380705714225769, -0.26842084527015686, 0.29640552401542664, 0.4103464186191559, 0.44435688853263855, -0.33278223872184753, 0.469611257314682, -0.5417541265487671, -0.31235986948013306, 0.020958125591278076, -0.07651418447494507, -1.0669231414794922e-05, 0.6366562843322754, -0.3417894244194031, -0.3236699402332306, -1.4860751628875732, -0.5039024949073792, 1.1773881912231445, 0.45079365372657776, -1.306627869606018, 1.4397644996643066, 0.3432122468948364, 1.4006407260894775, 0.01227271743118763, -0.48834607005119324, -0.29742351174354553, 0.5476584434509277, 0.38252145051956177, 1.0263398885726929, 0.21519097685813904, 0.35661816596984863, -1.3611558675765991, -0.5202494859695435, -0.4653933346271515, 0.5657334327697754, 0.9393179416656494, 1.0, 1.0, 1.0, 1.0, 1.0, 1.0, 1.0, 1.0, 1.0, 1.0, 1.0, 0.0]"
331,0.0,0.0,0.0,3.854705937555991e-05,0.0,286.8963317871094,3.4102264180546626e-05,0.0,253.81478881835938,0.0,0.0,0.0,0.7681657075881958,0.06400084495544434,0.10313412547111511,-0.3235621452331543,-0.2740623652935028,0.2907851040363312,0.37295767664909363,0.8336238265037537,-0.7038661241531372,0.8755775094032288,-0.963499903678894,-1.0792628526687622,0.8208310008049011,-0.8435398936271667,0.7922957539558411,"[0.7681657075881958, 0.06400084495544434, 0.10313412547111511, 0.15151190757751465, -0.11327924579381943, -0.07553339749574661, 0.032683249562978745, 0.008978677913546562, -0.9994257092475891, 0.699999988079071, 0.0, 0.0, -0.3235621452331543, -0.2740623652935028, 0.2907851040363312, 0.37295767664909363, 0.4336238205432892, -0.30386611819267273, 0.4755775034427643, -0.563499927520752, -0.27926284074783325, 0.020830988883972168, -0.04353988170623779, -1.0371208190917969e-05, 0.7967342138290405, -0.26445597410202026, -0.2788781225681305, -1.9849395751953125, -0.5939724445343018, 1.2995816469192505, 0.25619199872016907, -0.972465455532074, 1.9388285875320435, 0.1824265718460083, 1.7167657613754272, 0.009084544144570827, -0.44339433312416077, -0.41875290870666504, 0.44950786232948303, 0.47949740290641785, 0.9537414312362671, 0.1674930453300476, 0.3584658205509186, -1.2941935062408447, -0.3759721517562866, -0.48911523818969727, 0.5401562452316284, 0.8298370242118835, 1.0, 1.0, 1.0, 1.0, 1.0, 1.0, 1.0, 1.0, 1.0, 1.0, 1.0, 0.0]"
332,0.0,0.0,0.0,3.582861972972751e-05,0.0,266.66363525390625,3.064365228055976e-05,0.0,228.07321166992188,0.0,0.0,0.0,0.7934505343437195,0.05589937046170235,0.09905210137367249,-0.3035542666912079,-0.2780269384384155,0.2862423360347748,0.3360437750816345,0.8206360936164856,-0.6728349924087524,0.879467248916626,-0.9790415167808533,-1.0335687398910522,0.8172971606254578,-0.8073734045028687,0.7922984957695007,"[0.7934505343437195, 0.05589937046170235, 0.09905210137367249, 0.1021943986415863, -0.06371624767780304, -0.04828410968184471, 0.030821548774838448, 0.006984327919781208, -0.9995003342628479, 0.699999988079071, 0.0, 0.0, -0.3035542666912079, -0.2780269384384155, 0.2862423360347748, 0.3360437750816345, 0.4206360876560211, -0.27283498644828796, 0.4794672429561615, -0.5790414810180664, -0.2335687279701233, 0.01729714870452881, -0.007373392581939697, -7.62939453125e-06, 1.114923119544983, -0.19094504415988922, -0.2198130339384079, -1.7201051712036133, -0.7423508763313293, 1.3960175514221191, 0.18719351291656494, -0.6653361916542053, 2.638117790222168, 0.0021779686212539673, 1.795359492301941, 7.295608520507812e-05, -0.3970523178577423, -0.48857781291007996, 0.49891868233680725, 0.49339601397514343, 0.8550057411193848, 0.1591162383556366, 0.34660840034484863, -1.2599868774414062, -0.19377027451992035, -0.5121147036552429, 0.46413934230804443, 0.7337647676467896, 1.0, 1.0, 1.0, 1.0, 1.0, 1.0, 1.0, 1.0, 1.0, 1.0, 1.0, 0.0]"
333,0.0,0.0,0.0,3.174156154273078e-05,0.0,236.2446746826172,2.449632120260503e-05,0.0,182.32012939453125,0.0,0.0,0.0,0.8178471922874451,0.04536288604140282,0.07895233482122421,-0.2772354483604431,-0.2804003059864044,0.2829526364803314,0.3074837028980255,0.8023479580879211,-0.6403422951698303,0.8831816911697388,-0.9883371591567993,-0.9713449478149414,0.8094730973243713,-0.7724061608314514,0.7922983765602112,"[0.8178471922874451, 0.04536288604140282, 0.07895233482122421, 0.05262676253914833, 0.04280837997794151, -0.02277914620935917, 0.030687671154737473, 0.005862238816916943, -0.9995120763778687, 0.699999988079071, 0.0, 0.0, -0.2772354483604431, -0.2804003059864044, 0.2829526364803314, 0.3074837028980255, 0.40234795212745667, -0.24034228920936584, 0.4831816852092743, -0.5883371829986572, -0.17134493589401245, 0.009473085403442383, 0.02759385108947754, -7.748603820800781e-06, 1.4148054122924805, -0.10723583400249481, -0.13199512660503387, -1.2810715436935425, -1.1103979349136353, 1.4639052152633667, 0.26419052481651306, -0.32914862036705017, 3.6282479763031006, -0.234014093875885, 1.5923207998275757, 0.0006812810897827148, -0.41135433316230774, -0.4669964015483856, 0.618984580039978, 0.4771806001663208, 0.633527398109436, 0.08424398303031921, 0.3671669661998749, -1.1613458395004272, 0.07516203820705414, -0.45931851863861084, 0.28959572315216064, 0.6083386540412903, 1.0, 1.0, 1.0, 1.0, 1.0, 1.0, 1.0, 1.0, 1.0, 1.0, 1.0, 0.0]"
334,7.448357791872695e-05,0.0,554.363037109375,1.6098982086987235e-05,0.0,119.82078552246094,0.0,0.0,0.0,0.0,0.0,0.0,0.85079026222229,0.04652936011552811,0.04034505411982536,-0.25669991970062256,-0.2820999026298523,0.2819330394268036,0.2837899327278137,0.7879524230957031,-0.6083803176879883,0.889202892780304,-0.9882948994636536,-0.9102980494499207,0.7997198700904846,-0.7519834041595459,0.792345404624939,"[0.85079026222229, 0.04652936011552811, 0.04034505411982536, 0.24669106304645538, 0.04179243743419647, -0.058442797511816025, 0.03268783167004585, 0.005056397523730993, -0.9994528293609619, 0.699999988079071, 0.0, 0.0, -0.25669991970062256, -0.2820999026298523, 0.2819330394268036, 0.2837899327278137, 0.38795241713523865, -0.2083803117275238, 0.4892028868198395, -0.5882948637008667, -0.1102980375289917, -0.00028014183044433594, 0.04801660776138306, 3.927946090698242e-05, -0.5993614196777344, -0.3201524317264557, -0.04464389383792877, -1.4805679321289062, 1.8278348445892334, 1.6066057682037354, 0.32207390666007996, 0.3190627694129944, -0.5893253087997437, -0.3662279546260834, -0.2526467740535736, -0.018207289278507233, -0.3813292682170868, -0.4723573625087738, 0.8155065774917603, 0.5167357921600342, 0.22796601057052612, -0.29774951934814453, 0.5866909027099609, -0.7937588691711426, 0.46863025426864624, -0.1177658811211586, -0.22648774087429047, 0.31069526076316833, 1.0, 1.0, 1.0, 1.0, 1.0, 1.0, 1.0, 1.0, 1.0, 1.0, 1.0, 0.0]"
335,4.0800438000587747e-05,0.0,303.6676940917969,0.0,0.0,0.0,0.0,0.0,0.0,0.0,0.0,0.0,0.8235554695129395,-0.002351566683501005,-0.02858639881014824,-0.2571108043193817,-0.28476011753082275,0.3017244338989258,0.26248636841773987,0.8107590675354004,-0.5826178193092346,0.8884672522544861,-0.9678493738174438,-0.8980748653411865,0.809585690498352,-0.8135456442832947,0.7923012375831604,"[0.8235554695129395, -0.002351566683501005, -0.02858639881014824, -0.0585300512611866, -0.21127352118492126, -0.0731106698513031, 0.031175224110484123, 0.00441524013876915, -0.9995043873786926, 0.699999988079071, 0.0, 0.0, -0.2571108043193817, -0.28476011753082275, 0.3017244338989258, 0.26248636841773987, 0.4107590615749359, -0.18261781334877014, 0.4884672462940216, -0.5678493976593018, -0.09807485342025757, 0.009585678577423096, -0.013545632362365723, -4.887580871582031e-06, 0.07433298230171204, -0.13471922278404236, 1.606335997581482, -0.8148422241210938, 1.21316659450531, 0.8423507809638977, -0.08273998647928238, 1.5533367395401, 0.6326336860656738, 1.9595094919204712, -4.402749538421631, -0.01624048687517643, -0.24752333760261536, -0.8326219320297241, 0.7491979002952576, 0.789042592048645, 0.13537979125976562, -1.0433710813522339, 1.275383710861206, -0.20855233073234558, 0.6244104504585266, 0.5194244980812073, -1.141737937927246, -0.21111232042312622, 1.0, 1.0, 1.0, 1.0, 1.0, 1.0, 1.0, 1.0, 1.0, 1.0, 1.0, 0.0]"
336,3.6166951758787036e-05,0.0,269.1817626953125,0.0,0.0,0.0,0.0,0.0,0.0,0.0,0.0,0.0,0.7954238653182983,-0.01704532466828823,-0.11630622297525406,-0.2576056718826294,-0.3025760352611542,0.33941251039505005,0.25157541036605835,0.8313668370246887,-0.5912399888038635,0.8935075402259827,-0.9179028272628784,-0.874106764793396,0.9059197902679443,-0.9198393225669861,0.7923030257225037,"[0.7954238653182983, -0.01704532466828823, -0.11630622297525406, 0.371219277381897, -0.5330963134765625, -0.008866896852850914, 0.02281605638563633, 0.0026279138401150703, -0.9997363686561584, 0.699999988079071, 0.0, 0.0, -0.2576056718826294, -0.3025760352611542, 0.33941251039505005, 0.25157541036605835, 0.43136683106422424, -0.19123998284339905, 0.4935075342655182, -0.5179028511047363, -0.07410675287246704, 0.10591977834701538, -0.11983931064605713, -3.0994415283203125e-06, -0.3161103129386902, -1.553634524345398, 1.6870667934417725, -0.6457764506340027, 0.9969837069511414, -1.1001650094985962, 0.5527737736701965, 3.022899866104126, 1.3682993650436401, 5.5116448402404785, -5.830283164978027, -0.011889271438121796, -0.617210328578949, -0.807797372341156, 0.6117597818374634, 0.5079491138458252, 0.5255870223045349, -1.1430575847625732, 1.1703526973724365, -0.4124836027622223, 0.37122219800949097, 0.8631969690322876, -1.4718047380447388, -0.5755094289779663, 1.0, 1.0, 1.0, 1.0, 1.0, 1.0, 1.0, 1.0, 1.0, 1.0, 1.0, 0.0]"
337,2.3945576685946435e-05,0.0,178.22108459472656,0.0,0.0,0.0,0.0,0.0,0.0,0.00010779787407955155,0.0,802.313232421875,0.7437704801559448,-0.006980048958212137,-0.23522715270519257,-0.27489620447158813,-0.35224390029907227,0.35792219638824463,0.23057550191879272,0.8484329581260681,-0.6307839751243591,0.9125128984451294,-0.8556389212608337,-0.8396980166435242,1.0073161125183105,-1.0536155700683594,0.7952648401260376,"[0.7437704801559448, -0.006980048958212137, -0.23522715270519257, 0.9638175368309021, -0.6565719246864319, -0.010945254936814308, 0.009714419953525066, -0.01579418033361435, -0.9998281598091125, 0.699999988079071, 0.0, 0.0, -0.27489620447158813, -0.35224390029907227, 0.35792219638824463, 0.23057550191879272, 0.44843295216560364, -0.23078396916389465, 0.5125129222869873, -0.45563891530036926, -0.039698004722595215, 0.2073161005973816, -0.2536155581474304, 0.0029587149620056152, -0.936585545539856, -2.7674970626831055, 0.7232629060745239, -0.774358868598938, 0.9435057044029236, -2.5280344486236572, 0.8357403874397278, -0.8382183313369751, 1.4993739128112793, 4.6953840255737305, -6.812501430511475, 4.114983081817627, -0.41923758387565613, -0.8875678181648254, 0.7130212783813477, 0.4148939549922943, 0.4075303077697754, -1.1585705280303955, 1.057129144668579, -0.33352890610694885, 0.36206287145614624, 0.8397532105445862, -1.4231328964233398, -0.6274239420890808, 1.0, 1.0, 1.0, 1.0, 1.0, 1.0, 1.0, 1.0, 1.0, 1.0, 1.0, 1.0]"
338,3.9404847484547645e-05,0.0,293.2806396484375,0.0,0.0,0.0,0.0,0.0,0.0,9.31575195863843e-05,0.0,693.3486328125,0.7375132441520691,0.023819630965590477,0.055996786803007126,-0.2579352855682373,-0.3828544616699219,0.39762672781944275,0.24576719105243683,0.8770508170127869,-0.6975530982017517,0.8987988233566284,-0.8454639911651611,-0.8468472361564636,1.071681022644043,-1.175286054611206,0.809638261795044,"[0.7375132441520691, 0.023819630965590477, 0.055996786803007126, -1.885842204093933, 0.6354007124900818, -0.22407633066177368, 0.012096880935132504, 0.0022712377831339836, -0.9999241828918457, 0.699999988079071, 0.0, 0.0, -0.2579352855682373, -0.3828544616699219, 0.39762672781944275, 0.24576719105243683, 0.4770508110523224, -0.29755309224128723, 0.49879881739616394, -0.44546398520469666, -0.04684722423553467, 0.271681010723114, -0.3752860426902771, 0.017332136631011963, 1.7649955749511719, -1.0087742805480957, 2.356478452682495, 1.5667365789413452, 1.6250685453414917, -3.7250871658325195, -1.6897169351577759, 1.8060173988342285, -1.3730062246322632, 2.5018367767333984, -5.424334526062012, -1.8793195486068726, -0.7786477208137512, -0.577976405620575, 0.5741074681282043, 0.41492801904678345, 0.26913684606552124, -1.4010136127471924, 0.9547802209854126, -0.09355439245700836, 0.48543381690979004, 0.8370722532272339, -1.2446386814117432, -0.44278207421302795, 1.0, 1.0, 1.0, 1.0, 1.0, 1.0, 1.0, 1.0, 1.0, 1.0, 1.0, 1.0]"
339,4.235887172399089e-05,0.0,315.2667236328125,0.0,0.0,0.0,0.0,0.0,0.0,0.0,0.0,0.0,0.7302236557006836,0.06435031443834305,0.03848279267549515,-0.24355489015579224,-0.42068344354629517,0.4012952148914337,0.25186699628829956,0.8977624773979187,-0.7704520225524902,0.8603771328926086,-0.8011886477470398,-0.8538917899131775,1.1149624586105347,-1.2372969388961792,0.7922769784927368,"[0.7302236557006836, 0.06435031443834305, 0.03848279267549515, -0.13397525250911713, 0.3184736967086792, -0.11509577184915543, 0.022303810343146324, 0.01873892731964588, -0.9995753765106201, 0.699999988079071, 0.0, 0.0, -0.24355489015579224, -0.42068344354629517, 0.4012952148914337, 0.25186699628829956, 0.4977624714374542, -0.37045201659202576, 0.46037712693214417, -0.4011886417865753, -0.053891777992248535, 0.3149624466896057, -0.43729692697525024, -2.9146671295166016e-05, 0.06160205975174904, -2.050734519958496, -0.987196147441864, -0.45803117752075195, 0.6909826397895813, -3.5069527626037598, -1.8481203317642212, 2.371037244796753, 0.4006633758544922, 1.8906704187393188, -1.126206398010254, 0.04976571351289749, -1.0035756826400757, -0.26345953345298767, 0.5380609631538391, 0.80080246925354, 0.2373684048652649, -1.5586915016174316, 1.1757432222366333, -0.5723671317100525, 0.5978273749351501, 0.892562985420227, -0.9222128987312317, -0.38965287804603577, 1.0, 1.0, 1.0, 1.0, 1.0, 1.0, 1.0, 1.0, 1.0, 1.0, 1.0, 1.0]"
340,4.256425381754525e-05,0.0,316.79534912109375,0.0,0.0,0.0,0.0,0.0,0.0,4.4166965381009504e-05,0.0,328.7239685058594,0.725300669670105,0.01259937696158886,0.029765885323286057,-0.2408798485994339,-0.42921146750450134,0.38559696078300476,0.25323691964149475,0.9112106561660767,-0.84004145860672,0.8312232494354248,-0.7824847102165222,-0.8408449292182922,1.1470783948898315,-1.227158784866333,0.7959046959877014,"[0.725300669670105, 0.01259937696158886, 0.029765885323286057, -0.5743961930274963, 0.16909965872764587, -0.02278243377804756, 0.025101901963353157, 0.022508278489112854, -0.9994319081306458, 0.699999988079071, 0.0, 0.0, -0.2408798485994339, -0.42921146750450134, 0.38559696078300476, 0.25323691964149475, 0.5112106800079346, -0.4400414526462555, 0.4312232434749603, -0.38248470425605774, -0.04084491729736328, 0.3470783829689026, -0.42715877294540405, 0.0035985708236694336, 0.5234739780426025, 0.7872955799102783, -0.22755366563796997, 0.4886579215526581, 0.7528119683265686, -3.499140977859497, -1.3261127471923828, 1.1037259101867676, 0.4897727966308594, 1.5339314937591553, 1.204418659210205, -0.1043853759765625, -0.6884363293647766, -0.5649614334106445, 0.6587916016578674, 0.5804088115692139, 0.23357515037059784, -1.3430812358856201, 0.9902851581573486, -0.5869672894477844, 0.5949646234512329, 0.9145429134368896, -0.7229718565940857, -0.5124821066856384, 1.0, 1.0, 1.0, 1.0, 1.0, 1.0, 1.0, 1.0, 1.0, 1.0, 1.0, 1.0]"
341,4.074650496477261e-05,0.0,303.26629638671875,0.0,0.0,0.0,0.0,0.0,0.0,3.352150088176131e-05,0.0,249.49234008789062,0.7349706888198853,0.007032350171357393,0.04858452081680298,-0.23435521125793457,-0.40376144647598267,0.37827178835868835,0.25893115997314453,0.9229293465614319,-0.9020650386810303,0.8106328248977661,-0.7601723670959473,-0.8240661025047302,1.1666350364685059,-1.1867228746414185,0.7956075668334961,"[0.7349706888198853, 0.007032350171357393, 0.04858452081680298, -0.22112837433815002, 0.1265527755022049, -0.030835013836622238, 0.027189724147319794, 0.029468873515725136, -0.9991955757141113, 0.699999988079071, 0.0, 0.0, -0.23435521125793457, -0.40376144647598267, 0.37827178835868835, 0.25893115997314453, 0.522929310798645, -0.5020650625228882, 0.41063281893730164, -0.3601723611354828, -0.02406609058380127, 0.3666350245475769, -0.3867228627204895, 0.0033014416694641113, 0.21095894277095795, 1.4275553226470947, -0.5552767515182495, 0.15434890985488892, 0.4100133776664734, -2.665710210800171, -1.0315635204315186, 1.0862802267074585, 1.0545376539230347, -0.1434268355369568, 2.7819979190826416, 0.007608659565448761, -0.7693659663200378, -0.545408308506012, 0.5641782283782959, 0.8710494041442871, 0.2273733913898468, -1.2099374532699585, 0.8837682008743286, -0.43807369470596313, 0.6418097019195557, 0.666285514831543, -0.4480748176574707, -0.4345680773258209, 1.0, 1.0, 1.0, 1.0, 1.0, 1.0, 1.0, 1.0, 1.0, 1.0, 1.0, 1.0]"
342,3.736433427548036e-05,0.0,278.0935974121094,0.0,0.0,0.0,0.0,0.0,0.0,2.8050666514900513e-05,0.0,208.77426147460938,0.7520550489425659,0.013911273330450058,0.08488427102565765,-0.23561875522136688,-0.3752147853374481,0.35925450921058655,0.2555720806121826,0.9266359806060791,-0.9361068606376648,0.7883743643760681,-0.7371149659156799,-0.7950631380081177,1.131433129310608,-1.116357684135437,0.7944397926330566,"[0.7520550489425659, 0.013911273330450058, 0.08488427102565765, 0.1517454832792282, 0.14130675792694092, -0.07606150954961777, 0.029384946450591087, 0.02776772901415825, -0.9991824626922607, 0.699999988079071, 0.0, 0.0, -0.23561875522136688, -0.3752147853374481, 0.35925450921058655, 0.2555720806121826, 0.526636004447937, -0.5361068248748779, 0.38837435841560364, -0.33711495995521545, 0.004936873912811279, 0.33143311738967896, -0.31635767221450806, 0.002133667469024658, -0.12324784696102142, 1.5271708965301514, -1.1135752201080322, -0.23790638148784637, 0.03103737160563469, -1.045081377029419, -1.3383852243423462, 1.1323574781417847, 1.6267826557159424, -3.185391426086426, 4.257574558258057, -0.07138311117887497, -0.7957672476768494, -0.666495144367218, 0.5106765031814575, 0.9717752933502197, 0.2512581944465637, -0.9858659505844116, 0.5741828680038452, -0.3871842324733734, 0.5933102369308472, 0.19721975922584534, -0.014839157462120056, -0.5103921890258789, 1.0, 1.0, 1.0, 1.0, 1.0, 1.0, 1.0, 1.0, 1.0, 1.0, 1.0, 1.0]"
343,2.6363539291196503e-05,0.0,196.21737670898438,0.0,0.0,0.0,0.0,0.0,0.0,2.2859960154164582e-05,0.0,170.14109802246094,0.7670558094978333,0.017050277441740036,0.07437996566295624,-0.24162690341472626,-0.3463682234287262,0.33108973503112793,0.24672602117061615,0.9252769947052002,-0.9381028413772583,0.7537356615066528,-0.7142037749290466,-0.7578611969947815,1.0413721799850464,-1.0139257907867432,0.7942202687263489,"[0.7670558094978333, 0.017050277441740036, 0.07437996566295624, 0.30503350496292114, 0.14857488870620728, -0.0990762710571289, 0.03147614747285843, 0.02087029255926609, -0.9992866516113281, 0.699999988079071, 0.0, 0.0, -0.24162690341472626, -0.3463682234287262, 0.33108973503112793, 0.24672602117061615, 0.5252770185470581, -0.5381028652191162, 0.35373565554618835, -0.31420376896858215, 0.04213881492614746, 0.24137216806411743, -0.2139257788658142, 0.0019141435623168945, -0.2557709813117981, 1.5727152824401855, -1.3972094058990479, -0.40027526021003723, -0.02086561918258667, 0.49318167567253113, -2.0498464107513428, 1.1452761888504028, 1.7638578414916992, -5.511393070220947, 5.624139785766602, -0.07585479319095612, -0.9960160851478577, -0.5352793335914612, 0.5451937317848206, 0.9777666330337524, 0.41360610723495483, -0.6234617233276367, 0.44003844261169434, -0.5508131980895996, 0.2957910895347595, -0.3267405927181244, 0.41158342361450195, -0.3420908749103546, 1.0, 1.0, 1.0, 1.0, 1.0, 1.0, 1.0, 1.0, 1.0, 1.0, 1.0, 1.0]"
344,0.0,0.0,0.0,0.0,0.0,0.0,3.1405987101607025e-05,0.0,233.7470703125,7.6083083513367455e-06,0.0,56.62677764892578,0.793129563331604,0.023866018280386925,0.029969224706292152,-0.2507682740688324,-0.30560076236724854,0.3210473656654358,0.24323906004428864,0.928414523601532,-0.9094906449317932,0.7452115416526794,-0.6903595924377441,-0.7499332427978516,0.9185514450073242,-0.9618363380432129,0.7936405539512634,"[0.793129563331604, 0.023866018280386925, 0.029969224706292152, -0.22645297646522522, 0.051502637565135956, -0.0016735582612454891, 0.03369806334376335, 0.01896761730313301, -0.9992521405220032, 0.699999988079071, 0.0, 0.0, -0.2507682740688324, -0.30560076236724854, 0.3210473656654358, 0.24323906004428864, 0.5284144878387451, -0.5094906091690063, 0.34521153569221497, -0.29035958647727966, 0.05006676912307739, 0.11855143308639526, -0.16183632612228394, 0.0013344287872314453, -0.9086865186691284, 2.5337722301483154, 0.06459726393222809, 0.07415954768657684, 0.38275235891342163, 2.032076835632324, 1.8514070510864258, 1.428971290588379, -2.2794952392578125, -6.4761152267456055, -0.5895362496376038, -0.17424961924552917, -1.1695395708084106, -0.4267869293689728, 0.5992176532745361, 0.7524369955062866, 0.763827919960022, -0.18064922094345093, 0.19858717918395996, -1.0169094800949097, -0.4422404170036316, -0.712435245513916, 0.5965458750724792, 0.0577864870429039, 1.0, 1.0, 1.0, 1.0, 1.0, 1.0, 1.0, 1.0, 1.0, 1.0, 1.0, 0.0]"
345,0.0,0.0,0.0,0.0,0.0,0.0,3.318942981422879e-05,0.0,247.0207977294922,1.3666668564837892e-05,0.0,101.7176742553711,0.7688339948654175,0.05394098907709122,0.006696135271340609,-0.29071682691574097,-0.24984873831272125,0.3275216221809387,0.25007951259613037,0.9329952001571655,-0.8477609157562256,0.7640621066093445,-0.6642506718635559,-0.8337889313697815,0.7776196002960205,-0.9471654891967773,0.7952447533607483,"[0.7688339948654175, 0.05394098907709122, 0.006696135271340609, -0.7430591583251953, -0.09165225178003311, -0.0183352492749691, 0.03231165558099747, 0.027914466336369514, -0.9990879893302917, 0.699999988079071, 0.0, 0.0, -0.29071682691574097, -0.24984873831272125, 0.3275216221809387, 0.25007951259613037, 0.5329952239990234, -0.4477609097957611, 0.36406210064888, -0.26425066590309143, -0.03378891944885254, -0.022380411624908447, -0.1471654772758484, 0.0029386281967163086, -2.0581486225128174, 2.976997137069702, 0.5907261967658997, 0.6569302082061768, -0.024601250886917114, 3.6451127529144287, 0.9328309893608093, 1.579269528388977, -3.9599390029907227, -6.9279561042785645, 0.7981283664703369, -0.2265825867652893, -0.46205705404281616, -0.39812740683555603, 0.26257941126823425, 0.5856289863586426, 1.1388628482818604, 0.21912428736686707, 0.4339205026626587, -1.6170480251312256, -0.8382722735404968, -0.6768831014633179, 0.45675796270370483, 0.8852598071098328, 1.0, 1.0, 1.0, 1.0, 1.0, 1.0, 1.0, 1.0, 1.0, 1.0, 1.0, 1.0]"
346,0.0,0.0,0.0,5.107628385303542e-05,0.0,380.1482849121094,3.6877016100334004e-05,0.0,274.4665832519531,0.0,0.0,0.0,0.6943332552909851,0.05844508111476898,0.03234868869185448,-0.32938066124916077,-0.2441750019788742,0.3325648009777069,0.2647404074668884,0.921649694442749,-0.8356679081916809,0.7808615565299988,-0.6647205948829651,-0.930449903011322,0.7940512895584106,-0.9365213513374329,0.7923043966293335,"[0.6943332552909851, 0.05844508111476898, 0.03234868869185448, -0.2776831090450287, 0.12055686116218567, -0.003977539483457804, 0.03326757997274399, 0.03574253246188164, -0.9988070726394653, 0.699999988079071, 0.0, 0.0, -0.32938066124916077, -0.2441750019788742, 0.3325648009777069, 0.2647404074668884, 0.5216497182846069, -0.43566790223121643, 0.3808615505695343, -0.2647205889225006, -0.13044989109039307, -0.0059487223625183105, -0.1365213394165039, -1.7285346984863281e-06, -1.5793030261993408, 0.18466240167617798, 0.22728794813156128, 1.1802207231521606, -0.7281361222267151, 0.5570386052131653, 0.9135016202926636, -1.148054838180542, -5.800776481628418, 0.7357228994369507, 0.1683426797389984, 0.00047707557678222656, -0.6966145038604736, -0.6675112843513489, -0.027068208903074265, 1.0805617570877075, 1.0789413452148438, -0.23899731040000916, 0.3308430314064026, -1.3068991899490356, -0.9607241153717041, -0.5871587991714478, 0.5973123908042908, 0.8528322577476501, 1.0, 1.0, 1.0, 1.0, 1.0, 1.0, 1.0, 1.0, 1.0, 1.0, 1.0, 1.0]"
347,0.0,0.0,0.0,3.7225741834845394e-05,0.0,277.0621032714844,3.598748298827559e-05,0.0,267.8460388183594,0.0,0.0,0.0,0.665758490562439,0.03818322718143463,0.052174896001815796,-0.3520510792732239,-0.2448243349790573,0.33111074566841125,0.3052712082862854,0.9002895951271057,-0.8184124231338501,0.7982749342918396,-0.7157325148582458,-1.0375499725341797,0.7964363098144531,-0.9334397315979004,0.7923040390014648,"[0.665758490562439, 0.03818322718143463, 0.052174896001815796, 0.16605207324028015, 0.20251773297786713, 0.03454772010445595, 0.03714272379875183, 0.03566831722855568, -0.9986730813980103, 0.699999988079071, 0.0, 0.0, -0.3520510792732239, -0.2448243349790573, 0.33111074566841125, 0.3052712082862854, 0.5002895593643188, -0.4184124171733856, 0.3982749283313751, -0.31573250889778137, -0.23754996061325073, -0.00356370210647583, -0.13343971967697144, -2.086162567138672e-06, -0.8991357684135437, -0.17334608733654022, -0.17480556666851044, 2.4878933429718018, -1.2175246477127075, 0.8552335500717163, 0.930995762348175, -3.1960816383361816, -4.7873148918151855, 0.07301107048988342, -0.041587457060813904, 0.001340627670288086, -0.38647547364234924, -0.7268425822257996, 0.3763028681278229, 0.8032947778701782, 1.2688989639282227, -0.026838630437850952, 0.6118720769882202, -1.4812432527542114, -1.0451791286468506, -0.3466738164424896, 0.5677142143249512, 0.967699408531189, 1.0, 1.0, 1.0, 1.0, 1.0, 1.0, 1.0, 1.0, 1.0, 1.0, 1.0, 1.0]"
348,0.0,0.0,0.0,2.8914226277265698e-05,0.0,215.20152282714844,3.4286524169147015e-05,0.0,255.1862030029297,0.0,0.0,0.0,0.6666123270988464,0.03479423373937607,0.017499838024377823,-0.3604694902896881,-0.250188946723938,0.32507503032684326,0.36309102177619934,0.8787208795547485,-0.79998779296875,0.8172137141227722,-0.7894925475120544,-1.1178746223449707,0.7989584803581238,-0.9306311011314392,0.7923019528388977,"[0.6666123270988464, 0.03479423373937607, 0.017499838024377823, 0.3075583577156067, 0.05391455814242363, 0.009655684232711792, 0.03951222449541092, 0.03047594055533409, -0.9987539649009705, 0.699999988079071, 0.0, 0.0, -0.3604694902896881, -0.250188946723938, 0.32507503032684326, 0.36309102177619934, 0.47872087359428406, -0.3999877870082855, 0.41721370816230774, -0.38949254155158997, -0.31787461042404175, -0.0010415315628051758, -0.13063108921051025, -4.172325134277344e-06, -0.15768437087535858, -0.34008246660232544, -0.3326387107372284, 2.9715030193328857, -0.983064591884613, 0.7075513601303101, 0.979223370552063, -3.803969383239746, -3.1387789249420166, 0.5314067602157593, 0.17824776470661163, 0.0007424354553222656, -0.5757710933685303, -0.49653080105781555, 0.4063418507575989, 0.8058862686157227, 1.2574572563171387, -0.12668678164482117, 0.4434199929237366, -1.2166533470153809, -0.9273184537887573, -0.40246638655662537, 0.6293646097183228, 0.8605306148529053, 1.0, 1.0, 1.0, 1.0, 1.0, 1.0, 1.0, 1.0, 1.0, 1.0, 1.0, 0.0]"
349,0.0,0.0,0.0,4.224247459205799e-05,0.0,314.4004211425781,3.653567546280101e-05,0.0,271.92608642578125,0.0,0.0,0.0,0.6898729205131531,0.04575223848223686,0.010824762284755707,-0.36030855774879456,-0.2587485909461975,0.3167644739151001,0.4128813147544861,0.8642813563346863,-0.782515823841095,0.8365172147750854,-0.8580865859985352,-1.1460903882980347,0.8096431493759155,-0.9221674799919128,0.7923011183738708,"[0.6898729205131531, 0.04575223848223686, 0.010824762284755707, 0.42474862933158875, -0.10703042894601822, -0.02376876212656498, 0.03828083351254463, 0.023102005943655968, -0.9989998936653137, 0.699999988079071, 0.0, 0.0, -0.36030855774879456, -0.2587485909461975, 0.3167644739151001, 0.4128813147544861, 0.4642813503742218, -0.3825158178806305, 0.43651720881462097, -0.4580865800380707, -0.3460903763771057, 0.009643137454986572, -0.12216746807098389, -5.0067901611328125e-06, 0.06650128215551376, -0.4933788478374481, -0.46794408559799194, 1.9681451320648193, -0.6045018434524536, 0.742799699306488, 0.9852198362350464, -3.0890862941741943, -0.40132227540016174, 0.8013353943824768, 0.5019235610961914, 0.0006361007690429688, -0.44855937361717224, -0.20129290223121643, 0.7334518432617188, 0.3271543085575104, 1.199328899383545, 0.3565375506877899, 0.3365972936153412, -1.3681949377059937, -0.7448306083679199, -0.47213494777679443, 0.6484102606773376, 1.0010424852371216, 1.0, 1.0, 1.0, 1.0, 1.0, 1.0, 1.0, 1.0, 1.0, 1.0, 1.0, 0.0]"
350,0.0,0.0,0.0,4.840777182835154e-05,0.0,360.2872009277344,3.71428977814503e-05,0.0,276.44549560546875,0.0,0.0,0.0,0.7192167639732361,0.052271146327257156,0.04793087765574455,-0.3530510663986206,-0.2679465711116791,0.3084196448326111,0.4283168911933899,0.8556338548660278,-0.7617225646972656,0.8524719476699829,-0.9062392711639404,-1.1380462646484375,0.8197759389877319,-0.9053227305412292,0.7922957539558411,"[0.7192167639732361, 0.052271146327257156, 0.04793087765574455, 0.3160831928253174, -0.13847672939300537, -0.08185046911239624, 0.035509251058101654, 0.016025610268115997, -0.9992408156394958, 0.699999988079071, 0.0, 0.0, -0.3530510663986206, -0.2679465711116791, 0.3084196448326111, 0.4283168911933899, 0.45563384890556335, -0.36172255873680115, 0.45247194170951843, -0.5062392950057983, -0.33804625272750854, 0.01977592706680298, -0.10532271862030029, -1.0371208190917969e-05, 0.5265052318572998, -0.42741790413856506, -0.36861249804496765, 0.029194800183176994, -0.4092514216899872, 0.9448750615119934, 0.7549501657485962, -2.0311713218688965, 0.8347724080085754, 0.6608635783195496, 0.9584110379219055, 0.013424675911664963, -0.5906424522399902, -0.15074965357780457, 0.6658259630203247, 0.33433037996292114, 1.0248404741287231, 0.2445826232433319, 0.288324773311615, -1.3837220668792725, -0.6378076672554016, -0.46994537115097046, 0.578023374080658, 1.0015718936920166, 1.0, 1.0, 1.0, 1.0, 1.0, 1.0, 1.0, 1.0, 1.0, 1.0, 1.0, 0.0]"
351,0.0,0.0,0.0,4.4048403651686385e-05,0.0,327.84149169921875,3.5703793400898576e-05,0.0,265.7345886230469,0.0,0.0,0.0,0.7424095869064331,0.058187611401081085,0.08579067140817642,-0.34056365489959717,-0.27508723735809326,0.302028626203537,0.40854591131210327,0.8465906977653503,-0.7365541458129883,0.8631058931350708,-0.9379757642745972,-1.1145952939987183,0.8248283863067627,-0.8797403573989868,0.7922961115837097,"[0.7424095869064331, 0.058187611401081085, 0.08579067140817642, 0.2181086242198944, -0.1314677596092224, -0.09564734250307083, 0.032726213335990906, 0.011395666748285294, -0.9993993639945984, 0.699999988079071, 0.0, 0.0, -0.34056365489959717, -0.27508723735809326, 0.302028626203537, 0.40854591131210327, 0.44659069180488586, -0.3365541398525238, 0.4631058871746063, -0.5379757881164551, -0.3145952820777893, 0.02482837438583374, -0.07974034547805786, -1.0013580322265625e-05, 0.6303288340568542, -0.334453821182251, -0.3044288754463196, -1.4935814142227173, -0.5181384086608887, 1.1599167585372925, 0.47723570466041565, -1.3769010305404663, 1.4079830646514893, 0.38006994128227234, 1.3770115375518799, 0.011977318674325943, -0.5010905265808105, -0.29117271304130554, 0.5516486167907715, 0.38152697682380676, 1.0331438779830933, 0.21108826994895935, 0.35987308621406555, -1.343153476715088, -0.5231271386146545, -0.46248605847358704, 0.5700685381889343, 0.9345314502716064, 1.0, 1.0, 1.0, 1.0, 1.0, 1.0, 1.0, 1.0, 1.0, 1.0, 1.0, 0.0]"
352,0.0,0.0,0.0,3.893100074492395e-05,0.0,289.75390625,3.306488724774681e-05,0.0,246.0938720703125,0.0,0.0,0.0,0.7656424641609192,0.05674726516008377,0.1009053960442543,-0.32637709379196167,-0.28044432401657104,0.29675301909446716,0.37099403142929077,0.8358017802238464,-0.7080217003822327,0.8697177171707153,-0.9602881073951721,-1.082027554512024,0.8255200982093811,-0.8474726676940918,0.7923011779785156,"[0.7656424641609192, 0.05674726516008377, 0.1009053960442543, 0.14096689224243164, -0.12365134060382843, -0.07760763168334961, 0.030058907344937325, 0.008388692513108253, -0.9995130300521851, 0.699999988079071, 0.0, 0.0, -0.32637709379196167, -0.28044432401657104, 0.29675301909446716, 0.37099403142929077, 0.43580177426338196, -0.3080216944217682, 0.46971771121025085, -0.5602880716323853, -0.28202754259109497, 0.02552008628845215, -0.04747265577316284, -4.947185516357422e-06, 0.7760276198387146, -0.24370360374450684, -0.22949379682540894, -1.990729570388794, -0.5854649543762207, 1.2857491970062256, 0.26720649003982544, -0.9795740842819214, 1.90846586227417, 0.21408814191818237, 1.6654869318008423, 0.00045680999755859375, -0.4543660581111908, -0.41187068819999695, 0.447783499956131, 0.4753463864326477, 0.9649041891098022, 0.1599491536617279, 0.36150333285331726, -1.2808367013931274, -0.38250088691711426, -0.48676490783691406, 0.5452395677566528, 0.8278807997703552, 1.0, 1.0, 1.0, 1.0, 1.0, 1.0, 1.0, 1.0, 1.0, 1.0, 1.0, 0.0]"
353,0.0,0.0,0.0,3.627641126513481e-05,0.0,269.9964599609375,2.9866294426028617e-05,0.0,222.28750610351562,0.0,0.0,0.0,0.7907627820968628,0.048477329313755035,0.09870501607656479,-0.30712270736694336,-0.28402626514434814,0.2925848662853241,0.333914577960968,0.8233690857887268,-0.6772874593734741,0.874030590057373,-0.9756845831871033,-1.0373356342315674,0.8227629661560059,-0.8116032481193542,0.792300820350647,"[0.7907627820968628, 0.048477329313755035, 0.09870501607656479, 0.09238594770431519, -0.07712890207767487, -0.04950566962361336, 0.02796347625553608, 0.006594812031835318, -0.9995874166488647, 0.699999988079071, 0.0, 0.0, -0.30712270736694336, -0.28402626514434814, 0.2925848662853241, 0.333914577960968, 0.42336907982826233, -0.27728745341300964, 0.47403058409690857, -0.5756845474243164, -0.23733562231063843, 0.022762954235076904, -0.011603236198425293, -5.304813385009766e-06, 1.0714787244796753, -0.17184433341026306, -0.1440962553024292, -1.7284871339797974, -0.7001028060913086, 1.3866413831710815, 0.2032296508550644, -0.6546390652656555, 2.5599067211151123, 0.03554964065551758, 1.7341500520706177, 0.0013728141784667969, -0.40798285603523254, -0.48317328095436096, 0.48773542046546936, 0.4871511161327362, 0.8752069473266602, 0.15288403630256653, 0.34427550435066223, -1.2536965608596802, -0.21252594888210297, -0.5126222968101501, 0.47646450996398926, 0.7380717992782593, 1.0, 1.0, 1.0, 1.0, 1.0, 1.0, 1.0, 1.0, 1.0, 1.0, 1.0, 0.0]"
354,0.0,0.0,0.0,3.284163904027082e-05,0.0,244.43228149414062,2.6169193006353453e-05,0.0,194.77088928222656,0.0,0.0,0.0,0.8150761127471924,0.03903845697641373,0.0824882984161377,-0.2820761203765869,-0.28618666529655457,0.2894977033138275,0.3050152063369751,0.8064599633216858,-0.644837498664856,0.8779252767562866,-0.9849502444267273,-0.9781594276428223,0.8154348134994507,-0.7765181064605713,0.7922976613044739,"[0.8150761127471924, 0.03903845697641373, 0.0824882984161377, 0.0551057793200016, 0.025044942274689674, -0.02278597094118595, 0.027527427300810814, 0.005488347727805376, -0.9996061325073242, 0.699999988079071, 0.0, 0.0, -0.2820761203765869, -0.28618666529655457, 0.2894977033138275, 0.3050152063369751, 0.4064599573612213, -0.24483749270439148, 0.47792527079582214, -0.5849502086639404, -0.1781594157218933, 0.015434801578521729, 0.023481905460357666, -8.463859558105469e-06, 1.3396435976028442, -0.09996794909238815, -0.11749440431594849, -1.2959686517715454, -1.014941692352295, 1.4686282873153687, 0.27568861842155457, -0.340327650308609, 3.393958806991577, -0.21620342135429382, 1.6335397958755493, 6.723403930664062e-05, -0.42026951909065247, -0.47055211663246155, 0.5920066833496094, 0.4692031741142273, 0.6844004392623901, 0.09724590182304382, 0.34074756503105164, -1.1849665641784668, 0.021729543805122375, -0.47918838262557983, 0.33160990476608276, 0.6328323483467102, 1.0, 1.0, 1.0, 1.0, 1.0, 1.0, 1.0, 1.0, 1.0, 1.0, 1.0, 0.0]"
355,2.1011703211115673e-05,0.0,156.38497924804688,2.0009978470625356e-05,0.0,148.9293670654297,1.4427028872887604e-05,0.0,107.37684631347656,0.0,0.0,0.0,0.8390830159187317,0.04179220274090767,0.037009578198194504,-0.2548272907733917,-0.2865770161151886,0.2883080244064331,0.28296351432800293,0.7810909748077393,-0.6129962205886841,0.8842760920524597,-0.9863765835762024,-0.9020900726318359,0.8053188323974609,-0.7478627562522888,0.7923873662948608,"[0.8390830159187317, 0.04179220274090767, 0.037009578198194504, 0.061373431235551834, 0.10925602912902832, -0.00011553679360076785, 0.029690802097320557, 0.005571266170591116, -0.9995433688163757, 0.699999988079071, 0.0, 0.0, -0.2548272907733917, -0.2865770161151886, 0.2883080244064331, 0.28296351432800293, 0.3810909688472748, -0.2129962146282196, 0.48427608609199524, -0.5863765478134155, -0.10209006071090698, 0.005318820476531982, 0.05213725566864014, 8.124113082885742e-05, 0.09151482582092285, -0.10731452703475952, -0.13039672374725342, -1.2004956007003784, -0.569169282913208, 1.4934673309326172, 0.5412515997886658, 0.18545597791671753, 2.3765859603881836, -0.3440266251564026, 1.2387120723724365, 0.07092034816741943, -0.3895927965641022, -0.4635990560054779, 0.7744657397270203, 0.48622235655784607, 0.3160437047481537, -0.19371813535690308, 0.5176486372947693, -0.8724477291107178, 0.3994212746620178, -0.21105006337165833, -0.09231193363666534, 0.3789445161819458, 1.0, 1.0, 1.0, 1.0, 1.0, 1.0, 1.0, 1.0, 1.0, 1.0, 1.0, 0.0]"
356,4.627091402653605e-05,0.0,344.3830871582031,0.0,0.0,0.0,0.0,0.0,0.0,0.0,0.0,0.0,0.8312440514564514,-0.0028064718935638666,-0.02442769706249237,-0.25590789318084717,-0.28905123472213745,0.30154967308044434,0.26043105125427246,0.8042970299720764,-0.5847905278205872,0.8884075880050659,-0.9700256586074829,-0.8933027386665344,0.8064562678337097,-0.8003825545310974,0.7923096418380737,"[0.8312440514564514, -0.0028064718935638666, -0.02442769706249237, -0.04550668224692345, -0.10682886093854904, -0.06738248467445374, 0.02984253130853176, 0.004320932552218437, -0.9995455145835876, 0.699999988079071, 0.0, 0.0, -0.25590789318084717, -0.28905123472213745, 0.30154967308044434, 0.26043105125427246, 0.40429702401161194, -0.18479052186012268, 0.48840758204460144, -0.5700256824493408, -0.09330272674560547, 0.006456255912780762, -0.00038254261016845703, 3.516674041748047e-06, 0.08372792601585388, -0.03401842713356018, 1.3740419149398804, -0.8573204278945923, 1.2815417051315308, 1.097717046737671, 0.15227919816970825, 1.2951687574386597, 0.452670693397522, 0.9597009420394897, -4.777827262878418, -0.012127414345741272, -0.2945413291454315, -0.7462478280067444, 0.8913580179214478, 0.7605541944503784, -0.02860236167907715, -1.0118447542190552, 1.0521613359451294, -0.28892675042152405, 0.6790468692779541, 0.45048320293426514, -1.0790133476257324, -0.11260107904672623, 1.0, 1.0, 1.0, 1.0, 1.0, 1.0, 1.0, 1.0, 1.0, 1.0, 1.0, 0.0]"
357,3.907084828824736e-05,0.0,290.7947692871094,0.0,0.0,0.0,0.0,0.0,0.0,0.0,0.0,0.0,0.7941382527351379,-0.02718088962137699,-0.09877236187458038,-0.2534392476081848,-0.299674928188324,0.3412962555885315,0.2521235942840576,0.826324462890625,-0.5887700915336609,0.8908022046089172,-0.9253255128860474,-0.8738295435905457,0.8933345675468445,-0.8995537161827087,0.7923070788383484,"[0.7941382527351379, -0.02718088962137699, -0.09877236187458038, 0.17380541563034058, -0.4653366804122925, -0.0183087345212698, 0.02306518517434597, 0.005531005561351776, -0.9997187256813049, 0.699999988079071, 0.0, 0.0, -0.2534392476081848, -0.299674928188324, 0.3412962555885315, 0.2521235942840576, 0.4263244569301605, -0.1887700855731964, 0.49080219864845276, -0.5253255367279053, -0.0738295316696167, 0.09333455562591553, -0.09955370426177979, 9.5367431640625e-07, -0.09283627569675446, -1.1474627256393433, 1.9115382432937622, -0.455923467874527, 1.0852842330932617, -0.9296878576278687, 0.2739478349685669, 2.758096694946289, 1.1718103885650635, 5.551417827606201, -5.283703327178955, -0.008430030196905136, -0.5904091596603394, -0.8656488656997681, 0.5439218282699585, 0.5853205919265747, 0.5507575869560242, -1.130753517150879, 1.2679907083511353, -0.4005569517612457, 0.40794432163238525, 0.8539693355560303, -1.443327784538269, -0.5503678321838379, 1.0, 1.0, 1.0, 1.0, 1.0, 1.0, 1.0, 1.0, 1.0, 1.0, 1.0, 0.0]"
358,2.422644683974795e-05,0.0,180.3115234375,0.0,0.0,0.0,0.0,0.0,0.0,0.0,0.0,0.0,0.7748740315437317,-0.016032185405492783,-0.2326049655675888,-0.2697356045246124,-0.34659433364868164,0.3608720600605011,0.232527956366539,0.8429864645004272,-0.6253628134727478,0.9072192907333374,-0.8590171933174133,-0.8405300378799438,0.9976617097854614,-1.033951759338379,0.7922812104225159,"[0.7748740315437317, -0.016032185405492783, -0.2326049655675888, 1.1932390928268433, -0.6726019382476807, 0.08109325170516968, 0.011065203696489334, -0.011978194117546082, -0.9998670220375061, 0.699999988079071, 0.0, 0.0, -0.2697356045246124, -0.34659433364868164, 0.3608720600605011, 0.232527956366539, 0.44298645853996277, -0.22536280751228333, 0.5072193145751953, -0.45901718735694885, -0.04053002595901489, 0.19766169786453247, -0.23395174741744995, -2.491474151611328e-05, -1.1577972173690796, -2.8456852436065674, 0.4814133942127228, -1.2144707441329956, 0.8796635866165161, -2.3116462230682373, 1.0257878303527832, 3.526265859603882, 1.6726170778274536, 4.854892253875732, -7.116051197052002, 0.04546090215444565, -0.4271300733089447, -0.8543327450752258, 0.7399448156356812, 0.3994426131248474, 0.42326194047927856, -1.1857646703720093, 1.0306555032730103, -0.34752461314201355, 0.35833829641342163, 0.8534815311431885, -1.4566682577133179, -0.5868094563484192, 1.0, 1.0, 1.0, 1.0, 1.0, 1.0, 1.0, 1.0, 1.0, 1.0, 1.0, 0.0]"
359,3.549102621036582e-05,0.0,264.1510314941406,0.0,0.0,0.0,0.0,0.0,0.0,0.00010963295062538236,0.0,815.97119140625,0.7390130758285522,0.009540822356939316,0.016373364254832268,-0.2614527642726898,-0.3831714391708374,0.3932887613773346,0.24002192914485931,0.8696780204772949,-0.6890708804130554,0.9012035131454468,-0.8487648367881775,-0.8400014042854309,1.0633941888809204,-1.1597793102264404,0.8144551515579224,"[0.7390130758285522, 0.009540822356939316, 0.016373364254832268, -1.7478370666503906, 0.5503324270248413, -0.21343772113323212, 0.010034749284386635, -0.003311324631795287, -0.9999440908432007, 0.699999988079071, 0.0, 0.0, -0.2614527642726898, -0.3831714391708374, 0.3932887613773346, 0.24002192914485931, 0.46967801451683044, -0.28907087445259094, 0.5012035369873047, -0.448764830827713, -0.04000139236450195, 0.26339417695999146, -0.3597792983055115, 0.02214902639389038, 1.6474084854125977, -1.083630919456482, 2.4227213859558105, 1.4875677824020386, 1.7137253284454346, -3.555155038833618, -1.372715711593628, 1.513062834739685, -1.3891366720199585, 1.922890305519104, -5.676713466644287, -1.327799916267395, -0.27385255694389343, -1.1346887350082397, 0.5396379828453064, 0.40246909856796265, 0.31062212586402893, -0.9332493543624878, 1.1115243434906006, -0.19415253400802612, 0.3148975968360901, 0.6788805723190308, -1.2453949451446533, -0.93767249584198, 1.0, 1.0, 1.0, 1.0, 1.0, 1.0, 1.0, 1.0, 1.0, 1.0, 1.0, 1.0]"
360,4.3027892388636246e-05,0.0,320.24609375,0.0,0.0,0.0,0.0,0.0,0.0,0.0,0.0,0.0,0.7375333905220032,0.07107222080230713,0.03524785861372948,-0.24420315027236938,-0.43287497758865356,0.4020530879497528,0.2523595988750458,0.8938322067260742,-0.7539244890213013,0.8682064414024353,-0.810702919960022,-0.854010820388794,1.0898433923721313,-1.2333338260650635,0.7922537326812744,"[0.7375333905220032, 0.07107222080230713, 0.03524785861372948, -0.22193732857704163, 0.45181238651275635, -0.21575628221035004, 0.022086353972554207, 0.01584070548415184, -0.9996305704116821, 0.699999988079071, 0.0, 0.0, -0.24420315027236938, -0.43287497758865356, 0.4020530879497528, 0.2523595988750458, 0.49383220076560974, -0.3539244830608368, 0.4682064354419708, -0.4107029139995575, -0.05401080846786499, 0.2898433804512024, -0.4333338141441345, -5.239248275756836e-05, 0.1463547646999359, -3.1440601348876953, -0.9717270135879517, -0.12328363209962845, 0.8669371604919434, -3.0012640953063965, -1.622950792312622, 1.8380275964736938, 0.024201301857829094, 1.5245767831802368, -1.6352671384811401, 0.09993289411067963, -1.1484473943710327, -0.09170187264680862, 0.40967077016830444, 0.823979377746582, 0.23971465229988098, -1.7140424251556396, 1.0641521215438843, -0.4660419523715973, 0.6143536567687988, 0.8454500436782837, -0.978166401386261, -0.3109035789966583, 1.0, 1.0, 1.0, 1.0, 1.0, 1.0, 1.0, 1.0, 1.0, 1.0, 1.0, 1.0]"
361,4.579913365887478e-05,0.0,340.87176513671875,0.0,0.0,0.0,0.0,0.0,0.0,3.4064287319779396e-05,0.0,253.53216552734375,0.7305875420570374,0.020263846963644028,0.009551486931741238,-0.24287331104278564,-0.46515244245529175,0.37624815106391907,0.251347154378891,0.909162163734436,-0.8134645819664001,0.8399729132652283,-0.7889465093612671,-0.844814121723175,1.1258002519607544,-1.22895085811615,0.7962884902954102,"[0.7305875420570374, 0.020263846963644028, 0.009551486931741238, -0.5359903573989868, 0.20772264897823334, -0.07451552152633667, 0.026318922638893127, 0.018306389451026917, -0.9994863271713257, 0.699999988079071, 0.0, 0.0, -0.24287331104278564, -0.46515244245529175, 0.37624815106391907, 0.251347154378891, 0.509162187576294, -0.41346457600593567, 0.4399729073047638, -0.3889465034008026, -0.044814109802246094, 0.32580024003982544, -0.42895084619522095, 0.003982365131378174, 0.47694429755210876, -0.14430466294288635, -0.7707499861717224, 0.3792671263217926, 0.9030043482780457, -3.105532169342041, -1.375522494316101, 1.2145212888717651, 0.2595866024494171, 2.006242275238037, 0.8092451691627502, -0.27037471532821655, -0.7562286853790283, -0.5373112559318542, 0.6625953912734985, 0.5702838897705078, 0.21190936863422394, -1.3763164281845093, 1.0591918230056763, -0.6137878894805908, 0.588178813457489, 0.9759643077850342, -0.7880142331123352, -0.4962172508239746, 1.0, 1.0, 1.0, 1.0, 1.0, 1.0, 1.0, 1.0, 1.0, 1.0, 1.0, 1.0]"
362,4.516568151302636e-05,0.0,336.1571350097656,0.0,0.0,0.0,0.0,0.0,0.0,3.335170913487673e-05,0.0,248.2285919189453,0.7329636812210083,-0.009933211840689182,0.02074717916548252,-0.23225043714046478,-0.4426093101501465,0.3673131465911865,0.2612086832523346,0.9250777959823608,-0.8755548596382141,0.8187851309776306,-0.7666184902191162,-0.8343769907951355,1.1680649518966675,-1.2015877962112427,0.7954332232475281,"[0.7329636812210083, -0.009933211840689182, 0.02074717916548252, -0.48607584834098816, 0.1179545521736145, -0.026534687727689743, 0.028722412884235382, 0.029415767639875412, -0.999154806137085, 0.699999988079071, 0.0, 0.0, -0.23225043714046478, -0.4426093101501465, 0.3673131465911865, 0.2612086832523346, 0.5250778198242188, -0.47555485367774963, 0.41878512501716614, -0.36661848425865173, -0.03437697887420654, 0.3680649399757385, -0.4015877842903137, 0.0031270980834960938, 0.4788912534713745, 1.6128184795379639, -0.412386417388916, 0.44713646173477173, 0.696092963218689, -2.922262191772461, -0.9509119987487793, 1.0372166633605957, 0.6783451437950134, 1.4992908239364624, 1.8558651208877563, 0.049508415162563324, -0.8296941518783569, -0.4819105267524719, 0.5903335809707642, 0.7410200834274292, 0.2058047354221344, -1.317008137702942, 0.9583361148834229, -0.45152488350868225, 0.6058139801025391, 0.844953179359436, -0.6434585452079773, -0.44127532839775085, 1.0, 1.0, 1.0, 1.0, 1.0, 1.0, 1.0, 1.0, 1.0, 1.0, 1.0, 1.0]"
363,4.257446198607795e-05,0.0,316.8713073730469,0.0,0.0,0.0,0.0,0.0,0.0,3.28392161463853e-05,0.0,244.4142608642578,0.7490689158439636,-0.0060773272998631,0.06951596587896347,-0.2288595736026764,-0.4061034023761749,0.35390353202819824,0.2630607783794403,0.9330610632896423,-0.9196739196777344,0.8019768595695496,-0.7440438270568848,-0.8117557764053345,1.1654951572418213,-1.1553040742874146,0.7948950529098511,"[0.7490689158439636, -0.0060773272998631, 0.06951596587896347, -0.061166297644376755, 0.16121366620063782, -0.06347154080867767, 0.030960295349359512, 0.03224831819534302, -0.9990004897117615, 0.699999988079071, 0.0, 0.0, -0.2288595736026764, -0.4061034023761749, 0.35390353202819824, 0.2630607783794403, 0.5330610275268555, -0.5196739435195923, 0.4019768536090851, -0.3440438210964203, -0.011755764484405518, 0.36549514532089233, -0.3553040623664856, 0.002588927745819092, 0.10437103360891342, 1.9797217845916748, -0.7740205526351929, 0.0018082670867443085, 0.2594490945339203, -1.6675724983215332, -0.9884538650512695, 1.157265543937683, 1.28861665725708, -1.5556060075759888, 3.0837149620056152, -0.16724947094917297, -0.7532849311828613, -0.663419246673584, 0.5640657544136047, 0.9101239442825317, 0.21844761073589325, -1.1168603897094727, 0.7111266851425171, -0.4115830659866333, 0.6092438697814941, 0.44951432943344116, -0.2566198706626892, -0.4905124604701996, 1.0, 1.0, 1.0, 1.0, 1.0, 1.0, 1.0, 1.0, 1.0, 1.0, 1.0, 1.0]"
364,3.4583012165967375e-05,0.0,257.3929138183594,0.0,0.0,0.0,0.0,0.0,0.0,2.5904497306328267e-05,0.0,192.80084228515625,0.7618372440338135,-0.00015606224769726396,0.0807802602648735,-0.23257212340831757,-0.37015753984451294,0.33149445056915283,0.25661250948905945,0.9333617687225342,-0.9352953433990479,0.7763493657112122,-0.7211930155754089,-0.7771167159080505,1.1011464595794678,-1.0709662437438965,0.7945457696914673,"[0.7618372440338135, -0.00015606224769726396, 0.0807802602648735, 0.2880854606628418, 0.13067372143268585, -0.1039850264787674, 0.03308231011033058, 0.027214886620640755, -0.9990822672843933, 0.699999988079071, 0.0, 0.0, -0.23257212340831757, -0.37015753984451294, 0.33149445056915283, 0.25661250948905945, 0.5333617925643921, -0.5352953672409058, 0.3763493597507477, -0.32119300961494446, 0.022883296012878418, 0.3011464476585388, -0.27096623182296753, 0.0022396445274353027, -0.21545934677124023, 1.8453782796859741, -1.200116753578186, -0.36918386816978455, -0.03399050980806351, -0.19951502978801727, -1.612674355506897, 1.1082850694656372, 1.7930656671524048, -4.6498003005981445, 5.079646110534668, 0.012149117887020111, -0.961768627166748, -0.5651334524154663, 0.5000694990158081, 1.0150374174118042, 0.2948998212814331, -0.8949557542800903, 0.4686012864112854, -0.415693461894989, 0.49029093980789185, -0.05463705211877823, 0.23802264034748077, -0.47457173466682434, 1.0, 1.0, 1.0, 1.0, 1.0, 1.0, 1.0, 1.0, 1.0, 1.0, 1.0, 0.0]"
365,1.617649286345113e-05,0.0,120.39767456054688,0.0,0.0,0.0,2.8236940124770626e-05,0.0,210.16064453125,1.7311645933659747e-05,0.0,128.84634399414062,0.7833536267280579,-0.005876415409147739,0.04872838407754898,-0.23788313567638397,-0.3323970139026642,0.30853164196014404,0.2484770566225052,0.9327232241630554,-0.9226295948028564,0.7370208501815796,-0.6986836194992065,-0.7413504123687744,0.9902074337005615,-0.9617656469345093,0.7941076755523682,"[0.7833536267280579, -0.005876415409147739, 0.04872838407754898, 0.1589178889989853, 0.1525057852268219, -0.10678359866142273, 0.035844504833221436, 0.020636441186070442, -0.999144434928894, 0.699999988079071, 0.0, 0.0, -0.23788313567638397, -0.3323970139026642, 0.30853164196014404, 0.2484770566225052, 0.5327231884002686, -0.5226296186447144, 0.3370208442211151, -0.29868361353874207, 0.05864959955215454, 0.19020742177963257, -0.16176563501358032, 0.0018015503883361816, -0.0976894423365593, 2.2030436992645264, -0.26025691628456116, -0.2891691029071808, 0.0879344567656517, 1.2544082403182983, -1.0906872749328613, 1.2200756072998047, 1.6355429887771606, -6.135075092315674, 4.143614292144775, -0.08636866509914398, -0.6775652170181274, -0.556516706943512, 0.5856248140335083, 0.7991583347320557, 0.7258089184761047, -0.0646086037158966, 0.3293745815753937, -0.789085865020752, 0.16047558188438416, -0.5569511651992798, 0.5168623328208923, -0.07599469274282455, 1.0, 1.0, 1.0, 1.0, 0.0, 1.0, 1.0, 1.0, 1.0, 1.0, 1.0, 1.0]"
366,0.0,0.0,0.0,0.0,0.0,0.0,5.184972906135954e-05,0.0,385.90484619140625,8.568162229494192e-06,0.0,63.77073669433594,0.7883356213569641,0.025616932660341263,0.0050418442115187645,-0.24977563321590424,-0.2782229781150818,0.3142344355583191,0.2529837489128113,0.9462267160415649,-0.8733208179473877,0.7632947564125061,-0.6747892498970032,-0.8169480562210083,0.8549360036849976,-0.9597902297973633,0.7946711182594299,"[0.7883356213569641, 0.025616932660341263, 0.0050418442115187645, -0.3953199088573456, -0.031758472323417664, -0.07997633516788483, 0.036368075758218765, 0.025555843487381935, -0.9990119338035583, 0.699999988079071, 0.0, 0.0, -0.24977563321590424, -0.2782229781150818, 0.3142344355583191, 0.2529837489128113, 0.5462267398834229, -0.4733208119869232, 0.3632947504520416, -0.2747892439365387, -0.016948044300079346, 0.054935991764068604, -0.15979021787643433, 0.0023649930953979492, -1.322211742401123, 2.741086483001709, 0.3799571394920349, 0.25386375188827515, 1.0141191482543945, 3.206665277481079, 1.289886474609375, 1.3981883525848389, -7.324779987335205, -7.139832973480225, 0.19633576273918152, -0.07733412086963654, -1.2386153936386108, -0.5300850868225098, 0.3742733299732208, 0.5006153583526611, 1.5420702695846558, 0.03687891364097595, -0.6829251050949097, -1.068297028541565, -2.0980122089385986, -0.8109403848648071, 1.3328239917755127, 0.5103753805160522, 1.0, 1.0, 1.0, 1.0, 1.0, 1.0, 1.0, 1.0, 1.0, 1.0, 1.0, 1.0]"
367,0.0,0.0,0.0,6.265123374760151e-05,0.0,466.2977600097656,4.792705294676125e-05,0.0,356.7093505859375,0.0,0.0,0.0,0.7294442653656006,0.09137973934412003,0.09542543441057205,-0.30815163254737854,-0.2639795243740082,0.3147355616092682,0.25302159786224365,0.9654322862625122,-0.8227668404579163,0.7822732925415039,-0.6519284844398499,-0.9591140151023865,0.8024760484695435,-0.949030876159668,0.7923118472099304,"[0.7294442653656006, 0.09137973934412003, 0.09542543441057205, 0.19109222292900085, 0.11284711211919785, -0.04110221564769745, 0.036203477531671524, 0.028025789186358452, -0.9989511966705322, 0.699999988079071, 0.0, 0.0, -0.30815163254737854, -0.2639795243740082, 0.3147355616092682, 0.25302159786224365, 0.5654323101043701, -0.4227668344974518, 0.38227328658103943, -0.2519284784793854, -0.15911400318145752, 0.002476036548614502, -0.149030864238739, 5.7220458984375e-06, -3.615732192993164, -0.40490010380744934, -0.3128145635128021, -0.054220594465732574, 0.6207268834114075, 0.3220955729484558, 1.1153068542480469, 0.7394663691520691, -6.260952472686768, 0.9471269845962524, 0.09465647488832474, 0.010424405336380005, -0.48044058680534363, -0.5171065926551819, -0.35697314143180847, 0.9413806200027466, 1.0960898399353027, -0.4340789020061493, 0.4698643982410431, -1.310967206954956, -1.6105448007583618, -0.522848904132843, 0.5997905135154724, 0.6155288219451904, 1.0, 1.0, 1.0, 1.0, 1.0, 1.0, 1.0, 1.0, 1.0, 1.0, 1.0, 1.0]"
368,0.0,0.0,0.0,3.064149132114835e-05,0.0,228.05712890625,3.4665034036152065e-05,0.0,258.0033874511719,0.0,0.0,0.0,0.6804783344268799,0.053989339619874954,0.10064829885959625,-0.3578379452228546,-0.2660067081451416,0.3115905821323395,0.27771666646003723,0.9675463438034058,-0.7982659935951233,0.7970777153968811,-0.66825932264328,-1.0883560180664062,0.7957311272621155,-0.9407907724380493,0.7923027873039246,"[0.6804783344268799, 0.053989339619874954, 0.10064829885959625, -0.0724872499704361, 0.24079449474811554, -0.01238499116152525, 0.03997303545475006, 0.027062710374593735, -0.9988342523574829, 0.699999988079071, 0.0, 0.0, -0.3578379452228546, -0.2660067081451416, 0.3115905821323395, 0.27771666646003723, 0.5675463676452637, -0.3982659876346588, 0.3970777094364166, -0.26825931668281555, -0.2883560061454773, -0.0042688846588134766, -0.14079076051712036, -3.337860107421875e-06, -1.5573973655700684, 0.042638421058654785, -0.021665140986442566, 2.06790828704834, -0.20446544885635376, 1.1179287433624268, 0.6885471940040588, -1.726202130317688, -7.256753444671631, -0.32986781001091003, 0.3767704963684082, 0.004721044097095728, -0.5134316086769104, -0.7695937156677246, 0.4165259301662445, 0.7763903141021729, 1.2580646276474, -0.13342490792274475, 0.5238920450210571, -1.5069433450698853, -1.2242059707641602, -0.29931551218032837, 0.5920009613037109, 0.9863486289978027, 1.0, 1.0, 1.0, 1.0, 1.0, 1.0, 1.0, 1.0, 1.0, 1.0, 1.0, 1.0]"
369,0.0,0.0,0.0,2.1865504095330834e-05,0.0,162.73960876464844,2.9936583814560436e-05,0.0,222.8106689453125,0.0,0.0,0.0,0.6527200937271118,0.04232650250196457,0.04889662191271782,-0.3625923991203308,-0.26530221104621887,0.3117099404335022,0.3319752812385559,0.9500595927238464,-0.7781646251678467,0.8110582828521729,-0.7251421809196472,-1.1922882795333862,0.793998122215271,-0.9327512383460999,0.7923014760017395,"[0.6527200937271118, 0.04232650250196457, 0.04889662191271782, 0.06006051227450371, 0.10464855283498764, -0.03753829374909401, 0.043438851833343506, 0.028498250991106033, -0.9986497759819031, 0.699999988079071, 0.0, 0.0, -0.3625923991203308, -0.26530221104621887, 0.3117099404335022, 0.3319752812385559, 0.5500595569610596, -0.3781646192073822, 0.4110582768917084, -0.32514217495918274, -0.3922882676124573, -0.006001889705657959, -0.1327512264251709, -4.649162292480469e-06, 0.23628386855125427, -0.10955151170492172, -0.11780092865228653, 2.8180391788482666, -1.2867647409439087, 0.8274688720703125, 0.7128183841705322, -3.352437734603882, -2.681633949279785, 0.21641655266284943, 0.4627835154533386, -0.0009913444519042969, -0.6820772290229797, -0.47654107213020325, 0.21831773221492767, 0.8465899229049683, 1.2570085525512695, -0.13964250683784485, 0.6150907278060913, -1.3125120401382446, -0.897613525390625, -0.42338111996650696, 0.6243550777435303, 0.936893105506897, 1.0, 1.0, 1.0, 1.0, 1.0, 1.0, 1.0, 1.0, 1.0, 1.0, 1.0, 0.0]"
370,0.0,0.0,0.0,3.7850877561140805e-05,0.0,281.7148132324219,3.4133565350202844e-05,0.0,254.0477752685547,0.0,0.0,0.0,0.6664575338363647,0.06251997500658035,0.0209805965423584,-0.36359235644340515,-0.27423474192619324,0.3032025396823883,0.38134390115737915,0.9243952631950378,-0.758571207523346,0.8291381001472473,-0.797364354133606,-1.1993234157562256,0.7991235852241516,-0.9250447750091553,0.7923058271408081,"[0.6664575338363647, 0.06251997500658035, 0.0209805965423584, 0.5185533761978149, -0.0627177283167839, -0.03975057974457741, 0.04309024661779404, 0.021241851150989532, -0.9988453388214111, 0.699999988079071, 0.0, 0.0, -0.36359235644340515, -0.27423474192619324, 0.3032025396823883, 0.38134390115737915, 0.524395227432251, -0.35857120156288147, 0.42913809418678284, -0.3973643481731415, -0.39932340383529663, -0.0008764266967773438, -0.12504476308822632, -2.980232238769531e-07, -0.16465087234973907, -0.6075719594955444, -0.580044150352478, 2.108121395111084, -1.2679990530014038, 0.8910287022590637, 0.954831600189209, -3.6098170280456543, 0.7767441868782043, 0.4686870574951172, 0.3979068696498871, 0.002821683883666992, -0.3763209879398346, -0.2712300717830658, 0.7188313007354736, 0.3020297586917877, 1.168259859085083, 0.44915637373924255, 0.3923633396625519, -1.3933058977127075, -0.6663320660591125, -0.4945375621318817, 0.6727598309516907, 1.1394009590148926, 1.0, 1.0, 1.0, 1.0, 1.0, 1.0, 1.0, 1.0, 1.0, 1.0, 1.0, 0.0]"
371,0.0,0.0,0.0,4.8571011575404555e-05,0.0,361.5021667480469,3.804232619586401e-05,0.0,283.1397399902344,0.0,0.0,0.0,0.6917648911476135,0.06358184665441513,0.05243225023150444,-0.3549330532550812,-0.28537771105766296,0.2932300567626953,0.40655699372291565,0.8975511193275452,-0.736152172088623,0.8454868197441101,-0.8619937300682068,-1.1573946475982666,0.8039370775222778,-0.9116976857185364,0.7923067808151245,"[0.6917648911476135, 0.06358184665441513, 0.05243225023150444, 0.3646276295185089, -0.08792363107204437, -0.10351470857858658, 0.041230205446481705, 0.012606622651219368, -0.9990702271461487, 0.699999988079071, 0.0, 0.0, -0.3549330532550812, -0.28537771105766296, 0.2932300567626953, 0.40655699372291565, 0.4975511133670807, -0.33615216612815857, 0.44548681378364563, -0.4619937241077423, -0.35739463567733765, 0.003937065601348877, -0.11169767379760742, 6.556510925292969e-07, 0.7902648448944092, -0.5238832235336304, -0.4150080382823944, 0.6767092943191528, -1.4147669076919556, 0.9797524213790894, 0.7829005122184753, -2.9501214027404785, 2.530734062194824, 0.5340132713317871, 0.7378267645835876, 0.007005929946899414, -0.5723034143447876, -0.172482430934906, 0.6344481706619263, 0.3253386318683624, 0.997860312461853, 0.32887616753578186, 0.31657159328460693, -1.382314920425415, -0.5428417921066284, -0.4993561804294586, 0.6083128452301025, 1.069516658782959, 1.0, 1.0, 1.0, 1.0, 1.0, 1.0, 1.0, 1.0, 1.0, 1.0, 1.0, 0.0]"
372,0.0,0.0,0.0,4.45696605311241e-05,0.0,331.7210998535156,3.665831536636688e-05,0.0,272.8388671875,0.0,0.0,0.0,0.7201043367385864,0.07395855337381363,0.09162764251232147,-0.33609646558761597,-0.2933995723724365,0.28652626276016235,0.3993862569332123,0.8691778779029846,-0.709808349609375,0.856378972530365,-0.9107666611671448,-1.1129882335662842,0.8042911291122437,-0.8894992470741272,0.7923063039779663,"[0.7201043367385864, 0.07395855337381363, 0.09162764251232147, 0.22472795844078064, -0.08173240721225739, -0.13106928765773773, 0.039445970207452774, 0.007677671033889055, -0.9991921186447144, 0.699999988079071, 0.0, 0.0, -0.33609646558761597, -0.2933995723724365, 0.28652626276016235, 0.3993862569332123, 0.46917787194252014, -0.3098083436489105, 0.4563789665699005, -0.5107666254043579, -0.3129882216453552, 0.004291117191314697, -0.08949923515319824, 1.7881393432617188e-07, 0.9248713254928589, -0.39237499237060547, -0.3151809573173523, -0.9399286508560181, -1.4362462759017944, 1.1917097568511963, 0.5042576193809509, -2.1461868286132812, 2.0653860569000244, 0.24889373779296875, 1.188308596611023, 0.00588679313659668, -0.44957253336906433, -0.27467405796051025, 0.5523244738578796, 0.36894893646240234, 1.0113534927368164, 0.292040079832077, 0.40941357612609863, -1.3509949445724487, -0.46524858474731445, -0.48336517810821533, 0.5783166885375977, 0.932416558265686, 1.0, 1.0, 1.0, 1.0, 1.0, 1.0, 1.0, 1.0, 1.0, 1.0, 1.0, 0.0]"
373,0.0,0.0,0.0,3.686830314109102e-05,0.0,274.4017639160156,3.255856427131221e-05,0.0,242.32542419433594,0.0,0.0,0.0,0.7502683401107788,0.07693788409233093,0.10443320870399475,-0.31634488701820374,-0.2986008822917938,0.2820439338684082,0.37049251794815063,0.8422367572784424,-0.6806486248970032,0.8629553318023682,-0.9449865818023682,-1.0742028951644897,0.8016523122787476,-0.859569787979126,0.7923049330711365,"[0.7502683401107788, 0.07693788409233093, 0.10443320870399475, 0.05156645178794861, -0.08658510446548462, -0.11296407133340836, 0.03761722519993782, 0.0057095857337117195, -0.999275803565979, 0.699999988079071, 0.0, 0.0, -0.31634488701820374, -0.2986008822917938, 0.2820439338684082, 0.37049251794815063, 0.4422367513179779, -0.2806486189365387, 0.4629553258419037, -0.5449866056442261, -0.2742028832435608, 0.0016523003578186035, -0.05956977605819702, -1.1920928955078125e-06, 1.042984962463379, -0.19508910179138184, -0.18419763445854187, -1.6126505136489868, -1.328696846961975, 1.3133158683776855, 0.26365262269973755, -1.463300347328186, 2.129781723022461, 0.06688190996646881, 1.6120374202728271, 0.0022025108337402344, -0.43533656001091003, -0.36950695514678955, 0.393054336309433, 0.5067728757858276, 0.9387127161026001, 0.17283782362937927, 0.4511142373085022, -1.2154513597488403, -0.28533023595809937, -0.5109960436820984, 0.5078447461128235, 0.7858369946479797, 1.0, 1.0, 1.0, 1.0, 1.0, 1.0, 1.0, 1.0, 1.0, 1.0, 1.0, 0.0]"
374,0.0,0.0,0.0,3.1707542802905664e-05,0.0,235.99148559570312,2.540991408750415e-05,0.0,189.11978149414062,0.0,0.0,0.0,0.7820040583610535,0.07237239927053452,0.08873338997364044,-0.29331839084625244,-0.30095764994621277,0.27959877252578735,0.3393191993236542,0.8166542649269104,-0.6505691409111023,0.8677374720573425,-0.9662265181541443,-1.0228450298309326,0.7978540658950806,-0.826200544834137,0.792302668094635,"[0.7820040583610535, 0.07237239927053452, 0.08873338997364044, -0.015019004233181477, -0.035466551780700684, -0.06502579152584076, 0.036287616938352585, 0.006136219948530197, -0.9993228912353516, 0.699999988079071, 0.0, 0.0, -0.29331839084625244, -0.30095764994621277, 0.27959877252578735, 0.3393191993236542, 0.4166542589664459, -0.2505691349506378, 0.46773746609687805, -0.5662264823913574, -0.22284501791000366, -0.0021459460258483887, -0.026200532913208008, -3.4570693969726562e-06, 1.210707426071167, -0.09919040650129318, -0.11260329186916351, -1.500982642173767, -1.3420193195343018, 1.3883047103881836, 0.26676326990127563, -0.8250440359115601, 3.1266326904296875, -0.09586702287197113, 1.6033815145492554, 0.0006672143936157227, -0.38518765568733215, -0.43930307030677795, 0.4583154022693634, 0.5146266222000122, 0.7698076963424683, 0.10521402955055237, 0.511427640914917, -1.1326429843902588, -0.01852262020111084, -0.5286053419113159, 0.3543510437011719, 0.6317998170852661, 1.0, 1.0, 1.0, 1.0, 1.0, 1.0, 1.0, 1.0, 1.0, 1.0, 1.0, 0.0]"
375,0.0,0.0,0.0,2.3888625946710818e-05,0.0,177.7971954345703,1.575405622133985e-05,0.0,117.25357818603516,0.0,0.0,0.0,0.8093135952949524,0.06458555907011032,0.03818156197667122,-0.26669543981552124,-0.30250391364097595,0.2775109112262726,0.3121052384376526,0.786135733127594,-0.6204321384429932,0.8751521110534668,-0.974593997001648,-0.9461521506309509,0.7912729382514954,-0.798380970954895,0.7923029661178589,"[0.8093135952949524, 0.06458555907011032, 0.03818156197667122, -0.020521437749266624, 0.10326654464006424, -0.01611744426190853, 0.037137471139431, 0.00656864745542407, -0.9992889165878296, 0.699999988079071, 0.0, 0.0, -0.26669543981552124, -0.30250391364097595, 0.2775109112262726, 0.3121052384376526, 0.3861357271671295, -0.2204321324825287, 0.4751521050930023, -0.5745940208435059, -0.14615213871002197, -0.008727073669433594, 0.0016190409660339355, -3.159046173095703e-06, 1.4146703481674194, -0.05847863852977753, -0.07931363582611084, -1.3004156351089478, -1.7269282341003418, 1.3819656372070312, 0.542185366153717, -0.1467321217060089, 4.400112628936768, -0.25801366567611694, 1.0832284688949585, 0.0015128850936889648, -0.3966446816921234, -0.43162426352500916, 0.5832808613777161, 0.48741409182548523, 0.47659316658973694, -0.10916057229042053, 0.5929820537567139, -0.9403173923492432, 0.30674827098846436, -0.39146187901496887, 0.05033023655414581, 0.3939611613750458, 1.0, 1.0, 1.0, 1.0, 1.0, 1.0, 1.0, 1.0, 1.0, 1.0, 1.0, 0.0]"
376,2.8333795853541233e-05,0.0,210.8815155029297,2.8202578050695593e-06,0.0,20.990489959716797,0.0,0.0,0.0,0.0,0.0,0.0,0.8251557350158691,0.05079396814107895,-0.019710080698132515,-0.26509955525398254,-0.307332843542099,0.2787493169307709,0.2820335328578949,0.7971363067626953,-0.5914464592933655,0.8837077021598816,-0.9658470749855042,-0.9218620657920837,0.7872540354728699,-0.8122178912162781,0.7923067212104797,"[0.8251557350158691, 0.05079396814107895, -0.019710080698132515, 0.12975268065929413, -0.013802502304315567, -0.05796581134200096, 0.03822345659136772, 0.003898423397913575, -0.999261736869812, 0.699999988079071, 0.0, 0.0, -0.26509955525398254, -0.307332843542099, 0.2787493169307709, 0.2820335328578949, 0.39713630080223083, -0.191446453332901, 0.4837076961994171, -0.5658470392227173, -0.12186205387115479, -0.012745976448059082, -0.012217879295349121, 5.960464477539062e-07, -0.3035890758037567, -0.25174590945243835, 0.47973671555519104, -1.440735101699829, 1.1391812562942505, 1.3683468103408813, 0.34579557180404663, 0.824676513671875, 0.3091229498386383, 0.05488076061010361, -2.9745090007781982, -0.007516250014305115, -0.41180071234703064, -0.5307967662811279, 0.8340681195259094, 0.5860956907272339, 0.09657275676727295, -0.6523383855819702, 0.7601872682571411, -0.630044162273407, 0.5701396465301514, 0.15023267269134521, -0.618401825428009, 0.015478156507015228, 1.0, 1.0, 1.0, 1.0, 1.0, 1.0, 1.0, 1.0, 1.0, 1.0, 1.0, 0.0]"
377,3.9979524444788694e-05,0.0,297.55780029296875,0.0,0.0,0.0,0.0,0.0,0.0,0.0,0.0,0.0,0.787652850151062,0.008558147586882114,-0.09271449595689774,-0.26499420404434204,-0.30983808636665344,0.3063022792339325,0.2612830400466919,0.8208589553833008,-0.5796526074409485,0.8852243423461914,-0.9343613386154175,-0.9073492288589478,0.8332436680793762,-0.8877626061439514,0.792304515838623,"[0.787652850151062, 0.008558147586882114, -0.09271449595689774, 0.045810796320438385, -0.4013974666595459, -0.03637855872511864, 0.03311336413025856, 0.004125782288610935, -0.9994430541992188, 0.699999988079071, 0.0, 0.0, -0.26499420404434204, -0.30983808636665344, 0.3063022792339325, 0.2612830400466919, 0.4208589494228363, -0.179652601480484, 0.48522433638572693, -0.5343613624572754, -0.1073492169380188, 0.033243656158447266, -0.08776259422302246, -1.6093254089355469e-06, -0.0317632332444191, -0.3604629933834076, 1.6783281564712524, -0.932949423789978, 1.2595181465148926, -0.10916821658611298, 0.07891523092985153, 2.005178451538086, 0.8167847394943237, 4.4775872230529785, -4.320601940155029, -0.010907219722867012, -0.48211297392845154, -0.8146935105323792, 0.6072516441345215, 0.6670982837677002, 0.4149746298789978, -1.0420700311660767, 1.279437780380249, -0.4401162266731262, 0.49983489513397217, 0.6875869035720825, -1.2067267894744873, -0.4494808316230774, 1.0, 1.0, 1.0, 1.0, 1.0, 1.0, 1.0, 1.0, 1.0, 1.0, 1.0, 0.0]"
378,3.10861250909511e-05,0.0,231.36642456054688,0.0,0.0,0.0,0.0,0.0,0.0,0.0,0.0,0.0,0.7631086707115173,0.003359631635248661,-0.2025679498910904,-0.2750681936740875,-0.3354460895061493,0.3343197703361511,0.23950475454330444,0.8415288329124451,-0.6012462973594666,0.8967395424842834,-0.882931649684906,-0.8805320262908936,0.9403946995735168,-1.004090666770935,0.7923039793968201,"[0.7631086707115173, 0.003359631635248661, -0.2025679498910904, 0.8252573013305664, -0.676053524017334, 0.04091883823275566, 0.021571598947048187, -0.006438760552555323, -0.9997465014457703, 0.699999988079071, 0.0, 0.0, -0.2750681936740875, -0.3354460895061493, 0.3343197703361511, 0.23950475454330444, 0.4415288269519806, -0.20124629139900208, 0.49673953652381897, -0.48293164372444153, -0.0805320143699646, 0.1403946876525879, -0.2040906548500061, -2.1457672119140625e-06, -0.8108677268028259, -1.7832896709442139, 1.1657767295837402, -1.2327747344970703, 1.014133095741272, -1.5676765441894531, 0.8586296439170837, 2.9108641147613525, 1.4696440696716309, 5.201374530792236, -6.3684868812561035, -0.009622329846024513, -0.5344958901405334, -0.7543405294418335, 0.7635021805763245, 0.3938662111759186, 0.43165260553359985, -1.112231731414795, 1.087634563446045, -0.3403865694999695, 0.37851113080978394, 0.8672587871551514, -1.4080876111984253, -0.575671911239624, 1.0, 1.0, 1.0, 1.0, 1.0, 1.0, 1.0, 1.0, 1.0, 1.0, 1.0, 0.0]"
379,3.4063075872836635e-05,0.0,253.52313232421875,0.0,0.0,0.0,0.0,0.0,0.0,7.739977445453405e-05,0.0,576.0675659179688,0.7241852283477783,0.001848698011599481,-0.07949496060609818,-0.28074708580970764,-0.36685433983802795,0.36814355850219727,0.23239773511886597,0.8651031851768494,-0.6494020223617554,0.9061568975448608,-0.8622941970825195,-0.8619251847267151,1.028733253479004,-1.1281107664108276,0.8216419219970703,"[0.7241852283477783, 0.001848698011599481, -0.07949496060609818, -1.182845115661621, 0.05468518286943436, -0.1368916928768158, 0.011328820139169693, -0.012144304811954498, -0.9998624324798584, 0.699999988079071, 0.0, 0.0, -0.28074708580970764, -0.36685433983802795, 0.36814355850219727, 0.23239773511886597, 0.4651031792163849, -0.2494020164012909, 0.5061569213867188, -0.46229419112205505, -0.06192517280578613, 0.22873324155807495, -0.3281107544898987, 0.02933579683303833, 1.0960032939910889, -0.5672863721847534, 2.9702508449554443, 1.2306910753250122, 1.6499239206314087, -2.9865617752075195, -0.5341973304748535, 1.3661220073699951, -0.6357181072235107, 3.3164448738098145, -5.664593696594238, 0.08922147750854492, -0.3776337206363678, -0.964633047580719, 0.6752523183822632, 0.40703850984573364, 0.35774117708206177, -1.0062806606292725, 1.116658329963684, -0.2467363327741623, 0.34734487533569336, 0.7767651677131653, -1.3014215230941772, -0.7575729489326477, 1.0, 1.0, 1.0, 1.0, 1.0, 1.0, 1.0, 1.0, 1.0, 1.0, 1.0, 1.0]"
380,4.215086664771661e-05,0.0,313.7185974121094,0.0,0.0,0.0,0.0,0.0,0.0,1.3367560313781723e-05,0.0,99.49148559570312,0.7138519883155823,0.07084475457668304,0.08793992549180984,-0.25400927662849426,-0.3902350068092346,0.4125646948814392,0.25462210178375244,0.8940053582191467,-0.7144748568534851,0.8797786831855774,-0.8276734352111816,-0.8805078268051147,1.0795501470565796,-1.2215436697006226,0.7892824411392212,"[0.7138519883155823, 0.07084475457668304, 0.08793992549180984, -1.2198339700698853, 0.6253508925437927, -0.24999623000621796, 0.02106911689043045, 0.016933046281337738, -0.999634325504303, 0.699999988079071, 0.0, 0.0, -0.25400927662849426, -0.3902350068092346, 0.4125646948814392, 0.25462210178375244, 0.49400535225868225, -0.31447485089302063, 0.4797786772251129, -0.42767342925071716, -0.08050781488418579, 0.27955013513565063, -0.4215436577796936, -0.003023684024810791, 1.096530556678772, -1.7336934804916382, 1.1960089206695557, 0.9403891563415527, 1.194208025932312, -3.3066632747650146, -1.6535652875900269, 1.9563137292861938, -0.752035915851593, 2.3879499435424805, -3.339369058609009, -1.9836372137069702, -0.9803712964057922, -0.31751784682273865, 0.4862964451313019, 0.6956300735473633, 0.29386839270591736, -1.5678397417068481, 1.0750919580459595, -0.2911888360977173, 0.5583820343017578, 0.8583598136901855, -1.1173144578933716, -0.2848100960254669, 1.0, 1.0, 1.0, 1.0, 1.0, 1.0, 1.0, 1.0, 1.0, 1.0, 1.0, 1.0]"
381,4.172862463747151e-05,0.0,310.5759582519531,0.0,0.0,0.0,0.0,0.0,0.0,4.090038419235498e-05,0.0,304.41156005859375,0.6954752206802368,0.0688694566488266,0.011566161178052425,-0.2518884837627411,-0.42613664269447327,0.400421679019928,0.25309064984321594,0.9092078804969788,-0.7787028551101685,0.8527870774269104,-0.7946876287460327,-0.8744328618049622,1.1239672899246216,-1.242078185081482,0.7937729954719543,"[0.6954752206802368, 0.0688694566488266, 0.011566161178052425, -0.05636586248874664, 0.14958249032497406, -0.1008838415145874, 0.026953641325235367, 0.021173063665628433, -0.9994122385978699, 0.699999988079071, 0.0, 0.0, -0.2518884837627411, -0.42613664269447327, 0.400421679019928, 0.25309064984321594, 0.5092078447341919, -0.378702849149704, 0.4527870714664459, -0.39468762278556824, -0.0744328498840332, 0.3239672780036926, -0.442078173160553, 0.0014668703079223633, -0.02478060871362686, -1.1075466871261597, -0.9117716550827026, -0.1008201390504837, 0.6760163903236389, -3.2595348358154297, -1.2008988857269287, 0.25755226612091064, 0.6016933917999268, 2.145744800567627, 0.14763113856315613, 1.384451985359192, -0.8870469331741333, -0.34527862071990967, 0.6608144044876099, 0.6940687894821167, 0.25260472297668457, -1.4732931852340698, 1.1826518774032593, -0.5994980335235596, 0.6033822894096375, 0.9695552587509155, -0.8754664063453674, -0.41264310479164124, 1.0, 1.0, 1.0, 1.0, 1.0, 1.0, 1.0, 1.0, 1.0, 1.0, 1.0, 1.0]"
382,4.2726063838927075e-05,0.0,317.9996337890625,0.0,0.0,0.0,0.0,0.0,0.0,3.048065264010802e-05,0.0,226.86004638671875,0.7055246233940125,0.026001913473010063,0.028405196964740753,-0.24418137967586517,-0.41260093450546265,0.39641258120536804,0.260230153799057,0.9248277544975281,-0.8466569781303406,0.8354374170303345,-0.7743294835090637,-0.8644646406173706,1.1662105321884155,-1.2252166271209717,0.7949410676956177,"[0.7055246233940125, 0.026001913473010063, 0.028405196964740753, -0.630480170249939, 0.12413446605205536, -0.00915597565472126, 0.02909255586564541, 0.03061663918197155, -0.9991076588630676, 0.699999988079071, 0.0, 0.0, -0.24418137967586517, -0.41260093450546265, 0.39641258120536804, 0.260230153799057, 0.5248277187347412, -0.4466569721698761, 0.43543741106987, -0.37432947754859924, -0.06446462869644165, 0.3662105202674866, -0.4252166152000427, 0.0026349425315856934, 0.5508975982666016, 1.407452940940857, 0.06992124766111374, 0.5282801985740662, 0.7600199580192566, -3.391939401626587, -0.7190614938735962, 1.132822871208191, 0.4982471764087677, 1.8550236225128174, 1.1418578624725342, -0.15105772018432617, -0.6616419553756714, -0.598436176776886, 0.634913444519043, 0.6610977649688721, 0.2424280047416687, -1.3041512966156006, 1.0218557119369507, -0.44749435782432556, 0.5932528972625732, 0.9127506017684937, -0.8006258606910706, -0.4049204885959625, 1.0, 1.0, 1.0, 1.0, 1.0, 1.0, 1.0, 1.0, 1.0, 1.0, 1.0, 1.0]"
383,4.059031562064774e-05,0.0,302.10382080078125,0.0,0.0,0.0,0.0,0.0,0.0,3.784451837418601e-05,0.0,281.66748046875,0.7166513800621033,0.03754153475165367,0.06331273168325424,-0.24126756191253662,-0.387307345867157,0.38763928413391113,0.262177973985672,0.9349207282066345,-0.9045299887657166,0.8249103426933289,-0.7528492212295532,-0.8455280661582947,1.1810896396636963,-1.194069266319275,0.7955908179283142,"[0.7166513800621033, 0.03754153475165367, 0.06331273168325424, -0.1302444040775299, 0.14236319065093994, -0.043155230581760406, 0.030758079141378403, 0.03459582105278969, -0.9989277124404907, 0.699999988079071, 0.0, 0.0, -0.24126756191253662, -0.387307345867157, 0.38763928413391113, 0.262177973985672, 0.5349206924438477, -0.5045299530029297, 0.4249103367328644, -0.35284921526908875, -0.04552805423736572, 0.38108962774276733, -0.39406925439834595, 0.0032846927642822266, 0.07683335244655609, 1.264380931854248, -0.6204459071159363, 0.013028781861066818, 0.34599918127059937, -2.4741322994232178, -0.6440591812133789, 1.1084684133529663, 1.084219217300415, -0.36651143431663513, 2.27591609954834, -0.13864119350910187, -0.7538102269172668, -0.5735581517219543, 0.6280968189239502, 0.8774529695510864, 0.23499976098537445, -1.2248115539550781, 0.9176927804946899, -0.42568159103393555, 0.6451177597045898, 0.6712194681167603, -0.502169668674469, -0.40633296966552734, 1.0, 1.0, 1.0, 1.0, 1.0, 1.0, 1.0, 1.0, 1.0, 1.0, 1.0, 1.0]"
384,3.815890522673726e-05,0.0,284.00738525390625,0.0,0.0,0.0,0.0,0.0,0.0,2.4990200472529978e-05,0.0,185.99594116210938,0.7313176393508911,0.04044575244188309,0.08441530168056488,-0.24442905187606812,-0.3634181022644043,0.369069904088974,0.25664544105529785,0.9377788305282593,-0.9368013739585876,0.8095179200172424,-0.7299444675445557,-0.8154534101486206,1.1453338861465454,-1.1300938129425049,0.7944136261940002,"[0.7313176393508911, 0.04044575244188309, 0.08441530168056488, 0.20147909224033356, 0.08680561184883118, -0.08166715502738953, 0.032490719109773636, 0.03171711042523384, -0.998968780040741, 0.699999988079071, 0.0, 0.0, -0.24442905187606812, -0.3634181022644043, 0.369069904088974, 0.25664544105529785, 0.5377788543701172, -0.5368013381958008, 0.40951791405677795, -0.3299444615840912, -0.01545339822769165, 0.34533387422561646, -0.3300938010215759, 0.0021075010299682617, -0.21020780503749847, 1.3237775564193726, -1.0388638973236084, -0.33675047755241394, 0.0021449942141771317, -1.0087502002716064, -0.9914102554321289, 1.1020790338516235, 1.6973097324371338, -3.2245545387268066, 4.048239707946777, 0.020658373832702637, -0.8189772367477417, -0.6133103370666504, 0.537077784538269, 1.0067315101623535, 0.238758847117424, -1.0267854928970337, 0.6714745759963989, -0.3910600543022156, 0.6452470421791077, 0.24504241347312927, -0.1009063571691513, -0.47862640023231506, 1.0, 1.0, 1.0, 1.0, 1.0, 1.0, 1.0, 1.0, 1.0, 1.0, 1.0, 1.0]"
385,3.129955439362675e-05,0.0,232.95492553710938,0.0,0.0,0.0,0.0,0.0,0.0,2.4011171262827702e-05,0.0,178.7092742919922,0.7462713122367859,0.039981771260499954,0.08869177103042603,-0.25035297870635986,-0.3353950083255768,0.34426242113113403,0.2477555274963379,0.9358806014060974,-0.939536988735199,0.7812531590461731,-0.7067047357559204,-0.7767553329467773,1.0558182001113892,-1.0299843549728394,0.7944948077201843,"[0.7462713122367859, 0.039981771260499954, 0.08869177103042603, 0.2626069486141205, 0.08191592991352081, -0.09918176382780075, 0.03339163959026337, 0.02550804615020752, -0.9991165995597839, 0.699999988079071, 0.0, 0.0, -0.25035297870635986, -0.3353950083255768, 0.34426242113113403, 0.2477555274963379, 0.5358805656433105, -0.5395369529724121, 0.3812531530857086, -0.30670472979545593, 0.02324467897415161, 0.2558181881904602, -0.2299843430519104, 0.0021886825561523438, -0.20967689156532288, 1.5592169761657715, -1.2514132261276245, -0.44092634320259094, -0.10190880298614502, 0.4252263903617859, -1.7547074556350708, 1.207808256149292, 1.8512802124023438, -5.40146541595459, 5.567831993103027, -0.04692796617746353, -0.9437301158905029, -0.5466145277023315, 0.5612138509750366, 1.0170882940292358, 0.36206769943237305, -0.6558220386505127, 0.4906212389469147, -0.5188649296760559, 0.41651028394699097, -0.27831220626831055, 0.3296893835067749, -0.334964394569397, 1.0, 1.0, 1.0, 1.0, 1.0, 1.0, 1.0, 1.0, 1.0, 1.0, 1.0, 1.0]"
386,1.657012830946769e-06,0.0,12.332741737365723,0.0,0.0,0.0,4.856428859056905e-05,0.0,361.4521484375,1.09891207102919e-05,0.0,81.78933715820312,0.7755241394042969,0.03919806703925133,0.0503508634865284,-0.25675249099731445,-0.29827913641929626,0.3290468454360962,0.24184665083885193,0.9355189204216003,-0.9124308228492737,0.7666687369346619,-0.6824870109558105,-0.7479672431945801,0.9348402619361877,-0.9601559042930603,0.7937266826629639,"[0.7755241394042969, 0.03919806703925133, 0.0503508634865284, -0.1475522816181183, 0.01032368652522564, -0.024785978719592094, 0.03452470153570175, 0.021943092346191406, -0.9991626143455505, 0.699999988079071, 0.0, 0.0, -0.25675249099731445, -0.29827913641929626, 0.3290468454360962, 0.24184665083885193, 0.5355188846588135, -0.5124307870864868, 0.3666687309741974, -0.28248700499534607, 0.05203276872634888, 0.1348402500152588, -0.16015589237213135, 0.0014205574989318848, -0.39280349016189575, 2.3684704303741455, 0.1377086639404297, -0.09672386944293976, 0.09553318470716476, 1.9606513977050781, 1.9959721565246582, 1.4279690980911255, 0.2674458920955658, -6.413532257080078, -0.877653956413269, -0.13758184015750885, -1.069653868675232, -0.4379194676876068, 0.5893232822418213, 0.8495540618896484, 0.6818413734436035, -0.21166834235191345, 0.31013408303260803, -0.9463728666305542, -0.21836026012897491, -0.6895579695701599, 0.5696859359741211, 0.04883839935064316, 1.0, 1.0, 1.0, 1.0, 1.0, 1.0, 1.0, 1.0, 1.0, 1.0, 1.0, 0.0]"
387,0.0,0.0,0.0,0.0,0.0,0.0,3.5477867641020566e-05,0.0,264.0530700683594,9.82105757429963e-06,0.0,73.0957260131836,0.7554611563682556,0.06535686552524567,0.001994822872802615,-0.2842133939266205,-0.2455533891916275,0.3338638246059418,0.24661138653755188,0.9396156072616577,-0.8527224659919739,0.7862125039100647,-0.6576604247093201,-0.8140876293182373,0.7942478656768799,-0.9451343417167664,0.7933237552642822,"[0.7554611563682556, 0.06535686552524567, 0.001994822872802615, -0.6686807870864868, -0.09438896924257278, -0.03014860488474369, 0.03313016518950462, 0.029489492997527122, -0.9990162253379822, 0.699999988079071, 0.0, 0.0, -0.2842133939266205, -0.2455533891916275, 0.3338638246059418, 0.24661138653755188, 0.5396156311035156, -0.4527224600315094, 0.3862124979496002, -0.2576604187488556, -0.01408761739730835, -0.005752146244049072, -0.1451343297958374, 0.0010176301002502441, -1.512180209159851, 2.852532148361206, 0.5076886415481567, 0.39681506156921387, 0.10491030663251877, 3.5801784992218018, 0.9084214568138123, 1.5521751642227173, -4.455373764038086, -7.056598663330078, 0.8010518550872803, -2.0917978286743164, -0.4686909019947052, -0.39938685297966003, 0.31464895606040955, 0.5895096063613892, 1.1607016324996948, 0.2782645523548126, 0.4025382101535797, -1.667257308959961, -0.788048267364502, -0.7070919871330261, 0.452064573764801, 0.8714733123779297, 1.0, 1.0, 1.0, 1.0, 1.0, 1.0, 1.0, 1.0, 1.0, 1.0, 1.0, 1.0]"
388,0.0,0.0,0.0,5.2961837354814634e-05,0.0,394.1819763183594,3.730241223820485e-05,0.0,277.63275146484375,0.0,0.0,0.0,0.6833948493003845,0.06825277954339981,0.03294135257601738,-0.3121630847454071,-0.24061094224452972,0.33820074796676636,0.26089149713516235,0.9287810921669006,-0.8348153829574585,0.8019177317619324,-0.659665584564209,-0.9029395580291748,0.802222728729248,-0.9327759742736816,0.792303740978241,"[0.6833948493003845, 0.06825277954339981, 0.03294135257601738, -0.21595391631126404, 0.10215573757886887, -0.01018268708139658, 0.03364694491028786, 0.03682256117463112, -0.9987552762031555, 0.699999988079071, 0.0, 0.0, -0.3121630847454071, -0.24061094224452972, 0.33820074796676636, 0.26089149713516235, 0.5287810564041138, -0.434815376996994, 0.4019177258014679, -0.2596655786037445, -0.10293954610824585, 0.002222716808319092, -0.13277596235275269, -2.384185791015625e-06, -1.1908777952194214, 0.10023784637451172, 0.15731066465377808, 1.1506929397583008, -0.7331638932228088, 0.5716313719749451, 0.8498424887657166, -1.202329158782959, -5.158497333526611, 0.7144224047660828, 0.259240984916687, 0.009463910013437271, -0.6839202642440796, -0.6089090704917908, -0.0268864743411541, 1.0764909982681274, 1.0426506996154785, -0.20313861966133118, 0.3556615710258484, -1.240928053855896, -0.9280056953430176, -0.5944832563400269, 0.5807539820671082, 0.9102499485015869, 1.0, 1.0, 1.0, 1.0, 1.0, 1.0, 1.0, 1.0, 1.0, 1.0, 1.0, 1.0]"
389,0.0,0.0,0.0,3.780399856623262e-05,0.0,281.36590576171875,3.651011866168119e-05,0.0,271.7358703613281,0.0,0.0,0.0,0.65920090675354,0.051419515162706375,0.05844532698392868,-0.33323997259140015,-0.24329042434692383,0.33460932970046997,0.2997000217437744,0.9097278118133545,-0.8165377378463745,0.8183971047401428,-0.7108532190322876,-1.0142035484313965,0.8031690120697021,-0.928218424320221,0.7923054695129395,"[0.65920090675354, 0.051419515162706375, 0.05844532698392868, 0.25715288519859314, 0.19573712348937988, 0.03882477059960365, 0.03724636137485504, 0.035026971250772476, -0.9986920356750488, 0.699999988079071, 0.0, 0.0, -0.33323997259140015, -0.24329042434692383, 0.33460932970046997, 0.2997000217437744, 0.5097278356552124, -0.41653773188591003, 0.41839709877967834, -0.3108532130718231, -0.21420353651046753, 0.0031690001487731934, -0.128218412399292, -6.556510925292969e-07, -0.9451858997344971, -0.26593145728111267, -0.2910240888595581, 2.3922078609466553, -1.0862258672714233, 0.945158064365387, 0.8737746477127075, -3.1899945735931396, -5.307821750640869, -0.10208563506603241, 0.043901801109313965, 0.0006549358367919922, -0.40756767988204956, -0.7123796939849854, 0.44562146067619324, 0.8092050552368164, 1.2599613666534424, -0.01977035403251648, 0.58528733253479, -1.5477454662322998, -1.0793907642364502, -0.3583640158176422, 0.551864504814148, 1.000898838043213, 1.0, 1.0, 1.0, 1.0, 1.0, 1.0, 1.0, 1.0, 1.0, 1.0, 1.0, 1.0]"
390,0.0,0.0,0.0,2.689458051463589e-05,0.0,200.16978454589844,3.46125743817538e-05,0.0,257.6129150390625,0.0,0.0,0.0,0.6587274670600891,0.04541599750518799,0.02804459072649479,-0.34349846839904785,-0.24984361231327057,0.32708120346069336,0.35777953267097473,0.88957679271698,-0.7967126965522766,0.8357470631599426,-0.7857541441917419,-1.1061094999313354,0.8031029105186462,-0.9234338402748108,0.7923030853271484,"[0.6587274670600891, 0.04541599750518799, 0.02804459072649479, 0.3265465497970581, 0.05805819854140282, 0.017848264425992966, 0.039671484380960464, 0.028844906017184258, -0.998796284198761, 0.699999988079071, 0.0, 0.0, -0.34349846839904785, -0.24984361231327057, 0.32708120346069336, 0.35777953267097473, 0.4895767867565155, -0.39671269059181213, 0.43574705719947815, -0.38575413823127747, -0.3061094880104065, 0.003102898597717285, -0.12343382835388184, -3.039836883544922e-06, -0.27699393033981323, -0.34800881147384644, -0.3794311285018921, 3.069173574447632, -0.9307907223701477, 0.8095732927322388, 0.8766865134239197, -3.9133541584014893, -3.7739007472991943, 0.3065195083618164, 0.30636754631996155, -0.0002560615539550781, -0.6039606928825378, -0.4875347912311554, 0.4177909791469574, 0.8273671865463257, 1.2703860998153687, -0.12392500042915344, 0.4489761292934418, -1.225386381149292, -0.929248571395874, -0.4063722491264343, 0.6172924041748047, 0.8941659927368164, 1.0, 1.0, 1.0, 1.0, 1.0, 1.0, 1.0, 1.0, 1.0, 1.0, 1.0, 0.0]"
391,0.0,0.0,0.0,3.900071169482544e-05,0.0,290.27276611328125,3.6565088521456346e-05,0.0,272.14501953125,0.0,0.0,0.0,0.6822390556335449,0.057589154690504074,0.021547706797719002,-0.34774520993232727,-0.25906258821487427,0.3177121877670288,0.4108484983444214,0.8752102851867676,-0.7782369256019592,0.853105366230011,-0.8577373027801514,-1.1401811838150024,0.8117531538009644,-0.9124662280082703,0.7923067212104797,"[0.6822390556335449, 0.057589154690504074, 0.021547706797719002, 0.4567450284957886, -0.11258511990308762, -0.010001878254115582, 0.0384608656167984, 0.020987030118703842, -0.9990400671958923, 0.699999988079071, 0.0, 0.0, -0.34774520993232727, -0.25906258821487427, 0.3177121877670288, 0.4108484983444214, 0.4752102792263031, -0.37823691964149475, 0.4531053602695465, -0.4577372968196869, -0.3401811718940735, 0.0117531418800354, -0.11246621608734131, 5.960464477539062e-07, -0.20164397358894348, -0.5428555011749268, -0.5273407697677612, 2.1420490741729736, -0.6325716376304626, 0.8398696184158325, 0.8742328882217407, -3.2718467712402344, -0.36780068278312683, 0.6717012524604797, 0.6511110663414001, 0.0033626556396484375, -0.4611264169216156, -0.2158864438533783, 0.7652775049209595, 0.3161594271659851, 1.2105252742767334, 0.3498692214488983, 0.30773428082466125, -1.379940390586853, -0.7124650478363037, -0.46987640857696533, 0.6443209648132324, 1.0185199975967407, 1.0, 1.0, 1.0, 1.0, 1.0, 1.0, 1.0, 1.0, 1.0, 1.0, 1.0, 0.0]"
392,0.0,0.0,0.0,4.7616173105780035e-05,0.0,354.3955383300781,3.744717832887545e-05,0.0,278.710205078125,0.0,0.0,0.0,0.7138205170631409,0.0650879368185997,0.05826965346932411,-0.3462788760662079,-0.26906442642211914,0.30808165669441223,0.4290628731250763,0.8656671643257141,-0.7564871311187744,0.8670206665992737,-0.9087033271789551,-1.127740502357483,0.8203251957893372,-0.8926034569740295,0.7923083901405334,"[0.7138205170631409, 0.0650879368185997, 0.05826965346932411, 0.33740895986557007, -0.15025699138641357, -0.06719853729009628, 0.03548585623502731, 0.013291724026203156, -0.9992819428443909, 0.699999988079071, 0.0, 0.0, -0.3462788760662079, -0.26906442642211914, 0.30808165669441223, 0.4290628731250763, 0.46566715836524963, -0.35648712515830994, 0.4670206606388092, -0.508703351020813, -0.32774049043655396, 0.020325183868408203, -0.09260344505310059, 2.2649765014648438e-06, 0.2523155212402344, -0.5008556842803955, -0.4199189841747284, 0.13757850229740143, -0.46294263005256653, 0.9795243144035339, 0.6360777616500854, -2.135226011276245, 1.083624243736267, 0.6990832090377808, 1.1317319869995117, 0.0070841312408447266, -0.5890761613845825, -0.16203778982162476, 0.6914527416229248, 0.32078680396080017, 1.0194082260131836, 0.25504568219184875, 0.284837007522583, -1.3938285112380981, -0.6025285124778748, -0.4697096049785614, 0.5738239288330078, 0.9932512044906616, 1.0, 1.0, 1.0, 1.0, 1.0, 1.0, 1.0, 1.0, 1.0, 1.0, 1.0, 0.0]"
393,0.0,0.0,0.0,4.370439637568779e-05,0.0,325.2811584472656,3.559841570677236e-05,0.0,264.9502868652344,0.0,0.0,0.0,0.7392264604568481,0.0696401447057724,0.09504107385873795,-0.3374761939048767,-0.27634358406066895,0.3011097013950348,0.41040661931037903,0.8547235131263733,-0.7304804921150208,0.8752059936523438,-0.9413414597511292,-1.0992348194122314,0.8241925239562988,-0.8633325099945068,0.7923078536987305,"[0.7392264604568481, 0.0696401447057724, 0.09504107385873795, 0.2010723203420639, -0.14144067466259003, -0.08587650954723358, 0.03246312588453293, 0.008748580701649189, -0.9994345307350159, 0.699999988079071, 0.0, 0.0, -0.3374761939048767, -0.27634358406066895, 0.3011097013950348, 0.41040661931037903, 0.4547235071659088, -0.3304804861545563, 0.4752059876918793, -0.5413414239883423, -0.2992348074913025, 0.024192512035369873, -0.06333249807357788, 1.7285346984863281e-06, 0.5007538795471191, -0.34943708777427673, -0.3144201934337616, -1.4735134840011597, -0.6399329304695129, 1.1885623931884766, 0.3351784348487854, -1.393843173980713, 1.6021249294281006, 0.3917939066886902, 1.5785508155822754, 0.0052449703216552734, -0.4832349717617035, -0.30138954520225525, 0.5710532665252686, 0.361415296792984, 1.019796371459961, 0.22022613883018494, 0.3582627475261688, -1.3576326370239258, -0.497391939163208, -0.4619580805301666, 0.5663385987281799, 0.918732762336731, 1.0, 1.0, 1.0, 1.0, 1.0, 1.0, 1.0, 1.0, 1.0, 1.0, 1.0, 0.0]"
394,0.0,0.0,0.0,3.697595093399286e-05,0.0,275.20294189453125,3.142046261928044e-05,0.0,233.8548126220703,0.0,0.0,0.0,0.7644041776657104,0.06667890399694443,0.10501645505428314,-0.3243142068386078,-0.2814815640449524,0.2957488000392914,0.372184157371521,0.8407220840454102,-0.7013068199157715,0.8794042468070984,-0.9637486934661865,-1.0657954216003418,0.8237281441688538,-0.8277854919433594,0.7923062443733215,"[0.7644041776657104, 0.06667890399694443, 0.10501645505428314, 0.12275835871696472, -0.11685700714588165, -0.07451587170362473, 0.029784714803099632, 0.0061841909773647785, -0.9995372295379639, 0.699999988079071, 0.0, 0.0, -0.3243142068386078, -0.2814815640449524, 0.2957488000392914, 0.372184157371521, 0.4407220780849457, -0.301306813955307, 0.4794042408466339, -0.5637487173080444, -0.26579540967941284, 0.023728132247924805, -0.02778548002243042, 1.1920928955078125e-07, 0.7656266093254089, -0.22932258248329163, -0.22302387654781342, -2.054226875305176, -0.770041823387146, 1.3414257764816284, 0.1583939641714096, -0.9846129417419434, 1.9049394130706787, 0.09702393412590027, 1.7907357215881348, 0.002357959747314453, -0.4388929307460785, -0.4213207960128784, 0.4506608545780182, 0.47006019949913025, 0.9499903321266174, 0.16173973679542542, 0.3661104440689087, -1.2805873155593872, -0.35161787271499634, -0.4913712441921234, 0.5357296466827393, 0.8096163272857666, 1.0, 1.0, 1.0, 1.0, 1.0, 1.0, 1.0, 1.0, 1.0, 1.0, 1.0, 0.0]"
395,0.0,0.0,0.0,3.3347172575304285e-05,0.0,248.19483947753906,2.809346369758714e-05,0.0,209.09278869628906,0.0,0.0,0.0,0.7911787629127502,0.05658196285367012,0.09626863151788712,-0.30440911650657654,-0.2851126194000244,0.2913900911808014,0.33355945348739624,0.8239436149597168,-0.6701796650886536,0.8821296095848083,-0.9792277812957764,-1.0203717947006226,0.8195088505744934,-0.7904764413833618,0.7923042178153992,"[0.7911787629127502, 0.05658196285367012, 0.09626863151788712, 0.08394818753004074, -0.048321615904569626, -0.04841375723481178, 0.028134915977716446, 0.004524659365415573, -0.9995937347412109, 0.699999988079071, 0.0, 0.0, -0.30440911650657654, -0.2851126194000244, 0.2913900911808014, 0.33355945348739624, 0.4239436089992523, -0.2701796591281891, 0.48212960362434387, -0.5792278051376343, -0.2203717827796936, 0.019508838653564453, 0.009523570537567139, -1.9073486328125e-06, 1.134474277496338, -0.15839774906635284, -0.12972351908683777, -1.7958247661590576, -0.9351884126663208, 1.4471285343170166, 0.1509883999824524, -0.6514861583709717, 2.685746669769287, -0.1416924148797989, 1.7879178524017334, 0.002311229705810547, -0.39969751238822937, -0.4863298833370209, 0.4958728849887848, 0.493876188993454, 0.8435823917388916, 0.14030376076698303, 0.36028221249580383, -1.233323097229004, -0.14397312700748444, -0.5176765322685242, 0.44242650270462036, 0.7117222547531128, 1.0, 1.0, 1.0, 1.0, 1.0, 1.0, 1.0, 1.0, 1.0, 1.0, 1.0, 0.0]"
396,0.0,0.0,0.0,2.827584285114426e-05,0.0,210.4501953125,2.1657113393303007e-05,0.0,161.1885986328125,0.0,0.0,0.0,0.815972626209259,0.04466373100876808,0.06827718764543533,-0.2777062952518463,-0.28734105825424194,0.2882901430130005,0.3037801682949066,0.8015334606170654,-0.6378942131996155,0.8856340050697327,-0.9878461360931396,-0.954764187335968,0.8107061386108398,-0.7564302682876587,0.7923020720481873,"[0.815972626209259, 0.04466373100876808, 0.06827718764543533, 0.04510299116373062, 0.08344658464193344, -0.018808601424098015, 0.02867438830435276, 0.003449313575401902, -0.9995830059051514, 0.699999988079071, 0.0, 0.0, -0.2777062952518463, -0.28734105825424194, 0.2882901430130005, 0.3037801682949066, 0.40153345465660095, -0.237894207239151, 0.4856339991092682, -0.5878461599349976, -0.15476417541503906, 0.010706126689910889, 0.043569743633270264, -4.0531158447265625e-06, 1.4538122415542603, -0.08054997026920319, -0.09541049599647522, -1.3227194547653198, -1.328534483909607, 1.4951937198638916, 0.28903961181640625, -0.27104464173316956, 3.9084951877593994, -0.3871748149394989, 1.5270367860794067, 0.000966191291809082, -0.41337141394615173, -0.4576844871044159, 0.6351441144943237, 0.4772607684135437, 0.5806434750556946, 0.03492787480354309, 0.40516504645347595, -1.0984396934509277, 0.1695176512002945, -0.43383750319480896, 0.22181440889835358, 0.5594270825386047, 1.0, 1.0, 1.0, 1.0, 1.0, 1.0, 1.0, 1.0, 1.0, 1.0, 1.0, 0.0]"
397,2.053645766864065e-05,0.0,152.84783935546875,9.646145372244064e-06,0.0,71.79389953613281,0.0,0.0,0.0,0.0,0.0,0.0,0.8417650461196899,0.037056032568216324,0.016028545796871185,-0.26427796483039856,-0.2899208664894104,0.28821882605552673,0.2780010402202606,0.7944165468215942,-0.60651695728302,0.8917475342750549,-0.9852557182312012,-0.9034022688865662,0.8009049892425537,-0.7495714426040649,0.792300820350647,"[0.8417650461196899, 0.037056032568216324, 0.016028545796871185, 0.18587982654571533, 0.0836288258433342, -0.057696741074323654, 0.03116779774427414, 0.0017613265663385391, -0.9995124936103821, 0.699999988079071, 0.0, 0.0, -0.26427796483039856, -0.2899208664894104, 0.28821882605552673, 0.2780010402202606, 0.39441654086112976, -0.20651695132255554, 0.49174752831459045, -0.5852557420730591, -0.10340225696563721, 0.0009049773216247559, 0.050428569316864014, -5.304813385009766e-06, -0.18690386414527893, -0.2504820227622986, 0.23513458669185638, -1.388439416885376, 1.3794704675674438, 1.5288773775100708, 0.2908315360546112, 0.46027469635009766, 0.032405346632003784, -0.332415372133255, -1.8888404369354248, -0.0004839976318180561, -0.37851622700691223, -0.501412034034729, 0.8538856506347656, 0.5484697818756104, 0.13316094875335693, -0.46738553047180176, 0.648465633392334, -0.6848149299621582, 0.5466071367263794, 0.026169858872890472, -0.4208294749259949, 0.22387251257896423, 1.0, 1.0, 1.0, 1.0, 1.0, 1.0, 1.0, 1.0, 1.0, 1.0, 1.0, 0.0]"
398,4.1867733671097085e-05,0.0,311.611328125,0.0,0.0,0.0,0.0,0.0,0.0,0.0,0.0,0.0,0.8084396123886108,-0.006989029236137867,-0.04854399710893631,-0.2632503807544708,-0.2918094992637634,0.31320464611053467,0.2589986324310303,0.8158789277076721,-0.5857788324356079,0.8899805545806885,-0.9602348804473877,-0.8888425230979919,0.8258180022239685,-0.8248421549797058,0.7923075556755066,"[0.8084396123886108, -0.006989029236137867, -0.04854399710893631, -0.06398206204175949, -0.26727503538131714, -0.06051277369260788, 0.0288262739777565, 0.002335075056180358, -0.9995818734169006, 0.699999988079071, 0.0, 0.0, -0.2632503807544708, -0.2918094992637634, 0.31320464611053467, 0.2589986324310303, 0.41587892174720764, -0.18577882647514343, 0.489980548620224, -0.5602349042892456, -0.08884251117706299, 0.02581799030303955, -0.024842143058776855, 1.430511474609375e-06, 0.11508268862962723, -0.24288319051265717, 1.6643567085266113, -0.7376265525817871, 1.1918511390686035, 0.419981986284256, -0.20441816747188568, 1.7636847496032715, 0.769539475440979, 3.402028799057007, -4.26957893371582, -0.009749466553330421, -0.3382014334201813, -0.9106387495994568, 0.6305413246154785, 0.7902194261550903, 0.28425753116607666, -1.0795079469680786, 1.3002153635025024, -0.3200492560863495, 0.5601872205734253, 0.6154245138168335, -1.2237825393676758, -0.3273601830005646, 1.0, 1.0, 1.0, 1.0, 1.0, 1.0, 1.0, 1.0, 1.0, 1.0, 1.0, 0.0]"
399,3.409742203075439e-05,0.0,253.7787628173828,0.0,0.0,0.0,0.0,0.0,0.0,0.0,0.0,0.0,0.7828201055526733,-0.01172360498458147,-0.14598339796066284,-0.26838749647140503,-0.3173255920410156,0.3427097201347351,0.24562068283557892,0.8352831602096558,-0.6006585359573364,0.8950262665748596,-0.9097874760627747,-0.8630890846252441,0.9295383095741272,-0.9382961988449097,0.7923065423965454,"[0.7828201055526733, -0.01172360498458147, -0.14598339796066284, 0.6346243023872375, -0.5489122271537781, 0.01263921894133091, 0.019841937348246574, -0.003906835801899433, -0.9997957348823547, 0.699999988079071, 0.0, 0.0, -0.26838749647140503, -0.3173255920410156, 0.3427097201347351, 0.24562068283557892, 0.4352831542491913, -0.20065852999687195, 0.49502626061439514, -0.5097874402999878, -0.06308907270431519, 0.12953829765319824, -0.1382961869239807, 4.172325134277344e-07, -0.57313072681427, -1.9463013410568237, 1.1754485368728638, -0.788468062877655, 0.9332281947135925, -1.3285638093948364, 0.5989164710044861, 2.953549861907959, 1.4730677604675293, 5.265933513641357, -6.446669101715088, -0.0013093873858451843, -0.582359254360199, -0.7687013149261475, 0.683487057685852, 0.44032567739486694, 0.5012181997299194, -1.1429858207702637, 1.1117502450942993, -0.39535418152809143, 0.3720685839653015, 0.8678687810897827, -1.4816075563430786, -0.5697535276412964, 1.0, 1.0, 1.0, 1.0, 1.0, 1.0, 1.0, 1.0, 1.0, 1.0, 1.0, 0.0]"
400,3.026541708095465e-05,0.0,225.25808715820312,0.0,0.0,0.0,0.0,0.0,0.0,0.00022667870507575572,0.0,1687.1141357421875,0.72100830078125,-0.008412937633693218,-0.17385068535804749,-0.2841253876686096,-0.3655606508255005,0.360041081905365,0.22868043184280396,0.8537728786468506,-0.6442405581474304,0.9102699756622314,-0.8713701367378235,-0.8329327702522278,1.024398684501648,-1.0738643407821655,0.8142996430397034,"[0.72100830078125, -0.008412937633693218, -0.17385068535804749, -0.044491712003946304, -0.3215199112892151, -0.10374124348163605, 0.007451165933161974, -0.020534520968794823, -0.9997612833976746, 0.699999988079071, 0.0, 0.0, -0.2841253876686096, -0.3655606508255005, 0.360041081905365, 0.22868043184280396, 0.4537728726863861, -0.24424055218696594, 0.5102699995040894, -0.471370130777359, -0.03293275833129883, 0.224398672580719, -0.2738643288612366, 0.021993517875671387, 0.0281011164188385, -1.886841058731079, 1.6013367176055908, 0.24606874585151672, 1.2738646268844604, -2.8126368522644043, 0.08014068007469177, -2.3032076358795166, 0.48419809341430664, 4.020297527313232, -6.3895416259765625, 5.394332408905029, -0.4047437608242035, -0.9355655312538147, 0.6743258237838745, 0.42623382806777954, 0.40039560198783875, -1.0962796211242676, 1.091626524925232, -0.3119654953479767, 0.35876476764678955, 0.826585054397583, -1.3895330429077148, -0.6794575452804565, 1.0, 1.0, 1.0, 1.0, 1.0, 1.0, 1.0, 1.0, 1.0, 1.0, 1.0, 1.0]"
401,4.3825919419759884e-05,0.0,326.18560791015625,0.0,0.0,0.0,0.0,0.0,0.0,8.909046300686896e-05,0.0,663.0785522460938,0.7294739484786987,0.032252538949251175,0.08139625936746597,-0.2605125606060028,-0.39065003395080566,0.4022280275821686,0.2492293119430542,0.8844847679138184,-0.7108598947525024,0.8898425102233887,-0.8475707173347473,-0.8483787178993225,1.0800929069519043,-1.1911150217056274,0.8032769560813904,"[0.7294739484786987, 0.032252538949251175, 0.08139625936746597, -1.9444503784179688, 0.7327519655227661, -0.24201703071594238, 0.013323081657290459, 0.00473709125071764, -0.9999000430107117, 0.699999988079071, 0.0, 0.0, -0.2605125606060028, -0.39065003395080566, 0.4022280275821686, 0.2492293119430542, 0.4844847619533539, -0.31085988879203796, 0.4898425042629242, -0.44757071137428284, -0.048378705978393555, 0.28009289503097534, -0.3911150097846985, 0.010970830917358398, 1.8134779930114746, -1.010622501373291, 2.0658113956451416, 1.5655348300933838, 1.580458641052246, -3.5931665897369385, -1.8726145029067993, 2.0203680992126465, -1.4667941331863403, 2.17909574508667, -5.014678478240967, -2.3852241039276123, -0.889448881149292, -0.4315803647041321, 0.4910445511341095, 0.6043534278869629, 0.1884922981262207, -1.518946886062622, 0.9860365390777588, -0.11606581509113312, 0.5579996109008789, 0.8298020362854004, -1.221867561340332, -0.22407788038253784, 1.0, 1.0, 1.0, 1.0, 1.0, 1.0, 1.0, 1.0, 1.0, 1.0, 1.0, 1.0]"
402,4.473924491321668e-05,0.0,332.9832458496094,0.0,0.0,0.0,0.0,0.0,0.0,1.5631325368303806e-05,0.0,116.34013366699219,0.7166978120803833,0.05582870915532112,0.03619544580578804,-0.24868068099021912,-0.4248771369457245,0.3965720236301422,0.25623857975006104,0.9033283591270447,-0.7803216576576233,0.8529859781265259,-0.8060203194618225,-0.8519036769866943,1.1201709508895874,-1.2397104501724243,0.7906281352043152,"[0.7166978120803833, 0.05582870915532112, 0.03619544580578804, -0.1783219575881958, 0.2751353681087494, -0.08819557726383209, 0.022533243522047997, 0.01863526552915573, -0.9995721578598022, 0.699999988079071, 0.0, 0.0, -0.24868068099021912, -0.4248771369457245, 0.3965720236301422, 0.25623857975006104, 0.5033283233642578, -0.3803216516971588, 0.4529859721660614, -0.40602031350135803, -0.05190366506576538, 0.32017093896865845, -0.43971043825149536, -0.0016779899597167969, 0.0923658087849617, -1.5412172079086304, -1.1859923601150513, -0.08503201603889465, 0.703229546546936, -3.3998172283172607, -1.7369836568832397, 1.6347296237945557, 0.42090609669685364, 1.8014615774154663, -0.55255126953125, -0.7680022716522217, -0.9696651101112366, -0.29642072319984436, 0.602806806564331, 0.7384765148162842, 0.24681463837623596, -1.5133181810379028, 1.1967259645462036, -0.6120226383209229, 0.5960866212844849, 0.9092836976051331, -0.8756480813026428, -0.4405701458454132, 1.0, 1.0, 1.0, 1.0, 1.0, 1.0, 1.0, 1.0, 1.0, 1.0, 1.0, 1.0]"
403,4.390329195302911e-05,0.0,326.761474609375,0.0,0.0,0.0,0.0,0.0,0.0,3.987185482401401e-05,0.0,296.7564697265625,0.718898355960846,0.0063693164847791195,0.03298899531364441,-0.24342244863510132,-0.42246371507644653,0.38234058022499084,0.2609237730503082,0.9168955683708191,-0.848675549030304,0.8279536366462708,-0.7880882024765015,-0.8390704989433289,1.1538702249526978,-1.2249667644500732,0.7958475947380066,"[0.718898355960846, 0.0063693164847791195, 0.03298899531364441, -0.6241541504859924, 0.14466309547424316, -0.0030278770718723536, 0.02496572956442833, 0.02500242367386818, -0.9993753433227539, 0.699999988079071, 0.0, 0.0, -0.24342244863510132, -0.42246371507644653, 0.38234058022499084, 0.2609237730503082, 0.5168955326080322, -0.4486755430698395, 0.4279536306858063, -0.388088196516037, -0.0390704870223999, 0.3538702130317688, -0.4249667525291443, 0.0035414695739746094, 0.5718708634376526, 1.1555345058441162, -0.16848109662532806, 0.5534884333610535, 0.7523732781410217, -3.407585859298706, -1.0679032802581787, 1.1037997007369995, 0.5104571580886841, 1.5930653810501099, 1.3458861112594604, -0.07190413028001785, -0.7021638751029968, -0.5931034684181213, 0.6494767665863037, 0.5936120748519897, 0.26684263348579407, -1.2993320226669312, 0.9992039203643799, -0.508333683013916, 0.5865418910980225, 0.9165524840354919, -0.7148781418800354, -0.48759138584136963, 1.0, 1.0, 1.0, 1.0, 1.0, 1.0, 1.0, 1.0, 1.0, 1.0, 1.0, 1.0]"
404,4.2126321204705164e-05,0.0,313.5359191894531,0.0,0.0,0.0,0.0,0.0,0.0,3.5580531402956694e-05,0.0,264.81719970703125,0.7315105199813843,0.010384983383119106,0.06252054870128632,-0.23783987760543823,-0.3960877060890198,0.37432804703712463,0.26554393768310547,0.9269340634346008,-0.9067298173904419,0.8120782375335693,-0.7658339738845825,-0.8200065493583679,1.1707066297531128,-1.1828206777572632,0.7956145405769348,"[0.7315105199813843, 0.010384983383119106, 0.06252054870128632, -0.15957671403884888, 0.13973721861839294, -0.03599882870912552, 0.026944288983941078, 0.030920224264264107, -0.9991587996482849, 0.699999988079071, 0.0, 0.0, -0.23783987760543823, -0.3960877060890198, 0.37432804703712463, 0.26554393768310547, 0.526934027671814, -0.5067298412322998, 0.41207823157310486, -0.36583396792411804, -0.020006537437438965, 0.37070661783218384, -0.38282066583633423, 0.003308415412902832, 0.15876930952072144, 1.347618818283081, -0.5997363328933716, 0.08077427744865417, 0.3493638038635254, -2.4237489700317383, -0.8463786840438843, 1.0996173620224, 1.1367021799087524, -0.35441142320632935, 2.8539233207702637, -0.0431070514023304, -0.7672104835510254, -0.5646916031837463, 0.5707722902297974, 0.8770004510879517, 0.23061782121658325, -1.212725281715393, 0.856081485748291, -0.4306809604167938, 0.6441981792449951, 0.6387509703636169, -0.4217982888221741, -0.41896724700927734, 1.0, 1.0, 1.0, 1.0, 1.0, 1.0, 1.0, 1.0, 1.0, 1.0, 1.0, 1.0]"
405,3.887260390911251e-05,0.0,289.3192443847656,0.0,0.0,0.0,0.0,0.0,0.0,2.6426463591633365e-05,0.0,196.6857147216797,0.7466208934783936,0.017007924616336823,0.09130795300006866,-0.2403564304113388,-0.37081190943717957,0.35436269640922546,0.26064571738243103,0.928748607635498,-0.9366492033004761,0.7919421195983887,-0.7429071664810181,-0.7886245846748352,1.1316365003585815,-1.1106895208358765,0.7943018078804016,"[0.7466208934783936, 0.017007924616336823, 0.09130795300006866, 0.21114034950733185, 0.1332215666770935, -0.08244653046131134, 0.029207324609160423, 0.027893032878637314, -0.9991843104362488, 0.699999988079071, 0.0, 0.0, -0.2403564304113388, -0.37081190943717957, 0.35436269640922546, 0.26064571738243103, 0.528748631477356, -0.536649227142334, 0.3919421136379242, -0.3429071605205536, 0.01137542724609375, 0.3316364884376526, -0.3106895089149475, 0.001995682716369629, -0.1710701882839203, 1.3691723346710205, -1.14110267162323, -0.3018777370452881, -0.010311465710401535, -0.8731397390365601, -1.2671351432800293, 1.1019368171691895, 1.7099287509918213, -3.373985767364502, 4.343688011169434, -0.026280052959918976, -0.8246520161628723, -0.6427022814750671, 0.5125709772109985, 0.9865648746490479, 0.2587120532989502, -0.9839464426040649, 0.5786470174789429, -0.3860782980918884, 0.5975139737129211, 0.1794174313545227, 0.00944925844669342, -0.49235889315605164, 1.0, 1.0, 1.0, 1.0, 1.0, 1.0, 1.0, 1.0, 1.0, 1.0, 1.0, 1.0]"
406,2.646231951075606e-05,0.0,196.95257568359375,0.0,0.0,0.0,0.0,0.0,0.0,2.227011282229796e-05,0.0,165.7510223388672,0.7605916261672974,0.0170124601572752,0.07635636627674103,-0.24615693092346191,-0.34267857670783997,0.3273238241672516,0.2519168257713318,0.9265453815460205,-0.9365368485450745,0.7579880952835083,-0.7201389670372009,-0.7504406571388245,1.0390058755874634,-1.0072656869888306,0.7941735982894897,"[0.7605916261672974, 0.0170124601572752, 0.07635636627674103, 0.27731838822364807, 0.14349661767482758, -0.09892920404672623, 0.03119257092475891, 0.021179363131523132, -0.9992890954017639, 0.699999988079071, 0.0, 0.0, -0.24615693092346191, -0.34267857670783997, 0.3273238241672516, 0.2519168257713318, 0.5265454053878784, -0.5365368127822876, 0.3579880893230438, -0.32013896107673645, 0.04955935478210449, 0.23900586366653442, -0.2072656750679016, 0.0018674731254577637, -0.2022966742515564, 1.580666422843933, -1.3151891231536865, -0.3757329285144806, -0.04381127282977104, 0.5670723915100098, -2.02010178565979, 1.1464521884918213, 1.7674365043640137, -5.564408779144287, 5.625301837921143, -0.08319541811943054, -0.9933311343193054, -0.5337055325508118, 0.5501595735549927, 0.9692281484603882, 0.4147389829158783, -0.6135576367378235, 0.4441036880016327, -0.5630180835723877, 0.2886294722557068, -0.3292449414730072, 0.41392940282821655, -0.3251442313194275, 1.0, 1.0, 1.0, 1.0, 1.0, 1.0, 1.0, 1.0, 1.0, 1.0, 1.0, 1.0]"
407,0.0,0.0,0.0,0.0,0.0,0.0,2.6419374989927746e-05,0.0,196.63294982910156,7.841625119908713e-06,0.0,58.36329650878906,0.7864017486572266,0.024678504094481468,0.030310247093439102,-0.25598758459091187,-0.30195486545562744,0.31855034828186035,0.24879543483257294,0.9292444586753845,-0.9067568778991699,0.7518619894981384,-0.6964336037635803,-0.7445976734161377,0.9155763983726501,-0.9572534561157227,0.7935983538627625,"[0.7864017486572266, 0.024678504094481468, 0.030310247093439102, -0.22474947571754456, 0.05927097797393799, -0.0008877165382727981, 0.033380359411239624, 0.019682753831148148, -0.9992489814758301, 0.699999988079071, 0.0, 0.0, -0.25598758459091187, -0.30195486545562744, 0.31855034828186035, 0.24879543483257294, 0.5292444229125977, -0.5067569017410278, 0.35186198353767395, -0.29643359780311584, 0.05540233850479126, 0.11557638645172119, -0.1572534441947937, 0.0012922286987304688, -0.9941079616546631, 2.497264862060547, 0.20773613452911377, 0.09854873269796371, 0.34499090909957886, 2.084510087966919, 1.8525229692459106, 1.4057220220565796, -2.4808216094970703, -6.5202956199646, -0.5852377414703369, -0.20038916170597076, -1.158861756324768, -0.4222905933856964, 0.5919985771179199, 0.7549500465393066, 0.7579550743103027, -0.1842765212059021, 0.2125174105167389, -1.0091389417648315, -0.4370923638343811, -0.6981216669082642, 0.5974088311195374, 0.06384595483541489, 1.0, 1.0, 1.0, 1.0, 1.0, 1.0, 1.0, 1.0, 1.0, 1.0, 1.0, 0.0]"
408,0.0,0.0,0.0,0.0,0.0,0.0,3.323149212519638e-05,0.0,247.3338623046875,1.3020778169448022e-05,0.0,96.91046142578125,0.762153685092926,0.05642622709274292,0.005901728756725788,-0.29578855633735657,-0.24770674109458923,0.32490506768226624,0.25532111525535583,0.9318019151687622,-0.8446284532546997,0.7700676918029785,-0.6708783507347107,-0.8276212215423584,0.7761660814285278,-0.9425918459892273,0.794998824596405,"[0.762153685092926, 0.05642622709274292, 0.005901728756725788, -0.7440310120582581, -0.07802946865558624, -0.018373670056462288, 0.03231572359800339, 0.028500398620963097, -0.9990714192390442, 0.699999988079071, 0.0, 0.0, -0.29578855633735657, -0.24770674109458923, 0.32490506768226624, 0.25532111525535583, 0.5318019390106201, -0.44462844729423523, 0.37006768584251404, -0.2708783447742462, -0.027621209621429443, -0.023833930492401123, -0.14259183406829834, 0.002692699432373047, -1.994431972503662, 2.901721715927124, 0.5919817686080933, 0.5952349305152893, -0.12916164100170135, 3.6476147174835205, 0.8895079493522644, 1.5591037273406982, -3.9287683963775635, -6.78185510635376, 0.8128620982170105, -0.33573493361473083, -0.4461817741394043, -0.4092136323451996, 0.25273165106773376, 0.5899953842163086, 1.147955060005188, 0.21982333064079285, 0.43942832946777344, -1.6103837490081787, -0.8319623470306396, -0.6792865991592407, 0.46364593505859375, 0.8809051513671875, 1.0, 1.0, 1.0, 1.0, 1.0, 1.0, 1.0, 1.0, 1.0, 1.0, 1.0, 1.0]"
409,0.0,0.0,0.0,5.0223763537360355e-05,0.0,373.8031921386719,3.7121815694263205e-05,0.0,276.2886047363281,0.0,0.0,0.0,0.6896764636039734,0.05928584560751915,0.029226452112197876,-0.3325042724609375,-0.24220600724220276,0.32989612221717834,0.2699895203113556,0.9190075397491455,-0.8338088393211365,0.7865041494369507,-0.6724815368652344,-0.9256519675254822,0.7939965724945068,-0.9320600628852844,0.792305052280426,"[0.6896764636039734, 0.05928584560751915, 0.029226452112197876, -0.2769450545310974, 0.1264762580394745, -0.002826196840032935, 0.03346545621752739, 0.036265820264816284, -0.9987818598747253, 0.699999988079071, 0.0, 0.0, -0.3325042724609375, -0.24220600724220276, 0.32989612221717834, 0.2699895203113556, 0.5190075635910034, -0.433808833360672, 0.3865041434764862, -0.2724815309047699, -0.12565195560455322, -0.006003439426422119, -0.13206005096435547, -1.0728836059570312e-06, -1.4677585363388062, 0.18249835073947906, 0.22963441908359528, 1.1751712560653687, -0.7778387069702148, 0.5539628267288208, 0.8968546390533447, -1.1810712814331055, -5.859844207763672, 0.7199143767356873, 0.1660062074661255, 0.0006508827209472656, -0.6815647482872009, -0.675969660282135, -0.04268420860171318, 1.0865890979766846, 1.0858725309371948, -0.23520401120185852, 0.33702993392944336, -1.3027098178863525, -0.9670306444168091, -0.5821448564529419, 0.5978575348854065, 0.851777970790863, 1.0, 1.0, 1.0, 1.0, 1.0, 1.0, 1.0, 1.0, 1.0, 1.0, 1.0, 1.0]"
410,0.0,0.0,0.0,3.708322037709877e-05,0.0,276.0013427734375,3.618550908868201e-05,0.0,269.31988525390625,0.0,0.0,0.0,0.6638033986091614,0.03972247987985611,0.04902035370469093,-0.35310038924217224,-0.24302242696285248,0.3282916247844696,0.31010037660598755,0.8973462581634521,-0.8166992664337158,0.8037331700325012,-0.7231572270393372,-1.0340546369552612,0.7963342666625977,-0.9289580583572388,0.7923043966293335,"[0.6638033986091614, 0.03972247987985611, 0.04902035370469093, 0.17059461772441864, 0.20426495373249054, 0.03585664927959442, 0.037405870854854584, 0.03606942296028137, -0.9986488223075867, 0.699999988079071, 0.0, 0.0, -0.35310038924217224, -0.24302242696285248, 0.3282916247844696, 0.31010037660598755, 0.49734625220298767, -0.41669926047325134, 0.40373316407203674, -0.3231572210788727, -0.23405462503433228, -0.003665745258331299, -0.12895804643630981, -1.7285346984863281e-06, -0.8001002669334412, -0.18147364258766174, -0.17808377742767334, 2.4614362716674805, -1.2099095582962036, 0.8432016372680664, 0.9195476174354553, -3.1524267196655273, -4.885476589202881, 0.0821729302406311, -0.03703053295612335, 0.0015344619750976562, -0.3785121440887451, -0.7254524230957031, 0.37894967198371887, 0.8041986227035522, 1.2692742347717285, -0.02386966347694397, 0.6083203554153442, -1.471894383430481, -1.0491961240768433, -0.3453620374202728, 0.5704495310783386, 0.9584313631057739, 1.0, 1.0, 1.0, 1.0, 1.0, 1.0, 1.0, 1.0, 1.0, 1.0, 1.0, 1.0]"
411,0.0,0.0,0.0,2.904098801082e-05,0.0,216.1449737548828,3.450642543612048e-05,0.0,256.8228759765625,0.0,0.0,0.0,0.6659930944442749,0.036817558109760284,0.015621085651218891,-0.3596096336841583,-0.24844901263713837,0.3222125172615051,0.36710354685783386,0.8761789798736572,-0.7984549403190613,0.8224194049835205,-0.795397937297821,-1.1159175634384155,0.7990583777427673,-0.9258354306221008,0.7923020124435425,"[0.6659930944442749, 0.036817558109760284, 0.015621085651218891, 0.3059867024421692, 0.053251855075359344, 0.010995087213814259, 0.03977704420685768, 0.03089355304837227, -0.9987310171127319, 0.699999988079071, 0.0, 0.0, -0.3596096336841583, -0.24844901263713837, 0.3222125172615051, 0.36710354685783386, 0.47617897391319275, -0.3984549343585968, 0.42241939902305603, -0.39539793133735657, -0.3159175515174866, -0.0009416341781616211, -0.12583541870117188, -4.112720489501953e-06, -0.0664106085896492, -0.3422761559486389, -0.33425411581993103, 2.915344476699829, -0.9644564390182495, 0.7000259160995483, 0.9594122767448425, -3.711599588394165, -3.1700501441955566, 0.5413681864738464, 0.2036840319633484, 0.0007538795471191406, -0.5721870064735413, -0.49060574173927307, 0.40650999546051025, 0.8008638620376587, 1.252127766609192, -0.12265539169311523, 0.439540833234787, -1.2122703790664673, -0.9231938123703003, -0.4015844762325287, 0.6303477883338928, 0.852682888507843, 1.0, 1.0, 1.0, 1.0, 1.0, 1.0, 1.0, 1.0, 1.0, 1.0, 1.0, 0.0]"
412,0.0,0.0,0.0,4.22796729253605e-05,0.0,314.6772766113281,3.667884084279649e-05,0.0,272.99163818359375,0.0,0.0,0.0,0.689939022064209,0.04852292686700821,0.01050487719476223,-0.35800933837890625,-0.2570215165615082,0.3138641119003296,0.41518500447273254,0.8620353937149048,-0.7810394167900085,0.8413230180740356,-0.8617983460426331,-1.1439650058746338,0.8098322749137878,-0.9167746901512146,0.7923012971878052,"[0.689939022064209, 0.04852292686700821, 0.01050487719476223, 0.4206366240978241, -0.10760737955570221, -0.02104557491838932, 0.038531430065631866, 0.02358940616250038, -0.9989789724349976, 0.699999988079071, 0.0, 0.0, -0.35800933837890625, -0.2570215165615082, 0.3138641119003296, 0.41518500447273254, 0.4620353877544403, -0.38103941082954407, 0.44132301211357117, -0.4617983400821686, -0.34396499395370483, 0.009832262992858887, -0.11677467823028564, -4.827976226806641e-06, 0.12358160316944122, -0.49324584007263184, -0.4703586995601654, 1.8696129322052002, -0.5907267332077026, 0.7409451603889465, 0.9557399153709412, -2.977165699005127, -0.38443976640701294, 0.804197371006012, 0.5425546169281006, 0.0006415843963623047, -0.4485420882701874, -0.20317544043064117, 0.7354955673217773, 0.32654544711112976, 1.193777084350586, 0.3596908748149872, 0.3300117552280426, -1.3772155046463013, -0.7386442422866821, -0.46921682357788086, 0.6464774012565613, 0.9979085922241211, 1.0, 1.0, 1.0, 1.0, 1.0, 1.0, 1.0, 1.0, 1.0, 1.0, 1.0, 0.0]"
413,0.0,0.0,0.0,4.8346060793846846e-05,0.0,359.8279113769531,3.729365926119499e-05,0.0,277.56756591796875,0.0,0.0,0.0,0.7193523049354553,0.05536986142396927,0.047881826758384705,-0.35006940364837646,-0.2661803364753723,0.30548444390296936,0.42879441380500793,0.8536349534988403,-0.7602489590644836,0.8567566871643066,-0.9082248210906982,-1.1353014707565308,0.819970428943634,-0.8991604447364807,0.7922958135604858,"[0.7193523049354553, 0.05536986142396927, 0.047881826758384705, 0.3108437657356262, -0.1388256698846817, -0.07702931016683578, 0.0357489176094532, 0.01662839576601982, -0.9992227554321289, 0.699999988079071, 0.0, 0.0, -0.35006940364837646, -0.2661803364753723, 0.30548444390296936, 0.42879441380500793, 0.45363494753837585, -0.36024895310401917, 0.45675668120384216, -0.5082248449325562, -0.3353014588356018, 0.019970417022705078, -0.09916043281555176, -1.0311603546142578e-05, 0.5486564636230469, -0.4256322979927063, -0.37209683656692505, -0.05134289711713791, -0.39824560284614563, 0.9424254298210144, 0.7214905023574829, -1.9672815799713135, 0.8723189830780029, 0.663345217704773, 1.0041229724884033, 0.01343766413629055, -0.5846427083015442, -0.1604018211364746, 0.6638989448547363, 0.3352948725223541, 1.0206608772277832, 0.25091370940208435, 0.2857848107814789, -1.391984224319458, -0.6297584772109985, -0.467598557472229, 0.5773639678955078, 1.0007250308990479, 1.0, 1.0, 1.0, 1.0, 1.0, 1.0, 1.0, 1.0, 1.0, 1.0, 1.0, 0.0]"
414,0.0,0.0,0.0,4.407152300700545e-05,0.0,328.0135803222656,3.5823493817588314e-05,0.0,266.62548828125,0.0,0.0,0.0,0.7427521347999573,0.061230771243572235,0.08549077808856964,-0.33730602264404297,-0.27331653237342834,0.29900091886520386,0.40794849395751953,0.844784140586853,-0.7350699305534363,0.8668496608734131,-0.9394277334213257,-1.1112582683563232,0.824985146522522,-0.872807502746582,0.7922961115837097,"[0.7427521347999573, 0.061230771243572235, 0.08549077808856964, 0.21748441457748413, -0.13092122972011566, -0.08997070789337158, 0.03296380117535591, 0.012062055990099907, -0.9993835091590881, 0.699999988079071, 0.0, 0.0, -0.33730602264404297, -0.27331653237342834, 0.29900091886520386, 0.40794849395751953, 0.44478413462638855, -0.3350699245929718, 0.4668496549129486, -0.5394277572631836, -0.3112582564353943, 0.024985134601593018, -0.07280749082565308, -1.0013580322265625e-05, 0.6420881152153015, -0.3363524377346039, -0.3113238215446472, -1.5330226421356201, -0.5115514397621155, 1.1575465202331543, 0.4432993233203888, -1.369849443435669, 1.4336827993392944, 0.38085684180259705, 1.4201468229293823, 0.011904967948794365, -0.49274447560310364, -0.30368074774742126, 0.5537244081497192, 0.3836303651332855, 1.025298833847046, 0.21874788403511047, 0.355090469121933, -1.3511825799942017, -0.5140438079833984, -0.4612889289855957, 0.5687056183815002, 0.9324145317077637, 1.0, 1.0, 1.0, 1.0, 1.0, 1.0, 1.0, 1.0, 1.0, 1.0, 1.0, 0.0]"
415,0.0,0.0,0.0,3.8991900510154665e-05,0.0,290.2071838378906,3.266517887823284e-05,0.0,243.11892700195312,0.0,0.0,0.0,0.7665675282478333,0.05964600294828415,0.1001867800951004,-0.322820782661438,-0.2787898778915405,0.29352089762687683,0.3699397146701813,0.833939254283905,-0.7064610123634338,0.8729566335678101,-0.9619512557983398,-1.078179121017456,0.8254888653755188,-0.8398820757865906,0.7923009991645813,"[0.7665675282478333, 0.05964600294828415, 0.1001867800951004, 0.14998075366020203, -0.11888966709375381, -0.07278336584568024, 0.030337756499648094, 0.008980444632470608, -0.9994993805885315, 0.699999988079071, 0.0, 0.0, -0.322820782661438, -0.2787898778915405, 0.29352089762687683, 0.3699397146701813, 0.43393924832344055, -0.30646100640296936, 0.4729566276073456, -0.5619512796401978, -0.2781791090965271, 0.025488853454589844, -0.03988206386566162, -5.125999450683594e-06, 0.7914640307426453, -0.25489675998687744, -0.24059098958969116, -2.007620096206665, -0.5959867835044861, 1.2882676124572754, 0.24255047738552094, -0.9984809160232544, 1.9384698867797852, 0.20296049118041992, 1.6890591382980347, 0.0004634857177734375, -0.4465630352497101, -0.4226440489292145, 0.4542939364910126, 0.4778977334499359, 0.9552224278450012, 0.16862580180168152, 0.35742393136024475, -1.2859805822372437, -0.36910825967788696, -0.48694509267807007, 0.5417852997779846, 0.8242946863174438, 1.0, 1.0, 1.0, 1.0, 1.0, 1.0, 1.0, 1.0, 1.0, 1.0, 1.0, 0.0]"
416,0.0,0.0,0.0,3.619346534833312e-05,0.0,269.3791198730469,2.9361848646658473e-05,0.0,218.53306579589844,0.0,0.0,0.0,0.7923867106437683,0.05095367878675461,0.0971280187368393,-0.30315136909484863,-0.2825946807861328,0.28907427191734314,0.3328181803226471,0.8210482597351074,-0.6755814552307129,0.8769598603248596,-0.9777697920799255,-1.0325013399124146,0.8222317695617676,-0.8038302063941956,0.7923007011413574,"[0.7923867106437683, 0.05095367878675461, 0.0971280187368393, 0.10195920616388321, -0.06482981890439987, -0.04556851089000702, 0.02842867001891136, 0.006978629622608423, -0.999571681022644, 0.699999988079071, 0.0, 0.0, -0.30315136909484863, -0.2825946807861328, 0.28907427191734314, 0.3328181803226471, 0.42104825377464294, -0.2755814492702484, 0.47695985436439514, -0.5777697563171387, -0.2325013279914856, 0.022231757640838623, -0.0038301944732666016, -5.424022674560547e-06, 1.0964479446411133, -0.18212267756462097, -0.15324386954307556, -1.7210733890533447, -0.7326287031173706, 1.3916680812835693, 0.19150370359420776, -0.6740488409996033, 2.6338348388671875, 0.009864121675491333, 1.73886239528656, 0.0015118122100830078, -0.4022046625614166, -0.48971566557884216, 0.4998195469379425, 0.4895789623260498, 0.8584690690040588, 0.15727636218070984, 0.34384724497795105, -1.2537143230438232, -0.1892954409122467, -0.5109674334526062, 0.46547430753707886, 0.7310913801193237, 1.0, 1.0, 1.0, 1.0, 1.0, 1.0, 1.0, 1.0, 1.0, 1.0, 1.0, 0.0]"
417,0.0,0.0,0.0,3.2075131457531825e-05,0.0,238.72735595703125,2.4087807105388492e-05,0.0,179.2796630859375,0.0,0.0,0.0,0.8168532848358154,0.04083937406539917,0.07780219614505768,-0.27750280499458313,-0.2848726212978363,0.2858176529407501,0.3042351007461548,0.8030906319618225,-0.6431106925010681,0.8808081150054932,-0.9871791005134583,-0.9708327651023865,0.8143301010131836,-0.7691391706466675,0.7922996878623962,"[0.8168532848358154, 0.04083937406539917, 0.07780219614505768, 0.059779517352581024, 0.046725090593099594, -0.01964045688509941, 0.02834760770201683, 0.005750460550189018, -0.9995819330215454, 0.699999988079071, 0.0, 0.0, -0.27750280499458313, -0.2848726212978363, 0.2858176529407501, 0.3042351007461548, 0.40309062600135803, -0.24311068654060364, 0.4808081090450287, -0.5871790647506714, -0.17083275318145752, 0.014330089092254639, 0.030860841274261475, -6.4373016357421875e-06, 1.3760567903518677, -0.1043524295091629, -0.1113983690738678, -1.280758023262024, -1.087480068206787, 1.466143012046814, 0.2629411816596985, -0.3354814350605011, 3.5771842002868652, -0.2452092319726944, 1.5820400714874268, 0.0016707181930541992, -0.4156935513019562, -0.46948304772377014, 0.6161878108978271, 0.47068288922309875, 0.6435162425041199, 0.08421638607978821, 0.3586258888244629, -1.1619796752929688, 0.07099080085754395, -0.46032029390335083, 0.29566043615341187, 0.609360933303833, 1.0, 1.0, 1.0, 1.0, 1.0, 1.0, 1.0, 1.0, 1.0, 1.0, 1.0, 0.0]"
418,8.134937525028363e-05,0.0,605.4635009765625,1.6732647054595873e-05,0.0,124.5369873046875,0.0,0.0,0.0,0.0,0.0,0.0,0.8500245809555054,0.04632158949971199,0.03718535974621773,-0.2564304769039154,-0.2862592339515686,0.2847321629524231,0.28082770109176636,0.7857474088668823,-0.6112452745437622,0.886703372001648,-0.9874488115310669,-0.9049369096755981,0.8041210174560547,-0.7486984729766846,0.7923247814178467,"[0.8500245809555054, 0.04632158949971199, 0.03718535974621773, 0.2681109607219696, 0.06206966191530228, -0.047997064888477325, 0.030657339841127396, 0.004979241173714399, -0.9995177984237671, 0.699999988079071, 0.0, 0.0, -0.2564304769039154, -0.2862592339515686, 0.2847321629524231, 0.28082770109176636, 0.38574740290641785, -0.21124526858329773, 0.48670336604118347, -0.5874488353729248, -0.10493689775466919, 0.004121005535125732, 0.051301538944244385, 1.8656253814697266e-05, -0.8644595146179199, -0.32580533623695374, -0.1036975234746933, -1.5176242589950562, 1.7099883556365967, 1.609887957572937, 0.2810242474079132, 0.3014442026615143, -1.0248057842254639, -0.41590946912765503, -0.1685558557510376, -0.039019227027893066, -0.38243135809898376, -0.4756084978580475, 0.807857871055603, 0.5074488520622253, 0.2430683672428131, -0.28367507457733154, 0.571619987487793, -0.8009500503540039, 0.46020716428756714, -0.12918807566165924, -0.2056403011083603, 0.3177817761898041, 1.0, 1.0, 1.0, 1.0, 1.0, 1.0, 1.0, 1.0, 1.0, 1.0, 1.0, 0.0]"
419,4.102503589820117e-05,0.0,305.3393249511719,0.0,0.0,0.0,0.0,0.0,0.0,0.0,0.0,0.0,0.8247950673103333,-0.004777876660227776,-0.03347238898277283,-0.2574979066848755,-0.28896841406822205,0.30268749594688416,0.25886449217796326,0.8088912963867188,-0.5850379467010498,0.8849048614501953,-0.9677467346191406,-0.8946338295936584,0.8110900521278381,-0.8086273074150085,0.7923011779785156,"[0.8247950673103333, -0.004777876660227776, -0.03347238898277283, -0.0427246131002903, -0.172428160905838, -0.06780341267585754, 0.029886091127991676, 0.003863678779453039, -0.9995461702346802, 0.699999988079071, 0.0, 0.0, -0.2574979066848755, -0.28896841406822205, 0.30268749594688416, 0.25886449217796326, 0.4088912904262543, -0.18503794074058533, 0.48490485548973083, -0.5677467584609985, -0.09463381767272949, 0.01109004020690918, -0.00862729549407959, -4.947185516357422e-06, 0.0459284782409668, -0.11361181735992432, 1.5221209526062012, -0.8351766467094421, 1.2320698499679565, 0.8906418681144714, -0.12854641675949097, 1.5128743648529053, 0.5280598998069763, 1.7012302875518799, -4.405728816986084, -0.016983214765787125, -0.21544143557548523, -0.8327372670173645, 0.7385269403457642, 0.7776023149490356, 0.1428031623363495, -1.0268735885620117, 1.2601505517959595, -0.2149871289730072, 0.6233265995979309, 0.4872642457485199, -1.1076691150665283, -0.17974016070365906, 1.0, 1.0, 1.0, 1.0, 1.0, 1.0, 1.0, 1.0, 1.0, 1.0, 1.0, 0.0]"
420,3.675217158161104e-05,0.0,273.53741455078125,0.0,0.0,0.0,0.0,0.0,0.0,0.0,0.0,0.0,0.7967309951782227,-0.021179428324103355,-0.11936865001916885,-0.25774049758911133,-0.3055751621723175,0.33915242552757263,0.2483251690864563,0.830213189125061,-0.592507541179657,0.8887544274330139,-0.9185173511505127,-0.8727787137031555,0.9036078453063965,-0.9138972759246826,0.7923026084899902,"[0.7967309951782227, -0.021179428324103355, -0.11936865001916885, 0.34314608573913574, -0.5013850927352905, -0.007218883838504553, 0.02221095748245716, 0.002374163828790188, -0.9997506737709045, 0.699999988079071, 0.0, 0.0, -0.25774049758911133, -0.3055751621723175, 0.33915242552757263, 0.2483251690864563, 0.43021318316459656, -0.1925075352191925, 0.48875442147254944, -0.5185173749923706, -0.07277870178222656, 0.10360783338546753, -0.11389726400375366, -3.516674041748047e-06, -0.2938576638698578, -1.4862051010131836, 1.6303844451904297, -0.603576123714447, 1.0357341766357422, -1.0476841926574707, 0.49103471636772156, 2.988816738128662, 1.2550411224365234, 5.408053874969482, -5.754852771759033, -0.012578035704791546, -0.6095905303955078, -0.8301463723182678, 0.5960434079170227, 0.5310478210449219, 0.5142934322357178, -1.1412633657455444, 1.1789394617080688, -0.40618041157722473, 0.3761938214302063, 0.8595456480979919, -1.464202880859375, -0.578637421131134, 1.0, 1.0, 1.0, 1.0, 1.0, 1.0, 1.0, 1.0, 1.0, 1.0, 1.0, 0.0]"
421,2.4025070160860196e-05,0.0,178.81271362304688,0.0,0.0,0.0,0.0,0.0,0.0,9.050479275174439e-05,0.0,673.6050415039062,0.7485550045967102,-0.010694138705730438,-0.24494847655296326,-0.27480360865592957,-0.35483860969543457,0.356195330619812,0.22793351113796234,0.8479027152061462,-0.6311739683151245,0.9074294567108154,-0.8553502559661865,-0.8400459885597229,1.0049407482147217,-1.0475062131881714,0.7931885719299316,"[0.7485550045967102, -0.010694138705730438, -0.24494847655296326, 1.0407887697219849, -0.6626591086387634, 0.00320317130535841, 0.009637333452701569, -0.015790916979312897, -0.999828577041626, 0.699999988079071, 0.0, 0.0, -0.27480360865592957, -0.35483860969543457, 0.356195330619812, 0.22793351113796234, 0.44790270924568176, -0.23117396235466003, 0.5074294805526733, -0.45535025000572205, -0.040045976638793945, 0.20494073629379272, -0.24750620126724243, 0.0008824467658996582, -1.0180935859680176, -2.8331217765808105, 0.5724670886993408, -0.9201036095619202, 0.9575888514518738, -2.469505786895752, 0.9063200950622559, -0.4462432861328125, 1.4860633611679077, 4.764145374298096, -6.867379188537598, 3.8324644565582275, -0.4195190370082855, -0.8869040608406067, 0.7155659198760986, 0.40591010451316833, 0.4082232713699341, -1.1577551364898682, 1.0563045740127563, -0.34237533807754517, 0.35720932483673096, 0.8443958759307861, -1.4271833896636963, -0.6254007816314697, 1.0, 1.0, 1.0, 1.0, 1.0, 1.0, 1.0, 1.0, 1.0, 1.0, 1.0, 1.0]"
422,3.919787559425458e-05,0.0,291.7402038574219,0.0,0.0,0.0,0.0,0.0,0.0,9.353682980872691e-05,0.0,696.1717529296875,0.7390404939651489,0.01829259842634201,0.046805188059806824,-0.2586689889431,-0.3860044479370117,0.3948255181312561,0.24252375960350037,0.8768649101257324,-0.6970823407173157,0.8955262899398804,-0.8469710946083069,-0.8473504185676575,1.0709071159362793,-1.1704708337783813,0.8105261325836182,"[0.7390404939651489, 0.01829259842634201, 0.046805188059806824, -1.8845466375350952, 0.6339954137802124, -0.2230435162782669, 0.011799592524766922, 0.0013106469996273518, -0.999929666519165, 0.699999988079071, 0.0, 0.0, -0.2586689889431, -0.3860044479370117, 0.3948255181312561, 0.24252375960350037, 0.47686490416526794, -0.2970823347568512, 0.4955262839794159, -0.4469710886478424, -0.047350406646728516, 0.27090710401535034, -0.3704708218574524, 0.01822000741958618, 1.7680414915084839, -0.9842185974121094, 2.3939263820648193, 1.581788420677185, 1.6638292074203491, -3.690160036087036, -1.6002389192581177, 1.7696787118911743, -1.4237265586853027, 2.5723936557769775, -5.519598484039307, -1.8172900676727295, -0.7735635638237, -0.5971171259880066, 0.583420991897583, 0.38814836740493774, 0.2801223397254944, -1.3839541673660278, 0.9522296190261841, -0.09736791253089905, 0.47454577684402466, 0.8453058004379272, -1.2501184940338135, -0.475759893655777, 1.0, 1.0, 1.0, 1.0, 1.0, 1.0, 1.0, 1.0, 1.0, 1.0, 1.0, 1.0]"
423,4.2511270294198766e-05,0.0,316.4009704589844,0.0,0.0,0.0,0.0,0.0,0.0,0.0,0.0,0.0,0.7316881418228149,0.061696723103523254,0.03423608839511871,-0.24365808069705963,-0.4233238101005554,0.4002566933631897,0.24894525110721588,0.8984097242355347,-0.7693236470222473,0.858448326587677,-0.8035233020782471,-0.8560168147087097,1.1154481172561646,-1.2356808185577393,0.7922597527503967,"[0.7316881418228149, 0.061696723103523254, 0.03423608839511871, -0.13390327990055084, 0.3334866762161255, -0.12193335592746735, 0.02237103134393692, 0.018334951251745224, -0.9995815753936768, 0.699999988079071, 0.0, 0.0, -0.24365808069705963, -0.4233238101005554, 0.4002566933631897, 0.24894525110721588, 0.4984097182750702, -0.36932364106178284, 0.4584483206272125, -0.4035232961177826, -0.05601680278778076, 0.3154481053352356, -0.4356808066368103, -4.6372413635253906e-05, 0.06638476997613907, -2.067646026611328, -0.9366987943649292, -0.5552710890769958, 0.7159948945045471, -3.4637539386749268, -1.784874439239502, 2.317162036895752, 0.3472375273704529, 1.934960961341858, -1.2819344997406006, 0.07458736002445221, -1.0086749792099, -0.26266857981681824, 0.5280846357345581, 0.8102892637252808, 0.23378700017929077, -1.5648382902145386, 1.1720889806747437, -0.5594671964645386, 0.5961554646492004, 0.8926021456718445, -0.9337723851203918, -0.37969252467155457, 1.0, 1.0, 1.0, 1.0, 1.0, 1.0, 1.0, 1.0, 1.0, 1.0, 1.0, 1.0]"
424,4.315564001444727e-05,0.0,321.1968994140625,0.0,0.0,0.0,0.0,0.0,0.0,5.152448284206912e-05,0.0,383.484130859375,0.7258929014205933,0.009295647963881493,0.025876648724079132,-0.24159002304077148,-0.4326898753643036,0.3841805160045624,0.250131219625473,0.9121103882789612,-0.8380772471427917,0.8304232954978943,-0.7858472466468811,-0.8433973789215088,1.1480543613433838,-1.2279454469680786,0.7967848777770996,"[0.7258929014205933, 0.009295647963881493, 0.025876648724079132, -0.5636171102523804, 0.18070051074028015, -0.02520851604640484, 0.02526029199361801, 0.02138087898492813, -0.9994522333145142, 0.699999988079071, 0.0, 0.0, -0.24159002304077148, -0.4326898753643036, 0.3841805160045624, 0.250131219625473, 0.5121103525161743, -0.43807724118232727, 0.4304232895374298, -0.3858472406864166, -0.043397367000579834, 0.34805434942245483, -0.42794543504714966, 0.004478752613067627, 0.5165534019470215, 0.7722477316856384, -0.2346341609954834, 0.49007317423820496, 0.7717792987823486, -3.4719619750976562, -1.2887507677078247, 1.0342212915420532, 0.44818392395973206, 1.5542454719543457, 1.0818419456481934, -0.019427428022027016, -0.6875326633453369, -0.567832887172699, 0.6551781892776489, 0.5727125406265259, 0.22943104803562164, -1.3462293148040771, 0.9967832565307617, -0.5870561599731445, 0.5886623859405518, 0.9240039587020874, -0.7463780045509338, -0.5145933628082275, 1.0, 1.0, 1.0, 1.0, 1.0, 1.0, 1.0, 1.0, 1.0, 1.0, 1.0, 1.0]"
425,4.082141458638944e-05,0.0,303.82379150390625,0.0,0.0,0.0,0.0,0.0,0.0,2.9936307328171097e-05,0.0,222.80862426757812,0.7349125742912292,0.0035197807010263205,0.04385428503155708,-0.23438185453414917,-0.40674450993537903,0.3774512708187103,0.2564990818500519,0.9244748950004578,-0.9003533720970154,0.810433566570282,-0.7631884217262268,-0.8281641602516174,1.1693761348724365,-1.1907320022583008,0.7952661514282227,"[0.7349125742912292, 0.0035197807010263205, 0.04385428503155708, -0.20380908250808716, 0.13005417585372925, -0.029646093025803566, 0.027817783877253532, 0.028978381305933, -0.9991930723190308, 0.699999988079071, 0.0, 0.0, -0.23438185453414917, -0.40674450993537903, 0.3774512708187103, 0.2564990818500519, 0.5244748592376709, -0.5003533363342285, 0.4104335606098175, -0.36318841576576233, -0.028164148330688477, 0.36937612295150757, -0.3907319903373718, 0.002960026264190674, 0.1980307251214981, 1.4050495624542236, -0.5746882557868958, 0.14744634926319122, 0.426037460565567, -2.699537515640259, -0.964653491973877, 1.0387513637542725, 1.02568519115448, 0.04132658243179321, 2.58713960647583, 0.07432449609041214, -0.7633141279220581, -0.5454341769218445, 0.5655491352081299, 0.8611363172531128, 0.2320813536643982, -1.2227787971496582, 0.8954035043716431, -0.4363459646701813, 0.6368221044540405, 0.6901581287384033, -0.4788198471069336, -0.42886775732040405, 1.0, 1.0, 1.0, 1.0, 1.0, 1.0, 1.0, 1.0, 1.0, 1.0, 1.0, 1.0]"
426,3.777211895794608e-05,0.0,281.1286315917969,0.0,0.0,0.0,0.0,0.0,0.0,2.9008398996666074e-05,0.0,215.9024200439453,0.7522899508476257,0.009747156873345375,0.08409873396158218,-0.23541586101055145,-0.3779919743537903,0.35867542028427124,0.2534385025501251,0.9287043809890747,-0.9355330467224121,0.7895464897155762,-0.7405074238777161,-0.800085186958313,1.1372599601745605,-1.1233609914779663,0.7944632768630981,"[0.7522899508476257, 0.009747156873345375, 0.08409873396158218, 0.11700429767370224, 0.15530838072299957, -0.07673638314008713, 0.03014822117984295, 0.02742244303226471, -0.9991692304611206, 0.699999988079071, 0.0, 0.0, -0.23541586101055145, -0.3779919743537903, 0.35867542028427124, 0.2534385025501251, 0.5287044048309326, -0.53553307056427, 0.3895464837551117, -0.3405074179172516, -8.51750373840332e-05, 0.3372599482536316, -0.32336097955703735, 0.002157151699066162, -0.0871163159608841, 1.5573667287826538, -1.0734599828720093, -0.20016273856163025, 0.05999310314655304, -1.1206374168395996, -1.280687689781189, 1.1429541110992432, 1.5615531206130981, -3.0241453647613525, 4.145361423492432, -0.10879726707935333, -0.7857484221458435, -0.6785471439361572, 0.5042552947998047, 0.9680744409561157, 0.2513044476509094, -1.004682183265686, 0.5847209692001343, -0.3848641514778137, 0.5956737995147705, 0.23185387253761292, -0.04886655509471893, -0.512603759765625, 1.0, 1.0, 1.0, 1.0, 1.0, 1.0, 1.0, 1.0, 1.0, 1.0, 1.0, 1.0]"
427,2.7726431653718464e-05,0.0,206.36105346679688,0.0,0.0,0.0,0.0,0.0,0.0,2.3948343368829228e-05,0.0,178.2416534423828,0.7663161158561707,0.01305270753800869,0.07589676976203918,-0.24130605161190033,-0.3495821952819824,0.33042582869529724,0.2447623461484909,0.927575409412384,-0.9393141865730286,0.7561265230178833,-0.717748761177063,-0.7632579803466797,1.0502055883407593,-1.0228307247161865,0.7943282723426819,"[0.7663161158561707, 0.01305270753800869, 0.07589676976203918, 0.3092307150363922, 0.15052156150341034, -0.1025315374135971, 0.03232283145189285, 0.020600661635398865, -0.9992650747299194, 0.699999988079071, 0.0, 0.0, -0.24130605161190033, -0.3495821952819824, 0.33042582869529724, 0.2447623461484909, 0.5275753736495972, -0.5393141508102417, 0.3561265170574188, -0.3177487552165985, 0.03674203157424927, 0.2502055764198303, -0.22283071279525757, 0.0020221471786499023, -0.17539045214653015, 1.537345290184021, -1.4190255403518677, -0.3960829973220825, -0.05078219994902611, 0.39827558398246765, -2.000328540802002, 1.1263625621795654, 1.8589677810668945, -5.4205780029296875, 5.566949844360352, -0.053215403109788895, -0.9998778700828552, -0.5403292179107666, 0.5358511209487915, 0.9901441335678101, 0.3919574022293091, -0.6719995737075806, 0.4428958594799042, -0.5266239643096924, 0.32861679792404175, -0.28794220089912415, 0.3937219977378845, -0.36353471875190735, 1.0, 1.0, 1.0, 1.0, 1.0, 1.0, 1.0, 1.0, 1.0, 1.0, 1.0, 1.0]"
428,0.0,0.0,0.0,0.0,0.0,0.0,3.0277007681434043e-05,0.0,225.34437561035156,7.466328952432377e-06,0.0,55.57006072998047,0.795166015625,0.013443577103316784,0.03257158398628235,-0.24693123996257782,-0.3100580871105194,0.3175708055496216,0.2408207654953003,0.9307979941368103,-0.9130964279174805,0.7463319897651672,-0.6940150260925293,-0.7459526658058167,0.9290958642959595,-0.9673678278923035,0.7935008406639099,"[0.795166015625, 0.013443577103316784, 0.03257158398628235, -0.2043628692626953, 0.06044910103082657, -0.01461601722985506, 0.034748561680316925, 0.01821235939860344, -0.999230146408081, 0.699999988079071, 0.0, 0.0, -0.24693123996257782, -0.3100580871105194, 0.3175708055496216, 0.2408207654953003, 0.5307979583740234, -0.5130964517593384, 0.34633198380470276, -0.2940150201320648, 0.054047346115112305, 0.12909585237503052, -0.1673678159713745, 0.0011947154998779297, -0.5335554480552673, 2.5050652027130127, 0.2838965952396393, 0.06923944503068924, 0.43213534355163574, 1.9066747426986694, 1.999110221862793, 1.4089003801345825, -1.4767159223556519, -6.3833465576171875, -1.2546721696853638, -0.15681768953800201, -1.1791844367980957, -0.44087913632392883, 0.6067579388618469, 0.7648153305053711, 0.7395973801612854, -0.20538651943206787, 0.20702305436134338, -0.9607656002044678, -0.3924575448036194, -0.6981468796730042, 0.5953060388565063, 0.015451185405254364, 1.0, 1.0, 1.0, 1.0, 1.0, 1.0, 1.0, 1.0, 1.0, 1.0, 1.0, 0.0]"
429,0.0,0.0,0.0,0.0,0.0,0.0,3.4800505090970546e-05,0.0,259.01165771484375,1.442951452190755e-05,0.0,107.39534759521484,0.7713644504547119,0.0491366870701313,0.011444680392742157,-0.2839166820049286,-0.2553773820400238,0.3232036232948303,0.2468472719192505,0.9379991292953491,-0.8536254167556763,0.765654981136322,-0.668193519115448,-0.8298787474632263,0.7876851558685303,-0.9535609483718872,0.7951326966285706,"[0.7713644504547119, 0.0491366870701313, 0.011444680392742157, -0.685655415058136, -0.07518674433231354, -0.01768079772591591, 0.03373308107256889, 0.026033787056803703, -0.999091625213623, 0.699999988079071, 0.0, 0.0, -0.2839166820049286, -0.2553773820400238, 0.3232036232948303, 0.2468472719192505, 0.537999153137207, -0.4536254107952118, 0.36565497517585754, -0.2681935131549835, -0.029878735542297363, -0.012314856052398682, -0.15356093645095825, 0.0028265714645385742, -1.9994078874588013, 2.948606491088867, 0.5468888282775879, 0.557686984539032, 0.09812749177217484, 3.5564217567443848, 0.9874401688575745, 1.5929672718048096, -4.011561870574951, -7.023947238922119, 0.6992730498313904, -0.3602507710456848, -0.49117639660835266, -0.3817395865917206, 0.28043967485427856, 0.6003433465957642, 1.1526737213134766, 0.20511260628700256, 0.4280412793159485, -1.634674072265625, -0.8700792789459229, -0.6649275422096252, 0.4455196261405945, 0.8462121486663818, 1.0, 1.0, 1.0, 1.0, 1.0, 1.0, 1.0, 1.0, 1.0, 1.0, 1.0, 1.0]"
430,0.0,0.0,0.0,5.523537038243376e-05,0.0,411.10333251953125,3.6492510844254866e-05,0.0,271.6048278808594,0.0,0.0,0.0,0.6990476846694946,0.055210623890161514,0.03309411182999611,-0.3204066753387451,-0.24601469933986664,0.33014294505119324,0.2628635764122009,0.9298591613769531,-0.8361199498176575,0.7819327116012573,-0.6628410220146179,-0.9255813956260681,0.7952932715415955,-0.9416249394416809,0.7922973036766052,"[0.6990476846694946, 0.055210623890161514, 0.03309411182999611, -0.3732633590698242, 0.12723278999328613, 0.0019760841969400644, 0.034695155918598175, 0.035794489085674286, -0.9987567663192749, 0.699999988079071, 0.0, 0.0, -0.3204066753387451, -0.24601469933986664, 0.33014294505119324, 0.2628635764122009, 0.529859185218811, -0.436119943857193, 0.38193270564079285, -0.26284101605415344, -0.12558138370513916, -0.004706740379333496, -0.14162492752075195, -8.821487426757812e-06, -1.5527403354644775, 0.27990037202835083, 0.2652074992656708, 1.2556411027908325, -0.5725659728050232, 0.4833328425884247, 0.8675544261932373, -0.8390794992446899, -5.848609924316406, 0.8391179442405701, 0.34105384349823, 0.006299260072410107, -0.7122468948364258, -0.6804227828979492, -0.019394706934690475, 1.0726947784423828, 1.064271330833435, -0.254756897687912, 0.31882646679878235, -1.300362229347229, -0.9864143133163452, -0.568839430809021, 0.5991289615631104, 0.837493896484375, 1.0, 1.0, 1.0, 1.0, 1.0, 1.0, 1.0, 1.0, 1.0, 1.0, 1.0, 1.0]"
431,0.0,0.0,0.0,3.71002170140855e-05,0.0,276.1278381347656,3.6120469303568825e-05,0.0,268.8358154296875,0.0,0.0,0.0,0.667295515537262,0.03931449353694916,0.05300849303603172,-0.34533435106277466,-0.2458237260580063,0.32944968342781067,0.30339953303337097,0.9107761979103088,-0.8190774321556091,0.7993064522743225,-0.7095094323158264,-1.0367273092269897,0.7978929281234741,-0.9384990930557251,0.7923011183738708,"[0.667295515537262, 0.03931449353694916, 0.05300849303603172, 0.15871316194534302, 0.2113962322473526, 0.038155198097229004, 0.038717351853847504, 0.03651938959956169, -0.9985827207565308, 0.699999988079071, 0.0, 0.0, -0.34533435106277466, -0.2458237260580063, 0.32944968342781067, 0.30339953303337097, 0.510776162147522, -0.41907742619514465, 0.39930644631385803, -0.30950942635536194, -0.2367272973060608, -0.002107083797454834, -0.13849908113479614, -5.0067901611328125e-06, -1.0603301525115967, -0.16557356715202332, -0.21933916211128235, 2.4427976608276367, -1.1577191352844238, 0.8619574308395386, 0.9199904203414917, -3.0441832542419434, -4.981496810913086, 0.052615031599998474, 0.05144597962498665, 0.0005257129669189453, -0.39426663517951965, -0.7269982099533081, 0.3783375918865204, 0.7985621690750122, 1.2600611448287964, -0.0273992121219635, 0.6114183664321899, -1.5072648525238037, -1.0726948976516724, -0.34242045879364014, 0.5653430223464966, 0.9762382507324219, 1.0, 1.0, 1.0, 1.0, 1.0, 1.0, 1.0, 1.0, 1.0, 1.0, 1.0, 1.0]"
432,0.0,0.0,0.0,2.856879473256413e-05,0.0,212.63055419921875,3.420585926505737e-05,0.0,254.58584594726562,0.0,0.0,0.0,0.6645585894584656,0.03578049689531326,0.01800665631890297,-0.3564305603504181,-0.25119972229003906,0.3233776092529297,0.360419899225235,0.8887356519699097,-0.8004839420318604,0.8185136914253235,-0.7821788191795349,-1.1207760572433472,0.7997936010360718,-0.9364136457443237,0.7923008799552917,"[0.6645585894584656, 0.03578049689531326, 0.01800665631890297, 0.30811846256256104, 0.06588733196258545, 0.01045584212988615, 0.04129870980978012, 0.031294383108615875, -0.9986562728881836, 0.699999988079071, 0.0, 0.0, -0.3564305603504181, -0.25119972229003906, 0.3233776092529297, 0.360419899225235, 0.4887356460094452, -0.4004839360713959, 0.418513685464859, -0.38217881321907043, -0.3207760453224182, -0.00020641088485717773, -0.13641363382339478, -5.245208740234375e-06, -0.26840779185295105, -0.34062713384628296, -0.3466663062572479, 2.951606273651123, -1.0455211400985718, 0.712247371673584, 0.9809772968292236, -3.8047549724578857, -3.3196675777435303, 0.5006933808326721, 0.17500266432762146, 0.0005612373352050781, -0.5794578194618225, -0.5126628279685974, 0.3970417082309723, 0.8170958757400513, 1.2659400701522827, -0.1267545521259308, 0.4489557445049286, -1.2361506223678589, -0.9394738078117371, -0.3961736857891083, 0.6248708367347717, 0.8764834403991699, 1.0, 1.0, 1.0, 1.0, 1.0, 1.0, 1.0, 1.0, 1.0, 1.0, 1.0, 0.0]"
433,0.0,0.0,0.0,4.200578041491099e-05,0.0,312.6387634277344,3.7047135265311226e-05,0.0,275.7327575683594,0.0,0.0,0.0,0.6862298846244812,0.04648011177778244,0.010067403316497803,-0.3580068349838257,-0.25982487201690674,0.31501173973083496,0.4109494388103485,0.8723093867301941,-0.7829836010932922,0.8380845189094543,-0.8523402810096741,-1.1494121551513672,0.8099578022956848,-0.9287658929824829,0.7923005223274231,"[0.6862298846244812, 0.04648011177778244, 0.010067403316497803, 0.432432621717453, -0.09789164364337921, -0.023381175473332405, 0.040269289165735245, 0.0238480381667614, -0.9989044070243835, 0.699999988079071, 0.0, 0.0, -0.3580068349838257, -0.25982487201690674, 0.31501173973083496, 0.4109494388103485, 0.4723093807697296, -0.38298359513282776, 0.43808451294898987, -0.4523402750492096, -0.34941214323043823, 0.00995779037475586, -0.12876588106155396, -5.602836608886719e-06, -0.0124891959130764, -0.5005946159362793, -0.4805939495563507, 2.037137985229492, -0.7151809930801392, 0.7405960559844971, 1.0059940814971924, -3.2038464546203613, -0.33386901021003723, 0.7803618311882019, 0.443232923746109, 0.0008406639099121094, -0.44034335017204285, -0.21241451799869537, 0.7220142483711243, 0.336664617061615, 1.2098770141601562, 0.3562772572040558, 0.34351933002471924, -1.365222454071045, -0.7466364502906799, -0.47009584307670593, 0.6511687636375427, 1.0143097639083862, 1.0, 1.0, 1.0, 1.0, 1.0, 1.0, 1.0, 1.0, 1.0, 1.0, 1.0, 0.0]"
434,0.0,0.0,0.0,4.847000673180446e-05,0.0,360.75042724609375,3.7929548852844164e-05,0.0,282.3003234863281,0.0,0.0,0.0,0.7160662412643433,0.05309295281767845,0.04643364995718002,-0.35198739171028137,-0.2691813111305237,0.3065543472766876,0.4283888339996338,0.8616812825202942,-0.7622670531272888,0.8544293642044067,-0.9029830694198608,-1.1400864124298096,0.8197824954986572,-0.9128652215003967,0.7922955751419067,"[0.7160662412643433, 0.05309295281767845, 0.04643364995718002, 0.3216923475265503, -0.13070809841156006, -0.08237769454717636, 0.037654850631952286, 0.016624771058559418, -0.999152421951294, 0.699999988079071, 0.0, 0.0, -0.35198739171028137, -0.2691813111305237, 0.3065543472766876, 0.4283888339996338, 0.4616812765598297, -0.36226704716682434, 0.45442935824394226, -0.5029830932617188, -0.3400864005088806, 0.01978248357772827, -0.11286520957946777, -1.055002212524414e-05, 0.4783531427383423, -0.43384498357772827, -0.3769383728504181, 0.13819965720176697, -0.4998072385787964, 0.9364219307899475, 0.7891790866851807, -2.148343563079834, 0.8714029788970947, 0.6532335877418518, 0.867575466632843, 0.013825886882841587, -0.5819310545921326, -0.1567557156085968, 0.6586602330207825, 0.34170353412628174, 1.0305430889129639, 0.24840566515922546, 0.29340866208076477, -1.3841829299926758, -0.6460813283920288, -0.46752673387527466, 0.5783154368400574, 1.0045289993286133, 1.0, 1.0, 1.0, 1.0, 1.0, 1.0, 1.0, 1.0, 1.0, 1.0, 1.0, 0.0]"
435,0.0,0.0,0.0,4.4134289055364206e-05,0.0,328.480712890625,3.6456298403209075e-05,0.0,271.3353271484375,0.0,0.0,0.0,0.7399998903274536,0.05944672226905823,0.08457004278898239,-0.33989694714546204,-0.27636483311653137,0.30018359422683716,0.4105718731880188,0.8509542346000671,-0.7372552752494812,0.8654270172119141,-0.9364712834358215,-1.1168626546859741,0.8247183561325073,-0.8881463408470154,0.7922955751419067,"[0.7399998903274536, 0.05944672226905823, 0.08457004278898239, 0.2153543382883072, -0.12428975850343704, -0.09806255251169205, 0.03501534089446068, 0.011999057605862617, -0.9993146061897278, 0.699999988079071, 0.0, 0.0, -0.33989694714546204, -0.27636483311653137, 0.30018359422683716, 0.4105718731880188, 0.45095422863960266, -0.3372552692890167, 0.4654270112514496, -0.5364712476730347, -0.31686264276504517, 0.02471834421157837, -0.08814632892608643, -1.055002212524414e-05, 0.6218288540840149, -0.33448612689971924, -0.30715522170066833, -1.4080184698104858, -0.5979346632957458, 1.1493706703186035, 0.5089904069900513, -1.4463675022125244, 1.3554784059524536, 0.3791819214820862, 1.3107945919036865, 0.01224613655358553, -0.49499353766441345, -0.29113200306892395, 0.5426486730575562, 0.3876373767852783, 1.0396020412445068, 0.21246352791786194, 0.3674238920211792, -1.3432940244674683, -0.5369585752487183, -0.459293007850647, 0.568126380443573, 0.9372012615203857, 1.0, 1.0, 1.0, 1.0, 1.0, 1.0, 1.0, 1.0, 1.0, 1.0, 1.0, 0.0]"
436,0.0,0.0,0.0,3.899111834471114e-05,0.0,290.20135498046875,3.452752935118042e-05,0.0,256.9799499511719,0.0,0.0,0.0,0.763685405254364,0.059115394949913025,0.10022203624248505,-0.325728178024292,-0.28168654441833496,0.2950233817100525,0.37429067492485046,0.8387458920478821,-0.708907425403595,0.8723655939102173,-0.9597595930099487,-1.0862377882003784,0.8254303932189941,-0.8566109538078308,0.7922958135604858,"[0.763685405254364, 0.059115394949913025, 0.10022203624248505, 0.1320319026708603, -0.11988960206508636, -0.07980858534574509, 0.032462310045957565, 0.009120721369981766, -0.9994313716888428, 0.699999988079071, 0.0, 0.0, -0.325728178024292, -0.28168654441833496, 0.2950233817100525, 0.37429067492485046, 0.4387458860874176, -0.3089074194431305, 0.4723655879497528, -0.5597596168518066, -0.28623777627944946, 0.025430381298065186, -0.056610941886901855, -1.0311603546142578e-05, 0.7758574485778809, -0.24156667292118073, -0.2507827579975128, -1.9386261701583862, -0.6516057848930359, 1.2712621688842773, 0.2932857573032379, -1.0186372995376587, 1.8049768209457397, 0.2289903163909912, 1.6662981510162354, 0.009019065648317337, -0.4502468407154083, -0.4096824526786804, 0.4353612959384918, 0.4817377030849457, 0.9717000722885132, 0.15821018815040588, 0.37051036953926086, -1.281690001487732, -0.39764487743377686, -0.4826399087905884, 0.542005181312561, 0.8316219449043274, 1.0, 1.0, 1.0, 1.0, 1.0, 1.0, 1.0, 1.0, 1.0, 1.0, 1.0, 0.0]"
437,0.0,0.0,0.0,3.6286663089413196e-05,0.0,270.0727844238281,3.1276031222660094e-05,0.0,232.7798309326172,0.0,0.0,0.0,0.7891213893890381,0.05222751945257187,0.09869112819433212,-0.30651235580444336,-0.2851746678352356,0.29100531339645386,0.3378882110118866,0.8252152800559998,-0.6784052848815918,0.8768979907035828,-0.9757099151611328,-1.0432589054107666,0.8230106234550476,-0.8210877776145935,0.7922985553741455,"[0.7891213893890381, 0.05222751945257187, 0.09869112819433212, 0.08377644419670105, -0.08023203164339066, -0.05040375888347626, 0.030342191457748413, 0.007554963696748018, -0.9995111227035522, 0.699999988079071, 0.0, 0.0, -0.30651235580444336, -0.2851746678352356, 0.29100531339645386, 0.3378882110118866, 0.4252152740955353, -0.2784052789211273, 0.4768979847431183, -0.5757099390029907, -0.24325889348983765, 0.023010611534118652, -0.02108776569366455, -7.569789886474609e-06, 1.0618574619293213, -0.17059054970741272, -0.19830575585365295, -1.7106527090072632, -0.7492955327033997, 1.3744429349899292, 0.21072253584861755, -0.6785162687301636, 2.4940078258514404, 0.05586749315261841, 1.7799392938613892, -0.00010609626770019531, -0.40284445881843567, -0.48184922337532043, 0.47499337792396545, 0.49341386556625366, 0.8826941251754761, 0.15189775824546814, 0.3535402715206146, -1.2565656900405884, -0.22400937974452972, -0.5100977420806885, 0.4739711880683899, 0.7412542700767517, 1.0, 1.0, 1.0, 1.0, 1.0, 1.0, 1.0, 1.0, 1.0, 1.0, 1.0, 0.0]"
438,0.0,0.0,0.0,3.3115455153165385e-05,0.0,246.47023010253906,2.6637102564563975e-05,0.0,198.25344848632812,0.0,0.0,0.0,0.8138709664344788,0.04316475987434387,0.08341334015130997,-0.28162968158721924,-0.28734150528907776,0.2878957688808441,0.3090806305408478,0.8075412511825562,-0.6461198925971985,0.8810208439826965,-0.9853999018669128,-0.9845778346061707,0.8161627054214478,-0.7860887050628662,0.7922987341880798,"[0.8138709664344788, 0.04316475987434387, 0.08341334015130997, 0.05169767141342163, 0.01625002548098564, -0.02435207925736904, 0.029750438407063484, 0.006605681963264942, -0.9995357394218445, 0.699999988079071, 0.0, 0.0, -0.28162968158721924, -0.28734150528907776, 0.2878957688808441, 0.3090806305408478, 0.4075412452220917, -0.246119886636734, 0.48102083802223206, -0.585399866104126, -0.1845778226852417, 0.0161626935005188, 0.013911306858062744, -7.3909759521484375e-06, 1.329045057296753, -0.10555887222290039, -0.12884517014026642, -1.301644206047058, -1.0476689338684082, 1.4602521657943726, 0.26630380749702454, -0.3635714650154114, 3.3899238109588623, -0.1897585093975067, 1.625549077987671, 0.0007476806640625, -0.4144311249256134, -0.47151264548301697, 0.5775257349014282, 0.47598129510879517, 0.6931296586990356, 0.09983175992965698, 0.3504806458950043, -1.1914730072021484, 0.01335938274860382, -0.48400387167930603, 0.33214205503463745, 0.6362340450286865, 1.0, 1.0, 1.0, 1.0, 1.0, 1.0, 1.0, 1.0, 1.0, 1.0, 1.0, 0.0]"
439,3.736413782462478e-05,0.0,278.0921325683594,2.096624120895285e-05,0.0,156.04661560058594,1.239645280293189e-05,0.0,92.2637710571289,0.0,0.0,0.0,0.8446329236030579,0.05621933564543724,0.05020684748888016,-0.2575283944606781,-0.28821417689323425,0.2862270772457123,0.28632882237434387,0.7839565277099609,-0.6140143871307373,0.8873029947280884,-0.9872875809669495,-0.9093123078346252,0.8062589168548584,-0.7568013668060303,0.7924047708511353,"[0.8446329236030579, 0.05621933564543724, 0.05020684748888016, 0.18414905667304993, 0.04788380488753319, -0.013286625035107136, 0.031568631529808044, 0.006422566249966621, -0.9994810223579407, 0.699999988079071, 0.0, 0.0, -0.2575283944606781, -0.28821417689323425, 0.2862270772457123, 0.28632882237434387, 0.38395652174949646, -0.21401438117027283, 0.4873029887676239, -0.5872875452041626, -0.10931229591369629, 0.006258904933929443, 0.04319864511489868, 9.864568710327148e-05, -1.0549293756484985, -0.2483810931444168, -0.25728896260261536, -1.4162379503250122, 0.3482949137687683, 1.5824040174484253, 0.4784519374370575, 0.18612506985664368, 3.2360494136810303, -0.36578628420829773, 1.3469301462173462, 0.03159976005554199, -0.3885667026042938, -0.4573409855365753, 0.7544889450073242, 0.4827197790145874, 0.3331391513347626, -0.18046090006828308, 0.5208630561828613, -0.8912045955657959, 0.38395559787750244, -0.23581022024154663, -0.07330726087093353, 0.3839215040206909, 1.0, 1.0, 1.0, 1.0, 1.0, 1.0, 1.0, 1.0, 1.0, 1.0, 1.0, 0.0]"
440,4.225584416417405e-05,0.0,314.49993896484375,0.0,0.0,0.0,0.0,0.0,0.0,0.0,0.0,0.0,0.8306576013565063,0.0021413431968539953,-0.017628751695156097,-0.26039326190948486,-0.2905852496623993,0.2989470660686493,0.26412031054496765,0.8088058829307556,-0.5852432250976562,0.8886468410491943,-0.9719029068946838,-0.9039790630340576,0.8057473301887512,-0.8035608530044556,0.792302131652832,"[0.8306576013565063, 0.0021413431968539953, -0.017628751695156097, -0.05477108433842659, -0.09825323522090912, -0.07410982251167297, 0.031678806990385056, 0.005592864006757736, -0.9994820952415466, 0.699999988079071, 0.0, 0.0, -0.26039326190948486, -0.2905852496623993, 0.2989470660686493, 0.26412031054496765, 0.40880587697029114, -0.18524321913719177, 0.48864683508872986, -0.571902871131897, -0.10397905111312866, 0.005747318267822266, -0.0035608410835266113, -3.993511199951172e-06, 0.051661960780620575, -0.04692155495285988, 1.2999181747436523, -0.8773667216300964, 1.2484254837036133, 1.1772353649139404, -0.0016572842141613364, 1.236771821975708, 0.41797977685928345, 0.6193594336509705, -4.482767105102539, -0.01723448373377323, -0.28138467669487, -0.7554561495780945, 0.8517787456512451, 0.7358301877975464, -0.046914756298065186, -0.9564059972763062, 0.993513822555542, -0.3218924403190613, 0.6622162461280823, 0.3646828234195709, -0.9552863240242004, -0.07285100966691971, 1.0, 1.0, 1.0, 1.0, 1.0, 1.0, 1.0, 1.0, 1.0, 1.0, 1.0, 0.0]"
441,3.8178215618245304e-05,0.0,284.151123046875,0.0,0.0,0.0,0.0,0.0,0.0,0.0,0.0,0.0,0.7933865189552307,-0.019802963361144066,-0.09274491667747498,-0.2585984766483307,-0.3020912706851959,0.3351498246192932,0.25326424837112427,0.8302938938140869,-0.586374044418335,0.8874891400337219,-0.9286679029464722,-0.8838796615600586,0.8815529346466064,-0.8977569937705994,0.7923038005828857,"[0.7933865189552307, -0.019802963361144066, -0.09274491667747498, 0.20018020272254944, -0.4541938602924347, -0.027500955387949944, 0.02512970007956028, 0.006157737225294113, -0.9996651411056519, 0.699999988079071, 0.0, 0.0, -0.2585984766483307, -0.3020912706851959, 0.3351498246192932, 0.25326424837112427, 0.43029388785362244, -0.18637403845787048, 0.48748913407325745, -0.5286679267883301, -0.08387964963912964, 0.08155292272567749, -0.09775698184967041, -2.3245811462402344e-06, -0.13096332550048828, -1.18868887424469, 1.7370928525924683, -0.5889862775802612, 1.0608450174331665, -0.8106295466423035, 0.09926579147577286, 2.678891181945801, 1.1838854551315308, 5.265841007232666, -5.134835720062256, -0.010715847834944725, -0.5947752594947815, -0.8446882367134094, 0.5449811220169067, 0.5996294021606445, 0.5502461194992065, -1.130889892578125, 1.280497670173645, -0.40193110704421997, 0.42061156034469604, 0.8206487894058228, -1.3794097900390625, -0.5423021912574768, 1.0, 1.0, 1.0, 1.0, 1.0, 1.0, 1.0, 1.0, 1.0, 1.0, 1.0, 0.0]"
442,2.472856067470275e-05,0.0,184.0486297607422,0.0,0.0,0.0,0.0,0.0,0.0,0.0,0.0,0.0,0.7753080129623413,-0.013220704160630703,-0.22289666533470154,-0.2742554545402527,-0.3478659689426422,0.3540264964103699,0.23325079679489136,0.8471013307571411,-0.6212430000305176,0.9012140035629272,-0.8632630705833435,-0.850786030292511,0.985988974571228,-1.029496669769287,0.7923039197921753,"[0.7753080129623413, -0.013220704160630703, -0.22289666533470154, 1.128069519996643, -0.6691893935203552, 0.07707162946462631, 0.013232714496552944, -0.010682744905352592, -0.999855101108551, 0.699999988079071, 0.0, 0.0, -0.2742554545402527, -0.3478659689426422, 0.3540264964103699, 0.23325079679489136, 0.44710132479667664, -0.2212429940700531, 0.5012140274047852, -0.46326306462287903, -0.05078601837158203, 0.18598896265029907, -0.22949665784835815, -2.205371856689453e-06, -1.110962152481079, -2.7280189990997314, 0.5322803258895874, -1.1789131164550781, 0.8794859647750854, -2.232017755508423, 0.9244454503059387, 3.576288938522339, 1.6364493370056152, 4.915553569793701, -6.960917949676514, -0.00969082023948431, -0.4498155415058136, -0.8323073387145996, 0.7415282726287842, 0.38069140911102295, 0.4131200909614563, -1.1771150827407837, 1.0367469787597656, -0.36343109607696533, 0.3555900454521179, 0.8623682856559753, -1.443387508392334, -0.5919248461723328, 1.0, 1.0, 1.0, 1.0, 1.0, 1.0, 1.0, 1.0, 1.0, 1.0, 1.0, 0.0]"
443,3.5516295611159876e-05,0.0,264.339111328125,0.0,0.0,0.0,0.0,0.0,0.0,0.00012111554678995162,0.0,901.433349609375,0.7372223734855652,0.007576222997158766,0.008596586994826794,-0.2677236497402191,-0.3833717703819275,0.38690751791000366,0.23878826200962067,0.8730543255805969,-0.683282196521759,0.8970533609390259,-0.8518114686012268,-0.846895158290863,1.056753158569336,-1.15419340133667,0.8156885504722595,"[0.7372223734855652, 0.007576222997158766, 0.008596586994826794, -1.7292760610580444, 0.48515263199806213, -0.20709766447544098, 0.010644027963280678, -0.003935709595680237, -0.9999356269836426, 0.699999988079071, 0.0, 0.0, -0.2677236497402191, -0.3833717703819275, 0.38690751791000366, 0.23878826200962067, 0.47305431962013245, -0.28328219056129456, 0.4970533549785614, -0.45181146264076233, -0.04689514636993408, 0.256753146648407, -0.35419338941574097, 0.02338242530822754, 1.6107267141342163, -0.9351583123207092, 2.598679780960083, 1.4922276735305786, 1.701084017753601, -3.5153086185455322, -1.2758524417877197, 1.3383305072784424, -1.3088175058364868, 2.2458090782165527, -5.6541056632995605, -0.9848459959030151, -0.288082093000412, -1.1112974882125854, 0.5608708262443542, 0.3989892899990082, 0.31139370799064636, -0.941230297088623, 1.1158822774887085, -0.21488714218139648, 0.31486719846725464, 0.701266884803772, -1.2491791248321533, -0.9149655103683472, 1.0, 1.0, 1.0, 1.0, 1.0, 1.0, 1.0, 1.0, 1.0, 1.0, 1.0, 1.0]"
444,4.191582775092684e-05,0.0,311.9692687988281,0.0,0.0,0.0,0.0,0.0,0.0,0.0,0.0,0.0,0.7358930706977844,0.07143542170524597,0.04290400817990303,-0.2488723248243332,-0.42878586053848267,0.4019097089767456,0.25243237614631653,0.8974955081939697,-0.7486084699630737,0.8655220866203308,-0.8135465383529663,-0.8608556985855103,1.0889097452163696,-1.230810523033142,0.7922550439834595,"[0.7358930706977844, 0.07143542170524597, 0.04290400817990303, -0.30422598123550415, 0.4560329020023346, -0.2167338728904724, 0.02236299403011799, 0.016856178641319275, -0.9996079802513123, 0.699999988079071, 0.0, 0.0, -0.2488723248243332, -0.42878586053848267, 0.4019097089767456, 0.25243237614631653, 0.49749550223350525, -0.34860846400260925, 0.46552208065986633, -0.41354653239250183, -0.0608556866645813, 0.2889097332954407, -0.43081051111221313, -5.1081180572509766e-05, 0.22644728422164917, -2.9782073497772217, -0.6769276261329651, -0.07932878285646439, 0.8461406826972961, -3.0463578701019287, -1.5571317672729492, 1.8800212144851685, 0.0385572649538517, 1.7279354333877563, -1.887112021446228, 0.0924539864063263, -1.1307963132858276, -0.11306629329919815, 0.4177878201007843, 0.8036203384399414, 0.23342475295066833, -1.7040350437164307, 1.0669230222702026, -0.44675204157829285, 0.6069674491882324, 0.8529511094093323, -1.002502202987671, -0.29764458537101746, 1.0, 1.0, 1.0, 1.0, 1.0, 1.0, 1.0, 1.0, 1.0, 1.0, 1.0, 1.0]"
445,4.402195554575883e-05,0.0,327.6446533203125,0.0,0.0,0.0,0.0,0.0,0.0,3.331487096147612e-05,0.0,247.95443725585938,0.7278092503547668,0.02553304098546505,0.014666586183011532,-0.2478487491607666,-0.4610835909843445,0.378675252199173,0.25100481510162354,0.9121549725532532,-0.8088549971580505,0.8387308120727539,-0.7915451526641846,-0.8506429195404053,1.1266121864318848,-1.2303630113601685,0.7962311506271362,"[0.7278092503547668, 0.02553304098546505, 0.014666586183011532, -0.4846189022064209, 0.1949671506881714, -0.07356785237789154, 0.026519428938627243, 0.019060824066400528, -0.9994666576385498, 0.699999988079071, 0.0, 0.0, -0.2478487491607666, -0.4610835909843445, 0.378675252199173, 0.25100481510162354, 0.5121549367904663, -0.40885499119758606, 0.43873080611228943, -0.3915451467037201, -0.05064290761947632, 0.3266121745109558, -0.4303629994392395, 0.003925025463104248, 0.43198609352111816, -0.20569558441638947, -0.7118896842002869, 0.32286062836647034, 0.8194607496261597, -3.141127347946167, -1.294815182685852, 1.1872833967208862, 0.3853878676891327, 2.060274600982666, 0.6474395990371704, -0.22051532566547394, -0.7584823966026306, -0.5185855031013489, 0.6621718406677246, 0.578680157661438, 0.2125430554151535, -1.393229603767395, 1.0754523277282715, -0.6214699745178223, 0.5869965553283691, 0.9828128814697266, -0.8117696046829224, -0.4850858449935913, 1.0, 1.0, 1.0, 1.0, 1.0, 1.0, 1.0, 1.0, 1.0, 1.0, 1.0, 1.0]"
446,4.277302650734782e-05,0.0,318.34918212890625,0.0,0.0,0.0,0.0,0.0,0.0,3.270500019425526e-05,0.0,243.41531372070312,0.7300333380699158,-0.005127428565174341,0.024810831993818283,-0.2374839037656784,-0.4389267563819885,0.37146204710006714,0.2606032192707062,0.9275798797607422,-0.8722981810569763,0.8191534876823425,-0.769059419631958,-0.8393482565879822,1.1698343753814697,-1.2060214281082153,0.7953281402587891,"[0.7300333380699158, -0.005127428565174341, 0.024810831993818283, -0.5008122324943542, 0.11022159457206726, -0.021244332194328308, 0.028747525066137314, 0.030045662075281143, -0.9991351962089539, 0.699999988079071, 0.0, 0.0, -0.2374839037656784, -0.4389267563819885, 0.37146204710006714, 0.2606032192707062, 0.5275799036026001, -0.47229817509651184, 0.41915348172187805, -0.36905941367149353, -0.03934824466705322, 0.36983436346054077, -0.4060214161872864, 0.00302201509475708, 0.49429818987846375, 1.6048481464385986, -0.3213757276535034, 0.4537990391254425, 0.6397730708122253, -3.0209126472473145, -0.8664494752883911, 1.0481765270233154, 0.7397556304931641, 1.5824414491653442, 1.7066028118133545, 0.038617491722106934, -0.8093326687812805, -0.49560481309890747, 0.5966955423355103, 0.7264903783798218, 0.2096000462770462, -1.3212717771530151, 0.9718739986419678, -0.45377495884895325, 0.6008386015892029, 0.8617721796035767, -0.6709954738616943, -0.43797725439071655, 1.0, 1.0, 1.0, 1.0, 1.0, 1.0, 1.0, 1.0, 1.0, 1.0, 1.0, 1.0]"
447,4.01676916226279e-05,0.0,298.95831298828125,0.0,0.0,0.0,0.0,0.0,0.0,3.334818029543385e-05,0.0,248.2023468017578,0.74562007188797,0.0005324347876012325,0.07189679145812988,-0.23417064547538757,-0.40360668301582336,0.3590376079082489,0.26244503259658813,0.9354183077812195,-0.9189454317092896,0.8042033314704895,-0.7464613914489746,-0.8163855671882629,1.169708490371704,-1.1621575355529785,0.7949569225311279,"[0.74562007188797, 0.0005324347876012325, 0.07189679145812988, -0.07689527422189713, 0.15471453964710236, -0.05787260830402374, 0.03078490123152733, 0.03301453962922096, -0.9989806413650513, 0.699999988079071, 0.0, 0.0, -0.23417064547538757, -0.40360668301582336, 0.3590376079082489, 0.26244503259658813, 0.5354182720184326, -0.5189454555511475, 0.404203325510025, -0.34646138548851013, -0.016385555267333984, 0.36970847845077515, -0.36215752363204956, 0.0026507973670959473, 0.10520564019680023, 1.9058722257614136, -0.7349064946174622, 0.008135676383972168, 0.21202732622623444, -1.8111380338668823, -0.8929333686828613, 1.1652387380599976, 1.329270601272583, -1.3985027074813843, 2.9697093963623047, -0.17586955428123474, -0.7490905523300171, -0.6525939702987671, 0.5716453790664673, 0.9084190130233765, 0.21384333074092865, -1.1353286504745483, 0.7426695823669434, -0.41793856024742126, 0.618427574634552, 0.4812603294849396, -0.2947080731391907, -0.4774684011936188, 1.0, 1.0, 1.0, 1.0, 1.0, 1.0, 1.0, 1.0, 1.0, 1.0, 1.0, 1.0]"
448,3.410673889447935e-05,0.0,253.84812927246094,0.0,0.0,0.0,0.0,0.0,0.0,2.5274061044910923e-05,0.0,188.10867309570312,0.7587839365005493,0.006156588438898325,0.08578617870807648,-0.2377929538488388,-0.36883553862571716,0.3372439444065094,0.25608792901039124,0.9354960918426514,-0.9371546506881714,0.7808492183685303,-0.7233608961105347,-0.7812783718109131,1.1083903312683105,-1.0799754858016968,0.7944706678390503,"[0.7587839365005493, 0.006156588438898325, 0.08578617870807648, 0.2766650319099426, 0.11467036604881287, -0.09897615015506744, 0.0326823890209198, 0.028258277103304863, -0.999066174030304, 0.699999988079071, 0.0, 0.0, -0.2377929538488388, -0.36883553862571716, 0.3372439444065094, 0.25608792901039124, 0.5354961156845093, -0.5371546745300293, 0.3808492124080658, -0.3233608901500702, 0.01872164011001587, 0.3083903193473816, -0.2799754738807678, 0.0021645426750183105, -0.20372363924980164, 1.8035502433776855, -1.1811230182647705, -0.3700765371322632, -0.08757773041725159, -0.3170439600944519, -1.4922696352005005, 1.132652997970581, 1.8701924085617065, -4.530280113220215, 4.996884822845459, -0.0025516003370285034, -0.9447596669197083, -0.5669072270393372, 0.5023190379142761, 1.019162893295288, 0.2768682837486267, -0.915749192237854, 0.493964284658432, -0.41294026374816895, 0.5224312543869019, -0.020419545471668243, 0.1979215294122696, -0.4734479784965515, 1.0, 1.0, 1.0, 1.0, 1.0, 1.0, 1.0, 1.0, 1.0, 1.0, 1.0, 1.0]"
449,1.826739935495425e-05,0.0,135.9597930908203,0.0,0.0,0.0,1.2851719475293066e-06,0.0,9.565220832824707,1.8252099835081026e-05,0.0,135.84591674804688,0.7727917432785034,0.006786723621189594,0.04628557711839676,-0.24344715476036072,-0.3321341574192047,0.3117433488368988,0.2476770430803299,0.9341999888420105,-0.927522599697113,0.7416285872459412,-0.7006621956825256,-0.7442814707756042,1.000032663345337,-0.9664416909217834,0.7941433787345886,"[0.7727917432785034, 0.006786723621189594, 0.04628557711839676, 0.2697601020336151, 0.18666724860668182, -0.10803515464067459, 0.03511423617601395, 0.021577753126621246, -0.9991500377655029, 0.699999988079071, 0.0, 0.0, -0.24344715476036072, -0.3321341574192047, 0.3117433488368988, 0.2476770430803299, 0.5341999530792236, -0.5275225639343262, 0.3416285812854767, -0.30066218972206116, 0.05571854114532471, 0.20003265142440796, -0.1664416790008545, 0.0018372535705566406, -0.09685134887695312, 1.9917603731155396, -1.1107629537582397, -0.405036985874176, 0.07595966011285782, 1.0079598426818848, -2.211595058441162, 1.1404186487197876, 1.6976488828659058, -6.034753322601318, 5.422915935516357, -0.03474321961402893, -1.086735486984253, -0.5119417905807495, 0.6118299961090088, 0.8920886516571045, 0.5510896444320679, -0.4028815031051636, 0.347175270318985, -0.6968193054199219, 0.016267023980617523, -0.5453545451164246, 0.5403761863708496, -0.20106050372123718, 1.0, 1.0, 1.0, 1.0, 1.0, 1.0, 1.0, 1.0, 1.0, 1.0, 1.0, 1.0]"
450,0.0,0.0,0.0,0.0,0.0,0.0,5.037026130594313e-05,0.0,374.8935546875,1.0595218554954045e-05,0.0,78.85762786865234,0.7825613617897034,0.03631826862692833,0.01432100310921669,-0.2642054855823517,-0.2801075875759125,0.31264302134513855,0.24856139719486237,0.9415688514709473,-0.8865509629249573,0.7634273171424866,-0.6756625175476074,-0.7887035608291626,0.8647153973579407,-0.9604750871658325,0.7941364645957947,"[0.7825613617897034, 0.03631826862692833, 0.01432100310921669, -0.30796578526496887, -0.008406122215092182, -0.0043932246044278145, 0.03609541058540344, 0.0237448550760746, -0.9990663528442383, 0.699999988079071, 0.0, 0.0, -0.2642054855823517, -0.2801075875759125, 0.31264302134513855, 0.24856139719486237, 0.5415688753128052, -0.4865509569644928, 0.3634273111820221, -0.27566251158714294, 0.011296451091766357, 0.06471538543701172, -0.16047507524490356, 0.0018303394317626953, -2.0155370235443115, 2.8232176303863525, 0.23717746138572693, 0.13774216175079346, 0.5895110964775085, 2.682008981704712, 1.3044525384902954, 1.4750326871871948, -5.530251502990723, -7.157876491546631, 0.14507588744163513, -0.29660728573799133, -1.2887811660766602, -0.347368985414505, 0.4891037046909332, 0.656103253364563, 0.9811071157455444, -0.1264514923095703, 0.06244772672653198, -1.2884433269500732, -0.9198136329650879, -0.7073463797569275, 0.5881981253623962, 0.29873260855674744, 1.0, 1.0, 1.0, 1.0, 1.0, 1.0, 1.0, 1.0, 1.0, 1.0, 1.0, 0.0]"
451,0.0,0.0,0.0,9.469866199651733e-05,0.0,704.8190307617188,4.201402043690905e-05,0.0,312.7000732421875,3.7605605029966682e-06,0.0,27.98893165588379,0.7228162288665771,0.09372701495885849,0.04225439205765724,-0.3252578675746918,-0.24479897320270538,0.31703564524650574,0.2529512047767639,0.944866955280304,-0.8382364511489868,0.782099187374115,-0.6513542532920837,-0.8888365626335144,0.7897889614105225,-0.9470967650413513,0.7922506332397461,"[0.7228162288665771, 0.09372701495885849, 0.04225439205765724, -0.23317085206508636, 0.027472758665680885, 0.01973293535411358, 0.03505649417638779, 0.03110254369676113, -0.9989011883735657, 0.699999988079071, 0.0, 0.0, -0.3252578675746918, -0.24479897320270538, 0.31703564524650574, 0.2529512047767639, 0.5448669195175171, -0.43823644518852234, 0.3820991814136505, -0.25135424733161926, -0.08883655071258545, -0.010211050510406494, -0.14709675312042236, -5.549192428588867e-05, -3.3692476749420166, 0.09745627641677856, 0.06840872019529343, 0.11500322073698044, -0.3373599052429199, -0.044806838035583496, 1.0459849834442139, 0.9947232604026794, -4.411341190338135, 2.021819829940796, 0.3112289607524872, -0.43266046047210693, -0.3460806608200073, -0.4898415505886078, 0.11852045357227325, 0.54338538646698, 1.075904130935669, 0.26355329155921936, 0.4250461161136627, -1.4961951971054077, -0.905781090259552, -0.7021307945251465, 0.521253764629364, 1.0724512338638306, 1.0, 1.0, 1.0, 1.0, 1.0, 1.0, 1.0, 1.0, 1.0, 1.0, 1.0, 1.0]"
452,0.0,0.0,0.0,4.623973654815927e-05,0.0,344.15106201171875,3.700547313201241e-05,0.0,275.42266845703125,0.0,0.0,0.0,0.6745158433914185,0.06562425941228867,0.05326056852936745,-0.3707238435745239,-0.24553637206554413,0.316264271736145,0.26400038599967957,0.9263182282447815,-0.8227323293685913,0.7989976406097412,-0.6691095232963562,-0.9939356446266174,0.798598051071167,-0.9399235248565674,0.7923040390014648,"[0.6745158433914185, 0.06562425941228867, 0.05326056852936745, -0.005397954024374485, 0.1837289184331894, -0.043941013514995575, 0.03724578395485878, 0.032733254134655, -0.9987700581550598, 0.699999988079071, 0.0, 0.0, -0.3707238435745239, -0.24553637206554413, 0.316264271736145, 0.26400038599967957, 0.5263181924819946, -0.42273232340812683, 0.39899763464927673, -0.2691095173358917, -0.19393563270568848, -0.0014019608497619629, -0.13992351293563843, -2.086162567138672e-06, -1.3654533624649048, -0.07870803773403168, -0.06537703424692154, 0.8836635947227478, -1.303597331047058, 0.8172637224197388, 0.8666618466377258, -1.9107751846313477, -5.752973556518555, 0.20282427966594696, 0.1654687523841858, 0.0006074905395507812, -0.45461392402648926, -0.7206197381019592, 0.1633618026971817, 0.7415038347244263, 1.0469238758087158, -0.1478745937347412, 0.3750048577785492, -1.4323935508728027, -1.102118968963623, -0.35479024052619934, 0.5261767506599426, 1.262568712234497, 1.0, 1.0, 1.0, 1.0, 1.0, 1.0, 1.0, 1.0, 1.0, 1.0, 1.0, 1.0]"
453,0.0,0.0,0.0,2.9323620765353553e-05,0.0,218.24853515625,3.491073948680423e-05,0.0,259.8320617675781,0.0,0.0,0.0,0.6513270139694214,0.04285589978098869,0.04355744644999504,-0.37178662419319153,-0.24816836416721344,0.31439170241355896,0.2941989302635193,0.8912452459335327,-0.8040602803230286,0.8153332471847534,-0.7302876114845276,-1.0925432443618774,0.7989020943641663,-0.9365079402923584,0.7923008799552917,"[0.6513270139694214, 0.04285589978098869, 0.04355744644999504, 0.12093370407819748, 0.16370439529418945, -0.07106515765190125, 0.04100723937153816, 0.031481847167015076, -0.9986626505851746, 0.699999988079071, 0.0, 0.0, -0.37178662419319153, -0.24816836416721344, 0.31439170241355896, 0.2941989302635193, 0.49124523997306824, -0.4040602743625641, 0.41533324122428894, -0.3302876055240631, -0.2925432324409485, -0.0010979175567626953, -0.13650792837142944, -5.245208740234375e-06, 0.446504145860672, -0.175874263048172, -0.13836854696273804, 1.9029128551483154, -1.860668420791626, 0.7910187840461731, 0.8196890354156494, -3.5630080699920654, -4.142611503601074, 0.1853911578655243, 0.19892823696136475, -0.0005173683166503906, -0.5472795367240906, -0.63756263256073, 0.19346220791339874, 0.9559202194213867, 1.3215789794921875, -0.03210034966468811, 0.5783971548080444, -1.3748749494552612, -0.9861009120941162, -0.39995628595352173, 0.6150572896003723, 1.106655240058899, 1.0, 1.0, 1.0, 1.0, 1.0, 1.0, 1.0, 1.0, 1.0, 1.0, 1.0, 0.0]"
454,0.0,0.0,0.0,3.762997221201658e-05,0.0,280.0706481933594,3.5404227674007416e-05,0.0,263.5050048828125,0.0,0.0,0.0,0.6680613160133362,0.044924549758434296,0.02928585186600685,-0.36236876249313354,-0.2544684112071991,0.3089682161808014,0.34181153774261475,0.8611607551574707,-0.7855026125907898,0.8328081965446472,-0.8075440526008606,-1.1421518325805664,0.8032965660095215,-0.9306781888008118,0.792304515838623,"[0.6680613160133362, 0.044924549758434296, 0.02928585186600685, 0.3619053065776825, 0.018405519425868988, -0.05456138402223587, 0.04231106489896774, 0.026605037972331047, -0.9987499713897705, 0.699999988079071, 0.0, 0.0, -0.36236876249313354, -0.2544684112071991, 0.3089682161808014, 0.34181153774261475, 0.4611607491970062, -0.3855026066303253, 0.43280819058418274, -0.4075440466403961, -0.34215182065963745, 0.0032965540885925293, -0.1306781768798828, -1.6093254089355469e-06, 0.43783220648765564, -0.41157266497612, -0.3906708061695099, 2.43249773979187, -1.3200335502624512, 0.8306683897972107, 0.9040231108665466, -3.8679144382476807, -1.0412664413452148, 0.40950971841812134, 0.35052481293678284, 0.00164794921875, -0.362495094537735, -0.2921167314052582, 0.5353013873100281, 0.3998849093914032, 1.2022879123687744, 0.4301392138004303, 0.34101444482803345, -1.2821277379989624, -0.7706970572471619, -0.4987163543701172, 0.6967170238494873, 1.3494393825531006, 1.0, 1.0, 1.0, 1.0, 1.0, 1.0, 1.0, 1.0, 1.0, 1.0, 1.0, 0.0]"
455,0.0,0.0,0.0,4.7882291255518794e-05,0.0,356.376220703125,3.8804279029136524e-05,0.0,288.8107604980469,0.0,0.0,0.0,0.7036067247390747,0.05150448903441429,0.06292390078306198,-0.35032400488853455,-0.2643987536430359,0.2999732494354248,0.3766149580478668,0.8415695428848267,-0.7631855010986328,0.8491421341896057,-0.8743834495544434,-1.137876272201538,0.806734561920166,-0.9187501668930054,0.7923076152801514,"[0.7036067247390747, 0.05150448903441429, 0.06292390078306198, 0.42126598954200745, -0.03880660608410835, -0.08791567385196686, 0.04169938340783119, 0.018421847373247147, -0.9989602565765381, 0.699999988079071, 0.0, 0.0, -0.35032400488853455, -0.2643987536430359, 0.2999732494354248, 0.3766149580478668, 0.4415695369243622, -0.36318549513816833, 0.44914212822914124, -0.4743834435939789, -0.33787626028060913, 0.0067345499992370605, -0.11875015497207642, 1.4901161193847656e-06, 0.693534255027771, -0.542208731174469, -0.4547033905982971, 1.1509767770767212, -0.8245036005973816, 1.0297119617462158, 0.817695677280426, -2.947279691696167, 0.6692623496055603, 0.41215574741363525, 0.6506011486053467, 0.007339954376220703, -0.5795944929122925, -0.16663071513175964, 0.6478638648986816, 0.3182837665081024, 1.0577090978622437, 0.32184550166130066, 0.22950714826583862, -1.3944898843765259, -0.6374309062957764, -0.4935118854045868, 0.6182213425636292, 1.2548023462295532, 1.0, 1.0, 1.0, 1.0, 1.0, 1.0, 1.0, 1.0, 1.0, 1.0, 1.0, 0.0]"
456,0.0,0.0,0.0,4.5270895498106256e-05,0.0,336.9402160644531,3.8167956518009305e-05,0.0,284.07476806640625,0.0,0.0,0.0,0.7332085967063904,0.06196426972746849,0.10735896974802017,-0.33590954542160034,-0.2731953561306,0.2918557822704315,0.37815868854522705,0.8283178210258484,-0.7359365224838257,0.8605244159698486,-0.9208323955535889,-1.1152358055114746,0.8054068088531494,-0.8972882032394409,0.7923073768615723,"[0.7332085967063904, 0.06196426972746849, 0.10735896974802017, 0.29533690214157104, -0.06267561763525009, -0.10993680357933044, 0.04050222411751747, 0.011807159520685673, -0.9991098046302795, 0.699999988079071, 0.0, 0.0, -0.33590954542160034, -0.2731953561306, 0.2918557822704315, 0.37815868854522705, 0.4283178150653839, -0.3359365165233612, 0.46052441000938416, -0.5208324193954468, -0.31523579359054565, 0.005406796932220459, -0.09728819131851196, 1.2516975402832031e-06, 0.6703736782073975, -0.4396028220653534, -0.37230581045150757, -0.5122382640838623, -0.6124408841133118, 1.2415242195129395, 0.5315430164337158, -2.001793622970581, 1.4345407485961914, 0.21000629663467407, 1.1667288541793823, 0.007597684860229492, -0.5380661487579346, -0.24012044072151184, 0.5978731513023376, 0.3537760078907013, 1.0466938018798828, 0.2691720426082611, 0.3108383119106293, -1.3781167268753052, -0.5267392992973328, -0.47901082038879395, 0.5952696204185486, 1.0973899364471436, 1.0, 1.0, 1.0, 1.0, 1.0, 1.0, 1.0, 1.0, 1.0, 1.0, 1.0, 0.0]"
457,0.0,0.0,0.0,3.804975131060928e-05,0.0,283.19500732421875,3.4899338061222807e-05,0.0,259.74725341796875,0.0,0.0,0.0,0.758965015411377,0.06568041443824768,0.12686629593372345,-0.32331693172454834,-0.2786279618740082,0.2864620089530945,0.35713231563568115,0.8192009329795837,-0.7058503031730652,0.866595447063446,-0.9533959627151489,-1.0842537879943848,0.8015614151954651,-0.8662246465682983,0.7923059463500977,"[0.758965015411377, 0.06568041443824768, 0.12686629593372345, 0.09776664525270462, -0.0824299156665802, -0.09924156218767166, 0.038875285536050797, 0.008791711181402206, -0.9992055892944336, 0.699999988079071, 0.0, 0.0, -0.32331693172454834, -0.2786279618740082, 0.2864620089530945, 0.35713231563568115, 0.41920092701911926, -0.3058502972126007, 0.46659544110298157, -0.5533959865570068, -0.2842537760734558, 0.0015614032745361328, -0.06622463464736938, -1.7881393432617188e-07, 0.6281348466873169, -0.2074826955795288, -0.2235373854637146, -1.2546086311340332, -0.41559863090515137, 1.362411618232727, 0.23811176419258118, -1.43964684009552, 1.7733618021011353, 0.02243756502866745, 1.6758501529693604, 0.0033197402954101562, -0.4744974672794342, -0.3614032566547394, 0.4559688866138458, 0.45032861828804016, 0.9775824546813965, 0.19332948327064514, 0.36160263419151306, -1.3087552785873413, -0.39446741342544556, -0.49421411752700806, 0.5671851634979248, 0.9329322576522827, 1.0, 1.0, 1.0, 1.0, 1.0, 1.0, 1.0, 1.0, 1.0, 1.0, 1.0, 0.0]"
458,0.0,0.0,0.0,3.350211409269832e-05,0.0,249.3480224609375,3.065968121518381e-05,0.0,228.19248962402344,0.0,0.0,0.0,0.7849922776222229,0.0624011754989624,0.12482568621635437,-0.30809104442596436,-0.28100714087486267,0.2834145426750183,0.33143317699432373,0.8113489747047424,-0.6744734048843384,0.869263768196106,-0.9765138030052185,-1.0416672229766846,0.7967342734336853,-0.8288536071777344,0.7923025488853455,"[0.7849922776222229, 0.0624011754989624, 0.12482568621635437, 0.007279486861079931, -0.0703798457980156, -0.07010757178068161, 0.03715048357844353, 0.008604643866419792, -0.9992725849151611, 0.699999988079071, 0.0, 0.0, -0.30809104442596436, -0.28100714087486267, 0.2834145426750183, 0.33143317699432373, 0.41134896874427795, -0.2744733989238739, 0.4692637622356415, -0.5765137672424316, -0.24166721105575562, -0.0032657384872436523, -0.02885359525680542, -3.5762786865234375e-06, 0.8564926385879517, -0.09349094331264496, -0.14598651230335236, -1.2694131135940552, -0.4570840001106262, 1.4501066207885742, 0.1063832938671112, -0.9915887713432312, 2.481400489807129, -0.1291775107383728, 1.9035924673080444, 0.00033164024353027344, -0.39957842230796814, -0.4641774594783783, 0.45960572361946106, 0.4903331995010376, 0.8692326545715332, 0.1730136275291443, 0.38789525628089905, -1.2462674379348755, -0.22248314321041107, -0.5260483026504517, 0.4933859705924988, 0.8082387447357178, 1.0, 1.0, 1.0, 1.0, 1.0, 1.0, 1.0, 1.0, 1.0, 1.0, 1.0, 0.0]"
459,0.0,0.0,0.0,3.0135746783344075e-05,0.0,224.29299926757812,2.4669850972713903e-05,0.0,183.61166381835938,0.0,0.0,0.0,0.8108788728713989,0.055095404386520386,0.10386131703853607,-0.2862836718559265,-0.2824978530406952,0.2808862626552582,0.3084408640861511,0.7985000014305115,-0.6417194604873657,0.8717668056488037,-0.9904520511627197,-0.9829279184341431,0.7886492013931274,-0.7918300628662109,0.7923014760017395,"[0.8108788728713989, 0.055095404386520386, 0.10386131703853607, 0.008464477956295013, 0.016176383942365646, -0.04195264354348183, 0.03662214055657387, 0.008752968162298203, -0.9992905259132385, 0.699999988079071, 0.0, 0.0, -0.2862836718559265, -0.2824978530406952, 0.2808862626552582, 0.3084408640861511, 0.398499995470047, -0.24171945452690125, 0.47176679968833923, -0.5904520750045776, -0.1829279065132141, -0.011350810527801514, 0.008169949054718018, -4.649162292480469e-06, 1.2336070537567139, -0.06887408345937729, -0.10649971663951874, -1.0842640399932861, -0.8487942218780518, 1.5271339416503906, 0.18920841813087463, -0.5089038610458374, 3.433504104614258, -0.3456690311431885, 1.720106840133667, 0.0004429817199707031, -0.39454522728919983, -0.4624806344509125, 0.5538746118545532, 0.48618021607398987, 0.6687673926353455, 0.10286197066307068, 0.41466575860977173, -1.158692479133606, 0.029748573899269104, -0.5168107151985168, 0.3351106643676758, 0.6869168281555176, 1.0, 1.0, 1.0, 1.0, 1.0, 1.0, 1.0, 1.0, 1.0, 1.0, 1.0, 0.0]"
460,6.963939813431352e-05,0.0,518.3089599609375,1.852634704846423e-05,0.0,137.88706970214844,8.349628842552193e-06,0.0,62.14424514770508,0.0,0.0,0.0,0.846305251121521,0.06477441638708115,0.06730654090642929,-0.2661178708076477,-0.2839771807193756,0.27860432863235474,0.28760287165641785,0.7835389971733093,-0.6090078949928284,0.8772108554840088,-0.9930970072746277,-0.9178322553634644,0.7777450680732727,-0.7612503170967102,0.7923274636268616,"[0.846305251121521, 0.06477441638708115, 0.06730654090642929, 0.22931089997291565, 0.035779472440481186, -0.04842036962509155, 0.03827863559126854, 0.008455070666968822, -0.9992314577102661, 0.699999988079071, 0.0, 0.0, -0.2661178708076477, -0.2839771807193756, 0.27860432863235474, 0.28760287165641785, 0.38353899121284485, -0.2090078890323639, 0.4772108495235443, -0.5930969715118408, -0.1178322434425354, -0.02225494384765625, 0.03874969482421875, 2.1338462829589844e-05, -0.8416551947593689, -0.29884809255599976, -0.33566832542419434, -1.382664680480957, 1.4792028665542603, 1.6653567552566528, 0.3965848684310913, 0.1991608887910843, -0.6169570684432983, -0.5062180757522583, 1.462174654006958, -0.032469749450683594, -0.3641262948513031, -0.4444025456905365, 0.714773416519165, 0.49854418635368347, 0.3244643211364746, -0.20337596535682678, 0.5672966241836548, -0.8795416355133057, 0.398362398147583, -0.2656938433647156, -0.08615903556346893, 0.45219454169273376, 1.0, 1.0, 1.0, 1.0, 1.0, 1.0, 1.0, 1.0, 1.0, 1.0, 1.0, 0.0]"
461,3.987161835539155e-05,0.0,296.75469970703125,0.0,0.0,0.0,0.0,0.0,0.0,0.0,0.0,0.0,0.8280892372131348,0.014878514222800732,-0.00447864132001996,-0.2678471803665161,-0.28727060556411743,0.2898099720478058,0.26621267199516296,0.8051403760910034,-0.5800015330314636,0.8803967833518982,-0.9768438339233398,-0.9054566621780396,0.7784714102745056,-0.8103195428848267,0.7923010587692261,"[0.8280892372131348, 0.014878514222800732, -0.00447864132001996, -0.04377422854304314, -0.14531093835830688, -0.07785901427268982, 0.03776077553629875, 0.006818179506808519, -0.9992635250091553, 0.699999988079071, 0.0, 0.0, -0.2678471803665161, -0.28727060556411743, 0.2898099720478058, 0.26621267199516296, 0.40514037013053894, -0.18000152707099915, 0.4803967773914337, -0.5768438577651978, -0.1054566502571106, -0.02152860164642334, -0.010319530963897705, -5.066394805908203e-06, 0.01907501369714737, -0.04210358113050461, 1.2573775053024292, -0.8144432306289673, 1.1706489324569702, 1.1565346717834473, 0.16792167723178864, 1.3170223236083984, 0.5789286494255066, 0.9493870139122009, -4.513547420501709, -0.017581094056367874, -0.16313889622688293, -0.7215000987052917, 0.7857716083526611, 0.7330710887908936, 0.07855629920959473, -0.905867338180542, 1.1434636116027832, -0.26066866517066956, 0.647857129573822, 0.3512110710144043, -0.9528865218162537, 0.0565204843878746, 1.0, 1.0, 1.0, 1.0, 1.0, 1.0, 1.0, 1.0, 1.0, 1.0, 1.0, 0.0]"
462,3.7348228943301365e-05,0.0,277.9737243652344,0.0,0.0,0.0,0.0,0.0,0.0,0.0,0.0,0.0,0.7982301712036133,-0.0082404101267457,-0.08664810657501221,-0.2645999491214752,-0.29564663767814636,0.32686570286750793,0.25771987438201904,0.8266327977180481,-0.5811212062835693,0.885360598564148,-0.9306834936141968,-0.8837839365005493,0.8615203499794006,-0.9042944312095642,0.7923030853271484,"[0.7982301712036133, -0.0082404101267457, -0.08664810657501221, 0.08758231997489929, -0.4973735213279724, -0.03196719288825989, 0.03030603565275669, 0.009071748703718185, -0.9994995594024658, 0.699999988079071, 0.0, 0.0, -0.2645999491214752, -0.29564663767814636, 0.32686570286750793, 0.25771987438201904, 0.4266327917575836, -0.18112120032310486, 0.48536059260368347, -0.5306835174560547, -0.08378392457962036, 0.06152033805847168, -0.10429441928863525, -3.039836883544922e-06, -0.03939470648765564, -0.9790934324264526, 1.8029643297195435, -0.4844820499420166, 1.0750139951705933, -0.7665929794311523, 0.46720167994499207, 2.853219509124756, 1.2297013998031616, 5.445094585418701, -5.139251708984375, -0.011624518781900406, -0.6344206929206848, -0.8394673466682434, 0.5647920370101929, 0.5974425077438354, 0.510846734046936, -1.1402461528778076, 1.2096006870269775, -0.41219034790992737, 0.39903098344802856, 0.8136188387870789, -1.3666108846664429, -0.5426194667816162, 1.0, 1.0, 1.0, 1.0, 1.0, 1.0, 1.0, 1.0, 1.0, 1.0, 1.0, 0.0]"
463,2.4328779545612633e-05,0.0,181.07315063476562,0.0,0.0,0.0,0.0,0.0,0.0,0.0,0.0,0.0,0.7783063054084778,0.0030113616958260536,-0.21896447241306305,-0.2787151336669922,-0.3385065793991089,0.34675025939941406,0.23838338255882263,0.8438657522201538,-0.6151657700538635,0.9050191044807434,-0.8622919917106628,-0.8498411774635315,0.9695018529891968,-1.0350552797317505,0.7923046350479126,"[0.7783063054084778, 0.0030113616958260536, -0.21896447241306305, 1.0494319200515747, -0.7026779055595398, 0.06390579044818878, 0.017671125009655952, -0.0058601489290595055, -0.9998267889022827, 0.699999988079071, 0.0, 0.0, -0.2787151336669922, -0.3385065793991089, 0.34675025939941406, 0.23838338255882263, 0.44386574625968933, -0.21516576409339905, 0.5050190687179565, -0.46229198575019836, -0.04984116554260254, 0.16950184106826782, -0.23505526781082153, -1.4901161193847656e-06, -1.0288808345794678, -2.6363513469696045, 0.575607419013977, -1.1756147146224976, 0.8936200141906738, -2.213639259338379, 1.1454273462295532, 3.6935982704162598, 1.7107505798339844, 5.166922569274902, -6.870505332946777, -0.008060822263360023, -0.4897584617137909, -0.802806556224823, 0.7538051605224609, 0.38729700446128845, 0.4054937958717346, -1.1880781650543213, 1.0422391891479492, -0.3680538833141327, 0.3687785863876343, 0.8629984855651855, -1.4118516445159912, -0.5748269557952881, 1.0, 1.0, 1.0, 1.0, 1.0, 1.0, 1.0, 1.0, 1.0, 1.0, 1.0, 0.0]"
464,3.285093771410175e-05,0.0,244.50149536132812,0.0,0.0,0.0,0.0,0.0,0.0,0.00010990135342581198,0.0,817.9688720703125,0.7374808192253113,0.00935390405356884,-0.05284276604652405,-0.28072667121887207,-0.37812289595603943,0.3736061155796051,0.2359883338212967,0.8682283163070679,-0.6756119728088379,0.9092028141021729,-0.8402995467185974,-0.8360547423362732,1.0469247102737427,-1.1564503908157349,0.8198890686035156,"[0.7374808192253113, 0.00935390405356884, -0.05284276604652405, -1.4593433141708374, 0.2335161715745926, -0.16819918155670166, 0.010017295368015766, -0.007523747626692057, -0.9999216794967651, 0.699999988079071, 0.0, 0.0, -0.28072667121887207, -0.37812289595603943, 0.3736061155796051, 0.2359883338212967, 0.4682283103466034, -0.2756119668483734, 0.5092028379440308, -0.44029954075813293, -0.03605473041534424, 0.24692469835281372, -0.3564503788948059, 0.027582943439483643, 1.339032530784607, -0.8991742730140686, 2.5673000812530518, 1.3473966121673584, 1.6961926221847534, -3.4689548015594482, -1.0044134855270386, 1.151245355606079, -0.9386300444602966, 2.3115808963775635, -5.245660781860352, -0.2101590484380722, -0.34289076924324036, -1.0756257772445679, 0.5787371397018433, 0.4302726686000824, 0.27255913615226746, -0.9547164440155029, 1.0938953161239624, -0.23365426063537598, 0.32433170080184937, 0.6962514519691467, -1.2356129884719849, -0.903388261795044, 1.0, 1.0, 1.0, 1.0, 1.0, 1.0, 1.0, 1.0, 1.0, 1.0, 1.0, 1.0]"
465,4.215246008243412e-05,0.0,313.73046875,0.0,0.0,0.0,0.0,0.0,0.0,0.0,0.0,0.0,0.7351288199424744,0.07701566815376282,0.061934202909469604,-0.2561727464199066,-0.41402754187583923,0.4000283181667328,0.25614112615585327,0.8958872556686401,-0.7437252998352051,0.875308096408844,-0.8038224577903748,-0.8535997271537781,1.0798358917236328,-1.2287005186080933,0.7922021746635437,"[0.7351288199424744, 0.07701566815376282, 0.061934202909469604, -0.8189578056335449, 0.53968346118927, -0.23267798125743866, 0.020880168303847313, 0.01955747976899147, -0.9995909333229065, 0.699999988079071, 0.0, 0.0, -0.2561727464199066, -0.41402754187583923, 0.4000283181667328, 0.25614112615585327, 0.49588724970817566, -0.3437252938747406, 0.4753080904483795, -0.4038224518299103, -0.05359971523284912, 0.27983587980270386, -0.4287005066871643, -0.00010395050048828125, 0.7074778079986572, -2.519282579421997, 0.028017409145832062, 0.4863007068634033, 1.019126057624817, -3.2917182445526123, -1.845595359802246, 1.8474037647247314, -0.3419077694416046, 1.9256035089492798, -1.9523266553878784, 0.1941235363483429, -1.0674654245376587, -0.19626381993293762, 0.45594969391822815, 0.7360062599182129, 0.21053430438041687, -1.6483525037765503, 1.048175573348999, -0.40055325627326965, 0.5950092673301697, 0.8395602703094482, -1.0125764608383179, -0.3056960105895996, 1.0, 1.0, 1.0, 1.0, 1.0, 1.0, 1.0, 1.0, 1.0, 1.0, 1.0, 1.0]"
466,4.4039283238817006e-05,0.0,327.77362060546875,0.0,0.0,0.0,0.0,0.0,0.0,3.873066816595383e-05,0.0,288.26287841796875,0.7200722098350525,0.04790373146533966,0.0012625314993783832,-0.2548352777957916,-0.45100006461143494,0.37860146164894104,0.2547640800476074,0.9104976654052734,-0.8063209056854248,0.845382809638977,-0.7729403972625732,-0.8439953327178955,1.1189936399459839,-1.2292680740356445,0.7954863905906677,"[0.7200722098350525, 0.04790373146533966, 0.0012625314993783832, -0.21582567691802979, 0.12332870066165924, -0.09123313426971436, 0.025537732988595963, 0.022716134786605835, -0.9994158148765564, 0.699999988079071, 0.0, 0.0, -0.2548352777957916, -0.45100006461143494, 0.37860146164894104, 0.2547640800476074, 0.5104976892471313, -0.4063208997249603, 0.4453828036785126, -0.37294039130210876, -0.04399532079696655, 0.31899362802505493, -0.4292680621147156, 0.003180265426635742, 0.1517769992351532, -0.7554543614387512, -0.9467102885246277, 0.2030603289604187, 0.7120682597160339, -3.164689779281616, -1.3429197072982788, 0.344244122505188, 0.6350715756416321, 1.9851514101028442, 0.7833003997802734, 0.9233845472335815, -0.8449204564094543, -0.38116058707237244, 0.678645133972168, 0.650348424911499, 0.1585569530725479, -1.4524890184402466, 1.1011961698532104, -0.6649641990661621, 0.6354613304138184, 0.9579271078109741, -0.7820189595222473, -0.45376142859458923, 1.0, 1.0, 1.0, 1.0, 1.0, 1.0, 1.0, 1.0, 1.0, 1.0, 1.0, 1.0]"
467,4.3837077100761235e-05,0.0,326.2686462402344,0.0,0.0,0.0,0.0,0.0,0.0,2.8329308406682685e-05,0.0,210.84811401367188,0.7315465807914734,0.00417801970615983,0.023895494639873505,-0.2442895919084549,-0.4292203187942505,0.3756808936595917,0.264684796333313,0.9261117577552795,-0.8703725337982178,0.8245985507965088,-0.7500033974647522,-0.8320525884628296,1.159341812133789,-1.2019041776657104,0.794837474822998,"[0.7315465807914734, 0.00417801970615983, 0.023895494639873505, -0.6655359268188477, 0.09287560731172562, -0.016555413603782654, 0.02710837684571743, 0.03436827287077904, -0.9990413188934326, 0.699999988079071, 0.0, 0.0, -0.2442895919084549, -0.4292203187942505, 0.3756808936595917, 0.264684796333313, 0.5261117219924927, -0.4703725278377533, 0.4245985448360443, -0.3500033915042877, -0.032052576541900635, 0.3593418002128601, -0.4019041657447815, 0.0025313496589660645, 0.6291329860687256, 1.8115756511688232, 0.09060625731945038, 0.5921914577484131, 0.7064875960350037, -3.0809829235076904, -0.9196099042892456, 1.2317900657653809, 0.6744226217269897, 1.531739354133606, 1.6884338855743408, -0.1835322082042694, -0.7322651147842407, -0.5568428635597229, 0.6166134476661682, 0.7148321866989136, 0.18870684504508972, -1.274122714996338, 0.9602087736129761, -0.44264569878578186, 0.6075717806816101, 0.8282474875450134, -0.6779604554176331, -0.4483304023742676, 1.0, 1.0, 1.0, 1.0, 1.0, 1.0, 1.0, 1.0, 1.0, 1.0, 1.0, 1.0]"
468,4.1045841498998925e-05,0.0,305.49420166015625,0.0,0.0,0.0,0.0,0.0,0.0,3.714085687533952e-05,0.0,276.4302978515625,0.7457120418548584,0.015165956690907478,0.06630393862724304,-0.24085195362567902,-0.39381301403045654,0.36716577410697937,0.2669350206851959,0.9342086315155029,-0.9175562262535095,0.8088582754135132,-0.7271547913551331,-0.8081867694854736,1.1568305492401123,-1.1589179039001465,0.79554682970047,"[0.7457120418548584, 0.015165956690907478, 0.06630393862724304, -0.09482106566429138, 0.11900303512811661, -0.05147702991962433, 0.02821424789726734, 0.03796466067433357, -0.9988805651664734, 0.699999988079071, 0.0, 0.0, -0.24085195362567902, -0.39381301403045654, 0.36716577410697937, 0.2669350206851959, 0.5342086553573608, -0.5175561904907227, 0.4088582694530487, -0.3271547853946686, -0.008186757564544678, 0.35683053731918335, -0.35891789197921753, 0.0032407045364379883, 0.09150348603725433, 1.8441580533981323, -0.6255049109458923, 0.00861705094575882, 0.2202940434217453, -1.8063600063323975, -0.981073796749115, 1.1996357440948486, 1.368051528930664, -1.655220627784729, 3.0591371059417725, -0.16942818462848663, -0.7926944494247437, -0.5806626677513123, 0.5816164016723633, 0.9475036859512329, 0.16365903615951538, -1.15062415599823, 0.7506283521652222, -0.43641674518585205, 0.6447995901107788, 0.44048842787742615, -0.2767453193664551, -0.48169225454330444, 1.0, 1.0, 1.0, 1.0, 1.0, 1.0, 1.0, 1.0, 1.0, 1.0, 1.0, 1.0]"
469,3.467937858658843e-05,0.0,258.1101379394531,0.0,0.0,0.0,0.0,0.0,0.0,2.255508297821507e-05,0.0,167.87196350097656,0.7591043710708618,0.020703958347439766,0.0803840160369873,-0.24444781243801117,-0.3596455752849579,0.3469506502151489,0.2608078122138977,0.934234082698822,-0.9353696703910828,0.7834206223487854,-0.7030135989189148,-0.7723531126976013,1.092807412147522,-1.0749602317810059,0.7943183779716492,"[0.7591043710708618, 0.020703958347439766, 0.0803840160369873, 0.2729324400424957, 0.0789947584271431, -0.08484622091054916, 0.029590483754873276, 0.03381457179784775, -0.9989900588989258, 0.699999988079071, 0.0, 0.0, -0.24444781243801117, -0.3596455752849579, 0.3469506502151489, 0.2608078122138977, 0.5342340469360352, -0.5353696346282959, 0.3834206163883209, -0.3030135929584503, 0.027646899223327637, 0.292807400226593, -0.2749602198600769, 0.0020122528076171875, -0.22939717769622803, 1.7928999662399292, -1.1272006034851074, -0.3842121362686157, -0.09318602085113525, -0.26920971274375916, -1.5634371042251587, 1.1689376831054688, 1.9286646842956543, -4.623624801635742, 5.016212463378906, 0.012170806527137756, -0.9196346402168274, -0.5593138337135315, 0.5452123284339905, 1.008516550064087, 0.25549089908599854, -0.8520535230636597, 0.5023494958877563, -0.44293317198753357, 0.5198143124580383, -0.08959638327360153, 0.22834910452365875, -0.45774537324905396, 1.0, 1.0, 1.0, 1.0, 1.0, 1.0, 1.0, 1.0, 1.0, 1.0, 1.0, 1.0]"
470,1.7066637155949138e-05,0.0,127.0228042602539,0.0,0.0,0.0,0.0,0.0,0.0,1.7162101357826032e-05,0.0,127.73331451416016,0.7738187909126282,0.021022474393248558,0.03594980761408806,-0.25022584199905396,-0.3215329051017761,0.3233756422996521,0.25265222787857056,0.9331197142601013,-0.92341148853302,0.7432361245155334,-0.6797794699668884,-0.734901487827301,0.9814389944076538,-0.9597707390785217,0.7941604852676392,"[0.7738187909126282, 0.021022474393248558, 0.03594980761408806, 0.23365043103694916, 0.1699535846710205, -0.09346555918455124, 0.03145596757531166, 0.02758583426475525, -0.9991244673728943, 0.699999988079071, 0.0, 0.0, -0.25022584199905396, -0.3215329051017761, 0.3233756422996521, 0.25265222787857056, 0.5331196784973145, -0.5234115123748779, 0.34323611855506897, -0.27977946400642395, 0.06509852409362793, 0.18143898248672485, -0.15977072715759277, 0.0018543601036071777, -0.10968047380447388, 2.0912373065948486, -1.0786073207855225, -0.40457475185394287, 0.12844717502593994, 1.1574602127075195, -2.298851490020752, 1.2009886503219604, 1.6628056764602661, -6.171562671661377, 6.040529251098633, -0.07676258683204651, -1.070488691329956, -0.46524378657341003, 0.6221303939819336, 0.8922452926635742, 0.5708842873573303, -0.3148787021636963, 0.34584352374076843, -0.7786725759506226, -0.0331839919090271, -0.6313619613647461, 0.5691269636154175, -0.12516120076179504, 1.0, 1.0, 1.0, 1.0, 1.0, 1.0, 1.0, 1.0, 1.0, 1.0, 1.0, 1.0]"
471,0.0,0.0,0.0,0.0,0.0,0.0,3.302819459349848e-05,0.0,245.82078552246094,1.0329629731131718e-05,0.0,76.88091278076172,0.7851781249046326,0.04696068540215492,-0.013394754379987717,-0.2711223065853119,-0.2677749991416931,0.3234368860721588,0.2531503736972809,0.9436479210853577,-0.8782017230987549,0.7620183825492859,-0.6559830904006958,-0.7884112000465393,0.8418591022491455,-0.9474225044250488,0.794645369052887,"[0.7851781249046326, 0.04696068540215492, -0.013394754379987717, -0.26147645711898804, 0.03825031965970993, -0.006997285410761833, 0.032838597893714905, 0.029512325301766396, -0.9990248680114746, 0.699999988079071, 0.0, 0.0, -0.2711223065853119, -0.2677749991416931, 0.3234368860721588, 0.2531503736972809, 0.5436478853225708, -0.4782017171382904, 0.3620183765888214, -0.2559830844402313, 0.011588811874389648, 0.04185909032821655, -0.14742249250411987, 0.0023392438888549805, -1.9683475494384766, 2.8816845417022705, 0.19209077954292297, 0.1436607539653778, 0.7461400032043457, 2.9089183807373047, 1.1694960594177246, 1.3694347143173218, -5.9795756340026855, -7.334341049194336, 0.22242987155914307, -0.19393081963062286, -1.263296365737915, -0.3029538691043854, 0.4738931357860565, 0.6225020885467529, 1.033125877380371, -0.09957835078239441, 0.05879202485084534, -1.3960493803024292, -0.9805907011032104, -0.6903658509254456, 0.5615915060043335, 0.39123064279556274, 1.0, 1.0, 1.0, 1.0, 1.0, 1.0, 1.0, 1.0, 1.0, 1.0, 1.0, 1.0]"
472,0.0,0.0,0.0,3.1961186323314905e-05,0.0,237.87930297851562,4.206290759611875e-05,0.0,313.06396484375,0.0,0.0,0.0,0.7208154201507568,0.09717921167612076,0.04999487102031708,-0.3336472511291504,-0.24433454871177673,0.32343414425849915,0.2557763457298279,0.9469877481460571,-0.8364642858505249,0.7827181816101074,-0.637934684753418,-0.8878032565116882,0.7922986745834351,-0.9410923719406128,0.7923147082328796,"[0.7208154201507568, 0.09717921167612076, 0.04999487102031708, 0.08170507848262787, 0.1655103862285614, 0.042715419083833694, 0.033966291695833206, 0.03244796767830849, -0.9988959431648254, 0.699999988079071, 0.0, 0.0, -0.3336472511291504, -0.24433454871177673, 0.32343414425849915, 0.2557763457298279, 0.546987771987915, -0.4364642798900604, 0.38271817564964294, -0.2379346787929535, -0.08780324459075928, -0.0077013373374938965, -0.14109236001968384, 8.58306884765625e-06, -3.550010919570923, -0.19389912486076355, -0.23502326011657715, 0.2715618908405304, -0.33671602606773376, 0.8051868677139282, 1.1351312398910522, 0.16636191308498383, -4.474475860595703, 0.3571057915687561, -0.060928985476493835, 0.008159797638654709, -0.5324608683586121, -0.7174937129020691, -0.061982255429029465, 1.0186831951141357, 1.030977725982666, -0.2896029055118561, 0.44974759221076965, -1.4476021528244019, -1.0466872453689575, -0.549720048904419, 0.5480268597602844, 0.6681551337242126, 1.0, 1.0, 0.0, 1.0, 1.0, 1.0, 1.0, 1.0, 1.0, 1.0, 1.0, 1.0]"
473,0.0,0.0,0.0,3.691582242026925e-05,0.0,274.75543212890625,3.81550780730322e-05,0.0,283.9789123535156,0.0,0.0,0.0,0.6637960076332092,0.05587610602378845,0.06050042435526848,-0.381550133228302,-0.24532705545425415,0.32093676924705505,0.28747883439064026,0.9304941892623901,-0.817152202129364,0.8004107475280762,-0.6716957092285156,-1.0060169696807861,0.7895035147666931,-0.9400557279586792,0.792302668094635,"[0.6637960076332092, 0.05587610602378845, 0.06050042435526848, -0.030401092022657394, 0.3028527498245239, 0.041364990174770355, 0.03936140984296799, 0.03237072750926018, -0.9987003803253174, 0.699999988079071, 0.0, 0.0, -0.381550133228302, -0.24532705545425415, 0.32093676924705505, 0.28747883439064026, 0.530494213104248, -0.41715219616889954, 0.4004107415676117, -0.27169570326805115, -0.20601695775985718, -0.01049649715423584, -0.14005571603775024, -3.4570693969726562e-06, -1.4033845663070679, 0.0008855126798152924, -0.03373030573129654, 2.2141404151916504, -1.2554707527160645, 0.8494541049003601, 0.8863657116889954, -2.6550416946411133, -5.872485637664795, -0.08356499671936035, -0.08965842425823212, 0.0009098052978515625, -0.39711007475852966, -0.7197777628898621, 0.5737659335136414, 0.5118535757064819, 1.0418022871017456, -0.056922703981399536, 0.3345220386981964, -1.5315548181533813, -0.9476722478866577, -0.30871954560279846, 0.7221916913986206, 0.6404123306274414, 1.0, 1.0, 1.0, 1.0, 1.0, 1.0, 1.0, 1.0, 1.0, 1.0, 1.0, 1.0]"
474,0.0,0.0,0.0,2.732627217483241e-05,0.0,203.38275146484375,3.4522381611168385e-05,0.0,256.9416198730469,0.0,0.0,0.0,0.6408151388168335,0.04634163901209831,0.026657389476895332,-0.38029569387435913,-0.246511310338974,0.319787859916687,0.33461934328079224,0.8933583498001099,-0.7999201416969299,0.8170204758644104,-0.7427573800086975,-1.0812482833862305,0.7900635004043579,-0.9381129741668701,0.792302131652832,"[0.6408151388168335, 0.04634163901209831, 0.026657389476895332, 0.08746816962957382, 0.1537102907896042, -0.050450727343559265, 0.043691739439964294, 0.03215709701180458, -0.9985271096229553, 0.699999988079071, 0.0, 0.0, -0.38029569387435913, -0.246511310338974, 0.319787859916687, 0.33461934328079224, 0.4933583438396454, -0.39992013573646545, 0.4170204699039459, -0.34275737404823303, -0.2812482714653015, -0.009936511516571045, -0.13811296224594116, -3.993511199951172e-06, 0.5782277584075928, -0.16933083534240723, -0.09837523847818375, 2.3267362117767334, -1.9687719345092773, 0.6335113048553467, 0.864342451095581, -3.886176824569702, -2.865419864654541, 0.44826459884643555, 0.10114948451519012, 0.00138092041015625, -0.550268828868866, -0.6137559413909912, 0.06252290308475494, 0.9922723770141602, 1.314085602760315, -0.09190073609352112, 0.6667302846908569, -1.2655632495880127, -0.8496700525283813, -0.41145625710487366, 0.5833016037940979, 0.8437376618385315, 1.0, 1.0, 1.0, 1.0, 1.0, 1.0, 1.0, 1.0, 1.0, 1.0, 1.0, 0.0]"
475,0.0,0.0,0.0,4.2160230805166066e-05,0.0,313.788330078125,3.4635901101864874e-05,0.0,257.7865295410156,0.0,0.0,0.0,0.6655541062355042,0.055641692131757736,0.008296765387058258,-0.3691837787628174,-0.2541912794113159,0.3132072389125824,0.3784444332122803,0.8620028495788574,-0.7830663323402405,0.8361634016036987,-0.8204501867294312,-1.1148686408996582,0.7973083257675171,-0.9342829585075378,0.7923025488853455,"[0.6655541062355042, 0.055641692131757736, 0.008296765387058258, 0.42199039459228516, 0.006139145232737064, -0.051345255225896835, 0.04457244649529457, 0.026292653754353523, -0.998660147190094, 0.699999988079071, 0.0, 0.0, -0.3691837787628174, -0.2541912794113159, 0.3132072389125824, 0.3784444332122803, 0.46200284361839294, -0.383066326379776, 0.43616339564323425, -0.4204501807689667, -0.31486862897872925, -0.0026916861534118652, -0.1342829465866089, -3.5762786865234375e-06, 0.5489445328712463, -0.5074213147163391, -0.43892455101013184, 2.029303789138794, -1.3477442264556885, 0.7033599019050598, 0.9863311052322388, -3.7426021099090576, -0.7306668758392334, 0.6240015029907227, 0.20845921337604523, 0.0008106231689453125, -0.30318090319633484, -0.26497286558151245, 0.658159077167511, 0.4143632650375366, 1.1934927701950073, 0.4003952443599701, 0.3779313266277313, -1.3125107288360596, -0.7861486673355103, -0.4946756064891815, 0.6835789084434509, 1.0545496940612793, 1.0, 1.0, 1.0, 1.0, 1.0, 1.0, 1.0, 1.0, 1.0, 1.0, 1.0, 0.0]"
476,0.0,0.0,0.0,4.913345765089616e-05,0.0,365.6883239746094,3.735333666554652e-05,0.0,278.0117492675781,0.0,0.0,0.0,0.7027218341827393,0.053729381412267685,0.04086723178625107,-0.3503783345222473,-0.26298215985298157,0.30564138293266296,0.4070644676685333,0.8431639075279236,-0.7630782127380371,0.8535090088844299,-0.8831203579902649,-1.121127963066101,0.8039284348487854,-0.9240883588790894,0.7922960519790649,"[0.7027218341827393, 0.053729381412267685, 0.04086723178625107, 0.28809118270874023, -0.0204850435256958, -0.08317655324935913, 0.044132839888334274, 0.019630081951618195, -0.9988330006599426, 0.699999988079071, 0.0, 0.0, -0.3503783345222473, -0.26298215985298157, 0.30564138293266296, 0.4070644676685333, 0.4431639015674591, -0.36307820677757263, 0.45350900292396545, -0.4831203520298004, -0.3211279511451721, 0.003928422927856445, -0.1240883469581604, -1.0073184967041016e-05, 1.124585509300232, -0.3922058641910553, -0.3225852847099304, 0.9230071306228638, -0.7730473279953003, 0.881830632686615, 0.8261436223983765, -2.732037305831909, -0.1278996467590332, 0.5210461616516113, 0.6209242939949036, 0.013225186616182327, -0.5800455808639526, -0.16211268305778503, 0.5869607925415039, 0.3990520238876343, 1.0679023265838623, 0.2794249355792999, 0.2943592965602875, -1.371576189994812, -0.6726586818695068, -0.4681282043457031, 0.6011714339256287, 1.0509437322616577, 1.0, 1.0, 1.0, 1.0, 1.0, 1.0, 1.0, 1.0, 1.0, 1.0, 1.0, 0.0]"
477,0.0,0.0,0.0,4.4053205783711746e-05,0.0,327.87725830078125,3.70256275346037e-05,0.0,275.57269287109375,0.0,0.0,0.0,0.7326189279556274,0.06644175946712494,0.08345559239387512,-0.32981085777282715,-0.2702334523200989,0.2992217540740967,0.4044661521911621,0.8309783339500427,-0.738552451133728,0.8661289215087891,-0.9259800910949707,-1.1144030094146729,0.8060973882675171,-0.904844343662262,0.7922957539558411,"[0.7326189279556274, 0.06644175946712494, 0.08345559239387512, 0.24970391392707825, -0.04889950901269913, -0.09198366850614548, 0.04328438267111778, 0.014817026443779469, -0.9989529848098755, 0.699999988079071, 0.0, 0.0, -0.32981085777282715, -0.2702334523200989, 0.2992217540740967, 0.4044661521911621, 0.43097832798957825, -0.33855244517326355, 0.4661289155483246, -0.5259801149368286, -0.3144029974937439, 0.006097376346588135, -0.10484433174133301, -1.0371208190917969e-05, 0.8795486092567444, -0.3679860830307007, -0.33401286602020264, -0.7257831692695618, -0.5591894388198853, 1.1335945129394531, 0.5857753753662109, -1.849931001663208, 0.6865569949150085, 0.2585737109184265, 1.0803855657577515, 0.012749134562909603, -0.498165100812912, -0.24897655844688416, 0.5949991345405579, 0.3990839123725891, 1.0541090965270996, 0.24827465415000916, 0.345932275056839, -1.3726439476013184, -0.5642408728599548, -0.4613880217075348, 0.5690606832504272, 0.9886167049407959, 1.0, 1.0, 1.0, 1.0, 1.0, 1.0, 1.0, 1.0, 1.0, 1.0, 1.0, 0.0]"
478,0.0,0.0,0.0,3.864150130539201e-05,0.0,287.5992431640625,3.449551513767801e-05,0.0,256.74169921875,0.0,0.0,0.0,0.7576045393943787,0.07149018347263336,0.10324932634830475,-0.31431058049201965,-0.27592095732688904,0.29361772537231445,0.37913841009140015,0.8223066926002502,-0.7107027173042297,0.8743343949317932,-0.956177294254303,-1.0928739309310913,0.8053872585296631,-0.8768897652626038,0.7922967076301575,"[0.7576045393943787, 0.07149018347263336, 0.10324932634830475, 0.12328284233808517, -0.08128639310598373, -0.07789980620145798, 0.04176909476518631, 0.011744718067348003, -0.9990583658218384, 0.699999988079071, 0.0, 0.0, -0.31431058049201965, -0.27592095732688904, 0.29361772537231445, 0.37913841009140015, 0.42230668663978577, -0.31070271134376526, 0.47433438897132874, -0.5561772584915161, -0.29287391901016235, 0.005387246608734131, -0.0768897533416748, -9.417533874511719e-06, 0.7582903504371643, -0.24356859922409058, -0.24411389231681824, -1.47078275680542, -0.42267388105392456, 1.2383428812026978, 0.33336690068244934, -1.3439242839813232, 1.5438936948776245, 0.19417919218540192, 1.5176061391830444, 0.009926632978022099, -0.46936705708503723, -0.37336495518684387, 0.46856191754341125, 0.4815722107887268, 0.983862578868866, 0.18637940287590027, 0.370778352022171, -1.3149890899658203, -0.4094175696372986, -0.4713321626186371, 0.5447768568992615, 0.8687371015548706, 1.0, 1.0, 1.0, 1.0, 1.0, 1.0, 1.0, 1.0, 1.0, 1.0, 1.0, 0.0]"
479,0.0,0.0,0.0,3.6051358620170504e-05,0.0,268.3214416503906,3.0608473025495186e-05,0.0,227.81138610839844,0.0,0.0,0.0,0.7830216884613037,0.06900258362293243,0.1045503243803978,-0.29741811752319336,-0.27934935688972473,0.2895621955394745,0.3489418923854828,0.814041256904602,-0.6811225414276123,0.8792582750320435,-0.9780378937721252,-1.0502815246582031,0.8035374879837036,-0.8424369692802429,0.7923001646995544,"[0.7830216884613037, 0.06900258362293243, 0.1045503243803978, 0.05912555754184723, -0.08151444792747498, -0.0519600585103035, 0.03988737240433693, 0.010725598782300949, -0.999146580696106, 0.699999988079071, 0.0, 0.0, -0.29741811752319336, -0.27934935688972473, 0.2895621955394745, 0.3489418923854828, 0.4140412509441376, -0.2811225354671478, 0.479258269071579, -0.5780378580093384, -0.25028151273727417, 0.003537476062774658, -0.042436957359313965, -5.9604644775390625e-06, 0.9008063077926636, -0.17078980803489685, -0.16651415824890137, -1.500614047050476, -0.47895631194114685, 1.3198883533477783, 0.2039969265460968, -0.9557545185089111, 2.5424063205718994, 0.11830355226993561, 1.7258927822113037, 0.0004913806915283203, -0.3871234357357025, -0.4783613979816437, 0.49254390597343445, 0.5038251876831055, 0.8740460872650146, 0.18096789717674255, 0.3900061547756195, -1.2782533168792725, -0.2425224334001541, -0.49451786279678345, 0.47543489933013916, 0.75110924243927, 1.0, 1.0, 1.0, 1.0, 1.0, 1.0, 1.0, 1.0, 1.0, 1.0, 1.0, 0.0]"
480,0.0,0.0,0.0,3.2935862691374496e-05,0.0,245.13356018066406,2.55676332017174e-05,0.0,190.29364013671875,0.0,0.0,0.0,0.8084982633590698,0.06203782185912132,0.08827448636293411,-0.27556806802749634,-0.28191953897476196,0.2860071659088135,0.32168281078338623,0.8010958433151245,-0.6498346328735352,0.8835070729255676,-0.9923365712165833,-0.9903774261474609,0.7984249591827393,-0.8072919845581055,0.7922995090484619,"[0.8084982633590698, 0.06203782185912132, 0.08827448636293411, 0.045242566615343094, -0.007598915137350559, -0.028761165216565132, 0.038950178772211075, 0.01005278155207634, -0.9991905093193054, 0.699999988079071, 0.0, 0.0, -0.27556806802749634, -0.28191953897476196, 0.2860071659088135, 0.32168281078338623, 0.40109583735466003, -0.24983462691307068, 0.48350706696510315, -0.5923365354537964, -0.19037741422653198, -0.0015750527381896973, -0.007291972637176514, -6.616115570068359e-06, 1.2088886499404907, -0.1339109092950821, -0.12820017337799072, -1.280079960823059, -0.841355562210083, 1.4043108224868774, 0.25530070066452026, -0.5626351237297058, 3.44490122795105, -0.08102013170719147, 1.6435160636901855, 0.001676321029663086, -0.3878750503063202, -0.48233601450920105, 0.5714644193649292, 0.5026696920394897, 0.687610387802124, 0.11354675889015198, 0.40606066584587097, -1.1926108598709106, -0.01048000156879425, -0.4810175597667694, 0.3324410915374756, 0.6199370622634888, 1.0, 1.0, 1.0, 1.0, 1.0, 1.0, 1.0, 1.0, 1.0, 1.0, 1.0, 0.0]"
481,6.150917761260644e-05,0.0,457.7977600097656,2.1654572265106253e-05,0.0,161.169677734375,1.2057429557899013e-05,0.0,89.74050903320312,0.0,0.0,0.0,0.8438475131988525,0.0673387348651886,0.06314796954393387,-0.2582055926322937,-0.2845326066017151,0.28268975019454956,0.2973018288612366,0.7911150455474854,-0.6179639101028442,0.8895994424819946,-0.9967771172523499,-0.9338424205780029,0.7905473113059998,-0.7761968970298767,0.7923322319984436,"[0.8438475131988525, 0.0673387348651886, 0.06314796954393387, 0.24218162894248962, -0.009941884316504002, -0.04612651467323303, 0.03969923034310341, 0.008985521271824837, -0.9991714954376221, 0.699999988079071, 0.0, 0.0, -0.2582055926322937, -0.2845326066017151, 0.28268975019454956, 0.2973018288612366, 0.3911150395870209, -0.21796390414237976, 0.48959943652153015, -0.596777081489563, -0.13384240865707397, -0.0094527006149292, 0.023803114891052246, 2.6106834411621094e-05, -0.5701784491539001, -0.3420051336288452, -0.38773488998413086, -1.4837977886199951, 1.6659657955169678, 1.5835652351379395, 0.41327208280563354, 0.08371211588382721, -0.21154320240020752, -0.26937562227249146, 1.595356822013855, -0.00811208039522171, -0.3747083246707916, -0.4546615779399872, 0.7369229793548584, 0.4984171688556671, 0.34657323360443115, -0.1623850166797638, 0.5565499067306519, -0.9146636724472046, 0.3625184893608093, -0.2620340883731842, -0.053485676646232605, 0.36608320474624634, 1.0, 1.0, 1.0, 1.0, 1.0, 1.0, 1.0, 1.0, 1.0, 1.0, 1.0, 0.0]"
482,4.019941115984693e-05,0.0,299.1943664550781,0.0,0.0,0.0,0.0,0.0,0.0,0.0,0.0,0.0,0.8309212327003479,0.018940193578600883,-0.0030061048455536366,-0.26087111234664917,-0.2885921597480774,0.2910796105861664,0.27317675948143005,0.8123058080673218,-0.5886837244033813,0.9020967483520508,-0.9826475977897644,-0.9191859364509583,0.7916074991226196,-0.8198522925376892,0.7923012375831604,"[0.8309212327003479, 0.018940193578600883, -0.0030061048455536366, 0.0018885183380916715, -0.16885147988796234, -0.06847161799669266, 0.03836671635508537, 0.006702866870909929, -0.9992412328720093, 0.699999988079071, 0.0, 0.0, -0.26087111234664917, -0.2885921597480774, 0.2910796105861664, 0.27317675948143005, 0.4123058021068573, -0.18868371844291687, 0.5020967721939087, -0.5826475620269775, -0.1191859245300293, -0.008392512798309326, -0.019852280616760254, -4.887580871582031e-06, -0.021923527121543884, -0.07556089013814926, 1.2765765190124512, -0.9803465008735657, 1.1757721900939941, 1.2299867868423462, 0.8721034526824951, 1.2164021730422974, 0.6370236873626709, 0.7097337245941162, -5.816895484924316, -0.01700882613658905, -0.22986826300621033, -0.6591420769691467, 0.8863383531570435, 0.7104110717773438, 0.031065404415130615, -0.8869502544403076, 1.157222867012024, -0.23610034584999084, 0.6663728356361389, 0.3795621991157532, -0.9678183197975159, -0.06555456668138504, 1.0, 1.0, 1.0, 1.0, 1.0, 1.0, 1.0, 1.0, 1.0, 1.0, 1.0, 0.0]"
483,3.696045314427465e-05,0.0,275.0876159667969,0.0,0.0,0.0,0.0,0.0,0.0,0.0,0.0,0.0,0.7973849773406982,-0.0075803217478096485,-0.07792795449495316,-0.25661414861679077,-0.2938469648361206,0.3315318524837494,0.2619340419769287,0.8335914015769958,-0.587675154209137,0.9140051603317261,-0.9365654587745667,-0.8958261609077454,0.8726421594619751,-0.9115532040596008,0.792304277420044,"[0.7973849773406982, -0.0075803217478096485, -0.07792795449495316, 0.011166010983288288, -0.5480290651321411, -0.024182351306080818, 0.03009023144841194, 0.009981377050280571, -0.99949711561203, 0.699999988079071, 0.0, 0.0, -0.25661414861679077, -0.2938469648361206, 0.3315318524837494, 0.2619340419769287, 0.43359139561653137, -0.18767514824867249, 0.514005184173584, -0.5365654230117798, -0.0958261489868164, 0.07264214754104614, -0.11155319213867188, -1.8477439880371094e-06, 0.04601188004016876, -0.776762843132019, 1.99519944190979, -0.6497940421104431, 1.0688698291778564, -0.6742653846740723, 0.6228201985359192, 2.898625135421753, 1.3395205736160278, 5.573616981506348, -4.2487945556640625, -0.009718989953398705, -0.6676471829414368, -0.8507582545280457, 0.5842820405960083, 0.5724974870681763, 0.5340079069137573, -1.1618460416793823, 1.2313635349273682, -0.4136870205402374, 0.389407753944397, 0.8255398869514465, -1.3726214170455933, -0.5241866111755371, 1.0, 1.0, 1.0, 1.0, 1.0, 1.0, 1.0, 1.0, 1.0, 1.0, 1.0, 0.0]"
484,2.4406648662989028e-05,0.0,181.65272521972656,0.0,0.0,0.0,0.0,0.0,0.0,0.0,0.0,0.0,0.7749894857406616,0.008589886128902435,-0.21019083261489868,-0.2711086869239807,-0.33546945452690125,0.3540051281452179,0.23645234107971191,0.8497883081436157,-0.6201004385948181,0.9372414350509644,-0.8671101331710815,-0.859144389629364,0.9816774129867554,-1.0418264865875244,0.7923049330711365,"[0.7749894857406616, 0.008589886128902435, -0.21019083261489868, 1.1129876375198364, -0.740123987197876, 0.0690712258219719, 0.016601182520389557, -0.005338159389793873, -0.9998480081558228, 0.699999988079071, 0.0, 0.0, -0.2711086869239807, -0.33546945452690125, 0.3540051281452179, 0.23645234107971191, 0.44978830218315125, -0.22010043263435364, 0.5372414588928223, -0.46711012721061707, -0.05914437770843506, 0.18167740106582642, -0.24182647466659546, -1.1920928955078125e-06, -1.0882092714309692, -2.6545519828796387, 0.6354974508285522, -1.5146430730819702, 0.8177461624145508, -2.1400084495544434, 1.2960355281829834, 3.7425642013549805, 1.8784534931182861, 5.100500583648682, -7.173346519470215, -0.007378364913165569, -0.4753060042858124, -0.8262156844139099, 0.7592335939407349, 0.39839377999305725, 0.4038011431694031, -1.1950784921646118, 1.0409841537475586, -0.34829866886138916, 0.3714624047279358, 0.866852879524231, -1.4456958770751953, -0.5579813718795776, 1.0, 1.0, 1.0, 1.0, 1.0, 1.0, 1.0, 1.0, 1.0, 1.0, 1.0, 0.0]"
485,3.36986304318998e-05,0.0,250.81065368652344,0.0,0.0,0.0,0.0,0.0,0.0,0.00012856328976340592,0.0,956.8651123046875,0.7273144721984863,0.02213999629020691,-0.008487424813210964,-0.2699057161808014,-0.37404146790504456,0.38223332166671753,0.2372167557477951,0.8731480836868286,-0.6807214021682739,0.9371315836906433,-0.8480183482170105,-0.8462667465209961,1.0554263591766357,-1.1614998579025269,0.8178517818450928,"[0.7273144721984863, 0.02213999629020691, -0.008487424813210964, -1.583083152770996, 0.31623485684394836, -0.19496691226959229, 0.010295961052179337, -0.0037582318764179945, -0.9999397993087769, 0.699999988079071, 0.0, 0.0, -0.2699057161808014, -0.37404146790504456, 0.38223332166671753, 0.2372167557477951, 0.47314807772636414, -0.28072139620780945, 0.5371315479278564, -0.448018342256546, -0.04626673460006714, 0.2554263472557068, -0.3614998459815979, 0.02554565668106079, 1.4552273750305176, -0.985883355140686, 2.4592933654785156, 1.3560965061187744, 1.6103451251983643, -3.502403497695923, -1.3099987506866455, 1.0992810726165771, -0.9507228136062622, 2.1994526386260986, -5.222275257110596, -0.5115001201629639, -0.3633021414279938, -1.078757882118225, 0.5857136249542236, 0.4189041554927826, 0.29273688793182373, -0.975603461265564, 1.0963295698165894, -0.22381818294525146, 0.3182363510131836, 0.6883719563484192, -1.2609906196594238, -0.907291054725647, 1.0, 1.0, 1.0, 1.0, 1.0, 1.0, 1.0, 1.0, 1.0, 1.0, 1.0, 1.0]"
486,4.103414903511293e-05,0.0,305.40716552734375,0.0,0.0,0.0,0.0,0.0,0.0,0.0,0.0,0.0,0.7226842045783997,0.08704670518636703,0.06285929679870605,-0.24813194572925568,-0.4161691665649414,0.40055182576179504,0.25427886843681335,0.8976948261260986,-0.7485811114311218,0.8991221785545349,-0.811220645904541,-0.859451413154602,1.086214303970337,-1.2375915050506592,0.7922126650810242,"[0.7226842045783997, 0.08704670518636703, 0.06285929679870605, -0.5268659591674805, 0.453626811504364, -0.23335348069667816, 0.021042345091700554, 0.02038094401359558, -0.9995709657669067, 0.699999988079071, 0.0, 0.0, -0.24813194572925568, -0.4161691665649414, 0.40055182576179504, 0.25427886843681335, 0.49769482016563416, -0.34858110547065735, 0.49912217259407043, -0.41122063994407654, -0.059451401233673096, 0.28621429204940796, -0.4375914931297302, -9.34600830078125e-05, 0.42861658334732056, -2.864185333251953, -0.4972597062587738, 0.197067528963089, 0.8404418230056763, -3.237828493118286, -1.9909762144088745, 1.7446848154067993, 0.01917688548564911, 1.8066850900650024, -1.9731866121292114, 0.1772383749485016, -1.124656081199646, -0.1436115801334381, 0.4436003863811493, 0.7639778852462769, 0.23437997698783875, -1.6698650121688843, 1.0772829055786133, -0.4225497245788574, 0.6051286458969116, 0.8486306071281433, -1.020339012145996, -0.28877758979797363, 1.0, 1.0, 1.0, 1.0, 1.0, 1.0, 1.0, 1.0, 1.0, 1.0, 1.0, 1.0]"
487,4.384327257866971e-05,0.0,326.31475830078125,0.0,0.0,0.0,0.0,0.0,0.0,3.8063244574004784e-05,0.0,283.2953796386719,0.7133159041404724,0.04788300022482872,0.019562555477023125,-0.24733205139636993,-0.45188257098197937,0.37647584080696106,0.2523987591266632,0.9109793305397034,-0.8109995126724243,0.8648377060890198,-0.7847134470939636,-0.8466723561286926,1.124255657196045,-1.2363837957382202,0.7973770499229431,"[0.7133159041404724, 0.04788300022482872, 0.019562555477023125, -0.4023210108280182, 0.13009533286094666, -0.09509442746639252, 0.024492280557751656, 0.02281179279088974, -0.999439537525177, 0.699999988079071, 0.0, 0.0, -0.24733205139636993, -0.45188257098197937, 0.37647584080696106, 0.2523987591266632, 0.5109792947769165, -0.41099950671195984, 0.4648377001285553, -0.38471344113349915, -0.04667234420776367, 0.32425564527511597, -0.43638378381729126, 0.005070924758911133, 0.33660778403282166, -0.4544498920440674, -0.7917443513870239, 0.2607724964618683, 0.7196797728538513, -3.1943199634552, -1.6225166320800781, 0.8297296166419983, 0.5947967171669006, 1.9887056350708008, 0.7494993805885315, 0.3119729459285736, -0.8401645421981812, -0.4396612346172333, 0.6842601895332336, 0.6174372434616089, 0.19172491133213043, -1.4320911169052124, 1.1053673028945923, -0.6387511491775513, 0.6184051036834717, 0.9794602394104004, -0.8008211255073547, -0.4634356200695038, 1.0, 1.0, 1.0, 1.0, 1.0, 1.0, 1.0, 1.0, 1.0, 1.0, 1.0, 1.0]"
488,4.269155760994181e-05,0.0,317.7428283691406,0.0,0.0,0.0,0.0,0.0,0.0,2.8548149202833883e-05,0.0,212.47689819335938,0.7200438380241394,0.011400442570447922,0.030961329117417336,-0.23634199798107147,-0.4294832646846771,0.37295255064964294,0.2622582018375397,0.925565242767334,-0.8752551078796387,0.8393343687057495,-0.7607049345970154,-0.8331989645957947,1.167137861251831,-1.2097989320755005,0.794968843460083,"[0.7200438380241394, 0.011400442570447922, 0.030961329117417336, -0.5713154077529907, 0.058849990367889404, -0.03138595074415207, 0.025750333443284035, 0.03482730686664581, -0.9990617036819458, 0.699999988079071, 0.0, 0.0, -0.23634199798107147, -0.4294832646846771, 0.37295255064964294, 0.2622582018375397, 0.5255652666091919, -0.4752551019191742, 0.43933436274528503, -0.3607049286365509, -0.03319895267486572, 0.3671378493309021, -0.40979892015457153, 0.0026627182960510254, 0.5484931468963623, 1.6922903060913086, -0.071383997797966, 0.48498645424842834, 0.6127834916114807, -3.0628116130828857, -1.1294450759887695, 1.1454310417175293, 0.8283905982971191, 1.6414927244186401, 1.7825900316238403, -0.012906242161989212, -0.805220901966095, -0.5078902840614319, 0.6190941333770752, 0.7292616367340088, 0.19697366654872894, -1.3080030679702759, 0.9887738227844238, -0.4543566107749939, 0.6148564219474792, 0.8527523875236511, -0.6730242371559143, -0.4368569254875183, 1.0, 1.0, 1.0, 1.0, 1.0, 1.0, 1.0, 1.0, 1.0, 1.0, 1.0, 1.0]"
489,4.0372269722865894e-05,0.0,300.4809265136719,0.0,0.0,0.0,0.0,0.0,0.0,3.556436422513798e-05,0.0,264.6968688964844,0.7358338832855225,0.01987754926085472,0.07803614437580109,-0.23314343392848969,-0.39374780654907227,0.36418595910072327,0.26383256912231445,0.9324349164962769,-0.9220903515815735,0.8197371363639832,-0.737876296043396,-0.8077588081359863,1.165852665901184,-1.1645504236221313,0.7952568531036377,"[0.7358338832855225, 0.01987754926085472, 0.07803614437580109, -0.10070576518774033, 0.11419010162353516, -0.06640277802944183, 0.02670692279934883, 0.0381372906267643, -0.9989157915115356, 0.699999988079071, 0.0, 0.0, -0.23314343392848969, -0.39374780654907227, 0.36418595910072327, 0.26383256912231445, 0.5324349403381348, -0.5220903158187866, 0.4197371304035187, -0.3378762900829315, -0.007758796215057373, 0.3658526539802551, -0.3645504117012024, 0.002950727939605713, 0.10573123395442963, 1.9144577980041504, -0.555216372013092, -0.007691912353038788, 0.16910569369792938, -1.8016055822372437, -1.1257275342941284, 1.2035608291625977, 1.43241548538208, -1.5423985719680786, 3.0536911487579346, -0.17092525959014893, -0.783909797668457, -0.6096480488777161, 0.6039884090423584, 0.9459993839263916, 0.18258152902126312, -1.146667242050171, 0.7768864631652832, -0.42223507165908813, 0.6479250192642212, 0.4610956013202667, -0.28999167680740356, -0.47258976101875305, 1.0, 1.0, 1.0, 1.0, 1.0, 1.0, 1.0, 1.0, 1.0, 1.0, 1.0, 1.0]"
490,3.465664849500172e-05,0.0,257.9409484863281,0.0,0.0,0.0,0.0,0.0,0.0,2.5389357688254677e-05,0.0,188.96678161621094,0.749314546585083,0.024898262694478035,0.09036409854888916,-0.2369069904088974,-0.35863199830055237,0.34627923369407654,0.25721174478530884,0.9314488172531128,-0.939838171005249,0.7927798628807068,-0.7140761017799377,-0.7703719139099121,1.1028621196746826,-1.0812996625900269,0.794437050819397,"[0.749314546585083, 0.024898262694478035, 0.09036409854888916, 0.2656988203525543, 0.0681363046169281, -0.1011698916554451, 0.027759864926338196, 0.03377268463373184, -0.9990435838699341, 0.699999988079071, 0.0, 0.0, -0.2369069904088974, -0.35863199830055237, 0.34627923369407654, 0.25721174478530884, 0.5314488410949707, -0.5398381948471069, 0.3927798569202423, -0.31407609581947327, 0.029628098011016846, 0.30286210775375366, -0.2812996506690979, 0.0021309256553649902, -0.21809053421020508, 1.840628981590271, -0.9827158451080322, -0.3713622987270355, -0.14321836829185486, -0.27123257517814636, -1.6329525709152222, 1.1383939981460571, 1.9940593242645264, -4.624269962310791, 5.036887168884277, 0.01566893979907036, -0.9421361684799194, -0.5416240692138672, 0.5331571102142334, 1.0359036922454834, 0.25016123056411743, -0.8852734565734863, 0.5314902067184448, -0.433173805475235, 0.5488274097442627, -0.05789179354906082, 0.20930637419223785, -0.4536590278148651, 1.0, 1.0, 1.0, 1.0, 1.0, 1.0, 1.0, 1.0, 1.0, 1.0, 1.0, 1.0]"
491,1.8045744582195766e-05,0.0,134.31007385253906,0.0,0.0,0.0,0.0,0.0,0.0,1.6319050700985827e-05,0.0,121.45869445800781,0.7643437385559082,0.026127099990844727,0.049341704696416855,-0.24272491037845612,-0.3203355371952057,0.3247106969356537,0.24860738217830658,0.9291077852249146,-0.9283681511878967,0.7515770792961121,-0.6906284093856812,-0.7310945987701416,0.9924299716949463,-0.9658105969429016,0.793827474117279,"[0.7643437385559082, 0.026127099990844727, 0.049341704696416855, 0.24652330577373505, 0.15297657251358032, -0.10462673753499985, 0.029348667711019516, 0.027497991919517517, -0.9991904497146606, 0.699999988079071, 0.0, 0.0, -0.24272491037845612, -0.3203355371952057, 0.3247106969356537, 0.24860738217830658, 0.5291078090667725, -0.5283681154251099, 0.3515770733356476, -0.2906284034252167, 0.06890541315078735, 0.19242995977401733, -0.16581058502197266, 0.0015213489532470703, -0.11342813074588776, 2.0790374279022217, -1.0067576169967651, -0.3774157166481018, 0.04207141697406769, 1.122599482536316, -2.334519624710083, 1.2243982553482056, 1.781175971031189, -6.1117353439331055, 6.026461124420166, -0.2072969377040863, -1.0540188550949097, -0.48563429713249207, 0.632723331451416, 0.9218490123748779, 0.554792046546936, -0.33596473932266235, 0.37443873286247253, -0.7406866550445557, 0.02663484960794449, -0.6037419438362122, 0.5645177364349365, -0.13232576847076416, 1.0, 1.0, 1.0, 1.0, 1.0, 1.0, 1.0, 1.0, 1.0, 1.0, 1.0, 1.0]"
492,0.0,0.0,0.0,0.0,0.0,0.0,2.0692910766229033e-05,0.0,154.01226806640625,9.273317118640989e-06,0.0,69.01902770996094,0.7774497270584106,0.05101332440972328,0.0005974331870675087,-0.264291375875473,-0.26792001724243164,0.3232082724571228,0.2479722648859024,0.9374464154243469,-0.8843075037002563,0.759954571723938,-0.6667178273200989,-0.7778960466384888,0.8543136715888977,-0.9411159157752991,0.7943594455718994,"[0.7774497270584106, 0.05101332440972328, 0.0005974331870675087, -0.3022371530532837, 0.017609229311347008, -0.013574635609984398, 0.03076036646962166, 0.028728868812322617, -0.999113917350769, 0.699999988079071, 0.0, 0.0, -0.264291375875473, -0.26792001724243164, 0.3232082724571228, 0.2479722648859024, 0.5374463796615601, -0.48430749773979187, 0.3599545657634735, -0.2667178213596344, 0.022103965282440186, 0.05431365966796875, -0.14111590385437012, 0.0020533204078674316, -1.9171839952468872, 2.9083681106567383, 0.2651859223842621, 0.18328362703323364, 0.6400943994522095, 2.852576971054077, 0.8479819297790527, 1.3826569318771362, -5.5763092041015625, -7.2599358558654785, 0.561729907989502, -0.17314060032367706, -1.2272381782531738, -0.3233242332935333, 0.48314180970191956, 0.6675454378128052, 1.0150635242462158, -0.08878037333488464, 0.09511327743530273, -1.3547695875167847, -0.9041191935539246, -0.7126268148422241, 0.5742312669754028, 0.37733009457588196, 1.0, 1.0, 1.0, 1.0, 1.0, 1.0, 1.0, 1.0, 1.0, 1.0, 1.0, 0.0]"
493,0.0,0.0,0.0,2.5823444957495667e-05,0.0,192.1975860595703,4.288740819902159e-05,0.0,319.20050048828125,2.9905859264545143e-06,0.0,22.258201599121094,0.718812882900238,0.10705974698066711,0.033844076097011566,-0.32319292426109314,-0.23835404217243195,0.3257371485233307,0.2516172528266907,0.9411718249320984,-0.8424131870269775,0.7785008549690247,-0.645503044128418,-0.8775673508644104,0.7903271317481995,-0.9294382333755493,0.7926765084266663,"[0.718812882900238, 0.10705974698066711, 0.033844076097011566, -0.16463662683963776, 0.04419803246855736, 0.00889493152499199, 0.030360985547304153, 0.03461197391152382, -0.9989396929740906, 0.699999988079071, 0.0, 0.0, -0.32319292426109314, -0.23835404217243195, 0.3257371485233307, 0.2516172528266907, 0.5411717891693115, -0.44241318106651306, 0.3785008490085602, -0.2455030381679535, -0.07756733894348145, -0.009672880172729492, -0.12943822145462036, 0.00037038326263427734, -3.2217864990234375, -0.018373137339949608, -0.028709858655929565, 0.09400058537721634, -0.26722052693367004, 0.5072897672653198, 1.042561411857605, 0.6461833119392395, -4.472754955291748, 0.98692387342453, 0.27949032187461853, -0.7206186056137085, -0.340821236371994, -0.47092416882514954, 0.12997572124004364, 0.542336106300354, 1.0521020889282227, 0.290314644575119, 0.41002482175827026, -1.4858018159866333, -0.8835325241088867, -0.719614565372467, 0.537760853767395, 1.1051446199417114, 1.0, 1.0, 1.0, 1.0, 1.0, 1.0, 1.0, 1.0, 1.0, 1.0, 1.0, 1.0]"
494,0.0,0.0,0.0,4.8293135478161275e-05,0.0,359.43402099609375,3.7530920963035896e-05,0.0,279.3334655761719,0.0,0.0,0.0,0.6681784987449646,0.07172796875238419,0.06253863126039505,-0.36593252420425415,-0.2410261482000351,0.32293081283569336,0.26350679993629456,0.92313152551651,-0.8253142237663269,0.7955339550971985,-0.6707568764686584,-0.9837937951087952,0.7949571013450623,-0.9244478344917297,0.7922999262809753,"[0.6681784987449646, 0.07172796875238419, 0.06253863126039505, 0.08484270423650742, 0.22651229798793793, -0.03282719478011131, 0.03350035101175308, 0.03426898643374443, -0.9988510012626648, 0.699999988079071, 0.0, 0.0, -0.36593252420425415, -0.2410261482000351, 0.32293081283569336, 0.26350679993629456, 0.5231314897537231, -0.4253142178058624, 0.395533949136734, -0.27075687050819397, -0.1837937831878662, -0.005042910575866699, -0.12444782257080078, -6.198883056640625e-06, -1.2343252897262573, -0.16631825268268585, -0.16495876014232635, 0.9529483318328857, -1.2795346975326538, 0.8708415031433105, 0.8622923493385315, -2.2459373474121094, -5.7320475578308105, 0.04815422743558884, 0.08902053534984589, 0.006745386868715286, -0.42976394295692444, -0.734205424785614, 0.12537364661693573, 0.7927309274673462, 1.0708627700805664, -0.13220268487930298, 0.4169734716415405, -1.4266656637191772, -1.0717610120773315, -0.39167410135269165, 0.5235458016395569, 1.2542879581451416, 1.0, 1.0, 1.0, 1.0, 1.0, 1.0, 1.0, 1.0, 1.0, 1.0, 1.0, 1.0]"
495,0.0,0.0,0.0,2.9909466320532374e-05,0.0,222.60885620117188,3.4326963941566646e-05,0.0,255.48719787597656,0.0,0.0,0.0,0.6482819318771362,0.04907647520303726,0.05241405591368675,-0.36573776602745056,-0.2454468309879303,0.31884196400642395,0.29563573002815247,0.8892426490783691,-0.8051971197128296,0.8117778897285461,-0.7364832758903503,-1.0814270973205566,0.7917096018791199,-0.9221090078353882,0.7923012971878052,"[0.6482819318771362, 0.04907647520303726, 0.05241405591368675, 0.21493640542030334, 0.18899191915988922, -0.051755815744400024, 0.037912022322416306, 0.031031876802444458, -0.9987990856170654, 0.699999988079071, 0.0, 0.0, -0.36573776602745056, -0.2454468309879303, 0.31884196400642395, 0.29563573002815247, 0.48924264311790466, -0.4051971137523651, 0.41177788376808167, -0.33648326992988586, -0.2814270853996277, -0.008290410041809082, -0.12210899591445923, -4.827976226806641e-06, 0.4795348048210144, -0.2769375443458557, -0.2464090883731842, 2.016422986984253, -1.7741001844406128, 0.8303925395011902, 0.7989672422409058, -3.7231061458587646, -4.127793312072754, 0.11635772138834, 0.17940616607666016, 0.0006668567657470703, -0.5367355346679688, -0.6344013810157776, 0.2721407115459442, 0.937305212020874, 1.3206796646118164, -0.038588106632232666, 0.5750828981399536, -1.3444167375564575, -0.9639458656311035, -0.40435776114463806, 0.624437689781189, 1.0750181674957275, 1.0, 1.0, 1.0, 1.0, 1.0, 1.0, 1.0, 1.0, 1.0, 1.0, 1.0, 1.0]"
496,0.0,0.0,0.0,3.13415948767215e-05,0.0,233.26780700683594,3.366278906469233e-05,0.0,250.5438995361328,0.0,0.0,0.0,0.6642147302627563,0.04985915124416351,0.022272560745477676,-0.3556261956691742,-0.25161218643188477,0.3129778802394867,0.3482039272785187,0.8625227212905884,-0.7869513630867004,0.8288477659225464,-0.814675509929657,-1.1353176832199097,0.7959187030792236,-0.9159162640571594,0.7923014760017395,"[0.6642147302627563, 0.04985915124416351, 0.022272560745477676, 0.2825533449649811, 0.009225042536854744, -0.02175886742770672, 0.03934812173247337, 0.026114828884601593, -0.9988842010498047, 0.699999988079071, 0.0, 0.0, -0.3556261956691742, -0.25161218643188477, 0.3129778802394867, 0.3482039272785187, 0.4625227153301239, -0.38695135712623596, 0.4288477599620819, -0.4146755039691925, -0.3353176712989807, -0.004081308841705322, -0.11591625213623047, -4.649162292480469e-06, 0.41015732288360596, -0.3517335057258606, -0.34444689750671387, 2.8769428730010986, -1.0579845905303955, 0.7284846305847168, 0.8439675569534302, -3.86279559135437, -1.6033400297164917, 0.5714479684829712, 0.4472539722919464, -7.581710815429688e-05, -0.5413627028465271, -0.46930131316185, 0.44622936844825745, 0.780363917350769, 1.2065407037734985, -0.06875890493392944, 0.45231279730796814, -1.1906391382217407, -0.8408197164535522, -0.3968050479888916, 0.6299594044685364, 0.8571743965148926, 1.0, 1.0, 1.0, 1.0, 1.0, 1.0, 1.0, 1.0, 1.0, 1.0, 1.0, 0.0]"
497,0.0,0.0,0.0,4.4213949877303094e-05,0.0,329.0736083984375,3.6608707887353376e-05,0.0,272.46966552734375,0.0,0.0,0.0,0.6964545249938965,0.058540333062410355,0.028509777039289474,-0.35020825266838074,-0.2590806186199188,0.30546990036964417,0.4006834328174591,0.849981427192688,-0.7686523199081421,0.845198929309845,-0.8802464008331299,-1.1433526277542114,0.8061219453811646,-0.9023627042770386,0.7922964692115784,"[0.6964545249938965, 0.058540333062410355, 0.028509777039289474, 0.3237151503562927, -0.1104593500494957, -0.011745610274374485, 0.037742599844932556, 0.02032926306128502, -0.9990809559822083, 0.699999988079071, 0.0, 0.0, -0.35020825266838074, -0.2590806186199188, 0.30546990036964417, 0.4006834328174591, 0.4499814212322235, -0.3686523139476776, 0.4451989233493805, -0.4802463948726654, -0.34335261583328247, 0.006121933460235596, -0.10236269235610962, -9.655952453613281e-06, 0.24057897925376892, -0.4114026725292206, -0.4172343313694, 2.1714131832122803, -0.48700135946273804, 0.7891830205917358, 0.8157289028167725, -2.847048282623291, 0.3304252624511719, 0.7517138719558716, 0.7639287710189819, 0.010610559955239296, -0.46342918276786804, -0.22104062139987946, 0.7418612837791443, 0.33696380257606506, 1.1277108192443848, 0.41391536593437195, 0.31306177377700806, -1.3917068243026733, -0.6661396026611328, -0.4656085968017578, 0.6420191526412964, 0.9842743873596191, 1.0, 1.0, 1.0, 1.0, 1.0, 1.0, 1.0, 1.0, 1.0, 1.0, 1.0, 0.0]"
498,0.0,0.0,0.0,4.788612568518147e-05,0.0,356.40472412109375,3.763714630622417e-05,0.0,280.1240539550781,0.0,0.0,0.0,0.7274128794670105,0.06675218045711517,0.06670155376195908,-0.3404802680015564,-0.2668250799179077,0.2979188561439514,0.41916534304618835,0.841869056224823,-0.7463427186012268,0.8577824234962463,-0.923143208026886,-1.124515175819397,0.8140178322792053,-0.8803690671920776,0.7922949194908142,"[0.7274128794670105, 0.06675218045711517, 0.06670155376195908, 0.24948249757289886, -0.12955479323863983, -0.06552215665578842, 0.03507983684539795, 0.014950830489397049, -0.9992729425430298, 0.699999988079071, 0.0, 0.0, -0.3404802680015564, -0.2668250799179077, 0.2979188561439514, 0.41916534304618835, 0.4418690502643585, -0.34634271264076233, 0.45778241753578186, -0.5231431722640991, -0.324515163898468, 0.014017820358276367, -0.08036905527114868, -1.1205673217773438e-05, 0.6218138933181763, -0.3729029595851898, -0.3522880971431732, 0.13135568797588348, -0.4254942536354065, 1.0093415975570679, 0.5888432860374451, -1.7946114540100098, 1.198493242263794, 0.5573210120201111, 1.1794085502624512, 0.013980194926261902, -0.5424676537513733, -0.18213573098182678, 0.6880528926849365, 0.2995753586292267, 0.9890710115432739, 0.279867023229599, 0.2905421555042267, -1.4254467487335205, -0.5749597549438477, -0.4748823344707489, 0.5744144916534424, 0.9831639528274536, 1.0, 1.0, 1.0, 1.0, 1.0, 1.0, 1.0, 1.0, 1.0, 1.0, 1.0, 0.0]"
499,0.0,0.0,0.0,4.3135045416420326e-05,0.0,321.0436096191406,3.595046655391343e-05,0.0,267.5705261230469,0.0,0.0,0.0,0.7517523765563965,0.07459843903779984,0.0977131649851799,-0.3258496820926666,-0.2733258903026581,0.2917298674583435,0.400229275226593,0.8322147130966187,-0.7197074294090271,0.8654261827468872,-0.9519879817962646,-1.0969849824905396,0.816840648651123,-0.8503910899162292,0.7922951579093933,"[0.7517523765563965, 0.07459843903779984, 0.0977131649851799, 0.17904865741729736, -0.12271085381507874, -0.08964469283819199, 0.03246128186583519, 0.011331018060445786, -0.9994089007377625, 0.699999988079071, 0.0, 0.0, -0.3258496820926666, -0.2733258903026581, 0.2917298674583435, 0.400229275226593, 0.4322147071361542, -0.3197074234485626, 0.46542617678642273, -0.5519880056381226, -0.2969849705696106, 0.016840636730194092, -0.05039107799530029, -1.0967254638671875e-05, 0.745568573474884, -0.3160207271575928, -0.30987033247947693, -1.4760639667510986, -0.5516648292541504, 1.2176774740219116, 0.33525413274765015, -1.2867050170898438, 1.6170246601104736, 0.29077959060668945, 1.576213002204895, 0.011987978592514992, -0.47023507952690125, -0.3179943859577179, 0.5457155704498291, 0.38720691204071045, 0.9984278082847595, 0.22863444685935974, 0.3516220152378082, -1.3641029596328735, -0.4496786594390869, -0.47946134209632874, 0.5616692304611206, 0.9137719869613647, 1.0, 1.0, 1.0, 1.0, 1.0, 1.0, 1.0, 1.0, 1.0, 1.0, 1.0, 0.0]"
500,0.0,0.0,0.0,3.81531790480949e-05,0.0,283.96478271484375,3.1467228836845607e-05,0.0,234.202880859375,0.0,0.0,0.0,0.7777829170227051,0.07377508282661438,0.10289417952299118,-0.30980154871940613,-0.27891817688941956,0.2860785722732544,0.36320850253105164,0.8210933804512024,-0.6898501515388489,0.8700463175773621,-0.9737080335617065,-1.0594322681427002,0.815139651298523,-0.815614640712738,0.7922958135604858,"[0.7777829170227051, 0.07377508282661438, 0.10289417952299118, 0.1476641148328781, -0.08823969215154648, -0.0746045708656311, 0.03024177998304367, 0.008518385700881481, -0.9995064735412598, 0.699999988079071, 0.0, 0.0, -0.30980154871940613, -0.27891817688941956, 0.2860785722732544, 0.36320850253105164, 0.4210933744907379, -0.2898501455783844, 0.4700463116168976, -0.5737080574035645, -0.25943225622177124, 0.015139639377593994, -0.015614628791809082, -1.0311603546142578e-05, 0.8545060753822327, -0.27325761318206787, -0.2872251868247986, -1.9413683414459229, -0.6016610264778137, 1.3475323915481567, 0.2114836573600769, -0.97238689661026, 2.2056736946105957, 0.08623350411653519, 1.7575345039367676, 0.009088578633964062, -0.4147753417491913, -0.4310722053050995, 0.4647604525089264, 0.4896020293235779, 0.9112427830696106, 0.17859426140785217, 0.37492892146110535, -1.2817686796188354, -0.2838221788406372, -0.5129088163375854, 0.5103254318237305, 0.8019945621490479, 1.0, 1.0, 1.0, 1.0, 1.0, 1.0, 1.0, 1.0, 1.0, 1.0, 1.0, 0.0]"
501,0.0,0.0,0.0,3.4512737329350784e-05,0.0,256.869873046875,2.636091085150838e-05,0.0,196.19781494140625,0.0,0.0,0.0,0.8047448992729187,0.06348442286252975,0.08972473442554474,-0.2885982096195221,-0.28301888704299927,0.28140294551849365,0.3284580409526825,0.80733323097229,-0.6580789685249329,0.8738431334495544,-0.9886278510093689,-1.0055336952209473,0.8091674447059631,-0.7804358005523682,0.7922988533973694,"[0.8047448992729187, 0.06348442286252975, 0.08972473442554474, 0.10443837195634842, 0.0019069020636379719, -0.0439290925860405, 0.02938140369951725, 0.006512087769806385, -0.9995468854904175, 0.699999988079071, 0.0, 0.0, -0.2885982096195221, -0.28301888704299927, 0.28140294551849365, 0.3284580409526825, 0.40733322501182556, -0.2580789625644684, 0.47384312748908997, -0.588627815246582, -0.2055336833000183, 0.00916743278503418, 0.01956421136856079, -7.271766662597656e-06, 1.1830132007598877, -0.19621549546718597, -0.21009662747383118, -1.5872015953063965, -0.8290817141532898, 1.4370275735855103, 0.22321364283561707, -0.602426290512085, 3.1961166858673096, -0.14923503994941711, 1.6639435291290283, 0.00044608116149902344, -0.389016717672348, -0.47793927788734436, 0.5405282974243164, 0.4982679784297943, 0.750160813331604, 0.13896796107292175, 0.3872014880180359, -1.2129313945770264, -0.045845940709114075, -0.5167188048362732, 0.38302069902420044, 0.6856125593185425, 1.0, 1.0, 1.0, 1.0, 1.0, 1.0, 1.0, 1.0, 1.0, 1.0, 1.0, 0.0]"
502,0.0,0.0,0.0,2.556298568379134e-05,0.0,190.25906372070312,1.5598863683408126e-05,0.0,116.09852600097656,0.0,0.0,0.0,0.8270139694213867,0.050797510892152786,0.0454690158367157,-0.26065707206726074,-0.2854345142841339,0.2782380282878876,0.3021271526813507,0.7848132848739624,-0.6259371042251587,0.8795836567878723,-0.9948649406433105,-0.9291674494743347,0.7989403009414673,-0.7508697509765625,0.7923007011413574,"[0.8270139694213867, 0.050797510892152786, 0.0454690158367157, 0.03624945506453514, 0.15638917684555054, -0.01236853376030922, 0.031175028532743454, 0.005342553369700909, -0.9994994401931763, 0.699999988079071, 0.0, 0.0, -0.26065707206726074, -0.2854345142841339, 0.2782380282878876, 0.3021271526813507, 0.3848132789134979, -0.2259370982646942, 0.47958365082740784, -0.5948649644851685, -0.12916743755340576, -0.00105971097946167, 0.049130260944366455, -5.424022674560547e-06, 1.5356690883636475, -0.08760654181241989, -0.1129530668258667, -1.1917484998703003, -1.415140151977539, 1.4368351697921753, 0.43225181102752686, -0.09226471185684204, 4.446493148803711, -0.3670130968093872, 1.1962502002716064, 0.0016527175903320312, -0.3856121003627777, -0.44177570939064026, 0.7050315141677856, 0.4805661141872406, 0.4165712594985962, -0.06364503502845764, 0.5038007497787476, -0.9874894618988037, 0.3118305206298828, -0.34626853466033936, 0.055710092186927795, 0.46939125657081604, 1.0, 1.0, 1.0, 1.0, 1.0, 1.0, 1.0, 1.0, 1.0, 1.0, 1.0, 0.0]"
503,3.24730463034939e-05,0.0,241.68894958496094,8.054686873038008e-07,0.0,5.994906425476074,0.0,0.0,0.0,0.0,0.0,0.0,0.8398652672767639,0.030290095135569572,-0.012171139940619469,-0.25628790259361267,-0.2889280617237091,0.28440985083580017,0.27595871686935425,0.7944729924201965,-0.595925509929657,0.8877009153366089,-0.9851325750350952,-0.9013388752937317,0.7921102643013,-0.7806903719902039,0.7923034429550171,"[0.8398652672767639, 0.030290095135569572, -0.012171139940619469, 0.06439602375030518, 0.016300413757562637, -0.06516744196414948, 0.0332912839949131, 0.0030521638691425323, -0.9994408488273621, 0.699999988079071, 0.0, 0.0, -0.25628790259361267, -0.2889280617237091, 0.28440985083580017, 0.27595871686935425, 0.39447298645973206, -0.1959255039691925, 0.4877009093761444, -0.5851325988769531, -0.10133886337280273, -0.007889747619628906, 0.019309639930725098, -2.682209014892578e-06, -0.15562981367111206, -0.0891154408454895, 0.9821521043777466, -1.1916109323501587, 1.1568031311035156, 1.3753387928009033, 0.38408276438713074, 0.9173451662063599, 0.32958126068115234, -0.058613426983356476, -4.268658638000488, -0.00835612416267395, -0.3951824903488159, -0.5619525909423828, 0.9702343940734863, 0.6475671529769897, -0.050885140895843506, -0.8022240400314331, 0.7995526790618896, -0.5064321756362915, 0.6346631050109863, 0.28911587595939636, -0.8473530411720276, 0.046270959079265594, 1.0, 1.0, 1.0, 1.0, 1.0, 1.0, 1.0, 1.0, 1.0, 1.0, 1.0, 0.0]"
504,4.00472417823039e-05,0.0,298.06182861328125,0.0,0.0,0.0,0.0,0.0,0.0,0.0,0.0,0.0,0.7991852760314941,-0.00870821438729763,-0.07905362546443939,-0.2535471022129059,-0.29089000821113586,0.32435140013694763,0.2615930438041687,0.8176860213279724,-0.5891575813293457,0.8890734314918518,-0.9489930868148804,-0.8860369920730591,0.8569924235343933,-0.8712700605392456,0.7923045754432678,"[0.7991852760314941, -0.00870821438729763, -0.07905362546443939, 0.015511875972151756, -0.3861895203590393, -0.04077083244919777, 0.02846083603799343, 0.005266829859465361, -0.9995813369750977, 0.699999988079071, 0.0, 0.0, -0.2535471022129059, -0.29089000821113586, 0.32435140013694763, 0.2615930438041687, 0.41768601536750793, -0.18915757536888123, 0.48907342553138733, -0.5489931106567383, -0.08603698015213013, 0.056992411613464355, -0.07127004861831665, -1.5497207641601562e-06, 0.031019262969493866, -0.5103704333305359, 2.150669574737549, -0.6798905730247498, 1.1878559589385986, -0.40409067273139954, 0.041989024728536606, 2.3047354221343994, 0.9238026738166809, 5.2834625244140625, -4.718728542327881, -0.010793078690767288, -0.5035582184791565, -0.8834521770477295, 0.5312095880508423, 0.6917834281921387, 0.4984118640422821, -1.0962618589401245, 1.3250476121902466, -0.4182051420211792, 0.4773595333099365, 0.7688014507293701, -1.3392513990402222, -0.4705953896045685, 1.0, 1.0, 1.0, 1.0, 1.0, 1.0, 1.0, 1.0, 1.0, 1.0, 1.0, 0.0]"
505,2.7392157790018246e-05,0.0,203.87313842773438,0.0,0.0,0.0,0.0,0.0,0.0,0.0,0.0,0.0,0.7776056528091431,-0.0003374935477040708,-0.1957806795835495,-0.26660338044166565,-0.3261905610561371,0.3513548672199249,0.24086493253707886,0.8357340097427368,-0.6159760355949402,0.9006710052490234,-0.8913372755050659,-0.8561357259750366,0.9652082324028015,-0.9988972544670105,0.7923035621643066,"[0.7776056528091431, -0.0003374935477040708, -0.1957806795835495, 1.0446053743362427, -0.6164047718048096, 0.05061780661344528, 0.01772790029644966, -0.008665123023092747, -0.9998053312301636, 0.699999988079071, 0.0, 0.0, -0.26660338044166565, -0.3261905610561371, 0.3513548672199249, 0.24086493253707886, 0.43573400378227234, -0.2159760296344757, 0.5006710290908813, -0.49133726954460144, -0.056135714054107666, 0.16520822048187256, -0.19889724254608154, -2.562999725341797e-06, -1.0314736366271973, -2.370851993560791, 0.8775588870048523, -1.2072488069534302, 0.8811483383178711, -1.8343300819396973, 0.8593535423278809, 3.2084662914276123, 1.5779728889465332, 5.03696870803833, -6.9933366775512695, -0.009971988387405872, -0.4807112514972687, -0.7791136503219604, 0.7645503282546997, 0.41960078477859497, 0.4466625154018402, -1.1595689058303833, 1.0452640056610107, -0.3552987575531006, 0.37218326330184937, 0.8524481654167175, -1.4683752059936523, -0.548450231552124, 1.0, 1.0, 1.0, 1.0, 1.0, 1.0, 1.0, 1.0, 1.0, 1.0, 1.0, 0.0]"
