Time,LF_FOOT_X,LF_FOOT_Y,LF_FOOT_Z,LH_FOOT_X,LH_FOOT_Y,LH_FOOT_Z,RF_FOOT_X,RF_FOOT_Y,RF_FOOT_Z,RH_FOOT_X,RH_FOOT_Y,RH_FOOT_Z,Base_lin_vel_X,Base_lin_vel_Y,Base_lin_vel_Z,joint0_pos,joint1_pos,joint2_pos,joint3_pos,joint4_pos,joint5_pos,joint6_pos,joint7_pos,joint8_pos,joint9_pos,joint10_pos,joint11_pos,base_height,obs
1,2.9499855372705497e-05,0.0,219.56021118164062,0.0,0.0,0.0,3.5402164940023795e-05,0.0,263.4896545410156,0.0,0.0,0.0,0.378337025642395,-0.26201096177101135,0.21614187955856323,0.007627620827406645,-0.0329461544752121,0.0022832758259028196,0.004640555940568447,0.5414942502975464,-0.30506911873817444,0.5703299045562744,-0.29634419083595276,-0.723166823387146,1.0618388652801514,-0.8063615560531616,0.6805446743965149,"[0.378337025642395, -0.26201096177101135, 0.21614187955856323, 0.3106757402420044, 0.06991304457187653, -0.0964166596531868, 0.0035081012174487114, -0.004242877941578627, -0.9999851584434509, 0.699999988079071, 0.0, 0.0, 0.007627620827406645, -0.0329461544752121, 0.0022832758259028196, 0.004640555940568447, 0.1414942443370819, 0.09493088722229004, 0.17032989859580994, 0.10365581512451172, 0.07683318853378296, 0.2618388533592224, -0.006361544132232666, -0.11945533752441406, 0.18557210266590118, -3.1129097938537598, 0.26048168540000916, 0.11114180833101273, 2.583158493041992, -2.7560153007507324, 0.8548665046691895, -2.7770912647247314, -3.502849817276001, -5.738933086395264, -0.678876519203186, 2.4660255908966064, -0.11677412688732147, -1.4734256267547607, 0.5394223928451538, 0.15932753682136536, -0.4639018177986145, -2.7138705253601074, -0.6560204029083252, -1.3568917512893677, -0.749459981918335, -1.4802947044372559, 0.6911916732788086, 0.025669418275356293, 1.0, 1.0, 1.0, 1.0, 1.0, 1.0, 1.0, 1.0, 1.0, 1.0, 1.0, 1.0]"
2,0.0,0.0,0.0,0.0,0.0,0.0,3.4358650736976415e-05,0.0,255.72305297851562,0.0,0.0,0.0,0.18364042043685913,-0.2413332313299179,0.1764248013496399,0.015723157674074173,-0.11441759765148163,0.017807846888899803,0.05288747698068619,0.5871203541755676,-0.4133146405220032,0.5668061375617981,-0.4053288996219635,-0.8266857862472534,0.9223440885543823,-0.7910983562469482,0.7770419120788574,"[0.18364042043685913, -0.2413332313299179, 0.1764248013496399, -1.0752007961273193, -0.009580091573297977, 0.03141478821635246, 0.004916153382509947, 0.0024497308768332005, -0.9999846816062927, 0.699999988079071, 0.0, 0.0, 0.015723157674074173, -0.11441759765148163, 0.017807846888899803, 0.05288747698068619, 0.18712034821510315, -0.013314634561538696, 0.16680613160133362, -0.0053288936614990234, -0.026685774326324463, 0.12234407663345337, 0.008901655673980713, -0.022958099842071533, 0.4575144648551941, -3.947991371154785, 1.4190990924835205, 4.700950622558594, 2.516911745071411, -6.437142372131348, -0.25247055292129517, -6.661001205444336, -7.488851547241211, -6.922123908996582, 0.973507285118103, 7.463107585906982, -1.27920663356781, -0.8456264138221741, 0.02235456183552742, 2.128927707672119, 2.042153835296631, -0.6225887537002563, -0.12017634510993958, -2.981351613998413, -0.7098204493522644, -1.087875485420227, 0.7610018253326416, 1.2530949115753174, 1.0, 1.0, 1.0, 1.0, 1.0, 1.0, 1.0, 1.0, 1.0, 1.0, 1.0, 1.0]"
3,0.0,0.0,0.0,2.69013562501641e-05,0.0,200.22019958496094,2.1044108507339843e-05,0.0,156.62615966796875,0.0,0.0,0.0,0.23086412250995636,-0.23039966821670532,0.09295792877674103,-0.01327794324606657,-0.17944714426994324,0.048221390694379807,0.18201081454753876,0.6573715806007385,-0.5164312124252319,0.5559703707695007,-0.5440420508384705,-0.9379221796989441,0.902201235294342,-0.7511948943138123,0.9215025305747986,"[0.23086412250995636, -0.23039966821670532, 0.09295792877674103, -1.181600570678711, -0.4834500253200531, 0.08258555829524994, -0.0011600377038121223, 0.027498256415128708, -0.9996213316917419, 0.699999988079071, 0.0, 0.0, -0.01327794324606657, -0.17944714426994324, 0.048221390694379807, 0.18201081454753876, 0.25737157464027405, -0.11643120646476746, 0.15597036480903625, -0.14404204487800598, -0.13792216777801514, 0.10220122337341309, 0.0488051176071167, 0.12150251865386963, -2.6567561626434326, -1.9958930015563965, 1.4698010683059692, 7.035567760467529, 4.120737552642822, -2.9904704093933105, -0.4213440418243408, -6.874029159545898, -2.8374905586242676, 3.077626943588257, 2.210341453552246, 6.421444892883301, -0.3056250512599945, -0.8731639981269836, 1.5909528732299805, 1.1542493104934692, 1.2941445112228394, 1.2807400226593018, 0.7202242612838745, -1.3288445472717285, -0.2352926880121231, -0.6468210220336914, 1.0042967796325684, 0.3647559583187103, 1.0, 1.0, 1.0, 1.0, 1.0, 1.0, 1.0, 1.0, 1.0, 1.0, 1.0, 1.0]"
4,0.0,0.0,0.0,6.41265360172838e-05,0.0,477.27813720703125,1.7161570212920196e-05,0.0,127.7293701171875,0.0,0.0,0.0,0.35455557703971863,-0.25849780440330505,0.047114286571741104,-0.0866222158074379,-0.1607949435710907,0.07741625607013702,0.3275182545185089,0.7544638514518738,-0.5087795257568359,0.5508385300636292,-0.6688121557235718,-0.9398987293243408,0.9249486923217773,-0.7059829831123352,0.9452018737792969,"[0.35455557703971863, -0.25849780440330505, 0.047114286571741104, -0.7966191172599792, -0.5558393597602844, -0.026553716510534286, -0.01312260888516903, 0.04958684369921684, -0.9986836910247803, 0.699999988079071, 0.0, 0.0, -0.0866222158074379, -0.1607949435710907, 0.07741625607013702, 0.3275182545185089, 0.3544638454914093, -0.10877951979637146, 0.15083852410316467, -0.2688121497631073, -0.13989871740341187, 0.12494868040084839, 0.09401702880859375, 0.14520186185836792, -4.475797653198242, 1.0336233377456665, 1.15950608253479, 6.881168842315674, 5.016164302825928, 0.2540292739868164, -0.15885932743549347, -5.72062873840332, 0.47775304317474365, 0.9872551560401917, 2.105048418045044, -1.5916807651519775, -1.0517927408218384, -0.18198463320732117, 1.2109817266464233, 0.6153335571289062, 0.9697360396385193, 0.9728349447250366, 0.45512154698371887, -0.8816297054290771, -0.2538008689880371, -0.31290534138679504, 1.0388026237487793, 0.15417608618736267, 1.0, 1.0, 1.0, 1.0, 1.0, 1.0, 1.0, 1.0, 1.0, 1.0, 1.0, 1.0]"
5,0.0,0.0,0.0,4.528005592874251e-05,0.0,337.0083923339844,1.7083242710214108e-05,0.0,127.1463851928711,0.0,0.0,0.0,0.4512857496738434,-0.22522993385791779,0.04614076390862465,-0.19609765708446503,-0.14724119007587433,0.09291111677885056,0.42346206307411194,0.8435052633285522,-0.48790428042411804,0.5540809631347656,-0.7497442364692688,-0.9096607565879822,0.9372959733009338,-0.6712684035301208,0.9443081617355347,"[0.4512857496738434, -0.22522993385791779, 0.04614076390862465, -0.19280588626861572, -0.5314512848854065, -0.08181537687778473, -0.024532873183488846, 0.05755195394158363, -0.9980409145355225, 0.699999988079071, 0.0, 0.0, -0.19609765708446503, -0.14724119007587433, 0.09291111677885056, 0.42346206307411194, 0.44350525736808777, -0.08790427446365356, 0.15408095717430115, -0.3497442305088043, -0.10966074466705322, 0.13729596138000488, 0.1287316083908081, 0.1443081498146057, -5.847066402435303, 0.4081736207008362, 0.5444979667663574, 3.1101930141448975, 3.853116512298584, 0.9032584428787231, 0.16572000086307526, -2.3575594425201416, 1.9782317876815796, 1.2774391174316406, 1.7225205898284912, -4.357677936553955, -0.6497600674629211, -0.5747314691543579, 1.1825158596038818, 0.15304264426231384, 0.8518953323364258, 0.5468864440917969, 0.5141863822937012, -0.04597637057304382, -0.2528523802757263, -0.5264741778373718, 0.8308818936347961, -0.15434560179710388, 1.0, 1.0, 1.0, 1.0, 1.0, 1.0, 1.0, 1.0, 1.0, 1.0, 1.0, 1.0]"
6,0.0,0.0,0.0,2.607251371955499e-05,0.0,194.05133056640625,1.6778247299953364e-05,0.0,124.87638854980469,1.867972605396062e-05,0.0,139.02862548828125,0.5150200128555298,-0.22013074159622192,0.035205304622650146,-0.29958927631378174,-0.13796864449977875,0.10598834604024887,0.4432353973388672,0.8969425559043884,-0.4610505998134613,0.5605193376541138,-0.757145881652832,-0.8847413063049316,0.9399566054344177,-0.6431566476821899,0.9543169140815735,"[0.5150200128555298, -0.22013074159622192, 0.035205304622650146, -0.443523108959198, -0.32763412594795227, -0.16041958332061768, -0.03359809145331383, 0.06284224987030029, -0.9974576234817505, 0.699999988079071, 0.0, 0.0, -0.29958927631378174, -0.13796864449977875, 0.10598834604024887, 0.4432353973388672, 0.49694254994392395, -0.061050593852996826, 0.1605193316936493, -0.35714587569236755, -0.08474129438400269, 0.13995659351348877, 0.156843364238739, 0.15431690216064453, -4.375133991241455, 0.6184024214744568, 0.8444814085960388, 0.8085894584655762, 1.9459331035614014, 1.1743577718734741, 0.3215184509754181, 1.063645362854004, 0.7063280344009399, 0.2484125941991806, 1.252255916595459, 0.3961699604988098, -0.7529012560844421, -0.3797434866428375, 0.5822040438652039, 0.25741448998451233, 1.0804649591445923, 0.0016809403896331787, 0.4689873158931732, 0.08131352066993713, -0.21333910524845123, -0.35384371876716614, 0.8765483498573303, -0.2493343949317932, 1.0, 1.0, 1.0, 1.0, 1.0, 1.0, 1.0, 1.0, 1.0, 1.0, 1.0, 1.0]"
7,0.0,0.0,0.0,1.4486046893580351e-05,0.0,107.81610107421875,1.978022737603169e-05,0.0,147.21939086914062,2.787212360999547e-05,0.0,207.44540405273438,0.540661633014679,-0.2165321409702301,0.0323181189596653,-0.35690584778785706,-0.118309386074543,0.1301744133234024,0.46246853470802307,0.9170516133308411,-0.43418076634407043,0.5667943358421326,-0.7290853261947632,-0.8789808750152588,0.9317022562026978,-0.6253967881202698,0.9422746300697327,"[0.540661633014679, -0.2165321409702301, 0.0323181189596653, -0.8272152543067932, 0.049461424350738525, -0.19388751685619354, -0.03552517294883728, 0.07850243896245956, -0.9962807893753052, 0.699999988079071, 0.0, 0.0, -0.35690584778785706, -0.118309386074543, 0.1301744133234024, 0.46246853470802307, 0.5170515775680542, -0.03418076038360596, 0.1667943298816681, -0.3290853202342987, -0.07898086309432983, 0.1317022442817688, 0.17460322380065918, 0.1422746181488037, -2.250943660736084, 1.0141700506210327, 1.2565062046051025, 0.970971405506134, 0.5345293879508972, 1.3778953552246094, 0.42415502667427063, 1.3530981540679932, -0.11254489421844482, -0.7021852731704712, 0.49462324380874634, -0.706271231174469, -0.691906213760376, -0.5846467018127441, 0.18537279963493347, 0.49448132514953613, 0.8923556804656982, 0.012339025735855103, 0.5501506328582764, -0.45986631512641907, -0.30632108449935913, -0.45093345642089844, 0.8470316529273987, -0.16430872678756714, 1.0, 1.0, 1.0, 1.0, 1.0, 1.0, 1.0, 1.0, 1.0, 1.0, 1.0, 1.0]"
8,0.0,0.0,0.0,1.9238148524891585e-05,0.0,143.18482971191406,2.8801125154132023e-05,0.0,214.3597412109375,6.8507779360516e-06,0.0,50.98866653442383,0.5492024421691895,-0.1722501963376999,-0.0017286227084696293,-0.3961663246154785,-0.10685726255178452,0.1462998390197754,0.4724114239215851,0.9152149558067322,-0.40374016761779785,0.5814682841300964,-0.705122709274292,-0.8975822925567627,0.9084487557411194,-0.6286149621009827,0.928459107875824,"[0.5492024421691895, -0.1722501963376999, -0.0017286227084696293, -0.1232089251279831, 0.1967417448759079, -0.19271118938922882, -0.032548870891332626, 0.08645069599151611, -0.9957244992256165, 0.699999988079071, 0.0, 0.0, -0.3961663246154785, -0.10685726255178452, 0.1462998390197754, 0.4724114239215851, 0.5152149200439453, -0.003740161657333374, 0.18146827816963196, -0.3051227033138275, -0.09758228063583374, 0.10844874382019043, 0.1713850498199463, 0.12845909595489502, -1.844403624534607, 0.27596303820610046, 0.5206843018531799, 0.21683622896671295, -0.3824669420719147, 1.5303044319152832, 1.0001941919326782, 1.102262258529663, -1.514966368675232, -1.2289882898330688, -0.6429227590560913, -0.5766434669494629, -0.6002644300460815, -0.4973083436489105, 0.07437250018119812, 0.6835098266601562, 1.135054111480713, 0.0911741554737091, 0.3137958347797394, -0.848572850227356, -0.43737393617630005, -0.6935755014419556, 0.8698173761367798, 0.11498590558767319, 1.0, 1.0, 1.0, 1.0, 1.0, 1.0, 1.0, 1.0, 1.0, 1.0, 1.0, 1.0]"
9,0.0,0.0,0.0,2.779168789857067e-05,0.0,206.84674072265625,4.092922972631641e-05,0.0,304.6262512207031,0.0,0.0,0.0,0.5403279066085815,-0.1444636583328247,-0.04367794096469879,-0.4239345192909241,-0.10787146538496017,0.1507931351661682,0.4715258479118347,0.9042426943778992,-0.37184426188468933,0.6046274900436401,-0.6959973573684692,-0.9441186785697937,0.8821685910224915,-0.6456594467163086,0.9349377751350403,"[0.5403279066085815, -0.1444636583328247, -0.04367794096469879, 0.23229674994945526, 0.12577326595783234, -0.20318904519081116, -0.029592517763376236, 0.08317680656909943, -0.9960952997207642, 0.699999988079071, 0.0, 0.0, -0.4239345192909241, -0.10787146538496017, 0.1507931351661682, 0.4715258479118347, 0.5042426586151123, 0.028155744075775146, 0.20462748408317566, -0.29599735140800476, -0.14411866664886475, 0.0821685791015625, 0.15434056520462036, 0.13493776321411133, -1.037583827972412, -0.1712506115436554, 0.32479286193847656, 0.017435677349567413, -0.505096435546875, 1.3649009466171265, 1.4145563840866089, -0.1942785531282425, -3.1659908294677734, -0.8528092503547668, -1.4911011457443237, 1.6591904163360596, -0.5097617506980896, -0.5525964498519897, -0.06738309562206268, 0.8852355480194092, 1.2359241247177124, 0.2975161373615265, 0.2316504269838333, -1.2657749652862549, -0.7273032069206238, -0.7682815790176392, 0.8573021292686462, 0.42069533467292786, 1.0, 1.0, 1.0, 1.0, 1.0, 1.0, 1.0, 1.0, 1.0, 1.0, 1.0, 1.0]"
10,0.0,0.0,0.0,2.8846356144640595e-05,0.0,214.6963653564453,3.8074453186709434e-05,0.0,283.37884521484375,0.0,0.0,0.0,0.536162793636322,-0.13151484727859497,-0.06894433498382568,-0.4302683174610138,-0.11199919879436493,0.15319204330444336,0.47908052802085876,0.8971914052963257,-0.34179508686065674,0.6294420957565308,-0.7227896451950073,-1.0193058252334595,0.862241268157959,-0.6631636619567871,0.9899005889892578,"[0.536162793636322, -0.13151484727859497, -0.06894433498382568, 0.26335376501083374, 0.06415746361017227, -0.22039225697517395, -0.028250619769096375, 0.07800424098968506, -0.9965527057647705, 0.699999988079071, 0.0, 0.0, -0.4302683174610138, -0.11199919879436493, 0.15319204330444336, 0.47908052802085876, 0.4971913993358612, 0.05820491909980774, 0.22944208979606628, -0.32278963923454285, -0.21930581331253052, 0.06224125623703003, 0.13683634996414185, 0.18990057706832886, 0.0903458222746849, -0.26126745343208313, 0.21345335245132446, 0.5214739441871643, -0.2994861900806427, 1.3024070262908936, 1.3625808954238892, -1.8358267545700073, -3.7599711418151855, -0.6603087186813354, -1.2071993350982666, 2.3730661869049072, -0.5359889268875122, -0.3835505545139313, 0.04253299906849861, 0.8298519849777222, 1.2097996473312378, 0.3597427308559418, 0.25046396255493164, -1.2868642807006836, -0.8298723697662354, -0.7480829954147339, 0.7927566766738892, 0.5304899215698242, 1.0, 1.0, 1.0, 1.0, 1.0, 1.0, 1.0, 1.0, 1.0, 1.0, 1.0, 1.0]"
11,0.0,0.0,0.0,3.0950683139963076e-05,0.0,230.35836791992188,3.724194903043099e-05,0.0,277.1827087402344,0.0,0.0,0.0,0.5508847236633301,-0.1105545163154602,-0.08538662642240524,-0.4197239577770233,-0.11894507706165314,0.15321432054042816,0.4873209595680237,0.8919945359230042,-0.3116379380226135,0.6552297472953796,-0.7701844573020935,-1.0818480253219604,0.8445079326629639,-0.6796005368232727,1.0233625173568726,"[0.5508847236633301, -0.1105545163154602, -0.08538662642240524, 0.40911221504211426, 0.006611077580600977, -0.21087037026882172, -0.02804526500403881, 0.07095597684383392, -0.99708491563797, 0.699999988079071, 0.0, 0.0, -0.4197239577770233, -0.11894507706165314, 0.15321432054042816, 0.4873209595680237, 0.4919945299625397, 0.08836206793785095, 0.25522974133491516, -0.37018445134162903, -0.2818480134010315, 0.04450792074203491, 0.12039947509765625, 0.2233625054359436, 0.7602483630180359, -0.43895503878593445, -0.07737915962934494, 0.2415347397327423, -0.34146392345428467, 1.3030632734298706, 1.410466194152832, -2.522243022918701, -2.105872869491577, -0.48023396730422974, -0.9455874562263489, 1.038903832435608, -0.5724236369132996, -0.2961815595626831, 0.22379429638385773, 0.7647874355316162, 1.153637409210205, 0.43512091040611267, 0.2675532400608063, -1.1883790493011475, -0.6434473991394043, -0.7332475185394287, 0.7574687600135803, 0.39757415652275085, 1.0, 1.0, 1.0, 1.0, 1.0, 1.0, 1.0, 1.0, 1.0, 1.0, 1.0, 1.0]"
12,0.0,0.0,0.0,3.079425368923694e-05,0.0,229.194091796875,3.2288171496475115e-05,0.0,240.31298828125,0.0,0.0,0.0,0.5820777416229248,-0.09440528601408005,-0.09578698128461838,-0.39680245518684387,-0.12670743465423584,0.15196509659290314,0.48336291313171387,0.8828037977218628,-0.2804047465324402,0.6813269853591919,-0.8151599764823914,-1.0845118761062622,0.8283607959747314,-0.6929399371147156,1.0080996751785278,"[0.5820777416229248, -0.09440528601408005, -0.09578698128461838, 0.32940974831581116, -0.03540093079209328, -0.1780472844839096, -0.02888745814561844, 0.06356140971183777, -0.9975594878196716, 0.699999988079071, 0.0, 0.0, -0.39680245518684387, -0.12670743465423584, 0.15196509659290314, 0.48336291313171387, 0.4828037917613983, 0.11959525942802429, 0.2813269793987274, -0.4151599705219269, -0.28451186418533325, 0.02836078405380249, 0.10706007480621338, 0.20809966325759888, 1.3713364601135254, -0.3721695840358734, -0.014628954231739044, -0.5239368081092834, -0.5910542011260986, 1.3356990814208984, 1.3604142665863037, -1.8840943574905396, 1.2681306600570679, -0.383872926235199, -0.7346498370170593, -2.2169082164764404, -0.5247475504875183, -0.3672172427177429, 0.38287410140037537, 0.7059431076049805, 1.0440908670425415, 0.45820048451423645, 0.3019680976867676, -0.9550423622131348, -0.34622347354888916, -0.7362780570983887, 0.6765577793121338, 0.10180556029081345, 1.0, 1.0, 1.0, 1.0, 1.0, 1.0, 1.0, 1.0, 1.0, 1.0, 1.0, 1.0]"
13,0.0,0.0,0.0,2.5595130864530802e-05,0.0,190.49830627441406,2.50019074883312e-05,0.0,186.0830841064453,0.0,0.0,0.0,0.6213476061820984,-0.08022000640630722,-0.12040095776319504,-0.36337003111839294,-0.13176147639751434,0.1528063267469406,0.4625403583049774,0.8675770163536072,-0.24910619854927063,0.7067599296569824,-0.836277425289154,-1.0234225988388062,0.8147763013839722,-0.7021154165267944,0.9361557960510254,"[0.6213476061820984, -0.08022000640630722, -0.12040095776319504, 0.1837201714515686, -0.03909613937139511, -0.1551072746515274, -0.03005809336900711, 0.05918358266353607, -0.997794508934021, 0.699999988079071, 0.0, 0.0, -0.36337003111839294, -0.13176147639751434, 0.1528063267469406, 0.4625403583049774, 0.4675770103931427, 0.15089380741119385, 0.30675992369651794, -0.4362774193286896, -0.2234225869178772, 0.014776289463043213, 0.09788459539413452, 0.13615578413009644, 1.803701639175415, -0.24469110369682312, 0.06641913950443268, -1.447227954864502, -0.9608834981918335, 1.3869295120239258, 1.3615361452102661, -0.3713863492012024, 4.357851982116699, -0.351818323135376, -0.5430066585540771, -4.886763095855713, -0.5449709892272949, -0.4767344295978546, 0.5218698978424072, 0.6221292018890381, 0.8304349184036255, 0.3017113506793976, 0.47573643922805786, -0.4410909116268158, 0.07791268825531006, -0.6854778528213501, 0.47408950328826904, -0.37015867233276367, 1.0, 1.0, 1.0, 1.0, 1.0, 1.0, 1.0, 1.0, 1.0, 1.0, 1.0, 1.0]"
14,0.0,0.0,0.0,7.924008059490006e-06,0.0,58.9764518737793,8.337060535268392e-06,0.0,62.05070495605469,3.8619131373707205e-05,0.0,287.4327392578125,0.6401416063308716,-0.08581437915563583,-0.16072069108486176,-0.3228018879890442,-0.13270379602909088,0.157545268535614,0.4573580026626587,0.8414438366889954,-0.22090527415275574,0.7347232699394226,-0.836205005645752,-0.9157631397247314,0.8018668293952942,-0.7172282338142395,0.9429464340209961,"[0.6401416063308716, -0.08581437915563583, -0.16072069108486176, -0.12087752670049667, 0.21781611442565918, -0.12435899674892426, -0.028538543730974197, 0.05888138711452484, -0.9978571534156799, 0.699999988079071, 0.0, 0.0, -0.3228018879890442, -0.13270379602909088, 0.157545268535614, 0.4573580026626587, 0.4414438307285309, 0.17909473180770874, 0.33472326397895813, -0.4362049996852875, -0.11576312780380249, 0.0018668174743652344, 0.08277177810668945, 0.14294642210006714, 2.1554861068725586, 0.07643122971057892, 0.360693097114563, 0.26263535022735596, -1.6132858991622925, 1.2384034395217896, 1.5044536590576172, 0.38725489377975464, 5.914577960968018, -0.16283440589904785, -1.1361232995986938, 0.7605023980140686, -0.6266651749610901, -0.7300504446029663, 0.5932344198226929, 0.6965757608413696, 0.3540455102920532, -0.7963250875473022, 0.9526877403259277, 0.1449151337146759, 0.5575212836265564, -0.3825242817401886, -0.11535106599330902, -0.7848820686340332, 1.0, 1.0, 1.0, 1.0, 1.0, 1.0, 1.0, 1.0, 1.0, 1.0, 1.0, 1.0]"
15,5.413730104919523e-05,0.0,402.9306945800781,0.0,0.0,0.0,0.0,0.0,0.0,4.860300396103412e-05,0.0,361.74029541015625,0.6080523729324341,-0.0535876490175724,-0.09484508633613586,-0.32616862654685974,-0.15424615144729614,0.17022080719470978,0.4539589583873749,0.8642242550849915,-0.2300722301006317,0.7703582644462585,-0.8284341096878052,-0.9269305467605591,0.8058023452758789,-0.7735385298728943,0.9538936018943787,"[0.6080523729324341, -0.0535876490175724, -0.09484508633613586, 0.423328161239624, 0.4140282869338989, -0.12027667462825775, -0.021791530773043633, 0.053896889090538025, -0.9983086585998535, 0.699999988079071, 0.0, 0.0, -0.32616862654685974, -0.15424615144729614, 0.17022080719470978, 0.4539589583873749, 0.464224249124527, 0.16992777585983276, 0.37035825848579407, -0.4284341037273407, -0.12693053483963013, 0.005802333354949951, 0.026461482048034668, 0.1538935899734497, -0.39282944798469543, -1.8745077848434448, 1.1934218406677246, -0.35204067826271057, 1.2873592376708984, -2.242542266845703, 2.1029505729675293, 0.23649227619171143, -0.9121125340461731, 1.5050104856491089, -4.707446098327637, 0.5568495988845825, -0.9816530346870422, -0.6050488352775574, 1.0488728284835815, 0.3411712348461151, 0.0714154839515686, -2.1317036151885986, 1.091946005821228, 0.15273213386535645, 0.5346451997756958, 0.5046675801277161, -0.843545138835907, -0.2094549834728241, 1.0, 1.0, 1.0, 1.0, 1.0, 1.0, 1.0, 1.0, 1.0, 1.0, 1.0, 1.0]"
16,4.43037279183045e-05,0.0,329.7418212890625,0.0,0.0,0.0,0.0,0.0,0.0,4.707161133410409e-05,0.0,350.3424987792969,0.5527021884918213,-0.059206314384937286,-0.0225976575165987,-0.3360866904258728,-0.20711646974086761,0.2182968258857727,0.44423243403434753,0.880453884601593,-0.3304848372936249,0.8183989524841309,-0.8179095387458801,-0.9346700310707092,0.8872237205505371,-0.8766636252403259,0.9547609686851501,"[0.5527021884918213, -0.059206314384937286, -0.0225976575165987, 0.5750535726547241, 0.4196757376194, -0.03744244575500488, -0.013177906163036823, 0.04279562085866928, -0.998996913433075, 0.699999988079071, 0.0, 0.0, -0.3360866904258728, -0.20711646974086761, 0.2182968258857727, 0.44423243403434753, 0.48045387864112854, 0.0695151686668396, 0.4183989465236664, -0.41790953278541565, -0.13467001914978027, 0.08722370862960815, -0.07666361331939697, 0.1547609567642212, -0.5181349515914917, -2.886338949203491, 3.1002588272094727, -0.5038191080093384, 0.7983063459396362, -6.029505252838135, 2.52091908454895, 0.3675313889980316, -0.3637576401233673, 4.291885852813721, -5.090285301208496, 0.20592588186264038, -0.5102303624153137, -0.55433189868927, 0.6378258466720581, 0.4602198898792267, 0.616949737071991, -1.3380839824676514, 1.2643557786941528, 0.20642033219337463, 0.48167943954467773, 1.0379791259765625, -1.1773502826690674, -0.19820907711982727, 1.0, 1.0, 1.0, 1.0, 1.0, 1.0, 1.0, 1.0, 1.0, 1.0, 1.0, 1.0]"
17,3.5233504604548216e-05,0.0,262.2343444824219,0.0,0.0,0.0,0.0,0.0,0.0,4.037142207380384e-05,0.0,300.474609375,0.5508064031600952,-0.06519760936498642,-0.013048680499196053,-0.34578704833984375,-0.2667735815048218,0.29003217816352844,0.4347381889820099,0.8919531106948853,-0.464847207069397,0.8710821866989136,-0.8052264451980591,-0.933630108833313,0.9804961085319519,-0.994219183921814,0.9544504880905151,"[0.5508064031600952, -0.06519760936498642, -0.013048680499196053, 0.5229783654212952, 0.3033592700958252, -0.016782017424702644, -0.006237295921891928, 0.031186923384666443, -0.9994940757751465, 0.699999988079071, 0.0, 0.0, -0.34578704833984375, -0.2667735815048218, 0.29003217816352844, 0.4347381889820099, 0.4919531047344208, -0.0648472011089325, 0.4710821807384491, -0.4052264392375946, -0.13363009691238403, 0.18049609661102295, -0.194219172000885, 0.15445047616958618, -0.42518913745880127, -3.015705108642578, 3.6739156246185303, -0.41158682107925415, 0.5606589913368225, -7.0190110206604, 2.521453380584717, 0.3878226578235626, 0.14318935573101044, 5.271557807922363, -6.1736626625061035, 0.3679335117340088, -0.36773446202278137, -0.7197210192680359, 0.6608977317810059, 0.4824973940849304, 0.6436334252357483, -1.1567347049713135, 1.0742732286453247, 0.19146382808685303, 0.4631487727165222, 1.0867581367492676, -1.2106820344924927, -0.12765803933143616, 1.0, 1.0, 1.0, 1.0, 1.0, 1.0, 1.0, 1.0, 1.0, 1.0, 1.0, 1.0]"
18,3.2429947168566287e-05,0.0,241.36814880371094,0.0,0.0,0.0,0.0,0.0,0.0,4.1596649680286646e-05,0.0,309.59368896484375,0.56955486536026,-0.06011117249727249,-0.007448607590049505,-0.3518761694431305,-0.3271656036376953,0.3520933985710144,0.42853328585624695,0.9032716751098633,-0.6017589569091797,0.9059054255485535,-0.7910800576210022,-0.9277698397636414,1.0802825689315796,-1.0998995304107666,0.9563798904418945,"[0.56955486536026, -0.06011117249727249, -0.007448607590049505, 0.30966460704803467, 0.19637008011341095, -0.04369506239891052, -0.0017492057522758842, 0.022845204919576645, -0.9997372627258301, 0.699999988079071, 0.0, 0.0, -0.3518761694431305, -0.3271656036376953, 0.3520933985710144, 0.42853328585624695, 0.5032716989517212, -0.2017589509487152, 0.5059053897857666, -0.3910800516605377, -0.1277698278427124, 0.28028255701065063, -0.29989951848983765, 0.15637987852096558, -0.19975237548351288, -2.972161293029785, 2.5976996421813965, -0.2228594273328781, 0.5188632011413574, -6.62516450881958, 1.1041569709777832, 0.4937950670719147, 0.4134864807128906, 4.315445423126221, -4.372798442840576, 0.4149430990219116, -0.3571877181529999, -0.7304062843322754, 0.502795398235321, 0.5148943662643433, 0.679629921913147, -1.1940264701843262, 1.0175799131393433, 0.2158370316028595, 0.5172544121742249, 1.0585108995437622, -1.0925081968307495, -0.2031784951686859, 1.0, 1.0, 1.0, 1.0, 1.0, 1.0, 1.0, 1.0, 1.0, 1.0, 1.0, 1.0]"
19,3.460756488493644e-05,0.0,257.57562255859375,0.0,0.0,0.0,0.0,0.0,0.0,4.1846004023682326e-05,0.0,311.4495849609375,0.5958011150360107,-0.05204085260629654,0.012539899908006191,-0.3540380299091339,-0.3835862874984741,0.3806995749473572,0.4255068302154541,0.9142081141471863,-0.7243064641952515,0.9072235226631165,-0.7734549045562744,-0.917850911617279,1.142988681793213,-1.1555606126785278,0.956515371799469,"[0.5958011150360107, -0.05204085260629654, 0.012539899908006191, 0.14994049072265625, 0.1392357349395752, -0.040035344660282135, 0.0012785454746335745, 0.018467199057340622, -0.9998286366462708, 0.699999988079071, 0.0, 0.0, -0.3540380299091339, -0.3835862874984741, 0.3806995749473572, 0.4255068302154541, 0.5142080783843994, -0.324306458234787, 0.5072234869003296, -0.37345489859580994, -0.1178508996963501, 0.34298866987228394, -0.3555606007575989, 0.15651535987854004, -0.045700542628765106, -2.6778154373168945, 0.7095360159873962, -0.08776717633008957, 0.4987097382545471, -5.821741580963135, -0.5356492400169373, 0.6999261975288391, 0.599349856376648, 2.5313031673431396, -1.743729591369629, 0.2651718854904175, -0.3665526807308197, -0.740571916103363, 0.34819716215133667, 0.5017138719558716, 0.56597900390625, -1.2895867824554443, 0.9691393375396729, 0.07462558150291443, 0.487479567527771, 1.0166325569152832, -0.9807314276695251, -0.25369954109191895, 1.0, 1.0, 1.0, 1.0, 1.0, 1.0, 1.0, 1.0, 1.0, 1.0, 1.0, 1.0]"
20,3.6449917388381436e-05,0.0,271.2878112792969,0.0,0.0,0.0,0.0,0.0,0.0,3.936628854717128e-05,0.0,292.99365234375,0.6279729008674622,-0.04973147436976433,0.034429535269737244,-0.3555178642272949,-0.4293818175792694,0.37332838773727417,0.4230230152606964,0.9230290651321411,-0.8265690207481384,0.8846396803855896,-0.7526431679725647,-0.9022654294967651,1.1753253936767578,-1.168562889099121,0.9547027349472046,"[0.6279729008674622, -0.04973147436976433, 0.034429535269737244, 0.19629983603954315, 0.0988364964723587, -0.011321079917252064, 0.003416274208575487, 0.014858679845929146, -0.9998834729194641, 0.699999988079071, 0.0, 0.0, -0.3555178642272949, -0.4293818175792694, 0.37332838773727417, 0.4230230152606964, 0.523029088973999, -0.42656901478767395, 0.4846396744251251, -0.3526431620121002, -0.10226541757583618, 0.37532538175582886, -0.36856287717819214, 0.15470272302627563, -0.08320166170597076, -1.974327564239502, -0.9272529482841492, -0.12444537878036499, 0.3796353042125702, -4.620394706726074, -1.4211524724960327, 0.8805039525032043, 0.906306803226471, 1.0526903867721558, -0.024933503940701485, 0.15038420259952545, -0.40217897295951843, -0.7501075267791748, 0.28239986300468445, 0.49173375964164734, 0.5060814619064331, -1.2615264654159546, 0.9251459836959839, -0.025559693574905396, 0.47021782398223877, 0.9490848779678345, -0.8191781640052795, -0.32459983229637146, 1.0, 1.0, 1.0, 1.0, 1.0, 1.0, 1.0, 1.0, 1.0, 1.0, 1.0, 1.0]"
21,3.489943264867179e-05,0.0,259.7479248046875,0.0,0.0,0.0,0.0,0.0,0.0,3.893890243489295e-05,0.0,289.8127136230469,0.6654432415962219,-0.05424435809254646,0.05728842690587044,-0.35872021317481995,-0.4556244909763336,0.34130141139030457,0.4186905026435852,0.9284822344779968,-0.8988599181175232,0.851559579372406,-0.7291658520698547,-0.8796074390411377,1.1821057796478271,-1.1565358638763428,0.9513660073280334,"[0.6654432415962219, -0.05424435809254646, 0.05728842690587044, 0.31408509612083435, 0.09293987601995468, 0.007987932302057743, 0.00508734118193388, 0.009158913977444172, -0.999945342540741, 0.699999988079071, 0.0, 0.0, -0.35872021317481995, -0.4556244909763336, 0.34130141139030457, 0.4186905026435852, 0.52848219871521, -0.4988599121570587, 0.45155957341194153, -0.32916584610939026, -0.07960742712020874, 0.3821057677268982, -0.3565358519554138, 0.1513659954071045, -0.1761501580476761, -0.8482842445373535, -1.9369385242462158, -0.2274426966905594, 0.2092650681734085, -2.9398884773254395, -1.8269109725952148, 1.0414456129074097, 1.2416902780532837, -0.38049232959747314, 1.212010383605957, 0.017486289143562317, -0.43846872448921204, -0.796646773815155, 0.23874537646770477, 0.5285712480545044, 0.5028102397918701, -1.1290247440338135, 0.8195216655731201, -0.019602999091148376, 0.44499361515045166, 0.7434150576591492, -0.5921548008918762, -0.4485454857349396, 1.0, 1.0, 1.0, 1.0, 1.0, 1.0, 1.0, 1.0, 1.0, 1.0, 1.0, 1.0]"
22,3.108896635239944e-05,0.0,231.3875732421875,0.0,0.0,0.0,0.0,0.0,0.0,3.657784327515401e-05,0.0,272.2399597167969,0.7036029696464539,-0.059308718889951706,0.07648984342813492,-0.36301639676094055,-0.4590420722961426,0.29546454548835754,0.41268470883369446,0.9312462210655212,-0.9353991746902466,0.8105495572090149,-0.7023453116416931,-0.8525415062904358,1.1513638496398926,-1.1145403385162354,0.9433861970901489,"[0.7036029696464539, -0.059308718889951706, 0.07648984342813492, 0.35337167978286743, 0.15585997700691223, 0.008096745237708092, 0.007537010125815868, 0.001967865042388439, -0.9999696612358093, 0.699999988079071, 0.0, 0.0, -0.36301639676094055, -0.4590420722961426, 0.29546454548835754, 0.41268470883369446, 0.5312461853027344, -0.5353991985321045, 0.4105495512485504, -0.30234530568122864, -0.052541494369506836, 0.3513638377189636, -0.3145403265953064, 0.14338618516921997, -0.20146504044532776, 0.264628529548645, -2.447411060333252, -0.28140509128570557, 0.11556623131036758, -1.1285176277160645, -2.2662649154663086, 1.2198565006256104, 1.3700248003005981, -2.648430109024048, 2.992535352706909, -0.26768702268600464, -0.5499283075332642, -0.7748550772666931, 0.2281823307275772, 0.6276309490203857, 0.4936957359313965, -0.937322735786438, 0.6063249111175537, -0.05533616244792938, 0.3825104236602783, 0.3940620720386505, -0.22198887169361115, -0.5541207194328308, 1.0, 1.0, 1.0, 1.0, 1.0, 1.0, 1.0, 1.0, 1.0, 1.0, 1.0, 1.0]"
23,2.5874805942294188e-05,0.0,192.57986450195312,0.0,0.0,0.0,0.0,0.0,0.0,3.0319921279442497e-05,0.0,225.66375732421875,0.737139105796814,-0.07007694244384766,0.07317213714122772,-0.3658485412597656,-0.4420424699783325,0.24757790565490723,0.40759748220443726,0.9341517686843872,-0.9387903809547424,0.7592203617095947,-0.6721874475479126,-0.8268086314201355,1.0756807327270508,-1.0337224006652832,0.9284700155258179,"[0.737139105796814, -0.07007694244384766, 0.07317213714122772, 0.19812600314617157, 0.2617088556289673, -0.0019511362770572305, 0.011816740967333317, -0.0037479232996702194, -0.9999232292175293, 0.699999988079071, 0.0, 0.0, -0.3658485412597656, -0.4420424699783325, 0.24757790565490723, 0.40759748220443726, 0.5341517925262451, -0.5387903451919556, 0.35922035574913025, -0.2721874415874481, -0.026808619499206543, 0.2756807208061218, -0.23372238874435425, 0.12847000360488892, -0.05486191809177399, 1.2751502990722656, -2.222229242324829, -0.16075223684310913, 0.2561742663383484, 0.43163907527923584, -2.772855043411255, 1.4479485750198364, 1.0933769941329956, -4.722478866577148, 4.76909875869751, -0.7319192290306091, -0.7309808135032654, -0.6596782207489014, 0.37845340371131897, 0.6951961517333984, 0.4982074499130249, -0.6567443609237671, 0.4129352867603302, -0.2911182940006256, 0.19125041365623474, -0.03873647004365921, 0.24432499706745148, -0.5330224633216858, 1.0, 1.0, 1.0, 1.0, 1.0, 1.0, 1.0, 1.0, 1.0, 1.0, 1.0, 1.0]"
24,8.883383088686969e-06,0.0,66.1168441772461,0.0,0.0,0.0,9.890700312098488e-05,0.0,736.1406860351562,1.2121964573452715e-05,0.0,90.22081756591797,0.7838502526283264,-0.09728452563285828,0.05188138782978058,-0.3619425296783447,-0.3999466300010681,0.2297331988811493,0.4098171889781952,0.9418348670005798,-0.9123441576957703,0.7288946509361267,-0.6387881636619568,-0.8094040155410767,0.9681488275527954,-0.9612396359443665,0.9067872166633606,"[0.7838502526283264, -0.09728452563285828, 0.05188138782978058, -0.4285096824169159, 0.2069082260131836, 0.06765473634004593, 0.017650840803980827, -0.002125371713191271, -0.999841570854187, 0.699999988079071, 0.0, 0.0, -0.3619425296783447, -0.3999466300010681, 0.2297331988811493, 0.4098171889781952, 0.541834831237793, -0.5123441219329834, 0.32889464497566223, -0.2387881577014923, -0.009404003620147705, 0.16814881563186646, -0.1612396240234375, 0.10678720474243164, 0.6197296380996704, 2.91611909866333, 0.6178361177444458, 0.49521780014038086, 0.549399197101593, 1.9529902935028076, 2.8185298442840576, 1.9049572944641113, 1.357571005821228, -5.804157733917236, -2.6473546028137207, -1.250378966331482, -1.0201084613800049, -0.3691326081752777, 0.5275044441223145, 0.5518108606338501, 0.7146344780921936, -0.27202945947647095, 0.28105443716049194, -0.9076014757156372, -0.28719961643218994, -0.4781752824783325, 0.5471557378768921, -0.16626590490341187, 1.0, 1.0, 1.0, 1.0, 1.0, 1.0, 1.0, 1.0, 1.0, 1.0, 1.0, 1.0]"
25,0.0,0.0,0.0,2.1530838694161503e-06,0.0,16.024877548217773,4.628249007510021e-05,0.0,344.4692687988281,0.0,0.0,0.0,0.730901300907135,-0.048999104648828506,-0.026744473725557327,-0.3710567355155945,-0.3419691324234009,0.23918280005455017,0.4164937734603882,0.9500157237052917,-0.8580282330513,0.7559809684753418,-0.6136095523834229,-0.8704172372817993,0.8584429621696472,-0.9652511477470398,0.8942330479621887,"[0.730901300907135, -0.048999104648828506, -0.026744473725557327, -0.3295227885246277, -0.048024751245975494, 0.028399936854839325, 0.019728723913431168, 0.0053022573702037334, -0.9997914433479309, 0.699999988079071, 0.0, 0.0, -0.3710567355155945, -0.3419691324234009, 0.23918280005455017, 0.4164937734603882, 0.5500156879425049, -0.45802822709083557, 0.3559809625148773, -0.21360954642295837, -0.07041722536087036, 0.05844295024871826, -0.16525113582611084, 0.09423303604125977, -1.0766007900238037, 2.7709200382232666, 0.6250783205032349, 0.10762616991996765, 0.3193499743938446, 3.1002542972564697, 1.597711443901062, 0.5831708908081055, -4.71203088760376, -5.365303993225098, -0.2978232204914093, -0.16783644258975983, -0.7400693297386169, -0.5089265704154968, 0.09596739709377289, 0.5834661722183228, 1.089634895324707, -0.3629924952983856, 0.3415357172489166, -1.631706953048706, -1.0728836059570312, -0.4811294674873352, 0.5945298075675964, 0.4401914179325104, 1.0, 1.0, 1.0, 1.0, 1.0, 1.0, 1.0, 1.0, 1.0, 1.0, 1.0, 1.0]"
26,0.0,0.0,0.0,4.437374445842579e-05,0.0,330.262939453125,3.873776222462766e-05,0.0,288.3157043457031,0.0,0.0,0.0,0.6473031044006348,0.004041059873998165,-0.03484301641583443,-0.4034988582134247,-0.34669023752212524,0.2353609800338745,0.40823206305503845,0.9440149664878845,-0.8484217524528503,0.7811709642410278,-0.643343985080719,-0.9665431380271912,0.8798518776893616,-0.9668989777565002,0.9534168243408203,"[0.6473031044006348, 0.004041059873998165, -0.03484301641583443, 0.28544166684150696, -0.029998213052749634, 0.009899620898067951, 0.018917467445135117, 0.0009817196987569332, -0.9998207092285156, 0.699999988079071, 0.0, 0.0, -0.4034988582134247, -0.34669023752212524, 0.2353609800338745, 0.40823206305503845, 0.5440149307250977, -0.44842174649238586, 0.38117095828056335, -0.24334397912025452, -0.1665431261062622, 0.07985186576843262, -0.1668989658355713, 0.15341681241989136, -1.473272442817688, -0.2936484217643738, -0.26281213760375977, -0.380399614572525, -0.45137766003608704, 0.5971720814704895, 1.3623394966125488, -2.468451738357544, -5.344255447387695, 0.8149899840354919, -0.2816721796989441, 3.7506725788116455, -0.7188724875450134, -0.4525132477283478, 0.21267418563365936, 0.6899642944335938, 1.2084126472473145, -0.18094196915626526, 0.4305359721183777, -1.381602168083191, -1.1310445070266724, -0.5314330458641052, 0.709030032157898, 0.6365240216255188, 1.0, 1.0, 1.0, 1.0, 1.0, 1.0, 1.0, 1.0, 1.0, 1.0, 1.0, 1.0]"
27,0.0,0.0,0.0,4.216844536131248e-05,0.0,313.8494567871094,3.4833068639272824e-05,0.0,259.2540283203125,0.0,0.0,0.0,0.625187873840332,-0.0015865323366597295,-0.025422047823667526,-0.4195493161678314,-0.35043492913246155,0.23217329382896423,0.40679091215133667,0.9341614842414856,-0.8347600698471069,0.8041405081748962,-0.7108961343765259,-1.0855015516281128,0.8915473222732544,-0.9689546227455139,1.0141311883926392,"[0.625187873840332, -0.0015865323366597295, -0.025422047823667526, 0.16029983758926392, 0.03347347676753998, 0.006478059105575085, 0.0193552915006876, -0.002785051241517067, -0.9998089671134949, 0.699999988079071, 0.0, 0.0, -0.4195493161678314, -0.35043492913246155, 0.23217329382896423, 0.40679091215133667, 0.5341614484786987, -0.43476006388664246, 0.40414050221443176, -0.3108961284160614, -0.28550153970718384, 0.09154731035232544, -0.16895461082458496, 0.2141311764717102, -0.3788089156150818, -0.15854252874851227, -0.13216793537139893, 0.09991350024938583, -0.5947610139846802, 0.5885738730430603, 1.1611745357513428, -3.8316800594329834, -5.4998273849487305, 0.6729968786239624, -0.13468125462532043, 3.170121908187866, -0.6076125502586365, -0.6125250458717346, 0.36546650528907776, 0.6533005237579346, 1.191985845565796, -0.0870446264743805, 0.5768740177154541, -1.4493714570999146, -1.1218665838241577, -0.2751654088497162, 0.5662821531295776, 0.8824173212051392, 1.0, 1.0, 1.0, 1.0, 1.0, 1.0, 1.0, 1.0, 1.0, 1.0, 1.0, 1.0]"
28,0.0,0.0,0.0,3.732466939254664e-05,0.0,277.7983703613281,3.374163497937843e-05,0.0,251.13072204589844,0.0,0.0,0.0,0.6254307627677917,0.00016658150707371533,-0.03131065145134926,-0.4147263169288635,-0.35337111353874207,0.2301500290632248,0.4100930988788605,0.9185605049133301,-0.8210163116455078,0.8252393007278442,-0.7945671677589417,-1.1604316234588623,0.9043567180633545,-0.9672427773475647,1.084578037261963,"[0.6254307627677917, 0.00016658150707371533, -0.03131065145134926, 0.10838140547275543, -0.05343727394938469, -0.01173401903361082, 0.01898200251162052, -0.00536360451951623, -0.9998055696487427, 0.699999988079071, 0.0, 0.0, -0.4147263169288635, -0.35337111353874207, 0.2301500290632248, 0.4100930988788605, 0.518560528755188, -0.42101630568504333, 0.42523929476737976, -0.3945671617984772, -0.36043161153793335, 0.10435670614242554, -0.16724276542663574, 0.28457802534103394, 0.5638551115989685, -0.1485135853290558, -0.0861259177327156, 0.11817192286252975, -0.9011716246604919, 0.48819366097450256, 1.065855622291565, -4.198366641998291, -2.480154037475586, 0.9648792743682861, 0.139018252491951, 3.073894500732422, -0.6336387395858765, -0.568122386932373, 0.4067287743091583, 0.7022604942321777, 1.186347484588623, 0.0023055672645568848, 0.47803565859794617, -1.3440457582473755, -0.911575436592102, -0.2696007788181305, 0.6033763289451599, 0.8626940846443176, 1.0, 1.0, 1.0, 1.0, 1.0, 1.0, 1.0, 1.0, 1.0, 1.0, 1.0, 1.0]"
29,0.0,0.0,0.0,3.979366738349199e-05,0.0,296.1745300292969,3.506669236230664e-05,0.0,260.9927978515625,0.0,0.0,0.0,0.6422470808029175,0.006357253063470125,-0.023291384801268578,-0.39638251066207886,-0.35445788502693176,0.23028415441513062,0.4096675515174866,0.8996713757514954,-0.8073867559432983,0.8435391783714294,-0.8709698915481567,-1.1748727560043335,0.921364426612854,-0.9577279686927795,1.1194690465927124,"[0.6422470808029175, 0.006357253063470125, -0.023291384801268578, -0.064825139939785, -0.1431097686290741, -0.01198198739439249, 0.016660816967487335, -0.0052521852776408195, -0.9998475313186646, 0.699999988079071, 0.0, 0.0, -0.39638251066207886, -0.35445788502693176, 0.23028415441513062, 0.4096675515174866, 0.4996713697910309, -0.40738674998283386, 0.44353917241096497, -0.47096988558769226, -0.37487274408340454, 0.12136441469192505, -0.15772795677185059, 0.31946903467178345, 1.072450876235962, -0.014493310824036598, 0.05287500470876694, -0.11223400384187698, -0.9703420996665955, 0.4790300130844116, 0.9223472476005554, -3.5313363075256348, 0.17204611003398895, 1.1754555702209473, 0.5391362309455872, 1.0341509580612183, -0.5599647164344788, -0.6160602569580078, 0.4392641484737396, 0.6801779270172119, 1.1048426628112793, 0.04319539666175842, 0.433574914932251, -1.3539234399795532, -0.7906341552734375, -0.22202569246292114, 0.5687294602394104, 0.7378659248352051, 1.0, 1.0, 1.0, 1.0, 1.0, 1.0, 1.0, 1.0, 1.0, 1.0, 1.0, 1.0]"
30,0.0,0.0,0.0,4.053413067595102e-05,0.0,301.68560791015625,3.5422592191025615e-05,0.0,263.6416931152344,0.0,0.0,0.0,0.6649154424667358,0.01369434129446745,-0.003617345355451107,-0.3708895146846771,-0.3524567782878876,0.23329155147075653,0.40404409170150757,0.8808796405792236,-0.7924818992614746,0.8579722046852112,-0.9294339418411255,-1.159764289855957,0.9396849870681763,-0.939668595790863,1.120257019996643,"[0.6649154424667358, 0.01369434129446745, -0.003617345355451107, -0.23787976801395416, -0.18097460269927979, -0.006186334881931543, 0.013174609281122684, -0.0015097686555236578, -0.9999118447303772, 0.699999988079071, 0.0, 0.0, -0.3708895146846771, -0.3524567782878876, 0.23329155147075653, 0.40404409170150757, 0.48087963461875916, -0.39248189330101013, 0.4579721987247467, -0.5294339656829834, -0.3597642779350281, 0.13968497514724731, -0.13966858386993408, 0.3202570080757141, 1.3948993682861328, 0.13210469484329224, 0.18614411354064941, -0.41768866777420044, -0.9734520316123962, 0.5534442663192749, 0.7229453325271606, -2.4970951080322266, 1.1414254903793335, 1.1996867656707764, 0.949016809463501, -0.8340007662773132, -0.47844240069389343, -0.69032883644104, 0.40471911430358887, 0.7163429260253906, 1.0455665588378906, 0.06974932551383972, 0.3999541401863098, -1.3013319969177246, -0.6579177379608154, -0.17867031693458557, 0.5567865967750549, 0.5413128137588501, 1.0, 1.0, 1.0, 1.0, 1.0, 1.0, 1.0, 1.0, 1.0, 1.0, 1.0, 1.0]"
31,0.0,0.0,0.0,3.892783570336178e-05,0.0,289.7303466796875,3.4676417271839455e-05,0.0,258.08807373046875,0.0,0.0,0.0,0.6889940500259399,0.021930545568466187,0.014735070988535881,-0.33960098028182983,-0.34843048453330994,0.23788313567638397,0.3932214081287384,0.8608582615852356,-0.7749590277671814,0.8687586784362793,-0.9668509364128113,-1.129820704460144,0.9562759399414062,-0.9144936203956604,1.0864946842193604,"[0.6889940500259399, 0.021930545568466187, 0.014735070988535881, -0.2991001605987549, -0.19758029282093048, 7.915501191746444e-05, 0.0092382887378335, 0.004482954274863005, -0.9999474883079529, 0.699999988079071, 0.0, 0.0, -0.33960098028182983, -0.34843048453330994, 0.23788313567638397, 0.3932214081287384, 0.4608582556247711, -0.3749590218067169, 0.4687586724758148, -0.5668509006500244, -0.3298206925392151, 0.1562759280204773, -0.11449360847473145, 0.2864946722984314, 1.6299755573272705, 0.17765620350837708, 0.2154771238565445, -0.6141538619995117, -1.0545517206192017, 0.6913148760795593, 0.5384252667427063, -1.5002171993255615, 1.8164939880371094, 1.099102258682251, 1.2944209575653076, -2.2638261318206787, -0.4168439209461212, -0.7284785509109497, 0.354431688785553, 0.7303930521011353, 0.9902920722961426, 0.06710192561149597, 0.42891764640808105, -1.2399593591690063, -0.4943068027496338, -0.1773703694343567, 0.4882267713546753, 0.34698906540870667, 1.0, 1.0, 1.0, 1.0, 1.0, 1.0, 1.0, 1.0, 1.0, 1.0, 1.0, 1.0]"
32,0.0,0.0,0.0,3.695482882903889e-05,0.0,275.0457458496094,3.168624243699014e-05,0.0,235.83294677734375,0.0,0.0,0.0,0.7160684466362,0.03300558775663376,0.023172836750745773,-0.30679982900619507,-0.3450268507003784,0.24138003587722778,0.37998759746551514,0.8393502235412598,-0.7540271878242493,0.8774412870407104,-0.9863225817680359,-1.085334062576294,0.9694617390632629,-0.884874701499939,1.028957724571228,"[0.7160684466362, 0.03300558775663376, 0.023172836750745773, -0.21013018488883972, -0.1956213116645813, 0.012311688624322414, 0.005139915272593498, 0.009895277209579945, -0.9999377131462097, 0.699999988079071, 0.0, 0.0, -0.30679982900619507, -0.3450268507003784, 0.24138003587722778, 0.37998759746551514, 0.4393502175807953, -0.3540271818637848, 0.47744128108024597, -0.586322546005249, -0.285334050655365, 0.16946172714233398, -0.08487468957901001, 0.22895771265029907, 1.59413743019104, 0.08698758482933044, 0.10757695883512497, -0.7401655912399292, -1.1283607482910156, 0.8872543573379517, 0.47565633058547974, -0.6409589648246765, 2.651905059814453, 0.8811528086662292, 1.4373670816421509, -3.330789804458618, -0.39905497431755066, -0.6900169849395752, 0.3622875511646271, 0.678887128829956, 0.9188636541366577, 0.020429164171218872, 0.4559929370880127, -1.1176165342330933, -0.2805832624435425, -0.19931399822235107, 0.37675511837005615, 0.1580931842327118, 1.0, 1.0, 1.0, 1.0, 1.0, 1.0, 1.0, 1.0, 1.0, 1.0, 1.0, 1.0]"
33,0.0,0.0,0.0,3.364442818565294e-05,0.0,250.40724182128906,2.5029041353263892e-05,0.0,186.2850341796875,0.0,0.0,0.0,0.7469266057014465,0.04460560530424118,0.008433088660240173,-0.2781642973423004,-0.3448988199234009,0.2412729561328888,0.3621619939804077,0.8162405490875244,-0.7295844554901123,0.886989414691925,-0.988665759563446,-1.0222079753875732,0.9774435758590698,-0.8564653992652893,0.9584164619445801,"[0.7469266057014465, 0.04460560530424118, 0.008433088660240173, -0.020967060700058937, -0.1284986287355423, 0.0317540317773819, 0.0018959211884066463, 0.011887770146131516, -0.9999274015426636, 0.699999988079071, 0.0, 0.0, -0.2781642973423004, -0.3448988199234009, 0.2412729561328888, 0.3621619939804077, 0.41624054312705994, -0.3295844495296478, 0.48698940873146057, -0.5886657238006592, -0.2222079634666443, 0.17744356393814087, -0.05646538734436035, 0.15841645002365112, 1.3118430376052856, -0.08576661348342896, -0.056009724736213684, -1.030670166015625, -1.2167598009109497, 1.0836001634597778, 0.6186119914054871, 0.25327929854393005, 3.6127421855926514, 0.554938554763794, 1.1940144300460815, -3.7368173599243164, -0.43046870827674866, -0.6138095855712891, 0.3988812267780304, 0.6065065860748291, 0.805081844329834, -0.09658145904541016, 0.5052273273468018, -0.9266242980957031, -0.014736369252204895, -0.20656749606132507, 0.20679743587970734, -0.014315702021121979, 1.0, 1.0, 1.0, 1.0, 1.0, 1.0, 1.0, 1.0, 1.0, 1.0, 1.0, 1.0]"
34,7.375670247711241e-05,0.0,548.9530639648438,2.7171457986696623e-05,0.0,202.23052978515625,1.3486512216331903e-05,0.0,100.3768081665039,0.0,0.0,0.0,0.7911470532417297,0.06453514099121094,-0.014299815520644188,-0.2628679573535919,-0.3486112952232361,0.23713423311710358,0.3363041579723358,0.8008173704147339,-0.702864944934845,0.9003345370292664,-0.970705509185791,-0.957099199295044,0.9802871346473694,-0.8348620533943176,0.8839400410652161,"[0.7911470532417297, 0.06453514099121094, -0.014299815520644188, 0.3762526214122772, -0.10084974020719528, 0.02575714699923992, 0.0005850052111782134, 0.009776612743735313, -0.999951958656311, 0.699999988079071, 0.0, 0.0, -0.2628679573535919, -0.3486112952232361, 0.23713423311710358, 0.3363041579723358, 0.4008173644542694, -0.3028649389743805, 0.5003345012664795, -0.5707055330276489, -0.157099187374115, 0.18028712272644043, -0.03486204147338867, 0.08394002914428711, -0.8524922132492065, -0.48288267850875854, -0.471269428730011, -1.751770257949829, 1.7348620891571045, 1.3771235942840576, 0.853286623954773, 1.3634387254714966, -0.6125102639198303, 0.17467600107192993, 0.922136664390564, -3.78527569770813, -0.5183212757110596, -0.5293804407119751, 0.49899616837501526, 0.5533984899520874, 0.5821065902709961, -0.2876410186290741, 0.6269359588623047, -0.7151824235916138, 0.3402383327484131, -0.15694952011108398, -0.06921570003032684, -0.2235419750213623, 1.0, 1.0, 1.0, 1.0, 1.0, 1.0, 1.0, 1.0, 1.0, 1.0, 1.0, 1.0]"
35,3.6459325201576576e-05,0.0,271.35784912109375,1.171027724922169e-05,0.0,87.15673065185547,0.0,0.0,0.0,6.0216883866814896e-05,0.0,448.1795349121094,0.7686100006103516,0.018698515370488167,-0.02756514772772789,-0.27327412366867065,-0.3587646484375,0.23368030786514282,0.30818676948547363,0.8231653571128845,-0.6732663512229919,0.9128419160842896,-0.9387745261192322,-0.9467803835868835,0.9801402688026428,-0.8523972630500793,0.8314081430435181,"[0.7686100006103516, 0.018698515370488167, -0.02756514772772789, 0.31869563460350037, -0.07286782562732697, -0.0020909940358251333, -0.001184485969133675, 0.000912326097022742, -0.9999988675117493, 0.699999988079071, 0.0, 0.0, -0.27327412366867065, -0.3587646484375, 0.23368030786514282, 0.30818676948547363, 0.42316535115242004, -0.27326634526252747, 0.5128419399261475, -0.5387744903564453, -0.1467803716659546, 0.18014025688171387, -0.05239725112915039, 0.03140813112258911, -0.3477386236190796, -0.35922932624816895, 0.48462221026420593, -0.1127418577671051, 1.1144952774047852, 1.4604628086090088, 0.4561726450920105, 0.07998344302177429, 0.47417551279067993, -0.05328744277358055, -2.9856300354003906, 2.108613967895508, -0.6125567555427551, -0.39646250009536743, 0.7902660369873047, 0.5211158990859985, 0.3640483617782593, -0.6754213571548462, 1.0370488166809082, -0.3776649236679077, 0.6450892686843872, 0.12019670754671097, -0.605748176574707, -0.46855828166007996, 1.0, 1.0, 1.0, 1.0, 1.0, 1.0, 1.0, 1.0, 1.0, 1.0, 1.0, 1.0]"
36,3.669303623610176e-05,0.0,273.0972900390625,0.0,0.0,0.0,0.0,0.0,0.0,4.274457387509756e-05,0.0,318.1374206542969,0.7416072487831116,-0.015478847548365593,0.008741057477891445,-0.27067598700523376,-0.3559606969356537,0.2701806426048279,0.31055572628974915,0.8433955311775208,-0.6491643190383911,0.9170722365379333,-0.9292850494384766,-0.9356508255004883,0.9818068742752075,-0.9251803755760193,0.8571988940238953,"[0.7416072487831116, -0.015478847548365593, 0.008741057477891445, -0.2908934950828552, -0.05139722302556038, -0.014841183088719845, -0.0024335377383977175, 0.003249942325055599, -0.9999915957450867, 0.699999988079071, 0.0, 0.0, -0.27067598700523376, -0.3559606969356537, 0.2701806426048279, 0.31055572628974915, 0.4433955252170563, -0.24916431307792664, 0.5170722007751465, -0.5292850732803345, -0.13565081357955933, 0.18180686235427856, -0.12518036365509033, 0.05719888210296631, 0.3076431453227997, 0.37506765127182007, 2.428597927093506, 0.3338702917098999, 1.08578360080719, 0.8312631249427795, 0.16505904495716095, 0.7529032826423645, 0.44161176681518555, 0.335921049118042, -4.080711841583252, 0.9516534805297852, -0.8013178110122681, -0.6052201390266418, 0.6300842761993408, 0.41294780373573303, 0.607096791267395, -1.211918830871582, 1.1078431606292725, -0.3754675090312958, 0.5154122114181519, 0.6625247001647949, -1.078223705291748, -0.4222887456417084, 1.0, 1.0, 1.0, 1.0, 1.0, 1.0, 1.0, 1.0, 1.0, 1.0, 1.0, 1.0]"
37,3.2219897548202425e-05,0.0,239.8048095703125,0.0,0.0,0.0,0.0,0.0,0.0,4.064674794790335e-05,0.0,302.5238342285156,0.7002553343772888,0.007143354509025812,0.005684415344148874,-0.26963210105895996,-0.3608749508857727,0.31431177258491516,0.3114626109600067,0.8602170944213867,-0.6593736410140991,0.9216033816337585,-0.9173240065574646,-0.9229046106338501,1.0406208038330078,-1.0312596559524536,0.8766459822654724,"[0.7002553343772888, 0.007143354509025812, 0.005684415344148874, 0.1720019429922104, -0.0030437540262937546, 0.01639634184539318, -0.00280846212990582, 0.0041597806848585606, -0.9999873042106628, 0.699999988079071, 0.0, 0.0, -0.26963210105895996, -0.3608749508857727, 0.31431177258491516, 0.3114626109600067, 0.46021708846092224, -0.25937363505363464, 0.5216033458709717, -0.5173239707946777, -0.12290459871292114, 0.24062079191207886, -0.23125964403152466, 0.07664597034454346, -0.17901510000228882, -0.6925172805786133, 1.8244549036026, -0.1352386772632599, 0.7391158938407898, -1.2774068117141724, 0.1911722719669342, 0.5320908427238464, 0.7269078493118286, 4.123499393463135, -5.684980392456055, 1.068432331085205, -0.7010757327079773, -0.5640238523483276, 0.5957696437835693, 0.42393285036087036, 0.6488624811172485, -1.3171045780181885, 1.0998319387435913, -0.21691443026065826, 0.5100736618041992, 0.9003849029541016, -1.208195686340332, -0.3109096586704254, 1.0, 1.0, 1.0, 1.0, 1.0, 1.0, 1.0, 1.0, 1.0, 1.0, 1.0, 1.0]"
38,3.0093038731138222e-05,0.0,223.97512817382812,0.0,0.0,0.0,0.0,0.0,0.0,3.7811638321727514e-05,0.0,281.42279052734375,0.678411602973938,0.01762840896844864,-0.004896263126283884,-0.27603328227996826,-0.3775319457054138,0.3394802510738373,0.3058575987815857,0.8732596039772034,-0.7016700506210327,0.9189996123313904,-0.9076794385910034,-0.907760500907898,1.1135292053222656,-1.1371608972549438,0.8971922397613525,"[0.678411602973938, 0.01762840896844864, -0.004896263126283884, 0.257262647151947, 0.03356863930821419, 0.048261649906635284, -0.0023774730507284403, -0.0016535933827981353, -0.9999960064888, 0.699999988079071, 0.0, 0.0, -0.27603328227996826, -0.3775319457054138, 0.3394802510738373, 0.3058575987815857, 0.4732595980167389, -0.30167004466056824, 0.5189995765686035, -0.5076794624328613, -0.107760488986969, 0.31352919340133667, -0.3371608853340149, 0.09719222784042358, -0.3051761984825134, -0.7600343823432922, 1.0551245212554932, -0.23586076498031616, 0.6601717472076416, -2.5344138145446777, -0.3552130162715912, 0.47030526399612427, 0.7017466425895691, 3.201648473739624, -4.92097282409668, 1.0269355773925781, -0.5870527029037476, -0.682479202747345, 0.6387268900871277, 0.45636025071144104, 0.5935752391815186, -1.2978041172027588, 1.0954984426498413, -0.22619730234146118, 0.472833514213562, 0.9186394810676575, -1.2029929161071777, -0.29354074597358704, 1.0, 1.0, 1.0, 1.0, 1.0, 1.0, 1.0, 1.0, 1.0, 1.0, 1.0, 1.0]"
39,3.2909007131820545e-05,0.0,244.93370056152344,0.0,0.0,0.0,0.0,0.0,0.0,3.75159434042871e-05,0.0,279.22198486328125,0.6709996461868286,0.016098903492093086,-0.005926004610955715,-0.2792564332485199,-0.38914138078689575,0.3571932017803192,0.303732305765152,0.8869844675064087,-0.7613434195518494,0.9043307304382324,-0.8958349227905273,-0.8947446346282959,1.165346384048462,-1.210086464881897,0.9138848781585693,"[0.6709996461868286, 0.016098903492093086, -0.005926004610955715, 0.03362949565052986, 0.026887236163020134, 0.04360390082001686, -0.0017471970058977604, -0.003868918167427182, -0.9999908208847046, 0.699999988079071, 0.0, 0.0, -0.2792564332485199, -0.38914138078689575, 0.3571932017803192, 0.303732305765152, 0.4869844615459442, -0.3613434135913849, 0.5043307542800903, -0.49583491683006287, -0.09474462270736694, 0.36534637212753296, -0.410086452960968, 0.11388486623764038, -0.10293388366699219, -0.5029622316360474, 0.7400770783424377, -0.02747904509305954, 0.6898499131202698, -3.1560986042022705, -0.9734220504760742, 0.5953556299209595, 0.6231828331947327, 2.112034559249878, -2.559990406036377, 0.8304299712181091, -0.5290372967720032, -0.6833397746086121, 0.5758174657821655, 0.4790410101413727, 0.5342848300933838, -1.301707148551941, 1.0685592889785767, -0.25155383348464966, 0.4907689690589905, 0.9226492643356323, -1.1023058891296387, -0.3255138099193573, 1.0, 1.0, 1.0, 1.0, 1.0, 1.0, 1.0, 1.0, 1.0, 1.0, 1.0, 1.0]"
40,3.5280725569464266e-05,0.0,262.5858154296875,0.0,0.0,0.0,0.0,0.0,0.0,3.76583993784152e-05,0.0,280.2822265625,0.6741433143615723,0.018413115292787552,0.004903079010546207,-0.28050681948661804,-0.3982548713684082,0.36527931690216064,0.3031168282032013,0.8995707631111145,-0.824747622013092,0.8805904388427734,-0.8815320730209351,-0.8795585036277771,1.1915055513381958,-1.2345243692398071,0.92746502161026,"[0.6741433143615723, 0.018413115292787552, 0.004903079010546207, 0.016248973086476326, 0.00843143928796053, 0.0237874835729599, -0.001450392883270979, -0.004238738212734461, -0.9999904632568359, 0.699999988079071, 0.0, 0.0, -0.28050681948661804, -0.3982548713684082, 0.36527931690216064, 0.3031168282032013, 0.49957075715065, -0.42474761605262756, 0.48059043288230896, -0.4815320670604706, -0.07955849170684814, 0.39150553941726685, -0.4345243573188782, 0.12746500968933105, -0.08215411007404327, -0.42250099778175354, 0.18458177149295807, -0.025034241378307343, 0.5877107977867126, -3.120098114013672, -1.2868765592575073, 0.6977430582046509, 0.7953615188598633, 0.9655558466911316, -0.47779449820518494, 0.709226667881012, -0.4950798451900482, -0.6979976296424866, 0.516163170337677, 0.53562331199646, 0.45753681659698486, -1.2880232334136963, 1.0413076877593994, -0.28726476430892944, 0.5118765830993652, 0.9097855091094971, -0.9608855843544006, -0.3374689221382141, 1.0, 1.0, 1.0, 1.0, 1.0, 1.0, 1.0, 1.0, 1.0, 1.0, 1.0, 1.0]"
41,3.587568426155485e-05,0.0,267.013916015625,0.0,0.0,0.0,0.0,0.0,0.0,3.7149984564166516e-05,0.0,276.4982604980469,0.6861794590950012,0.01880866102874279,0.019701849669218063,-0.2817886173725128,-0.4037693440914154,0.36216670274734497,0.30189740657806396,0.9096758365631104,-0.8815540075302124,0.8540745973587036,-0.8650608062744141,-0.8598138093948364,1.2032088041305542,-1.2289557456970215,0.9388094544410706,"[0.6861794590950012, 0.01880866102874279, 0.019701849669218063, 0.0417977012693882, -0.004106741864234209, 0.009076117537915707, -0.0014852677704766393, -0.004945669788867235, -0.9999867677688599, 0.699999988079071, 0.0, 0.0, -0.2817886173725128, -0.4037693440914154, 0.36216670274734497, 0.30189740657806396, 0.5096758604049683, -0.4815540015697479, 0.45407459139823914, -0.4650608003139496, -0.05981379747390747, 0.40320879220962524, -0.42895573377609253, 0.1388094425201416, -0.09930214285850525, -0.15062682330608368, -0.36437568068504333, -0.0614280104637146, 0.4487045407295227, -2.6035168170928955, -1.3549882173538208, 0.8064255714416504, 1.0326684713363647, 0.2505212426185608, 0.7783706784248352, 0.5874962210655212, -0.49586817622184753, -0.7185747623443604, 0.4586133062839508, 0.6126434803009033, 0.415155291557312, -1.2441949844360352, 0.9912070035934448, -0.30034950375556946, 0.5334753394126892, 0.8531724214553833, -0.812263548374176, -0.3596138060092926, 1.0, 1.0, 1.0, 1.0, 1.0, 1.0, 1.0, 1.0, 1.0, 1.0, 1.0, 1.0]"
42,3.536331496434286e-05,0.0,263.20050048828125,0.0,0.0,0.0,0.0,0.0,0.0,3.64066545444075e-05,0.0,270.9658203125,0.7041313052177429,0.018547145649790764,0.03763602674007416,-0.28330546617507935,-0.40252089500427246,0.34881770610809326,0.2998718321323395,0.9169982075691223,-0.923401951789856,0.8270539045333862,-0.8459669947624207,-0.8353055715560913,1.1975566148757935,-1.2024959325790405,0.9470916986465454,"[0.7041313052177429, 0.018547145649790764, 0.03763602674007416, 0.06867789477109909, 0.006236313842236996, -0.0026567724999040365, -0.001515073119662702, -0.0062034279108047485, -0.9999797344207764, 0.699999988079071, 0.0, 0.0, -0.28330546617507935, -0.40252089500427246, 0.34881770610809326, 0.2998718321323395, 0.5169981718063354, -0.5234019756317139, 0.42705389857292175, -0.4459669888019562, -0.035305559635162354, 0.3975566029548645, -0.4024959206581116, 0.14709168672561646, -0.11557011306285858, 0.1966627538204193, -0.8510951399803162, -0.10141559690237045, 0.30284857749938965, -1.742247223854065, -1.3842074871063232, 0.9402470588684082, 1.2645072937011719, -0.7939990758895874, 1.7974510192871094, 0.40872088074684143, -0.5347034931182861, -0.7436693906784058, 0.41723519563674927, 0.7103121280670166, 0.3783451318740845, -1.1784732341766357, 0.8999553918838501, -0.298435777425766, 0.5468525886535645, 0.7075469493865967, -0.6306524276733398, -0.39276477694511414, 1.0, 1.0, 1.0, 1.0, 1.0, 1.0, 1.0, 1.0, 1.0, 1.0, 1.0, 1.0]"
43,3.444460526225157e-05,0.0,256.3627624511719,0.0,0.0,0.0,0.0,0.0,0.0,3.58814031642396e-05,0.0,267.0564880371094,0.7244501709938049,0.01823609322309494,0.058965183794498444,-0.28470611572265625,-0.39543864130973816,0.3273249864578247,0.2973424196243286,0.9216492176055908,-0.9462419152259827,0.7980272173881531,-0.8235868811607361,-0.8069844245910645,1.1644965410232544,-1.153280258178711,0.9504611492156982,"[0.7244501709938049, 0.01823609322309494, 0.058965183794498444, 0.05380227789282799, 0.05094122514128685, -0.012655342929065228, -0.0009350288892164826, -0.007563530933111906, -0.9999708533287048, 0.699999988079071, 0.0, 0.0, -0.28470611572265625, -0.39543864130973816, 0.3273249864578247, 0.2973424196243286, 0.5216492414474487, -0.5462418794631958, 0.3980272114276886, -0.4235868752002716, -0.006984412670135498, 0.36449652910232544, -0.353280246257782, 0.1504611372947693, -0.08699342608451843, 0.4718364179134369, -1.2027629613876343, -0.10961005091667175, 0.1775464415550232, -0.731758177280426, -1.5544424057006836, 1.1191521883010864, 1.4308781623840332, -2.497098445892334, 3.0830254554748535, 0.11466699093580246, -0.6161449551582336, -0.7473658919334412, 0.38392311334609985, 0.8178459405899048, 0.34673362970352173, -1.0574696063995361, 0.7531102895736694, -0.2876683473587036, 0.5568232536315918, 0.4495491087436676, -0.362959086894989, -0.4619894325733185, 1.0, 1.0, 1.0, 1.0, 1.0, 1.0, 1.0, 1.0, 1.0, 1.0, 1.0, 1.0]"
44,3.252886381233111e-05,0.0,242.10438537597656,0.0,0.0,0.0,0.0,0.0,0.0,3.364469012012705e-05,0.0,250.40919494628906,0.7461982369422913,0.015605648048222065,0.07733021676540375,-0.28488689661026,-0.38343605399131775,0.30161747336387634,0.29540523886680603,0.9243359565734863,-0.9481084942817688,0.7633786797523499,-0.7971635460853577,-0.776823878288269,1.0972516536712646,-1.077367901802063,0.9466020464897156,"[0.7461982369422913, 0.015605648048222065, 0.07733021676540375, -0.027342690154910088, 0.12408682703971863, -0.019269974902272224, 0.0009299989324063063, -0.00778594147413969, -0.9999691843986511, 0.699999988079071, 0.0, 0.0, -0.28488689661026, -0.38343605399131775, 0.30161747336387634, 0.29540523886680603, 0.5243359804153442, -0.5481084585189819, 0.3633786737918854, -0.3971635401248932, 0.023176133632659912, 0.2972516417503357, -0.27736788988113403, 0.14660203456878662, 0.01758567988872528, 0.7242138385772705, -1.2918119430541992, -0.05720443278551102, 0.11883507668972015, 0.33396509289741516, -1.8731064796447754, 1.3294034004211426, 1.4853395223617554, -4.036300182342529, 4.320671558380127, -0.27059802412986755, -0.7538424730300903, -0.6773861646652222, 0.43355563282966614, 0.851050615310669, 0.33830180764198303, -0.901429295539856, 0.6016985177993774, -0.3440181314945221, 0.5044910311698914, 0.1573610007762909, -0.03807000815868378, -0.4954333007335663, 1.0, 1.0, 1.0, 1.0, 1.0, 1.0, 1.0, 1.0, 1.0, 1.0, 1.0, 1.0]"
45,2.690839573915582e-05,0.0,200.27261352539062,0.0,0.0,0.0,0.0,0.0,0.0,2.7603426133282483e-05,0.0,205.445556640625,0.7691287398338318,0.006628891918808222,0.06980634480714798,-0.2830267548561096,-0.3641776740550995,0.27931681275367737,0.29524436593055725,0.9271097183227539,-0.9278588891029358,0.7228132486343384,-0.7674992680549622,-0.7483025193214417,1.0061582326889038,-0.982977569103241,0.9358444809913635,"[0.7691287398338318, 0.006628891918808222, 0.06980634480714798, -0.13846731185913086, 0.2177242785692215, -0.026265928521752357, 0.004506972152739763, -0.005897932220250368, -0.9999722838401794, 0.699999988079071, 0.0, 0.0, -0.2830267548561096, -0.3641776740550995, 0.27931681275367737, 0.29524436593055725, 0.5271097421646118, -0.5278588533401489, 0.3228132426738739, -0.3674992620944977, 0.051697492599487305, 0.20615822076797485, -0.182977557182312, 0.13584446907043457, 0.17910774052143097, 1.1620995998382568, -0.9506127238273621, 0.03880854323506355, 0.2117346227169037, 1.4482918977737427, -2.1069064140319824, 1.4854215383529663, 1.3372896909713745, -4.898716449737549, 4.89937162399292, -0.6065554618835449, -0.8865330815315247, -0.5449883341789246, 0.5228037238121033, 0.7975096702575684, 0.38895970582962036, -0.7040088176727295, 0.4943753182888031, -0.5284281373023987, 0.32163864374160767, -0.09850869327783585, 0.2206791788339615, -0.42690062522888184, 1.0, 1.0, 1.0, 1.0, 1.0, 1.0, 1.0, 1.0, 1.0, 1.0, 1.0, 1.0]"
46,1.5605097360094078e-05,0.0,116.1449203491211,0.0,0.0,0.0,1.678804801485967e-05,0.0,124.94932556152344,1.583330777066294e-05,0.0,117.84343719482422,0.790246844291687,-0.006407762877643108,0.057664889842271805,-0.2750758230686188,-0.3287821412086487,0.28119245171546936,0.30192920565605164,0.932704508304596,-0.8855602145195007,0.7274121642112732,-0.7346513271331787,-0.7227679491043091,0.9092473983764648,-0.9538009762763977,0.9212754368782043,"[0.790246844291687, -0.006407762877643108, 0.057664889842271805, -0.6172233819961548, 0.11497818678617477, 0.025188980624079704, 0.008067335933446884, 0.0024091105442494154, -0.9999648332595825, 0.699999988079071, 0.0, 0.0, -0.2750758230686188, -0.3287821412086487, 0.28119245171546936, 0.30192920565605164, 0.5327044725418091, -0.48556020855903625, 0.3274121582508087, -0.33465132117271423, 0.07723206281661987, 0.10924738645553589, -0.15380096435546875, 0.12127542495727539, 0.7080094814300537, 2.170147657394409, 0.7873386144638062, 0.5442550182342529, 0.3923340439796448, 2.5222902297973633, 1.307711124420166, 1.7664134502410889, 1.3696444034576416, -4.891142845153809, -2.205895185470581, -0.8000561594963074, -1.0156248807907104, -0.41285786032676697, 0.5877104997634888, 0.7218173742294312, 0.47303086519241333, -0.5119123458862305, 0.37024983763694763, -0.7481386661529541, 0.023243799805641174, -0.31124258041381836, 0.3856806755065918, -0.3279314935207367, 1.0, 1.0, 1.0, 1.0, 1.0, 1.0, 1.0, 1.0, 1.0, 1.0, 1.0, 1.0]"
47,0.0,0.0,0.0,5.361317744245753e-05,0.0,399.02978515625,3.274121991125867e-05,0.0,243.6848907470703,1.5815311371625285e-06,0.0,11.770950317382812,0.7379704117774963,0.041793014854192734,0.07609918713569641,-0.2812328338623047,-0.30696970224380493,0.29004231095314026,0.312383770942688,0.9381118416786194,-0.8482600450515747,0.7425329685211182,-0.7025966644287109,-0.7647508978843689,0.8794084787368774,-0.939091145992279,0.9055673480033875,"[0.7379704117774963, 0.041793014854192734, 0.07609918713569641, -0.3292587399482727, 0.14542019367218018, 0.13440145552158356, 0.00997311994433403, 0.01408426370471716, -0.9998511075973511, 0.699999988079071, 0.0, 0.0, -0.2812328338623047, -0.30696970224380493, 0.29004231095314026, 0.312383770942688, 0.5381118059158325, -0.44826003909111023, 0.3425329625606537, -0.30259665846824646, 0.03524911403656006, 0.07940846681594849, -0.1390911340713501, 0.1055673360824585, -1.365343451499939, 0.30243468284606934, 0.1549127697944641, 0.3342806398868561, 0.012663964182138443, 0.5657076239585876, 0.9347150325775146, 1.3717315196990967, -4.786930561065674, 0.6484371423721313, 0.3812730312347412, -0.7653152346611023, -0.85785973072052, -0.5318830013275146, 0.38442927598953247, 0.7387732267379761, 0.8887525200843811, -0.26740941405296326, 0.40544870495796204, -1.344802737236023, -0.7425349354743958, -0.5209372639656067, 0.5425235033035278, 0.216075599193573, 1.0, 1.0, 1.0, 1.0, 1.0, 1.0, 1.0, 1.0, 1.0, 1.0, 1.0, 1.0]"
48,0.0,0.0,0.0,3.7401230656541884e-05,0.0,278.36822509765625,3.3677810279186815e-05,0.0,250.65570068359375,0.0,0.0,0.0,0.6889691352844238,0.04172145575284958,0.07713434845209122,-0.31979960203170776,-0.30591875314712524,0.2865045964717865,0.3262682259082794,0.9228804111480713,-0.825249195098877,0.7599753737449646,-0.7053897380828857,-0.848349928855896,0.8759244680404663,-0.9318919777870178,0.9254347085952759,"[0.6889691352844238, 0.04172145575284958, 0.07713434845209122, 0.11651989072561264, 0.15567922592163086, 0.15603089332580566, 0.013072545640170574, 0.014050395227968693, -0.9998158812522888, 0.699999988079071, 0.0, 0.0, -0.31979960203170776, -0.30591875314712524, 0.2865045964717865, 0.3262682259082794, 0.5228804349899292, -0.4252491891384125, 0.3599753677845001, -0.30538973212242126, -0.04834991693496704, 0.07592445611953735, -0.13189196586608887, 0.12543469667434692, -1.9345749616622925, -0.04883947595953941, -0.2623487710952759, 1.1819922924041748, -0.9904590845108032, 1.1099638938903809, 0.9663575291633606, -1.345220923423767, -4.520634174346924, -0.20490509271621704, 0.16952331364154816, 3.599691867828369, -0.46120452880859375, -0.7685897946357727, 0.37005940079689026, 0.8309109210968018, 1.2151716947555542, -0.15653029084205627, 0.5684131383895874, -1.6671134233474731, -1.1366170644760132, -0.3542374074459076, 0.5605259537696838, 0.7854708433151245, 1.0, 1.0, 1.0, 1.0, 1.0, 1.0, 1.0, 1.0, 1.0, 1.0, 1.0, 1.0]"
49,0.0,0.0,0.0,3.150578777422197e-05,0.0,234.4898681640625,3.2942505640676245e-05,0.0,245.18301391601562,0.0,0.0,0.0,0.6669219136238098,0.025916749611496925,0.03632489964365959,-0.3437556028366089,-0.30551186203956604,0.28369322419166565,0.3650720715522766,0.9077783823013306,-0.8042385578155518,0.778045117855072,-0.7599818706512451,-0.9771028757095337,0.8733704090118408,-0.928213357925415,1.017162561416626,"[0.6669219136238098, 0.025916749611496925, 0.03632489964365959, 0.004839814733713865, 0.1581004559993744, 0.08883845061063766, 0.016394462436437607, 0.01338045671582222, -0.9997761845588684, 0.699999988079071, 0.0, 0.0, -0.3437556028366089, -0.30551186203956604, 0.28369322419166565, 0.3650720715522766, 0.5077784061431885, -0.4042385518550873, 0.37804511189460754, -0.35998186469078064, -0.17710286378860474, 0.07337039709091187, -0.12821334600448608, 0.21716254949569702, -0.7262279987335205, 0.02654898725450039, -0.07458877563476562, 2.1975903511047363, -0.642734169960022, 0.8682880997657776, 0.9473573565483093, -3.280059337615967, -6.826384544372559, 0.09227589517831802, 0.09826663136482239, 4.046034812927246, -0.549775242805481, -0.665891706943512, 0.41555461287498474, 0.75309157371521, 1.2754454612731934, -0.17284169793128967, 0.5180882811546326, -1.5108846426010132, -1.2234705686569214, -0.3691084682941437, 0.5923362374305725, 0.8622153997421265, 1.0, 1.0, 1.0, 1.0, 1.0, 1.0, 1.0, 1.0, 1.0, 1.0, 1.0, 1.0]"
50,0.0,0.0,0.0,3.267060674261302e-05,0.0,243.1593475341797,3.403321170480922e-05,0.0,253.30088806152344,0.0,0.0,0.0,0.6707378625869751,0.035727232694625854,0.00965222530066967,-0.3513469696044922,-0.3076384961605072,0.2803846001625061,0.40637215971946716,0.8983496427536011,-0.7848449349403381,0.7972940802574158,-0.8342556357383728,-1.0973559617996216,0.8756074905395508,-0.9249698519706726,1.0841152667999268,"[0.6707378625869751, 0.035727232694625854, 0.00965222530066967, 0.18303747475147247, 0.056749023497104645, 0.03146808221936226, 0.018350472673773766, 0.011270537972450256, -0.9997681379318237, 0.699999988079071, 0.0, 0.0, -0.3513469696044922, -0.3076384961605072, 0.2803846001625061, 0.40637215971946716, 0.4983496367931366, -0.38484492897987366, 0.3972940742969513, -0.4342556297779083, -0.2973559498786926, 0.07560747861862183, -0.12496984004974365, 0.2841152548789978, -0.2951664924621582, -0.2028741091489792, -0.22920937836170197, 1.8794625997543335, -0.3910086154937744, 0.862713098526001, 1.0283914804458618, -3.8317923545837402, -5.272499084472656, 0.2975230813026428, 0.13090190291404724, 3.0361287593841553, -0.588249683380127, -0.48569056391716003, 0.49213698506355286, 0.718543529510498, 1.2337719202041626, -0.06379872560501099, 0.5346047878265381, -1.4397151470184326, -1.0521806478500366, -0.3442326784133911, 0.532405436038971, 0.8432406187057495, 1.0, 1.0, 1.0, 1.0, 1.0, 1.0, 1.0, 1.0, 1.0, 1.0, 1.0, 1.0]"
51,0.0,0.0,0.0,3.5256485716672614e-05,0.0,262.4053955078125,3.414306047488935e-05,0.0,254.11846923828125,0.0,0.0,0.0,0.6873014569282532,0.04654129967093468,0.01287900097668171,-0.3537874221801758,-0.31221336126327515,0.27539217472076416,0.4339284896850586,0.8905717730522156,-0.7648525834083557,0.8159438967704773,-0.903931200504303,-1.1580110788345337,0.8814341425895691,-0.916820764541626,1.1188669204711914,"[0.6873014569282532, 0.04654129967093468, 0.01287900097668171, 0.1415146142244339, -0.052060142159461975, 0.019684864208102226, 0.01806723326444626, 0.007772559765726328, -0.9998065233230591, 0.699999988079071, 0.0, 0.0, -0.3537874221801758, -0.31221336126327515, 0.27539217472076416, 0.4339284896850586, 0.4905717670917511, -0.36485257744789124, 0.4159438908100128, -0.5039311647415161, -0.35801106691360474, 0.08143413066864014, -0.11682075262069702, 0.31886690855026245, 0.03778599947690964, -0.20670565962791443, -0.21903395652770996, 1.0317206382751465, -0.47574642300605774, 0.8890431523323059, 0.9199072122573853, -3.1444034576416016, -1.2890748977661133, 0.5062752962112427, 0.5160222053527832, 0.7896302342414856, -0.5648390650749207, -0.4623130261898041, 0.5175028443336487, 0.671441912651062, 1.1512672901153564, -0.025923818349838257, 0.4277269244194031, -1.4004851579666138, -0.8177798986434937, -0.3338041603565216, 0.5160382986068726, 0.7391520738601685, 1.0, 1.0, 1.0, 1.0, 1.0, 1.0, 1.0, 1.0, 1.0, 1.0, 1.0, 1.0]"
52,0.0,0.0,0.0,3.509651651256718e-05,0.0,261.21478271484375,3.420711072976701e-05,0.0,254.59515380859375,0.0,0.0,0.0,0.7073470950126648,0.05343898758292198,0.02325708419084549,-0.3475598394870758,-0.3141743838787079,0.2729491591453552,0.44312241673469543,0.8800126314163208,-0.7441776394844055,0.83083575963974,-0.9535830616950989,-1.1527612209320068,0.890188455581665,-0.8994417190551758,1.1173896789550781,"[0.7073470950126648, 0.05343898758292198, 0.02325708419084549, -0.057046759873628616, -0.1211475357413292, 0.016631120815873146, 0.016042908653616905, 0.007600839249789715, -0.9998424053192139, 0.699999988079071, 0.0, 0.0, -0.3475598394870758, -0.3141743838787079, 0.2729491591453552, 0.44312241673469543, 0.4800126254558563, -0.34417763352394104, 0.4308357536792755, -0.553583025932312, -0.3527612090110779, 0.09018844366073608, -0.09944170713424683, 0.31738966703414917, 0.4994937777519226, -0.03907313570380211, -0.05891866981983185, 0.07604844123125076, -0.6010206937789917, 0.9006152153015137, 0.7169034481048584, -2.038935422897339, 1.0209907293319702, 0.6427169442176819, 0.9658357501029968, -0.786893904209137, -0.4408245384693146, -0.5837801694869995, 0.4608187973499298, 0.6507668495178223, 1.0540143251419067, 0.012439459562301636, 0.41083645820617676, -1.3621079921722412, -0.637779951095581, -0.289091020822525, 0.517589807510376, 0.537476122379303, 1.0, 1.0, 1.0, 1.0, 1.0, 1.0, 1.0, 1.0, 1.0, 1.0, 1.0, 1.0]"
53,0.0,0.0,0.0,3.251969246775843e-05,0.0,242.0361328125,3.2573152566328645e-05,0.0,242.4340057373047,0.0,0.0,0.0,0.7266467809677124,0.06035790592432022,0.025404157117009163,-0.33017078042030334,-0.314319908618927,0.27246299386024475,0.43291494250297546,0.8648203015327454,-0.7222763895988464,0.8426124453544617,-0.9815634489059448,-1.118102788925171,0.8997830748558044,-0.87534099817276,1.0822688341140747,"[0.7266467809677124, 0.06035790592432022, 0.025404157117009163, -0.10436628758907318, -0.15098753571510315, 0.00034253322519361973, 0.013117559254169464, 0.009812003001570702, -0.9998660087585449, 0.699999988079071, 0.0, 0.0, -0.33017078042030334, -0.314319908618927, 0.27246299386024475, 0.43291494250297546, 0.4648202955722809, -0.32227638363838196, 0.4426124393939972, -0.5815634727478027, -0.31810277700424194, 0.09978306293487549, -0.07534098625183105, 0.28226882219314575, 1.0800596475601196, -0.02432263456285, -0.01174565777182579, -0.8321913480758667, -0.8923286199569702, 0.9743321537971497, 0.5952789187431335, -1.0391103029251099, 2.131225347518921, 0.6289139986038208, 1.187816858291626, -2.4173128604888916, -0.37696000933647156, -0.6585083603858948, 0.38323384523391724, 0.6811147928237915, 0.9737733602523804, 0.01543840765953064, 0.42367812991142273, -1.2785587310791016, -0.46791988611221313, -0.2785945534706116, 0.471931517124176, 0.32056912779808044, 1.0, 1.0, 1.0, 1.0, 1.0, 1.0, 1.0, 1.0, 1.0, 1.0, 1.0, 1.0]"
54,0.0,0.0,0.0,3.0182582122506574e-05,0.0,224.64158630371094,2.8609827495529316e-05,0.0,212.93594360351562,0.0,0.0,0.0,0.7474735975265503,0.06610357761383057,0.011445518583059311,-0.3036542534828186,-0.31583669781684875,0.2710045576095581,0.4105674624443054,0.8439950346946716,-0.6985074281692505,0.8539769053459167,-0.9934530854225159,-1.0704487562179565,0.9078356027603149,-0.8498969674110413,1.021490454673767,"[0.7474735975265503, 0.06610357761383057, 0.011445518583059311, -0.008702253922820091, -0.1378583014011383, -0.005313696805387735, 0.010130217298865318, 0.011001981794834137, -0.9998882412910461, 0.699999988079071, 0.0, 0.0, -0.3036542534828186, -0.31583669781684875, 0.2710045576095581, 0.4105674624443054, 0.44399502873420715, -0.298507422208786, 0.45397689938545227, -0.593453049659729, -0.2704487442970276, 0.10783559083938599, -0.049896955490112305, 0.22149044275283813, 1.4351304769515991, -0.13501077890396118, -0.06035717949271202, -1.2798471450805664, -1.167815923690796, 1.0839855670928955, 0.630459725856781, -0.2888440191745758, 2.754518747329712, 0.5069555640220642, 1.10469651222229, -3.5832903385162354, -0.37325701117515564, -0.6385190486907959, 0.3712215721607208, 0.6560584306716919, 0.8808032274246216, -0.02589350938796997, 0.4578001797199249, -1.1036845445632935, -0.22781141102313995, -0.2865423262119293, 0.3610789179801941, 0.09802260249853134, 1.0, 1.0, 1.0, 1.0, 1.0, 1.0, 1.0, 1.0, 1.0, 1.0, 1.0, 1.0]"
55,0.0,0.0,0.0,2.629665505082812e-05,0.0,195.71957397460938,2.2019508833182044e-05,0.0,163.88583374023438,0.0,0.0,0.0,0.7724503874778748,0.07167346775531769,-0.022312287241220474,-0.2749009132385254,-0.32000795006752014,0.26705196499824524,0.3815919756889343,0.8177804350852966,-0.6731647253036499,0.8674384951591492,-0.9888108968734741,-1.0046489238739014,0.9130746126174927,-0.8279563784599304,0.943122386932373,"[0.7724503874778748, 0.07167346775531769, -0.022312287241220474, 0.12238059192895889, -0.07312168926000595, 0.02154548279941082, 0.008086412213742733, 0.009520882740616798, -0.9999219179153442, 0.699999988079071, 0.0, 0.0, -0.2749009132385254, -0.32000795006752014, 0.26705196499824524, 0.3815919756889343, 0.41778042912483215, -0.2731647193431854, 0.4674384891986847, -0.588810920715332, -0.2046489119529724, 0.11307460069656372, -0.027956366539001465, 0.1431223750114441, 1.3986213207244873, -0.2526472210884094, -0.14814800024032593, -1.5657414197921753, -1.4387855529785156, 1.1747874021530151, 0.8618429899215698, 0.6228097081184387, 3.8505144119262695, 0.3337175250053406, 0.8727574348449707, -4.208980560302734, -0.45160552859306335, -0.5359476208686829, 0.4332491457462311, 0.5986675024032593, 0.7168253660202026, -0.1725214421749115, 0.5381084680557251, -0.8399513959884644, 0.11454099416732788, -0.2531854510307312, 0.1410662680864334, -0.11743950098752975, 1.0, 1.0, 1.0, 1.0, 1.0, 1.0, 1.0, 1.0, 1.0, 1.0, 1.0, 1.0]"
56,3.157605533488095e-05,0.0,235.0128631591797,1.6455765944556333e-05,0.0,122.47624206542969,0.0,0.0,0.0,0.0,0.0,0.0,0.8017981052398682,0.0928109735250473,-0.08521008491516113,-0.25525176525115967,-0.3259555995464325,0.26121363043785095,0.34723496437072754,0.7881284952163696,-0.648746132850647,0.8852803707122803,-0.9627678990364075,-0.9186395406723022,0.9171537160873413,-0.8193694353103638,0.8572624921798706,"[0.8017981052398682, 0.0928109735250473, -0.08521008491516113, 0.3783566653728485, -0.017032261937856674, 0.062148671597242355, 0.008185322396457195, 0.005914466921240091, -0.9999489784240723, 0.699999988079071, 0.0, 0.0, -0.25525176525115967, -0.3259555995464325, 0.26121363043785095, 0.34723496437072754, 0.38812848925590515, -0.2487461268901825, 0.4852803647518158, -0.5627678632736206, -0.11863952875137329, 0.11715370416641235, -0.019369423389434814, 0.05726248025894165, -1.1458897590637207, -0.5195844173431396, -0.49710553884506226, -2.092472553253174, -0.10190403461456299, 1.2372784614562988, 0.8786883354187012, 1.785857915878296, 3.7638323307037354, 0.243408203125, -0.23871231079101562, -4.427207946777344, -0.5796858668327332, -0.4564090073108673, 0.6190575361251831, 0.5474303960800171, 0.4256824254989624, -0.47777214646339417, 0.70549476146698, -0.5721570253372192, 0.5388256907463074, -0.05970378965139389, -0.26783818006515503, -0.3717842996120453, 1.0, 1.0, 1.0, 1.0, 1.0, 1.0, 1.0, 1.0, 1.0, 1.0, 1.0, 1.0]"
57,4.7369172534672543e-05,0.0,352.55718994140625,3.1046556614455767e-06,0.0,23.107194900512695,0.0,0.0,0.0,5.601254815701395e-05,0.0,416.8877258300781,0.7753973603248596,0.020885081961750984,-0.12682636082172394,-0.2666490077972412,-0.33574777841567993,0.2640182375907898,0.31150680780410767,0.8189445734024048,-0.6259883642196655,0.8971285820007324,-0.9158158898353577,-0.9207730889320374,0.926526665687561,-0.8705624938011169,0.7834293246269226,"[0.7753973603248596, 0.020885081961750984, -0.12682636082172394, 0.15761932730674744, -0.09339743107557297, 0.039727065712213516, 0.00658620148897171, -0.0018198264297097921, -0.999976634979248, 0.699999988079071, 0.0, 0.0, -0.2666490077972412, -0.33574777841567993, 0.2640182375907898, 0.31150680780410767, 0.4189445674419403, -0.22598835825920105, 0.49712857604026794, -0.5158158540725708, -0.1207730770111084, 0.12652665376663208, -0.07056248188018799, -0.016570687294006348, -0.25096818804740906, -0.14578303694725037, 0.9937939643859863, 0.8177626132965088, 1.5168166160583496, 0.9221383333206177, 0.43704307079315186, 0.4680349826812744, -0.09145864844322205, 0.560474693775177, -3.940126895904541, 4.877397060394287, -0.6894519329071045, -0.5182511210441589, 0.8737634420394897, 0.5041598081588745, 0.2767982482910156, -0.9663699865341187, 1.0222784280776978, -0.39155030250549316, 0.6505369544029236, 0.3554326295852661, -0.8680872321128845, -0.5391111969947815, 1.0, 1.0, 1.0, 1.0, 1.0, 1.0, 1.0, 1.0, 1.0, 1.0, 1.0, 1.0]"
58,4.0915172576205805e-05,0.0,304.52166748046875,0.0,0.0,0.0,0.0,0.0,0.0,4.641429768525995e-05,0.0,345.4502868652344,0.7228776812553406,0.013048910535871983,-0.07887107133865356,-0.2652052044868469,-0.33508026599884033,0.30623626708984375,0.3167584538459778,0.845500648021698,-0.6270291209220886,0.9019641280174255,-0.9144368171691895,-0.919307291507721,0.9621697068214417,-0.9615938067436218,0.8234749436378479,"[0.7228776812553406, 0.013048910535871983, -0.07887107133865356, -0.15346397459506989, -0.07461768388748169, -0.007597570773214102, 0.004823543597012758, 0.0009932301472872496, -0.9999881386756897, 0.699999988079071, 0.0, 0.0, -0.2652052044868469, -0.33508026599884033, 0.30623626708984375, 0.3167584538459778, 0.4455006420612335, -0.22702911496162415, 0.5019640922546387, -0.5144368410110474, -0.11930727958679199, 0.1621696949005127, -0.16159379482269287, 0.023474931716918945, 0.08752387762069702, -0.18108320236206055, 2.435534954071045, 0.22362665832042694, 1.325282335281372, -0.8328768610954285, 0.22807441651821136, 0.3096891939640045, 0.0346623919904232, 3.4972078800201416, -5.050779342651367, 1.597846508026123, -0.6862629055976868, -0.6374251246452332, 0.5931040048599243, 0.42844459414482117, 0.6022782325744629, -1.247584342956543, 1.125327706336975, -0.34020933508872986, 0.5217360854148865, 0.8046947717666626, -1.195855736732483, -0.34846624732017517, 1.0, 1.0, 1.0, 1.0, 1.0, 1.0, 1.0, 1.0, 1.0, 1.0, 1.0, 1.0]"
59,3.460466177784838e-05,0.0,257.55401611328125,0.0,0.0,0.0,0.0,0.0,0.0,4.026308670290746e-05,0.0,299.66827392578125,0.6897387504577637,0.0361495316028595,-0.06368602067232132,-0.26991137862205505,-0.3533107340335846,0.34438246488571167,0.3134574890136719,0.8653016686439514,-0.6640322208404541,0.906276524066925,-0.9116570949554443,-0.9114841222763062,1.0482738018035889,-1.077063798904419,0.8555944561958313,"[0.6897387504577637, 0.0361495316028595, -0.06368602067232132, 0.35015007853507996, -0.019077099859714508, 0.0070753199979662895, 0.00419743824750185, -0.0024405578151345253, -0.9999880790710449, 0.699999988079071, 0.0, 0.0, -0.26991137862205505, -0.3533107340335846, 0.34438246488571167, 0.3134574890136719, 0.46530166268348694, -0.2640322148799896, 0.5062764883041382, -0.5116571187973022, -0.1114841103553772, 0.2482737898826599, -0.27706378698349, 0.055594444274902344, -0.4203420877456665, -1.2240549325942993, 1.4872294664382935, -0.32763054966926575, 0.8892664313316345, -2.3072750568389893, 0.14682158827781677, 0.09272319078445435, 0.4960082769393921, 4.041660308837891, -5.8310441970825195, 1.659432291984558, -0.640333890914917, -0.6231297254562378, 0.6449096202850342, 0.5243997573852539, 0.5462130904197693, -1.2422099113464355, 1.108394980430603, -0.1584276705980301, 0.5138655304908752, 0.9119948148727417, -1.2504404783248901, -0.270332008600235, 1.0, 1.0, 1.0, 1.0, 1.0, 1.0, 1.0, 1.0, 1.0, 1.0, 1.0, 1.0]"
60,3.38781755999662e-05,0.0,252.14695739746094,0.0,0.0,0.0,0.0,0.0,0.0,3.7789672205690295e-05,0.0,281.25927734375,0.677686870098114,0.034505363553762436,-0.06462986767292023,-0.2774604558944702,-0.37548330426216125,0.36637309193611145,0.30778101086616516,0.8821935653686523,-0.7206019759178162,0.9029832482337952,-0.9082679748535156,-0.9006637930870056,1.1179362535476685,-1.1765989065170288,0.8863043785095215,"[0.677686870098114, 0.034505363553762436, -0.06462986767292023, 0.19221119582653046, -0.03627657890319824, 0.033717796206474304, 0.00363240297883749, -0.008380626328289509, -0.9999583959579468, 0.699999988079071, 0.0, 0.0, -0.2774604558944702, -0.37548330426216125, 0.36637309193611145, 0.30778101086616516, 0.48219355940818787, -0.3206019699573517, 0.5029832124710083, -0.5082679986953735, -0.10066378116607666, 0.3179362416267395, -0.37659889459609985, 0.08630436658859253, -0.27941590547561646, -0.9408859610557556, 0.9400264620780945, -0.18070010840892792, 0.8711758255958557, -3.0798561573028564, -0.3979334831237793, 0.18375325202941895, 0.5067067742347717, 3.173461675643921, -4.238268852233887, 1.508413314819336, -0.5388769507408142, -0.6879880428314209, 0.6044321060180664, 0.5048360824584961, 0.5173200368881226, -1.2898876667022705, 1.082838535308838, -0.2308676838874817, 0.49281442165374756, 0.9162576198577881, -1.1947681903839111, -0.30148234963417053, 1.0, 1.0, 1.0, 1.0, 1.0, 1.0, 1.0, 1.0, 1.0, 1.0, 1.0, 1.0]"
61,3.735224163392559e-05,0.0,278.00360107421875,0.0,0.0,0.0,0.0,0.0,0.0,3.895356712746434e-05,0.0,289.9218444824219,0.6752827763557434,0.03194887191057205,-0.04894240200519562,-0.2806202173233032,-0.3899729251861572,0.3784808814525604,0.3064662218093872,0.8987199068069458,-0.7852897644042969,0.8874316215515137,-0.9009649157524109,-0.8889676332473755,1.1621754169464111,-1.2299401760101318,0.9121376276016235,"[0.6752827763557434, 0.03194887191057205, -0.04894240200519562, 0.027626117691397667, -0.061818212270736694, 0.03117259591817856, 0.0025669471360743046, -0.009821870364248753, -0.999948263168335, 0.699999988079071, 0.0, 0.0, -0.2806202173233032, -0.3899729251861572, 0.3784808814525604, 0.3064662218093872, 0.4987199008464813, -0.3852897584438324, 0.4874316155910492, -0.500964879989624, -0.08896762132644653, 0.3621754050254822, -0.4299401640892029, 0.11213761568069458, -0.10890509188175201, -0.6458315849304199, 0.3549996614456177, -0.02431846782565117, 0.8063777089118958, -3.2631070613861084, -1.0005508661270142, 0.3891710937023163, 0.6337118148803711, 1.6331888437271118, -1.5908797979354858, 1.2631959915161133, -0.514569103717804, -0.6934613585472107, 0.5500358939170837, 0.5317327976226807, 0.44383397698402405, -1.296858549118042, 1.0526148080825806, -0.24884802103042603, 0.5062673687934875, 0.9126632213592529, -1.0697021484375, -0.31011202931404114, 1.0, 1.0, 1.0, 1.0, 1.0, 1.0, 1.0, 1.0, 1.0, 1.0, 1.0, 1.0]"
62,3.8866983231855556e-05,0.0,289.2774353027344,0.0,0.0,0.0,0.0,0.0,0.0,3.934277265216224e-05,0.0,292.8186340332031,0.6815665364265442,0.03261304646730423,-0.024779077619314194,-0.282649427652359,-0.401542067527771,0.37776312232017517,0.3056367039680481,0.9124215841293335,-0.8483059406280518,0.864130437374115,-0.8901450037956238,-0.8723764419555664,1.1852681636810303,-1.2409487962722778,0.9337990880012512,"[0.6815665364265442, 0.03261304646730423, -0.024779077619314194, 0.031713664531707764, -0.0789022371172905, 0.015976162627339363, 0.0010767385829240084, -0.010432586073875427, -0.9999449253082275, 0.699999988079071, 0.0, 0.0, -0.282649427652359, -0.401542067527771, 0.37776312232017517, 0.3056367039680481, 0.5124216079711914, -0.4483059346675873, 0.4641304314136505, -0.4901449978351593, -0.07237643003463745, 0.3852681517601013, -0.4409487843513489, 0.13379907608032227, -0.09255634248256683, -0.5134574770927429, -0.2607383131980896, -0.043621283024549484, 0.636487603187561, -3.017345905303955, -1.2427273988723755, 0.5534577369689941, 0.9212145805358887, 0.8934496641159058, 0.0438416562974453, 1.0683411359786987, -0.48549601435661316, -0.7198228240013123, 0.4876125156879425, 0.5697582960128784, 0.40178942680358887, -1.2667160034179688, 1.017961859703064, -0.2885226607322693, 0.5220734477043152, 0.8890340328216553, -0.9228900074958801, -0.3362199664115906, 1.0, 1.0, 1.0, 1.0, 1.0, 1.0, 1.0, 1.0, 1.0, 1.0, 1.0, 1.0]"
63,3.866626866511069e-05,0.0,287.7835693359375,0.0,0.0,0.0,0.0,0.0,0.0,3.8696511182934046e-05,0.0,288.0086669921875,0.6969451308250427,0.03105057030916214,0.002297045197337866,-0.2844417691230774,-0.40775540471076965,0.36622825264930725,0.30424657464027405,0.9226561188697815,-0.9002717733383179,0.8386552929878235,-0.8756956458091736,-0.8500492572784424,1.1934428215026855,-1.2276978492736816,0.9510218501091003,"[0.6969451308250427, 0.03105057030916214, 0.002297045197337866, 0.03913877159357071, -0.07374595105648041, 0.00046369200572371483, -0.0004942494560964406, -0.011241392232477665, -0.999936580657959, 0.699999988079071, 0.0, 0.0, -0.2844417691230774, -0.40775540471076965, 0.36622825264930725, 0.30424657464027405, 0.5226560831069946, -0.5002717971801758, 0.438655287027359, -0.4756956398487091, -0.05004924535751343, 0.3934428095817566, -0.4276978373527527, 0.1510218381881714, -0.07789216190576553, -0.1624060720205307, -0.7624574303627014, -0.06877725571393967, 0.45774033665657043, -2.29167103767395, -1.3062506914138794, 0.7344604730606079, 1.2060010433197021, 0.016122426837682724, 1.103576898574829, 0.8285208940505981, -0.5094367861747742, -0.7383642196655273, 0.43532055616378784, 0.6541398763656616, 0.3637810945510864, -1.2252997159957886, 0.9517796039581299, -0.2948513329029083, 0.5365612506866455, 0.80013108253479, -0.7682889103889465, -0.3523549437522888, 1.0, 1.0, 1.0, 1.0, 1.0, 1.0, 1.0, 1.0, 1.0, 1.0, 1.0, 1.0]"
64,3.780969564104453e-05,0.0,281.4083251953125,0.0,0.0,0.0,0.0,0.0,0.0,3.77664364350494e-05,0.0,281.08636474609375,0.7166616916656494,0.0290004163980484,0.029991338029503822,-0.28574511408805847,-0.40641510486602783,0.34591639041900635,0.3025525212287903,0.9296121001243591,-0.9348001480102539,0.8119186162948608,-0.8571810126304626,-0.822822093963623,1.181013822555542,-1.1947691440582275,0.9625916481018066,"[0.7166616916656494, 0.0290004163980484, 0.029991338029503822, 0.021545691415667534, -0.039295587688684464, -0.011166604235768318, -0.0016174342017620802, -0.011929725296795368, -0.9999276995658875, 0.699999988079071, 0.0, 0.0, -0.28574511408805847, -0.40641510486602783, 0.34591639041900635, 0.3025525212287903, 0.5296120643615723, -0.5348001718521118, 0.41191861033439636, -0.45718100666999817, -0.022822082042694092, 0.38101381063461304, -0.3947691321372986, 0.16259163618087769, -0.043749503791332245, 0.22333000600337982, -1.1607495546340942, -0.07280759513378143, 0.2983674108982086, -1.3435108661651611, -1.4000991582870483, 0.9389246702194214, 1.4282172918319702, -1.2818583250045776, 2.1643669605255127, 0.5177546739578247, -0.5625272393226624, -0.7526470422744751, 0.4010138213634491, 0.7494455575942993, 0.33560246229171753, -1.1434295177459717, 0.8465124368667603, -0.292425274848938, 0.5465880036354065, 0.6168131828308105, -0.560087263584137, -0.3993648886680603, 1.0, 1.0, 1.0, 1.0, 1.0, 1.0, 1.0, 1.0, 1.0, 1.0, 1.0, 1.0]"
65,3.648332130978815e-05,0.0,271.5364074707031,0.0,0.0,0.0,0.0,0.0,0.0,3.6476587411016226e-05,0.0,271.4862976074219,0.7381893396377563,0.025836165994405746,0.057699527591466904,-0.28579387068748474,-0.3980582654476166,0.31998851895332336,0.30133381485939026,0.9338211417198181,-0.9494612216949463,0.7816721796989441,-0.8340469598770142,-0.7923523187637329,1.1372007131576538,-1.1375139951705933,0.9666374325752258,"[0.7381893396377563, 0.025836165994405746, 0.057699527591466904, -0.05126621201634407, 0.026824217289686203, -0.01917966455221176, -0.001647174241952598, -0.011593715287744999, -0.9999313354492188, 0.699999988079071, 0.0, 0.0, -0.28579387068748474, -0.3980582654476166, 0.31998851895332336, 0.30133381485939026, 0.5338211059570312, -0.5494612455368042, 0.3816721737384796, -0.4340469539165497, 0.007647693157196045, 0.33720070123672485, -0.3375139832496643, 0.16663742065429688, 0.039481937885284424, 0.566983163356781, -1.357296347618103, -0.02844146080315113, 0.17879952490329742, -0.3191295266151428, -1.6325076818466187, 1.1773290634155273, 1.5519345998764038, -3.0023391246795654, 3.484229803085327, 0.10927298665046692, -0.6705780625343323, -0.7218675017356873, 0.3948226273059845, 0.8407560586929321, 0.30680274963378906, -1.015210509300232, 0.6977559328079224, -0.3052339553833008, 0.5482553839683533, 0.3456389307975769, -0.2636512517929077, -0.46360501646995544, 1.0, 1.0, 1.0, 1.0, 1.0, 1.0, 1.0, 1.0, 1.0, 1.0, 1.0, 1.0]"
66,3.3044740121113136e-05,0.0,245.94390869140625,0.0,0.0,0.0,0.0,0.0,0.0,3.26932713505812e-05,0.0,243.32801818847656,0.7610422968864441,0.019112566486001015,0.07300955057144165,-0.283945769071579,-0.38265538215637207,0.29351869225502014,0.30139708518981934,0.9362262487411499,-0.9429623484611511,0.7457119226455688,-0.8064607977867126,-0.7605523467063904,1.0621908903121948,-1.0550068616867065,0.9625771045684814,"[0.7610422968864441, 0.019112566486001015, 0.07300955057144165, -0.14657743275165558, 0.10577283799648285, -0.023252146318554878, -0.0001761403400450945, -0.009488030336797237, -0.9999551773071289, 0.699999988079071, 0.0, 0.0, -0.283945769071579, -0.38265538215637207, 0.29351869225502014, 0.30139708518981934, 0.5362262725830078, -0.5429623126983643, 0.34571191668510437, -0.40646079182624817, 0.039447665214538574, 0.26219087839126587, -0.2550068497657776, 0.1625770926475525, 0.13788585364818573, 0.9424205422401428, -1.24632728099823, 0.045584786683321, 0.14363783597946167, 0.7505755424499512, -1.9073916673660278, 1.392783284187317, 1.5385653972625732, -4.2895827293396, 4.531116962432861, -0.28587326407432556, -0.8033071160316467, -0.6238514184951782, 0.4706672132015228, 0.8364509344100952, 0.3203040659427643, -0.8514437675476074, 0.5753592252731323, -0.4064292013645172, 0.4595772624015808, 0.07501520961523056, 0.042691126465797424, -0.463103324174881, 1.0, 1.0, 1.0, 1.0, 1.0, 1.0, 1.0, 1.0, 1.0, 1.0, 1.0, 1.0]"
67,2.3760951080475934e-05,0.0,176.84695434570312,0.0,0.0,0.0,1.5666366380173713e-05,0.0,116.6009292602539,2.5790524887270294e-05,0.0,191.95257568359375,0.7878924608230591,-0.0014994676457718015,0.06111270189285278,-0.27978724241256714,-0.3573944568634033,0.2759897708892822,0.30364540219306946,0.9395473003387451,-0.9148501753807068,0.7069387435913086,-0.7760892510414124,-0.73175448179245,0.969957709312439,-0.9630035758018494,0.9520701766014099,"[0.7878924608230591, -0.0014994676457718015, 0.06111270189285278, -0.3389182686805725, 0.1724853664636612, -0.02244204841554165, 0.0031910696998238564, -0.005057798698544502, -0.9999818801879883, 0.699999988079071, 0.0, 0.0, -0.27978724241256714, -0.3573944568634033, 0.2759897708892822, 0.30364540219306946, 0.539547324180603, -0.5148501396179199, 0.3069387376308441, -0.3760892450809479, 0.068245530128479, 0.16995769739151, -0.1630035638809204, 0.15207016468048096, 0.3383561968803406, 1.6154825687408447, 0.2331751585006714, 0.2522401511669159, 0.26506054401397705, 1.8361159563064575, -1.271367073059082, 1.5738130807876587, 1.3320873975753784, -4.800309181213379, 2.8967928886413574, -0.5995162129402161, -0.9246714115142822, -0.4906821548938751, 0.5541335940361023, 0.7790838479995728, 0.3873007297515869, -0.6512508392333984, 0.4730178415775299, -0.6015456914901733, 0.24742387235164642, -0.16005933284759521, 0.2638424038887024, -0.38586828112602234, 1.0, 1.0, 1.0, 1.0, 1.0, 1.0, 1.0, 1.0, 1.0, 1.0, 1.0, 1.0]"
68,5.9588783187791705e-06,0.0,44.35047912597656,2.625977504067123e-05,0.0,195.44508361816406,3.417558764340356e-05,0.0,254.36053466796875,1.380384128424339e-05,0.0,102.73861694335938,0.7782237529754639,0.03188426047563553,0.06251904368400574,-0.26961690187454224,-0.320995956659317,0.2872927188873291,0.3142071068286896,0.9447612762451172,-0.8701243996620178,0.7279619574546814,-0.7417417764663696,-0.7083722949028015,0.8940173983573914,-0.955513596534729,0.9379777312278748,"[0.7782237529754639, 0.03188426047563553, 0.06251904368400574, -0.5976182222366333, 0.13675493001937866, 0.03343285992741585, 0.005428217351436615, 0.007321620360016823, -0.9999586343765259, 0.699999988079071, 0.0, 0.0, -0.26961690187454224, -0.320995956659317, 0.2872927188873291, 0.3142071068286896, 0.5447613000869751, -0.47012439370155334, 0.3279619514942169, -0.34174177050590515, 0.09162771701812744, 0.0940173864364624, -0.15551358461380005, 0.1379777193069458, 0.29095157980918884, -0.3170623779296875, 0.5019093155860901, 0.450945109128952, 0.25281673669815063, 1.2679990530014038, 0.941206693649292, 1.7627428770065308, 0.6606361269950867, 0.11902749538421631, 0.49114474654197693, -0.8543144464492798, -0.99851393699646, -0.38754919171333313, 0.5759381055831909, 0.7167632579803467, 0.49313783645629883, -0.46934857964515686, 0.4104613959789276, -0.8270512819290161, -0.08167485892772675, -0.40653032064437866, 0.4247628450393677, -0.26146891713142395, 1.0, 1.0, 1.0, 1.0, 1.0, 1.0, 1.0, 1.0, 1.0, 1.0, 1.0, 1.0]"
69,0.0,0.0,0.0,3.950621248804964e-05,0.0,294.0350646972656,3.5316075809532776e-05,0.0,262.8489074707031,7.017370684536672e-09,0.0,0.05222857743501663,0.7413223385810852,0.05008190497756004,0.0861656591296196,-0.28587138652801514,-0.31223076581954956,0.2927436828613281,0.3219059705734253,0.9482277631759644,-0.8513980507850647,0.7453197240829468,-0.7100374102592468,-0.7723181247711182,0.8987505435943604,-0.9463731050491333,0.918191134929657,"[0.7413223385810852, 0.05008190497756004, 0.0861656591296196, -0.2050393968820572, 0.19279135763645172, 0.1482112556695938, 0.008906195871531963, 0.016087396070361137, -0.9998307228088379, 0.699999988079071, 0.0, 0.0, -0.28587138652801514, -0.31223076581954956, 0.2927436828613281, 0.3219059705734253, 0.5482277870178223, -0.4513980448246002, 0.3453197181224823, -0.31003740429878235, 0.02768188714981079, 0.0987505316734314, -0.14637309312820435, 0.11819112300872803, -1.7558339834213257, 0.236795574426651, 0.024005983024835587, 0.29191854596138, -0.01985127292573452, 1.0677769184112549, 1.0034486055374146, 1.1899648904800415, -5.782444953918457, -0.030400682240724564, 0.2204269915819168, -1.3595116138458252, -0.8561432957649231, -0.5456919074058533, 0.4013150632381439, 0.6464860439300537, 1.082871675491333, -0.18308225274085999, 0.4057822823524475, -1.466431736946106, -1.143353819847107, -0.4102229177951813, 0.582038164138794, 0.4150308668613434, 1.0, 1.0, 1.0, 1.0, 1.0, 1.0, 1.0, 1.0, 1.0, 1.0, 1.0, 1.0]"
70,0.0,0.0,0.0,3.4467491786926985e-05,0.0,256.5331115722656,3.414399179746397e-05,0.0,254.12538146972656,0.0,0.0,0.0,0.6924670934677124,0.05173565447330475,0.07521367073059082,-0.3304576575756073,-0.31462523341178894,0.28580549359321594,0.3339519202709198,0.9347601532936096,-0.8262523412704468,0.7645164132118225,-0.7228218913078308,-0.8730039596557617,0.8918370008468628,-0.9422910213470459,0.9668150544166565,"[0.6924670934677124, 0.05173565447330475, 0.07521367073059082, 0.24465824663639069, 0.15969718992710114, 0.13925862312316895, 0.012323002330958843, 0.01258358359336853, -0.9998453259468079, 0.699999988079071, 0.0, 0.0, -0.3304576575756073, -0.31462523341178894, 0.28580549359321594, 0.3339519202709198, 0.5347601175308228, -0.4262523353099823, 0.36451640725135803, -0.32282188534736633, -0.07300394773483276, 0.09183698892593384, -0.14229100942611694, 0.16681504249572754, -2.0837242603302, -0.18752942979335785, -0.3869246542453766, 0.9685174226760864, -0.8525564670562744, 1.157131552696228, 1.0419106483459473, -1.671828269958496, -5.1350202560424805, -0.27214327454566956, 0.056407783180475235, 4.193862438201904, -0.42899802327156067, -0.7517042756080627, 0.25846853852272034, 0.834815502166748, 1.2054545879364014, -0.22271046042442322, 0.5637553930282593, -1.6029258966445923, -1.267555594444275, -0.35837993025779724, 0.548504650592804, 0.8144550919532776, 1.0, 1.0, 1.0, 1.0, 1.0, 1.0, 1.0, 1.0, 1.0, 1.0, 1.0, 1.0]"
71,0.0,0.0,0.0,3.133655263809487e-05,0.0,233.23028564453125,3.33380994561594e-05,0.0,248.1273193359375,0.0,0.0,0.0,0.6723081469535828,0.03492698818445206,0.03478330746293068,-0.35288262367248535,-0.31565311551094055,0.28183022141456604,0.3672529458999634,0.9215044975280762,-0.8043253421783447,0.7833966612815857,-0.7779919505119324,-1.0106486082077026,0.8884504437446594,-0.9395512342453003,1.0447522401809692,"[0.6723081469535828, 0.03492698818445206, 0.03478330746293068, 0.04158695042133331, 0.1547393649816513, 0.07890169322490692, 0.01562664844095707, 0.010823629796504974, -0.9998190402984619, 0.699999988079071, 0.0, 0.0, -0.35288262367248535, -0.31565311551094055, 0.28183022141456604, 0.3672529458999634, 0.5215045213699341, -0.40432533621788025, 0.3833966553211212, -0.3779919445514679, -0.21064859628677368, 0.08845043182373047, -0.13955122232437134, 0.24475222826004028, -0.5573046803474426, -0.024107079952955246, -0.11493317782878876, 1.9643532037734985, -0.6130052208900452, 0.9149333238601685, 0.9872602224349976, -3.2783756256103516, -7.1998162269592285, 0.05398380383849144, 0.05417584255337715, 3.599438190460205, -0.5503121018409729, -0.6589136719703674, 0.4501080811023712, 0.7392436265945435, 1.2815824747085571, -0.1560782492160797, 0.5306777954101562, -1.5407582521438599, -1.2377694845199585, -0.3529880940914154, 0.5702823400497437, 0.8745955228805542, 1.0, 1.0, 1.0, 1.0, 1.0, 1.0, 1.0, 1.0, 1.0, 1.0, 1.0, 1.0]"
72,0.0,0.0,0.0,3.349103280925192e-05,0.0,249.2655792236328,3.3695487218210474e-05,0.0,250.78726196289062,0.0,0.0,0.0,0.674708366394043,0.04140457883477211,0.015281522646546364,-0.3548203408718109,-0.3182765245437622,0.2779921889305115,0.40590229630470276,0.9090335965156555,-0.7839493751525879,0.802830159664154,-0.8521209955215454,-1.125616192817688,0.8895773887634277,-0.936264157295227,1.1084895133972168,"[0.674708366394043, 0.04140457883477211, 0.015281522646546364, 0.17881515622138977, 0.06115799769759178, 0.03358334302902222, 0.0175776407122612, 0.00838566105812788, -0.9998103976249695, 0.699999988079071, 0.0, 0.0, -0.3548203408718109, -0.3182765245437622, 0.2779921889305115, 0.40590229630470276, 0.5090335607528687, -0.3839493691921234, 0.4028301537036896, -0.45212098956108093, -0.32561618089675903, 0.08957737684249878, -0.1362641453742981, 0.30848950147628784, 0.04302055388689041, -0.20254161953926086, -0.23876997828483582, 1.7820320129394531, -0.645157516002655, 0.9159660935401917, 1.0219690799713135, -3.7697160243988037, -4.539655685424805, 0.22698163986206055, 0.1541372388601303, 2.591792106628418, -0.5939739942550659, -0.4739905297756195, 0.45898082852363586, 0.7447299957275391, 1.2158997058868408, -0.05284908413887024, 0.5376667976379395, -1.4414865970611572, -1.005354881286621, -0.3330744504928589, 0.5144912004470825, 0.8467827439308167, 1.0, 1.0, 1.0, 1.0, 1.0, 1.0, 1.0, 1.0, 1.0, 1.0, 1.0, 1.0]"
73,0.0,0.0,0.0,3.542529884725809e-05,0.0,263.6618347167969,3.3927102776942775e-05,0.0,252.51112365722656,0.0,0.0,0.0,0.6920574903488159,0.051396459341049194,0.021097786724567413,-0.3513178825378418,-0.32235634326934814,0.27313798666000366,0.43282008171081543,0.8956311345100403,-0.762763261795044,0.8210262656211853,-0.9198225140571594,-1.1686131954193115,0.8935770988464355,-0.927335262298584,1.132950782775879,"[0.6920574903488159, 0.051396459341049194, 0.021097786724567413, 0.10779327899217606, -0.039692796766757965, 0.03105108067393303, 0.017498893663287163, 0.005370620638132095, -0.9998323917388916, 0.699999988079071, 0.0, 0.0, -0.3513178825378418, -0.32235634326934814, 0.27313798666000366, 0.43282008171081543, 0.4956311285495758, -0.36276325583457947, 0.4210262596607208, -0.5198224782943726, -0.36861318349838257, 0.09357708692550659, -0.12733525037765503, 0.33295077085494995, 0.2959097623825073, -0.1707545965909958, -0.2043396681547165, 1.0424811840057373, -0.7393388152122498, 0.9382216334342957, 0.8988701701164246, -3.0524697303771973, -0.5221969485282898, 0.42297473549842834, 0.5532718300819397, 0.44417858123779297, -0.530009925365448, -0.4873564541339874, 0.5323998928070068, 0.663009524345398, 1.1391382217407227, -0.012771755456924438, 0.41983410716056824, -1.425897479057312, -0.7784661054611206, -0.32087019085884094, 0.5021637082099915, 0.7177658081054688, 1.0, 1.0, 1.0, 1.0, 1.0, 1.0, 1.0, 1.0, 1.0, 1.0, 1.0, 1.0]"
74,0.0,0.0,0.0,3.472765820333734e-05,0.0,258.4694519042969,3.4087417589034885e-05,0.0,253.70431518554688,0.0,0.0,0.0,0.7129966020584106,0.05911731719970703,0.030812526121735573,-0.34008270502090454,-0.32334932684898376,0.2713395357131958,0.4419454038143158,0.8804900646209717,-0.7410614490509033,0.8353553414344788,-0.9671210050582886,-1.1531327962875366,0.9005897045135498,-0.9092018008232117,1.1232705116271973,"[0.7129966020584106, 0.05911731719970703, 0.030812526121735573, -0.11306332051753998, -0.1020880937576294, 0.0218349602073431, 0.01580263487994671, 0.006196073722094297, -0.9998557567596436, 0.699999988079071, 0.0, 0.0, -0.34008270502090454, -0.32334932684898376, 0.2713395357131958, 0.4419454038143158, 0.4804900586605072, -0.34106144309043884, 0.4353553354740143, -0.5671210289001465, -0.35313278436660767, 0.10058969259262085, -0.10920178890228271, 0.3232704997062683, 0.7489079236984253, 0.013244345784187317, -0.020955650135874748, 0.04060843214392662, -0.8132614493370056, 0.9441911578178406, 0.6929029822349548, -1.893225908279419, 1.3990319967269897, 0.5587076544761658, 0.9958325624465942, -1.3311808109283447, -0.41695114970207214, -0.5993375778198242, 0.44668594002723694, 0.6554975509643555, 1.0364855527877808, 0.016067862510681152, 0.41676411032676697, -1.3617981672286987, -0.6027559041976929, -0.2810567319393158, 0.49699026346206665, 0.49935367703437805, 1.0, 1.0, 1.0, 1.0, 1.0, 1.0, 1.0, 1.0, 1.0, 1.0, 1.0, 1.0]"
75,0.0,0.0,0.0,3.205293614882976e-05,0.0,238.56214904785156,3.192945587215945e-05,0.0,237.64312744140625,0.0,0.0,0.0,0.7331639528274536,0.06813875585794449,0.031124310567975044,-0.31868574023246765,-0.3227844536304474,0.2713683247566223,0.4304302930831909,0.8615543246269226,-0.7181432843208313,0.8468015789985657,-0.9920335412025452,-1.1138107776641846,0.9083682894706726,-0.884830117225647,1.0784955024719238,"[0.7331639528274536, 0.06813875585794449, 0.031124310567975044, -0.13442905247211456, -0.12955324351787567, 0.0033928726334124804, 0.013284450396895409, 0.009246150963008404, -0.9998688697814941, 0.699999988079071, 0.0, 0.0, -0.31868574023246765, -0.3227844536304474, 0.2713683247566223, 0.4304302930831909, 0.46155431866645813, -0.3181432783603668, 0.4468015730381012, -0.5920335054397583, -0.3138107657432556, 0.10836827754974365, -0.08483010530471802, 0.2784954905509949, 1.2426519393920898, -0.0026348051615059376, 0.0037085488438606262, -0.9193023443222046, -1.0727413892745972, 1.0270732641220093, 0.5901813507080078, -0.8694636821746826, 2.3559622764587402, 0.5333937406539917, 1.1804463863372803, -2.8985819816589355, -0.35741838812828064, -0.6640593409538269, 0.3766687214374542, 0.6718714237213135, 0.9478383660316467, 0.01391705870628357, 0.44548553228378296, -1.2521001100540161, -0.4064851999282837, -0.2735123932361603, 0.4318154454231262, 0.26023563742637634, 1.0, 1.0, 1.0, 1.0, 1.0, 1.0, 1.0, 1.0, 1.0, 1.0, 1.0, 1.0]"
76,0.0,0.0,0.0,2.9248294595163316e-05,0.0,217.6879119873047,2.6512969270697795e-05,0.0,197.32955932617188,0.0,0.0,0.0,0.7555295825004578,0.0754566639661789,0.012867791578173637,-0.2904520332813263,-0.32423508167266846,0.26976248621940613,0.4056439697742462,0.8371254205703735,-0.6932869553565979,0.8584330677986145,-0.9994300603866577,-1.0599639415740967,0.9142613410949707,-0.8601206541061401,1.007678508758545,"[0.7555295825004578, 0.0754566639661789, 0.012867791578173637, -0.007772259414196014, -0.10666131973266602, 0.0035513252951204777, 0.010840840637683868, 0.010623014532029629, -0.9998849034309387, 0.699999988079071, 0.0, 0.0, -0.2904520332813263, -0.32423508167266846, 0.26976248621940613, 0.4056439697742462, 0.43712541460990906, -0.2932869493961334, 0.45843306183815, -0.5994300842285156, -0.2599639296531677, 0.11426132917404175, -0.06012064218521118, 0.20767849683761597, 1.4739973545074463, -0.13977301120758057, -0.06798093765974045, -1.422028660774231, -1.3557077646255493, 1.1426594257354736, 0.6718477010726929, -0.024299997836351395, 3.155562162399292, 0.38825827836990356, 1.0179754495620728, -4.058865547180176, -0.3792571723461151, -0.6113522052764893, 0.37628188729286194, 0.6358804702758789, 0.8262231349945068, -0.06143003702163696, 0.50819331407547, -1.032613754272461, -0.11553370952606201, -0.2830648422241211, 0.2795020341873169, 0.018794797360897064, 1.0, 1.0, 1.0, 1.0, 1.0, 1.0, 1.0, 1.0, 1.0, 1.0, 1.0, 1.0]"
77,0.0,0.0,0.0,2.3816872271709144e-05,0.0,177.26316833496094,1.6696934835636057e-05,0.0,124.27120208740234,0.0,0.0,0.0,0.7808151841163635,0.08085663616657257,-0.033457834273576736,-0.2625281512737274,-0.32860615849494934,0.26523318886756897,0.373283326625824,0.8066096901893616,-0.6673545837402344,0.8733313083648682,-0.9879958629608154,-0.983765721321106,0.9173962473869324,-0.8410105109214783,0.9209545850753784,"[0.7808151841163635, 0.08085663616657257, -0.033457834273576736, 0.12889456748962402, -0.016431694850325584, 0.04299534857273102, 0.009724237024784088, 0.00893799215555191, -0.9999127984046936, 0.699999988079071, 0.0, 0.0, -0.2625281512737274, -0.32860615849494934, 0.26523318886756897, 0.373283326625824, 0.4066096842288971, -0.2673545777797699, 0.4733313024044037, -0.5879958868026733, -0.183765709400177, 0.11739623546600342, -0.041010499000549316, 0.12095457315444946, 1.3189396858215332, -0.25474676489830017, -0.16389882564544678, -1.7467900514602661, -1.6796550750732422, 1.2030001878738403, 0.9583643078804016, 1.0133068561553955, 4.452342510223389, 0.22017225623130798, 0.635807991027832, -4.639962196350098, -0.4868520200252533, -0.49364104866981506, 0.4839271605014801, 0.5680364370346069, 0.610831618309021, -0.2618964612483978, 0.6304095983505249, -0.7305629253387451, 0.3002309799194336, -0.2168223261833191, -0.008057698607444763, -0.22914591431617737, 1.0, 1.0, 1.0, 1.0, 1.0, 1.0, 1.0, 1.0, 1.0, 1.0, 1.0, 1.0]"
78,1.590223837411031e-05,0.0,118.3564682006836,1.008267281576991e-05,0.0,75.04287719726562,0.0,0.0,0.0,0.0,0.0,0.0,0.8108907341957092,0.08241400867700577,-0.0975208654999733,-0.25717511773109436,-0.33688366413116455,0.25959447026252747,0.33259594440460205,0.8027288317680359,-0.6421253085136414,0.893135130405426,-0.9527921080589294,-0.9345524907112122,0.9206802248954773,-0.8483037948608398,0.8286499977111816,"[0.8108907341957092, 0.08241400867700577, -0.0975208654999733, 0.45283880829811096, -0.038606997579336166, 0.042874936014413834, 0.009911115281283855, 0.0031838761642575264, -0.9999459981918335, 0.699999988079071, 0.0, 0.0, -0.25717511773109436, -0.33688366413116455, 0.25959447026252747, 0.33259594440460205, 0.4027288258075714, -0.24212530255317688, 0.49313512444496155, -0.5527920722961426, -0.1345524787902832, 0.12068021297454834, -0.04830378293991089, 0.028649985790252686, -0.6891114711761475, -0.6010676026344299, -0.18668150901794434, -2.272292375564575, 1.7558735609054565, 1.285083293914795, 0.9723634123802185, 2.2378008365631104, -0.4456497132778168, 0.2614075541496277, -2.000230550765991, -4.630310535430908, -0.6382029056549072, -0.449832946062088, 0.7317899465560913, 0.5302129983901978, 0.35293883085250854, -0.6957374811172485, 0.7890632152557373, -0.5014283657073975, 0.6327565908432007, 0.10663353651762009, -0.5160683393478394, -0.45248711109161377, 1.0, 1.0, 1.0, 1.0, 1.0, 1.0, 1.0, 1.0, 1.0, 1.0, 1.0, 1.0]"
79,4.092860399396159e-05,0.0,304.6216125488281,0.0,0.0,0.0,0.0,0.0,0.0,3.2029485737439245e-05,0.0,238.38763427734375,0.7498794198036194,0.02259085513651371,-0.1135314553976059,-0.26426267623901367,-0.34175747632980347,0.2769163250923157,0.31093335151672363,0.8284326791763306,-0.6242173910140991,0.9058153033256531,-0.9207929968833923,-0.9277719855308533,0.9361410737037659,-0.9160611033439636,0.7969565391540527,"[0.7498794198036194, 0.02259085513651371, -0.1135314553976059, -0.025011228397488594, -0.19369924068450928, 0.02390671707689762, 0.006684024352580309, -0.0015307293506339192, -0.999976634979248, 0.699999988079071, 0.0, 0.0, -0.26426267623901367, -0.34175747632980347, 0.2769163250923157, 0.31093335151672363, 0.4284326732158661, -0.22421738505363464, 0.5058152675628662, -0.5207929611206055, -0.12777197360992432, 0.13614106178283691, -0.11606109142303467, -0.0030434727668762207, -0.0627245083451271, 0.12586542963981628, 1.672603964805603, 0.0915013775229454, 1.4647421836853027, 0.42013120651245117, 0.4115341007709503, -0.2187754213809967, 0.0726081058382988, 1.2602354288101196, -4.024760723114014, 2.4698116779327393, -0.7027634978294373, -0.5444700717926025, 0.7537932395935059, 0.485330194234848, 0.43870681524276733, -1.0833159685134888, 1.1523538827896118, -0.3302833139896393, 0.5780161023139954, 0.5833874344825745, -1.0471209287643433, -0.5087037086486816, 1.0, 1.0, 1.0, 1.0, 1.0, 1.0, 1.0, 1.0, 1.0, 1.0, 1.0, 1.0]"
80,3.750162068172358e-05,0.0,279.1153869628906,0.0,0.0,0.0,0.0,0.0,0.0,5.0468141125747934e-05,0.0,375.6220397949219,0.7077027559280396,0.022677576169371605,-0.07981014996767044,-0.26389962434768677,-0.34259456396102905,0.3212928771972656,0.31352710723876953,0.8527032732963562,-0.639193594455719,0.9139963388442993,-0.9202640056610107,-0.9215273261070251,1.0000131130218506,-1.0191446542739868,0.8374279141426086,"[0.7077027559280396, 0.022677576169371605, -0.07981014996767044, -0.0041781519539654255, -0.14040125906467438, 0.027624621987342834, 0.0033535815309733152, 0.00030550913652405143, -0.9999943971633911, 0.699999988079071, 0.0, 0.0, -0.26389962434768677, -0.34259456396102905, 0.3212928771972656, 0.31352710723876953, 0.4527032673358917, -0.23919358849525452, 0.5139963626861572, -0.5202640295028687, -0.12152731418609619, 0.20001310110092163, -0.21914464235305786, 0.03742790222167969, -0.07341203093528748, -0.35222622752189636, 2.2246384620666504, 0.03152478486299515, 1.1656681299209595, -1.411115288734436, 0.4099087119102478, 0.1187831312417984, 0.3185483515262604, 4.1187334060668945, -5.630629539489746, 1.8242287635803223, -0.6961345076560974, -0.6370700001716614, 0.6301748156547546, 0.40803295373916626, 0.57651686668396, -1.2075777053833008, 1.1108713150024414, -0.21344587206840515, 0.5047352910041809, 0.87071692943573, -1.2425750494003296, -0.3069145381450653, 1.0, 1.0, 1.0, 1.0, 1.0, 1.0, 1.0, 1.0, 1.0, 1.0, 1.0, 1.0]"
81,3.2731579267419875e-05,0.0,243.61314392089844,0.0,0.0,0.0,0.0,0.0,0.0,4.281559813534841e-05,0.0,318.666015625,0.6830965876579285,0.04188861697912216,-0.06506920605897903,-0.2705245018005371,-0.36030250787734985,0.3539140522480011,0.308916300535202,0.8707352876663208,-0.6824774742126465,0.9185333847999573,-0.9185717701911926,-0.9095984101295471,1.0802794694900513,-1.1305452585220337,0.8731434345245361,"[0.6830965876579285, 0.04188861697912216, -0.06506920605897903, 0.33822306990623474, -0.09017104655504227, 0.03827052563428879, 0.0012770661851391196, -0.004728539846837521, -0.999987781047821, 0.699999988079071, 0.0, 0.0, -0.2705245018005371, -0.36030250787734985, 0.3539140522480011, 0.308916300535202, 0.4707352817058563, -0.282477468252182, 0.5185333490371704, -0.5185717344284058, -0.10959839820861816, 0.2802794575691223, -0.33054524660110474, 0.07314342260360718, -0.4246858060359955, -1.0698853731155396, 1.2873690128326416, -0.3261139988899231, 0.8470160365104675, -2.5319461822509766, 0.04478759318590164, 0.0495002418756485, 0.6380164623260498, 3.6982405185699463, -5.262707710266113, 1.7874701023101807, -0.6138246655464172, -0.6577824950218201, 0.6637516021728516, 0.4953346848487854, 0.5531527400016785, -1.2672864198684692, 1.1007438898086548, -0.17884059250354767, 0.4968474507331848, 0.8979001045227051, -1.2303047180175781, -0.2668241858482361, 1.0, 1.0, 1.0, 1.0, 1.0, 1.0, 1.0, 1.0, 1.0, 1.0, 1.0, 1.0]"
82,3.423707312322222e-05,0.0,254.81814575195312,0.0,0.0,0.0,0.0,0.0,0.0,4.028476178064011e-05,0.0,299.8296203613281,0.6731420159339905,0.04013782739639282,-0.05839557200670242,-0.2768957316875458,-0.37882304191589355,0.373445987701416,0.3046444058418274,0.8869624137878418,-0.7412720322608948,0.9106151461601257,-0.9142816662788391,-0.8963556885719299,1.138680100440979,-1.2107229232788086,0.904377818107605,"[0.6731420159339905, 0.04013782739639282, -0.05839557200670242, 0.12058652192354202, -0.09191765636205673, 0.04407569020986557, -0.0005239854217506945, -0.009228643961250782, -0.9999573230743408, 0.699999988079071, 0.0, 0.0, -0.2768957316875458, -0.37882304191589355, 0.373445987701416, 0.3046444058418274, 0.4869624078273773, -0.3412720263004303, 0.5106151103973389, -0.5142816305160522, -0.09635567665100098, 0.33868008852005005, -0.41072291135787964, 0.10437780618667603, -0.21604984998703003, -0.787670373916626, 0.8079478740692139, -0.11802627891302109, 0.8325175046920776, -3.121018171310425, -0.6941511631011963, 0.23049946129322052, 0.6324558258056641, 2.3913776874542236, -2.9960856437683105, 1.522554874420166, -0.5352367758750916, -0.6875730156898499, 0.60102379322052, 0.490103155374527, 0.4972895085811615, -1.290183424949646, 1.0720211267471313, -0.23600304126739502, 0.49411875009536743, 0.9027633666992188, -1.1479151248931885, -0.3043549060821533, 1.0, 1.0, 1.0, 1.0, 1.0, 1.0, 1.0, 1.0, 1.0, 1.0, 1.0, 1.0]"
83,3.7608366255881265e-05,0.0,279.9098815917969,0.0,0.0,0.0,0.0,0.0,0.0,4.0851649828255177e-05,0.0,304.0488586425781,0.6719968318939209,0.04000185430049896,-0.03978021442890167,-0.2793967127799988,-0.3917994201183319,0.3824418783187866,0.30386221408843994,0.902206540107727,-0.8056877851486206,0.8896563649177551,-0.9057276248931885,-0.8816450834274292,1.1711806058883667,-1.242106318473816,0.9297639727592468,"[0.6719968318939209, 0.04000185430049896, -0.03978021442890167, 0.0022254218347370625, -0.10345359891653061, 0.03214437887072563, -0.00253011891618371, -0.009869850240647793, -0.9999484419822693, 0.699999988079071, 0.0, 0.0, -0.2793967127799988, -0.3917994201183319, 0.3824418783187866, 0.30386221408843994, 0.502206563949585, -0.40568777918815613, 0.48965635895729065, -0.5057276487350464, -0.08164507150650024, 0.37118059396743774, -0.44210630655288696, 0.12976396083831787, -0.0889507457613945, -0.5977288484573364, 0.20240670442581177, -0.01882641389966011, 0.7395133376121521, -3.2218613624572754, -1.2262595891952515, 0.43767714500427246, 0.7832155227661133, 1.2731168270111084, -0.7423746585845947, 1.248847484588623, -0.5019176602363586, -0.6948856115341187, 0.5359837412834167, 0.5279029607772827, 0.4316749572753906, -1.2861340045928955, 1.0485608577728271, -0.27022862434387207, 0.5129582285881042, 0.9016889333724976, -1.0159635543823242, -0.31670182943344116, 1.0, 1.0, 1.0, 1.0, 1.0, 1.0, 1.0, 1.0, 1.0, 1.0, 1.0, 1.0]"
84,3.868558269459754e-05,0.0,287.92730712890625,0.0,0.0,0.0,0.0,0.0,0.0,4.063394226250239e-05,0.0,302.42852783203125,0.6810507774353027,0.04093405604362488,-0.014777897857129574,-0.28112348914146423,-0.4015766978263855,0.37878724932670593,0.30314314365386963,0.9145017266273499,-0.8659364581108093,0.8630490899085999,-0.8935997486114502,-0.8622245192527771,1.188846230506897,-1.241981029510498,0.9505284428596497,"[0.6810507774353027, 0.04093405604362488, -0.014777897857129574, 0.009156030602753162, -0.10427137464284897, 0.015751181170344353, -0.004648714791983366, -0.010032190941274166, -0.9999388456344604, 0.699999988079071, 0.0, 0.0, -0.28112348914146423, -0.4015766978263855, 0.37878724932670593, 0.30314314365386963, 0.514501690864563, -0.46593645215034485, 0.4630490839481354, -0.4935997426509857, -0.062224507331848145, 0.388846218585968, -0.4419810175895691, 0.1505284309387207, -0.07740943133831024, -0.3909187614917755, -0.40580177307128906, -0.043307285755872726, 0.5691738128662109, -2.814267873764038, -1.3817050457000732, 0.6117734313011169, 1.0519587993621826, 0.6083561778068542, 0.48234623670578003, 1.027197241783142, -0.49246785044670105, -0.7194456458091736, 0.47872141003608704, 0.5865321159362793, 0.38624998927116394, -1.2505589723587036, 1.0090116262435913, -0.29540008306503296, 0.5315989255905151, 0.8680829405784607, -0.8745051026344299, -0.3360583782196045, 1.0, 1.0, 1.0, 1.0, 1.0, 1.0, 1.0, 1.0, 1.0, 1.0, 1.0, 1.0]"
85,3.831776120932773e-05,0.0,285.1897277832031,0.0,0.0,0.0,0.0,0.0,0.0,3.975447179982439e-05,0.0,295.8828125,0.6980198621749878,0.03999398648738861,0.012728823348879814,-0.2826029062271118,-0.40504559874534607,0.3646618127822876,0.30186939239501953,0.9234039187431335,-0.9126259684562683,0.8353739976882935,-0.8776527643203735,-0.8375450968742371,1.192141056060791,-1.2220427989959717,0.9662253856658936,"[0.6980198621749878, 0.03999398648738861, 0.012728823348879814, 0.012011955492198467, -0.08459420502185822, 0.0006299291853792965, -0.006546493154019117, -0.010327868163585663, -0.9999252557754517, 0.699999988079071, 0.0, 0.0, -0.2826029062271118, -0.40504559874534607, 0.3646618127822876, 0.30186939239501953, 0.5234038829803467, -0.5126259326934814, 0.435373991727829, -0.47765275835990906, -0.037545084953308105, 0.39214104413986206, -0.4220427870750427, 0.1662253737449646, -0.06142006069421768, -0.025694716721773148, -0.8768848776817322, -0.06433698534965515, 0.3962022066116333, -1.9998669624328613, -1.4036589860916138, 0.7977428436279297, 1.3101119995117188, -0.2540971338748932, 1.410499930381775, 0.7726866006851196, -0.5280908346176147, -0.7367035746574402, 0.43753597140312195, 0.6746411323547363, 0.3503117561340332, -1.206695318222046, 0.9397331476211548, -0.3023757040500641, 0.5454919338226318, 0.7603716850280762, -0.7163744568824768, -0.35610663890838623, 1.0, 1.0, 1.0, 1.0, 1.0, 1.0, 1.0, 1.0, 1.0, 1.0, 1.0, 1.0]"
86,3.745160938706249e-05,0.0,278.7431640625,0.0,0.0,0.0,0.0,0.0,0.0,3.878036659443751e-05,0.0,288.6327819824219,0.718244194984436,0.038196057081222534,0.040532320737838745,-0.2835211455821991,-0.40136396884918213,0.34300559759140015,0.30036699771881104,0.9291402101516724,-0.9410979747772217,0.8070134520530701,-0.8574948906898499,-0.8085236549377441,1.1725749969482422,-1.1826773881912231,0.9756361842155457,"[0.718244194984436, 0.038196057081222534, 0.040532320737838745, -0.016557924449443817, -0.03667471557855606, -0.010234296321868896, -0.007711425889283419, -0.01036759465932846, -0.9999164342880249, 0.699999988079071, 0.0, 0.0, -0.2835211455821991, -0.40136396884918213, 0.34300559759140015, 0.30036699771881104, 0.5291402339935303, -0.5410979986190796, 0.4070134460926056, -0.4574948847293854, -0.008523643016815186, 0.37257498502731323, -0.3826773762702942, 0.1756361722946167, -0.019128037616610527, 0.3316313326358795, -1.1906694173812866, -0.05832744762301445, 0.24548593163490295, -1.039417028427124, -1.4725316762924194, 1.0073590278625488, 1.5011531114578247, -1.688586711883545, 2.499589681625366, 0.44251763820648193, -0.5920395255088806, -0.7383829951286316, 0.4154745638370514, 0.7746250629425049, 0.31601661443710327, -1.1176353693008423, 0.8303027153015137, -0.3016480505466461, 0.5600878596305847, 0.5573922395706177, -0.4958391785621643, -0.4074305593967438, 1.0, 1.0, 1.0, 1.0, 1.0, 1.0, 1.0, 1.0, 1.0, 1.0, 1.0, 1.0]"
87,3.6009401810588315e-05,0.0,268.0091552734375,0.0,0.0,0.0,0.0,0.0,0.0,3.634754102677107e-05,0.0,270.5258483886719,0.7398563027381897,0.03409989923238754,0.06542834639549255,-0.2830132842063904,-0.3909759223461151,0.3178580105304718,0.29955706000328064,0.9323382377624512,-0.9498803615570068,0.7758180499076843,-0.8327213525772095,-0.7767685055732727,1.1213126182556152,-1.1192251443862915,0.9772747755050659,"[0.7398563027381897, 0.03409989923238754, 0.06542834639549255, -0.093397356569767, 0.03085530363023281, -0.016120778396725655, -0.007641933858394623, -0.009174454025924206, -0.9999286532402039, 0.699999988079071, 0.0, 0.0, -0.2830132842063904, -0.3909759223461151, 0.3178580105304718, 0.29955706000328064, 0.5323382616043091, -0.5498803853988647, 0.37581804394721985, -0.432721346616745, 0.02323150634765625, 0.3213126063346863, -0.31922513246536255, 0.17727476358413696, 0.06698457896709442, 0.669499397277832, -1.2738242149353027, -0.005076135043054819, 0.13707321882247925, -0.029299769550561905, -1.656653642654419, 1.2347029447555542, 1.606497049331665, -3.323188066482544, 3.743072271347046, 0.04877854138612747, -0.704642117023468, -0.6909383535385132, 0.4298540949821472, 0.8512585163116455, 0.29068470001220703, -0.9817548990249634, 0.688995361328125, -0.32999902963638306, 0.554618239402771, 0.28470292687416077, -0.1990358680486679, -0.46270230412483215, 1.0, 1.0, 1.0, 1.0, 1.0, 1.0, 1.0, 1.0, 1.0, 1.0, 1.0, 1.0]"
88,3.192000076523982e-05,0.0,237.57276916503906,0.0,0.0,0.0,0.0,0.0,0.0,3.205698885722086e-05,0.0,238.59231567382812,0.762753963470459,0.025831734761595726,0.07420201599597931,-0.28063616156578064,-0.3730345368385315,0.2945118844509125,0.3001319169998169,0.934077262878418,-0.9376013278961182,0.7402820587158203,-0.8039621114730835,-0.7441036105155945,1.0418950319290161,-1.0335637331008911,0.9715391397476196,"[0.762753963470459, 0.025831734761595726, 0.07420201599597931, -0.18633292615413666, 0.10836490988731384, -0.019059758633375168, -0.006117957644164562, -0.00623959768563509, -0.999961793422699, 0.699999988079071, 0.0, 0.0, -0.28063616156578064, -0.3730345368385315, 0.2945118844509125, 0.3001319169998169, 0.5340772867202759, -0.5376013517379761, 0.34028205275535583, -0.403962105512619, 0.05589640140533447, 0.24189502000808716, -0.23356372117996216, 0.17153912782669067, 0.16186285018920898, 1.0802353620529175, -1.0517795085906982, 0.07356036454439163, 0.12616802752017975, 1.0355427265167236, -1.854158878326416, 1.4363563060760498, 1.5599679946899414, -4.420830726623535, 4.597046852111816, -0.33032166957855225, -0.8202036023139954, -0.5848655104637146, 0.504814863204956, 0.8314074277877808, 0.3168167471885681, -0.808539867401123, 0.58014976978302, -0.45152920484542847, 0.4483843445777893, 0.026746384799480438, 0.08115871250629425, -0.43993282318115234, 1.0, 1.0, 1.0, 0.0, 1.0, 1.0, 1.0, 1.0, 1.0, 1.0, 1.0, 1.0]"
89,1.8669103155843914e-05,0.0,138.94956970214844,0.0,0.0,0.0,4.044857632834464e-05,0.0,301.04888916015625,1.918282578117214e-05,0.0,142.7730712890625,0.7930412292480469,0.005015903152525425,0.0504889115691185,-0.2755315899848938,-0.34325048327445984,0.28268665075302124,0.30346986651420593,0.9377917647361755,-0.9026409983634949,0.7053871154785156,-0.7731654047966003,-0.7156878709793091,0.9481595754623413,-0.9439411163330078,0.9606927633285522,"[0.7930412292480469, 0.005015903152525425, 0.0504889115691185, -0.4753202199935913, 0.14750178158283234, -0.008062937296926975, -0.0028425429482012987, -0.0005628238432109356, -0.9999957084655762, 0.699999988079071, 0.0, 0.0, -0.2755315899848938, -0.34325048327445984, 0.28268665075302124, 0.30346986651420593, 0.5377917289733887, -0.502640962600708, 0.30538710951805115, -0.37316539883613586, 0.08431214094161987, 0.14815956354141235, -0.14394110441207886, 0.1606927514076233, 0.4438703656196594, 2.0629818439483643, 0.2925836443901062, 0.37163758277893066, 0.3132586181163788, 2.384981632232666, -0.2833597660064697, 1.6445720195770264, 1.2997539043426514, -5.50746488571167, 2.209108352661133, -0.6454330682754517, -0.7599309682846069, -0.42318442463874817, 0.7230381965637207, 0.8220380544662476, 0.5755259990692139, -0.1042746901512146, 0.39571234583854675, -0.7674605846405029, 0.1886972337961197, -0.6123150587081909, 0.4605655074119568, -0.14374569058418274, 1.0, 1.0, 1.0, 1.0, 1.0, 1.0, 1.0, 1.0, 1.0, 1.0, 1.0, 1.0]"
90,0.0,0.0,0.0,2.7643302018987015e-05,0.0,205.74234008789062,4.3520722101675346e-05,0.0,323.9140930175781,1.859220901678782e-06,0.0,13.837726593017578,0.7680335640907288,0.02561347931623459,0.06360310316085815,-0.27035558223724365,-0.31956177949905396,0.2945808470249176,0.3150930106639862,0.9439353346824646,-0.8695340156555176,0.7279826998710632,-0.7405027151107788,-0.7275059223175049,0.913971483707428,-0.9404777884483337,0.9439563751220703,"[0.7680335640907288, 0.02561347931623459, 0.06360310316085815, -0.5722002387046814, 0.21631093323230743, 0.0725143551826477, 0.00036594539415091276, 0.012475415132939816, -0.9999220967292786, 0.699999988079071, 0.0, 0.0, -0.27035558223724365, -0.31956177949905396, 0.2945808470249176, 0.3150930106639862, 0.5439352989196777, -0.4695340096950531, 0.32798269391059875, -0.34050270915031433, 0.07249408960342407, 0.11397147178649902, -0.14047777652740479, 0.14395636320114136, -0.42293068766593933, 0.5612922310829163, 0.4687103033065796, 0.5497868657112122, 0.26168304681777954, 0.9263108372688293, 1.0253552198410034, 1.4600012302398682, -3.672370433807373, 0.30073675513267517, 0.20348894596099854, -0.679953396320343, -0.9936907887458801, -0.33921942114830017, 0.393066942691803, 0.7229095697402954, 0.7363889217376709, -0.3356054723262787, 0.4246236979961395, -1.2614864110946655, -0.47455042600631714, -0.5516479015350342, 0.4923391342163086, 0.15470361709594727, 1.0, 1.0, 1.0, 1.0, 1.0, 1.0, 1.0, 1.0, 1.0, 1.0, 1.0, 1.0]"
91,0.0,0.0,0.0,3.90615823562257e-05,0.0,290.72576904296875,3.603885852498934e-05,0.0,268.2284240722656,0.0,0.0,0.0,0.7186731696128845,0.038068611174821854,0.08628726750612259,-0.3014390766620636,-0.31557682156562805,0.29475101828575134,0.3300543427467346,0.933979868888855,-0.8458906412124634,0.7470880150794983,-0.7371599674224854,-0.8045475482940674,0.9098988175392151,-0.9364920258522034,0.952659010887146,"[0.7186731696128845, 0.038068611174821854, 0.08628726750612259, 0.1122148334980011, 0.201222226023674, 0.137482151389122, 0.0046855006366968155, 0.015328398905694485, -0.9998713135719299, 0.699999988079071, 0.0, 0.0, -0.3014390766620636, -0.31557682156562805, 0.29475101828575134, 0.3300543427467346, 0.5339798927307129, -0.4458906352519989, 0.3470880091190338, -0.3371599614620209, -0.004547536373138428, 0.10989880561828613, -0.13649201393127441, 0.15265899896621704, -2.013951301574707, -0.03400092571973801, -0.23688164353370667, 1.0281111001968384, -0.8599610328674316, 1.2054998874664307, 1.0748926401138306, -0.9381864070892334, -3.8797290325164795, -0.3099367022514343, 0.006090369075536728, 2.8189027309417725, -0.5107272267341614, -0.7574263215065002, 0.35138702392578125, 0.8499906063079834, 1.1591296195983887, -0.1644868552684784, 0.5242805480957031, -1.71066415309906, -1.1171441078186035, -0.37572622299194336, 0.529728353023529, 0.7315381765365601, 1.0, 1.0, 1.0, 1.0, 1.0, 1.0, 1.0, 1.0, 1.0, 1.0, 1.0, 1.0]"
92,0.0,0.0,0.0,3.132594429189339e-05,0.0,233.15133666992188,3.3949454518733546e-05,0.0,252.67745971679688,0.0,0.0,0.0,0.6895825266838074,0.02906852774322033,0.05912984535098076,-0.33574560284614563,-0.31754761934280396,0.2890663146972656,0.36316895484924316,0.9176519513130188,-0.820894181728363,0.7668896317481995,-0.783944308757782,-0.9225972294807434,0.9013097286224365,-0.9358628988265991,1.0290242433547974,"[0.6895825266838074, 0.02906852774322033, 0.05912984535098076, 0.1511223018169403, 0.21698914468288422, 0.10079938918352127, 0.009089025668799877, 0.011703366413712502, -0.9998902082443237, 0.699999988079071, 0.0, 0.0, -0.33574560284614563, -0.31754761934280396, 0.2890663146972656, 0.36316895484924316, 0.5176519155502319, -0.42089417576789856, 0.366889625787735, -0.3839443027973175, -0.12259721755981445, 0.10130971670150757, -0.13586288690567017, 0.2290242314338684, -1.311348795890808, -0.08363804966211319, -0.22292158007621765, 1.9780781269073486, -0.7432223558425903, 1.0915029048919678, 1.0440934896469116, -2.9398903846740723, -6.763802528381348, -0.2625059485435486, -0.07437215745449066, 3.432546377182007, -0.5300872325897217, -0.6800185441970825, 0.3710312843322754, 0.7758351564407349, 1.2709293365478516, -0.22676381468772888, 0.502265453338623, -1.5280805826187134, -1.2893997430801392, -0.3563377261161804, 0.5720091462135315, 0.8469691276550293, 1.0, 1.0, 1.0, 1.0, 1.0, 1.0, 1.0, 1.0, 1.0, 1.0, 1.0, 1.0]"
93,0.0,0.0,0.0,3.0702780350111425e-05,0.0,228.5132598876953,3.4049189707729965e-05,0.0,253.41978454589844,0.0,0.0,0.0,0.6854333281517029,0.032631952315568924,0.024141907691955566,-0.3501230776309967,-0.31981319189071655,0.2849881052970886,0.4048990309238434,0.9060704112052917,-0.7987461090087891,0.786920428276062,-0.8534145355224609,-1.0562368631362915,0.8985477089881897,-0.9346848726272583,1.0907535552978516,"[0.6854333281517029, 0.032631952315568924, 0.024141907691955566, 0.16820509731769562, 0.11324937641620636, 0.040000125765800476, 0.012230264022946358, 0.008827242068946362, -0.9998859167098999, 0.699999988079071, 0.0, 0.0, -0.3501230776309967, -0.31981319189071655, 0.2849881052970886, 0.4048990309238434, 0.5060703754425049, -0.3987461030483246, 0.38692042231559753, -0.45341452956199646, -0.25623685121536255, 0.09854769706726074, -0.13468486070632935, 0.2907535433769226, -0.48143693804740906, -0.16321660578250885, -0.2124512493610382, 1.9966156482696533, -0.4884527921676636, 0.9695090055465698, 1.0669225454330444, -3.6210451126098633, -6.312292575836182, 0.09201686084270477, 0.02953672781586647, 2.885446310043335, -0.5617127418518066, -0.5318517684936523, 0.46089062094688416, 0.7196918725967407, 1.260607123374939, -0.12948748469352722, 0.5349353551864624, -1.4411433935165405, -1.1324712038040161, -0.3438512682914734, 0.5323401689529419, 0.843598484992981, 1.0, 1.0, 1.0, 1.0, 1.0, 1.0, 1.0, 1.0, 1.0, 1.0, 1.0, 1.0]"
94,0.0,0.0,0.0,3.468301292741671e-05,0.0,258.1371765136719,3.379343979759142e-05,0.0,251.51629638671875,0.0,0.0,0.0,0.6998159289360046,0.044397883117198944,0.021068710833787918,-0.35445594787597656,-0.3237535357475281,0.2803865373134613,0.4339769184589386,0.8972877264022827,-0.777165412902832,0.8064343929290771,-0.9187220931053162,-1.146571397781372,0.9010441303253174,-0.9288298487663269,1.1250091791152954,"[0.6998159289360046, 0.044397883117198944, 0.021068710833787918, 0.14508196711540222, 0.0005730910925194621, 0.016448626294732094, 0.013053666800260544, 0.005573872942477465, -0.99989914894104, 0.699999988079071, 0.0, 0.0, -0.35445594787597656, -0.3237535357475281, 0.2803865373134613, 0.4339769184589386, 0.49728772044181824, -0.37716540694236755, 0.40643438696861267, -0.5187220573425293, -0.3465713858604431, 0.10104411840438843, -0.12882983684539795, 0.32500916719436646, -0.03163504600524902, -0.19320908188819885, -0.21374472975730896, 1.0643455982208252, -0.5131625533103943, 0.9801496267318726, 0.9826791882514954, -2.9200260639190674, -2.8080458641052246, 0.32089340686798096, 0.37500444054603577, 0.911206066608429, -0.5741229057312012, -0.4403931796550751, 0.4847278296947479, 0.6867512464523315, 1.1763983964920044, -0.073356032371521, 0.4561130702495575, -1.3904485702514648, -0.8880252838134766, -0.33875301480293274, 0.5035657286643982, 0.7694864869117737, 1.0, 1.0, 1.0, 1.0, 1.0, 1.0, 1.0, 1.0, 1.0, 1.0, 1.0, 1.0]"
95,0.0,0.0,0.0,3.54191470250953e-05,0.0,263.61602783203125,3.3750664442777634e-05,0.0,251.1979522705078,0.0,0.0,0.0,0.7181408405303955,0.05099301412701607,0.03200923651456833,-0.34913912415504456,-0.32582491636276245,0.2776636481285095,0.4432332217693329,0.8852752447128296,-0.7548550367355347,0.8225941061973572,-0.9636204838752747,-1.1581997871398926,0.9064707159996033,-0.9141620993614197,1.1286791563034058,"[0.7181408405303955, 0.05099301412701607, 0.03200923651456833, -0.03576350957155228, -0.0748915821313858, 0.01734127104282379, 0.012002869509160519, 0.004952374845743179, -0.999916136264801, 0.699999988079071, 0.0, 0.0, -0.34913912415504456, -0.32582491636276245, 0.2776636481285095, 0.4432332217693329, 0.4852752387523651, -0.3548550307750702, 0.4225941002368927, -0.5636204481124878, -0.3581997752189636, 0.10647070407867432, -0.11416208744049072, 0.3286791443824768, 0.45349884033203125, -0.043530046939849854, -0.0729389488697052, 0.08817508816719055, -0.6769066452980042, 0.993693470954895, 0.7885557413101196, -1.8039733171463013, 0.5434712171554565, 0.46740642189979553, 0.8248679041862488, -0.4436571002006531, -0.4666247069835663, -0.5549666285514832, 0.43590107560157776, 0.6527062654495239, 1.0865986347198486, -0.03832453489303589, 0.426241010427475, -1.367794156074524, -0.672187864780426, -0.29679813981056213, 0.4955604076385498, 0.6037842035293579, 1.0, 1.0, 1.0, 1.0, 1.0, 1.0, 1.0, 1.0, 1.0, 1.0, 1.0, 1.0]"
96,0.0,0.0,0.0,3.269050648668781e-05,0.0,243.3074493408203,3.2888816349441186e-05,0.0,244.78343200683594,0.0,0.0,0.0,0.7349533438682556,0.05773407593369484,0.034321945160627365,-0.3335976004600525,-0.32572779059410095,0.27708950638771057,0.4339514970779419,0.8694512844085693,-0.7315242886543274,0.835567057132721,-0.9877228736877441,-1.1284395456314087,0.9129520654678345,-0.8925395607948303,1.1016509532928467,"[0.7349533438682556, 0.05773407593369484, 0.034321945160627365, -0.10682770609855652, -0.10780216008424759, 0.00840807519853115, 0.009983138181269169, 0.007006139028817415, -0.9999258518218994, 0.699999988079071, 0.0, 0.0, -0.3335976004600525, -0.32572779059410095, 0.27708950638771057, 0.4339514970779419, 0.46945127844810486, -0.3315242826938629, 0.43556705117225647, -0.587722897529602, -0.32843953371047974, 0.11295205354690552, -0.09253954887390137, 0.3016509413719177, 0.9680783748626709, -0.00026495615020394325, -0.01096867024898529, -0.773543655872345, -0.8999108076095581, 1.047857403755188, 0.6616239547729492, -0.8794536590576172, 1.9791852235794067, 0.4724612236022949, 1.0632939338684082, -2.032893180847168, -0.3911980092525482, -0.6490193605422974, 0.3716641962528229, 0.6731194257736206, 0.9944055080413818, -0.0241488516330719, 0.42498108744621277, -1.3274883031845093, -0.5122992992401123, -0.279970645904541, 0.46623408794403076, 0.38443723320961, 1.0, 1.0, 1.0, 1.0, 1.0, 1.0, 1.0, 1.0, 1.0, 1.0, 1.0, 1.0]"
97,0.0,0.0,0.0,3.0328368666232564e-05,0.0,225.72662353515625,3.045788616873324e-05,0.0,226.6905975341797,0.0,0.0,0.0,0.7512934803962708,0.06422680616378784,0.021394159644842148,-0.3091993033885956,-0.3266790509223938,0.2758435904979706,0.41272270679473877,0.8487522602081299,-0.7066555023193359,0.8478785753250122,-0.9983211159706116,-1.0833061933517456,0.9183816313743591,-0.8691537380218506,1.0465483665466309,"[0.7512934803962708, 0.06422680616378784, 0.021394159644842148, -0.026583606377243996, -0.10479020327329636, -0.0006329972529783845, 0.007755483500659466, 0.008396121673285961, -0.9999345541000366, 0.699999988079071, 0.0, 0.0, -0.3091993033885956, -0.3266790509223938, 0.2758435904979706, 0.41272270679473877, 0.4487522542476654, -0.30665549635887146, 0.44787856936454773, -0.5983210802078247, -0.28330618143081665, 0.11838161945343018, -0.06915372610092163, 0.2465483546257019, 1.3455424308776855, -0.1017281636595726, -0.05964034050703049, -1.2207059860229492, -1.1499037742614746, 1.135377287864685, 0.6772037744522095, -0.288389652967453, 2.5758955478668213, 0.3849855661392212, 1.0212156772613525, -3.367027759552002, -0.37163981795310974, -0.6538431644439697, 0.35156896710395813, 0.6602959632873535, 0.9122565388679504, -0.037463992834091187, 0.45168712735176086, -1.1779736280441284, -0.2915780544281006, -0.2868179976940155, 0.3796554207801819, 0.15678086876869202, 1.0, 1.0, 1.0, 1.0, 1.0, 1.0, 1.0, 1.0, 1.0, 1.0, 1.0, 1.0]"
98,0.0,0.0,0.0,2.7532385502127e-05,0.0,204.91680908203125,2.4477507395204157e-05,0.0,182.1800994873047,0.0,0.0,0.0,0.7727175354957581,0.06997839361429214,-0.006205708719789982,-0.28105825185775757,-0.33000022172927856,0.2724968194961548,0.3853531777858734,0.82328861951828,-0.6803365349769592,0.8617010712623596,-0.9956037402153015,-1.0229997634887695,0.9215840101242065,-0.8481119871139526,0.9702215194702148,"[0.7727175354957581, 0.06997839361429214, -0.006205708719789982, 0.08637787401676178, -0.059894051402807236, 0.016010383144021034, 0.006122054997831583, 0.007544018793851137, -0.9999529719352722, 0.699999988079071, 0.0, 0.0, -0.28105825185775757, -0.33000022172927856, 0.2724968194961548, 0.3853531777858734, 0.42328861355781555, -0.28033652901649475, 0.46170106530189514, -0.5956037044525146, -0.22299975156784058, 0.12158399820327759, -0.04811197519302368, 0.1702215075492859, 1.4075031280517578, -0.210592120885849, -0.1129131019115448, -1.4771629571914673, -1.389182448387146, 1.2194324731826782, 0.827845573425293, 0.47811588644981384, 3.5359997749328613, 0.24475964903831482, 0.7675169706344604, -4.179895877838135, -0.4281505048274994, -0.5592665076255798, 0.401044636964798, 0.6060812473297119, 0.7642494440078735, -0.14681869745254517, 0.5146076679229736, -0.9281595945358276, 0.02725757658481598, -0.2786223292350769, 0.196859672665596, -0.06389100104570389, 1.0, 1.0, 1.0, 1.0, 1.0, 1.0, 1.0, 1.0, 1.0, 1.0, 1.0, 1.0]"
99,0.0,0.0,0.0,2.0048282749485224e-05,0.0,149.21446228027344,1.3893145478505176e-05,0.0,103.40328216552734,0.0,0.0,0.0,0.7948805093765259,0.0735943391919136,-0.06693236529827118,-0.2559492588043213,-0.33460965752601624,0.26783761382102966,0.35323792695999146,0.7921673059463501,-0.6544254422187805,0.8794143795967102,-0.9730930924415588,-0.9389603734016418,0.9233293533325195,-0.8342132568359375,0.8833315968513489,"[0.7948805093765259, 0.0735943391919136, -0.06693236529827118, 0.12197624891996384, 0.05667600408196449, 0.07527816295623779, 0.006278482731431723, 0.005089611746370792, -0.9999673366546631, 0.699999988079071, 0.0, 0.0, -0.2559492588043213, -0.33460965752601624, 0.26783761382102966, 0.35323792695999146, 0.3921672999858856, -0.25442543625831604, 0.4794143736362457, -0.573093056678772, -0.1389603614807129, 0.12332934141159058, -0.034213244915008545, 0.08333158493041992, 1.1531951427459717, -0.21916136145591736, -0.20231463015079498, -1.684135913848877, -1.7182053327560425, 1.189990758895874, 1.1323766708374023, 1.5919854640960693, 4.8209967613220215, 0.1646254062652588, 0.36861807107925415, -4.630931854248047, -0.5475425720214844, -0.46555963158607483, 0.5463250875473022, 0.5454286336898804, 0.5017175674438477, -0.39705348014831543, 0.6650745868682861, -0.6416651010513306, 0.4499337077140808, -0.14510908722877502, -0.14875827729701996, -0.32392579317092896, 1.0, 1.0, 1.0, 1.0, 1.0, 1.0, 1.0, 1.0, 1.0, 1.0, 1.0, 1.0]"
100,3.480123632471077e-05,0.0,259.01708984375,3.3263659133808687e-06,0.0,24.757328033447266,0.0,0.0,0.0,0.0,0.0,0.0,0.8039787411689758,0.05403169244527817,-0.11977510154247284,-0.2645001709461212,-0.34363433718681335,0.2657010555267334,0.31370437145233154,0.8095600605010986,-0.6291583180427551,0.8995190262794495,-0.9264447093009949,-0.9213747978210449,0.927582859992981,-0.8636831045150757,0.792306125164032,"[0.8039787411689758, 0.05403169244527817, -0.11977510154247284, 0.37948253750801086, -0.10753895342350006, 0.0639733299612999, 0.005787968635559082, -0.0018587883096188307, -0.9999810457229614, 0.699999988079071, 0.0, 0.0, -0.2645001709461212, -0.34363433718681335, 0.2657010555267334, 0.31370437145233154, 0.40956005454063416, -0.22915831208229065, 0.499519020318985, -0.526444673538208, -0.12137478590011597, 0.127582848072052, -0.06368309259414673, -0.007693886756896973, -0.5105018019676208, -0.3558526337146759, 0.3228033781051636, -1.9132359027862549, 1.2605849504470825, 1.2569589614868164, 0.9193698167800903, 2.7507622241973877, 0.3459213376045227, -0.08627128601074219, -3.4692962169647217, -4.4935760498046875, -0.7020158171653748, -0.5108038783073425, 0.8483534455299377, 0.551964282989502, 0.2643149197101593, -0.9148457050323486, 0.8301512002944946, -0.4456097483634949, 0.666694700717926, 0.26265349984169006, -0.7335535883903503, -0.4900476336479187, 1.0, 1.0, 1.0, 1.0, 1.0, 1.0, 1.0, 1.0, 1.0, 1.0, 1.0, 1.0]"
101,4.074861863045953e-05,0.0,303.2820129394531,0.0,0.0,0.0,0.0,0.0,0.0,0.0,0.0,0.0,0.6376659870147705,-0.0016975298058241606,-0.3183843493461609,-0.2958217263221741,-0.3721518814563751,0.26463449001312256,0.33443906903266907,0.8329628705978394,-0.6235384345054626,0.9166128039360046,-1.0766557455062866,-0.9143562316894531,0.9500346183776855,-0.9515170454978943,0.7811206579208374,"[0.6376659870147705, -0.0016975298058241606, -0.3183843493461609, 1.719976544380188, -0.3578902781009674, -0.11217304319143295, 0.0013592953328043222, -0.03385447338223457, -0.9994257092475891, 0.699999988079071, 0.0, 0.0, -0.2958217263221741, -0.3721518814563751, 0.26463449001312256, 0.33443906903266907, 0.4329628646373749, -0.22353842854499817, 0.5166127681732178, 0.11158895492553711, -0.11435621976852417, 0.1500346064567566, -0.15151703357696533, -0.018879354000091553, -1.6429519653320312, -1.292401671409607, 0.5152801275253296, 0.8213182687759399, 1.2731988430023193, -0.2940577268600464, 0.8125472068786621, -7.525231838226318, 0.36694592237472534, 2.065869092941284, -4.155940532684326, -7.4982380867004395, -0.7470012903213501, -0.6006762385368347, 0.7063284516334534, 0.4031066298484802, 0.5313841104507446, -1.1447653770446777, 1.1765650510787964, -0.2806437015533447, 0.5512639284133911, 0.690427303314209, -1.1123011112213135, -0.5384460687637329, 1.0, 1.0, 1.0, 1.0, 1.0, 1.0, 1.0, 1.0, 1.0, 1.0, 1.0, 1.0]"
102,3.768980604945682e-05,0.0,280.5159912109375,0.0,0.0,0.0,0.0,0.0,0.0,0.0,0.0,0.0,0.6599487066268921,-0.017680032178759575,-0.37431561946868896,-0.3356364071369171,-0.3991484045982361,0.2836778461933136,0.31022393703460693,0.8536403775215149,-0.6461435556411743,0.9406334161758423,-1.1883052587509155,-0.8913325667381287,1.0162302255630493,-1.054585337638855,0.6567323803901672,"[0.6599487066268921, -0.017680032178759575, -0.37431561946868896, 1.9090287685394287, -0.8773792386054993, 0.0526425875723362, -0.011994795873761177, -0.07556474208831787, -0.9970690011978149, 0.699999988079071, 0.0, 0.0, -0.3356364071369171, -0.3991484045982361, 0.2836778461933136, 0.31022393703460693, 0.4536403715610504, -0.24614354968070984, 0.5406334400177002, -6.0558319091796875e-05, -0.09133255481719971, 0.21623021364212036, -0.254585325717926, -0.14326763153076172, -1.8381751775741577, -0.9665321707725525, 1.3118903636932373, -5.127686023712158, 1.063855528831482, -1.2945106029510498, 1.0995206832885742, 0.11152175068855286, 1.4977142810821533, 2.255277156829834, -5.007195949554443, -7.222228527069092, -0.12338575720787048, -0.9980199337005615, 0.321204274892807, 0.3919048309326172, -0.2608497738838196, -1.0635550022125244, 0.881883978843689, 1.49461829662323, 0.6945971250534058, 0.32541003823280334, -1.3411970138549805, -1.0523574352264404, 1.0, 1.0, 1.0, 1.0, 1.0, 1.0, 1.0, 1.0, 1.0, 1.0, 1.0, 1.0]"
103,4.250181154930033e-05,0.0,316.3305969238281,0.0,0.0,0.0,0.0,0.0,0.0,0.0,0.0,0.0,0.6035836935043335,-0.06569719314575195,-0.4399459660053253,-0.3755556643009186,-0.4284319579601288,0.288461834192276,0.2224695086479187,0.8707282543182373,-0.679008424282074,0.946473240852356,-1.1882479190826416,-0.8539355397224426,1.0506000518798828,-1.1583998203277588,0.5681816339492798,"[0.6035836935043335, -0.06569719314575195, -0.4399459660053253, 2.184227228164673, -1.0941301584243774, 0.07008698582649231, -0.03241133689880371, -0.11782287806272507, -0.9925056099891663, 0.699999988079071, 0.0, 0.0, -0.3755556643009186, -0.4284319579601288, 0.288461834192276, 0.2224695086479187, 0.4707282483577728, -0.2790084183216095, 0.5464732646942139, -3.2186508178710938e-06, -0.05393552780151367, 0.25060003995895386, -0.35839980840682983, -0.23181837797164917, -2.112046480178833, -1.6698285341262817, -0.4913408160209656, -3.6868741512298584, 0.9735130667686462, -1.5464364290237427, -0.3402477204799652, -0.011964483186602592, 1.732351303100586, -0.38373804092407227, -4.846101760864258, -5.046432018280029, 0.1037469208240509, -1.2777618169784546, 0.2124098390340805, 0.09546032547950745, 0.2681623101234436, -0.6975349187850952, 1.037348985671997, 0.49083420634269714, 0.6864235401153564, 0.27694258093833923, -1.201470136642456, -1.0783942937850952, 1.0, 1.0, 1.0, 1.0, 1.0, 1.0, 1.0, 1.0, 1.0, 1.0, 1.0, 1.0]"
104,3.8615591620327905e-05,0.0,287.4064025878906,9.853372830548324e-06,0.0,73.33623504638672,0.0,0.0,0.0,0.0,0.0,0.0,0.5733628869056702,-0.10052558034658432,-0.47660547494888306,-0.41824376583099365,-0.47969430685043335,0.25618767738342285,0.1594735085964203,0.8843492269515991,-0.6989084482192993,0.9240824580192566,-1.188246250152588,-0.808341383934021,1.120152235031128,-1.2171987295150757,0.47707048058509827,"[0.5733628869056702, -0.10052558034658432, -0.47660547494888306, 2.605426788330078, -1.2608873844146729, 0.010928960517048836, -0.05627671256661415, -0.164812371134758, -0.9847177267074585, 0.699999988079071, 0.0, 0.0, -0.41824376583099365, -0.47969430685043335, 0.25618767738342285, 0.1594735085964203, 0.48434922099113464, -0.29890844225883484, 0.5240824222564697, -1.5497207641601562e-06, -0.008341372013092041, 0.320152223110199, -0.41719871759414673, -0.3229295313358307, -2.507280111312866, -2.984483242034912, -2.155522108078003, -2.929166316986084, 0.7303114533424377, -0.1048271432518959, -1.388211727142334, -0.012931082397699356, 2.3193042278289795, 5.288346290588379, -1.362167477607727, -3.8953611850738525, -0.2507183253765106, -1.2390663623809814, 0.13355834782123566, 0.05738633871078491, 0.24507686495780945, -0.6956496238708496, 0.8865252733230591, 1.0079282522201538, 0.6152607798576355, 0.1766294240951538, -0.9964988827705383, -1.0903303623199463, 1.0, 1.0, 1.0, 1.0, 1.0, 1.0, 1.0, 0.0, 1.0, 1.0, 1.0, 1.0]"
105,2.2508778783958405e-05,0.0,167.52734375,3.328504681121558e-05,0.0,247.7324676513672,0.0,0.0,0.0,0.0,0.0,0.0,0.568539023399353,-0.1660338193178177,-0.47837701439857483,-0.46888038516044617,-0.544477641582489,0.2014613300561905,0.1045210212469101,0.892332136631012,-0.6845157742500305,0.8887863159179688,-1.1882487535476685,-0.7563652396202087,1.1729378700256348,-1.2161970138549805,0.40782248973846436,"[0.568539023399353, -0.1660338193178177, -0.47837701439857483, 3.0012996196746826, -1.0911483764648438, -0.0544874481856823, -0.07915017008781433, -0.2213636338710785, -0.971973717212677, 0.699999988079071, 0.0, 0.0, -0.46888038516044617, -0.544477641582489, 0.2014613300561905, 0.1045210212469101, 0.4923321306705475, -0.28451576828956604, 0.4887863099575043, -4.0531158447265625e-06, 0.043634772300720215, 0.3729378581047058, -0.4161970019340515, -0.3921775221824646, -2.7960121631622314, -3.3446807861328125, -3.074605703353882, -2.3443684577941895, 0.5726261138916016, 0.7650087475776672, -2.0571017265319824, -0.00804990530014038, 2.219264268875122, 2.505857229232788, 1.4349439144134521, -3.0085232257843018, -0.5853124260902405, -1.9366390705108643, -0.16815881431102753, 0.36979255080223083, 0.47405189275741577, -0.16799339652061462, 0.8569656610488892, 1.4822474718093872, 0.08127179741859436, -0.25764963030815125, -0.6003555059432983, -1.1447675228118896, 1.0, 1.0, 1.0, 1.0, 1.0, 1.0, 1.0, 0.0, 1.0, 1.0, 1.0, 1.0]"
106,0.0,0.0,0.0,3.885084151988849e-05,0.0,289.1573181152344,4.734458707389422e-05,0.0,352.37420654296875,0.0,0.0,0.0,0.5844759345054626,-0.2692004144191742,-0.50372713804245,-0.502251386642456,-0.6071431636810303,0.13741564750671387,0.0925954058766365,0.8933048844337463,-0.6679849624633789,0.8441928029060364,-1.1881805658340454,-0.7787811160087585,1.211343765258789,-1.162691593170166,0.36098816990852356,"[0.5844759345054626, -0.2692004144191742, -0.50372713804245, 2.796891450881958, -0.6098753809928894, -0.14128869771957397, -0.09327403455972672, -0.277726411819458, -0.9561212062835693, 0.699999988079071, 0.0, 0.0, -0.502251386642456, -0.6071431636810303, 0.13741564750671387, 0.0925954058766365, 0.49330487847328186, -0.26798495650291443, 0.4441927969455719, 6.413459777832031e-05, 0.02121889591217041, 0.4113437533378601, -0.36269158124923706, -0.4390118420124054, -1.0172226428985596, -2.982079267501831, -2.0149996280670166, 0.6713500618934631, -0.16680505871772766, 0.6141679286956787, -0.3013566732406616, 0.00583416223526001, -4.266058444976807, 1.9796379804611206, -0.024326086044311523, -1.4315149784088135, -0.987859308719635, -1.7125685214996338, -0.22062788903713226, 0.6161218881607056, 0.9197880625724792, 0.4479541480541229, 0.5182567834854126, 1.249215006828308, -0.5997786521911621, -1.006028413772583, -0.11140953004360199, -0.9457764029502869, 1.0, 1.0, 1.0, 1.0, 1.0, 1.0, 1.0, 0.0, 1.0, 1.0, 1.0, 1.0]"
107,0.0,0.0,0.0,5.125714960740879e-05,0.0,381.49444580078125,3.475089033599943e-05,0.0,258.6423645019531,0.0,0.0,0.0,0.6123940348625183,-0.2804909348487854,-0.41879189014434814,-0.5220571160316467,-0.6654101014137268,0.10216853767633438,0.12291324138641357,0.8816045522689819,-0.6451056003570557,0.9214265942573547,-1.1882503032684326,-0.8537359833717346,1.239966630935669,-1.2298115491867065,0.43608489632606506,"[0.6123940348625183, -0.2804909348487854, -0.41879189014434814, 2.7308075428009033, -0.7234300971031189, -0.15777191519737244, -0.10479293763637543, -0.3306513726711273, -0.9379172921180725, 0.699999988079071, 0.0, 0.0, -0.5220571160316467, -0.6654101014137268, 0.10216853767633438, 0.12291324138641357, 0.48160454630851746, -0.2451055943965912, 0.5214265584945679, -5.602836608886719e-06, -0.053735971450805664, 0.43996661901474, -0.4298115372657776, -0.3639151155948639, -1.215438961982727, -2.9789950847625732, -1.8129836320877075, 1.2499330043792725, -0.5577985048294067, 0.8502987027168274, 3.9065752029418945, -0.07776607573032379, -4.087895393371582, 1.8748794794082642, -3.0823380947113037, 7.410238265991211, -1.0758198499679565, -0.551069974899292, 1.24931001663208, -1.2200087308883667, 1.0268198251724243, 1.3947572708129883, -0.8464347124099731, -1.2378003597259521, -1.5034732818603516, -1.4352864027023315, 0.606303334236145, 0.9380362033843994, 1.0, 1.0, 1.0, 1.0, 1.0, 1.0, 1.0, 0.0, 1.0, 1.0, 1.0, 1.0]"
108,0.0,0.0,0.0,5.878632509848103e-05,0.0,437.5322265625,3.7321107811294496e-05,0.0,277.7718505859375,0.00015298413927666843,0.0,1138.62353515625,0.5623923540115356,-0.2483513504266739,-0.06380066275596619,-0.5219907164573669,-0.6961115598678589,0.10067009180784225,0.13069932162761688,0.8837133646011353,-0.6205078959465027,0.9659430384635925,-1.1906523704528809,-0.9849005341529846,1.2697372436523438,-1.2480586767196655,0.5059765577316284,"[0.5623923540115356, -0.2483513504266739, -0.06380066275596619, -1.8230326175689697, -0.5614107847213745, -0.5934563279151917, -0.11559723317623138, -0.3490842282772064, -0.9299341440200806, 0.699999988079071, 0.0, 0.0, -0.5219907164573669, -0.6961115598678589, 0.10067009180784225, 0.13069932162761688, 0.4837133586406708, -0.2205078899860382, 0.5659430027008057, -0.002407670021057129, -0.18490052223205566, 0.4697372317314148, -0.4480586647987366, -0.29402345418930054, 2.2030436992645264, 0.8374646902084351, 2.979214668273926, 2.8607211112976074, 0.5148583054542542, 0.38947761058807373, 0.7832781672477722, -0.03637225925922394, -7.5000104904174805, 2.5173447132110596, 0.26919108629226685, 0.23289096355438232, -2.592101573944092, 0.2435682713985443, 2.147573232650757, -0.6979544162750244, 1.442633032798767, 1.9760323762893677, -1.2572466135025024, -2.201005220413208, -1.9671496152877808, -1.448152780532837, 0.3480594754219055, 3.26554012298584, 1.0, 1.0, 1.0, 1.0, 1.0, 1.0, 1.0, 1.0, 1.0, 1.0, 1.0, 1.0]"
109,0.0,0.0,0.0,4.6544006181648e-05,0.0,346.4156494140625,3.339508475619368e-05,0.0,248.5514373779297,1.5225734387058765e-05,0.0,113.3214111328125,0.5614074468612671,-0.1506073921918869,0.21755646169185638,-0.5016027688980103,-0.6426324844360352,0.19497042894363403,0.20928795635700226,0.9148926138877869,-0.5967063307762146,0.9203941226005554,-1.1882985830307007,-1.1346744298934937,1.2882734537124634,-1.1777350902557373,0.5415562987327576,"[0.5614074468612671, -0.1506073921918869, 0.21755646169185638, -3.641561508178711, -0.4262502193450928, -0.7204802632331848, -0.11964759975671768, -0.2818518877029419, -0.9519684314727783, 0.699999988079071, 0.0, 0.0, -0.5016027688980103, -0.6426324844360352, 0.19497042894363403, 0.20928795635700226, 0.514892578125, -0.19670632481575012, 0.5203940868377686, -5.3882598876953125e-05, -0.3346744179725647, 0.4882734417915344, -0.37773507833480835, -0.2584437131881714, -1.1799463033676147, 2.637930154800415, 4.171788692474365, 3.418567180633545, 2.113865375518799, 0.9077605605125427, -2.909642457962036, -0.7493650913238525, -7.431136131286621, 1.2293442487716675, 3.1709985733032227, 4.348207473754883, -1.6655478477478027, 0.2797861695289612, 0.6482686996459961, -1.0534627437591553, 1.3274827003479004, 0.24433931708335876, -1.1119191646575928, -1.7412976026535034, -1.300799012184143, -1.3739440441131592, 0.1352706402540207, 2.972980499267578, 1.0, 1.0, 1.0, 1.0, 1.0, 1.0, 1.0, 1.0, 1.0, 1.0, 1.0, 1.0]"
110,0.0,0.0,0.0,2.8979953640373424e-05,0.0,215.69070434570312,2.1045729226898402e-05,0.0,156.6382293701172,1.7074480638257228e-05,0.0,127.0811767578125,0.5734683871269226,-0.07831108570098877,0.2765175998210907,-0.5899466872215271,-0.6005915999412537,0.25705504417419434,0.2199745625257492,0.9543986320495605,-0.5619379878044128,0.8949849605560303,-1.1882057189941406,-1.2235081195831299,1.2891690731048584,-1.1003227233886719,0.6154236793518066,"[0.5734683871269226, -0.07831108570098877, 0.2765175998210907, -2.576899290084839, -0.48449891805648804, -0.4378204941749573, -0.12601491808891296, -0.22804321348667145, -0.9654619693756104, 0.699999988079071, 0.0, 0.0, -0.5899466872215271, -0.6005915999412537, 0.25705504417419434, 0.2199745625257492, 0.5543986558914185, -0.16193798184394836, 0.4949849545955658, 3.898143768310547e-05, -0.4235081076622009, 0.48916906118392944, -0.3003227114677429, -0.18457633256912231, -5.115654945373535, 1.901901364326477, 2.6521949768066406, -0.05395174026489258, 1.2831565141677856, 1.6808209419250488, -1.2206053733825684, -0.260399729013443, -0.36552226543426514, 0.09758453816175461, 3.9933242797851562, 4.416767120361328, -1.5559450387954712, 0.4317812919616699, -0.3254204988479614, 0.0074922144412994385, 1.3592121601104736, -0.13480427861213684, 0.4032052755355835, -1.3774570226669312, -0.4913884997367859, -0.7520440816879272, 0.1337020844221115, 1.9327642917633057, 1.0, 1.0, 1.0, 1.0, 1.0, 1.0, 1.0, 1.0, 1.0, 1.0, 1.0, 1.0]"
111,0.0,0.0,0.0,2.64070913544856e-05,0.0,196.54151916503906,2.506978671590332e-05,0.0,186.5883026123047,6.017056875862181e-06,0.0,44.78348922729492,0.5516396164894104,-0.13437701761722565,0.26216885447502136,-0.6606044769287109,-0.5513923764228821,0.3121408224105835,0.2261575162410736,0.9557212591171265,-0.5276062488555908,0.8661096692085266,-1.1881641149520874,-1.158280611038208,1.284384846687317,-1.0182911157608032,0.7088155150413513,"[0.5516396164894104, -0.13437701761722565, 0.26216885447502136, -2.892404317855835, -0.2842477858066559, -0.18953506648540497, -0.13185559213161469, -0.17390669882297516, -0.9758948087692261, 0.699999988079071, 0.0, 0.0, -0.6606044769287109, -0.5513923764228821, 0.3121408224105835, 0.2261575162410736, 0.5557212829589844, -0.12760624289512634, 0.46610966324806213, 8.058547973632812e-05, -0.35828059911727905, 0.48438483476638794, -0.21829110383987427, -0.09118449687957764, -2.2871553897857666, 2.622767210006714, 2.8879151344299316, 0.24190837144851685, -0.7206190228462219, 1.4849382638931274, -1.2469666004180908, -0.08725869655609131, 4.6777777671813965, -0.019635044038295746, 3.7402076721191406, 5.618471145629883, -0.8563496470451355, -0.2535264790058136, -0.14990128576755524, -0.15994539856910706, 0.8162707090377808, 0.28818193078041077, 0.07571062445640564, -1.64006769657135, 0.05099031329154968, -0.9258997440338135, 0.4968465566635132, 1.455319881439209, 1.0, 1.0, 1.0, 1.0, 1.0, 1.0, 1.0, 0.0, 1.0, 1.0, 1.0, 1.0]"
112,0.0,0.0,0.0,2.920104452641681e-05,0.0,217.3362274169922,2.5626977731008083e-05,0.0,190.73532104492188,2.8527476843009936e-06,0.0,21.232303619384766,0.5490278601646423,-0.16510514914989471,0.20274296402931213,-0.6688253879547119,-0.5026741623878479,0.3612084984779358,0.20878712832927704,0.9134237766265869,-0.49431636929512024,0.8411159515380859,-1.188294768333435,-1.0350418090820312,1.2751660346984863,-0.9458800554275513,0.8270554542541504,"[0.5490278601646423, -0.16510514914989471, 0.20274296402931213, -1.9668148756027222, -0.2041933834552765, -0.1593240201473236, -0.1355654001235962, -0.12557260692119598, -0.9827782511711121, 0.699999988079071, 0.0, 0.0, -0.6688253879547119, -0.5026741623878479, 0.3612084984779358, 0.20878712832927704, 0.5134238004684448, -0.09431636333465576, 0.44111594557762146, -5.0067901611328125e-05, -0.2350417971611023, 0.4751660227775574, -0.14588004350662231, 0.027055442333221436, 0.34592172503471375, 1.875360131263733, 2.0612528324127197, -2.3506007194519043, -2.8107221126556396, 1.5207359790802002, -0.9021198749542236, -0.09286917746067047, 6.783298969268799, -0.3101588487625122, 3.072758436203003, 6.818453311920166, -0.4798879325389862, -0.562087893486023, 0.15654917061328888, -0.8198502063751221, 1.0927858352661133, 0.45194026827812195, 0.34158194065093994, -1.2926710844039917, 0.42732471227645874, -0.9397985339164734, 0.4282086491584778, 1.6322474479675293, 1.0, 1.0, 1.0, 1.0, 1.0, 1.0, 1.0, 0.0, 1.0, 1.0, 1.0, 1.0]"
113,-4.42896032333374,114.29375457763672,119.69859313964844,2.0147424947936088e-05,0.0,149.9523468017578,4.429008483886719,-114.29375457763672,237.3289337158203,0.0,0.0,0.0,0.5771445631980896,-0.16188167035579681,0.16869282722473145,-0.6395909190177917,-0.48909881711006165,0.3765304982662201,0.09931593388319016,0.9061729311943054,-0.4540627896785736,0.8320162892341614,-1.188230037689209,-0.9895328283309937,1.2584360837936401,-0.8929546475410461,0.9739041328430176,"[0.5771445631980896, -0.16188167035579681, 0.16869282722473145, -0.04313249886035919, -0.4689507782459259, -0.25795120000839233, -0.1416272222995758, -0.11144059896469116, -0.9836275577545166, 0.699999988079071, 0.0, 0.0, -0.6395909190177917, -0.48909881711006165, 0.3765304982662201, 0.09931593388319016, 0.5061728954315186, -0.05406278371810913, 0.4320162832736969, 1.4662742614746094e-05, -0.1895328164100647, 0.4584360718727112, -0.09295463562011719, 0.17390412092208862, 1.6450163125991821, -0.08207563310861588, 0.30323857069015503, -6.789734840393066, 0.7394960522651672, 2.1477835178375244, 0.06844525039196014, -0.02555747516453266, 1.6097023487091064, -0.8661330342292786, 2.0509603023529053, 7.497408866882324, -0.43255993723869324, -0.8328542113304138, -0.1677936166524887, -0.353933185338974, 0.3038751780986786, -0.6335633993148804, 0.47085168957710266, -0.9004039764404297, 0.6297190189361572, -0.8170346617698669, 0.013136759400367737, 1.4910029172897339, 1.0, 1.0, 1.0, 1.0, 1.0, 1.0, 1.0, 0.0, 1.0, 1.0, 1.0, 1.0]"
114,0.0,0.0,0.0,1.1638175237749238e-05,0.0,86.6200942993164,0.0,0.0,0.0,0.0,0.0,0.0,0.48438316583633423,-0.20361781120300293,0.06019475311040878,-0.5539786219596863,-0.4931204617023468,0.36021074652671814,-0.020205050706863403,0.8631947636604309,-0.4220348596572876,0.8229896426200867,-1.188244342803955,-0.8395496010780334,1.2385971546173096,-0.8844028115272522,1.1206481456756592,"[0.48438316583633423, -0.20361781120300293, 0.06019475311040878, 0.27726152539253235, 0.0015266984701156616, -0.1665232926607132, -0.1459382176399231, -0.11559376120567322, -0.9825171828269958, 0.699999988079071, 0.0, 0.0, -0.5539786219596863, -0.4931204617023468, 0.36021074652671814, -0.020205050706863403, 0.46319475769996643, -0.02203485369682312, 0.4229896366596222, 3.5762786865234375e-07, -0.03954958915710449, 0.4385971426963806, -0.08440279960632324, 0.3206481337547302, 5.45457124710083, -0.378652423620224, -2.0116264820098877, -5.064743995666504, -3.4708189964294434, 0.8164442181587219, -0.6964409351348877, 0.0001906133838929236, 7.498957633972168, -0.4434525966644287, -2.4842846393585205, 7.357789993286133, 0.4090724587440491, -2.477149486541748, -0.642170786857605, 0.286520391702652, -0.3765997886657715, -2.660698175430298, 1.3225473165512085, -0.4862079620361328, 0.5427966713905334, -0.6840221285820007, -0.7322314381599426, 2.3980462551116943, 1.0, 1.0, 1.0, 1.0, 1.0, 1.0, 1.0, 0.0, 1.0, 1.0, 1.0, 1.0]"
115,0.00010532547457842156,0.0,783.9117431640625,8.541574970877264e-06,0.0,63.572853088378906,0.0,0.0,0.0,0.0,0.0,0.0,0.41300174593925476,-0.09975627809762955,-0.010956788435578346,-0.44992223381996155,-0.5387315154075623,0.2647550702095032,-0.05680523067712784,0.7774426937103271,-0.4599009156227112,0.8014617562294006,-1.188082218170166,-0.736304759979248,1.2318960428237915,-0.9686076045036316,1.2700170278549194,"[0.41300174593925476, -0.09975627809762955, -0.010956788435578346, 1.317307710647583, 0.4948471784591675, -0.0891697034239769, -0.1366550475358963, -0.12830813229084015, -0.9822739362716675, 0.699999988079071, 0.0, 0.0, -0.44992223381996155, -0.5387315154075623, 0.2647550702095032, -0.05680523067712784, 0.37744268774986267, -0.059900909662246704, 0.40146175026893616, 0.00016248226165771484, 0.06369525194168091, 0.43189603090286255, -0.16860759258270264, 0.4700170159339905, -0.7378780841827393, -4.544759750366211, -6.835637092590332, -0.037030041217803955, -0.5722531080245972, -3.356355667114258, -1.0118181705474854, -0.013244865462183952, -0.6232600808143616, -2.8449225425720215, -4.126535892486572, 7.541625022888184, 0.5578792691230774, -4.579428672790527, -1.431959629058838, 1.7774584293365479, -0.7707912921905518, -3.732400894165039, 1.588462233543396, -0.14567285776138306, 0.5642741322517395, -0.49940237402915955, -1.296555995941162, 3.6505160331726074, 1.0, 1.0, 1.0, 1.0, 1.0, 1.0, 1.0, 0.0, 1.0, 1.0, 1.0, 1.0]"
116,5.4690506658516824e-05,0.0,407.048095703125,6.559182111232076e-06,0.0,48.81838607788086,0.0,0.0,0.0,0.0,0.0,0.0,0.3626370131969452,-0.15120971202850342,0.003573707304894924,-0.4615136981010437,-0.6471449732780457,0.13624970614910126,0.048345696181058884,0.7888921499252319,-0.5615984201431274,0.7945794463157654,-1.1882352828979492,-0.7513027191162109,1.2316220998764038,-1.0801047086715698,1.4196757078170776,"[0.3626370131969452, -0.15120971202850342, 0.003573707304894924, 0.9021458625793457, 0.48319992423057556, -0.1848044991493225, -0.1255037784576416, -0.1457902193069458, -0.9813227653503418, 0.699999988079071, 0.0, 0.0, -0.4615136981010437, -0.6471449732780457, 0.13624970614910126, 0.048345696181058884, 0.38889214396476746, -0.16159841418266296, 0.3945794403553009, 9.417533874511719e-06, 0.04869729280471802, 0.43162208795547485, -0.28010469675064087, 0.6196756958961487, -0.7221078276634216, -6.1884236335754395, -6.8353376388549805, 7.027970314025879, 0.5981106758117676, -5.586798667907715, -0.26097261905670166, -0.026760336011648178, -0.7533683776855469, -3.6797003746032715, -4.294123649597168, 7.501223087310791, 0.3562062084674835, -3.722417116165161, -1.688098430633545, 1.0512287616729736, -0.5223832130432129, -1.643196702003479, 0.7765932083129883, -0.8797780275344849, 0.19638441503047943, -0.9274177551269531, -0.49959486722946167, 4.479411602020264, 1.0, 1.0, 1.0, 1.0, 1.0, 1.0, 1.0, 0.0, 1.0, 1.0, 1.0, 1.0]"
117,0.0,0.0,0.0,8.485171747452114e-06,0.0,63.153053283691406,0.0,0.0,0.0,0.0,0.0,0.0,0.3340199887752533,-0.20840148627758026,-0.06806599348783493,-0.4692575931549072,-0.7677706480026245,-0.009518575854599476,0.18546289205551147,0.7919844388961792,-0.6562849879264832,0.7677964568138123,-1.1882450580596924,-0.755557119846344,1.1986538171768188,-0.9824536442756653,1.5648049116134644,"[0.3340199887752533, -0.20840148627758026, -0.06806599348783493, 0.9671291708946228, 0.16352152824401855, -0.34577804803848267, -0.11963152885437012, -0.1652476042509079, -0.9789697527885437, 0.699999988079071, 0.0, 0.0, -0.4692575931549072, -0.7677706480026245, -0.009518575854599476, 0.18546289205551147, 0.3919844329357147, -0.2562849819660187, 0.3677964508533478, -3.5762786865234375e-07, 0.04444289207458496, 0.3986538052558899, -0.18245363235473633, 0.7648048996925354, 0.15232813358306885, -4.9495954513549805, -7.103236675262451, 5.844560623168945, -0.17009757459163666, -2.9518961906433105, -1.8391443490982056, -0.00027292966842651367, -0.9146390557289124, -2.70149564743042, 7.501094818115234, 6.7989606857299805, -1.0370031595230103, 0.004125560633838177, 0.35879603028297424, -0.468651682138443, 1.007007122039795, 1.547725796699524, -0.5669660568237305, -2.4439384937286377, -0.6283352971076965, -1.2711992263793945, 1.2849044799804688, 6.334048748016357, 1.0, 1.0, 1.0, 1.0, 1.0, 1.0, 1.0, 0.0, 1.0, 1.0, 1.0, 1.0]"
118,0.0,0.0,0.0,6.863565795356408e-05,0.0,510.8384094238281,2.603068423923105e-05,0.0,193.74002075195312,0.0,0.0,0.0,0.3921740651130676,-0.27878305315971375,-0.1127905398607254,-0.4522875249385834,-0.7858983278274536,-0.09965698421001434,0.24950061738491058,0.7905562520027161,-0.6527600884437561,0.7236840724945068,-1.18820321559906,-0.8687498569488525,1.1906976699829102,-0.8845608830451965,1.7085402011871338,"[0.3921740651130676, -0.27878305315971375, -0.1127905398607254, -0.1842893362045288, 0.17757856845855713, -0.4203844368457794, -0.11547626554965973, -0.1751587837934494, -0.9777447581291199, 0.699999988079071, 0.0, 0.0, -0.4522875249385834, -0.7858983278274536, -0.09965698421001434, 0.24950061738491058, 0.3905562460422516, -0.2527600824832916, 0.32368406653404236, 4.1484832763671875e-05, -0.06874984502792358, 0.3906976580619812, -0.08456087112426758, 0.9085401892662048, 1.1412910223007202, 0.09720064699649811, -1.5000169277191162, 2.0104074478149414, 0.046694543212652206, -0.10904207825660706, -1.8713974952697754, -0.03897346556186676, -6.177104473114014, 0.8074803948402405, -0.0022051334381103516, 6.843023300170898, -1.1926189661026, 0.7456044554710388, 0.4374947249889374, -0.42026475071907043, 0.9407232403755188, 1.0954874753952026, -0.5807051658630371, -2.095349073410034, -0.40662550926208496, -0.8601521253585815, 0.6341888308525085, 7.725578784942627, 1.0, 1.0, 1.0, 1.0, 1.0, 1.0, 1.0, 0.0, 1.0, 1.0, 1.0, 1.0]"
119,0.0,0.0,0.0,5.609145955531858e-05,0.0,417.47503662109375,2.770302126009483e-05,0.0,206.1868133544922,0.0,0.0,0.0,0.4436049163341522,-0.16230635344982147,-0.0223340205848217,-0.45213577151298523,-0.7757236957550049,-0.07828360050916672,0.22967474162578583,0.7982568740844727,-0.6397507190704346,0.7313514351844788,-1.1882562637329102,-0.929570198059082,1.1993992328643799,-0.890175461769104,1.850610613822937,"[0.4436049163341522, -0.16230635344982147, -0.0223340205848217, -0.9227050542831421, -0.13491171598434448, -0.28120186924934387, -0.11553823202848434, -0.16287890076637268, -0.979857861995697, 0.699999988079071, 0.0, 0.0, -0.45213577151298523, -0.7757236957550049, -0.07828360050916672, 0.22967474162578583, 0.3982568681240082, -0.2397507131099701, 0.3313514292240143, -1.1563301086425781e-05, -0.12957018613815308, 0.3993992209434509, -0.09017544984817505, 1.0506105422973633, -0.7749088406562805, 0.5870671272277832, 1.4078948497772217, -2.6086270809173584, 0.7895060181617737, 0.27677372097969055, 0.8228867650032043, -0.015130636282265186, -2.855546236038208, 0.9605461955070496, -0.1984608769416809, 6.788753986358643, -1.0193337202072144, 0.17769041657447815, 0.1337445080280304, -0.48287323117256165, 0.9988508224487305, 0.9282289743423462, -0.2938714921474457, -2.104583501815796, -0.5121331810951233, -0.8756983280181885, 0.570444643497467, 8.602917671203613, 1.0, 1.0, 1.0, 1.0, 1.0, 1.0, 1.0, 0.0, 1.0, 1.0, 1.0, 1.0]"
120,0.0,0.0,0.0,5.491580304806121e-05,0.0,408.7248840332031,4.3323318095644936e-05,0.0,322.4448547363281,0.0,0.0,0.0,0.4645744860172272,-0.11848253756761551,0.05358881875872612,-0.46441102027893066,-0.7473165988922119,-0.03626915067434311,0.16647692024707794,0.8178080320358276,-0.624596893787384,0.7308014035224915,-1.188223123550415,-0.9657529592514038,1.2098768949508667,-0.8658723831176758,1.995144248008728,"[0.4645744860172272, -0.11848253756761551, 0.05358881875872612, -2.2526352405548096, -0.11062964797019958, -0.18681418895721436, -0.11727413535118103, -0.12936560809612274, -0.9846378564834595, 0.699999988079071, 0.0, 0.0, -0.46441102027893066, -0.7473165988922119, -0.03626915067434311, 0.16647692024707794, 0.41780802607536316, -0.22459688782691956, 0.330801397562027, 2.1576881408691406e-05, -0.16575294733047485, 0.40987688302993774, -0.06587237119674683, 1.1951441764831543, -0.07586053013801575, 1.79960036277771, 2.7571728229522705, -3.1429972648620605, 0.6721207499504089, 0.24422332644462585, 0.14926180243492126, -0.022175410762429237, 0.3463875353336334, 1.151939034461975, 0.7126880884170532, 7.0362043380737305, -0.7422530055046082, 0.08638038486242294, -0.2906876504421234, -0.6460676193237305, 0.7890933752059937, 1.057644009590149, -0.4795091450214386, -2.354224920272827, -0.27755165100097656, -0.7955257892608643, 0.3760075867176056, 8.729365348815918, 1.0, 1.0, 1.0, 1.0, 1.0, 1.0, 1.0, 0.0, 1.0, 1.0, 1.0, 1.0]"
121,0.0,0.0,0.0,5.4369924328057095e-05,0.0,404.66204833984375,3.058798029087484e-05,0.0,227.65887451171875,0.0,0.0,0.0,0.49151819944381714,-0.09144317358732224,0.09433148801326752,-0.45121726393699646,-0.7019737958908081,0.01682220585644245,0.08493983000516891,0.8176369071006775,-0.6079668402671814,0.7183347940444946,-1.188213586807251,-0.9320780634880066,1.2173326015472412,-0.823189914226532,2.1387882232666016,"[0.49151819944381714, -0.09144317358732224, 0.09433148801326752, -2.485788583755493, 0.03939568251371384, -0.07932858169078827, -0.11731692403554916, -0.08037710189819336, -0.9898365139961243, 0.699999988079071, 0.0, 0.0, -0.45121726393699646, -0.7019737958908081, 0.01682220585644245, 0.08493983000516891, 0.417636901140213, -0.20796683430671692, 0.31833478808403015, 3.1113624572753906e-05, -0.13207805156707764, 0.41733258962631226, -0.023189902305603027, 1.3387882709503174, 0.9536781311035156, 2.1655917167663574, 2.8325579166412354, -4.952573299407959, -0.43181222677230835, 0.4282265305519104, -0.26551610231399536, -0.009501200169324875, 2.2557239532470703, 0.7496877908706665, 1.8116300106048584, 6.880960464477539, -0.6313179135322571, 0.14416423439979553, -0.3485792577266693, -1.1460320949554443, 0.8629427552223206, 1.2972396612167358, -0.3440162241458893, -2.6239655017852783, -0.008854135870933533, -0.7461330890655518, 0.5388568639755249, 8.409140586853027, 1.0, 1.0, 1.0, 1.0, 1.0, 1.0, 1.0, 0.0, 1.0, 1.0, 1.0, 1.0]"
122,0.0,0.0,0.0,5.519141996046528e-05,0.0,410.7762451171875,2.899741957662627e-05,0.0,215.82069396972656,0.0,0.0,0.0,0.53620445728302,-0.07822898775339127,0.11198117583990097,-0.426397442817688,-0.6570829153060913,0.06268781423568726,-0.04181918874382973,0.7994366884231567,-0.5882067680358887,0.7065661549568176,-1.1882153749465942,-0.8661137223243713,1.216508150100708,-0.7813071012496948,2.283491611480713,"[0.53620445728302, -0.07822898775339127, 0.11198117583990097, -2.2028603553771973, 0.13703151047229767, 0.06386283040046692, -0.11528981477022171, -0.035514652729034424, -0.9926966428756714, 0.699999988079071, 0.0, 0.0, -0.426397442817688, -0.6570829153060913, 0.06268781423568726, -0.04181918874382973, 0.39943668246269226, -0.1882067620754242, 0.30656614899635315, 2.9325485229492188e-05, -0.06611371040344238, 0.41650813817977905, 0.01869291067123413, 1.4834916591644287, 1.4251432418823242, 2.00823974609375, 2.498364210128784, -6.821792125701904, -1.0960023403167725, 0.48067033290863037, -0.28159797191619873, -0.005920979660004377, 3.719370126724243, 0.6082656979560852, 1.8378413915634155, 7.064396858215332, -0.5186117887496948, -0.04960737004876137, -0.42899978160858154, -1.353226900100708, 0.8461341857910156, 1.504841923713684, -0.1791718304157257, -2.743299722671509, 0.13185159862041473, -0.7537691593170166, 0.4924556016921997, 8.011645317077637, 1.0, 1.0, 1.0, 1.0, 1.0, 1.0, 1.0, 0.0, 1.0, 1.0, 1.0, 1.0]"
123,0.0,0.0,0.0,5.229877569945529e-05,0.0,389.2469787597656,1.9849429008900188e-05,0.0,147.73443603515625,0.0,0.0,0.0,0.610722541809082,-0.08427306264638901,0.16241127252578735,-0.3915933072566986,-0.6147936582565308,0.10042738914489746,-0.18681414425373077,0.8075510859489441,-0.5614410638809204,0.6963497400283813,-1.188247799873352,-0.8444236516952515,1.205632209777832,-0.738640308380127,2.4309916496276855,"[0.610722541809082, -0.08427306264638901, 0.16241127252578735, -1.612109661102295, 0.1543274223804474, 0.15274152159690857, -0.11237232387065887, 0.002294763922691345, -0.9936636686325073, 0.699999988079071, 0.0, 0.0, -0.3915933072566986, -0.6147936582565308, 0.10042738914489746, -0.18681414425373077, 0.4075510799884796, -0.16144105792045593, 0.29634973406791687, -3.0994415283203125e-06, -0.04442363977432251, 0.4056321978569031, 0.061359703540802, 1.6309916973114014, 1.7412132024765015, 1.6474027633666992, 1.6506699323654175, -7.352130889892578, 1.159853219985962, 0.9841016530990601, -0.31817734241485596, -0.026768306270241737, 1.5416918992996216, -0.054820358753204346, 1.8299692869186401, 7.352479457855225, -0.42062249779701233, -0.16602495312690735, -0.17962227761745453, -1.4197663068771362, 0.4817622900009155, 1.7199565172195435, -0.07285803556442261, -2.9240314960479736, 0.2869320511817932, -0.9370633363723755, 0.30477166175842285, 7.727052688598633, 1.0, 1.0, 1.0, 1.0, 1.0, 1.0, 1.0, 0.0, 1.0, 1.0, 1.0, 1.0]"
124,3.381981514394283e-05,0.0,251.71261596679688,4.876161619904451e-05,0.0,362.9207763671875,0.0,0.0,0.0,0.0,0.0,0.0,0.6590826511383057,-0.0938761755824089,0.21243423223495483,-0.3692607879638672,-0.5826287865638733,0.11130654066801071,-0.3355155289173126,0.8164055347442627,-0.5250402092933655,0.6754960417747498,-1.1882466077804565,-0.832190752029419,1.1775857210159302,-0.7041765451431274,2.5801708698272705,"[0.6590826511383057, -0.0938761755824089, 0.21243423223495483, -0.7410646080970764, 0.25599753856658936, 0.21570442616939545, -0.10838751494884491, 0.02424081414937973, -0.9938133358955383, 0.699999988079071, 0.0, 0.0, -0.3692607879638672, -0.5826287865638733, 0.11130654066801071, -0.3355155289173126, 0.4164055287837982, -0.125040203332901, 0.2754960358142853, -1.9073486328125e-06, -0.03219074010848999, 0.3775857090950012, 0.09582346677780151, 1.7801709175109863, 0.803861677646637, 1.0625452995300293, -0.04039018601179123, -7.305920124053955, 0.42815566062927246, 1.4301800727844238, -1.368493914604187, -0.009536076337099075, 0.6081081032752991, -0.972309410572052, 0.33228468894958496, 7.453004837036133, -0.4702925682067871, -0.0886852815747261, 0.3004387319087982, -1.4894189834594727, 0.14608043432235718, 1.5209070444107056, 0.15963828563690186, -3.136369466781616, 0.5135458111763, -1.2487239837646484, 0.10424496233463287, 7.867533206939697, 1.0, 1.0, 1.0, 1.0, 1.0, 1.0, 1.0, 0.0, 1.0, 1.0, 1.0, 1.0]"
125,4.164175334153697e-05,0.0,309.92938232421875,3.447111521381885e-05,0.0,256.56005859375,0.0,0.0,0.0,0.0,0.0,0.0,0.700025737285614,-0.14037516713142395,0.28065428137779236,-0.35075458884239197,-0.5522889494895935,0.1204141229391098,-0.45378461480140686,0.8184628486633301,-0.4825250506401062,0.6438419222831726,-1.1882456541061401,-0.8102301359176636,1.1363258361816406,-0.7293020486831665,2.7298176288604736,"[0.700025737285614, -0.14037516713142395, 0.28065428137779236, -0.824414849281311, 0.2844308912754059, 0.20933032035827637, -0.10281271487474442, 0.040527429431676865, -0.9938747882843018, 0.699999988079071, 0.0, 0.0, -0.35075458884239197, -0.5522889494895935, 0.1204141229391098, -0.45378461480140686, 0.4184628427028656, -0.08252504467964172, 0.24384191632270813, -9.5367431640625e-07, -0.01023012399673462, 0.33632582426071167, 0.07069796323776245, 1.9298176765441895, 0.9972968697547913, 1.3946713209152222, 0.8327369689941406, -4.999552249908447, 0.21775773167610168, 1.893168568611145, -1.6956446170806885, -0.014429327100515366, 0.9759851694107056, -1.7845607995986938, -1.4118895530700684, 7.465868949890137, -0.41280147433280945, -0.28030046820640564, 0.359669953584671, -1.4307665824890137, -0.12970930337905884, 0.4116149842739105, 0.33381587266921997, -3.072580575942993, 0.5526389479637146, -1.2740986347198486, -0.08167515695095062, 8.073593139648438, 1.0, 1.0, 1.0, 1.0, 1.0, 1.0, 1.0, 0.0, 1.0, 1.0, 1.0, 1.0]"
126,4.855186853092164e-05,0.0,361.35968017578125,9.85289352684049e-06,0.0,73.33267211914062,0.0,0.0,0.0,0.0,0.0,0.0,0.6940398216247559,-0.16894438862800598,0.30308520793914795,-0.33107665181159973,-0.5212712287902832,0.14662842452526093,-0.5293935537338257,0.8152040839195251,-0.43772000074386597,0.6133996844291687,-1.188244342803955,-0.7796587944030762,1.0897473096847534,-0.7741150259971619,2.879777193069458,"[0.6940398216247559, -0.16894438862800598, 0.30308520793914795, -0.6078535914421082, 0.2311011701822281, 0.21920078992843628, -0.09744762629270554, 0.05630043148994446, -0.9936469197273254, 0.699999988079071, 0.0, 0.0, -0.33107665181159973, -0.5212712287902832, 0.14662842452526093, -0.5293935537338257, 0.41520407795906067, -0.03771999478340149, 0.21339967846870422, 3.5762786865234375e-07, 0.020341217517852783, 0.28974729776382446, 0.02588498592376709, 2.079777240753174, 0.8611695766448975, 1.443886399269104, 1.3924063444137573, -3.0687527656555176, -0.013023741543293, 2.4009172916412354, -1.2947036027908325, -0.01616380736231804, 1.3788141012191772, -2.6307034492492676, -3.157500743865967, 7.497880458831787, -0.50657719373703, -0.8197348117828369, 0.2595733404159546, -0.9921410083770752, -0.5208877325057983, -1.5319674015045166, 0.5925894975662231, -2.709367036819458, 0.6277898550033569, -1.3896009922027588, -0.3102341890335083, 8.291502952575684, 1.0, 1.0, 1.0, 1.0, 1.0, 1.0, 1.0, 0.0, 1.0, 1.0, 1.0, 1.0]"
127,5.481988409883343e-05,0.0,408.0110168457031,8.55574216984678e-06,0.0,63.67829513549805,0.0,0.0,0.0,0.0,0.0,0.0,0.6144344210624695,-0.1374186873435974,0.3134855329990387,-0.32332783937454224,-0.509348452091217,0.16325369477272034,-0.5598964095115662,0.8029807209968567,-0.4124579429626465,0.5926324725151062,-1.1882458925247192,-0.7388556003570557,1.0382009744644165,-0.8439170122146606,3.0299205780029297,"[0.6144344210624695, -0.1374186873435974, 0.3134855329990387, 0.2543116807937622, 0.27642887830734253, 0.24942103028297424, -0.09205259382724762, 0.059866420924663544, -0.9939530491828918, 0.699999988079071, 0.0, 0.0, -0.32332783937454224, -0.509348452091217, 0.16325369477272034, -0.5598964095115662, 0.4029807150363922, -0.012457937002182007, 0.19263246655464172, -1.1920928955078125e-06, 0.06114441156387329, 0.23820096254348755, -0.04391700029373169, 2.2299206256866455, -0.029684998095035553, -0.27638399600982666, 0.29160749912261963, -0.5171402096748352, -0.5143361687660217, 0.22663353383541107, -0.7997150421142578, -0.02540949173271656, 1.823373556137085, -2.5075926780700684, -4.069969177246094, 7.49020528793335, -0.4313526749610901, -1.6951782703399658, 0.07074494659900665, -0.32851043343544006, -0.8119186162948608, -3.73642897605896, 0.7540440559387207, -2.143918752670288, 0.6504719257354736, -1.1952025890350342, -0.708479106426239, 8.71832275390625, 1.0, 1.0, 1.0, 1.0, 1.0, 1.0, 1.0, 0.0, 1.0, 1.0, 1.0, 1.0]"
128,4.900731073576026e-05,0.0,364.7494201660156,6.293418209679658e-06,0.0,46.84037399291992,0.0,0.0,0.0,0.0,0.0,0.0,0.5170848369598389,-0.08050205558538437,0.33560094237327576,-0.33406224846839905,-0.5436772108078003,0.1514248549938202,-0.5231670141220093,0.779253363609314,-0.45226964354515076,0.5841450691223145,-1.1882448196411133,-0.689204752445221,0.9839743375778198,-0.9406265616416931,3.1799652576446533,"[0.5170848369598389, -0.08050205558538437, 0.33560094237327576, 1.068602204322815, 0.4325534999370575, 0.2379247099161148, -0.08416137844324112, 0.04506584256887436, -0.9954326748847961, 0.699999988079071, 0.0, 0.0, -0.33406224846839905, -0.5436772108078003, 0.1514248549938202, -0.5231670141220093, 0.3792533576488495, -0.05226963758468628, 0.18414506316184998, -1.1920928955078125e-07, 0.11079525947570801, 0.18397432565689087, -0.14062654972076416, 2.379965305328369, -0.8485172986984253, -2.681734561920166, -1.151328682899475, 3.3053438663482666, -1.0413713455200195, -3.4382433891296387, -0.2160959094762802, -0.005131859332323074, 2.16215443611145, -3.9655585289001465, -5.09084939956665, 7.476304054260254, -0.3034355938434601, -2.3716983795166016, -0.24530623853206635, 0.17292669415473938, -0.8371381759643555, -4.184709072113037, 0.7484731674194336, -1.658553123474121, 0.4739011526107788, -0.6263102889060974, -0.9535855650901794, 9.542996406555176, 1.0, 1.0, 1.0, 1.0, 1.0, 1.0, 1.0, 0.0, 1.0, 1.0, 1.0, 1.0]"
129,3.826390457106754e-05,0.0,284.78887939453125,0.0,0.0,0.0,0.0,0.0,0.0,0.0,0.0,0.0,0.4345122277736664,-0.03632378205657005,0.2853506803512573,-0.3589291274547577,-0.6287387013435364,0.10790849477052689,-0.42304542660713196,0.7490262985229492,-0.5576505064964294,0.5827382206916809,-1.1882455348968506,-0.6363493800163269,0.8943670392036438,-1.0163744688034058,3.3299436569213867,"[0.4345122277736664, -0.03632378205657005, 0.2853506803512573, 1.6384185552597046, 0.40460890531539917, 0.23616287112236023, -0.07470807433128357, 0.016774654388427734, -0.9970647692680359, 0.699999988079071, 0.0, 0.0, -0.3589291274547577, -0.6287387013435364, 0.10790849477052689, -0.42304542660713196, 0.34902629256248474, -0.15765050053596497, 0.18273821473121643, -8.344650268554688e-07, 0.16365063190460205, 0.09436702728271484, -0.2163744568824768, 2.5299437046051025, -1.5344576835632324, -5.194511413574219, -2.927607536315918, 5.63023042678833, -1.30417001247406, -6.193867206573486, -0.24546608328819275, -0.020799977704882622, 2.414991617202759, -4.6018452644348145, -0.7700626850128174, 7.503877639770508, -0.3642807602882385, -1.7010833024978638, -0.6059496998786926, 0.09620484709739685, -0.466678261756897, -1.8840745687484741, 0.46161118149757385, -1.5055662393569946, 0.5928670167922974, -0.40515652298927307, -0.10409359633922577, 10.31550407409668, 1.0, 1.0, 1.0, 1.0, 1.0, 1.0, 1.0, 0.0, 1.0, 1.0, 1.0, 1.0]"
130,0.0,0.0,0.0,0.0,0.0,0.0,0.0,0.0,0.0,0.0,0.0,0.0,0.4176255762577057,-0.09728695452213287,0.15946848690509796,-0.3737148940563202,-0.7143675684928894,0.04470920190215111,-0.2876913845539093,0.7197885513305664,-0.6777634620666504,0.5654361844062805,-1.1882448196411133,-0.6137024760246277,0.8080260753631592,-0.9148287773132324,3.479773759841919,"[0.4176255762577057, -0.09728695452213287, 0.15946848690509796, 0.5756956934928894, 0.3175462484359741, 0.31590911746025085, -0.06816229224205017, -0.006405963096767664, -0.9976534843444824, 0.699999988079071, 0.0, 0.0, -0.3737148940563202, -0.7143675684928894, 0.04470920190215111, -0.2876913845539093, 0.31978854537010193, -0.2777634561061859, 0.16543617844581604, -1.1920928955078125e-07, 0.18629753589630127, 0.008026063442230225, -0.11482876539230347, 2.6797738075256348, 0.21469931304454803, -2.354719638824463, -2.593996047973633, 7.4625749588012695, -1.4752248525619507, -4.5284342765808105, -1.1947606801986694, 0.00024271634174510837, -1.6380999088287354, -6.546328067779541, 7.49990701675415, 7.467307090759277, -0.8400103449821472, 0.16775155067443848, 0.4597683250904083, -0.5453685522079468, 0.7842139005661011, 2.1630759239196777, -0.018772155046463013, -2.540874719619751, -0.20055173337459564, -0.4876992106437683, 1.2409110069274902, 11.799044609069824, 1.0, 1.0, 1.0, 1.0, 1.0, 1.0, 1.0, 0.0, 1.0, 1.0, 1.0, 1.0]"
131,0.0,0.0,0.0,0.0,0.0,0.0,0.0,0.0,0.0,0.0,0.0,0.0,0.4889860153198242,-0.19849075376987457,-0.03258104249835014,-0.3616887629032135,-0.6795780658721924,0.023891175165772438,-0.16968606412410736,0.700294554233551,-0.688938319683075,0.5400484800338745,-1.1882448196411133,-0.7032504677772522,0.677878737449646,-0.7648459672927856,3.629033327102661,"[0.4889860153198242, -0.19849075376987457, -0.03258104249835014, -0.20572565495967865, -0.012301321141421795, 0.3684494197368622, -0.06543469429016113, -0.0060754865407943726, -0.9978383183479309, 0.699999988079071, 0.0, 0.0, -0.3616887629032135, -0.6795780658721924, 0.023891175165772438, -0.16968606412410736, 0.30029454827308655, -0.2889383137226105, 0.14004847407341003, -1.1920928955078125e-07, 0.09674954414367676, -0.12212127447128296, 0.03515404462814331, 2.829033374786377, 0.6470046043395996, 3.949932813644409, -0.16470195353031158, 4.326473712921143, -0.6105425953865051, 1.7976155281066895, -1.326010823249817, 4.637375968741253e-05, -4.733643531799316, -5.450594902038574, 7.499982833862305, 7.467097759246826, -0.30188095569610596, -0.1231522336602211, 0.4332791268825531, -0.627224326133728, 0.9141653180122375, 1.3812294006347656, -0.060223162174224854, -3.0479156970977783, -0.5326670408248901, -0.745029091835022, 1.1945858001708984, 12.505151748657227, 1.0, 1.0, 1.0, 1.0, 1.0, 1.0, 1.0, 0.0, 1.0, 1.0, 1.0, 1.0]"
132,0.0,0.0,0.0,5.9570105804596096e-05,0.0,443.36572265625,0.0,0.0,0.0,0.0,0.0,0.0,0.5059794187545776,-0.14586293697357178,-0.08194700628519058,-0.3517817556858063,-0.666231095790863,0.03121718019247055,-0.13444307446479797,0.69772869348526,-0.6775130033493042,0.5015058517456055,-1.1882498264312744,-0.8118811249732971,0.6861342787742615,-0.6184369921684265,3.7782440185546875,"[0.5059794187545776, -0.14586293697357178, -0.08194700628519058, 0.06081210449337959, 0.34779518842697144, 0.07206722348928452, -0.06217929348349571, -0.005897864233702421, -0.9980475306510925, 0.699999988079071, 0.0, 0.0, -0.3517817556858063, -0.666231095790863, 0.03121718019247055, -0.13444307446479797, 0.29772868752479553, -0.2775129973888397, 0.10150584578514099, -5.125999450683594e-06, -0.011881113052368164, -0.11386573314666748, 0.18156301975250244, 2.9782440662384033, 0.6381004452705383, 0.19042249023914337, 0.8020025491714478, 0.8802986145019531, 0.10634566843509674, 0.1133333221077919, -2.2573189735412598, 0.002002855995669961, -5.7778706550598145, 0.529840350151062, 7.126355171203613, 7.450445652008057, -0.5895021557807922, -0.4020322561264038, 0.5596858263015747, -0.36035439372062683, 0.8798075914382935, 0.7949076890945435, -0.020718663930892944, -2.807396173477173, -0.4776524305343628, -0.932299792766571, 1.0890538692474365, 13.255208969116211, 1.0, 1.0, 1.0, 1.0, 1.0, 1.0, 1.0, 0.0, 1.0, 1.0, 1.0, 1.0]"
133,0.0,0.0,0.0,6.431969086406752e-05,0.0,478.71575927734375,0.00012099694868084043,0.0,900.5506591796875,0.0,0.0,0.0,0.5629273056983948,-0.10217945277690887,-0.0118657685816288,-0.32604023814201355,-0.6572571992874146,0.056079283356666565,-0.11373724043369293,0.7020404934883118,-0.6694337129592896,0.46530672907829285,-1.1880313158035278,-0.8925672173500061,0.6822882294654846,-0.532073974609375,3.9274954795837402,"[0.5629273056983948, -0.10217945277690887, -0.0118657685816288, -0.7015272378921509, 0.5978800654411316, 0.03322731703519821, -0.04979172721505165, -0.001606449019163847, -0.9987583756446838, 0.699999988079071, 0.0, 0.0, -0.32604023814201355, -0.6572571992874146, 0.056079283356666565, -0.11373724043369293, 0.3020404875278473, -0.2694337069988251, 0.06530672311782837, 0.00021338462829589844, -0.09256720542907715, -0.11771178245544434, 0.26792603731155396, 3.127495527267456, 1.689439296722412, 0.9272298812866211, 0.8903769850730896, 1.745789885520935, 0.19145464897155762, 0.31350910663604736, 1.3026301860809326, 0.004499875009059906, -2.1774957180023193, -0.050708502531051636, -1.5637603998184204, 7.422317981719971, -0.43970581889152527, -0.3034574091434479, 0.1160755604505539, -0.5833324193954468, 0.7960602045059204, 0.9361675977706909, -0.014079779386520386, -3.0294225215911865, -0.35851025581359863, -0.9445518851280212, 1.1166197061538696, 13.81041431427002, 1.0, 1.0, 1.0, 1.0, 1.0, 1.0, 1.0, 0.0, 1.0, 1.0, 1.0, 1.0]"
134,0.0,0.0,0.0,5.557240001508035e-05,0.0,413.6117858886719,6.93055844749324e-05,0.0,515.8245239257812,0.0,0.0,0.0,0.5630865097045898,-0.016308879479765892,0.08539630472660065,-0.2972669303417206,-0.6393666863441467,0.0715305358171463,-0.09752761572599411,0.7038190960884094,-0.6541512608528137,0.4861358106136322,-1.1881910562515259,-0.9128420948982239,0.6708394289016724,-0.5555801391601562,4.076798439025879,"[0.5630865097045898, -0.016308879479765892, 0.08539630472660065, -0.5626260042190552, 0.5001334547996521, 0.05180034413933754, -0.0388549380004406, 0.012529442086815834, -0.9991663694381714, 0.699999988079071, 0.0, 0.0, -0.2972669303417206, -0.6393666863441467, 0.0715305358171463, -0.09752761572599411, 0.30381909012794495, -0.25415125489234924, 0.08613580465316772, 5.364418029785156e-05, -0.11284208297729492, -0.1291605830192566, 0.2444198727607727, 3.2767984867095947, 1.1088368892669678, 0.7603486180305481, 0.5518958568572998, -0.07233311235904694, -0.04580856114625931, 0.8158950209617615, 0.9500309824943542, -0.01603000983595848, -0.5951110124588013, -0.721178412437439, -0.892348051071167, 7.461770534515381, -0.3654979467391968, -0.5812098383903503, 0.05090521648526192, -0.5350136756896973, 0.6429921388626099, 0.7289942502975464, 0.14884093403816223, -3.1350619792938232, -0.3495204448699951, -0.8999828100204468, 1.0388377904891968, 13.650038719177246, 1.0, 1.0, 1.0, 1.0, 1.0, 1.0, 1.0, 0.0, 1.0, 1.0, 1.0, 1.0]"
135,0.0,0.0,0.0,5.4519121476914734e-05,0.0,405.7724914550781,3.011114131368231e-05,0.0,224.10986328125,0.0,0.0,0.0,0.5657929182052612,0.05116571485996246,0.13815070688724518,-0.27969032526016235,-0.6291603446006775,0.07646101713180542,-0.12072566896677017,0.6955398321151733,-0.6275743246078491,0.49735698103904724,-1.188248872756958,-0.9095878005027771,0.6430144309997559,-0.5602086186408997,4.2263288497924805,"[0.5657929182052612, 0.05116571485996246, 0.13815070688724518, -0.2025541514158249, 0.5023095607757568, 0.05945044010877609, -0.029240118339657784, 0.018971974030137062, -0.9993921518325806, 0.699999988079071, 0.0, 0.0, -0.27969032526016235, -0.6291603446006775, 0.07646101713180542, -0.12072566896677017, 0.29553982615470886, -0.22757431864738464, 0.09735697507858276, -4.172325134277344e-06, -0.10958778858184814, -0.1569855809211731, 0.2397913932800293, 3.4263288974761963, 0.8474017977714539, 0.4093949496746063, 0.15322981774806976, -1.5605627298355103, -0.6615175008773804, 1.2363375425338745, 0.5591033697128296, -0.018314363434910774, 0.7075071930885315, -1.452148675918579, -0.35817399621009827, 7.477514266967773, -0.31355664134025574, -0.4903327524662018, 0.01726001873612404, -0.7053909301757812, 0.6844927668571472, 0.7936127185821533, 0.21801108121871948, -3.233717203140259, -0.180039182305336, -1.0239694118499756, 1.0791370868682861, 13.59740924835205, 1.0, 1.0, 1.0, 1.0, 1.0, 1.0, 1.0, 0.0, 1.0, 1.0, 1.0, 1.0]"
136,0.0,0.0,0.0,5.09291494381614e-05,0.0,379.05322265625,2.7235233574174345e-05,0.0,202.7052001953125,0.0,0.0,0.0,0.5847300291061401,0.0987391397356987,0.15872247517108917,-0.2594252824783325,-0.621921718120575,0.07713407278060913,-0.16068461537361145,0.6801031231880188,-0.5937429070472717,0.5057392716407776,-1.1882487535476685,-0.8862558603286743,0.6015188097953796,-0.5617702603340149,4.375855445861816,"[0.5847300291061401, 0.0987391397356987, 0.15872247517108917, -0.15562690794467926, 0.5845587253570557, 0.044362373650074005, -0.018229059875011444, 0.022675806656479836, -0.9995768070220947, 0.699999988079071, 0.0, 0.0, -0.2594252824783325, -0.621921718120575, 0.07713407278060913, -0.16068461537361145, 0.2801031172275543, -0.19374290108680725, 0.10573926568031311, -4.0531158447265625e-06, -0.08625584840774536, -0.19848120212554932, 0.23822975158691406, 3.5758554935455322, 1.0922324657440186, 0.34931474924087524, 0.02076645940542221, -2.2970499992370605, -0.8399075865745544, 1.5442026853561401, 0.44444870948791504, -0.015136394649744034, 1.6855798959732056, -2.058366537094116, -0.21981950104236603, 7.466464519500732, -0.21259698271751404, -0.45128709077835083, 0.006694827228784561, -0.9067366123199463, 0.691737949848175, 0.8879691362380981, 0.20056620240211487, -3.375188112258911, 0.0034243017435073853, -1.1728942394256592, 1.073575735092163, 13.490513801574707, 1.0, 1.0, 1.0, 1.0, 1.0, 1.0, 1.0, 0.0, 1.0, 1.0, 1.0, 1.0]"
137,0.0,0.0,0.0,5.264435094431974e-05,0.0,391.81903076171875,3.058920265175402e-05,0.0,227.66795349121094,0.0,0.0,0.0,0.6074330806732178,0.14533869922161102,0.18551744520664215,-0.23323379456996918,-0.6144644021987915,0.07755109667778015,-0.21783818304538727,0.6651153564453125,-0.5542398691177368,0.5114568471908569,-1.1882480382919312,-0.8392796516418457,0.5497423410415649,-0.5596526861190796,4.525243759155273,"[0.6074330806732178, 0.14533869922161102, 0.18551744520664215, -0.2629513740539551, 0.6236290335655212, 0.027445977553725243, -0.006253732368350029, 0.027425402775406837, -0.9996044635772705, 0.699999988079071, 0.0, 0.0, -0.23323379456996918, -0.6144644021987915, 0.07755109667778015, -0.21783818304538727, 0.265115350484848, -0.15423986315727234, 0.11145684123039246, -3.337860107421875e-06, -0.03927963972091675, -0.250257670879364, 0.24034732580184937, 3.7252438068389893, 1.4171955585479736, 0.4109172821044922, 0.05840207636356354, -3.1623575687408447, -0.7486668825149536, 1.7890158891677856, 0.261259526014328, -0.017556825652718544, 2.874105215072632, -2.5080080032348633, 0.07223159819841385, 7.452192783355713, -0.12662973999977112, -0.3877989947795868, 0.027186084538698196, -1.1279499530792236, 0.6390278339385986, 1.0593994855880737, 0.13754397630691528, -3.5522758960723877, 0.21986155211925507, -1.3632941246032715, 1.0775786638259888, 13.285910606384277, 1.0, 1.0, 1.0, 1.0, 1.0, 1.0, 1.0, 0.0, 1.0, 1.0, 1.0, 1.0]"
138,0.0,0.0,0.0,5.3389481763588265e-05,0.0,397.3648681640625,2.7113033866044134e-05,0.0,201.7957000732422,0.0,0.0,0.0,0.630457878112793,0.18869465589523315,0.22112445533275604,-0.19877184927463531,-0.6041384935379028,0.08028370141983032,-0.2888796031475067,0.6505744457244873,-0.5090105533599854,0.512162983417511,-1.1882480382919312,-0.7699651122093201,0.4871000051498413,-0.5498629212379456,4.67452335357666,"[0.630457878112793, 0.18869465589523315, 0.22112445533275604, -0.45273613929748535, 0.6875351667404175, 0.012281520292162895, 0.006612258963286877, 0.035864800214767456, -0.9993348717689514, 0.699999988079071, 0.0, 0.0, -0.19877184927463531, -0.6041384935379028, 0.08028370141983032, -0.2888796031475067, 0.2505744397640228, -0.10901054739952087, 0.11216297745704651, -3.337860107421875e-06, 0.030034899711608887, -0.31290000677108765, 0.2501370906829834, 3.874523401260376, 1.868850827217102, 0.5155812501907349, 0.1723114550113678, -3.7969419956207275, -0.8690560460090637, 2.1063897609710693, -0.007787393406033516, -0.00018893182277679443, 4.0635504722595215, -3.029837131500244, 0.47753623127937317, 7.423799991607666, -0.007658092305064201, -0.3791424036026001, 0.12138743698596954, -1.3594828844070435, 0.3906590938568115, 1.2109313011169434, 0.23462703824043274, -3.7344067096710205, 0.49638795852661133, -1.5562021732330322, 1.0284432172775269, 12.92103099822998, 1.0, 1.0, 1.0, 1.0, 1.0, 1.0, 1.0, 0.0, 1.0, 1.0, 1.0, 1.0]"
139,3.369202386238612e-05,0.0,250.76148986816406,4.320724110584706e-05,0.0,321.5809326171875,3.672616003314033e-06,0.0,27.334383010864258,0.0,0.0,0.0,0.6621227860450745,0.22338618338108063,0.2779872715473175,-0.1938759684562683,-0.598696231842041,0.07801353931427002,-0.3815375566482544,0.6528933048248291,-0.45097261667251587,0.5090829133987427,-1.1882529258728027,-0.7552694082260132,0.40600115060806274,-0.5306113958358765,4.824268341064453,"[0.6621227860450745, 0.22338618338108063, 0.2779872715473175, 0.017233066260814667, 0.5452324151992798, -0.065044105052948, 0.01826930232346058, 0.04016844928264618, -0.9990259408950806, 0.699999988079071, 0.0, 0.0, -0.1938759684562683, -0.598696231842041, 0.07801353931427002, -0.3815375566482544, 0.2528932988643646, -0.05097261071205139, 0.1090829074382782, -8.225440979003906e-06, 0.04473060369491577, -0.3939988613128662, 0.2693886160850525, 4.02426815032959, -0.3998209238052368, 0.05613725632429123, -0.32084381580352783, -5.003889560699463, 0.253997802734375, 3.0044543743133545, -0.2630624771118164, -0.012933770194649696, 0.32549160718917847, -4.259803771972656, 1.4646087884902954, 7.470209121704102, -0.12130564451217651, -0.3363206684589386, 0.4878692924976349, -1.3589266538619995, -0.31295937299728394, 1.1145042181015015, 0.6190197467803955, -3.651209592819214, 1.0908201932907104, -1.7673327922821045, 0.6397397518157959, 12.374138832092285, 1.0, 1.0, 1.0, 1.0, 1.0, 1.0, 1.0, 0.0, 1.0, 1.0, 1.0, 1.0]"
140,4.983427788829431e-05,0.0,370.90435791015625,5.926473477302352e-06,0.0,44.10929489135742,0.0,0.0,0.0,0.0,0.0,0.0,0.6678807139396667,0.1628677099943161,0.2918887734413147,-0.1934511959552765,-0.5904088616371155,0.09486474841833115,-0.4632296860218048,0.6560755968093872,-0.38649216294288635,0.5219310522079468,-1.1882474422454834,-0.7389576435089111,0.32240089774131775,-0.5550354719161987,4.973906993865967,"[0.6678807139396667, 0.1628677099943161, 0.2918887734413147, -0.4278399646282196, 0.3357858657836914, -0.07775285094976425, 0.026938600465655327, 0.04515592008829117, -0.9986165165901184, 0.699999988079071, 0.0, 0.0, -0.1934511959552765, -0.5904088616371155, 0.09486474841833115, -0.4632296860218048, 0.25607559084892273, 0.013507843017578125, 0.1219310462474823, -2.7418136596679688e-06, 0.06104236841201782, -0.4775991141796112, 0.24496454000473022, 4.1739068031311035, 0.23466144502162933, 0.8519883751869202, 1.5735026597976685, -3.3494884967803955, 0.3948870003223419, 2.8185293674468994, 1.2886313199996948, -0.012680481187999249, 0.6505337953567505, -2.8508946895599365, -3.6676127910614014, 7.499335289001465, -0.7989872097969055, 0.18321242928504944, -0.17829997837543488, -1.0860402584075928, -0.6937761902809143, -0.8018273711204529, 0.30363085865974426, -3.582628011703491, 0.9251730442047119, -0.3930433690547943, -0.15076927840709686, 11.985869407653809, 1.0, 1.0, 1.0, 1.0, 1.0, 1.0, 1.0, 0.0, 1.0, 1.0, 1.0, 1.0]"
141,5.075691660749726e-05,0.0,377.7713317871094,0.0,0.0,0.0,0.0,0.0,0.0,0.0,0.0,0.0,0.5686351656913757,0.10746710002422333,0.2282528281211853,-0.19138610363006592,-0.54527348279953,0.11733384430408478,-0.5139455795288086,0.6567553281784058,-0.3762636184692383,0.5461246967315674,-1.1882390975952148,-0.7141486406326294,0.4290412366390228,-0.6306989192962646,5.122977256774902,"[0.5686351656913757, 0.10746710002422333, 0.2282528281211853, -0.04085586592555046, 0.006982957012951374, 0.27548083662986755, 0.029456982389092445, 0.05180045962333679, -0.9982229471206665, 0.699999988079071, 0.0, 0.0, -0.19138610363006592, -0.54527348279953, 0.11733384430408478, -0.5139455795288086, 0.2567553222179413, 0.023736387491226196, 0.1461246907711029, 5.602836608886719e-06, 0.08585137128829956, -0.37095877528190613, 0.1693010926246643, 4.322977066040039, -0.2254021018743515, 2.8160665035247803, 0.3985927104949951, -2.3709821701049805, 0.07858335226774216, -0.840888500213623, 0.8877497315406799, -0.005631112027913332, 1.3000034093856812, 7.415039539337158, -3.6221747398376465, 7.504718780517578, -0.7122038006782532, 0.012788142077624798, 0.08307729661464691, -1.2657337188720703, -0.5599310994148254, -1.9441803693771362, -0.0714394748210907, -4.110931396484375, 0.9838827848434448, 0.0559290274977684, -0.2771018147468567, 11.472549438476562, 1.0, 1.0, 1.0, 1.0, 1.0, 1.0, 1.0, 0.0, 1.0, 1.0, 1.0, 1.0]"
142,4.575337516143918e-05,0.0,340.5312194824219,0.0,0.0,0.0,0.0,0.0,0.0,0.0,0.0,0.0,0.4630649983882904,0.07630573213100433,0.16814465820789337,-0.20395317673683167,-0.4742249846458435,0.1073499247431755,-0.5518855452537537,0.6489989757537842,-0.43247613310813904,0.5469537973403931,-1.1882473230361938,-0.6776731610298157,0.5446239709854126,-0.719487726688385,5.2716755867004395,"[0.4630649983882904, 0.07630573213100433, 0.16814465820789337, 0.37550100684165955, -0.17193783819675446, 0.4683908522129059, 0.028040334582328796, 0.044696345925331116, -0.9986070990562439, 0.699999988079071, 0.0, 0.0, -0.20395317673683167, -0.4742249846458435, 0.1073499247431755, -0.5518855452537537, 0.2489989697933197, -0.03247612714767456, 0.1469537913799286, -2.6226043701171875e-06, 0.12232685089111328, -0.25537604093551636, 0.08051228523254395, 4.471675395965576, -0.6463807821273804, 4.044753074645996, -0.6247673034667969, -1.129939317703247, -0.2924220860004425, -3.8856871128082275, -0.5202490091323853, -0.01852312497794628, 1.7366467714309692, 4.910025596618652, -4.5090837478637695, 7.501473426818848, -0.27590060234069824, -0.17569157481193542, 0.16588108241558075, -0.8746014833450317, -0.24128472805023193, -1.2365082502365112, 0.051222413778305054, -3.991323709487915, 1.042449712753296, -0.024593748152256012, -0.3091328740119934, 11.700328826904297, 1.0, 1.0, 1.0, 1.0, 1.0, 1.0, 1.0, 0.0, 1.0, 1.0, 1.0, 1.0]"
143,2.5898027161019854e-05,0.0,192.75267028808594,0.0,0.0,0.0,0.0,0.0,0.0,0.0,0.0,0.0,0.4446786344051361,0.04553451016545296,0.09910906106233597,-0.20866334438323975,-0.37457388639450073,0.10743488371372223,-0.536236584186554,0.642641007900238,-0.514563798904419,0.5214903354644775,-1.1882343292236328,-0.6375089287757874,0.5968841314315796,-0.7700665593147278,5.419302940368652,"[0.4446786344051361, 0.04553451016545296, 0.09910906106233597, -0.1325465440750122, -0.5056489706039429, 0.39658981561660767, 0.02114959806203842, 0.044352658092975616, -0.9987918138504028, 0.699999988079071, 0.0, 0.0, -0.20866334438323975, -0.37457388639450073, 0.10743488371372223, -0.536236584186554, 0.24264100193977356, -0.11456379294395447, 0.12149032950401306, 1.0371208190917969e-05, 0.1624910831451416, -0.20311588048934937, 0.029933452606201172, 4.619302749633789, -0.14871424436569214, 5.452306270599365, 0.303125262260437, 1.6320891380310059, -0.18556012213230133, -3.3178980350494385, -1.5901628732681274, -0.01884309947490692, 1.9670528173446655, -0.2366739809513092, -0.27416306734085083, 7.495635032653809, -0.3228393495082855, -0.32736530900001526, 0.21498574316501617, -0.8093398809432983, 0.35912442207336426, 0.9334827661514282, 0.33419761061668396, -3.854316234588623, 0.646175742149353, -0.570483386516571, 0.2838144302368164, 12.291949272155762, 1.0, 1.0, 1.0, 1.0, 1.0, 1.0, 1.0, 0.0, 1.0, 1.0, 1.0, 1.0]"
144,0.0,0.0,0.0,2.621266321511939e-05,0.0,195.0944366455078,0.0,0.0,0.0,0.0,0.0,0.0,0.5255303382873535,0.07706326991319656,-0.0031801373697817326,-0.20992720127105713,-0.2858788073062897,0.11706135421991348,-0.4931151568889618,0.6452471613883972,-0.5335679650306702,0.49225375056266785,-1.1882457733154297,-0.6322593688964844,0.6009325385093689,-0.7136907577514648,5.567820072174072,"[0.5255303382873535, 0.07706326991319656, -0.0031801373697817326, -0.031701624393463135, -0.46765056252479553, 0.14580485224723816, 0.010159852914512157, 0.04588363319635391, -0.9988952875137329, 0.699999988079071, 0.0, 0.0, -0.20992720127105713, -0.2858788073062897, 0.11706135421991348, -0.4931151568889618, 0.24524715542793274, -0.1335679590702057, 0.09225374460220337, -1.0728836059570312e-06, 0.16774064302444458, -0.19906747341156006, 0.08630925416946411, 4.767819881439209, -0.08833208680152893, 2.8839645385742188, 0.6165386438369751, 2.603297710418701, 0.5911545157432556, 0.6142178177833557, -1.450520634651184, -0.0031012664549052715, -3.3393430709838867, 0.9124230146408081, 4.922921180725098, 7.324613571166992, -0.20797410607337952, -0.5669207572937012, 0.9379948377609253, -0.6374462842941284, 0.40131092071533203, 1.3338596820831299, 0.09147271513938904, -4.140223026275635, -0.447301983833313, -0.8664887547492981, 1.1693789958953857, 13.268645286560059, 1.0, 1.0, 1.0, 1.0, 1.0, 1.0, 1.0, 0.0, 1.0, 1.0, 1.0, 1.0]"
145,0.0,0.0,0.0,5.230639726505615e-05,0.0,389.3037414550781,0.0,0.0,0.0,0.0,0.0,0.0,0.5812265872955322,0.07412295788526535,0.0373799167573452,-0.20816895365715027,-0.29111701250076294,0.1389680951833725,-0.4249359965324402,0.6527727246284485,-0.5114813446998596,0.45985421538352966,-1.1882500648498535,-0.7366567254066467,0.5991600155830383,-0.577146053314209,5.716296195983887,"[0.5812265872955322, 0.07412295788526535, 0.0373799167573452, 0.3304916024208069, 0.16612587869167328, -0.06970714032649994, 0.009002051316201687, 0.04102015122771263, -0.9991177320480347, 0.699999988079071, 0.0, 0.0, -0.20816895365715027, -0.29111701250076294, 0.1389680951833725, -0.4249359965324402, 0.252772718667984, -0.11148133873939514, 0.059854209423065186, -5.364418029785156e-06, 0.06334328651428223, -0.20083999633789062, 0.22285395860671997, 4.916296005249023, 0.42463210225105286, -0.415957510471344, 1.5993200540542603, 3.853978395462036, -0.05798843502998352, 1.0469772815704346, -1.6426745653152466, -8.53193923830986e-05, -4.308207988739014, -0.5523126125335693, 6.963443279266357, 7.4454240798950195, -0.262827068567276, -0.24718859791755676, 0.6916649341583252, -0.656368613243103, 0.32549208402633667, 0.9355810880661011, 0.00035756826400756836, -4.3032660484313965, -0.4228575825691223, -1.0760178565979004, 0.9733631014823914, 14.084776878356934, 1.0, 1.0, 1.0, 1.0, 1.0, 1.0, 1.0, 0.0, 1.0, 1.0, 1.0, 1.0]"
146,0.0,0.0,0.0,5.130715362611227e-05,0.0,381.8666076660156,0.00013699900591745973,0.0,1019.6500854492188,0.0,0.0,0.0,0.6394176483154297,0.08729245513677597,0.06635759770870209,-0.19729021191596985,-0.30112141370773315,0.16163145005702972,-0.3521760106086731,0.6429833769798279,-0.4794521629810333,0.444212406873703,-1.1880817413330078,-0.8214532732963562,0.5654039978981018,-0.5165370106697083,5.865377902984619,"[0.6394176483154297, 0.08729245513677597, 0.06635759770870209, 0.23608043789863586, 0.36984455585479736, 0.06436815857887268, 0.016981320455670357, 0.031810611486434937, -0.9993498921394348, 0.699999988079071, 0.0, 0.0, -0.19729021191596985, -0.30112141370773315, 0.16163145005702972, -0.3521760106086731, 0.2429833710193634, -0.07945215702056885, 0.044212400913238525, 0.00016295909881591797, -0.021453261375427246, -0.23459601402282715, 0.2834630012512207, 5.065377712249756, 0.534558117389679, -0.2514784038066864, -0.6162141561508179, 4.013503074645996, -0.7654937505722046, 1.4741002321243286, 2.3118274211883545, -0.06021673604846001, -3.6409988403320312, -1.3950659036636353, -3.157782554626465, 7.482114791870117, -0.46935224533081055, -0.12377876788377762, 0.5413306355476379, -0.7274247407913208, 0.38987940549850464, 0.7459316253662109, -0.2641511857509613, -4.306055068969727, -0.18621598184108734, -1.264467477798462, 1.0425487756729126, 14.623003959655762, 1.0, 1.0, 1.0, 1.0, 1.0, 1.0, 1.0, 0.0, 1.0, 1.0, 1.0, 1.0]"
147,0.0,0.0,0.0,5.0008169637294486e-05,0.0,372.1985778808594,4.4707016058964655e-05,0.0,332.743408203125,0.0,0.0,0.0,0.6349023580551147,0.09273012727499008,0.12072165310382843,-0.19136857986450195,-0.30571088194847107,0.15354476869106293,-0.2898671329021454,0.6178970336914062,-0.4427061080932617,0.4651557207107544,-1.188241720199585,-0.8470933437347412,0.5257746577262878,-0.5290249586105347,6.01427698135376,"[0.6349023580551147, 0.09273012727499008, 0.12072165310382843, 0.2722296416759491, 0.29517143964767456, 0.10060498118400574, 0.023647960275411606, 0.0268482007086277, -0.9993597865104675, 0.699999988079071, 0.0, 0.0, -0.19136857986450195, -0.30571088194847107, 0.15354476869106293, -0.2898671329021454, 0.21789702773094177, -0.04270610213279724, 0.06515571475028992, 2.9802322387695312e-06, -0.047093331813812256, -0.2742253541946411, 0.2709750533103943, 5.2142767906188965, 0.06710910052061081, -0.24029600620269775, -0.42604371905326843, 2.4946982860565186, -1.4198743104934692, 1.6761137247085571, 0.9572457075119019, -0.03268526867032051, -0.5260337591171265, -1.730104923248291, -0.3022518754005432, 7.435990810394287, -0.17068395018577576, -0.4455944001674652, 0.6632933616638184, -0.877740740776062, 0.4288650155067444, 0.876423716545105, 0.07578474283218384, -4.664130210876465, -0.2203921228647232, -1.1055203676223755, 0.9937808513641357, 14.267804145812988, 1.0, 1.0, 1.0, 1.0, 1.0, 1.0, 1.0, 0.0, 1.0, 1.0, 1.0, 1.0]"
148,0.0,0.0,0.0,4.6192722948035225e-05,0.0,343.8011779785156,3.1218827643897384e-05,0.0,232.35411071777344,0.0,0.0,0.0,0.6585685610771179,0.10226186364889145,0.11872071027755737,-0.19225019216537476,-0.3129166066646576,0.14201876521110535,-0.26922807097435,0.5905753374099731,-0.4010236859321594,0.4808952212333679,-1.1882435083389282,-0.8508908152580261,0.48008716106414795,-0.5298721790313721,6.163412570953369,"[0.6585685610771179, 0.10226186364889145, 0.11872071027755737, 0.4473305940628052, 0.28084397315979004, 0.08351019769906998, 0.029123149812221527, 0.019198449328541756, -0.9993915557861328, 0.699999988079071, 0.0, 0.0, -0.19225019216537476, -0.3129166066646576, 0.14201876521110535, -0.26922807097435, 0.19057533144950867, -0.0010236799716949463, 0.08089521527290344, 1.1920928955078125e-06, -0.05089080333709717, -0.319912850856781, 0.2701278328895569, 5.363412380218506, -0.05388417840003967, -0.41841158270835876, -0.6198780536651611, 0.3753485381603241, -1.4126150608062744, 1.8977028131484985, 0.8523979187011719, -0.022979695349931717, 0.6446776390075684, -2.0445849895477295, -0.10443350672721863, 7.4281697273254395, -0.4465644061565399, -0.28208625316619873, 0.608260989189148, -0.8786219358444214, 0.43807923793792725, 0.9272211790084839, -0.2013857066631317, -4.678327560424805, -0.035213783383369446, -1.3004047870635986, 1.1574721336364746, 14.175398826599121, 1.0, 1.0, 1.0, 1.0, 1.0, 1.0, 1.0, 0.0, 1.0, 1.0, 1.0, 1.0]"
149,0.0,0.0,0.0,4.723202437162399e-05,0.0,351.5364074707031,3.8662226870656013e-05,0.0,287.75347900390625,0.0,0.0,0.0,0.6862432360649109,0.11145934462547302,0.1452687680721283,-0.1922084391117096,-0.3185391426086426,0.13221479952335358,-0.2695888876914978,0.5661444067955017,-0.3562416136264801,0.4936409890651703,-1.1882407665252686,-0.822944164276123,0.4302012622356415,-0.5242053866386414,6.31247091293335,"[0.6862432360649109, 0.11145934462547302, 0.1452687680721283, 0.23572780191898346, 0.26986637711524963, 0.06805095076560974, 0.034347742795944214, 0.013409683480858803, -0.9993197321891785, 0.699999988079071, 0.0, 0.0, -0.1922084391117096, -0.3185391426086426, 0.13221479952335358, -0.2695888876914978, 0.16614440083503723, 0.043758392333984375, 0.09364098310470581, 3.933906555175781e-06, -0.022944152355194092, -0.3697987496852875, 0.2757946252822876, 5.512470722198486, -0.05803747847676277, -0.23244671523571014, -0.4254872798919678, -0.16941845417022705, -1.1265356540679932, 2.089728593826294, 0.5866576433181763, -0.024206403642892838, 1.7916357517242432, -2.2884767055511475, 0.4241018295288086, 7.431025505065918, -0.2621198892593384, -0.37860724329948425, 0.49857082962989807, -0.9844717979431152, 0.47043585777282715, 0.9919564723968506, -0.2248837649822235, -4.87557315826416, 0.13839282095432281, -1.4428746700286865, 1.1728672981262207, 13.959397315979004, 1.0, 1.0, 1.0, 1.0, 1.0, 1.0, 1.0, 0.0, 1.0, 1.0, 1.0, 1.0]"
150,0.0,0.0,0.0,4.564567643683404e-05,0.0,339.7295837402344,4.0904178604250774e-05,0.0,304.4398193359375,0.0,0.0,0.0,0.714730978012085,0.1261480301618576,0.18471196293830872,-0.19289183616638184,-0.3209085464477539,0.12547659873962402,-0.28240683674812317,0.5484816431999207,-0.30552875995635986,0.4995361864566803,-1.1882399320602417,-0.7751670479774475,0.37191855907440186,-0.5053291320800781,6.461540699005127,"[0.714730978012085, 0.1261480301618576, 0.18471196293830872, 0.0833357572555542, 0.24208250641822815, 0.05938231572508812, 0.039136115461587906, 0.01125688012689352, -0.9991706013679504, 0.699999988079071, 0.0, 0.0, -0.19289183616638184, -0.3209085464477539, 0.12547659873962402, -0.28240683674812317, 0.14848163723945618, 0.09447124600410461, 0.09953618049621582, 4.76837158203125e-06, 0.024832963943481445, -0.4280814528465271, 0.29467087984085083, 5.661540508270264, -0.0510295107960701, -0.10002528131008148, -0.30501851439476013, -0.9557715058326721, -0.8072722554206848, 2.4396111965179443, 0.2423308789730072, -0.025648653507232666, 2.826540946960449, -2.7913196086883545, 1.0980770587921143, 7.437041759490967, -0.2850785553455353, -0.29310086369514465, 0.47675976157188416, -1.1132988929748535, 0.4124414920806885, 1.037188172340393, -0.31201818585395813, -5.000533103942871, 0.29773563146591187, -1.6260045766830444, 1.248194694519043, 13.73266315460205, 1.0, 1.0, 1.0, 1.0, 1.0, 1.0, 1.0, 0.0, 1.0, 1.0, 1.0, 1.0]"
151,0.0,0.0,0.0,4.0260925743496045e-05,0.0,299.6522216796875,3.8525649870280176e-05,0.0,286.73699951171875,0.0,0.0,0.0,0.7414312362670898,0.13637322187423706,0.21117936074733734,-0.19004769623279572,-0.3197862505912781,0.12216886132955551,-0.3119485080242157,0.5362432599067688,-0.24819231033325195,0.4979991614818573,-1.188240647315979,-0.7157347798347473,0.30420348048210144,-0.4723857045173645,6.610665321350098,"[0.7414312362670898, 0.13637322187423706, 0.21117936074733734, -0.16696374118328094, 0.223615825176239, 0.05565263703465462, 0.043447937816381454, 0.013149564154446125, -0.9989689588546753, 0.699999988079071, 0.0, 0.0, -0.19004769623279572, -0.3197862505912781, 0.12216886132955551, -0.3119485080242157, 0.13624325394630432, 0.15180769562721252, 0.09799915552139282, 4.0531158447265625e-06, 0.08426523208618164, -0.4957965314388275, 0.32761430740356445, 5.810665130615234, 0.2474997341632843, 0.13460557162761688, -0.08490025997161865, -1.7521227598190308, -0.5806628465652466, 2.8312227725982666, -0.14615817368030548, -0.022870132699608803, 3.1552913188934326, -3.3885228633880615, 1.8179664611816406, 7.446554660797119, -0.1721687912940979, -0.3593018651008606, 0.4736795127391815, -1.2429503202438354, 0.34289824962615967, 1.0710607767105103, -0.26594096422195435, -5.117449760437012, 0.4606285095214844, -1.8348510265350342, 1.3093171119689941, 13.425383567810059, 1.0, 1.0, 1.0, 1.0, 1.0, 1.0, 1.0, 0.0, 1.0, 1.0, 1.0, 1.0]"
152,0.0,0.0,0.0,3.620360075728968e-05,0.0,269.45452880859375,2.9494964110199362e-05,0.0,219.5238037109375,0.0,0.0,0.0,0.76461261510849,0.13806577026844025,0.212110698223114,-0.17822736501693726,-0.3140507638454437,0.12339330464601517,-0.3560016453266144,0.5238197445869446,-0.18478074669837952,0.49026161432266235,-1.1882426738739014,-0.643787145614624,0.22632575035095215,-0.4286976456642151,6.759859085083008,"[0.76461261510849, 0.13806577026844025, 0.212110698223114, -0.3887682855129242, 0.2525217533111572, 0.054077617824077606, 0.04794013127684593, 0.01993805542588234, -0.9986513257026672, 0.699999988079071, 0.0, 0.0, -0.17822736501693726, -0.3140507638454437, 0.12339330464601517, -0.3560016453266144, 0.1238197386264801, 0.21521925926208496, 0.09026160836219788, 2.0265579223632812e-06, 0.15621286630630493, -0.5736742615699768, 0.37130236625671387, 5.9598588943481445, 0.7677951455116272, 0.33725211024284363, 0.1241883933544159, -2.442209243774414, -0.8192324638366699, 3.145843267440796, -0.4094768464565277, -0.01826617494225502, 4.312589645385742, -3.948042869567871, 2.2198290824890137, 7.449639320373535, -0.18042492866516113, -0.37295401096343994, 0.5653630495071411, -1.2880146503448486, 0.03532755374908447, 0.98978590965271, -0.10853894054889679, -5.128717422485352, 0.8135566711425781, -2.1000325679779053, 1.239392638206482, 13.063051223754883, 1.0, 1.0, 1.0, 1.0, 1.0, 1.0, 1.0, 0.0, 1.0, 1.0, 1.0, 1.0]"
153,8.167637861333787e-05,0.0,607.8973999023438,8.537919711670838e-06,0.0,63.545650482177734,0.0,0.0,0.0,0.0,0.0,0.0,0.782921314239502,0.12837064266204834,0.16882291436195374,-0.16642750799655914,-0.307145893573761,0.12768030166625977,-0.4131813943386078,0.5120875835418701,-0.1197480782866478,0.4836534261703491,-1.1882572174072266,-0.5787051320075989,0.14477019011974335,-0.38922134041786194,6.9075822830200195,"[0.782921314239502, 0.12837064266204834, 0.16882291436195374, -0.08446275442838669, 0.12022118270397186, -0.0012724786065518856, 0.05285625532269478, 0.02812700904905796, -0.9982059597969055, 0.699999988079071, 0.0, 0.0, -0.16642750799655914, -0.307145893573761, 0.12768030166625977, -0.4131813943386078, 0.11208757758140564, 0.2802519202232361, 0.08365342020988464, -1.2516975402832031e-05, 0.22129487991333008, -0.6552298069000244, 0.410778671503067, 6.107582092285156, 0.048294469714164734, -0.11142587661743164, 0.16627445816993713, -3.4701969623565674, 1.2975993156433105, 3.2248294353485107, -0.17207977175712585, 0.0056745149195194244, -0.22878070175647736, -2.389204263687134, 1.514997959136963, 7.081131935119629, -0.3410014510154724, -0.43734028935432434, 0.5336805582046509, -1.1489334106445312, -0.48550379276275635, -0.5802254676818848, 0.010621264576911926, -4.962832927703857, 1.1327117681503296, -1.8564834594726562, 0.6885620951652527, 12.61603832244873, 1.0, 1.0, 1.0, 1.0, 1.0, 1.0, 1.0, 0.0, 1.0, 1.0, 1.0, 1.0]"
154,5.208638685871847e-05,0.0,387.666259765625,0.0,0.0,0.0,0.0,0.0,0.0,0.0,0.0,0.0,0.666144847869873,0.09435249119997025,0.11027846485376358,-0.17185159027576447,-0.3100868761539459,0.13865801692008972,-0.47709494829177856,0.5228675007820129,-0.10196823626756668,0.48435094952583313,-1.1882476806640625,-0.5615150332450867,0.12655943632125854,-0.43614262342453003,6.98157262802124,"[0.666144847869873, 0.09435249119997025, 0.11027846485376358, 0.392168253660202, -0.010313499718904495, 0.06792248040437698, 0.053971849381923676, 0.02570917457342148, -0.9982115626335144, 0.699999988079071, 0.0, 0.0, -0.17185159027576447, -0.3100868761539459, 0.13865801692008972, -0.47709494829177856, 0.12286749482154846, 0.2980317771434784, 0.08435094356536865, -2.9802322387695312e-06, 0.23848497867584229, -0.6734405755996704, 0.3638573884963989, 6.181572437286377, -0.5581753849983215, -0.41650769114494324, 0.4407452642917633, -3.0121521949768066, 0.4471679925918579, -1.2800191640853882, 0.0037785253953188658, -0.00430715549737215, 0.9318860769271851, 2.9903130531311035, -4.146055698394775, 1.5837944746017456, -0.33008065819740295, -0.6302832961082458, -0.02414129301905632, -1.0086669921875, -0.6834694147109985, -2.4636335372924805, -0.14615365862846375, -4.964326858520508, 1.0217293500900269, -0.8708751797676086, -0.06092803180217743, 12.48182201385498, 1.0, 1.0, 1.0, 1.0, 1.0, 1.0, 1.0, 0.0, 1.0, 1.0, 1.0, 1.0]"
155,4.385117063065991e-05,0.0,326.3735656738281,0.0,0.0,0.0,0.0,0.0,0.0,0.0,0.0,0.0,0.5497596263885498,0.08914083987474442,0.06720222532749176,-0.1924304962158203,-0.32938167452812195,0.12994888424873352,-0.5244625210762024,0.5203797221183777,-0.18851317465305328,0.4711165130138397,-1.1882389783859253,-0.5269871354103088,0.2269575595855713,-0.5239071249961853,7.0076799392700195,"[0.5497596263885498, 0.08914083987474442, 0.06720222532749176, 1.1732195615768433, -0.1332325041294098, 0.1844356805086136, 0.052697110921144485, 0.007923307828605175, -0.9985790252685547, 0.699999988079071, 0.0, 0.0, -0.1924304962158203, -0.32938167452812195, 0.12994888424873352, -0.5244625210762024, 0.12037971615791321, 0.2114868313074112, 0.07111650705337524, 5.7220458984375e-06, 0.2730128765106201, -0.5730424523353577, 0.27609288692474365, 6.207679748535156, -1.4670308828353882, -1.3212721347808838, -0.924541711807251, -2.014197826385498, -0.08251285552978516, -5.468942642211914, -0.9828572869300842, -0.0021704116370528936, 1.518917202949524, 4.529903411865234, -4.797995567321777, 2.045372486114502, -0.13627490401268005, -0.8031968474388123, 0.1870945245027542, -1.1390135288238525, -0.3986634612083435, -1.5918976068496704, -0.17161810398101807, -5.174635887145996, 0.9655965566635132, -0.18967002630233765, -0.10593776404857635, 12.70562744140625, 1.0, 1.0, 1.0, 1.0, 1.0, 1.0, 1.0, 0.0, 1.0, 1.0, 1.0, 1.0]"
156,2.6318588425056078e-05,0.0,195.8828125,0.0,0.0,0.0,0.0,0.0,0.0,0.0,0.0,0.0,0.508306622505188,0.06289803981781006,-0.04216887056827545,-0.21684175729751587,-0.3586999475955963,0.11231958121061325,-0.5465851426124573,0.5163021683692932,-0.3192882835865021,0.441946804523468,-1.188246726989746,-0.4880090653896332,0.32941868901252747,-0.6220657825469971,7.081064701080322,"[0.508306622505188, 0.06289803981781006, -0.04216887056827545, 0.9967926740646362, -0.3366923928260803, 0.17658282816410065, 0.04801773652434349, -0.01425617840141058, -0.998744547367096, 0.699999988079071, 0.0, 0.0, -0.21684175729751587, -0.3586999475955963, 0.11231958121061325, -0.5465851426124573, 0.11630216240882874, 0.0807117223739624, 0.04194679856300354, -2.0265579223632812e-06, 0.3119909465312958, -0.4705813229084015, 0.17793422937393188, 6.281064510345459, -1.1281259059906006, -1.4931880235671997, -0.7676321268081665, -0.5907044410705566, 0.08159150928258896, -6.997200965881348, -1.7975536584854126, -0.004166453145444393, 1.7104098796844482, 6.063633918762207, -3.5915048122406006, 5.257730484008789, -0.17519733309745789, -0.7105433344841003, 0.003986675292253494, -1.0014536380767822, -0.17967939376831055, -0.18228992819786072, -0.03255259990692139, -4.802361011505127, 0.9535706639289856, -0.24721691012382507, 0.18953104317188263, 13.365425109863281, 1.0, 1.0, 1.0, 1.0, 1.0, 1.0, 1.0, 0.0, 1.0, 1.0, 1.0, 1.0]"
157,0.0,0.0,0.0,0.0,0.0,0.0,0.0,0.0,0.0,0.0,0.0,0.0,0.5587993860244751,0.021835893392562866,-0.19663022458553314,-0.2287338376045227,-0.3749154210090637,0.10550754517316818,-0.5392746925354004,0.5220691561698914,-0.43072038888931274,0.39908164739608765,-1.1882448196411133,-0.4739032983779907,0.3876022696495056,-0.6107105016708374,7.222568035125732,"[0.5587993860244751, 0.021835893392562866, -0.19663022458553314, 0.20688462257385254, -0.533112645149231, 0.10361362248659134, 0.03833205625414848, -0.02620215341448784, -0.9989213943481445, 0.699999988079071, 0.0, 0.0, -0.2287338376045227, -0.3749154210090637, 0.10550754517316818, -0.5392746925354004, 0.12206915020942688, -0.030720382928848267, -0.0009183585643768311, -1.1920928955078125e-07, 0.32609671354293823, -0.41239774227142334, 0.18928951025009155, 6.422567844390869, -0.10043808072805405, 0.053442806005477905, 0.14243265986442566, 1.100569725036621, 0.5397791266441345, -3.840970277786255, -2.2860214710235596, -0.002090464113280177, -1.3871201276779175, -0.9176204800605774, 3.5310049057006836, 7.496984004974365, -0.625923216342926, -0.12031573802232742, 0.5229393243789673, -0.9780163764953613, 0.20302867889404297, 1.566331386566162, -0.04434919357299805, -4.67693567276001, 0.09604893624782562, -0.9810428619384766, 1.2030296325683594, 14.272453308105469, 1.0, 1.0, 1.0, 1.0, 1.0, 1.0, 1.0, 0.0, 1.0, 1.0, 1.0, 1.0]"
158,0.0,0.0,0.0,0.00011873908078996465,0.0,883.7459716796875,0.0001006332240649499,0.0,748.9884643554688,0.0,0.0,0.0,0.628241240978241,0.05445808172225952,-0.2697402834892273,-0.22893106937408447,-0.3537321984767914,0.11880841106176376,-0.505305290222168,0.5425964593887329,-0.461177259683609,0.3649367094039917,-1.1880533695220947,-0.5622944831848145,0.3793758749961853,-0.5071166157722473,7.371301174163818,"[0.628241240978241, 0.05445808172225952, -0.2697402834892273, -0.08593475073575974, -0.5263673663139343, 0.13959017395973206, 0.025995194911956787, -0.022931614890694618, -0.9993991255760193, 0.699999988079071, 0.0, 0.0, -0.22893106937408447, -0.3537321984767914, 0.11880841106176376, -0.505305290222168, 0.14259645342826843, -0.06117725372314453, -0.03506329655647278, 0.0001913309097290039, 0.2377055287361145, -0.42062413692474365, 0.29288339614868164, 6.571300983428955, -0.5463036298751831, -0.7626738548278809, -1.509575605392456, 2.0088813304901123, 0.8623746037483215, -2.3051207065582275, 0.6546551585197449, 0.0476662777364254, -4.626149654388428, 6.642378330230713, -0.5653176307678223, 7.307094573974609, -0.36757299304008484, -0.3850400447845459, 0.7832106351852417, -0.8110980987548828, 0.2841641306877136, 1.1120604276657104, -0.08950147032737732, -5.259309768676758, -0.2929614782333374, -1.0787080526351929, 1.1679145097732544, 15.229329109191895, 1.0, 1.0, 1.0, 1.0, 1.0, 1.0, 1.0, 0.0, 1.0, 1.0, 1.0, 1.0]"
159,0.0,0.0,0.0,8.102647552732378e-05,0.0,603.0602416992188,3.893696703016758e-05,0.0,289.7983093261719,0.0,0.0,0.0,0.6620417237281799,0.0280696302652359,-0.09503815323114395,-0.23063968122005463,-0.34472140669822693,0.13025188446044922,-0.4286300241947174,0.555945873260498,-0.48117104172706604,0.3972077965736389,-1.1882318258285522,-0.6626523733139038,0.459829717874527,-0.5083537697792053,7.519557952880859,"[0.6620417237281799, 0.0280696302652359, -0.09503815323114395, -0.6675792932510376, -0.2163819968700409, 0.05233713239431381, 0.0174217838793993, -0.009591614827513695, -0.9998023509979248, 0.699999988079071, 0.0, 0.0, -0.23063968122005463, -0.34472140669822693, 0.13025188446044922, -0.4286300241947174, 0.15594586730003357, -0.08117103576660156, -0.0027922093868255615, 1.2874603271484375e-05, 0.13734763860702515, -0.340170294046402, 0.29164624214172363, 6.719557762145996, -0.014978858642280102, 0.515717089176178, 0.5703879594802856, 4.250981330871582, 0.3781760632991791, -0.5277860760688782, 1.0396265983581543, 0.0026134876534342766, -5.670621871948242, 2.839721441268921, 0.3956412672996521, 7.441552639007568, -0.21703651547431946, -0.3642551302909851, 0.8305314183235168, -0.9198038578033447, 0.010605096817016602, 1.0523618459701538, 0.04374459385871887, -5.472935676574707, -0.4501780867576599, -0.9876173734664917, 1.037330150604248, 15.607818603515625, 1.0, 1.0, 1.0, 1.0, 1.0, 1.0, 1.0, 0.0, 1.0, 1.0, 1.0, 1.0]"
160,0.0,0.0,0.0,5.843808685312979e-05,0.0,434.9403991699219,2.9675862606381997e-05,0.0,220.87017822265625,0.0,0.0,0.0,0.6798219680786133,0.01911994256079197,0.006196388974785805,-0.22396109998226166,-0.3352612257003784,0.14050723612308502,-0.35063907504081726,0.5463870763778687,-0.4734518527984619,0.41607430577278137,-1.1882404088974,-0.765292227268219,0.48267480731010437,-0.5045197606086731,7.667373180389404,"[0.6798219680786133, 0.01911994256079197, 0.006196388974785805, -0.3894207775592804, 0.08495484292507172, -0.019154824316501617, 0.01705973781645298, 0.0018703482346609235, -0.9998528957366943, 0.699999988079071, 0.0, 0.0, -0.22396109998226166, -0.3352612257003784, 0.14050723612308502, -0.35063907504081726, 0.14638707041740417, -0.07345184683799744, 0.016074299812316895, 4.291534423828125e-06, 0.03470778465270996, -0.3173252046108246, 0.29548025131225586, 6.867372989654541, 0.4145512282848358, 0.3441004753112793, 0.3754441440105438, 3.339675188064575, -1.0681397914886475, 0.5692270398139954, 1.0411088466644287, 8.976645767688751e-05, -4.201693058013916, 0.5964956879615784, -0.11450666189193726, 7.453848361968994, -0.371567964553833, -0.2912106513977051, 0.6468380689620972, -0.8418784141540527, 0.17197471857070923, 0.8169684410095215, -0.0068464577198028564, -5.362746238708496, -0.30526506900787354, -1.1318297386169434, 1.044036865234375, 15.80527400970459, 1.0, 1.0, 1.0, 1.0, 1.0, 1.0, 1.0, 0.0, 1.0, 1.0, 1.0, 1.0]"
161,0.0,0.0,0.0,4.665141386794858e-05,0.0,347.215087890625,3.3349060686305165e-05,0.0,248.2089080810547,0.0,0.0,0.0,0.6983760595321655,0.025844845920801163,0.02710290439426899,-0.2182885855436325,-0.3339676558971405,0.14236746728420258,-0.308194637298584,0.514875590801239,-0.4509916603565216,0.43831485509872437,-1.1882405281066895,-0.8148991465568542,0.4768627882003784,-0.5112593770027161,7.815119743347168,"[0.6983760595321655, 0.025844845920801163, 0.02710290439426899, 0.04647280275821686, 0.1654011756181717, -0.033731598407030106, 0.01991293393075466, 0.003945817705243826, -0.9997937083244324, 0.699999988079071, 0.0, 0.0, -0.2182885855436325, -0.3339676558971405, 0.14236746728420258, -0.308194637298584, 0.11487558484077454, -0.05099165439605713, 0.03831484913825989, 4.172325134277344e-06, -0.014899134635925293, -0.32313722372055054, 0.2887406349182129, 7.015119552612305, 0.11227568238973618, -0.05662750452756882, -0.043728284537792206, 1.5152331590652466, -1.7618621587753296, 1.1186147928237915, 1.258744716644287, -0.0014813132584095001, -1.304473876953125, -0.36619603633880615, -0.5756590366363525, 7.455219268798828, -0.43611016869544983, -0.26566141843795776, 0.5722491145133972, -0.8829364776611328, 0.282606303691864, 0.7690612077713013, -0.07466500997543335, -5.4584197998046875, -0.13398046791553497, -1.219090223312378, 1.130429744720459, 15.802267074584961, 1.0, 1.0, 1.0, 1.0, 1.0, 1.0, 1.0, 0.0, 1.0, 1.0, 1.0, 1.0]"
162,0.0,0.0,0.0,4.899720079265535e-05,0.0,364.6742248535156,4.157783041591756e-05,0.0,309.4536437988281,0.0,0.0,0.0,0.7188747525215149,0.04185543954372406,0.06718278676271439,-0.22135449945926666,-0.3361409604549408,0.14021830260753632,-0.28999263048171997,0.48373162746429443,-0.42093154788017273,0.45918959379196167,-1.1882400512695312,-0.8160715699195862,0.4587864279747009,-0.5151026248931885,7.963308811187744,"[0.7188747525215149, 0.04185543954372406, 0.06718278676271439, 0.09246566891670227, 0.15669147670269012, -0.029643159359693527, 0.023033631965517998, 0.0023252079263329506, -0.9997320771217346, 0.699999988079071, 0.0, 0.0, -0.22135449945926666, -0.3361409604549408, 0.14021830260753632, -0.28999263048171997, 0.08373162150382996, -0.020931541919708252, 0.05918958783149719, 4.649162292480469e-06, -0.016071557998657227, -0.341213583946228, 0.2848973870277405, 7.163308620452881, -0.33982905745506287, -0.10327336192131042, -0.12656772136688232, 0.6465268135070801, -1.3826165199279785, 1.4568427801132202, 1.059819221496582, -0.002784028649330139, 0.5924851298332214, -0.8734881281852722, -0.1709369271993637, 7.457333564758301, -0.4338088929653168, -0.24925512075424194, 0.4762546122074127, -0.9504060745239258, 0.35908782482147217, 0.8144451379776001, -0.1955489218235016, -5.577381610870361, 0.01340414583683014, -1.304039716720581, 1.1807831525802612, 15.698573112487793, 1.0, 1.0, 1.0, 1.0, 1.0, 1.0, 1.0, 0.0, 1.0, 1.0, 1.0, 1.0]"
163,0.0,0.0,0.0,5.1864644774468616e-05,0.0,386.0158996582031,4.415620060171932e-05,0.0,328.6438293457031,0.0,0.0,0.0,0.7425932884216309,0.06051851436495781,0.12343676388263702,-0.23164169490337372,-0.3377857804298401,0.13778436183929443,-0.28873690962791443,0.4653644561767578,-0.3833892345428467,0.4734497666358948,-1.1882405281066895,-0.7942523956298828,0.42932194471359253,-0.506355345249176,8.110943794250488,"[0.7425932884216309, 0.06051851436495781, 0.12343676388263702, 0.06588012725114822, 0.14527516067028046, -0.03625032678246498, 0.025850705802440643, 0.0012143937638029456, -0.9996650815010071, 0.699999988079071, 0.0, 0.0, -0.23164169490337372, -0.3377857804298401, 0.13778436183929443, -0.28873690962791443, 0.06536445021629333, 0.016610771417617798, 0.0734497606754303, 4.172325134277344e-06, 0.005747616291046143, -0.3706780672073364, 0.29364466667175293, 7.310943603515625, -0.6230599284172058, -0.09188227355480194, -0.14188426733016968, -0.3103914260864258, -0.6909571290016174, 1.7990541458129883, 0.7020725011825562, -0.002610333263874054, 1.4437203407287598, -1.377003788948059, 0.4948648512363434, 7.44835090637207, -0.38361915946006775, -0.24341359734535217, 0.3810306489467621, -1.060326099395752, 0.3752901554107666, 0.8376113176345825, -0.23670029640197754, -5.723973274230957, 0.1385047286748886, -1.415531873703003, 1.246199607849121, 15.581657409667969, 1.0, 1.0, 1.0, 1.0, 1.0, 1.0, 1.0, 0.0, 1.0, 1.0, 1.0, 1.0]"
164,0.0,0.0,0.0,4.5347838749876246e-05,0.0,337.51287841796875,4.319346771808341e-05,0.0,321.4784240722656,0.0,0.0,0.0,0.7663172483444214,0.07475995272397995,0.16655030846595764,-0.24197547137737274,-0.33825066685676575,0.13631494343280792,-0.31030815839767456,0.45966634154319763,-0.33819639682769775,0.48034730553627014,-1.1882425546646118,-0.7603198289871216,0.3885992765426636,-0.48405808210372925,8.249956130981445,"[0.7663172483444214, 0.07475995272397995, 0.16655030846595764, -0.056256331503391266, 0.13101229071617126, -0.057233501225709915, 0.028374068439006805, 0.0016972186276689172, -0.9995960593223572, 0.699999988079071, 0.0, 0.0, -0.24197547137737274, -0.33825066685676575, 0.13631494343280792, -0.31030815839767456, 0.059666335582733154, 0.061803609132766724, 0.08034729957580566, 2.1457672119140625e-06, 0.03968018293380737, -0.4114007353782654, 0.3159419298171997, 7.449955940246582, -0.44178101420402527, 0.01900956779718399, -0.04807963967323303, -1.5735063552856445, -0.11978965252637863, 2.2272894382476807, 0.3106014132499695, -0.0036085639148950577, 1.971666693687439, -2.0453028678894043, 1.2005319595336914, 6.152953624725342, -0.3228723704814911, -0.2521977424621582, 0.29407456517219543, -1.2062838077545166, 0.3570283055305481, 0.8588521480560303, -0.25492551922798157, -5.868322372436523, 0.27837786078453064, -1.599539875984192, 1.3306375741958618, 15.42699146270752, 1.0, 1.0, 1.0, 1.0, 1.0, 1.0, 1.0, 0.0, 1.0, 1.0, 1.0, 1.0]"
165,0.0,0.0,0.0,4.1662362491479144e-05,0.0,310.0827941894531,3.954591375077143e-05,0.0,294.33056640625,0.0,0.0,0.0,0.7886504530906677,0.08491301536560059,0.19755133986473083,-0.24411307275295258,-0.3354295492172241,0.13801369071006775,-0.35889357328414917,0.4619978666305542,-0.2865961790084839,0.4796452522277832,-1.1882442235946655,-0.7153881788253784,0.3370717465877533,-0.4489016830921173,8.314699172973633,"[0.7886504530906677, 0.08491301536560059, 0.19755133986473083, -0.26952269673347473, 0.15339753031730652, -0.08010368049144745, 0.03104921616613865, 0.00578548526391387, -0.9995012879371643, 0.699999988079071, 0.0, 0.0, -0.24411307275295258, -0.3354295492172241, 0.13801369071006775, -0.35889357328414917, 0.06199786067008972, 0.11340382695198059, 0.07964524626731873, 4.76837158203125e-07, 0.08461183309555054, -0.46292826533317566, 0.35109832882881165, 7.5146989822387695, 0.09217788279056549, 0.20817109942436218, 0.1441659927368164, -2.864370822906494, 0.17481708526611328, 2.5636072158813477, -0.10095579922199249, -0.002985350787639618, 2.5494043827056885, -2.6260480880737305, 1.864830732345581, 1.5259279012680054, -0.22785747051239014, -0.3034231662750244, 0.27917107939720154, -1.3971819877624512, 0.29124975204467773, 0.9088994264602661, -0.2126709520816803, -6.009289264678955, 0.43375593423843384, -1.841994285583496, 1.4162611961364746, 15.140002250671387, 1.0, 1.0, 1.0, 1.0, 1.0, 1.0, 1.0, 0.0, 1.0, 1.0, 1.0, 1.0]"
166,0.0,0.0,0.0,3.683011527755298e-05,0.0,274.1175537109375,3.265716804889962e-05,0.0,243.059326171875,0.0,0.0,0.0,0.8073595762252808,0.08738512545824051,0.21005672216415405,-0.23321524262428284,-0.32834064960479736,0.14382123947143555,-0.4265003502368927,0.4644307792186737,-0.2291603684425354,0.4722483158111572,-1.188244104385376,-0.6510448455810547,0.2744203507900238,-0.4033814072608948,8.30324649810791,"[0.8073595762252808, 0.08738512545824051, 0.21005672216415405, -0.4667251408100128, 0.20660723745822906, -0.08473841845989227, 0.03448374196887016, 0.014305125921964645, -0.9993029832839966, 0.699999988079071, 0.0, 0.0, -0.23321524262428284, -0.32834064960479736, 0.14382123947143555, -0.4265003502368927, 0.06443077325820923, 0.17083963751792908, 0.07224830985069275, 5.960464477539062e-07, 0.14895516633987427, -0.5255796909332275, 0.3966186046600342, 7.503246307373047, 0.7892400026321411, 0.39268746972084045, 0.3315701186656952, -3.7309439182281494, -0.11798930168151855, 2.8628854751586914, -0.39674922823905945, -0.002193804830312729, 4.185123443603516, -3.2189977169036865, 2.2876694202423096, -2.288928508758545, -0.22817859053611755, -0.3500916659832001, 0.4352511167526245, -1.54677414894104, -0.06958627700805664, 0.8669321537017822, -0.1142018735408783, -6.026224136352539, 0.841816246509552, -2.154644012451172, 1.3262083530426025, 14.613641738891602, 1.0, 1.0, 1.0, 1.0, 1.0, 1.0, 1.0, 0.0, 1.0, 1.0, 1.0, 1.0]"
167,1.228610381076578e-05,0.0,91.44246673583984,9.192418474412989e-06,0.0,68.41692352294922,0.0,0.0,0.0,0.0,0.0,0.0,0.8004441857337952,0.08739873021841049,0.13446834683418274,-0.2105366289615631,-0.31786245107650757,0.15276244282722473,-0.5067778825759888,0.4504106938838959,-0.17097538709640503,0.46492013335227966,-1.1882086992263794,-0.5550675392150879,0.20547878742218018,-0.3674224019050598,8.227474212646484,"[0.8004441857337952, 0.08739873021841049, 0.13446834683418274, -0.5830121636390686, 0.3366595208644867, -0.034785401076078415, 0.040185973048210144, 0.026069214567542076, -0.9988520741462708, 0.699999988079071, 0.0, 0.0, -0.2105366289615631, -0.31786245107650757, 0.15276244282722473, -0.5067778825759888, 0.050410687923431396, 0.22902461886405945, 0.06492012739181519, 3.600120544433594e-05, 0.24493247270584106, -0.5945212244987488, 0.43257761001586914, 7.427474021911621, 0.6848810911178589, 0.4640604853630066, 0.434958815574646, -4.182012557983398, -0.840329647064209, 2.741183280944824, -0.24506807327270508, 0.025724615901708603, 1.1245007514953613, -2.351207971572876, 0.6342567205429077, -4.6095099449157715, -0.4666193723678589, -0.2713499367237091, 0.18658287823200226, -1.3144481182098389, -0.6186031699180603, -0.9029333591461182, -0.2150009572505951, -5.729986667633057, 1.1471107006072998, -1.6208932399749756, 0.5444119572639465, 14.091225624084473, 1.0, 1.0, 1.0, 1.0, 1.0, 1.0, 1.0, 0.0, 1.0, 1.0, 1.0, 1.0]"
168,6.480177398771048e-05,0.0,482.3037109375,0.0,0.0,0.0,0.0,0.0,0.0,0.0,0.0,0.0,0.6904272437095642,0.06911171972751617,0.10478652268648148,-0.2120491862297058,-0.31563806533813477,0.15135186910629272,-0.5889777541160583,0.46477383375167847,-0.1605456918478012,0.4587981104850769,-1.1882432699203491,-0.5473750829696655,0.19850632548332214,-0.4261041581630707,8.131345748901367,"[0.6904272437095642, 0.06911171972751617, 0.10478652268648148, 0.25410306453704834, 0.07356686145067215, 0.08143053948879242, 0.04346059635281563, 0.02608983963727951, -0.9987140893936157, 0.699999988079071, 0.0, 0.0, -0.2120491862297058, -0.31563806533813477, 0.15135186910629272, -0.5889777541160583, 0.06477382779121399, 0.23945431411266327, 0.05879810452461243, 1.430511474609375e-06, 0.2526249289512634, -0.6014937162399292, 0.3738958537578583, 7.331345558166504, -0.37877601385116577, -0.0746331736445427, -0.4004722833633423, -3.6682050228118896, 0.8340506553649902, -1.6525191068649292, -0.5690428018569946, -0.0048882984556257725, 0.28547969460487366, 3.699869394302368, -4.145503520965576, -5.2635722160339355, -0.19523760676383972, -0.6355732679367065, 0.015850860625505447, -1.418877124786377, -0.7641552090644836, -2.113140821456909, -0.13972505927085876, -5.899600982666016, 1.0512020587921143, -0.7100211381912231, -0.047578975558280945, 13.478985786437988, 1.0, 1.0, 1.0, 1.0, 1.0, 1.0, 1.0, 0.0, 1.0, 1.0, 1.0, 1.0]"
169,4.394004645291716e-05,0.0,327.0350341796875,0.0,0.0,0.0,0.0,0.0,0.0,0.0,0.0,0.0,0.5717617869377136,0.06585220992565155,0.10632207244634628,-0.21965083479881287,-0.3195801377296448,0.13919472694396973,-0.6109575629234314,0.4717389941215515,-0.2506720721721649,0.4347975254058838,-1.1882455348968506,-0.530070960521698,0.3004284203052521,-0.5216144919395447,8.000274658203125,"[0.5717617869377136, 0.06585220992565155, 0.10632207244634628, 0.3081781566143036, -0.03342504799365997, 0.13678590953350067, 0.04407362639904022, 0.021398697048425674, -0.9987990856170654, 0.699999988079071, 0.0, 0.0, -0.21965083479881287, -0.3195801377296448, 0.13919472694396973, -0.6109575629234314, 0.07173898816108704, 0.14932793378829956, 0.03479751944541931, -8.344650268554688e-07, 0.26992905139923096, -0.4995715916156769, 0.2783855199813843, 7.200274467468262, -0.46256929636001587, -0.45882171392440796, -0.7910706996917725, 0.18649053573608398, 0.36197930574417114, -5.541673183441162, -1.4100160598754883, -0.003445887938141823, 0.865649402141571, 4.286129951477051, -5.338798999786377, -7.202408313751221, -0.07816877961158752, -0.7670421004295349, 0.07532335817813873, -1.3975311517715454, -0.3989039659500122, -1.1383190155029297, -0.10764443874359131, -5.948523998260498, 0.9232173562049866, -0.23897972702980042, 0.031853869557380676, 13.555275917053223, 1.0, 1.0, 1.0, 1.0, 1.0, 1.0, 1.0, 0.0, 1.0, 1.0, 1.0, 1.0]"
170,2.6262881874572486e-05,0.0,195.4682159423828,0.0,0.0,0.0,0.0,0.0,0.0,0.0,0.0,0.0,0.5314575433731079,0.05699143558740616,-0.016441944986581802,-0.23450158536434174,-0.34317201375961304,0.11340927332639694,-0.6109246611595154,0.4736519753932953,-0.38022202253341675,0.40269890427589417,-1.1882455348968506,-0.4997444450855255,0.39467763900756836,-0.6023725867271423,7.877658367156982,"[0.5314575433731079, 0.05699143558740616, -0.016441944986581802, 0.7293610572814941, -0.3433621823787689, 0.14509467780590057, 0.04010110720992088, 0.008406715467572212, -0.9991603493690491, 0.699999988079071, 0.0, 0.0, -0.23450158536434174, -0.34317201375961304, 0.11340927332639694, -0.6109246611595154, 0.07365196943283081, 0.01977798342704773, 0.0026988983154296875, -8.344650268554688e-07, 0.30025556683540344, -0.4053223729133606, 0.19762742519378662, 7.077658176422119, -0.8889561295509338, -1.4118565320968628, -1.4172708988189697, 0.031931228935718536, 0.26322272419929504, -6.7295427322387695, -1.7811514139175415, -0.00358836492523551, 1.4910354614257812, 5.1717658042907715, -1.8259559869766235, -4.25578498840332, -0.1598244607448578, -0.6029167175292969, 0.01738770678639412, -1.2318127155303955, -0.24236494302749634, -0.15858685970306396, -0.023721247911453247, -5.686629295349121, 1.0305500030517578, -0.31640711426734924, 0.42159169912338257, 14.013495445251465, 1.0, 1.0, 1.0, 1.0, 1.0, 1.0, 1.0, 0.0, 1.0, 1.0, 1.0, 1.0]"
171,0.0,0.0,0.0,0.0,0.0,0.0,0.0,0.0,0.0,0.0,0.0,0.0,0.5955700874328613,0.009313889779150486,-0.16610971093177795,-0.24434760212898254,-0.3556818962097168,0.09346982091665268,-0.5997875332832336,0.4819917380809784,-0.4751570224761963,0.36846014857292175,-1.1882447004318237,-0.4701996147632599,0.4208068251609802,-0.571196973323822,7.876880168914795,"[0.5955700874328613, 0.009313889779150486, -0.16610971093177795, 0.1820288449525833, -0.6564407348632812, 0.09763491898775101, 0.028940390795469284, -0.0015240141656249762, -0.999579906463623, 0.699999988079071, 0.0, 0.0, -0.24434760212898254, -0.3556818962097168, 0.09346982091665268, -0.5997875332832336, 0.08199173212051392, -0.07515701651573181, -0.031539857387542725, 0.0, 0.32980039715766907, -0.37919318675994873, 0.22880303859710693, 7.076879978179932, -0.09840033948421478, 0.3094191253185272, -0.5260604619979858, 1.2046639919281006, 0.6317993998527527, -2.933351516723633, -1.6735150814056396, 6.564320938196033e-05, 0.8374474048614502, -2.0400896072387695, 3.9451637268066406, 2.2553467750549316, -0.37853488326072693, -0.14201340079307556, 0.2195114642381668, -1.2199180126190186, 0.07143014669418335, 1.5096322298049927, -0.01906484365463257, -5.490194797515869, 0.4424612522125244, -1.0110976696014404, 1.2723606824874878, 14.74545669555664, 1.0, 1.0, 1.0, 1.0, 1.0, 1.0, 1.0, 0.0, 1.0, 1.0, 1.0, 1.0]"
172,0.0,0.0,0.0,7.210200419649482e-05,0.0,536.6375732421875,0.0,0.0,0.0,0.0,0.0,0.0,0.6609969139099121,0.013069205917418003,-0.3042920231819153,-0.2373095601797104,-0.326597660779953,0.09747909009456635,-0.5683786273002625,0.5043830275535583,-0.4817700982093811,0.34155818819999695,-1.1882359981536865,-0.5239008665084839,0.3834337592124939,-0.4518653154373169,7.957569599151611,"[0.6609969139099121, 0.013069205917418003, -0.3042920231819153, 0.09065818041563034, -0.6098818778991699, -0.005986684467643499, 0.01372628752142191, 0.0022644069977104664, -0.9999036192893982, 0.699999988079071, 0.0, 0.0, -0.2373095601797104, -0.326597660779953, 0.09747909009456635, -0.5683786273002625, 0.10438302159309387, -0.08177009224891663, -0.05844181776046753, 8.702278137207031e-06, 0.27609914541244507, -0.41656625270843506, 0.34813469648361206, 7.157569408416748, -0.049283601343631744, -1.4367748498916626, 0.04406389594078064, 1.3577860593795776, 1.1440865993499756, -0.6698505878448486, -1.2597312927246094, 0.014606856741011143, -4.426399230957031, 2.720263957977295, 6.028990268707275, 4.918572902679443, -0.3779878318309784, -0.38442495465278625, 0.6534367203712463, -1.0921345949172974, 0.27899229526519775, 1.0030056238174438, -0.06761083006858826, -5.634788513183594, -0.1656108945608139, -1.1072369813919067, 1.215489387512207, 15.471718788146973, 1.0, 1.0, 1.0, 1.0, 1.0, 1.0, 1.0, 0.0, 1.0, 1.0, 1.0, 1.0]"
173,0.0,0.0,0.0,7.114982872735709e-05,0.0,529.5507202148438,0.0001289072388317436,0.0,959.4249877929688,0.0,0.0,0.0,0.7172327637672424,-3.524568455759436e-06,-0.12131641805171967,-0.24211491644382477,-0.3393941819667816,0.09442611038684845,-0.5308794975280762,0.5160768628120422,-0.4931342899799347,0.34078606963157654,-1.1881386041641235,-0.6118598580360413,0.44663169980049133,-0.40200406312942505,8.079596519470215,"[0.7172327637672424, -3.524568455759436e-06, -0.12131641805171967, -0.24707207083702087, -0.10600049793720245, 0.12847141921520233, 0.010558477602899075, -0.005861089564859867, -0.9999272227287292, 0.699999988079071, 0.0, 0.0, -0.24211491644382477, -0.3393941819667816, 0.09442611038684845, -0.5308794975280762, 0.11607685685157776, -0.09313428401947021, -0.05921393632888794, 0.00010609626770019531, 0.1881401538848877, -0.3533683121204376, 0.3979959487915039, 7.279596328735352, 0.2810150682926178, 0.1778881549835205, 0.5723377466201782, 3.8196187019348145, 0.5109740495681763, -0.14572423696517944, 3.21523380279541, -0.03475990146398544, -4.979272842407227, 2.260713815689087, -3.171632766723633, 7.5244340896606445, -0.43599042296409607, -0.1030803993344307, 0.5662091970443726, -1.118074655532837, 0.04327952861785889, 0.8382424116134644, -0.27235716581344604, -5.828840255737305, -0.09176166355609894, -1.3073599338531494, 1.0812195539474487, 16.179964065551758, 1.0, 1.0, 1.0, 1.0, 1.0, 1.0, 1.0, 0.0, 1.0, 1.0, 1.0, 1.0]"
174,0.0,0.0,0.0,6.472833047155291e-05,0.0,481.7571105957031,4.6787801693426445e-05,0.0,348.23016357421875,0.0,0.0,0.0,0.709446132183075,-0.001093676663003862,-0.008082257583737373,-0.23511822521686554,-0.3355370759963989,0.09728337824344635,-0.4579760432243347,0.5128597617149353,-0.4822462797164917,0.3764910101890564,-1.1882388591766357,-0.6994786858558655,0.4595186710357666,-0.43011969327926636,8.226491928100586,"[0.709446132183075, -0.001093676663003862, -0.008082257583737373, -0.1967315673828125, 0.22256195545196533, 0.08222422003746033, 0.013715204782783985, -0.002296661725267768, -0.9999034404754639, 0.699999988079071, 0.0, 0.0, -0.23511822521686554, -0.3355370759963989, 0.09728337824344635, -0.4579760432243347, 0.11285975575447083, -0.08224627375602722, -0.02350899577140808, 5.841255187988281e-06, 0.10052132606506348, -0.34048134088516235, 0.3698803186416626, 7.426491737365723, 0.4352833330631256, 0.2538173198699951, 0.2218952625989914, 3.4699206352233887, -0.6284489035606384, 0.681458055973053, 1.6982752084732056, -0.0003878902643918991, -3.576357126235962, 0.22051474452018738, -1.224133014678955, 7.4865312576293945, -0.1508665382862091, -0.5186992287635803, 0.7346841096878052, -1.0487602949142456, 0.09155482053756714, 0.8131653070449829, 0.006735473871231079, -5.735108375549316, -0.3110577464103699, -1.150447130203247, 1.058822751045227, 16.0943660736084, 1.0, 1.0, 1.0, 1.0, 1.0, 1.0, 1.0, 0.0, 1.0, 1.0, 1.0, 1.0]"
175,0.0,0.0,0.0,4.512999294092879e-05,0.0,335.8915100097656,3.5004613891942427e-05,0.0,260.53076171875,0.0,0.0,0.0,0.7137261629104614,0.0019232510821893811,0.021428994834423065,-0.22336620092391968,-0.3325190544128418,0.09886963665485382,-0.411180704832077,0.4923302233219147,-0.4591251611709595,0.4041009545326233,-1.188242793083191,-0.7702605128288269,0.44815951585769653,-0.4489070773124695,8.366386413574219,"[0.7137261629104614, 0.0019232510821893811, 0.021428994834423065, -0.01876315288245678, 0.3011309802532196, 0.034550104290246964, 0.019420072436332703, -0.000462548341602087, -0.9998112320899963, 0.699999988079071, 0.0, 0.0, -0.22336620092391968, -0.3325190544128418, 0.09886963665485382, -0.411180704832077, 0.0923302173614502, -0.059125155210494995, 0.0041009485721588135, 1.9073486328125e-06, 0.02973949909210205, -0.3518404960632324, 0.3510929346084595, 7.5663862228393555, 0.5977740287780762, 0.09192261099815369, 0.021855542436242104, 1.7367181777954102, -1.252851963043213, 1.0984700918197632, 1.4489341974258423, -0.0005722213536500931, -2.901820421218872, -0.5867490768432617, -1.0581283569335938, 7.015742778778076, -0.5602301955223083, -0.3846057951450348, 0.6415943503379822, -1.0441049337387085, 0.21841084957122803, 0.7451969385147095, -0.17380359768867493, -5.847169876098633, -0.16964708268642426, -1.2397072315216064, 1.2638896703720093, 16.168718338012695, 1.0, 1.0, 1.0, 1.0, 1.0, 1.0, 1.0, 0.0, 1.0, 1.0, 1.0, 1.0]"
176,0.0,0.0,0.0,4.758679642691277e-05,0.0,354.1768798828125,4.2362153180874884e-05,0.0,315.2911376953125,0.0,0.0,0.0,0.7251890301704407,0.02286500856280327,0.06145787984132767,-0.21751686930656433,-0.3324597179889679,0.09738902747631073,-0.39224839210510254,0.46704381704330444,-0.430044949054718,0.42790791392326355,-1.1882424354553223,-0.7941668629646301,0.428301602602005,-0.46010899543762207,8.501843452453613,"[0.7251890301704407, 0.02286500856280327, 0.06145787984132767, 0.07882139831781387, 0.2384287416934967, 0.029341604560613632, 0.02453417144715786, -0.0014071542536839843, -0.9996979236602783, 0.699999988079071, 0.0, 0.0, -0.21751686930656433, -0.3324597179889679, 0.09738902747631073, -0.39224839210510254, 0.06704381108283997, -0.03004494309425354, 0.027907907962799072, 2.2649765014648438e-06, 0.005833148956298828, -0.37169840931892395, 0.3398910164833069, 7.70184326171875, 0.03897128999233246, -0.021490100771188736, -0.11515341699123383, 0.5803478956222534, -1.1938390731811523, 1.4193768501281738, 1.151842713356018, -0.001367734745144844, -0.27198097109794617, -0.982262909412384, -0.4273545444011688, 6.262335777282715, -0.35147565603256226, -0.4428181052207947, 0.5374708771705627, -1.1207250356674194, 0.31120020151138306, 0.7952480316162109, -0.18703439831733704, -5.965667724609375, 0.024620935320854187, -1.3801167011260986, 1.2935817241668701, 16.074634552001953, 1.0, 1.0, 1.0, 1.0, 1.0, 1.0, 1.0, 0.0, 1.0, 1.0, 1.0, 1.0]"
177,0.0,0.0,0.0,5.2817507821600884e-05,0.0,393.1077575683594,4.521058144746348e-05,0.0,336.4913024902344,0.0,0.0,0.0,0.7457370758056641,0.04632794111967087,0.12955151498317719,-0.22048766911029816,-0.33229559659957886,0.09546129405498505,-0.3932429850101471,0.4502983093261719,-0.39295127987861633,0.4429468810558319,-1.188241958618164,-0.7800560593605042,0.3969830274581909,-0.4544873833656311,8.593799591064453,"[0.7457370758056641, 0.04632794111967087, 0.12955151498317719, 0.02168886363506317, 0.2146875262260437, 0.016497032716870308, 0.02880440279841423, -0.001971482764929533, -0.9995832443237305, 0.699999988079071, 0.0, 0.0, -0.22048766911029816, -0.33229559659957886, 0.09546129405498505, -0.3932429850101471, 0.0502983033657074, 0.0070487260818481445, 0.04294687509536743, 2.7418136596679688e-06, 0.019943952560424805, -0.40301698446273804, 0.34551262855529785, 7.79379940032959, -0.251508891582489, 0.008577604778110981, -0.10050080716609955, -0.45228374004364014, -0.674290657043457, 1.8133043050765991, 0.6727620363235474, -0.0011798897758126259, 1.4616180658340454, -1.5232130289077759, 0.45123007893562317, 3.568966865539551, -0.41223934292793274, -0.34078478813171387, 0.47107115387916565, -1.2520406246185303, 0.32310301065444946, 0.8396822214126587, -0.26978936791419983, -6.096829891204834, 0.19205503165721893, -1.4834011793136597, 1.3748139142990112, 15.9828519821167, 1.0, 1.0, 1.0, 1.0, 1.0, 1.0, 1.0, 0.0, 1.0, 1.0, 1.0, 1.0]"
178,0.0,0.0,0.0,4.6773689973633736e-05,0.0,348.1251525878906,4.3498068407643586e-05,0.0,323.7454833984375,0.0,0.0,0.0,0.7691864967346191,0.06391631811857224,0.1827111393213272,-0.22487345337867737,-0.33034253120422363,0.09491830319166183,-0.41886863112449646,0.44392868876457214,-0.34704405069351196,0.4481927156448364,-1.1882432699203491,-0.7374722361564636,0.3527224063873291,-0.430905282497406,8.631361961364746,"[0.7691864967346191, 0.06391631811857224, 0.1827111393213272, -0.11239112913608551, 0.18849420547485352, 0.010098488070070744, 0.032566823065280914, -0.0003753132186830044, -0.9994696378707886, 0.699999988079071, 0.0, 0.0, -0.22487345337867737, -0.33034253120422363, 0.09491830319166183, -0.41886863112449646, 0.043928682804107666, 0.052955955266952515, 0.04819270968437195, 1.430511474609375e-06, 0.06252777576446533, -0.44727760553359985, 0.36909472942352295, 7.831361770629883, -0.20437996089458466, 0.13882502913475037, -0.004301654174923897, -1.833254337310791, -0.17616626620292664, 2.292384147644043, 0.18965613842010498, -0.002835270017385483, 2.60711932182312, -2.2724649906158447, 1.3390727043151855, 0.6012383103370667, -0.27922943234443665, -0.36676329374313354, 0.40552788972854614, -1.4675679206848145, 0.31297463178634644, 0.9014489650726318, -0.3071196377277374, -6.247764587402344, 0.3845507502555847, -1.709962010383606, 1.4477459192276, 15.702275276184082, 1.0, 1.0, 1.0, 1.0, 1.0, 1.0, 1.0, 0.0, 1.0, 1.0, 1.0, 1.0]"
179,0.0,0.0,0.0,4.4269112549955025e-05,0.0,329.48419189453125,3.749601819436066e-05,0.0,279.07366943359375,0.0,0.0,0.0,0.7910577654838562,0.0714951753616333,0.21702732145786285,-0.22323215007781982,-0.32512593269348145,0.09718252718448639,-0.4718233644962311,0.4438096582889557,-0.2937997877597809,0.4445292353630066,-1.188244104385376,-0.6733317375183105,0.29618939757347107,-0.39178964495658875,8.606783866882324,"[0.7910577654838562, 0.0714951753616333, 0.21702732145786285, -0.2955028712749481, 0.21126863360404968, -0.0018635758897289634, 0.03630305081605911, 0.004546541720628738, -0.999330461025238, 0.699999988079071, 0.0, 0.0, -0.22323215007781982, -0.32512593269348145, 0.09718252718448639, -0.4718233644962311, 0.04380965232849121, 0.1062002182006836, 0.044529229402542114, 5.960464477539062e-07, 0.1266682744026184, -0.5038106441497803, 0.4082103669643402, 7.806783676147461, 0.2741188108921051, 0.3051339089870453, 0.16408146917819977, -3.134699583053589, -0.047319989651441574, 2.6410322189331055, -0.24525929987430573, -0.0018545137718319893, 3.8375961780548096, -2.8849551677703857, 2.0493083000183105, -2.785763740539551, -0.16727325320243835, -0.41892603039741516, 0.4085869789123535, -1.633596420288086, 0.10567361116409302, 0.9207849502563477, -0.18700483441352844, -6.270367622375488, 0.6654891967773438, -1.9785044193267822, 1.4270204305648804, 15.165535926818848, 1.0, 1.0, 1.0, 1.0, 1.0, 1.0, 1.0, 0.0, 1.0, 1.0, 1.0, 1.0]"
180,0.0,0.0,0.0,2.358852361794561e-05,0.0,175.56362915039062,2.087937536998652e-05,0.0,155.40008544921875,0.0,0.0,0.0,0.8023084402084351,0.06459933519363403,0.19019684195518494,-0.20790629088878632,-0.31607386469841003,0.10328163206577301,-0.5439549088478088,0.4372287094593048,-0.23524606227874756,0.4370300769805908,-1.1882368326187134,-0.5815403461456299,0.2278365194797516,-0.34865888953208923,8.522692680358887,"[0.8023084402084351, 0.06459933519363403, 0.19019684195518494, -0.5515990853309631, 0.32096007466316223, 0.0016168038127943873, 0.04165137559175491, 0.013380901888012886, -0.9990429878234863, 0.699999988079071, 0.0, 0.0, -0.20790629088878632, -0.31607386469841003, 0.10328163206577301, -0.5439549088478088, 0.03722870349884033, 0.16475394368171692, 0.03703007102012634, 7.867813110351562e-06, 0.21845966577529907, -0.572163462638855, 0.4513411223888397, 7.722692489624023, 1.0612621307373047, 0.5636967420578003, 0.4369800090789795, -3.691598653793335, -0.690535306930542, 2.9420645236968994, -0.20932510495185852, -0.0070768073201179504, 5.338652610778809, -3.555973529815674, 1.8137151002883911, -4.997365951538086, -0.3689182698726654, -0.2701466977596283, 0.4105772078037262, -1.536232829093933, -0.42908775806427, 0.14387398958206177, -0.18460196256637573, -6.056584358215332, 1.1211649179458618, -1.9019856452941895, 0.9729111790657043, 14.620792388916016, 1.0, 1.0, 1.0, 1.0, 1.0, 1.0, 1.0, 0.0, 1.0, 1.0, 1.0, 1.0]"
181,2.0630079234251752e-05,0.0,153.54464721679688,0.0,0.0,0.0,0.0,0.0,0.0,0.0,0.0,0.0,0.760486364364624,0.04305955767631531,0.16311033070087433,-0.19626650214195251,-0.305683970451355,0.11439716070890427,-0.6117570400238037,0.44343721866607666,-0.1917353719472885,0.43709486722946167,-1.1882432699203491,-0.5466338992118835,0.17936831712722778,-0.3663037121295929,8.418299674987793,"[0.760486364364624, 0.04305955767631531, 0.16311033070087433, -1.0529966354370117, 0.26452746987342834, 0.0033230194821953773, 0.04741816595196724, 0.022601479664444923, -0.9986196160316467, 0.699999988079071, 0.0, 0.0, -0.19626650214195251, -0.305683970451355, 0.11439716070890427, -0.6117570400238037, 0.04343721270561218, 0.20826463401317596, 0.03709486126899719, 1.430511474609375e-06, 0.2533661127090454, -0.6206316947937012, 0.43369629979133606, 7.61829948425293, 0.9417238235473633, 1.1211130619049072, 1.4464106559753418, 0.2757997512817383, 1.3750230073928833, 0.8484461307525635, -0.06635885685682297, -0.00015224650269374251, -0.7482165694236755, 0.20801004767417908, -3.381807565689087, -4.237813949584961, -0.2774510681629181, -0.5455912947654724, -0.05718747898936272, -1.3155875205993652, -0.6862373352050781, -1.498231053352356, -0.14255490899085999, -5.945549011230469, 1.0967551469802856, -0.9785833954811096, 0.16906221210956573, 14.109148979187012, 1.0, 1.0, 1.0, 1.0, 1.0, 1.0, 1.0, 0.0, 1.0, 1.0, 1.0, 1.0]"
182,5.107471952214837e-05,0.0,380.1366882324219,0.0,0.0,0.0,0.0,0.0,0.0,0.0,0.0,0.0,0.6182862520217896,0.05715274438261986,0.13031595945358276,-0.19444820284843445,-0.3037767708301544,0.11718980222940445,-0.6109572649002075,0.4562952518463135,-0.23854286968708038,0.427784264087677,-1.1882466077804565,-0.5392711758613586,0.26706403493881226,-0.4536602199077606,8.288935661315918,"[0.6182862520217896, 0.05715274438261986, 0.13031595945358276, 0.23314550518989563, 0.05346940830349922, 0.15357615053653717, 0.05014871060848236, 0.02705695666372776, -0.9983749985694885, 0.699999988079071, 0.0, 0.0, -0.19444820284843445, -0.3037767708301544, 0.11718980222940445, -0.6109572649002075, 0.056295245885849, 0.1614571362733841, 0.027784258127212524, -1.9073486328125e-06, 0.2607288360595703, -0.5329359769821167, 0.34633979201316833, 7.488935470581055, -0.39405757188796997, -0.541590690612793, -0.6271976828575134, 0.29951393604278564, 0.5104413032531738, -4.128970623016357, -0.7399899959564209, -0.0037203249521553516, 0.5805132985115051, 5.533185005187988, -4.457565784454346, -7.1080322265625, -0.1547185480594635, -0.6498739719390869, 0.0717056542634964, -1.4473880529403687, -0.4441074728965759, -1.68987238407135, -0.08626171946525574, -6.10429573059082, 0.9511701464653015, -0.4224964380264282, -0.014694973826408386, 13.9009370803833, 1.0, 1.0, 1.0, 1.0, 1.0, 1.0, 1.0, 0.0, 1.0, 1.0, 1.0, 1.0]"
183,3.4870030503952876e-05,0.0,259.5290832519531,0.0,0.0,0.0,0.0,0.0,0.0,0.0,0.0,0.0,0.5520505905151367,0.04415668174624443,0.02738432213664055,-0.21066568791866302,-0.3274421989917755,0.09268099814653397,-0.6109641194343567,0.45893797278404236,-0.3522333800792694,0.4116503596305847,-1.188239336013794,-0.5132163166999817,0.3616538643836975,-0.559264063835144,8.147647857666016,"[0.5520505905151367, 0.04415668174624443, 0.02738432213664055, 0.7817509770393372, -0.19770725071430206, 0.1919204145669937, 0.04866499453783035, 0.013084575533866882, -0.9987292289733887, 0.699999988079071, 0.0, 0.0, -0.21066568791866302, -0.3274421989917755, 0.09268099814653397, -0.6109641194343567, 0.05893796682357788, 0.04776662588119507, 0.01165035367012024, 5.364418029785156e-06, 0.28678369522094727, -0.43834614753723145, 0.2407359480857849, 7.347647666931152, -1.0344969034194946, -1.35453200340271, -1.261138677597046, 0.056257832795381546, 0.3410469591617584, -6.312135219573975, -0.9086508750915527, -0.0046787871979177, 0.987832248210907, 4.602343559265137, -4.728780269622803, -6.549527645111084, -0.02729460410773754, -0.6465001702308655, 0.08652301132678986, -1.2891368865966797, -0.26576530933380127, -0.5073955655097961, -0.07165643572807312, -5.889878273010254, 1.0466278791427612, -0.24511772394180298, 0.1976742297410965, 14.150825500488281, 1.0, 1.0, 1.0, 1.0, 1.0, 1.0, 1.0, 0.0, 1.0, 1.0, 1.0, 1.0]"
184,1.7273923731409013e-05,0.0,128.56558227539062,0.0,0.0,0.0,0.0,0.0,0.0,0.0,0.0,0.0,0.5786515474319458,-0.0015705580590292811,-0.10672405362129211,-0.2221936732530594,-0.34451597929000854,0.07745963335037231,-0.6022363901138306,0.4663887619972229,-0.4616280794143677,0.3877105414867401,-1.1882381439208984,-0.48362088203430176,0.4234223961830139,-0.581123411655426,8.076939582824707,"[0.5786515474319458, -0.0015705580590292811, -0.10672405362129211, 0.39797744154930115, -0.5868163704872131, 0.12276424467563629, 0.04008568078279495, 0.0022092608269304037, -0.9991937875747681, 0.699999988079071, 0.0, 0.0, -0.2221936732530594, -0.34451597929000854, 0.07745963335037231, -0.6022363901138306, 0.06638875603675842, -0.0616280734539032, -0.012289464473724365, 6.556510925292969e-06, 0.3163791298866272, -0.37657761573791504, 0.21887660026550293, 7.276939392089844, -0.49160462617874146, -0.3288607597351074, -0.4881824553012848, 0.7528684139251709, 0.6243743896484375, -4.139906883239746, -1.3240277767181396, -0.002667047316208482, 1.464372992515564, 0.6338770389556885, 1.5841660499572754, -1.1493927240371704, -0.2609252631664276, -0.29498717188835144, -0.04124639555811882, -1.2468252182006836, -0.0163307785987854, 1.1499433517456055, 0.004649028182029724, -5.589949607849121, 0.8471593856811523, -0.7745912671089172, 0.8766639828681946, 14.631043434143066, 1.0, 1.0, 1.0, 1.0, 1.0, 1.0, 1.0, 0.0, 1.0, 1.0, 1.0, 1.0]"
185,0.0,0.0,0.0,0.0,0.0,0.0,0.0,0.0,0.0,0.0,0.0,0.0,0.661156415939331,-0.0442720465362072,-0.2935449779033661,-0.226041778922081,-0.32666870951652527,0.07412385195493698,-0.5847892761230469,0.48751193284988403,-0.4893634021282196,0.3658530116081238,-1.1882447004318237,-0.4861335754394531,0.38709887862205505,-0.5057923197746277,8.10234546661377,"[0.661156415939331, -0.0442720465362072, -0.2935449779033661, 0.022673392668366432, -0.8345301747322083, 0.07078467309474945, 0.02483436092734337, -0.0021125010680407286, -0.9996896386146545, 0.699999988079071, 0.0, 0.0, -0.226041778922081, -0.32666870951652527, 0.07412385195493698, -0.5847892761230469, 0.08751192688941956, -0.08936339616775513, -0.0341469943523407, 0.0, 0.31386643648147583, -0.4129011332988739, 0.29420769214630127, 7.302345275878906, -0.02088174782693386, 1.7138075828552246, 0.18938013911247253, 1.068170428276062, 1.546682357788086, 0.20691119134426117, -0.9210115075111389, 6.63187529426068e-05, -3.043783664703369, -2.73002552986145, 4.8239216804504395, 2.9456605911254883, -0.4454893171787262, -0.33208730816841125, 0.6176251769065857, -1.194711446762085, 0.22185027599334717, 1.0634019374847412, -0.03108486533164978, -5.571916103363037, -0.10065899789333344, -1.0749133825302124, 1.241013765335083, 15.39665699005127, 1.0, 1.0, 1.0, 1.0, 1.0, 1.0, 1.0, 0.0, 1.0, 1.0, 1.0, 1.0]"
186,0.0,0.0,0.0,3.5900058719562367e-05,0.0,267.1953430175781,0.0,0.0,0.0,0.0,0.0,0.0,0.6804814338684082,-0.04063154757022858,-0.274864137172699,-0.23667466640472412,-0.32134199142456055,0.08024390041828156,-0.5637876987457275,0.5159902572631836,-0.4869929254055023,0.34747207164764404,-1.1882296800613403,-0.585768461227417,0.41180726885795593,-0.3977753520011902,8.19962215423584,"[0.6804814338684082, -0.04063154757022858, -0.274864137172699, 0.8883124589920044, -0.23600409924983978, 0.006059539038687944, 0.013064284808933735, -0.010051739402115345, -0.999863862991333, 0.699999988079071, 0.0, 0.0, -0.23667466640472412, -0.32134199142456055, 0.08024390041828156, -0.5637876987457275, 0.11599025130271912, -0.08699291944503784, -0.052527934312820435, 1.5020370483398438e-05, 0.21423155069351196, -0.388192743062973, 0.40222465991973877, 7.399621963500977, -1.0375488996505737, -0.9494580626487732, 0.1750141680240631, 1.1710851192474365, 0.8909688591957092, -0.6323189735412598, -1.0494292974472046, 0.00434162188321352, -4.552157402038574, 3.1611948013305664, 4.975627899169922, 5.819026947021484, -0.5333367586135864, -0.3791392147541046, 0.7074351906776428, -1.04695463180542, 0.1975553035736084, 0.8476842641830444, -0.24087116122245789, -5.6456499099731445, -0.14688904583454132, -1.3327499628067017, 1.128786325454712, 15.986544609069824, 1.0, 1.0, 1.0, 1.0, 1.0, 1.0, 1.0, 0.0, 1.0, 1.0, 1.0, 1.0]"
187,0.0,0.0,0.0,6.546960503328592e-05,0.0,487.2742614746094,3.6966077459510416e-05,0.0,275.12945556640625,0.0,0.0,0.0,0.7055686712265015,-0.024715090170502663,-0.0668109878897667,-0.250846266746521,-0.3258880078792572,0.07344929128885269,-0.49604350328445435,0.5263904929161072,-0.4845820367336273,0.3810616731643677,-1.1882305145263672,-0.6791561841964722,0.44593143463134766,-0.41556185483932495,8.331832885742188,"[0.7055686712265015, -0.024715090170502663, -0.0668109878897667, 0.05413846671581268, 0.05423777177929878, 0.09793408960103989, 0.011559556238353252, -0.014996299520134926, -0.99982088804245, 0.699999988079071, 0.0, 0.0, -0.250846266746521, -0.3258880078792572, 0.07344929128885269, -0.49604350328445435, 0.1263904869556427, -0.08458203077316284, -0.018938332796096802, 1.4185905456542969e-05, 0.12084382772445679, -0.3540685772895813, 0.384438157081604, 7.531832695007324, -0.6056544184684753, -0.0035103559494018555, -0.10832945257425308, 3.9876956939697266, 0.22572281956672668, 0.3990890085697174, 1.3718500137329102, 0.006045651156455278, -4.780271530151367, 0.9938967227935791, -0.5965880155563354, 6.5385870933532715, -0.5888479351997375, -0.15631306171417236, 0.6494626998901367, -1.0669245719909668, 0.06602776050567627, 0.7465914487838745, -0.479382187128067, -5.8037214279174805, -0.15556715428829193, -1.2594928741455078, 1.116054654121399, 16.515789031982422, 1.0, 1.0, 1.0, 1.0, 1.0, 1.0, 1.0, 0.0, 1.0, 1.0, 1.0, 1.0]"
188,0.0,0.0,0.0,5.270804831525311e-05,0.0,392.2931213378906,3.7507492379518226e-05,0.0,279.1590881347656,0.0,0.0,0.0,0.6922814846038818,-0.018434375524520874,0.04546377435326576,-0.2630136013031006,-0.32251766324043274,0.07397935539484024,-0.42321568727493286,0.5164666175842285,-0.4655936062335968,0.4027405381202698,-1.1882355213165283,-0.7415162324905396,0.4463804364204407,-0.4184304177761078,8.465200424194336,"[0.6922814846038818, -0.018434375524520874, 0.04546377435326576, -0.046739280223846436, 0.13051766157150269, 0.1279870569705963, 0.013548186980187893, -0.01353214867413044, -0.9998167157173157, 0.699999988079071, 0.0, 0.0, -0.2630136013031006, -0.32251766324043274, 0.07397935539484024, -0.42321568727493286, 0.11646661162376404, -0.06559360027313232, 0.002740532159805298, 9.179115295410156e-06, 0.058483779430389404, -0.3536195755004883, 0.38156959414482117, 7.665200233459473, -0.6728437542915344, 0.17086052894592285, 0.03163190931081772, 3.0928053855895996, -0.8762712478637695, 1.023523211479187, 1.0351448059082031, -0.0027400818653404713, -2.3786942958831787, -0.22491337358951569, -0.04763789847493172, 6.861639499664307, -0.37953823804855347, -0.5060315728187561, 0.7392438650131226, -1.0507078170776367, 0.17406094074249268, 0.7551224231719971, -0.08384451270103455, -5.839050769805908, -0.1842905431985855, -1.1985129117965698, 1.1934945583343506, 16.448087692260742, 1.0, 1.0, 1.0, 1.0, 1.0, 1.0, 1.0, 0.0, 1.0, 1.0, 1.0, 1.0]"
189,0.0,0.0,0.0,4.5498949475586414e-05,0.0,338.6375732421875,3.2111431210068986e-05,0.0,238.9975128173828,0.0,0.0,0.0,0.6996269226074219,-0.02078353986144066,0.05509854480624199,-0.2726954221725464,-0.31963983178138733,0.07379867136478424,-0.38560691475868225,0.49450066685676575,-0.4395994246006012,0.421120822429657,-1.1882463693618774,-0.7779187560081482,0.4334854781627655,-0.4175288677215576,8.601866722106934,"[0.6996269226074219, -0.02078353986144066, 0.05509854480624199, -0.010316512547433376, 0.17327776551246643, 0.09000791609287262, 0.016583383083343506, -0.013064634054899216, -0.9997771978378296, 0.699999988079071, 0.0, 0.0, -0.2726954221725464, -0.31963983178138733, 0.07379867136478424, -0.38560691475868225, 0.09450066089630127, -0.03959941864013672, 0.021120816469192505, -1.6689300537109375e-06, 0.02208125591278076, -0.36651453375816345, 0.38247114419937134, 7.80186653137207, -0.3481763005256653, 0.13539531826972961, 0.006479954347014427, 1.2545592784881592, -1.2132521867752075, 1.1832417249679565, 0.9364092350006104, 0.0005665961652994156, -1.0609028339385986, -0.56510990858078, 0.016085226088762283, 6.538852214813232, -0.5116753578186035, -0.44137829542160034, 0.6167711019515991, -1.0424199104309082, 0.27344846725463867, 0.7531605958938599, -0.17792001366615295, -5.877013683319092, -0.06420449912548065, -1.2948073148727417, 1.3482468128204346, 16.369394302368164, 1.0, 1.0, 1.0, 1.0, 1.0, 1.0, 1.0, 0.0, 1.0, 1.0, 1.0, 1.0]"
190,0.0,0.0,0.0,4.999275188311003e-05,0.0,372.0838317871094,3.919207301805727e-05,0.0,291.6969909667969,0.0,0.0,0.0,0.7224617600440979,-0.011874278075993061,0.09338770806789398,-0.2763981819152832,-0.3158101737499237,0.07519366592168808,-0.37493380904197693,0.47369593381881714,-0.4092479944229126,0.43555891513824463,-1.1882444620132446,-0.7824485898017883,0.41350269317626953,-0.410433828830719,8.705830574035645,"[0.7224617600440979, -0.011874278075993061, 0.09338770806789398, -0.07942483574151993, 0.19112107157707214, 0.05636752024292946, 0.020070360973477364, -0.01140154805034399, -0.9997333884239197, 0.699999988079071, 0.0, 0.0, -0.2763981819152832, -0.3158101737499237, 0.07519366592168808, -0.37493380904197693, 0.07369592785835266, -0.00924798846244812, 0.03555890917778015, 2.384185791015625e-07, 0.017551422119140625, -0.3864973187446594, 0.38956618309020996, 7.905830383300781, -0.18955324590206146, 0.18855567276477814, 0.0767507255077362, 0.10035866498947144, -0.9257715940475464, 1.4850999116897583, 0.6531649231910706, 0.002314148470759392, 0.3053402006626129, -1.0411710739135742, 0.49914005398750305, 4.133445739746094, -0.4209373891353607, -0.4667798578739166, 0.5121263265609741, -1.1602599620819092, 0.3263123631477356, 0.8314414024353027, -0.22372281551361084, -6.012689590454102, 0.09316973388195038, -1.4092135429382324, 1.3994834423065186, 16.218576431274414, 1.0, 1.0, 1.0, 1.0, 1.0, 1.0, 1.0, 0.0, 1.0, 1.0, 1.0, 1.0]"
191,0.0,0.0,0.0,5.276318552205339e-05,0.0,392.7035217285156,4.221314884489402e-05,0.0,314.1821594238281,0.0,0.0,0.0,0.7502953410148621,0.004468037746846676,0.15254762768745422,-0.27966001629829407,-0.31185299158096313,0.07645679265260696,-0.39031338691711426,0.4609852135181427,-0.3698400855064392,0.4426785111427307,-1.1882436275482178,-0.7585225105285645,0.3791258633136749,-0.3905278742313385,8.748177528381348,"[0.7502953410148621, 0.004468037746846676, 0.15254762768745422, -0.06119014695286751, 0.19208863377571106, 0.04559763893485069, 0.023711156100034714, -0.009541408158838749, -0.9996734857559204, 0.699999988079071, 0.0, 0.0, -0.27966001629829407, -0.31185299158096313, 0.07645679265260696, -0.39031338691711426, 0.06098520755767822, 0.03015992045402527, 0.042678505182266235, 1.0728836059570312e-06, 0.0414775013923645, -0.42087414860725403, 0.40947213768959045, 7.948177337646484, -0.18264073133468628, 0.16680026054382324, 0.037379659712314606, -1.3557755947113037, -0.5284165143966675, 1.9583203792572021, 0.26663297414779663, 0.0024243835359811783, 1.9412556886672974, -1.7845619916915894, 1.1905931234359741, 0.8110551238059998, -0.4310784935951233, -0.38132378458976746, 0.44426992535591125, -1.3554487228393555, 0.33191585540771484, 0.8826112747192383, -0.34554973244667053, -6.179457187652588, 0.2974587082862854, -1.608428716659546, 1.4711791276931763, 15.974984169006348, 1.0, 1.0, 1.0, 1.0, 1.0, 1.0, 1.0, 0.0, 1.0, 1.0, 1.0, 1.0]"
192,0.0,0.0,0.0,4.846834417548962e-05,0.0,360.738037109375,3.991949779447168e-05,0.0,297.11102294921875,0.0,0.0,0.0,0.775935709476471,0.01418561302125454,0.20016661286354065,-0.2795589566230774,-0.3067309558391571,0.0784035176038742,-0.43456870317459106,0.45542678236961365,-0.32129812240600586,0.4406884014606476,-1.1882424354553223,-0.7051593661308289,0.33034801483154297,-0.35441434383392334,8.730091094970703,"[0.775935709476471, 0.01418561302125454, 0.20016661286354065, -0.17864607274532318, 0.19483894109725952, 0.041456472128629684, 0.02725983038544655, -0.006491171196103096, -0.999607503414154, 0.699999988079071, 0.0, 0.0, -0.2795589566230774, -0.3067309558391571, 0.0784035176038742, -0.43456870317459106, 0.05542677640914917, 0.07870188355445862, 0.040688395500183105, 2.2649765014648438e-06, 0.0948406457901001, -0.469651997089386, 0.4455856680870056, 7.93009090423584, 0.12360638380050659, 0.2799221873283386, 0.13416221737861633, -2.777906656265259, -0.21984398365020752, 2.3783485889434814, -0.19680261611938477, 0.002187013626098633, 3.2426865100860596, -2.458500623703003, 2.0087406635284424, -2.421839475631714, -0.2748670279979706, -0.4344792664051056, 0.43571773171424866, -1.5943535566329956, 0.26892518997192383, 0.9404352903366089, -0.33745166659355164, -6.294862270355225, 0.523396372795105, -1.8588461875915527, 1.507028341293335, 15.488263130187988, 1.0, 1.0, 1.0, 1.0, 1.0, 1.0, 1.0, 0.0, 1.0, 1.0, 1.0, 1.0]"
193,0.0,0.0,0.0,3.8268866774160415e-05,0.0,284.8258361816406,2.640025195432827e-05,0.0,196.49061584472656,0.0,0.0,0.0,0.7963982224464417,0.00804921519011259,0.20958980917930603,-0.2676358222961426,-0.2982920706272125,0.08346174657344818,-0.503942608833313,0.450512170791626,-0.26548418402671814,0.43129590153694153,-1.1882466077804565,-0.6226701736450195,0.26812174916267395,-0.30664175748825073,8.651618003845215,"[0.7963982224464417, 0.00804921519011259, 0.20958980917930603, -0.3692804276943207, 0.26862719655036926, 0.02271384373307228, 0.03166216239333153, -0.00012829527258872986, -0.9994985461235046, 0.699999988079071, 0.0, 0.0, -0.2676358222961426, -0.2982920706272125, 0.08346174657344818, -0.503942608833313, 0.0505121648311615, 0.13451582193374634, 0.03129589557647705, -1.9073486328125e-06, 0.17732983827590942, -0.5318782329559326, 0.4933582544326782, 7.851617813110352, 0.8872743844985962, 0.47106894850730896, 0.35118380188941956, -3.801628351211548, -0.4983333647251129, 2.7851274013519287, -0.45420336723327637, -0.010347837582230568, 5.18668270111084, -3.1940999031066895, 2.3439013957977295, -4.963842391967773, -0.30018511414527893, -0.35647425055503845, 0.4944310486316681, -1.6351752281188965, -0.20097118616104126, 0.7509313821792603, -0.1717895269393921, -6.194920539855957, 1.0298405885696411, -2.072944402694702, 1.2958182096481323, 14.851017951965332, 1.0, 1.0, 1.0, 1.0, 1.0, 1.0, 1.0, 0.0, 1.0, 1.0, 1.0, 1.0]"
194,2.304219378856942e-05,0.0,171.49742126464844,0.0,0.0,0.0,0.0,0.0,0.0,0.0,0.0,0.0,0.7909466624259949,-0.0010945580434054136,0.11035023629665375,-0.24313879013061523,-0.28585752844810486,0.09428349882364273,-0.5813165903091431,0.4296295642852783,-0.20999561250209808,0.4265059530735016,-1.188232183456421,-0.5186876654624939,0.19751723110675812,-0.29808852076530457,8.537912368774414,"[0.7909466624259949, -0.0010945580434054136, 0.11035023629665375, -0.49949708580970764, 0.4212428331375122, 0.04519254341721535, 0.03950078412890434, 0.010062859393656254, -0.9991685152053833, 0.699999988079071, 0.0, 0.0, -0.24313879013061523, -0.28585752844810486, 0.09428349882364273, -0.5813165903091431, 0.029629558324813843, 0.1900043934583664, 0.02650594711303711, 1.2516975402832031e-05, 0.28131234645843506, -0.602482795715332, 0.5019115209579468, 7.737912178039551, 0.44638872146606445, 0.6203374862670898, 0.6320079565048218, -3.7092206478118896, -0.8113628029823303, 2.5068881511688232, 0.0644201785326004, -0.0648365244269371, 1.9255261421203613, -4.174557209014893, -2.512417793273926, -5.809936046600342, -0.24917206168174744, -0.551393449306488, -0.08442477881908417, -1.214526891708374, -0.5368848443031311, -1.0048812627792358, -0.13683980703353882, -5.838207721710205, 1.1398578882217407, -1.270059585571289, 0.3891074061393738, 14.408310890197754, 1.0, 1.0, 1.0, 1.0, 1.0, 1.0, 1.0, 0.0, 1.0, 1.0, 1.0, 1.0]"
195,6.468819628935307e-05,0.0,481.45843505859375,0.0,0.0,0.0,0.0,0.0,0.0,0.0,0.0,0.0,0.6836427450180054,0.005252733826637268,0.12109491974115372,-0.23780201375484467,-0.28456491231918335,0.10109072923660278,-0.6110475063323975,0.4508349299430847,-0.21841372549533844,0.4232703149318695,-1.1882424354553223,-0.525879979133606,0.24308937788009644,-0.3789415955543518,8.4265775680542,"[0.6836427450180054, 0.005252733826637268, 0.12109491974115372, -0.22214527428150177, 0.18614543974399567, 0.08395618200302124, 0.04444435238838196, 0.016206897795200348, -0.9988803267478943, 0.699999988079071, 0.0, 0.0, -0.23780201375484467, -0.28456491231918335, 0.10109072923660278, -0.6110475063323975, 0.05083492398262024, 0.18158628046512604, 0.02327030897140503, 2.2649765014648438e-06, 0.274120032787323, -0.5569106340408325, 0.42105841636657715, 7.626577377319336, 0.159373477101326, -0.3420190215110779, 0.04129091650247574, 0.1279808133840561, 1.028313398361206, -2.479947328567505, -0.4767683744430542, -0.0010683732107281685, -0.25803452730178833, 5.939438343048096, -4.202825546264648, -6.360953330993652, -0.11867204308509827, -0.8685304522514343, 0.09758324921131134, -1.4327678680419922, -0.6145370006561279, -1.7911630868911743, -0.10607323050498962, -6.059077262878418, 1.0634788274765015, -0.6086479425430298, 0.02465672791004181, 13.835352897644043, 1.0, 1.0, 1.0, 1.0, 1.0, 1.0, 1.0, 0.0, 1.0, 1.0, 1.0, 1.0]"
196,4.142886973568238e-05,0.0,308.344970703125,0.0,0.0,0.0,0.0,0.0,0.0,0.0,0.0,0.0,0.5850577354431152,0.011916018091142178,0.06704559922218323,-0.24827370047569275,-0.31564202904701233,0.0833219513297081,-0.6109577417373657,0.4571059048175812,-0.3125055134296417,0.41163066029548645,-1.188244104385376,-0.5081660747528076,0.3428623676300049,-0.4904833734035492,8.2803955078125,"[0.5850577354431152, 0.011916018091142178, 0.06704559922218323, 0.7201090455055237, -0.03280362859368324, 0.1282835155725479, 0.04580714926123619, 0.006755746901035309, -0.9989272952079773, 0.699999988079071, 0.0, 0.0, -0.24827370047569275, -0.31564202904701233, 0.0833219513297081, -0.6109577417373657, 0.0571058988571167, 0.08749449253082275, 0.011630654335021973, 5.960464477539062e-07, 0.29183393716812134, -0.4571376442909241, 0.30951663851737976, 7.480395317077637, -0.7927141189575195, -2.0716488361358643, -1.125004529953003, 0.14432209730148315, 0.28391480445861816, -5.60013484954834, -0.6326586008071899, -0.004512026906013489, 1.022715449333191, 3.9232254028320312, -5.984244346618652, -7.324234962463379, -0.02806141786277294, -0.8022257685661316, 0.046125609427690506, -1.288130521774292, -0.3022887110710144, -0.9758801460266113, -0.04910662770271301, -5.988293647766113, 0.9698740243911743, -0.324036568403244, 0.023070648312568665, 14.078890800476074, 1.0, 1.0, 1.0, 1.0, 1.0, 1.0, 1.0, 0.0, 1.0, 1.0, 1.0, 1.0]"
197,2.3034439436742105e-05,0.0,171.43971252441406,0.0,0.0,0.0,0.0,0.0,0.0,0.0,0.0,0.0,0.5687928795814514,-0.02118712291121483,-0.06113850697875023,-0.260368674993515,-0.3584572672843933,0.06653634458780289,-0.6063477396965027,0.46326014399528503,-0.43432480096817017,0.39433231949806213,-1.1882426738739014,-0.48241716623306274,0.42041125893592834,-0.5716211199760437,8.152772903442383,"[0.5687928795814514, -0.02118712291121483, -0.06113850697875023, 0.5047693252563477, -0.36203691363334656, 0.0848279669880867, 0.04139355570077896, -0.005984681658446789, -0.9991247057914734, 0.699999988079071, 0.0, 0.0, -0.260368674993515, -0.3584572672843933, 0.06653634458780289, -0.6063477396965027, 0.06326013803482056, -0.03432479500770569, -0.005667686462402344, 2.0265579223632812e-06, 0.3175828456878662, -0.3795887529850006, 0.22837889194488525, 7.3527727127075195, -0.5165773630142212, -1.9295943975448608, -0.6165785193443298, 0.572905957698822, 0.6026849150657654, -5.740957736968994, -1.0654473304748535, -0.005284361075609922, 1.0924746990203857, 3.115051746368408, -1.7374085187911987, -4.5451555252075195, -0.25823530554771423, -0.6049771904945374, -0.12451915442943573, -1.1751831769943237, -0.15253543853759766, 0.4243241250514984, -0.028117358684539795, -5.638844013214111, 0.9617458581924438, -0.5087892413139343, 0.5123021006584167, 14.499210357666016, 1.0, 1.0, 1.0, 1.0, 1.0, 1.0, 1.0, 0.0, 1.0, 1.0, 1.0, 1.0]"
198,0.0,0.0,0.0,0.0,0.0,0.0,0.0,0.0,0.0,0.0,0.0,0.0,0.6349108219146729,-0.06244906038045883,-0.2208479791879654,-0.2650885581970215,-0.3765782117843628,0.05825012922286987,-0.5829997062683105,0.4806406497955322,-0.5030576586723328,0.37163880467414856,-1.1882448196411133,-0.4708172082901001,0.41437584161758423,-0.5394794344902039,8.142428398132324,"[0.6349108219146729, -0.06244906038045883, -0.2208479791879654, 0.13938215374946594, -0.6375265121459961, 0.05879129841923714, 0.030408602207899094, -0.012050505727529526, -0.999464750289917, 0.699999988079071, 0.0, 0.0, -0.2650885581970215, -0.3765782117843628, 0.05825012922286987, -0.5829997062683105, 0.08064064383506775, -0.10305765271186829, -0.028361201286315918, -1.1920928955078125e-07, 0.32918280363082886, -0.3856241703033447, 0.2605205774307251, 7.342428207397461, -0.10278239846229553, -0.04768059775233269, -0.2195163518190384, 1.4294205904006958, 1.2833043336868286, -1.7204748392105103, -1.1846314668655396, 6.454832328017801e-05, -1.1351892948150635, -2.4887535572052, 3.860771417617798, 1.5301239490509033, -0.5417056083679199, -0.1959175169467926, 0.36669352650642395, -1.2483551502227783, 0.13432037830352783, 1.2896028757095337, -0.10684069991111755, -5.623774528503418, 0.10803897678852081, -1.026289701461792, 1.319970726966858, 15.231101989746094, 1.0, 1.0, 1.0, 1.0, 1.0, 1.0, 1.0, 0.0, 1.0, 1.0, 1.0, 1.0]"
199,0.0,0.0,0.0,8.927910675993189e-05,0.0,664.4825439453125,0.0,0.0,0.0,0.0,0.0,0.0,0.6781876087188721,-0.07060588151216507,-0.3553888499736786,-0.26497289538383484,-0.35143807530403137,0.06802226603031158,-0.556922435760498,0.5150836110115051,-0.4877520799636841,0.3499290645122528,-1.1882838010787964,-0.5576533079147339,0.36347633600234985,-0.42277997732162476,8.2102632522583,"[0.6781876087188721, -0.07060588151216507, -0.3553888499736786, 0.1828729510307312, -0.5969263315200806, -0.009343759156763554, 0.015222117304801941, -0.009711207821965218, -0.9998370409011841, 0.699999988079071, 0.0, 0.0, -0.26497289538383484, -0.35143807530403137, 0.06802226603031158, -0.556922435760498, 0.11508360505104065, -0.0877520740032196, -0.05007094144821167, -3.910064697265625e-05, 0.24234670400619507, -0.4365236759185791, 0.3772200345993042, 7.4102630615234375, -0.4169556796550751, -0.9780935049057007, 0.4171209931373596, 1.0973501205444336, 1.4604603052139282, -0.07225561141967773, -1.183643102645874, -0.027745600789785385, -4.619357109069824, 7.182132720947266, 5.919236660003662, 4.619054317474365, -0.47169676423072815, -0.4304380714893341, 0.6677168607711792, -1.064911127090454, 0.26605069637298584, 0.9007176160812378, -0.17504367232322693, -5.776379108428955, -0.22441841661930084, -1.1536074876785278, 1.2409652471542358, 15.957501411437988, 1.0, 1.0, 1.0, 1.0, 1.0, 1.0, 1.0, 0.0, 1.0, 1.0, 1.0, 1.0]"
200,0.0,0.0,0.0,8.039101521717384e-05,0.0,598.3306274414062,1.3929331544204615e-05,0.0,103.67261505126953,0.0,0.0,0.0,0.6987963318824768,-0.06395365297794342,-0.11673596501350403,-0.27672216296195984,-0.3582985997200012,0.06688658148050308,-0.5053842663764954,0.5311042070388794,-0.5035116076469421,0.36576658487319946,-1.1882727146148682,-0.6549217700958252,0.430520236492157,-0.4027140736579895,8.342658996582031,"[0.6987963318824768, -0.06395365297794342, -0.11673596501350403, -0.22298981249332428, -0.08466419577598572, 0.12965282797813416, 0.011294756084680557, -0.013946396298706532, -0.9998387098312378, 0.699999988079071, 0.0, 0.0, -0.27672216296195984, -0.3582985997200012, 0.06688658148050308, -0.5053842663764954, 0.13110420107841492, -0.10351160168647766, -0.034233421087265015, -2.8014183044433594e-05, 0.14507824182510376, -0.369479775428772, 0.39728593826293945, 7.542658805847168, -0.2137063890695572, 0.27553004026412964, 0.3216613531112671, 3.929804563522339, 0.5169366002082825, -0.4046715199947357, 1.9940931797027588, -7.225479930639267e-05, -5.13472843170166, 2.4791531562805176, -1.1803945302963257, 7.255191802978516, -0.5351912379264832, 0.008027519099414349, 0.5820574760437012, -1.1327226161956787, -0.0433812141418457, 0.8043599128723145, -0.4186948835849762, -5.921330451965332, -0.16227565705776215, -1.2809559106826782, 1.0416291952133179, 16.63202476501465, 1.0, 1.0, 1.0, 1.0, 1.0, 1.0, 1.0, 0.0, 1.0, 1.0, 1.0, 1.0]"
201,0.0,0.0,0.0,6.087624205974862e-05,0.0,453.0870056152344,3.591688800952397e-05,0.0,267.32061767578125,0.0,0.0,0.0,0.6846160888671875,-0.05794859677553177,0.01792646385729313,-0.27642175555229187,-0.34993088245391846,0.07330137491226196,-0.4337588846683502,0.522977888584137,-0.4950513243675232,0.388372004032135,-1.188234806060791,-0.7312578558921814,0.44845977425575256,-0.40759366750717163,8.47246265411377,"[0.6846160888671875, -0.05794859677553177, 0.01792646385729313, -0.3080856204032898, 0.15266098082065582, 0.11520262062549591, 0.012949229218065739, -0.0076611582189798355, -0.9998870491981506, 0.699999988079071, 0.0, 0.0, -0.27642175555229187, -0.34993088245391846, 0.07330137491226196, -0.4337588846683502, 0.12297788262367249, -0.09505131840705872, -0.011628001928329468, 9.894371032714844e-06, 0.06874215602874756, -0.3515402376651764, 0.3924063444137573, 7.672462463378906, 0.06808434426784515, 0.4539618492126465, 0.34850969910621643, 3.155716896057129, -0.9290707111358643, 0.642852246761322, 1.1789926290512085, -0.002551326062530279, -3.1172754764556885, 0.3531841039657593, -0.3679407238960266, 6.240256309509277, -0.33749768137931824, -0.604957103729248, 0.7385696768760681, -0.9717175960540771, 0.138097882270813, 0.7777560949325562, -0.04389885067939758, -5.717588424682617, -0.2657831907272339, -1.1192960739135742, 1.1348661184310913, 16.574790954589844, 1.0, 1.0, 1.0, 1.0, 1.0, 1.0, 1.0, 0.0, 1.0, 1.0, 1.0, 1.0]"
202,0.0,0.0,0.0,4.4221527787158266e-05,0.0,329.1300354003906,3.158343315590173e-05,0.0,235.0677490234375,0.0,0.0,0.0,0.692621111869812,-0.054213933646678925,0.03671649098396301,-0.2735573947429657,-0.34360840916633606,0.07710688561201096,-0.3917993903160095,0.49685755372047424,-0.47388124465942383,0.41006144881248474,-1.1882435083389282,-0.7834903001785278,0.4411671757698059,-0.4151695966720581,8.612011909484863,"[0.692621111869812, -0.054213933646678925, 0.03671649098396301, -0.07241877168416977, 0.2414027452468872, 0.07356549799442291, 0.017354698851704597, -0.004478543531149626, -0.9998396635055542, 0.699999988079071, 0.0, 0.0, -0.2735573947429657, -0.34360840916633606, 0.07710688561201096, -0.3917993903160095, 0.09685754776000977, -0.07388123869895935, 0.010061442852020264, 1.1920928955078125e-06, 0.016509711742401123, -0.35883283615112305, 0.38483041524887085, 7.81201171875, 0.15459324419498444, 0.23349152505397797, 0.12644444406032562, 1.5487781763076782, -1.4775151014328003, 0.9942517280578613, 1.1714861392974854, 0.0004466157406568527, -1.7448101043701172, -0.37838518619537354, -0.5290980935096741, 7.28961181640625, -0.5729816555976868, -0.45694637298583984, 0.585426926612854, -1.0176780223846436, 0.24514830112457275, 0.7160739898681641, -0.13845041394233704, -5.8656134605407715, -0.12996776401996613, -1.2233977317810059, 1.3415919542312622, 16.528812408447266, 1.0, 1.0, 1.0, 1.0, 1.0, 1.0, 1.0, 0.0, 1.0, 1.0, 1.0, 1.0]"
203,0.0,0.0,0.0,4.7805708163650706e-05,0.0,355.80621337890625,4.0855491533875465e-05,0.0,304.0774230957031,0.0,0.0,0.0,0.7117129564285278,-0.03336886316537857,0.06884465366601944,-0.27311453223228455,-0.34000080823898315,0.07863421738147736,-0.37657248973846436,0.47094598412513733,-0.44756484031677246,0.4296451807022095,-1.1882438659667969,-0.7968887090682983,0.4265197813510895,-0.41834816336631775,8.734729766845703,"[0.7117129564285278, -0.03336886316537857, 0.06884465366601944, -0.01781298965215683, 0.20403072237968445, 0.05139600858092308, 0.021544577553868294, -0.0036712060682475567, -0.9997611045837402, 0.699999988079071, 0.0, 0.0, -0.27311453223228455, -0.34000080823898315, 0.07863421738147736, -0.37657248973846436, 0.07094597816467285, -0.04756483435630798, 0.029645174741744995, 8.344650268554688e-07, 0.0031113028526306152, -0.3734802305698395, 0.3816518485546112, 7.93472957611084, -0.10958113521337509, 0.15378054976463318, 0.045507777482271194, 0.35603681206703186, -1.1403517723083496, 1.2737805843353271, 0.9235771894454956, -0.0008815964683890343, -0.12664370238780975, -0.7256123423576355, -0.023732125759124756, 5.059955596923828, -0.41048258543014526, -0.5198580622673035, 0.5018225908279419, -1.0855624675750732, 0.3219008445739746, 0.7679024934768677, -0.16355526447296143, -5.952253818511963, 0.01478607952594757, -1.328178882598877, 1.3719011545181274, 16.388479232788086, 1.0, 1.0, 1.0, 1.0, 1.0, 1.0, 1.0, 0.0, 1.0, 1.0, 1.0, 1.0]"
204,0.0,0.0,0.0,5.10331301484257e-05,0.0,379.82708740234375,4.407171581988223e-05,0.0,328.0149841308594,0.0,0.0,0.0,0.7370442748069763,-0.011216316372156143,0.13067275285720825,-0.27577024698257446,-0.3365115523338318,0.07978907227516174,-0.3822340667247772,0.4552691876888275,-0.41337305307388306,0.4412139058113098,-1.1882429122924805,-0.7823529243469238,0.40062415599823,-0.406573623418808,8.80083179473877,"[0.7370442748069763, -0.011216316372156143, 0.13067275285720825, -0.03913421556353569, 0.19092991948127747, 0.038090676069259644, 0.025286905467510223, -0.0026123104616999626, -0.9996767640113831, 0.699999988079071, 0.0, 0.0, -0.27577024698257446, -0.3365115523338318, 0.07978907227516174, -0.3822340667247772, 0.05526918172836304, -0.013373047113418579, 0.04121389985084534, 1.7881393432617188e-06, 0.017647087574005127, -0.399375855922699, 0.39342638850212097, 8.000831604003906, -0.16336669027805328, 0.16514091193675995, 0.032031089067459106, -0.7274336814880371, -0.6319085359573364, 1.738394856452942, 0.5057685971260071, -0.002863829955458641, 1.4311094284057617, -1.4151417016983032, 0.7426279187202454, 2.2531485557556152, -0.4557836651802063, -0.4111805558204651, 0.4295796751976013, -1.2564499378204346, 0.3292151689529419, 0.8127086162567139, -0.26389607787132263, -6.135917663574219, 0.18935008347034454, -1.469521164894104, 1.4375303983688354, 16.2408390045166, 1.0, 1.0, 1.0, 1.0, 1.0, 1.0, 1.0, 0.0, 1.0, 1.0, 1.0, 1.0]"
205,0.0,0.0,0.0,5.1250804972369224e-05,0.0,381.44720458984375,4.305495895096101e-05,0.0,320.4475402832031,0.0,0.0,0.0,0.7625205516815186,0.006377080921083689,0.18550753593444824,-0.27756747603416443,-0.3326665759086609,0.08067550510168076,-0.4149375855922699,0.4487193822860718,-0.3694467544555664,0.4440205991268158,-1.1882429122924805,-0.7407159805297852,0.3593865633010864,-0.37916624546051025,8.81119441986084,"[0.7625205516815186, 0.006377080921083689, 0.18550753593444824, -0.08052606880664825, 0.19310370087623596, 0.036456555128097534, 0.028948795050382614, -0.0011414431501179934, -0.9995801448822021, 0.699999988079071, 0.0, 0.0, -0.27756747603416443, -0.3326665759086609, 0.08067550510168076, -0.4149375855922699, 0.0487193763256073, 0.03055325150489807, 0.04402059316635132, 1.7881393432617188e-06, 0.0592840313911438, -0.44061344861984253, 0.4208337664604187, 8.011194229125977, -0.03935299068689346, 0.20160090923309326, 0.04142630100250244, -2.199289083480835, -0.2206680178642273, 2.1764743328094482, 0.06769181787967682, -0.0030000926926732063, 2.632683038711548, -2.1149768829345703, 1.5151866674423218, -0.773898184299469, -0.3292960822582245, -0.4243449866771698, 0.3814796805381775, -1.485807180404663, 0.31567859649658203, 0.8770391941070557, -0.3232998549938202, -6.2926483154296875, 0.39644062519073486, -1.7093656063079834, 1.49578857421875, 15.900084495544434, 1.0, 1.0, 1.0, 1.0, 1.0, 1.0, 1.0, 0.0, 1.0, 1.0, 1.0, 1.0]"
206,0.0,0.0,0.0,4.622352935257368e-05,0.0,344.0304260253906,3.6112876841798425e-05,0.0,268.779296875,0.0,0.0,0.0,0.7862301468849182,0.012063742615282536,0.2180250585079193,-0.2711969316005707,-0.32635393738746643,0.08367808163166046,-0.47397446632385254,0.44709664583206177,-0.3173156678676605,0.4381902813911438,-1.1882439851760864,-0.6736525297164917,0.30430227518081665,-0.3372800350189209,8.76395034790039,"[0.7862301468849182, 0.012063742615282536, 0.2180250585079193, -0.24092483520507812, 0.23392844200134277, 0.02250697836279869, 0.032979901880025864, 0.0028649284504354, -0.9994523525238037, 0.699999988079071, 0.0, 0.0, -0.2711969316005707, -0.32635393738746643, 0.08367808163166046, -0.47397446632385254, 0.04709663987159729, 0.08268433809280396, 0.03819027543067932, 7.152557373046875e-07, 0.12634748220443726, -0.4956977367401123, 0.46271997690200806, 7.963950157165527, 0.5448182225227356, 0.353200227022171, 0.1949237585067749, -3.409167766571045, -0.13905511796474457, 2.5879335403442383, -0.32946082949638367, -0.0031441235914826393, 4.036613941192627, -2.8474268913269043, 2.140409231185913, -3.8427910804748535, -0.21175959706306458, -0.4583675265312195, 0.38984787464141846, -1.6482720375061035, 0.09893780946731567, 0.8896822929382324, -0.20984140038490295, -6.318134784698486, 0.6941930055618286, -1.9672739505767822, 1.4455246925354004, 15.316394805908203, 1.0, 1.0, 1.0, 1.0, 1.0, 1.0, 1.0, 0.0, 1.0, 1.0, 1.0, 1.0]"
207,0.0,0.0,0.0,2.3843536837375723e-05,0.0,177.4616241455078,1.774261545506306e-05,0.0,132.053955078125,0.0,0.0,0.0,0.7993943691253662,0.002671565394848585,0.18437674641609192,-0.24970203638076782,-0.31670138239860535,0.09006772190332413,-0.5506377220153809,0.43853604793548584,-0.25947174429893494,0.43027859926223755,-1.188238501548767,-0.5783067345619202,0.23576399683952332,-0.2949245572090149,8.66414737701416,"[0.7993943691253662, 0.002671565394848585, 0.18437674641609192, -0.4704149067401886, 0.37444597482681274, 0.016918616369366646, 0.039168309420347214, 0.010172553360462189, -0.9991810917854309, 0.699999988079071, 0.0, 0.0, -0.24970203638076782, -0.31670138239860535, 0.09006772190332413, -0.5506377220153809, 0.03853604197502136, 0.14052826166152954, 0.03027859330177307, 6.198883056640625e-06, 0.2216932773590088, -0.564236044883728, 0.5050754547119141, 7.864147186279297, 1.39815354347229, 0.5902390480041504, 0.4385438859462738, -3.861149549484253, -0.7773562073707581, 2.9175710678100586, -0.1851666122674942, -0.009981735609471798, 5.437848091125488, -3.5911638736724854, 1.676109790802002, -5.497237205505371, -0.38162893056869507, -0.2903709411621094, 0.38000378012657166, -1.5563583374023438, -0.4119004011154175, 0.12889254093170166, -0.20613804459571838, -6.108105182647705, 1.1310783624649048, -1.815962791442871, 0.9734765291213989, 14.745171546936035, 1.0, 1.0, 1.0, 1.0, 1.0, 1.0, 1.0, 0.0, 1.0, 1.0, 1.0, 1.0]"
208,2.9064329282846302e-05,0.0,216.31869506835938,0.0,0.0,0.0,0.0,0.0,0.0,0.0,0.0,0.0,0.7634941339492798,-0.013562231324613094,0.16316922008991241,-0.2338322401046753,-0.3034350872039795,0.10467860847711563,-0.6110835671424866,0.4447696805000305,-0.21608850359916687,0.43263667821884155,-1.1882473230361938,-0.5468785762786865,0.1874053031206131,-0.3263094127178192,8.556302070617676,"[0.7634941339492798, -0.013562231324613094, 0.16316922008991241, -1.1847997903823853, 0.29549023509025574, 0.0018718362553045154, 0.04605589434504509, 0.020497867837548256, -0.9987282752990723, 0.699999988079071, 0.0, 0.0, -0.2338322401046753, -0.3034350872039795, 0.10467860847711563, -0.6110835671424866, 0.04476967453956604, 0.1839115023612976, 0.032636672258377075, -2.6226043701171875e-06, 0.25312143564224243, -0.612594723701477, 0.47369059920310974, 7.7563018798828125, 1.1228580474853516, 1.3104010820388794, 1.7127151489257812, 0.9459228515625, 1.6369541883468628, 0.8798885345458984, 0.030549151822924614, -0.004526673816144466, -1.2578468322753906, 0.41309043765068054, -3.9631705284118652, -4.269718170166016, -0.21393832564353943, -0.6134856343269348, -0.08940957486629486, -1.3122000694274902, -0.5856863856315613, -1.3312381505966187, -0.1272759735584259, -5.991727828979492, 1.1019368171691895, -0.9443733096122742, 0.1515239030122757, 14.231541633605957, 1.0, 1.0, 1.0, 1.0, 1.0, 1.0, 1.0, 0.0, 1.0, 1.0, 1.0, 1.0]"
209,4.944730972056277e-05,0.0,368.0242614746094,0.0,0.0,0.0,0.0,0.0,0.0,0.0,0.0,0.0,0.630623996257782,0.008408515714108944,0.11508063971996307,-0.22987137734889984,-0.3020966351032257,0.10917077213525772,-0.6109423041343689,0.4591529071331024,-0.2578941583633423,0.42547330260276794,-1.1882469654083252,-0.541843593120575,0.28285056352615356,-0.41800639033317566,8.421163558959961,"[0.630623996257782, 0.008408515714108944, 0.11508063971996307, 0.19173485040664673, 0.061384063214063644, 0.1440475881099701, 0.04900570586323738, 0.025568081066012383, -0.9984714984893799, 0.699999988079071, 0.0, 0.0, -0.22987137734889984, -0.3020966351032257, 0.10917077213525772, -0.6109423041343689, 0.05915290117263794, 0.1421058475971222, 0.025473296642303467, -2.2649765014648438e-06, 0.258156418800354, -0.5171494483947754, 0.3819936215877533, 7.621163368225098, -0.2685129940509796, -0.6136560440063477, -0.5413209199905396, 0.2763245701789856, 0.5769217610359192, -3.6528117656707764, -0.5732388496398926, -0.003709704615175724, 0.5102627873420715, 5.368188858032227, -4.848037242889404, -7.155606746673584, -0.14622685313224792, -0.697407603263855, 0.038337189704179764, -1.3970805406570435, -0.3904816508293152, -1.5787327289581299, -0.0582563579082489, -6.083675384521484, 0.9540395736694336, -0.44674327969551086, -0.027428552508354187, 14.084050178527832, 1.0, 1.0, 1.0, 1.0, 1.0, 1.0, 1.0, 0.0, 1.0, 1.0, 1.0, 1.0]"
210,3.479623774182983e-05,0.0,258.9798889160156,0.0,0.0,0.0,0.0,0.0,0.0,0.0,0.0,0.0,0.5629501938819885,0.001687568030320108,0.012759332545101643,-0.24369801580905914,-0.32892507314682007,0.08575863391160965,-0.6109435558319092,0.4639078378677368,-0.3661259412765503,0.4136209487915039,-1.1882413625717163,-0.5191119313240051,0.3763798475265503,-0.5347405076026917,8.275355339050293,"[0.5629501938819885, 0.001687568030320108, 0.012759332545101643, 0.7368307113647461, -0.17474476993083954, 0.1820191890001297, 0.04786258935928345, 0.012670773081481457, -0.9987738728523254, 0.699999988079071, 0.0, 0.0, -0.24369801580905914, -0.32892507314682007, 0.08575863391160965, -0.6109435558319092, 0.06390783190727234, 0.033874064683914185, 0.013620942831039429, 3.337860107421875e-06, 0.28088808059692383, -0.42362016439437866, 0.2652595043182373, 7.47535514831543, -0.9134505391120911, -1.572200894355774, -1.2421202659606934, 0.039961427450180054, 0.43349775671958923, -6.0392374992370605, -0.6719968318939209, -0.006318081170320511, 0.8155546188354492, 4.378762245178223, -5.3780198097229, -7.089461803436279, -0.028319207951426506, -0.7528823018074036, 0.03831924870610237, -1.2503552436828613, -0.2563140392303467, -0.5454731583595276, -0.04027014970779419, -5.864791393280029, 1.0388991832733154, -0.2951543629169464, 0.1322675496339798, 14.320836067199707, 1.0, 1.0, 1.0, 0.0, 1.0, 1.0, 1.0, 0.0, 1.0, 1.0, 1.0, 1.0]"
211,1.9785482436418533e-05,0.0,147.25851440429688,0.0,0.0,0.0,0.0,0.0,0.0,0.0,0.0,0.0,0.5900406837463379,-0.03724360093474388,-0.11006485670804977,-0.2535409927368164,-0.35283392667770386,0.06979347765445709,-0.5990875363349915,0.4729996621608734,-0.4682657718658447,0.3952674865722656,-1.1882364749908447,-0.492339164018631,0.4273970127105713,-0.5789607763290405,8.188405990600586,"[0.5900406837463379, -0.03724360093474388, -0.11006485670804977, 0.4088132679462433, -0.551334798336029, 0.09861420094966888, 0.039916981011629105, 0.0020990564953535795, -0.9992009401321411, 0.699999988079071, 0.0, 0.0, -0.2535409927368164, -0.35283392667770386, 0.06979347765445709, -0.5990875363349915, 0.07299965620040894, -0.06826576590538025, -0.0047325193881988525, 8.225440979003906e-06, 0.307660847902298, -0.37260299921035767, 0.22103923559188843, 7.388405799865723, -0.4462023973464966, -0.7504801750183105, -0.560678243637085, 0.9960732460021973, 0.6988064050674438, -3.7584500312805176, -1.0193965435028076, -0.003251782152801752, 1.270530343055725, 0.13922514021396637, 0.13902951776981354, -2.126708984375, -0.2972302734851837, -0.36427050828933716, -0.06805162131786346, -1.1506388187408447, 0.0009189844131469727, 1.1895699501037598, 0.04511645436286926, -5.4908013343811035, 0.8405288457870483, -0.7997283339500427, 0.6770873665809631, 14.700224876403809, 1.0, 1.0, 1.0, 1.0, 1.0, 1.0, 1.0, 0.0, 1.0, 1.0, 1.0, 1.0]"
212,0.0,0.0,0.0,0.0,0.0,0.0,0.0,0.0,0.0,0.0,0.0,0.0,0.6667720675468445,-0.07914894819259644,-0.2894514501094818,-0.2559996247291565,-0.3435998260974884,0.0646883025765419,-0.5731959342956543,0.49437853693962097,-0.4892866909503937,0.37794676423072815,-1.1882447004318237,-0.49367207288742065,0.3866935074329376,-0.5280215740203857,8.195940017700195,"[0.6667720675468445, -0.07914894819259644, -0.2894514501094818, 0.019610416144132614, -0.8018056750297546, 0.05159670487046242, 0.025383688509464264, -0.00216071680188179, -0.9996755719184875, 0.699999988079071, 0.0, 0.0, -0.2559996247291565, -0.3435998260974884, 0.0646883025765419, -0.5731959342956543, 0.0943785309791565, -0.0892866849899292, -0.022053241729736328, 0.0, 0.3063279390335083, -0.41330650448799133, 0.2719784379005432, 7.395939826965332, 0.04964356869459152, 1.3165963888168335, 0.05390603840351105, 1.5054417848587036, 1.519461989402771, 0.5110088586807251, -0.8217017650604248, 6.494414992630482e-05, -2.788896083831787, -2.924949884414673, 4.216232776641846, 2.208192825317383, -0.5219302177429199, -0.26597633957862854, 0.5335664749145508, -1.235223412513733, 0.21363258361816406, 1.0014798641204834, -0.09330189228057861, -5.668900489807129, -0.10166068375110626, -1.091788411140442, 1.2680025100708008, 15.523943901062012, 1.0, 1.0, 1.0, 1.0, 1.0, 1.0, 1.0, 0.0, 1.0, 1.0, 1.0, 1.0]"
213,0.0,0.0,0.0,5.313067958923057e-05,0.0,395.43865966796875,0.0,0.0,0.0,0.0,0.0,0.0,0.6801275014877319,-0.07399646937847137,-0.26391997933387756,-0.26507827639579773,-0.3386954069137573,0.06649988889694214,-0.5509180426597595,0.5204306244850159,-0.4776392877101898,0.3588763177394867,-1.1882420778274536,-0.5857877135276794,0.4047088325023651,-0.4243488609790802,8.27672004699707,"[0.6801275014877319, -0.07399646937847137, -0.26391997933387756, 0.9555331468582153, -0.16362790763378143, -0.0038023388478904963, 0.013979052193462849, -0.010076744481921196, -0.9998517632484436, 0.699999988079071, 0.0, 0.0, -0.26507827639579773, -0.3386954069137573, 0.06649988889694214, -0.5509180426597595, 0.12043061852455139, -0.07763928174972534, -0.04112368822097778, 2.6226043701171875e-06, 0.2142122983932495, -0.39529117941856384, 0.37565115094184875, 7.476719856262207, -0.9688809514045715, -0.9229075908660889, -0.14879798889160156, 1.039528489112854, 0.6157835721969604, -0.3928883373737335, -1.1516351699829102, 0.008226370438933372, -4.086660861968994, 2.714700698852539, 4.679863452911377, 4.893026351928711, -0.5322406888008118, -0.4053089916706085, 0.7075685858726501, -1.0129793882369995, 0.23131132125854492, 0.8364834785461426, -0.24115943908691406, -5.72028923034668, -0.1805693656206131, -1.303507924079895, 1.177159309387207, 16.12317657470703, 1.0, 1.0, 1.0, 1.0, 1.0, 1.0, 1.0, 0.0, 1.0, 1.0, 1.0, 1.0]"
214,0.0,0.0,0.0,6.165896047605202e-05,0.0,458.9125671386719,9.761901310412213e-06,0.0,72.65544891357422,0.0,0.0,0.0,0.7150468230247498,-0.06411989778280258,-0.06362330168485641,-0.2755143344402313,-0.34354743361473083,0.06646677851676941,-0.4829418957233429,0.5289278626441956,-0.4740877151489258,0.38144031167030334,-1.188267469406128,-0.6865260601043701,0.43242281675338745,-0.4229069948196411,8.413960456848145,"[0.7150468230247498, -0.06411989778280258, -0.06362330168485641, -0.0023522377014160156, 0.14806537330150604, 0.08330415189266205, 0.01530349999666214, -0.016542695462703705, -0.9997459650039673, 0.699999988079071, 0.0, 0.0, -0.2755143344402313, -0.34354743361473083, 0.06646677851676941, -0.4829418957233429, 0.12892785668373108, -0.0740877091884613, -0.018559694290161133, -2.276897430419922e-05, 0.11347395181655884, -0.3675771951675415, 0.37709301710128784, 7.613960266113281, -0.3285897672176361, 0.11694992333650589, 0.10376399755477905, 4.303098678588867, 0.18508359789848328, 0.4117039144039154, 1.7351280450820923, 0.004203705117106438, -4.9202561378479, 0.8116495609283447, -0.24303984642028809, 7.064310073852539, -0.6534519195556641, -0.20199543237686157, 0.6048328876495361, -1.0238571166992188, 0.11158156394958496, 0.7406020164489746, -0.49549421668052673, -5.844940185546875, -0.1896141618490219, -1.2254607677459717, 1.1775213479995728, 16.642623901367188, 1.0, 1.0, 1.0, 1.0, 1.0, 1.0, 1.0, 0.0, 1.0, 1.0, 1.0, 1.0]"
215,0.0,0.0,0.0,4.8539401177549735e-05,0.0,361.2669372558594,4.480877396417782e-05,0.0,333.5007629394531,0.0,0.0,0.0,0.6960187554359436,-0.04545855522155762,0.048382095992565155,-0.28353676199913025,-0.3383457064628601,0.0693390965461731,-0.4084267318248749,0.5201716423034668,-0.454412043094635,0.4045865535736084,-1.1882380247116089,-0.7508732080459595,0.43044230341911316,-0.4298907518386841,8.538220405578613,"[0.6960187554359436, -0.04545855522155762, 0.048382095992565155, -0.1615101844072342, 0.1385372281074524, 0.11248506605625153, 0.01832730695605278, -0.01406109519302845, -0.999733030796051, 0.699999988079071, 0.0, 0.0, -0.28353676199913025, -0.3383457064628601, 0.0693390965461731, -0.4084267318248749, 0.12017163634300232, -0.05441203713417053, 0.004586547613143921, 6.67572021484375e-06, 0.04912680387496948, -0.3695577085018158, 0.3701092600822449, 7.73822021484375, -0.4694996774196625, 0.31508979201316833, 0.17681100964546204, 3.2191152572631836, -0.7564258575439453, 0.9835578799247742, 1.08768892288208, -0.0023889085277915, -2.52937912940979, -0.1673479527235031, -0.16526949405670166, 6.184260845184326, -0.42481496930122375, -0.5087929964065552, 0.7101370096206665, -1.011600136756897, 0.1810683012008667, 0.7239142656326294, -0.13916799426078796, -5.8270087242126465, -0.1943255513906479, -1.2292898893356323, 1.204026222229004, 16.574193954467773, 1.0, 1.0, 1.0, 1.0, 1.0, 1.0, 1.0, 0.0, 1.0, 1.0, 1.0, 1.0]"
216,0.0,0.0,0.0,4.5413351472234353e-05,0.0,338.00048828125,3.50310183421243e-05,0.0,260.727294921875,0.0,0.0,0.0,0.6982269287109375,-0.040865592658519745,0.06313250958919525,-0.29043319821357727,-0.3328215479850769,0.07204645127058029,-0.36818087100982666,0.4999072849750519,-0.42948123812675476,0.42123347520828247,-1.188242793083191,-0.785010576248169,0.4201402962207794,-0.4253879487514496,8.674006462097168,"[0.6982269287109375, -0.040865592658519745, 0.06313250958919525, -0.0947578176856041, 0.13563913106918335, 0.08660933375358582, 0.020857837051153183, -0.01139531284570694, -0.9997172355651855, 0.699999988079071, 0.0, 0.0, -0.29043319821357727, -0.3328215479850769, 0.07204645127058029, -0.36818087100982666, 0.0999072790145874, -0.029481232166290283, 0.021233469247817993, 1.9073486328125e-06, 0.01498943567276001, -0.37985971570014954, 0.37461206316947937, 7.874006271362305, -0.26029443740844727, 0.23922981321811676, 0.11497537046670914, 1.308462381362915, -1.1629242897033691, 1.1584033966064453, 0.8885829448699951, -0.000667644664645195, -0.7914289832115173, -0.46085289120674133, 0.1493978649377823, 6.69210958480835, -0.5352743268013, -0.4390133321285248, 0.586219847202301, -1.0389773845672607, 0.2843169569969177, 0.7461566925048828, -0.16945946216583252, -5.89720344543457, -0.058766379952430725, -1.303585171699524, 1.3629558086395264, 16.483747482299805, 1.0, 1.0, 1.0, 1.0, 1.0, 1.0, 1.0, 0.0, 1.0, 1.0, 1.0, 1.0]"
217,0.0,0.0,0.0,4.9734997446648777e-05,0.0,370.1654052734375,3.987343006883748e-05,0.0,296.7681884765625,0.0,0.0,0.0,0.7219773530960083,-0.02970702201128006,0.0971786305308342,-0.2931039035320282,-0.32790666818618774,0.07460183650255203,-0.36125901341438293,0.47956785559654236,-0.3992325961589813,0.43495380878448486,-1.1882442235946655,-0.7855911254882812,0.40118899941444397,-0.4162409007549286,8.773622512817383,"[0.7219773530960083, -0.02970702201128006, 0.0971786305308342, -0.11634572595357895, 0.16892901062965393, 0.0537957102060318, 0.0237878505140543, -0.009098058566451073, -0.9996760487556458, 0.699999988079071, 0.0, 0.0, -0.2931039035320282, -0.32790666818618774, 0.07460183650255203, -0.36125901341438293, 0.07956784963607788, 0.0007674098014831543, 0.034953802824020386, 4.76837158203125e-07, 0.014408886432647705, -0.398811012506485, 0.38375911116600037, 7.9736223220825195, -0.10758098214864731, 0.24867311120033264, 0.1303205043077469, -0.11332674324512482, -0.9141803979873657, 1.4825208187103271, 0.6494099497795105, -0.001106121577322483, 0.4529060125350952, -1.0010063648223877, 0.5168023109436035, 3.79815673828125, -0.43275055289268494, -0.46234726905822754, 0.48903515934944153, -1.1380237340927124, 0.32426130771636963, 0.8242834806442261, -0.20256081223487854, -6.009120941162109, 0.09058357775211334, -1.4106544256210327, 1.4165329933166504, 16.33904457092285, 1.0, 1.0, 1.0, 1.0, 1.0, 1.0, 1.0, 0.0, 1.0, 1.0, 1.0, 1.0]"
218,0.0,0.0,0.0,5.308771869749762e-05,0.0,395.118896484375,4.420838740770705e-05,0.0,329.0321960449219,0.0,0.0,0.0,0.7506498098373413,-0.013577022589743137,0.15412676334381104,-0.29304367303848267,-0.322147399187088,0.07778158038854599,-0.3787897229194641,0.46663588285446167,-0.3603103756904602,0.4415758550167084,-1.1882432699203491,-0.759319007396698,0.36802294850349426,-0.3950561285018921,8.812817573547363,"[0.7506498098373413, -0.013577022589743137, 0.15412676334381104, -0.13115577399730682, 0.18069154024124146, 0.043094929307699203, 0.02715151570737362, -0.005874038673937321, -0.9996141791343689, 0.699999988079071, 0.0, 0.0, -0.29304367303848267, -0.322147399187088, 0.07778158038854599, -0.3787897229194641, 0.06663587689399719, 0.03968963027000427, 0.041575849056243896, 1.430511474609375e-06, 0.04068100452423096, -0.4319770634174347, 0.40494388341903687, 8.0128173828125, 0.0028903186321258545, 0.2585202753543854, 0.12008142471313477, -1.4466391801834106, -0.5488549470901489, 1.940058946609497, 0.2729873061180115, -0.0023642955347895622, 2.0307765007019043, -1.7372690439224243, 1.1773691177368164, 0.6594404578208923, -0.43472692370414734, -0.3955879211425781, 0.4185554087162018, -1.3540831804275513, 0.34059464931488037, 0.8882583379745483, -0.3391987979412079, -6.192300796508789, 0.29905712604522705, -1.622323751449585, 1.4849958419799805, 16.075422286987305, 1.0, 1.0, 1.0, 1.0, 1.0, 1.0, 1.0, 0.0, 1.0, 1.0, 1.0, 1.0]"
219,0.0,0.0,0.0,4.856853047385812e-05,0.0,361.48370361328125,4.250659912941046e-05,0.0,316.3662414550781,0.0,0.0,0.0,0.7778924703598022,-0.0010642012348398566,0.20203137397766113,-0.2897294759750366,-0.31591349840164185,0.08091859519481659,-0.4267624318599701,0.4606345593929291,-0.3115937411785126,0.4397059679031372,-1.1882435083389282,-0.7055278420448303,0.31932252645492554,-0.35871732234954834,8.78962230682373,"[0.7778924703598022, -0.0010642012348398566, 0.20203137397766113, -0.20280611515045166, 0.18235737085342407, 0.039189934730529785, 0.03047991544008255, -0.002145799808204174, -0.9995332956314087, 0.699999988079071, 0.0, 0.0, -0.2897294759750366, -0.31591349840164185, 0.08091859519481659, -0.4267624318599701, 0.0606345534324646, 0.0884062647819519, 0.03970596194267273, 1.1920928955078125e-06, 0.09447216987609863, -0.4806774854660034, 0.4412826895713806, 7.989622116088867, 0.2792240083217621, 0.3241839110851288, 0.1683828979730606, -2.9676027297973633, -0.24355004727840424, 2.399604558944702, -0.16147089004516602, -0.0036173490807414055, 3.2293853759765625, -2.4743428230285645, 1.9452118873596191, -2.6787660121917725, -0.2718866467475891, -0.4466630518436432, 0.41503503918647766, -1.5901157855987549, 0.26542121171951294, 0.9434559345245361, -0.3133027255535126, -6.30012321472168, 0.519656240940094, -1.8731892108917236, 1.5154401063919067, 15.566878318786621, 1.0, 1.0, 1.0, 1.0, 1.0, 1.0, 1.0, 0.0, 1.0, 1.0, 1.0, 1.0]"
220,0.0,0.0,0.0,3.825741077889688e-05,0.0,284.74053955078125,2.8083866709494032e-05,0.0,209.02134704589844,0.0,0.0,0.0,0.7985938787460327,-0.0057532330974936485,0.21053215861320496,-0.27441278100013733,-0.3066631257534027,0.08698133379220963,-0.4991600513458252,0.4549516439437866,-0.25497326254844666,0.43045827746391296,-1.1882426738739014,-0.623585045337677,0.2563350200653076,-0.31097108125686646,8.707330703735352,"[0.7985938787460327, -0.0057532330974936485, 0.21053215861320496, -0.39951711893081665, 0.2545805275440216, 0.019988607615232468, 0.03464557230472565, 0.004675386939197779, -0.999388575553894, 0.699999988079071, 0.0, 0.0, -0.27441278100013733, -0.3066631257534027, 0.08698133379220963, -0.4991600513458252, 0.054951637983322144, 0.14502674341201782, 0.030458271503448486, 2.0265579223632812e-06, 0.17641496658325195, -0.5436649918556213, 0.4890289306640625, 7.907330513000488, 1.0625859498977661, 0.5199997425079346, 0.40710991621017456, -3.9181559085845947, -0.548912763595581, 2.833503246307373, -0.42791837453842163, -0.0013802405446767807, 5.1782917976379395, -3.2906551361083984, 2.2839465141296387, -5.1000189781188965, -0.3248014748096466, -0.3595283627510071, 0.4951898157596588, -1.6284761428833008, -0.21568965911865234, 0.7172888517379761, -0.1674061417579651, -6.200109958648682, 1.0367563962936401, -2.0795414447784424, 1.2926547527313232, 14.92420482635498, 1.0, 1.0, 1.0, 1.0, 1.0, 1.0, 1.0, 0.0, 1.0, 1.0, 1.0, 1.0]"
221,9.593087452230975e-05,0.0,713.9900512695312,7.33560398202826e-07,0.0,5.459711074829102,0.0,0.0,0.0,0.0,0.0,0.0,0.8051341772079468,-0.012759733945131302,0.1369979977607727,-0.2505720257759094,-0.29486605525016785,0.09759925305843353,-0.5806898474693298,0.4402002990245819,-0.1991700381040573,0.4265311062335968,-1.1882184743881226,-0.5290781855583191,0.18601089715957642,-0.30289074778556824,8.592236518859863,"[0.8051341772079468, -0.012759733945131302, 0.1369979977607727, -0.11211010813713074, 0.22642485797405243, 0.00893749576061964, 0.041511666029691696, 0.013976078480482101, -0.999040424823761, 0.699999988079071, 0.0, 0.0, -0.2505720257759094, -0.29486605525016785, 0.09759925305843353, -0.5806898474693298, 0.04020029306411743, 0.20082996785640717, 0.026531100273132324, 2.6226043701171875e-05, 0.27092182636260986, -0.6139891147613525, 0.4971092641353607, 7.792236328125, 0.033341534435749054, 0.2144176959991455, 0.3796154856681824, -4.506833553314209, 1.2675915956497192, 2.6390602588653564, 0.22663691639900208, -0.010085564106702805, -0.23871326446533203, -3.810819149017334, -2.4797704219818115, -5.857726097106934, -0.2782421410083771, -0.5499073266983032, -0.09796200692653656, -1.2139760255813599, -0.5436006784439087, -1.0807300806045532, -0.14306198060512543, -5.864039421081543, 1.1309834718704224, -1.2325336933135986, 0.36574023962020874, 14.473223686218262, 1.0, 1.0, 1.0, 1.0, 1.0, 1.0, 1.0, 0.0, 1.0, 1.0, 1.0, 1.0]"
222,5.623973993351683e-05,0.0,418.57861328125,0.0,0.0,0.0,0.0,0.0,0.0,0.0,0.0,0.0,0.6788881421089172,-0.0040202876552939415,0.12679192423820496,-0.24578890204429626,-0.2926684319972992,0.10406731069087982,-0.6109439134597778,0.4611666202545166,-0.21079058945178986,0.4230945110321045,-1.1882480382919312,-0.5335787534713745,0.23889458179473877,-0.38413703441619873,8.479289054870605,"[0.6788881421089172, -0.0040202876552939415, 0.12679192423820496, -0.21161746978759766, 0.15265046060085297, 0.10331757366657257, 0.04554946348071098, 0.019675783812999725, -0.9987682104110718, 0.699999988079071, 0.0, 0.0, -0.24578890204429626, -0.2926684319972992, 0.10406731069087982, -0.6109439134597778, 0.061166614294052124, 0.18920941650867462, 0.023094505071640015, -3.337860107421875e-06, 0.26642125844955444, -0.5611054301261902, 0.4158629775047302, 7.679288864135742, 0.1630612462759018, -0.25317561626434326, -0.004323803819715977, 0.15926499664783478, 0.9539721608161926, -2.598182439804077, -0.5295419096946716, -0.0033789994195103645, -0.07627852261066437, 5.985093593597412, -4.1778788566589355, -6.4498610496521, -0.13473162055015564, -0.8494349122047424, 0.02949346974492073, -1.392345666885376, -0.5278134346008301, -1.6202501058578491, -0.14726655185222626, -6.086020469665527, 0.9875723719596863, -0.564495325088501, -0.0021646469831466675, 13.948433876037598, 1.0, 1.0, 1.0, 1.0, 1.0, 1.0, 1.0, 0.0, 1.0, 1.0, 1.0, 1.0]"
223,4.0769504266791046e-05,0.0,303.4374694824219,0.0,0.0,0.0,0.0,0.0,0.0,0.0,0.0,0.0,0.5846156477928162,0.007403173018246889,0.0629834532737732,-0.2561687231063843,-0.3213224411010742,0.0834435373544693,-0.610946774482727,0.4668084681034088,-0.3066761791706085,0.40929949283599854,-1.1882399320602417,-0.5144779086112976,0.34275588393211365,-0.496749609708786,8.332625389099121,"[0.5846156477928162, 0.007403173018246889, 0.0629834532737732, 0.7084532380104065, -0.0368947833776474, 0.15202198922634125, 0.046690281480550766, 0.010143098421394825, -0.9988577961921692, 0.699999988079071, 0.0, 0.0, -0.2561687231063843, -0.3213224411010742, 0.0834435373544693, -0.610946774482727, 0.06680846214294434, 0.09332382678985596, 0.009299486875534058, 4.76837158203125e-06, 0.28552210330963135, -0.4572441279888153, 0.30325040221214294, 7.532625198364258, -0.8698609471321106, -1.9291478395462036, -1.3035080432891846, 0.17357008159160614, 0.3504793345928192, -5.666088104248047, -0.7792092561721802, -0.00535319559276104, 0.7525659799575806, 4.188106536865234, -5.969460964202881, -7.314990043640137, -0.0312021654099226, -0.802654504776001, 0.05649520829319954, -1.3009222745895386, -0.31130141019821167, -0.9789401292800903, -0.055424392223358154, -5.997043609619141, 1.0029464960098267, -0.3487778604030609, 0.05959291756153107, 14.216113090515137, 1.0, 1.0, 1.0, 1.0, 1.0, 1.0, 1.0, 0.0, 1.0, 1.0, 1.0, 1.0]"
224,2.5872417609207332e-05,0.0,192.5620880126953,0.0,0.0,0.0,0.0,0.0,0.0,0.0,0.0,0.0,0.5698632597923279,-0.026235729455947876,-0.06217828020453453,-0.2680943012237549,-0.36099228262901306,0.06327705085277557,-0.6067529916763306,0.47269248962402344,-0.4276416003704071,0.3887020945549011,-1.188234806060791,-0.4882122576236725,0.4188343286514282,-0.5717102885246277,8.207073211669922,"[0.5698632597923279, -0.026235729455947876, -0.06217828020453453, 0.5095051527023315, -0.38504818081855774, 0.10498969256877899, 0.04209083691239357, -0.0024498074781149626, -0.9991111159324646, 0.699999988079071, 0.0, 0.0, -0.2680943012237549, -0.36099228262901306, 0.06327705085277557, -0.6067529916763306, 0.07269248366355896, -0.027641594409942627, -0.011297911405563354, 9.894371032714844e-06, 0.31178775429725647, -0.38116568326950073, 0.22828972339630127, 7.407073020935059, -0.5857434272766113, -1.7825480699539185, -0.7635189890861511, 0.533241868019104, 0.5732858180999756, -5.647026538848877, -1.1967136859893799, -0.004711715038865805, 1.112796664237976, 2.931201696395874, -1.3954172134399414, -4.387202739715576, -0.2568175494670868, -0.6019496321678162, -0.12960632145404816, -1.17612624168396, -0.15964603424072266, 0.43877848982810974, -0.025992602109909058, -5.667774677276611, 0.9612118601799011, -0.5145772099494934, 0.5347128510475159, 14.580809593200684, 1.0, 1.0, 1.0, 1.0, 1.0, 1.0, 1.0, 0.0, 1.0, 1.0, 1.0, 1.0]"
225,0.0,0.0,0.0,0.0,0.0,0.0,0.0,0.0,0.0,0.0,0.0,0.0,0.634968101978302,-0.06941424310207367,-0.2194078415632248,-0.27297109365463257,-0.37687692046165466,0.05350884795188904,-0.5851149559020996,0.48871952295303345,-0.49514859914779663,0.3652286231517792,-1.1882447004318237,-0.4734388291835785,0.41235700249671936,-0.5372101664543152,8.19412612915039,"[0.634968101978302, -0.06941424310207367, -0.2194078415632248, 0.1389349400997162, -0.6745820641517639, 0.07126539200544357, 0.030399154871702194, -0.008728308603167534, -0.9994996786117554, 0.699999988079071, 0.0, 0.0, -0.27297109365463257, -0.37687692046165466, 0.05350884795188904, -0.5851149559020996, 0.08871951699256897, -0.09514859318733215, -0.0347713828086853, 0.0, 0.32656118273735046, -0.3876430094242096, 0.26278984546661377, 7.394125938415527, -0.06035739183425903, 0.04830188304185867, -0.2478354126214981, 1.3652507066726685, 1.193101167678833, -1.683200478553772, -1.1905421018600464, 6.557934102602303e-05, -0.9791945815086365, -2.502871513366699, 3.9280221462249756, 1.3470324277877808, -0.5427603721618652, -0.22880476713180542, 0.36865517497062683, -1.2484606504440308, 0.13654780387878418, 1.2867499589920044, -0.11068639159202576, -5.658985137939453, 0.10792310535907745, -1.0352023839950562, 1.328697919845581, 15.316723823547363, 1.0, 1.0, 1.0, 1.0, 1.0, 1.0, 1.0, 0.0, 1.0, 1.0, 1.0, 1.0]"
226,0.0,0.0,0.0,0.00011107956379419193,0.0,826.7380981445312,0.0,0.0,0.0,0.0,0.0,0.0,0.670569658279419,-0.06908677518367767,-0.33522430062294006,-0.27214372158050537,-0.35481148958206177,0.06248965486884117,-0.559569776058197,0.5208733677864075,-0.4827573895454407,0.34335699677467346,-1.1882898807525635,-0.5606199502944946,0.36388903856277466,-0.41921427845954895,8.25969123840332,"[0.670569658279419, -0.06908677518367767, -0.33522430062294006, 0.3189696669578552, -0.5554235577583313, 0.000553811143618077, 0.014868748374283314, -0.006781536620110273, -0.9998667240142822, 0.699999988079071, 0.0, 0.0, -0.27214372158050537, -0.35481148958206177, 0.06248965486884117, -0.559569776058197, 0.120873361825943, -0.0827573835849762, -0.056643009185791016, -4.5180320739746094e-05, 0.23938006162643433, -0.4361109733581543, 0.38078573346138, 7.459691047668457, -0.49809587001800537, -1.5088471174240112, 0.223044753074646, 1.0110211372375488, 1.254094123840332, -0.6878833770751953, -1.2359740734100342, -0.006641492247581482, -4.633572578430176, 3.0881597995758057, 5.914167881011963, 4.451019287109375, -0.46945473551750183, -0.43396756052970886, 0.6583492755889893, -1.068211317062378, 0.26797181367874146, 0.9105404615402222, -0.17906272411346436, -5.800652503967285, -0.22634752094745636, -1.1598289012908936, 1.2465243339538574, 16.01519203186035, 1.0, 1.0, 1.0, 1.0, 1.0, 1.0, 1.0, 0.0, 1.0, 1.0, 1.0, 1.0]"
227,0.0,0.0,0.0,7.817417645128444e-05,0.0,581.8312377929688,1.930100734170992e-05,0.0,143.6526641845703,0.0,0.0,0.0,0.7090674042701721,-0.07470256835222244,-0.13257543742656708,-0.28115618228912354,-0.35979291796684265,0.06419920176267624,-0.5091437101364136,0.5356919169425964,-0.5034268498420715,0.35640326142311096,-1.1882840394973755,-0.6580130457878113,0.4378282427787781,-0.3913646340370178,8.388520240783691,"[0.7090674042701721, -0.07470256835222244, -0.13257543742656708, -0.27256709337234497, -0.12145257741212845, 0.1301567703485489, 0.010678963735699654, -0.011250884272158146, -0.9998795986175537, 0.699999988079071, 0.0, 0.0, -0.28115618228912354, -0.35979291796684265, 0.06419920176267624, -0.5091437101364136, 0.13569191098213196, -0.10342684388160706, -0.043596744537353516, -3.933906555175781e-05, 0.14198696613311768, -0.3621717691421509, 0.40863537788391113, 7.588520050048828, -0.027865896001458168, 0.3242208659648895, 0.5890336036682129, 4.069025039672852, 0.5079807043075562, -0.5548017024993896, 2.6609396934509277, -0.005757911130785942, -4.915322780609131, 2.7972259521484375, -2.0535356998443604, 7.221476078033447, -0.5285330414772034, -0.1656457781791687, 0.5165141820907593, -1.1115925312042236, 0.06776899099349976, 0.809609055519104, -0.36923322081565857, -5.879220008850098, -0.1021011471748352, -1.288687825202942, 1.1128425598144531, 16.63194465637207, 1.0, 1.0, 1.0, 1.0, 1.0, 1.0, 1.0, 0.0, 1.0, 1.0, 1.0, 1.0]"
228,0.0,0.0,0.0,6.226958066690713e-05,0.0,463.4573059082031,3.955857391702011e-05,0.0,294.4248046875,0.0,0.0,0.0,0.6977258324623108,-0.062257856130599976,-0.00335418782196939,-0.2806914150714874,-0.3543563485145569,0.06844321638345718,-0.43995407223701477,0.5295426845550537,-0.49555614590644836,0.38465985655784607,-1.1882392168045044,-0.7289287447929382,0.45786309242248535,-0.40459221601486206,8.515279769897461,"[0.6977258324623108, -0.062257856130599976, -0.00335418782196939, -0.18602284789085388, 0.13670000433921814, 0.09224800765514374, 0.012148132547736168, -0.007794669829308987, -0.9998959898948669, 0.699999988079071, 0.0, 0.0, -0.2806914150714874, -0.3543563485145569, 0.06844321638345718, -0.43995407223701477, 0.12954267859458923, -0.09555613994598389, -0.015340149402618408, 5.4836273193359375e-06, 0.07107126712799072, -0.3421369194984436, 0.3954077959060669, 7.715279579162598, 0.09617797285318375, 0.32301610708236694, 0.2443765103816986, 3.15299391746521, -0.7631753087043762, 0.614387035369873, 1.4154924154281616, -0.002160188741981983, -3.000728130340576, 0.4611279368400574, -0.7264013290405273, 6.1016316413879395, -0.30677804350852966, -0.5175184607505798, 0.7457995414733887, -0.9858859777450562, 0.07571065425872803, 0.7730629444122314, -0.0629856288433075, -5.732003688812256, -0.29490888118743896, -1.1295554637908936, 1.0942155122756958, 16.55914878845215, 1.0, 1.0, 1.0, 1.0, 1.0, 1.0, 1.0, 0.0, 1.0, 1.0, 1.0, 1.0]"
229,0.0,0.0,0.0,4.5271277485881e-05,0.0,336.94305419921875,3.251333691878244e-05,0.0,241.98883056640625,0.0,0.0,0.0,0.7014551162719727,-0.06026371568441391,0.02875775843858719,-0.27411961555480957,-0.34855860471725464,0.07236144691705704,-0.39342495799064636,0.5051058530807495,-0.4748442471027374,0.4085366725921631,-1.1882424354553223,-0.7847106456756592,0.4520246088504791,-0.41561421751976013,8.651019096374512,"[0.7014551162719727, -0.06026371568441391, 0.02875775843858719, -0.09138622134923935, 0.24951742589473724, 0.05491818115115166, 0.01656254008412361, -0.004986791405826807, -0.9998505115509033, 0.699999988079071, 0.0, 0.0, -0.27411961555480957, -0.34855860471725464, 0.07236144691705704, -0.39342495799064636, 0.10510584712028503, -0.07484424114227295, 0.008536666631698608, 2.2649765014648438e-06, 0.015289366245269775, -0.34797540307044983, 0.3843857944011688, 7.851018905639648, 0.38435330986976624, 0.25416842103004456, 0.16768598556518555, 1.8167295455932617, -1.4806643724441528, 0.9834949970245361, 1.2633270025253296, -8.476059883832932e-05, -1.9923388957977295, -0.3392108082771301, -0.6812348961830139, 7.040319442749023, -0.6355902552604675, -0.44135066866874695, 0.5862284898757935, -1.0129168033599854, 0.23724651336669922, 0.7185003757476807, -0.18533524870872498, -5.893734931945801, -0.15732814371585846, -1.2090041637420654, 1.3136422634124756, 16.573942184448242, 1.0, 1.0, 1.0, 1.0, 1.0, 1.0, 1.0, 0.0, 1.0, 1.0, 1.0, 1.0]"
230,0.0,0.0,0.0,4.7554429329466075e-05,0.0,353.93597412109375,4.143288970226422e-05,0.0,308.3748779296875,0.0,0.0,0.0,0.7172304391860962,-0.03615184128284454,0.06214169040322304,-0.27197492122650146,-0.34515953063964844,0.07385512441396713,-0.3761341869831085,0.4770572781562805,-0.4485073387622833,0.4297959506511688,-1.18824303150177,-0.8034672737121582,0.4374126195907593,-0.42170703411102295,8.76843547821045,"[0.7172304391860962, -0.03615184128284454, 0.06214169040322304, -0.0014475892530754209, 0.2120303511619568, 0.05178032070398331, 0.020975027233362198, -0.004424664191901684, -0.9997702240943909, 0.699999988079071, 0.0, 0.0, -0.27197492122650146, -0.34515953063964844, 0.07385512441396713, -0.3761341869831085, 0.07705727219581604, -0.04850733280181885, 0.029795944690704346, 1.6689300537109375e-06, -0.003467261791229248, -0.3625873923301697, 0.378292977809906, 7.968435287475586, -0.1025015264749527, 0.14419551193714142, 0.035847295075654984, 0.4158564507961273, -1.2858470678329468, 1.2758886814117432, 1.0205857753753662, -0.0015342440456151962, -0.3591967821121216, -0.7230163812637329, -0.17959344387054443, 4.852080821990967, -0.4208018183708191, -0.49090853333473206, 0.5079632997512817, -1.0781224966049194, 0.3078942894935608, 0.7593121528625488, -0.18857112526893616, -5.972756385803223, -0.0035025030374526978, -1.3318636417388916, 1.3504277467727661, 16.445703506469727, 1.0, 1.0, 1.0, 1.0, 1.0, 1.0, 1.0, 0.0, 1.0, 1.0, 1.0, 1.0]"
231,0.0,0.0,0.0,5.164370668353513e-05,0.0,384.3714904785156,4.4646410970017314e-05,0.0,332.2923278808594,0.0,0.0,0.0,0.7413665652275085,-0.012966528534889221,0.12772433459758759,-0.2749713659286499,-0.3413306772708893,0.07530735433101654,-0.37925925850868225,0.4580732583999634,-0.41446515917778015,0.4423465132713318,-1.188242793083191,-0.7905848026275635,0.4117022156715393,-0.41160717606544495,8.831966400146484,"[0.7413665652275085, -0.012966528534889221, 0.12772433459758759, -0.0684896782040596, 0.2017940878868103, 0.04104579612612724, 0.02492065168917179, -0.0031139878556132317, -0.9996845722198486, 0.699999988079071, 0.0, 0.0, -0.2749713659286499, -0.3413306772708893, 0.07530735433101654, -0.37925925850868225, 0.0580732524394989, -0.014465153217315674, 0.04234650731086731, 1.9073486328125e-06, 0.009415209293365479, -0.38829779624938965, 0.388392835855484, 8.031966209411621, -0.17863252758979797, 0.1983875036239624, 0.0631469190120697, -0.5702574253082275, -0.7956255078315735, 1.7213239669799805, 0.5469430685043335, -0.003231252543628216, 1.4412423372268677, -1.3936876058578491, 0.6725389957427979, 2.1143667697906494, -0.461349755525589, -0.4111950397491455, 0.43353769183158875, -1.2523040771484375, 0.3382223844528198, 0.8286322355270386, -0.29284486174583435, -6.153073310852051, 0.18411950767040253, -1.466458797454834, 1.4217276573181152, 16.288888931274414, 1.0, 1.0, 1.0, 1.0, 1.0, 1.0, 1.0, 0.0, 1.0, 1.0, 1.0, 1.0]"
232,0.0,0.0,0.0,5.172861347091384e-05,0.0,385.00341796875,4.37203525507357e-05,0.0,325.3999328613281,0.0,0.0,0.0,0.7680719494819641,0.00587196322157979,0.18330910801887512,-0.2770496606826782,-0.33686941862106323,0.0768260657787323,-0.4100339710712433,0.449094295501709,-0.3708896040916443,0.4456510841846466,-1.1882429122924805,-0.7471866607666016,0.3711954951286316,-0.38490721583366394,8.83988094329834,"[0.7680719494819641, 0.00587196322157979, 0.18330910801887512, -0.10557574778795242, 0.194609597325325, 0.03490065038204193, 0.028683559969067574, -0.001046402845531702, -0.999587893486023, 0.699999988079071, 0.0, 0.0, -0.2770496606826782, -0.33686941862106323, 0.0768260657787323, -0.4100339710712433, 0.04909428954124451, 0.02911040186882019, 0.04565107822418213, 1.7881393432617188e-06, 0.05281335115432739, -0.42880451679229736, 0.415092796087265, 8.039880752563477, -0.055394161492586136, 0.2249353975057602, 0.0680772215127945, -2.149411916732788, -0.31405994296073914, 2.1445977687835693, 0.0945945531129837, -0.0032076770439743996, 2.7493927478790283, -2.0515947341918945, 1.4835892915725708, -0.8726229667663574, -0.32537540793418884, -0.41372236609458923, 0.3768616020679474, -1.4873411655426025, 0.3242190480232239, 0.8949970006942749, -0.34273669123649597, -6.312863349914551, 0.3935738801956177, -1.7050426006317139, 1.489535927772522, 15.942011833190918, 1.0, 1.0, 1.0, 1.0, 1.0, 1.0, 1.0, 0.0, 1.0, 1.0, 1.0, 1.0]"
233,0.0,0.0,0.0,4.6936369471950457e-05,0.0,349.3359375,3.664405448944308e-05,0.0,272.7326965332031,0.0,0.0,0.0,0.7934562563896179,0.012604047544300556,0.21803615987300873,-0.2708050012588501,-0.33012014627456665,0.08037363737821579,-0.4691070318222046,0.4464694559574127,-0.3192044496536255,0.44006261229515076,-1.188244104385376,-0.6779945492744446,0.31738972663879395,-0.34300127625465393,8.79068660736084,"[0.7934562563896179, 0.012604047544300556, 0.21803615987300873, -0.2640332877635956, 0.22959962487220764, 0.017398526892066002, 0.03264547884464264, 0.0034632093738764524, -0.9994609951972961, 0.699999988079071, 0.0, 0.0, -0.2708050012588501, -0.33012014627456665, 0.08037363737821579, -0.4691070318222046, 0.04646944999694824, 0.08079555630683899, 0.04006260633468628, 5.960464477539062e-07, 0.12200546264648438, -0.482610285282135, 0.456998735666275, 7.990686416625977, 0.5407897233963013, 0.37136390805244446, 0.21871289610862732, -3.429741382598877, -0.16833911836147308, 2.5543508529663086, -0.3235030174255371, -0.0033079516142606735, 4.111142635345459, -2.7649455070495605, 2.1528477668762207, -3.938577651977539, -0.20411914587020874, -0.466315895318985, 0.3734070360660553, -1.6444449424743652, 0.10128617286682129, 0.9118576049804688, -0.2155676782131195, -6.332484722137451, 0.6842385530471802, -1.9668972492218018, 1.4415881633758545, 15.35473346710205, 1.0, 1.0, 1.0, 1.0, 1.0, 1.0, 1.0, 0.0, 1.0, 1.0, 1.0, 1.0]"
234,0.0,0.0,0.0,2.4806555302347988e-05,0.0,184.62913513183594,1.8319424270885065e-05,0.0,136.3470001220703,0.0,0.0,0.0,0.808098316192627,0.00442148232832551,0.18787391483783722,-0.2494671791791916,-0.3202565610408783,0.08708023279905319,-0.5464898943901062,0.43766966462135315,-0.26164326071739197,0.432017982006073,-1.1882387399673462,-0.5819967985153198,0.2500191926956177,-0.2998453974723816,8.68964958190918,"[0.808098316192627, 0.00442148232832551, 0.18787391483783722, -0.4759412109851837, 0.36825868487358093, 0.010366757400333881, 0.038702696561813354, 0.011075910180807114, -0.9991893172264099, 0.699999988079071, 0.0, 0.0, -0.2494671791791916, -0.3202565610408783, 0.08708023279905319, -0.5464898943901062, 0.03766965866088867, 0.1383567452430725, 0.03201797604560852, 5.9604644775390625e-06, 0.21800321340560913, -0.5499808192253113, 0.5001546144485474, 7.889649391174316, 1.3797105550765991, 0.5910400152206421, 0.44415247440338135, -3.9030849933624268, -0.7877244353294373, 2.90325665473938, -0.19992659986019135, -0.009701416827738285, 5.464216232299805, -3.5322234630584717, 1.7296524047851562, -5.529078960418701, -0.38837966322898865, -0.2877882122993469, 0.3756799101829529, -1.5538041591644287, -0.4205082058906555, 0.16879114508628845, -0.21197828650474548, -6.123924255371094, 1.1255067586898804, -1.8521313667297363, 0.9833753108978271, 14.790339469909668, 1.0, 1.0, 1.0, 1.0, 1.0, 1.0, 1.0, 0.0, 1.0, 1.0, 1.0, 1.0]"
235,3.35348850057926e-05,0.0,249.59194946289062,0.0,0.0,0.0,0.0,0.0,0.0,0.0,0.0,0.0,0.773045539855957,-0.010904117487370968,0.17035871744155884,-0.23518523573875427,-0.30858123302459717,0.10037949681282043,-0.6112826466560364,0.44506025314331055,-0.21441695094108582,0.4339877963066101,-1.1882460117340088,-0.5518724918365479,0.1939850151538849,-0.32916325330734253,8.580830574035645,"[0.773045539855957, -0.010904117487370968, 0.17035871744155884, -1.0757317543029785, 0.29079195857048035, -0.003711613593623042, 0.04524185135960579, 0.0198883805423975, -0.9987780451774597, 0.699999988079071, 0.0, 0.0, -0.23518523573875427, -0.30858123302459717, 0.10037949681282043, -0.6112826466560364, 0.04506024718284607, 0.18558305501937866, 0.03398779034614563, -1.3113021850585938e-06, 0.2481275200843811, -0.6060149669647217, 0.4708367586135864, 7.780830383300781, 0.9919868111610413, 1.2175251245498657, 1.6062488555908203, 0.5811259746551514, 1.3719267845153809, 1.2356535196304321, 0.01370183564722538, -0.006450032815337181, -0.877650260925293, -0.7833806872367859, -3.9330785274505615, -4.387646198272705, -0.23749896883964539, -0.5900747179985046, -0.08596311509609222, -1.3059824705123901, -0.6210513114929199, -1.3540966510772705, -0.13617944717407227, -5.994367599487305, 1.096913456916809, -0.9667282104492188, 0.1513034850358963, 14.272772789001465, 1.0, 1.0, 1.0, 1.0, 1.0, 1.0, 1.0, 0.0, 1.0, 1.0, 1.0, 1.0]"
236,4.974736657459289e-05,0.0,370.2574768066406,0.0,0.0,0.0,0.0,0.0,0.0,0.0,0.0,0.0,0.6351679563522339,0.008139408193528652,0.12719561159610748,-0.23141101002693176,-0.30663198232650757,0.1055147722363472,-0.6109585762023926,0.4584554135799408,-0.2531020939350128,0.42598146200180054,-1.188246726989746,-0.544425904750824,0.2834472060203552,-0.420357346534729,8.446613311767578,"[0.6351679563522339, 0.008139408193528652, 0.12719561159610748, 0.19510382413864136, 0.05698643997311592, 0.14558911323547363, 0.048020001500844955, 0.024598224088549614, -0.9985431432723999, 0.699999988079071, 0.0, 0.0, -0.23141101002693176, -0.30663198232650757, 0.1055147722363472, -0.6109585762023926, 0.05845540761947632, 0.14689791202545166, 0.02598145604133606, -2.0265579223632812e-06, 0.255574107170105, -0.5165528059005737, 0.37964266538619995, 7.646613121032715, -0.2658276855945587, -0.5562324523925781, -0.49145978689193726, 0.29420560598373413, 0.5251941084861755, -3.6664621829986572, -0.6288497447967529, -0.003100239671766758, 0.6199148297309875, 5.733839511871338, -4.82789421081543, -7.136846542358398, -0.18409690260887146, -0.7019256949424744, 0.040967125445604324, -1.413792610168457, -0.4165090322494507, -1.660616397857666, -0.06671860814094543, -6.12761116027832, 0.9404305815696716, -0.4440593421459198, -0.030465170741081238, 14.074950218200684, 1.0, 1.0, 1.0, 1.0, 1.0, 1.0, 1.0, 0.0, 1.0, 1.0, 1.0, 1.0]"
237,3.486055720713921e-05,0.0,259.4585876464844,0.0,0.0,0.0,0.0,0.0,0.0,0.0,0.0,0.0,0.5661125779151917,0.0022887031082063913,0.02497771754860878,-0.2455122321844101,-0.3322488069534302,0.08279771357774734,-0.6109523773193359,0.4622904658317566,-0.3615894317626953,0.4128011465072632,-1.188240885734558,-0.5201742649078369,0.3773888349533081,-0.5370091199874878,8.299849510192871,"[0.5661125779151917, 0.0022887031082063913, 0.02497771754860878, 0.7509808540344238, -0.16128316521644592, 0.18651923537254333, 0.04699995368719101, 0.011380190029740334, -0.998830258846283, 0.699999988079071, 0.0, 0.0, -0.2455122321844101, -0.3322488069534302, 0.08279771357774734, -0.6109523773193359, 0.062290459871292114, 0.038410574197769165, 0.012801140546798706, 3.814697265625e-06, 0.27982574701309204, -0.42261117696762085, 0.26299089193344116, 7.499849319458008, -0.9265912771224976, -1.507889986038208, -1.2037523984909058, 0.05407455563545227, 0.3996677100658417, -6.066634178161621, -0.7433218359947205, -0.00606836611405015, 0.8658167123794556, 4.195477485656738, -5.399114608764648, -7.290572166442871, -0.01957973651587963, -0.741474449634552, 0.04250486567616463, -1.2566691637039185, -0.2500654458999634, -0.556868851184845, -0.04605740308761597, -5.881938934326172, 1.0379232168197632, -0.2877753973007202, 0.12319810688495636, 14.329483985900879, 1.0, 1.0, 1.0, 0.0, 1.0, 1.0, 1.0, 0.0, 1.0, 1.0, 1.0, 1.0]"
238,1.991560020542238e-05,0.0,148.22694396972656,0.0,0.0,0.0,0.0,0.0,0.0,0.0,0.0,0.0,0.5902100205421448,-0.03716188669204712,-0.10050850361585617,-0.25545045733451843,-0.3551390469074249,0.06794709712266922,-0.5998168587684631,0.47083091735839844,-0.46719977259635925,0.3931974470615387,-1.1882362365722656,-0.4929945468902588,0.43114107847213745,-0.582900881767273,8.20446491241455,"[0.5902100205421448, -0.03716188669204712, -0.10050850361585617, 0.39383140206336975, -0.5351197719573975, 0.10572050511837006, 0.039373066276311874, 0.0007429223041981459, -0.9992243051528931, 0.699999988079071, 0.0, 0.0, -0.25545045733451843, -0.3551390469074249, 0.06794709712266922, -0.5998168587684631, 0.07083091139793396, -0.06719976663589478, -0.006802558898925781, 8.463859558105469e-06, 0.30700546503067017, -0.3688589334487915, 0.217099130153656, 7.4044647216796875, -0.438159704208374, -0.7017484903335571, -0.48275744915008545, 1.003686785697937, 0.6830458641052246, -4.009692668914795, -1.0721688270568848, -0.00337821152061224, 1.2661899328231812, 0.42935910820961, 0.021952221170067787, -2.465528726577759, -0.291147917509079, -0.3894166648387909, -0.07903249561786652, -1.136246681213379, -0.009474873542785645, 1.1341511011123657, 0.05255480110645294, -5.501437664031982, 0.843274712562561, -0.7733581066131592, 0.6517629623413086, 14.704276084899902, 1.0, 1.0, 1.0, 1.0, 1.0, 1.0, 1.0, 0.0, 1.0, 1.0, 1.0, 1.0]"
239,0.0,0.0,0.0,0.0,0.0,0.0,0.0,0.0,0.0,0.0,0.0,0.0,0.6675031185150146,-0.07829790562391281,-0.27860844135284424,-0.25748953223228455,-0.34546056389808655,0.0641186460852623,-0.5723688006401062,0.49180319905281067,-0.493395060300827,0.3752223551273346,-1.1882447004318237,-0.4937145709991455,0.39211368560791016,-0.5337883234024048,8.208670616149902,"[0.6675031185150146, -0.07829790562391281, -0.27860844135284424, 0.008180778473615646, -0.7841104865074158, 0.057618409395217896, 0.025185290724039078, -0.003152091521769762, -0.999677836894989, 0.699999988079071, 0.0, 0.0, -0.25748953223228455, -0.34546056389808655, 0.0641186460852623, -0.5723688006401062, 0.09180319309234619, -0.09339505434036255, -0.024777650833129883, 0.0, 0.30628544092178345, -0.4078863263130188, 0.26621168851852417, 7.408670425415039, 0.07146981358528137, 1.3173695802688599, 0.09367408603429794, 1.5895872116088867, 1.4942039251327515, 0.26683080196380615, -0.8481007218360901, 6.521702744066715e-05, -2.7165610790252686, -2.921663284301758, 4.193617343902588, 2.0411858558654785, -0.5226454734802246, -0.2697694003582001, 0.5292917490005493, -1.2329217195510864, 0.2121351957321167, 1.0242129564285278, -0.09589418768882751, -5.668300628662109, -0.10637472569942474, -1.0813466310501099, 1.2714953422546387, 15.529777526855469, 1.0, 1.0, 1.0, 1.0, 1.0, 1.0, 1.0, 0.0, 1.0, 1.0, 1.0, 1.0]"
240,0.0,0.0,0.0,6.408146873582155e-05,0.0,476.94268798828125,0.0,0.0,0.0,0.0,0.0,0.0,0.6776296496391296,-0.07016963511705399,-0.26466190814971924,-0.2675626873970032,-0.33803847432136536,0.06591490656137466,-0.5490456223487854,0.5204650163650513,-0.48432686924934387,0.35473552346229553,-1.1882281303405762,-0.5927521586418152,0.40488913655281067,-0.420716255903244,8.291850090026855,"[0.6776296496391296, -0.07016963511705399, -0.26466190814971924, 1.068989872932434, -0.18380165100097656, 0.01096586138010025, 0.01347033679485321, -0.011250605806708336, -0.9998462200164795, 0.699999988079071, 0.0, 0.0, -0.2675626873970032, -0.33803847432136536, 0.06591490656137466, -0.5490456223487854, 0.12046501040458679, -0.0843268632888794, -0.045264482498168945, 1.6570091247558594e-05, 0.20724785327911377, -0.3951108753681183, 0.37928375601768494, 7.491849899291992, -1.212049126625061, -1.3300714492797852, -0.3121250569820404, 0.9692204594612122, 0.819313645362854, -0.8551468849182129, -1.3020992279052734, 0.014730798080563545, -4.618188381195068, 3.7835450172424316, 5.4561944007873535, 5.246659278869629, -0.5287302732467651, -0.4075089991092682, 0.7165233492851257, -1.0111348628997803, 0.23180115222930908, 0.8407236337661743, -0.24025917053222656, -5.735252380371094, -0.19811220467090607, -1.2863636016845703, 1.1824367046356201, 16.142377853393555, 1.0, 1.0, 1.0, 1.0, 1.0, 1.0, 1.0, 0.0, 1.0, 1.0, 1.0, 1.0]"
241,0.0,0.0,0.0,6.58734716125764e-05,0.0,490.2801513671875,1.581488140800502e-05,0.0,117.70628356933594,0.0,0.0,0.0,0.7117274403572083,-0.06666480004787445,-0.06556450575590134,-0.2795364260673523,-0.3433954417705536,0.06328146159648895,-0.48210814595222473,0.5308520197868347,-0.48080772161483765,0.3771166205406189,-1.1882635354995728,-0.6887308955192566,0.4343773424625397,-0.4184167683124542,8.422826766967773,"[0.7117274403572083, -0.06666480004787445, -0.06556450575590134, -0.026366593316197395, 0.11333385854959488, 0.08877984434366226, 0.013728129677474499, -0.018279096111655235, -0.999738872051239, 0.699999988079071, 0.0, 0.0, -0.2795364260673523, -0.3433954417705536, 0.06328146159648895, -0.48210814595222473, 0.13085201382637024, -0.08080771565437317, -0.02288338541984558, -1.8835067749023438e-05, 0.11126911640167236, -0.3656226694583893, 0.38158324360847473, 7.62282657623291, -0.31328946352005005, 0.1349889636039734, 0.07341450452804565, 4.356468677520752, 0.26248472929000854, 0.3243129551410675, 1.5697197914123535, 0.00424946378916502, -4.883881092071533, 1.0342661142349243, -0.9596908092498779, 6.656979084014893, -0.6570180058479309, -0.16112905740737915, 0.615018904209137, -1.044958233833313, 0.08397436141967773, 0.738728404045105, -0.5239505767822266, -5.834815979003906, -0.18535609543323517, -1.222973108291626, 1.1512150764465332, 16.693578720092773, 1.0, 1.0, 1.0, 1.0, 1.0, 1.0, 1.0, 0.0, 1.0, 1.0, 1.0, 1.0]"
242,0.0,0.0,0.0,5.2948740631109104e-05,0.0,394.08453369140625,3.9076672692317516e-05,0.0,290.838134765625,0.0,0.0,0.0,0.6912075281143188,-0.050144169479608536,0.051949258893728256,-0.2865266799926758,-0.33699238300323486,0.06707435846328735,-0.40553680062294006,0.5225944519042969,-0.4627399742603302,0.39791688323020935,-1.188238501548767,-0.7537567019462585,0.43593984842300415,-0.4205207824707031,8.549325942993164,"[0.6912075281143188, -0.050144169479608536, 0.051949258893728256, -0.15458537638187408, 0.11264707148075104, 0.12731149792671204, 0.01603974588215351, -0.014681415632367134, -0.9997638463973999, 0.699999988079071, 0.0, 0.0, -0.2865266799926758, -0.33699238300323486, 0.06707435846328735, -0.40553680062294006, 0.1225944459438324, -0.06273996829986572, -0.002083122730255127, 6.198883056640625e-06, 0.04624330997467041, -0.3640601634979248, 0.37947922945022583, 7.749325752258301, -0.4774438440799713, 0.31049686670303345, 0.1795654296875, 3.1672987937927246, -0.7928109169006348, 0.906165599822998, 0.9734896421432495, 0.00237191841006279, -2.4033782482147217, 0.017243921756744385, 0.09387858211994171, 6.436539649963379, -0.43774649500846863, -0.5219148993492126, 0.7289844751358032, -1.0089988708496094, 0.1826639175415039, 0.7273303270339966, -0.0979205071926117, -5.824526786804199, -0.2110348492860794, -1.1939876079559326, 1.2056405544281006, 16.605674743652344, 1.0, 1.0, 1.0, 1.0, 1.0, 1.0, 1.0, 0.0, 1.0, 1.0, 1.0, 1.0]"
243,0.0,0.0,0.0,4.8352740122936666e-05,0.0,359.87762451171875,3.070392267545685e-05,0.0,228.5218048095703,0.0,0.0,0.0,0.6958056688308716,-0.046610042452812195,0.0594986192882061,-0.29475778341293335,-0.33218249678611755,0.06880760937929153,-0.36884981393814087,0.5018999576568604,-0.4382498860359192,0.4150156080722809,-1.1882457733154297,-0.7892208099365234,0.42682087421417236,-0.41613227128982544,8.685590744018555,"[0.6958056688308716, -0.046610042452812195, 0.0594986192882061, -0.036113765090703964, 0.13214881718158722, 0.09783293306827545, 0.018214087933301926, -0.012982489541172981, -0.9997497797012329, 0.699999988079071, 0.0, 0.0, -0.29475778341293335, -0.33218249678611755, 0.06880760937929153, -0.36884981393814087, 0.10189995169639587, -0.03824988007545471, 0.015015602111816406, -1.0728836059570312e-06, 0.010779201984405518, -0.3731791377067566, 0.3838677406311035, 7.885590553283691, -0.3341364860534668, 0.18339014053344727, 0.06305081397294998, 1.1566424369812012, -1.1814088821411133, 1.076390266418457, 0.8885474801063538, 0.0018184985965490341, -0.975904643535614, -0.28129032254219055, 0.15741276741027832, 6.6689581871032715, -0.5525592565536499, -0.45418205857276917, 0.6025220155715942, -1.0138537883758545, 0.268433153629303, 0.734998345375061, -0.16855323314666748, -5.874784469604492, -0.07722549140453339, -1.282735824584961, 1.3647295236587524, 16.537527084350586, 1.0, 1.0, 1.0, 1.0, 1.0, 1.0, 1.0, 0.0, 1.0, 1.0, 1.0, 1.0]"
244,0.0,0.0,0.0,5.310207779984921e-05,0.0,395.22576904296875,3.760858089663088e-05,0.0,279.9114685058594,0.0,0.0,0.0,0.7184666991233826,-0.037393637001514435,0.09306507557630539,-0.29757311940193176,-0.32708388566970825,0.07143326848745346,-0.35985425114631653,0.4807613492012024,-0.40913304686546326,0.4291975796222687,-1.1882447004318237,-0.7911237478256226,0.409791499376297,-0.4076169729232788,8.789691925048828,"[0.7184666991233826, -0.037393637001514435, 0.09306507557630539, -0.10546519607305527, 0.1703505516052246, 0.062414273619651794, 0.021046634763479233, -0.01075948029756546, -0.9997205138206482, 0.699999988079071, 0.0, 0.0, -0.29757311940193176, -0.32708388566970825, 0.07143326848745346, -0.35985425114631653, 0.08076134324073792, -0.00913304090499878, 0.0291975736618042, 0.0, 0.008876264095306396, -0.39020851254463196, 0.39238303899765015, 7.989691734313965, -0.12278639525175095, 0.23991745710372925, 0.13568514585494995, 0.04126870632171631, -0.9746745228767395, 1.3693361282348633, 0.6453917622566223, 0.0035241860896348953, 0.42364221811294556, -0.7758646607398987, 0.5343733429908752, 4.0882649421691895, -0.44716888666152954, -0.48049068450927734, 0.4966485798358917, -1.1246864795684814, 0.32048916816711426, 0.8152610063552856, -0.20460301637649536, -6.004755973815918, 0.07688997685909271, -1.38748300075531, 1.4126746654510498, 16.395357131958008, 1.0, 1.0, 1.0, 1.0, 1.0, 1.0, 1.0, 0.0, 1.0, 1.0, 1.0, 1.0]"
245,0.0,0.0,0.0,4.986045678379014e-05,0.0,371.09918212890625,4.187185913906433e-05,0.0,311.64202880859375,0.0,0.0,0.0,0.747446596622467,-0.020740721374750137,0.14762446284294128,-0.29859083890914917,-0.32171347737312317,0.07415104657411575,-0.3755461573600769,0.46674278378486633,-0.3712783455848694,0.43670305609703064,-1.1882435083389282,-0.7663564085960388,0.3786740303039551,-0.3877965807914734,8.83358383178711,"[0.747446596622467, -0.020740721374750137, 0.14762446284294128, -0.09531994163990021, 0.17294514179229736, 0.05022197589278221, 0.024304820224642754, -0.008153491653501987, -0.9996712803840637, 0.699999988079071, 0.0, 0.0, -0.29859083890914917, -0.32171347737312317, 0.07415104657411575, -0.3755461573600769, 0.06674277782440186, 0.028721660375595093, 0.03670305013656616, 1.1920928955078125e-06, 0.03364360332489014, -0.4213259816169739, 0.41220343112945557, 8.033583641052246, -0.05959038436412811, 0.2375977784395218, 0.10601390898227692, -1.376832127571106, -0.596845269203186, 1.9321273565292358, 0.3003876209259033, 0.00162607803940773, 1.932102918624878, -1.7026698589324951, 1.1606251001358032, 0.9273831248283386, -0.4588721990585327, -0.3982628285884857, 0.43540307879447937, -1.3259464502334595, 0.3353687524795532, 0.8746036291122437, -0.33528754115104675, -6.178765296936035, 0.27371513843536377, -1.5826842784881592, 1.4842596054077148, 16.153505325317383, 1.0, 1.0, 1.0, 1.0, 1.0, 1.0, 1.0, 0.0, 1.0, 1.0, 1.0, 1.0]"
246,0.0,0.0,0.0,4.9605445383349434e-05,0.0,369.201171875,4.016726234112866e-05,0.0,298.9551086425781,0.0,0.0,0.0,0.7738773822784424,-0.008688277564942837,0.19773508608341217,-0.29648715257644653,-0.31569334864616394,0.07695356756448746,-0.4209338128566742,0.4598594903945923,-0.32365238666534424,0.4354359209537506,-1.1882432699203491,-0.7144824862480164,0.3318604528903961,-0.35244497656822205,8.816561698913574,"[0.7738773822784424, -0.008688277564942837, 0.19773508608341217, -0.18248231709003448, 0.17989952862262726, 0.04638064280152321, 0.02757001481950283, -0.004919733852148056, -0.9996080994606018, 0.699999988079071, 0.0, 0.0, -0.29648715257644653, -0.31569334864616394, 0.07695356756448746, -0.4209338128566742, 0.05985948443412781, 0.07634761929512024, 0.03543591499328613, 1.430511474609375e-06, 0.0855175256729126, -0.46813955903053284, 0.4475550353527069, 8.016561508178711, 0.21539083123207092, 0.3185701072216034, 0.1689300239086151, -2.8376612663269043, -0.27204230427742004, 2.352325677871704, -0.17034630477428436, 0.0020092930644750595, 3.1356711387634277, -2.3904199600219727, 1.9794604778289795, -2.375521421432495, -0.3082368075847626, -0.4433246850967407, 0.4199161231517792, -1.573681116104126, 0.2915527820587158, 0.9373462200164795, -0.3440417945384979, -6.30936336517334, 0.49768131971359253, -1.8432244062423706, 1.5286056995391846, 15.666716575622559, 1.0, 1.0, 1.0, 1.0, 1.0, 1.0, 1.0, 0.0, 1.0, 1.0, 1.0, 1.0]"
247,0.0,0.0,0.0,3.991818448412232e-05,0.0,297.1012878417969,2.67982977675274e-05,0.0,199.45318603515625,0.0,0.0,0.0,0.7956770658493042,-0.011932509019970894,0.21277162432670593,-0.283256858587265,-0.30668726563453674,0.08247274905443192,-0.4915429949760437,0.4546709954738617,-0.2684476673603058,0.42616990208625793,-1.188246726989746,-0.6342363953590393,0.271220326423645,-0.30441397428512573,8.738851547241211,"[0.7956770658493042, -0.011932509019970894, 0.21277162432670593, -0.3503328859806061, 0.24898730218410492, 0.02714034728705883, 0.031611233949661255, 0.001321358373388648, -0.9994992613792419, 0.699999988079071, 0.0, 0.0, -0.283256858587265, -0.30668726563453674, 0.08247274905443192, -0.4915429949760437, 0.05467098951339722, 0.1315523386001587, 0.026169896125793457, -2.0265579223632812e-06, 0.16576361656188965, -0.5287796854972839, 0.4955860376358032, 7.938851356506348, 0.9338704347610474, 0.48418858647346497, 0.3421422839164734, -3.899165630340576, -0.48160237073898315, 2.762674570083618, -0.48881298303604126, -0.007749299518764019, 5.068437576293945, -3.1228585243225098, 2.4842679500579834, -4.981656551361084, -0.3079356253147125, -0.37930378317832947, 0.48554614186286926, -1.6416168212890625, -0.15206271409988403, 0.7999836206436157, -0.17408588528633118, -6.234159469604492, 0.9915727376937866, -2.0800044536590576, 1.3468341827392578, 15.008036613464355, 1.0, 1.0, 1.0, 1.0, 1.0, 1.0, 1.0, 0.0, 1.0, 1.0, 1.0, 1.0]"
248,2.261798181280028e-05,0.0,168.34011840820312,0.0,0.0,0.0,0.0,0.0,0.0,0.0,0.0,0.0,0.7979321479797363,-0.017965901643037796,0.12142886966466904,-0.25581032037734985,-0.29386934638023376,0.0928051695227623,-0.5716920495033264,0.4340366721153259,-0.2118944674730301,0.4216458797454834,-1.18816077709198,-0.5261265635490417,0.20037107169628143,-0.2837183475494385,8.624547958374023,"[0.7979321479797363, -0.017965901643037796, 0.12142886966466904, -0.4917636215686798, 0.39730504155158997, 0.05589586868882179, 0.039008378982543945, 0.01117933914065361, -0.9991761445999146, 0.699999988079071, 0.0, 0.0, -0.25581032037734985, -0.29386934638023376, 0.0928051695227623, -0.5716920495033264, 0.03403666615486145, 0.1881055384874344, 0.02164587378501892, 8.392333984375e-05, 0.2738734483718872, -0.5996289253234863, 0.5162816643714905, 7.82454776763916, 0.5008141994476318, 0.6655400991439819, 0.5585934519767761, -3.9977023601531982, -0.7984343767166138, 2.6836841106414795, 0.23002803325653076, 0.06765660643577576, -1.0715365409851074, -4.545207500457764, -1.4317396879196167, -5.927477836608887, -0.2893759310245514, -0.5159233212471008, -0.04763076826930046, -1.2375295162200928, -0.5201548337936401, -0.8860564231872559, -0.15366308391094208, -5.8725996017456055, 1.146843671798706, -1.3261733055114746, 0.46507400274276733, 14.533132553100586, 1.0, 1.0, 1.0, 1.0, 1.0, 1.0, 1.0, 0.0, 1.0, 1.0, 1.0, 1.0]"
249,6.489719089586288e-05,0.0,483.013916015625,0.0,0.0,0.0,0.0,0.0,0.0,0.0,0.0,0.0,0.6898664236068726,-0.018750222399830818,0.13665463030338287,-0.25034013390541077,-0.29081952571868896,0.09964242577552795,-0.6103929281234741,0.4494311511516571,-0.2143351286649704,0.42478707432746887,-1.1882420778274536,-0.521784245967865,0.24062994122505188,-0.36823728680610657,8.517431259155273,"[0.6898664236068726, -0.018750222399830818, 0.13665463030338287, -0.29654771089553833, 0.11480160057544708, 0.09000838547945023, 0.04283579811453819, 0.01629720628261566, -0.9989492297172546, 0.699999988079071, 0.0, 0.0, -0.25034013390541077, -0.29081952571868896, 0.09964242577552795, -0.6103929281234741, 0.04943114519119263, 0.18566487729549408, 0.024787068367004395, 2.6226043701171875e-06, 0.27821576595306396, -0.5593700408935547, 0.4317627251148224, 7.71743106842041, 0.27951911091804504, -0.07819055765867233, 0.23062899708747864, 0.06340426206588745, 0.9480816125869751, -2.185899019241333, -0.2930123209953308, -0.007597324904054403, 0.018604636192321777, 5.961251258850098, -3.88867449760437, -5.8350653648376465, -0.08417388796806335, -0.860909640789032, 0.061844486743211746, -1.407855749130249, -0.5657733678817749, -1.807362675666809, -0.12539690732955933, -6.073707580566406, 1.0167683362960815, -0.61324143409729, -0.017154380679130554, 13.899065971374512, 1.0, 1.0, 1.0, 1.0, 1.0, 1.0, 1.0, 0.0, 1.0, 1.0, 1.0, 1.0]"
250,3.8217804103624076e-05,0.0,284.4457702636719,0.0,0.0,0.0,0.0,0.0,0.0,0.0,0.0,0.0,0.5897037982940674,-0.006570340134203434,0.07512205094099045,-0.25754591822624207,-0.31556835770606995,0.08529750257730484,-0.6109635233879089,0.45507270097732544,-0.30485180020332336,0.415149062871933,-1.1882432699203491,-0.5014147162437439,0.34316906332969666,-0.4775240421295166,8.370813369750977,"[0.5897037982940674, -0.006570340134203434, 0.07512205094099045, 0.5920294523239136, -0.046665024012327194, 0.1363709270954132, 0.043423306196928024, 0.00943267997354269, -0.9990124106407166, 0.699999988079071, 0.0, 0.0, -0.25754591822624207, -0.31556835770606995, 0.08529750257730484, -0.6109635233879089, 0.05507269501686096, 0.09514820575714111, 0.015149056911468506, 1.430511474609375e-06, 0.29858529567718506, -0.4568309485912323, 0.32247596979141235, 7.570813179016113, -0.652813196182251, -1.7853163480758667, -1.0174360275268555, 0.1686118245124817, 0.2846265435218811, -5.501602649688721, -0.5225110054016113, -0.0030943378806114197, 1.0591450929641724, 4.007030010223389, -6.353414535522461, -7.329415321350098, -0.08820250630378723, -0.8246598839759827, 0.03353162482380867, -1.2851617336273193, -0.2986016869544983, -1.0037211179733276, -0.05932825803756714, -5.991477966308594, 0.9866834878921509, -0.33190271258354187, 0.019340351223945618, 14.20361042022705, 1.0, 1.0, 1.0, 1.0, 1.0, 1.0, 1.0, 0.0, 1.0, 1.0, 1.0, 1.0]"
251,2.234155181213282e-05,0.0,166.28271484375,0.0,0.0,0.0,0.0,0.0,0.0,0.0,0.0,0.0,0.568299412727356,-0.029401155188679695,-0.05641573294997215,-0.26862069964408875,-0.35655006766319275,0.06660369038581848,-0.6081596612930298,0.4609731435775757,-0.426996648311615,0.39884769916534424,-1.1882426738739014,-0.47556477785110474,0.42090433835983276,-0.5661419630050659,8.234131813049316,"[0.568299412727356, -0.029401155188679695, -0.05641573294997215, 0.5144748687744141, -0.3418014943599701, 0.09216516464948654, 0.039215344935655594, -0.0025343296583741903, -0.99922776222229, 0.699999988079071, 0.0, 0.0, -0.26862069964408875, -0.35655006766319275, 0.06660369038581848, -0.6081596612930298, 0.060973137617111206, -0.026996642351150513, -0.0011523067951202393, 2.0265579223632812e-06, 0.3244352340698242, -0.3790956735610962, 0.23385804891586304, 7.434131622314453, -0.5097085237503052, -1.9654666185379028, -0.8044339418411255, 0.3859180808067322, 0.5673364996910095, -5.857447624206543, -1.0477334260940552, -0.005077762063592672, 1.109117031097412, 3.211379289627075, -2.090869665145874, -5.522057056427002, -0.257311075925827, -0.6521089673042297, -0.1313946694135666, -1.1777187585830688, -0.1396183967590332, 0.33487340807914734, -0.022596001625061035, -5.657297611236572, 0.9562849998474121, -0.5114553570747375, 0.47002726793289185, 14.555132865905762, 1.0, 1.0, 1.0, 1.0, 1.0, 1.0, 1.0, 0.0, 1.0, 1.0, 1.0, 1.0]"
252,0.0,0.0,0.0,0.0,0.0,0.0,0.0,0.0,0.0,0.0,0.0,0.0,0.6324477195739746,-0.06808926165103912,-0.21439464390277863,-0.2732838988304138,-0.37736842036247253,0.054842036217451096,-0.586455762386322,0.4779098927974701,-0.4994986653327942,0.3760819435119629,-1.1882447004318237,-0.46387386322021484,0.4153267443180084,-0.5408541560173035,8.20771598815918,"[0.6324477195739746, -0.06808926165103912, -0.21439464390277863, 0.13818465173244476, -0.6104093790054321, 0.057560745626688004, 0.028756337240338326, -0.008752457797527313, -0.9995485544204712, 0.699999988079071, 0.0, 0.0, -0.2732838988304138, -0.37736842036247253, 0.054842036217451096, -0.586455762386322, 0.07790988683700562, -0.09949865937232971, -0.023918062448501587, 0.0, 0.3361261487007141, -0.38467326760292053, 0.2591458559036255, 7.407715797424316, -0.07997823506593704, -0.21242867410182953, -0.3843975067138672, 1.4120432138442993, 1.2536258697509766, -1.9167486429214478, -1.22339928150177, 6.59626821288839e-05, -1.06953763961792, -2.553983211517334, 3.6781363487243652, 0.91392582654953, -0.5399277806282043, -0.20564767718315125, 0.30474188923835754, -1.2686611413955688, 0.11095261573791504, 1.3159338235855103, -0.1347959339618683, -5.675665855407715, 0.15138264000415802, -1.0291121006011963, 1.3221290111541748, 15.238863945007324, 1.0, 1.0, 1.0, 1.0, 1.0, 1.0, 1.0, 0.0, 1.0, 1.0, 1.0, 1.0]"
253,0.0,0.0,0.0,6.0368518461473286e-05,0.0,449.30810546875,0.0,0.0,0.0,0.0,0.0,0.0,0.6835059523582458,-0.0826372280716896,-0.37135979533195496,-0.2718663811683655,-0.3546542823314667,0.06072549894452095,-0.5622857809066772,0.5115806460380554,-0.48671048879623413,0.3525574207305908,-1.188260793685913,-0.5478032231330872,0.3637286126613617,-0.4245569109916687,8.261285781860352,"[0.6835059523582458, -0.0826372280716896, -0.37135979533195496, 0.02760259620845318, -0.653869092464447, -0.019655507057905197, 0.013963321223855019, -0.006383977364748716, -0.999882161617279, 0.699999988079071, 0.0, 0.0, -0.2718663811683655, -0.3546542823314667, 0.06072549894452095, -0.5622857809066772, 0.11158064007759094, -0.08671048283576965, -0.04744258522987366, -1.609325408935547e-05, 0.2521967887878418, -0.43627139925956726, 0.37544310092926025, 7.461285591125488, -0.16488735377788544, -0.6206259727478027, 0.41933631896972656, 1.0368614196777344, 1.553012728691101, 0.505001425743103, -1.2238866090774536, -0.012841707095503807, -4.615586757659912, 8.3453369140625, 5.978858947753906, 3.996964931488037, -0.4608469307422638, -0.4478504955768585, 0.6377249956130981, -1.0949046611785889, 0.2778862714767456, 0.9030157327651978, -0.16975542902946472, -5.822000503540039, -0.21901161968708038, -1.144264817237854, 1.2584214210510254, 15.955077171325684, 1.0, 1.0, 1.0, 1.0, 1.0, 1.0, 1.0, 0.0, 1.0, 1.0, 1.0, 1.0]"
254,0.0,0.0,0.0,9.5493218395859e-05,0.0,710.7327270507812,6.97812793077901e-05,0.0,519.3650512695312,0.0,0.0,0.0,0.7102173566818237,-0.07319022715091705,-0.11677473783493042,-0.28193703293800354,-0.36573928594589233,0.05984107777476311,-0.5197868347167969,0.526045560836792,-0.4991152286529541,0.3542298674583435,-1.1882175207138062,-0.645302951335907,0.4245437979698181,-0.3842840790748596,8.383743286132812,"[0.7102173566818237, -0.07319022715091705, -0.11677473783493042, -0.3500201106071472, -0.07006711512804031, 0.14825089275836945, 0.011556856334209442, -0.013182167895138264, -0.9998464584350586, 0.699999988079071, 0.0, 0.0, -0.28193703293800354, -0.36573928594589233, 0.05984107777476311, -0.5197868347167969, 0.12604555487632751, -0.09911522269248962, -0.04577013850212097, 2.7179718017578125e-05, 0.15469706058502197, -0.37545621395111084, 0.41571593284606934, 7.583743095397949, 0.022438090294599533, 0.4129994809627533, 0.401664137840271, 4.168966770172119, 0.5113006830215454, -0.5457590818405151, 2.924832582473755, -0.013175580650568008, -5.295017242431641, 2.6980409622192383, -2.4907939434051514, 7.491087436676025, -0.5421632528305054, 0.06899609416723251, 0.5635547637939453, -1.1753618717193604, -0.06726217269897461, 0.8118845224380493, -0.4478873312473297, -6.007950782775879, -0.17777353525161743, -1.3061621189117432, 1.0305873155593872, 16.6571102142334, 1.0, 1.0, 1.0, 1.0, 1.0, 1.0, 1.0, 0.0, 1.0, 1.0, 1.0, 1.0]"
255,0.0,0.0,0.0,6.223748641787097e-05,0.0,463.2183532714844,3.826330794254318e-05,0.0,284.784423828125,0.0,0.0,0.0,0.6921308040618896,-0.06896878778934479,0.007955178618431091,-0.27725690603256226,-0.3561674952507019,0.06804212927818298,-0.44785967469215393,0.5176061391830444,-0.4917854070663452,0.3822958767414093,-1.1882405281066895,-0.7261491417884827,0.44266146421432495,-0.3998541831970215,8.512191772460938,"[0.6921308040618896, -0.06896878778934479, 0.007955178618431091, -0.3871367871761322, 0.2090948224067688, 0.10196010023355484, 0.014471611008048058, -0.005885403137654066, -0.9998780488967896, 0.699999988079071, 0.0, 0.0, -0.27725690603256226, -0.3561674952507019, 0.06804212927818298, -0.44785967469215393, 0.11760613322257996, -0.09178540110588074, -0.017704129219055176, 4.172325134277344e-06, 0.07385087013244629, -0.357338547706604, 0.40014582872390747, 7.712191581726074, 0.3160970211029053, 0.5433065295219421, 0.4827418327331543, 3.1539876461029053, -0.9519213438034058, 0.5672045946121216, 1.352557897567749, 0.0010500997304916382, -3.339019775390625, 0.38943105936050415, -0.6748374700546265, 5.973897933959961, -0.2723366916179657, -0.665570855140686, 0.7292773723602295, -0.9999864101409912, 0.12873101234436035, 0.7915481328964233, -0.0350508987903595, -5.740291595458984, -0.296137273311615, -1.1080975532531738, 1.120150089263916, 16.5158748626709, 1.0, 1.0, 1.0, 1.0, 1.0, 1.0, 1.0, 0.0, 1.0, 1.0, 1.0, 1.0]"
256,0.0,0.0,0.0,4.427470776136033e-05,0.0,329.52581787109375,3.076830762438476e-05,0.0,229.00099182128906,0.0,0.0,0.0,0.6983057260513306,-0.06121140718460083,0.031057208776474,-0.26909247040748596,-0.3481863737106323,0.07394549250602722,-0.40722158551216125,0.49102938175201416,-0.4715215265750885,0.4056067168712616,-1.1882460117340088,-0.7838197350502014,0.4357432425022125,-0.4114932119846344,8.643701553344727,"[0.6983057260513306, -0.06121140718460083, 0.031057208776474, -0.12947602570056915, 0.27817511558532715, 0.05727548897266388, 0.019754014909267426, -0.0011103771394118667, -0.9998041391372681, 0.699999988079071, 0.0, 0.0, -0.26909247040748596, -0.3481863737106323, 0.07394549250602722, -0.40722158551216125, 0.09102937579154968, -0.07152152061462402, 0.005606710910797119, -1.3113021850585938e-06, 0.01618027687072754, -0.36425676941871643, 0.38850679993629456, 7.843701362609863, 0.3962526023387909, 0.28891947865486145, 0.20970240235328674, 1.4395616054534912, -1.5167723894119263, 0.9573984742164612, 1.22465980052948, 0.001413116231560707, -1.8625093698501587, -0.365301251411438, -0.6611009836196899, 6.917087554931641, -0.6121599078178406, -0.44178375601768494, 0.5628105401992798, -1.0543899536132812, 0.24807894229888916, 0.7233678102493286, -0.18290770053863525, -5.923920154571533, -0.11904765665531158, -1.2459690570831299, 1.3597798347473145, 16.50145149230957, 1.0, 1.0, 1.0, 1.0, 1.0, 1.0, 1.0, 0.0, 1.0, 1.0, 1.0, 1.0]"
257,0.0,0.0,0.0,4.843623173655942e-05,0.0,360.4990234375,4.037347753182985e-05,0.0,300.4899597167969,0.0,0.0,0.0,0.7180233001708984,-0.03413727506995201,0.07064615190029144,-0.26635369658470154,-0.3442245423793793,0.07602595537900925,-0.39491620659828186,0.46461427211761475,-0.4448985755443573,0.4261722266674042,-1.1882445812225342,-0.7945504188537598,0.42007434368133545,-0.4169693887233734,8.756805419921875,"[0.7180233001708984, -0.03413727506995201, 0.07064615190029144, -0.015282496809959412, 0.2260865718126297, 0.04263273626565933, 0.02444625273346901, 8.447066647931933e-06, -0.999701201915741, 0.699999988079071, 0.0, 0.0, -0.26635369658470154, -0.3442245423793793, 0.07602595537900925, -0.39491620659828186, 0.06461426615715027, -0.04489856958389282, 0.026172220706939697, 1.1920928955078125e-07, 0.0054495930671691895, -0.3799256682395935, 0.38303062319755554, 7.956805229187012, -0.06350541114807129, 0.1530817747116089, 0.05984697490930557, 0.19603422284126282, -1.1440763473510742, 1.3132108449935913, 0.9420554637908936, 0.0021989252418279648, 0.07003126293420792, -0.8126092553138733, -0.060543060302734375, 4.419778347015381, -0.37505972385406494, -0.5308608412742615, 0.48464831709861755, -1.1380977630615234, 0.3228107690811157, 0.7848758697509766, -0.1797177493572235, -6.014771938323975, 0.04376952350139618, -1.3609797954559326, 1.3856863975524902, 16.35380744934082, 1.0, 1.0, 1.0, 1.0, 1.0, 1.0, 1.0, 0.0, 1.0, 1.0, 1.0, 1.0]"
258,0.0,0.0,0.0,5.3866824600845575e-05,0.0,400.9176330566406,4.3047682993346825e-05,0.0,320.3934020996094,0.0,0.0,0.0,0.7432454228401184,-0.009281199425458908,0.13982127606868744,-0.26833611726760864,-0.3405331075191498,0.07736389338970184,-0.40284088253974915,0.4494157135486603,-0.4095519781112671,0.43778130412101746,-1.1882426738739014,-0.7746849656105042,0.39174848794937134,-0.4056582748889923,8.808598518371582,"[0.7432454228401184, -0.009281199425458908, 0.13982127606868744, -0.040367525070905685, 0.21314358711242676, 0.03123549371957779, 0.0285745020955801, 0.0012032885570079088, -0.9995909333229065, 0.699999988079071, 0.0, 0.0, -0.26833611726760864, -0.3405331075191498, 0.07736389338970184, -0.40284088253974915, 0.0494157075881958, -0.009551972150802612, 0.03778129816055298, 2.0265579223632812e-06, 0.025315046310424805, -0.4082515239715576, 0.39434173703193665, 8.008598327636719, -0.13392846286296844, 0.15679050981998444, 0.050573673099279404, -0.8376771807670593, -0.602907121181488, 1.759097695350647, 0.4689735770225525, 0.0027827583253383636, 1.735291600227356, -1.4296966791152954, 0.7902167439460754, 1.5823955535888672, -0.44432467222213745, -0.40427422523498535, 0.4092576205730438, -1.3153671026229858, 0.329149067401886, 0.8273292779922485, -0.2932980954647064, -6.196547508239746, 0.22864453494548798, -1.5082268714904785, 1.451873779296875, 16.194711685180664, 1.0, 1.0, 1.0, 1.0, 1.0, 1.0, 1.0, 0.0, 1.0, 1.0, 1.0, 1.0]"
259,0.0,0.0,0.0,4.7276793338824064e-05,0.0,351.86962890625,4.058018384966999e-05,0.0,302.02838134765625,0.0,0.0,0.0,0.7691612839698792,0.009212606586515903,0.19220294058322906,-0.26918157935142517,-0.3363780975341797,0.07859179377555847,-0.437701940536499,0.4440169036388397,-0.3640943765640259,0.44000017642974854,-1.1882436275482178,-0.7285900115966797,0.34806007146835327,-0.37736964225769043,8.80897331237793,"[0.7691612839698792, 0.009212606586515903, 0.19220294058322906, -0.10359854996204376, 0.20080989599227905, 0.02881113812327385, 0.03244958445429802, 0.0030511310324072838, -0.9994689226150513, 0.699999988079071, 0.0, 0.0, -0.26918157935142517, -0.3363780975341797, 0.07859179377555847, -0.437701940536499, 0.044016897678375244, 0.0359056293964386, 0.04000017046928406, 1.0728836059570312e-06, 0.07141000032424927, -0.4519399404525757, 0.4226303696632385, 8.008973121643066, 0.021111108362674713, 0.22405971586704254, 0.07799294590950012, -2.336916923522949, -0.15127547085285187, 2.2938690185546875, 0.013696908950805664, 0.0012047123163938522, 2.760648727416992, -2.2993907928466797, 1.614321231842041, -1.3068959712982178, -0.280761182308197, -0.44240739941596985, 0.3687102496623993, -1.5413169860839844, 0.2932390570640564, 0.8833084106445312, -0.31145575642585754, -6.333046913146973, 0.42554330825805664, -1.745548963546753, 1.4960200786590576, 15.820228576660156, 1.0, 1.0, 1.0, 1.0, 1.0, 1.0, 1.0, 0.0, 1.0, 1.0, 1.0, 1.0]"
260,0.0,0.0,0.0,4.246530806994997e-05,0.0,316.0589294433594,3.1135743483901024e-05,0.0,231.73573303222656,0.0,0.0,0.0,0.7905306816101074,0.014180801808834076,0.21943049132823944,-0.26093772053718567,-0.32962653040885925,0.08198781311511993,-0.49892568588256836,0.44239574670791626,-0.31066763401031494,0.4339025616645813,-1.18824303150177,-0.658010721206665,0.29030266404151917,-0.33533424139022827,8.751724243164062,"[0.7905306816101074, 0.014180801808834076, 0.21943049132823944, -0.26480093598365784, 0.25421202182769775, 0.015807652845978737, 0.03678704798221588, 0.007506568916141987, -0.9992948770523071, 0.699999988079071, 0.0, 0.0, -0.26093772053718567, -0.32962653040885925, 0.08198781311511993, -0.49892568588256836, 0.04239574074745178, 0.08933237195014954, 0.03390255570411682, 1.6689300537109375e-06, 0.14198929071426392, -0.5096973180770874, 0.4646657705307007, 7.951724052429199, 0.6663069725036621, 0.3756348192691803, 0.22742514312267303, -3.477520704269409, -0.23149916529655457, 2.67903470993042, -0.3467453122138977, 0.0015124175697565079, 4.43477201461792, -3.0205249786376953, 2.16847825050354, -4.220533847808838, -0.23341980576515198, -0.4348943531513214, 0.4068293273448944, -1.6478025913238525, -0.03650236129760742, 0.8429160118103027, -0.16450172662734985, -6.303230285644531, 0.8236135244369507, -2.008904218673706, 1.3922029733657837, 15.22341251373291, 1.0, 1.0, 1.0, 1.0, 1.0, 1.0, 1.0, 0.0, 1.0, 1.0, 1.0, 1.0]"
261,2.132172767232987e-06,0.0,15.86923885345459,1.1216986422368791e-05,0.0,83.48529052734375,0.0,0.0,0.0,0.0,0.0,0.0,0.7957371473312378,0.0030687544494867325,0.15300793945789337,-0.23745237290859222,-0.31931957602500916,0.08953582495450974,-0.5734735727310181,0.42861056327819824,-0.25291749835014343,0.4278539717197418,-1.1882355213165283,-0.5546663403511047,0.22037123143672943,-0.3029654026031494,8.647420883178711,"[0.7957371473312378, 0.0030687544494867325, 0.15300793945789337, -0.49956509470939636, 0.4320812523365021, 0.015419247560203075, 0.043830130249261856, 0.01548959780484438, -0.9989190101623535, 0.699999988079071, 0.0, 0.0, -0.23745237290859222, -0.31931957602500916, 0.08953582495450974, -0.5734735727310181, 0.028610557317733765, 0.14708250761032104, 0.027853965759277344, 9.179115295410156e-06, 0.24533367156982422, -0.5796287655830383, 0.49703460931777954, 7.847420692443848, 1.3919150829315186, 0.6135448813438416, 0.5472285151481628, -3.6750545501708984, -1.0123558044433594, 2.877473831176758, -0.16354556381702423, 0.005595916882157326, 4.639646053314209, -3.6323204040527344, 0.41633155941963196, -5.614011764526367, -0.37210318446159363, -0.33251509070396423, 0.20201586186885834, -1.4229427576065063, -0.4916231036186218, -0.37333396077156067, -0.19183191657066345, -6.012917518615723, 1.1340163946151733, -1.5533263683319092, 0.7062470316886902, 14.69576644897461, 1.0, 1.0, 1.0, 1.0, 1.0, 1.0, 1.0, 0.0, 1.0, 1.0, 1.0, 1.0]"
262,6.037844286765903e-05,0.0,449.3819580078125,0.0,0.0,0.0,0.0,0.0,0.0,0.0,0.0,0.0,0.7252877950668335,-0.005394634325057268,0.1480945348739624,-0.22933869063854218,-0.3084016740322113,0.10462035238742828,-0.6110007166862488,0.4487566649913788,-0.22387726604938507,0.425814688205719,-1.1882420778274536,-0.5586154460906982,0.20375418663024902,-0.36016136407852173,8.5438814163208,"[0.7252877950668335, -0.005394634325057268, 0.1480945348739624, -0.5370470285415649, 0.19097353518009186, 0.03971286863088608, 0.04914256930351257, 0.02406356856226921, -0.9985019564628601, 0.699999988079071, 0.0, 0.0, -0.22933869063854218, -0.3084016740322113, 0.10462035238742828, -0.6110007166862488, 0.04875665903091431, 0.1761227399110794, 0.025814682245254517, 2.6226043701171875e-06, 0.2413845658302307, -0.5962458252906799, 0.4398386478424072, 7.7438812255859375, 0.501914381980896, 0.598829448223114, 0.8924021124839783, 0.004542095120996237, 1.2170588970184326, -0.1966441571712494, -0.27519312500953674, -0.0006437096744775772, -0.44584378600120544, 2.540788173675537, -4.141374111175537, -5.550928592681885, -0.18423715233802795, -0.6587474942207336, -0.019663792103528976, -1.3970078229904175, -0.6181421279907227, -1.504783034324646, -0.11587551236152649, -6.057432174682617, 1.0990608930587769, -0.7797557711601257, 0.08024854958057404, 14.10750675201416, 1.0, 1.0, 1.0, 1.0, 1.0, 1.0, 1.0, 0.0, 1.0, 1.0, 1.0, 1.0]"
263,4.759736839332618e-05,0.0,354.2555847167969,0.0,0.0,0.0,0.0,0.0,0.0,0.0,0.0,0.0,0.6050915122032166,0.007641601376235485,0.09922860562801361,-0.2332683652639389,-0.31621381640434265,0.10003750771284103,-0.6109696626663208,0.45838695764541626,-0.2831636667251587,0.4145362079143524,-1.1882449388504028,-0.5447345972061157,0.306275874376297,-0.4595143496990204,8.400545120239258,"[0.6050915122032166, 0.007641601376235485, 0.09922860562801361, 0.5002338290214539, -0.01797490380704403, 0.15446005761623383, 0.05056605488061905, 0.02105320617556572, -0.9984987378120422, 0.699999988079071, 0.0, 0.0, -0.2332683652639389, -0.31621381640434265, 0.10003750771284103, -0.6109696626663208, 0.05838695168495178, 0.11683633923530579, 0.01453620195388794, -2.384185791015625e-07, 0.25526541471481323, -0.49372413754463196, 0.34048566222190857, 7.6005449295043945, -0.5497808456420898, -0.9467080235481262, -0.771868109703064, 0.23361359536647797, 0.4047981798648834, -4.349102973937988, -0.671562671661377, -0.0020882918033748865, 0.8846393823623657, 5.327831268310547, -5.404588222503662, -7.174037933349609, -0.0834324061870575, -0.7370017170906067, 0.03691651299595833, -1.3725697994232178, -0.29183775186538696, -1.2846781015396118, -0.03382334113121033, -6.101193904876709, 0.9555472731590271, -0.3892715275287628, 0.027814939618110657, 14.125502586364746, 1.0, 1.0, 1.0, 1.0, 1.0, 1.0, 1.0, 0.0, 1.0, 1.0, 1.0, 1.0]"
264,2.5483350327704102e-05,0.0,189.66635131835938,0.0,0.0,0.0,0.0,0.0,0.0,0.0,0.0,0.0,0.5616654753684998,-0.009360802359879017,-0.02021230198442936,-0.24808140099048615,-0.3437545895576477,0.07950940728187561,-0.6100412011146545,0.4628511071205139,-0.39378905296325684,0.39981672167778015,-1.1882431507110596,-0.5184184312820435,0.3961995840072632,-0.5606120228767395,8.257867813110352,"[0.5616654753684998, -0.009360802359879017, -0.02021230198442936, 0.7140253782272339, -0.28324392437934875, 0.15334749221801758, 0.04736550524830818, 0.006600546184927225, -0.998855710029602, 0.699999988079071, 0.0, 0.0, -0.24808140099048615, -0.3437545895576477, 0.07950940728187561, -0.6100412011146545, 0.06285110116004944, 0.006210952997207642, -0.00018328428268432617, 1.5497207641601562e-06, 0.2815815806388855, -0.40380042791366577, 0.23938798904418945, 7.457867622375488, -0.7788747549057007, -1.429970622062683, -0.9817277193069458, 0.1533253788948059, 0.3801569938659668, -5.734319686889648, -0.8482295870780945, -0.007207498885691166, 1.227668285369873, 3.868882656097412, -3.672511100769043, -6.498075485229492, -0.09025982022285461, -0.686636745929718, -0.0351700596511364, -1.210395097732544, -0.19586330652236938, -0.11919170618057251, -0.011064857244491577, -5.714303016662598, 1.043208122253418, -0.38096949458122253, 0.29715800285339355, 14.474153518676758, 1.0, 1.0, 1.0, 1.0, 1.0, 1.0, 1.0, 0.0, 1.0, 1.0, 1.0, 1.0]"
265,1.0405893590359483e-05,0.0,77.44852447509766,0.0,0.0,0.0,0.0,0.0,0.0,0.0,0.0,0.0,0.6093499660491943,-0.048639822751283646,-0.15527884662151337,-0.25716328620910645,-0.3598599433898926,0.06616666913032532,-0.5933456420898438,0.4741809070110321,-0.47620293498039246,0.3793650269508362,-1.18824303150177,-0.4906127452850342,0.4194735586643219,-0.5579608082771301,8.205787658691406,"[0.6093499660491943, -0.048639822751283646, -0.15527884662151337, 0.39331430196762085, -0.6399204134941101, 0.0884450227022171, 0.0371781624853611, -0.003659444395452738, -0.9993019700050354, 0.699999988079071, 0.0, 0.0, -0.25716328620910645, -0.3598599433898926, 0.06616666913032532, -0.5933456420898438, 0.07418090105056763, -0.07620292901992798, -0.020634979009628296, 1.6689300537109375e-06, 0.3093872666358948, -0.38052645325660706, 0.24203920364379883, 7.405787467956543, -0.3543774485588074, -0.185318723320961, -0.5103480815887451, 1.165159821510315, 0.8703916668891907, -2.4968490600585938, -1.1532543897628784, -0.0034723926801234484, 1.214751958847046, -1.599684715270996, 2.9005191326141357, -0.09851627051830292, -0.4134639799594879, -0.2245851457118988, 0.054273564368486404, -1.2763876914978027, 0.09413176774978638, 1.3557318449020386, -0.11805978417396545, -5.642463207244873, 0.5390809774398804, -0.99979567527771, 1.1352413892745972, 15.042804718017578, 1.0, 1.0, 1.0, 1.0, 1.0, 1.0, 1.0, 0.0, 1.0, 1.0, 1.0, 1.0]"
266,0.0,0.0,0.0,0.0,0.0,0.0,0.0,0.0,0.0,0.0,0.0,0.0,0.6838469505310059,-0.09274376183748245,-0.3648647665977478,-0.25687339901924133,-0.33620142936706543,0.06388682126998901,-0.5728986263275146,0.5005130171775818,-0.47300803661346436,0.3570149838924408,-1.1882448196411133,-0.5290353894233704,0.3558945953845978,-0.45743227005004883,8.241494178771973,"[0.6838469505310059, -0.09274376183748245, -0.3648647665977478, 0.006045668851584196, -0.8294980525970459, 0.041912298649549484, 0.022021396085619926, -0.0068231625482439995, -0.9997342228889465, 0.699999988079071, 0.0, 0.0, -0.25687339901924133, -0.33620142936706543, 0.06388682126998901, -0.5728986263275146, 0.10051301121711731, -0.07300803065299988, -0.04298502206802368, -1.1920928955078125e-07, 0.2709646224975586, -0.4441054165363312, 0.3425677418708801, 7.441493988037109, 0.10628397762775421, 1.9558082818984985, 0.27913686633110046, 0.9577141404151917, 1.745754361152649, 1.5815625190734863, -0.9917923212051392, 6.411731010302901e-05, -4.567215919494629, -3.41461443901062, 5.505362033843994, 3.273709535598755, -0.45592352747917175, -0.3917570412158966, 0.6230468153953552, -1.1639633178710938, 0.29243266582489014, 0.9173523187637329, -0.10085880756378174, -5.700713634490967, -0.1773795634508133, -1.1284098625183105, 1.2324912548065186, 15.737848281860352, 1.0, 1.0, 1.0, 1.0, 1.0, 1.0, 1.0, 0.0, 1.0, 1.0, 1.0, 1.0]"
267,0.0,0.0,0.0,0.00012791807239409536,0.0,952.06298828125,0.00012933443940710276,0.0,962.6046142578125,0.0,0.0,0.0,0.6998528838157654,-0.05030320957303047,-0.1367611587047577,-0.26593196392059326,-0.34579867124557495,0.05941435322165489,-0.5431968569755554,0.5218512415885925,-0.48090505599975586,0.35441911220550537,-1.1881636381149292,-0.6182796359062195,0.4169611632823944,-0.39834392070770264,8.340657234191895,"[0.6998528838157654, -0.05030320957303047, -0.1367611587047577, 0.02177213318645954, -0.23772624135017395, 0.1868007779121399, 0.015076689422130585, -0.01678788661956787, -0.9997454285621643, 0.699999988079071, 0.0, 0.0, -0.26593196392059326, -0.34579867124557495, 0.05941435322165489, -0.5431968569755554, 0.12185123562812805, -0.08090505003929138, -0.045580893754959106, 8.106231689453125e-05, 0.18172037601470947, -0.38303884863853455, 0.4016560912132263, 7.540657043457031, -0.19155314564704895, -0.004129655659198761, -0.018604611977934837, 3.4449386596679688, 0.6778154969215393, -1.028554916381836, 3.314812183380127, -0.01944483071565628, -3.7334609031677246, 3.7385106086730957, -3.1804912090301514, 6.069251537322998, -0.6404523253440857, -0.3594866991043091, 0.6039407849311829, -1.0949724912643433, 0.22786486148834229, 0.7943727970123291, -0.3523993194103241, -5.67280387878418, -0.02036602795124054, -1.486187219619751, 1.133676528930664, 16.1939640045166, 1.0, 1.0, 1.0, 1.0, 1.0, 1.0, 1.0, 0.0, 1.0, 1.0, 1.0, 1.0]"
268,0.0,0.0,0.0,6.956656579859555e-05,0.0,517.7669677734375,4.524422183749266e-05,0.0,336.74169921875,0.0,0.0,0.0,0.7007138133049011,-0.04373614490032196,-0.00907136220484972,-0.2719508707523346,-0.34439796209335327,0.059519197791814804,-0.4721134603023529,0.5296352505683899,-0.47382164001464844,0.388258159160614,-1.1882420778274536,-0.7015079855918884,0.4409479796886444,-0.41760772466659546,8.4642972946167,"[0.7007138133049011, -0.04373614490032196, -0.00907136220484972, -0.04477342590689659, 0.06614222377538681, 0.10195507854223251, 0.014800715260207653, -0.01692037656903267, -0.9997469782829285, 0.699999988079071, 0.0, 0.0, -0.2719508707523346, -0.34439796209335327, 0.059519197791814804, -0.4721134603023529, 0.12963524460792542, -0.07382163405418396, -0.011741846799850464, 2.6226043701171875e-06, 0.09849202632904053, -0.35905203223228455, 0.3823922872543335, 7.664297103881836, -0.32337263226509094, 0.1415216624736786, 0.12096372246742249, 3.4917445182800293, 0.06458112597465515, 0.5268423557281494, 1.547978401184082, 0.0019331499934196472, -4.03449010848999, 0.7528010606765747, -0.7206013202667236, 5.985086441040039, -0.28186509013175964, -0.42860427498817444, 0.8458945751190186, -1.0878723859786987, -0.004974961280822754, 0.8130191564559937, -0.04965516924858093, -5.813735008239746, -0.394306480884552, -1.0747519731521606, 1.0696064233779907, 16.3156795501709, 1.0, 1.0, 1.0, 1.0, 1.0, 1.0, 1.0, 0.0, 1.0, 1.0, 1.0, 1.0]"
269,0.0,0.0,0.0,4.804114723810926e-05,0.0,357.5585021972656,2.9941222237539478e-05,0.0,222.84519958496094,0.0,0.0,0.0,0.6980079412460327,-0.05039169639348984,0.0273591335862875,-0.2708042562007904,-0.33986565470695496,0.06221693009138107,-0.4179288148880005,0.517754077911377,-0.45302626490592957,0.41161370277404785,-1.1882481575012207,-0.777354896068573,0.4365893304347992,-0.42582300305366516,8.585509300231934,"[0.6980079412460327, -0.05039169639348984, 0.0273591335862875, -0.11891627311706543, 0.2138105034828186, 0.05766423046588898, 0.01814522221684456, -0.014840485528111458, -0.9997248649597168, 0.699999988079071, 0.0, 0.0, -0.2708042562007904, -0.33986565470695496, 0.06221693009138107, -0.4179288148880005, 0.11775407195091248, -0.05302625894546509, 0.011613696813583374, -3.4570693969726562e-06, 0.022645115852355957, -0.36341068148612976, 0.3741770088672638, 7.78550910949707, 0.22958852350711823, 0.24805931746959686, 0.17347203195095062, 2.2467269897460938, -1.0134422779083252, 0.888275682926178, 1.1645092964172363, 0.00030965544283390045, -3.1473288536071777, -0.0967053771018982, -0.47013959288597107, 6.353676795959473, -0.6901230216026306, -0.43055906891822815, 0.639293372631073, -1.0149822235107422, 0.22944754362106323, 0.7171283960342407, -0.21754363179206848, -5.895595073699951, -0.19756267964839935, -1.232157588005066, 1.2754580974578857, 16.471254348754883, 1.0, 1.0, 1.0, 1.0, 1.0, 1.0, 1.0, 0.0, 1.0, 1.0, 1.0, 1.0]"
270,0.0,0.0,0.0,5.0438757170923054e-05,0.0,375.4033508300781,3.817579636233859e-05,0.0,284.1330871582031,0.0,0.0,0.0,0.706279993057251,-0.033910248428583145,0.053999535739421844,-0.2695977985858917,-0.33530980348587036,0.06489979475736618,-0.39136338233947754,0.49301281571388245,-0.42835962772369385,0.4314687252044678,-1.1882429122924805,-0.8070371150970459,0.4254946708679199,-0.42845043540000916,8.705690383911133,"[0.706279993057251, -0.033910248428583145, 0.053999535739421844, -0.05391924828290939, 0.1782074123620987, 0.06734202802181244, 0.0217421967536211, -0.012755105271935463, -0.9996825456619263, 0.699999988079071, 0.0, 0.0, -0.2695977985858917, -0.33530980348587036, 0.06489979475736618, -0.39136338233947754, 0.09301280975341797, -0.02835962176322937, 0.031468719244003296, 1.7881393432617188e-06, -0.007037103176116943, -0.37450534105300903, 0.3715495765209198, 7.9056901931762695, -0.15567152202129364, 0.17449815571308136, 0.0849626213312149, 0.8168026804924011, -1.2971996068954468, 1.1299240589141846, 0.9527066946029663, 0.0031364746391773224, -0.3823072016239166, -0.41790539026260376, 0.00144282728433609, 5.319187164306641, -0.43130362033843994, -0.4686890244483948, 0.5631964206695557, -1.0940239429473877, 0.28809958696365356, 0.77782142162323, -0.20540279150009155, -5.975428581237793, -0.008277639746665955, -1.3591303825378418, 1.3381667137145996, 16.3883056640625, 1.0, 1.0, 1.0, 1.0, 1.0, 1.0, 1.0, 0.0, 1.0, 1.0, 1.0, 1.0]"
271,0.0,0.0,0.0,5.542683356907219e-05,0.0,412.52838134765625,4.226581222610548e-05,0.0,314.5741271972656,0.0,0.0,0.0,0.7299685478210449,-0.013563638553023338,0.12049099057912827,-0.27400049567222595,-0.33050698041915894,0.06721559911966324,-0.38716742396354675,0.47214704751968384,-0.3957204520702362,0.44354233145713806,-1.1882429122924805,-0.7921680212020874,0.40232783555984497,-0.41687503457069397,8.779524803161621,"[0.7299685478210449, -0.013563638553023338, 0.12049099057912827, -0.12021679431200027, 0.18546199798583984, 0.057622313499450684, 0.025093654170632362, -0.010341532528400421, -0.9996314644813538, 0.699999988079071, 0.0, 0.0, -0.27400049567222595, -0.33050698041915894, 0.06721559911966324, -0.38716742396354675, 0.07214704155921936, 0.0042795538902282715, 0.043542325496673584, 1.7881393432617188e-06, 0.007831990718841553, -0.397672176361084, 0.383124977350235, 7.979524612426758, -0.2624937891960144, 0.2424408346414566, 0.11994168162345886, -0.18864098191261292, -0.9199414849281311, 1.6093183755874634, 0.49169111251831055, 0.0024679861962795258, 1.5065549612045288, -1.231371521949768, 0.8014028668403625, 2.6854631900787354, -0.4854624271392822, -0.4081595242023468, 0.4925130307674408, -1.2316642999649048, 0.3358890414237976, 0.8721904754638672, -0.2999371588230133, -6.108377456665039, 0.17144395411014557, -1.4497318267822266, 1.4229786396026611, 16.250009536743164, 1.0, 1.0, 1.0, 1.0, 1.0, 1.0, 1.0, 0.0, 1.0, 1.0, 1.0, 1.0]"
272,0.0,0.0,0.0,5.233234696788713e-05,0.0,389.49688720703125,4.252496364642866e-05,0.0,316.5029296875,0.0,0.0,0.0,0.7585240006446838,0.0037961413618177176,0.18042457103729248,-0.2777993679046631,-0.32471978664398193,0.0699562355875969,-0.409550279378891,0.46044299006462097,-0.3531745970249176,0.4461856484413147,-1.1882425546646118,-0.7470163106918335,0.3632301092147827,-0.3888535499572754,8.79919719696045,"[0.7585240006446838, 0.0037961413618177176, 0.18042457103729248, -0.1571091264486313, 0.18542946875095367, 0.048637233674526215, 0.02855105511844158, -0.0069123366847634315, -0.9995684027671814, 0.699999988079071, 0.0, 0.0, -0.2777993679046631, -0.32471978664398193, 0.0699562355875969, -0.409550279378891, 0.060442984104156494, 0.046825408935546875, 0.04618564248085022, 2.1457672119140625e-06, 0.05298370122909546, -0.43676990270614624, 0.41114646196365356, 7.999197006225586, -0.1743023842573166, 0.2674303650856018, 0.1289263367652893, -1.7819682359695435, -0.4527275562286377, 2.0741214752197266, 0.04055778682231903, 0.0028840508311986923, 2.7955880165100098, -1.904780387878418, 1.599599003791809, -0.35596752166748047, -0.35533273220062256, -0.4061422646045685, 0.42185476422309875, -1.4656717777252197, 0.33857160806655884, 0.9324332475662231, -0.3661250174045563, -6.280086517333984, 0.37604063749313354, -1.6906516551971436, 1.5035300254821777, 15.918931007385254, 1.0, 1.0, 1.0, 1.0, 1.0, 1.0, 1.0, 0.0, 1.0, 1.0, 1.0, 1.0]"
273,0.0,0.0,0.0,4.542550595942885e-05,0.0,338.0909423828125,3.573567300918512e-05,0.0,265.97186279296875,0.0,0.0,0.0,0.7864490151405334,0.009953483939170837,0.21727167069911957,-0.27466776967048645,-0.3169897496700287,0.07440424710512161,-0.46312081813812256,0.4560096263885498,-0.3016950786113739,0.43979641795158386,-1.1882435083389282,-0.6804133653640747,0.30973345041275024,-0.345218688249588,8.757795333862305,"[0.7864490151405334, 0.009953483939170837, 0.21727167069911957, -0.30446764826774597, 0.21050243079662323, 0.028850646689534187, 0.03215063363313675, -0.001409482560120523, -0.9994818568229675, 0.699999988079071, 0.0, 0.0, -0.27466776967048645, -0.3169897496700287, 0.07440424710512161, -0.46312081813812256, 0.05600962042808533, 0.09830492734909058, 0.039796411991119385, 1.1920928955078125e-06, 0.11958664655685425, -0.4902665615081787, 0.45478132367134094, 7.957795143127441, 0.364970326423645, 0.4099365174770355, 0.26630643010139465, -3.2261855602264404, -0.22632822394371033, 2.542306900024414, -0.3961249887943268, 0.001878952607512474, 3.880851984024048, -2.742619514465332, 2.3230202198028564, -3.615726947784424, -0.21277537941932678, -0.4685213267803192, 0.4011363089084625, -1.636318564414978, 0.15066087245941162, 0.9502162933349609, -0.24902349710464478, -6.312536239624023, 0.6448996067047119, -1.954843282699585, 1.4747915267944336, 15.34045696258545, 1.0, 1.0, 1.0, 1.0, 1.0, 1.0, 1.0, 0.0, 1.0, 1.0, 1.0, 1.0]"
274,0.0,0.0,0.0,2.5891056793625467e-05,0.0,192.7008056640625,1.850909029599279e-05,0.0,137.75863647460938,0.0,0.0,0.0,0.8035028576850891,0.0001522309030406177,0.1934185028076172,-0.2562059164047241,-0.3061524033546448,0.08218003064393997,-0.5379234552383423,0.4472147822380066,-0.2437097281217575,0.42983734607696533,-1.1882420778274536,-0.5883470177650452,0.24237871170043945,-0.2980157732963562,8.661151885986328,"[0.8035028576850891, 0.0001522309030406177, 0.1934185028076172, -0.5150565505027771, 0.33129000663757324, 0.014108145609498024, 0.0375470332801342, 0.007233999203890562, -0.9992688894271851, 0.699999988079071, 0.0, 0.0, -0.2562059164047241, -0.3061524033546448, 0.08218003064393997, -0.5379234552383423, 0.047214776277542114, 0.15629027783870697, 0.029837340116500854, 2.6226043701171875e-06, 0.2116529941558838, -0.5576213002204895, 0.5019842386245728, 7.861151695251465, 1.256999135017395, 0.6268353462219238, 0.4886266887187958, -3.864818811416626, -0.7783802151679993, 2.9274630546569824, -0.3451627194881439, -0.010334134101867676, 5.409438133239746, -3.553433656692505, 2.005284309387207, -5.432250499725342, -0.3665866255760193, -0.3148888349533081, 0.4381060302257538, -1.5743894577026367, -0.3863930106163025, 0.29666635394096375, -0.19845178723335266, -6.11463737487793, 1.1264920234680176, -1.9516186714172363, 1.0745062828063965, 14.742459297180176, 1.0, 1.0, 1.0, 1.0, 1.0, 1.0, 1.0, 0.0, 1.0, 1.0, 1.0, 1.0]"
275,4.761170202982612e-05,0.0,354.3622741699219,0.0,0.0,0.0,0.0,0.0,0.0,0.0,0.0,0.0,0.7797129154205322,-0.017749018967151642,0.16834324598312378,-0.23966145515441895,-0.29522567987442017,0.09532935917377472,-0.6121805906295776,0.4461410343647003,-0.19471991062164307,0.4293195605278015,-1.1882469654083252,-0.544089138507843,0.18037381768226624,-0.31910833716392517,8.548562049865723,"[0.7797129154205322, -0.017749018967151642, 0.16834324598312378, -0.8280200362205505, 0.2413310408592224, -0.019515715539455414, 0.044078752398490906, 0.015833614394068718, -0.9989027380943298, 0.699999988079071, 0.0, 0.0, -0.23966145515441895, -0.29522567987442017, 0.09532935917377472, -0.6121805906295776, 0.04614102840423584, 0.2052800953388214, 0.029319554567337036, -2.2649765014648438e-06, 0.25591087341308594, -0.6196261644363403, 0.4808916747570038, 7.748561859130859, 0.8820858001708984, 0.9067651033401489, 1.4235281944274902, -0.5649139881134033, 1.6945551633834839, 1.526460886001587, 0.047157615423202515, -0.002144130878150463, -1.3469648361206055, -1.7873033285140991, -3.75626277923584, -4.641719818115234, -0.24762383103370667, -0.6101537346839905, -0.09800736606121063, -1.269896388053894, -0.60812908411026, -1.3655509948730469, -0.12974810600280762, -5.942447662353516, 1.0984359979629517, -1.0322788953781128, 0.1884882003068924, 14.26025676727295, 1.0, 1.0, 1.0, 1.0, 1.0, 1.0, 1.0, 0.0, 1.0, 1.0, 1.0, 1.0]"
276,5.052261258242652e-05,0.0,376.0274658203125,0.0,0.0,0.0,0.0,0.0,0.0,0.0,0.0,0.0,0.6378896832466125,0.005762708373367786,0.1324414312839508,-0.23467475175857544,-0.2953166663646698,0.10308652371168137,-0.6109703779220581,0.4589988887310028,-0.23274008929729462,0.42178040742874146,-1.1882445812225342,-0.5357141494750977,0.26792091131210327,-0.40993836522102356,8.418320655822754,"[0.6378896832466125, 0.005762708373367786, 0.1324414312839508, 0.19749769568443298, 0.06833458691835403, 0.13263192772865295, 0.047026827931404114, 0.021434245631098747, -0.9986637830734253, 0.699999988079071, 0.0, 0.0, -0.23467475175857544, -0.2953166663646698, 0.10308652371168137, -0.6109703779220581, 0.05899888277053833, 0.16725991666316986, 0.021780401468276978, 1.1920928955078125e-07, 0.2642858624458313, -0.5320791006088257, 0.3900616466999054, 7.618320465087891, -0.24391764402389526, -0.7575403451919556, -0.43322592973709106, 0.25412386655807495, 0.5279146432876587, -3.729717254638672, -0.6072199940681458, -5.717296153306961e-05, 0.6333349943161011, 5.9910783767700195, -4.705488204956055, -7.173584461212158, -0.18035778403282166, -0.7815520763397217, 0.033134300261735916, -1.387612223625183, -0.42385900020599365, -1.7027901411056519, -0.08094719052314758, -6.099888324737549, 0.9188380837440491, -0.4701915681362152, -0.02962164580821991, 14.008922576904297, 1.0, 1.0, 1.0, 1.0, 1.0, 1.0, 1.0, 0.0, 1.0, 1.0, 1.0, 1.0]"
277,3.0113651519059204e-05,0.0,224.1285400390625,0.0,0.0,0.0,0.0,0.0,0.0,0.0,0.0,0.0,0.5678271055221558,0.004260523710399866,0.028401000425219536,-0.24945876002311707,-0.3273138701915741,0.07992954552173615,-0.6108628511428833,0.4618719220161438,-0.3418162763118744,0.4088785648345947,-1.188240885734558,-0.5108345746994019,0.3609924018383026,-0.5269488096237183,8.271407127380371,"[0.5678271055221558, 0.004260523710399866, 0.028401000425219536, 0.817807137966156, -0.11597945541143417, 0.17086809873580933, 0.046620924025774, 0.007480685133486986, -0.998884379863739, 0.699999988079071, 0.0, 0.0, -0.24945876002311707, -0.3273138701915741, 0.07992954552173615, -0.6108628511428833, 0.06187191605567932, 0.05818372964859009, 0.008878558874130249, 3.814697265625e-06, 0.2891654372215271, -0.43900761008262634, 0.2730512022972107, 7.471406936645508, -0.9318650364875793, -1.9025722742080688, -1.2711962461471558, -0.02697962149977684, 0.2907785475254059, -6.1519269943237305, -0.7192239761352539, -0.0075573427602648735, 1.1213266849517822, 4.1767168045043945, -5.6598358154296875, -7.307453632354736, -0.013645200058817863, -0.7722050547599792, 0.048897821456193924, -1.2489392757415771, -0.260661244392395, -0.6269290447235107, -0.060474544763565063, -5.876519203186035, 1.0427287817001343, -0.2968282997608185, 0.10907609760761261, 14.294290542602539, 1.0, 1.0, 1.0, 1.0, 1.0, 1.0, 1.0, 0.0, 1.0, 1.0, 1.0, 1.0]"
278,1.8768383597489446e-05,0.0,139.68849182128906,0.0,0.0,0.0,0.0,0.0,0.0,0.0,0.0,0.0,0.5828641057014465,-0.03555607795715332,-0.09668762236833572,-0.2598523795604706,-0.3589670658111572,0.06458649039268494,-0.5986955165863037,0.4702671766281128,-0.45527383685112,0.38821303844451904,-1.1882435083389282,-0.4850935935974121,0.4249610900878906,-0.5741878747940063,8.179455757141113,"[0.5828641057014465, -0.03555607795715332, -0.09668762236833572, 0.41369736194610596, -0.4868232011795044, 0.09889654815196991, 0.03992985188961029, -0.0036431322805583477, -0.9991958141326904, 0.699999988079071, 0.0, 0.0, -0.2598523795604706, -0.3589670658111572, 0.06458649039268494, -0.5986955165863037, 0.07026717066764832, -0.05527383089065552, -0.011786967515945435, 1.1920928955078125e-06, 0.31490641832351685, -0.37503892183303833, 0.2258121371269226, 7.37945556640625, -0.4150080680847168, -1.1889723539352417, -0.5331434011459351, 1.0185058116912842, 0.6249262690544128, -4.598718643188477, -1.2101523876190186, -0.005308117251843214, 1.2515888214111328, 1.1822824478149414, 0.31209129095077515, -2.2256360054016113, -0.2913804352283478, -0.4484667181968689, -0.15507768094539642, -1.199404001235962, -0.04113239049911499, 0.9727464914321899, -0.01674783229827881, -5.603239059448242, 0.8846783638000488, -0.7028392553329468, 0.745137631893158, 14.699129104614258, 1.0, 1.0, 1.0, 1.0, 1.0, 1.0, 1.0, 0.0, 1.0, 1.0, 1.0, 1.0]"
279,0.0,0.0,0.0,0.0,0.0,0.0,0.0,0.0,0.0,0.0,0.0,0.0,0.6567294597625732,-0.0778839960694313,-0.2761649489402771,-0.2636357843875885,-0.36138808727264404,0.05619639903306961,-0.5780038833618164,0.48910200595855713,-0.49481961131095886,0.36653342843055725,-1.1882447004318237,-0.48179158568382263,0.39529332518577576,-0.5186687707901001,8.187485694885254,"[0.6567294597625732, -0.0778839960694313, -0.2761649489402771, 0.12876999378204346, -0.7487690448760986, 0.06322437524795532, 0.02641548402607441, -0.010009636171162128, -0.999600887298584, 0.699999988079071, 0.0, 0.0, -0.2636357843875885, -0.36138808727264404, 0.05619639903306961, -0.5780038833618164, 0.08910199999809265, -0.09481960535049438, -0.03346657752990723, 0.0, 0.3182084262371063, -0.4047066867351532, 0.28133124113082886, 7.387485504150391, 0.024852875620126724, 0.7502779960632324, -0.1406669020652771, 1.2212636470794678, 1.3481647968292236, -0.3909115791320801, -1.017853856086731, 6.502783799078315e-05, -2.36203932762146, -2.6417343616485596, 4.270482540130615, 2.2209441661834717, -0.5252975225448608, -0.2784040868282318, 0.5326128005981445, -1.2111364603042603, 0.20570623874664307, 1.0861262083053589, -0.07959991693496704, -5.622271537780762, -0.07970532774925232, -1.0615596771240234, 1.2874245643615723, 15.496456146240234, 1.0, 1.0, 1.0, 1.0, 1.0, 1.0, 1.0, 0.0, 1.0, 1.0, 1.0, 1.0]"
280,0.0,0.0,0.0,6.534958811243996e-05,0.0,486.3810119628906,0.0,0.0,0.0,0.0,0.0,0.0,0.6685518622398376,-0.08224232494831085,-0.3019009232521057,-0.2677558362483978,-0.34894558787345886,0.06219443306326866,-0.5539825558662415,0.5192641019821167,-0.49010100960731506,0.3457804024219513,-1.1882370710372925,-0.5825142860412598,0.3944814205169678,-0.4061891734600067,8.274813652038574,"[0.6685518622398376, -0.08224232494831085, -0.3019009232521057, 0.7504584193229675, -0.3123151659965515, 0.03211125731468201, 0.013207881711423397, -0.013893671333789825, -0.9998166561126709, 0.699999988079071, 0.0, 0.0, -0.2677558362483978, -0.34894558787345886, 0.06219443306326866, -0.5539825558662415, 0.11926409602165222, -0.09010100364685059, -0.054219603538513184, 7.62939453125e-06, 0.2174857258796692, -0.4055185914039612, 0.39381083846092224, 7.474813461303711, -0.837011992931366, -0.8033878803253174, 0.018758729100227356, 1.0982848405838013, 0.9425908327102661, -1.615244746208191, -1.24680495262146, 0.017700986936688423, -4.735319137573242, 4.861281394958496, 5.449802875518799, 5.394784927368164, -0.5386170148849487, -0.41792023181915283, 0.6937012672424316, -1.0208033323287964, 0.233109712600708, 0.8651367425918579, -0.2315559983253479, -5.732369899749756, -0.21024926006793976, -1.2419259548187256, 1.1984505653381348, 16.14599609375, 1.0, 1.0, 1.0, 1.0, 1.0, 1.0, 1.0, 0.0, 1.0, 1.0, 1.0, 1.0]"
281,0.0,0.0,0.0,6.933492113603279e-05,0.0,516.0428466796875,1.1222861758142244e-05,0.0,83.52902221679688,0.0,0.0,0.0,0.7060790061950684,-0.07042491436004639,-0.10169792920351028,-0.27557307481765747,-0.35025182366371155,0.06294179707765579,-0.48574772477149963,0.531695544719696,-0.4975140392780304,0.37303224205970764,-1.188258171081543,-0.6798797249794006,0.4453999102115631,-0.4061320424079895,8.407800674438477,"[0.7060790061950684, -0.07042491436004639, -0.10169792920351028, -0.10735835880041122, 0.04511646926403046, 0.07506522536277771, 0.010969819501042366, -0.01593303494155407, -0.99981290102005, 0.699999988079071, 0.0, 0.0, -0.27557307481765747, -0.35025182366371155, 0.06294179707765579, -0.48574772477149963, 0.13169553875923157, -0.09751403331756592, -0.026967763900756836, -1.3470649719238281e-05, 0.12012028694152832, -0.35460010170936584, 0.39386796951293945, 7.607800483703613, -0.25938358902931213, 0.18049249053001404, 0.19491904973983765, 4.160966396331787, 0.3370276987552643, 0.008228689432144165, 1.3764857053756714, 0.0093899667263031, -5.151026725769043, 1.6574755907058716, 0.3281329870223999, 6.7255730628967285, -0.604763925075531, -0.16291779279708862, 0.6571668386459351, -1.0454777479171753, 0.039060115814208984, 0.8183838129043579, -0.4877990186214447, -5.786883354187012, -0.2134331613779068, -1.192943811416626, 1.1005841493606567, 16.700349807739258, 1.0, 1.0, 1.0, 1.0, 1.0, 1.0, 1.0, 0.0, 1.0, 1.0, 1.0, 1.0]"
282,0.0,0.0,0.0,5.862916441401467e-05,0.0,436.362548828125,4.29687206633389e-05,0.0,319.8056640625,0.0,0.0,0.0,0.6925045251846313,-0.054518841207027435,0.03218263015151024,-0.2814991772174835,-0.34395360946655273,0.06736807525157928,-0.41087859869003296,0.5224788784980774,-0.4833739399909973,0.39711010456085205,-1.1882288455963135,-0.7505564093589783,0.45382893085479736,-0.4137730598449707,8.53747272491455,"[0.6925045251846313, -0.054518841207027435, 0.03218263015151024, -0.1489928811788559, 0.14314663410186768, 0.10480424761772156, 0.013139339163899422, -0.012039097025990486, -0.9998412728309631, 0.699999988079071, 0.0, 0.0, -0.2814991772174835, -0.34395360946655273, 0.06736807525157928, -0.41087859869003296, 0.12247887253761292, -0.08337393403053284, -0.0028899013996124268, 1.5854835510253906e-05, 0.049443602561950684, -0.3461710810661316, 0.38622695207595825, 7.7374725341796875, -0.38971391320228577, 0.2956130802631378, 0.1893465220928192, 3.2068889141082764, -0.9417065978050232, 0.8059049844741821, 1.181583285331726, -0.0024018657859414816, -2.5116069316864014, 0.14576172828674316, -0.3434924781322479, 6.618062496185303, -0.47707343101501465, -0.47934505343437195, 0.6933143138885498, -0.9870340824127197, 0.13995689153671265, 0.7227102518081665, -0.1509559452533722, -5.79393196105957, -0.20103226602077484, -1.1914448738098145, 1.175459623336792, 16.667301177978516, 1.0, 1.0, 1.0, 1.0, 1.0, 1.0, 1.0, 0.0, 1.0, 1.0, 1.0, 1.0]"
283,0.0,0.0,0.0,4.8631067329552025e-05,0.0,361.94915771484375,3.4368305932730436e-05,0.0,255.79490661621094,0.0,0.0,0.0,0.6954501271247864,-0.04832394793629646,0.05312303826212883,-0.2885896563529968,-0.3392695486545563,0.06940087676048279,-0.37007901072502136,0.4973035454750061,-0.45970630645751953,0.41666632890701294,-1.1882416009902954,-0.7867680191993713,0.44445544481277466,-0.4156744182109833,8.677316665649414,"[0.6954501271247864, -0.04832394793629646, 0.05312303826212883, -0.044627539813518524, 0.18405747413635254, 0.08242471516132355, 0.016433939337730408, -0.01042298786342144, -0.9998108148574829, 0.699999988079071, 0.0, 0.0, -0.2885896563529968, -0.3392695486545563, 0.06940087676048279, -0.37007901072502136, 0.09730353951454163, -0.059706300497055054, 0.016666322946548462, 3.0994415283203125e-06, 0.013231992721557617, -0.3555445671081543, 0.3843255937099457, 7.877316474914551, -0.31594061851501465, 0.19312268495559692, 0.08435525000095367, 1.4219872951507568, -1.3943003416061401, 1.0529556274414062, 1.0288677215576172, 0.0008860807865858078, -1.1320778131484985, -0.32197368144989014, -0.17652994394302368, 6.858182907104492, -0.5176880955696106, -0.4658302366733551, 0.5843132734298706, -1.0040464401245117, 0.26605522632598877, 0.7203867435455322, -0.14727279543876648, -5.85439395904541, -0.10144086182117462, -1.2407925128936768, 1.3340613842010498, 16.556169509887695, 1.0, 1.0, 1.0, 1.0, 1.0, 1.0, 1.0, 0.0, 1.0, 1.0, 1.0, 1.0]"
284,0.0,0.0,0.0,5.239832171355374e-05,0.0,389.9878845214844,3.955936335842125e-05,0.0,294.4306640625,0.0,0.0,0.0,0.7168383598327637,-0.035756729543209076,0.08378664404153824,-0.29228347539901733,-0.33461886644363403,0.07185015827417374,-0.3579155206680298,0.47313961386680603,-0.431571900844574,0.43285539746284485,-1.18824303150177,-0.7931281328201294,0.4279365539550781,-0.41200920939445496,8.786477088928223,"[0.7168383598327637, -0.035756729543209076, 0.08378664404153824, -0.08646296709775925, 0.19661465287208557, 0.05015232041478157, 0.0200357623398304, -0.008564062416553497, -0.9997624754905701, 0.699999988079071, 0.0, 0.0, -0.29228347539901733, -0.33461886644363403, 0.07185015827417374, -0.3579155206680298, 0.07313960790634155, -0.0315718948841095, 0.03285539150238037, 1.6689300537109375e-06, 0.0068718791007995605, -0.37206345796585083, 0.387990802526474, 7.986476898193359, -0.1796867996454239, 0.21425729990005493, 0.11616518348455429, 0.17273302376270294, -1.0761879682540894, 1.304199457168579, 0.7686618566513062, 0.00045741163194179535, 0.17437002062797546, -0.7048788666725159, 0.25698745250701904, 4.401370048522949, -0.4560815989971161, -0.48046568036079407, 0.4776460826396942, -1.0945556163787842, 0.3260965347290039, 0.786037802696228, -0.1968797743320465, -5.976086139678955, 0.040367141366004944, -1.3452348709106445, 1.392642855644226, 16.41655921936035, 1.0, 1.0, 1.0, 1.0, 1.0, 1.0, 1.0, 0.0, 1.0, 1.0, 1.0, 1.0]"
285,0.0,0.0,0.0,5.3439391194842756e-05,0.0,397.7362976074219,4.39640243712347e-05,0.0,327.2135009765625,0.0,0.0,0.0,0.7458244562149048,-0.016748106107115746,0.13948462903499603,-0.29462000727653503,-0.3297794461250305,0.07436949759721756,-0.3702501058578491,0.4587751030921936,-0.39545461535453796,0.4421929717063904,-1.1882426738739014,-0.775317370891571,0.3992080092430115,-0.39618411660194397,8.837038040161133,"[0.7458244562149048, -0.016748106107115746, 0.13948462903499603, -0.0799555703997612, 0.19490928947925568, 0.03636845201253891, 0.023742932826280594, -0.006274654064327478, -0.9996982216835022, 0.699999988079071, 0.0, 0.0, -0.29462000727653503, -0.3297794461250305, 0.07436949759721756, -0.3702501058578491, 0.058775097131729126, 0.004545390605926514, 0.0421929657459259, 2.0265579223632812e-06, 0.02468264102935791, -0.4007920026779175, 0.403815895318985, 8.03703784942627, -0.13225066661834717, 0.2095494568347931, 0.08145786821842194, -1.1636934280395508, -0.5788670778274536, 1.7913800477981567, 0.4118523597717285, -0.0025162799283862114, 1.570800542831421, -1.506587266921997, 0.9092036485671997, 1.2785522937774658, -0.4403633773326874, -0.41200679540634155, 0.4085102677345276, -1.2898082733154297, 0.3381885290145874, 0.8448253870010376, -0.30398795008659363, -6.159566879272461, 0.22829781472682953, -1.5257357358932495, 1.4573527574539185, 16.203933715820312, 1.0, 1.0, 1.0, 1.0, 1.0, 1.0, 1.0, 0.0, 1.0, 1.0, 1.0, 1.0]"
286,0.0,0.0,0.0,4.9566551751922816e-05,0.0,368.9117431640625,4.3367424950702116e-05,0.0,322.77313232421875,0.0,0.0,0.0,0.7726181745529175,-0.0020847180858254433,0.191920667886734,-0.2940443456172943,-0.3245779871940613,0.07668931782245636,-0.41144824028015137,0.45293107628822327,-0.34993457794189453,0.4429346024990082,-1.188242793083191,-0.7295339703559875,0.3555910587310791,-0.3649902641773224,8.828150749206543,"[0.7726181745529175, -0.0020847180858254433, 0.191920667886734, -0.14893503487110138, 0.19361324608325958, 0.032553426921367645, 0.027384979650378227, -0.0035950082819908857, -0.9996185302734375, 0.699999988079071, 0.0, 0.0, -0.2940443456172943, -0.3245779871940613, 0.07668931782245636, -0.41144824028015137, 0.05293107032775879, 0.050065428018569946, 0.0429345965385437, 1.9073486328125e-06, 0.0704660415649414, -0.44440895318984985, 0.43500974774360657, 8.02815055847168, 0.13001659512519836, 0.27304336428642273, 0.12315140664577484, -2.610771894454956, -0.20450979471206665, 2.2323224544525146, -0.033286940306425095, -0.003919539973139763, 2.872015953063965, -2.200791597366333, 1.6998909711837769, -1.8095557689666748, -0.3189548850059509, -0.43598583340644836, 0.3756394684314728, -1.5292036533355713, 0.3032252788543701, 0.9050725698471069, -0.3446391522884369, -6.301982879638672, 0.44658416509628296, -1.7772897481918335, 1.505728840827942, 15.782013893127441, 1.0, 1.0, 1.0, 1.0, 1.0, 1.0, 1.0, 0.0, 1.0, 1.0, 1.0, 1.0]"
287,0.0,0.0,0.0,4.2853855120483786e-05,0.0,318.9507751464844,3.3181138860527426e-05,0.0,246.95909118652344,0.0,0.0,0.0,0.7955434918403625,-0.0005890944157727063,0.21678698062896729,-0.28302451968193054,-0.3168126046657562,0.08136357367038727,-0.478514701128006,0.45010048151016235,-0.29634982347488403,0.43533244729042053,-1.1882433891296387,-0.655089259147644,0.2981555163860321,-0.3200453817844391,8.760848045349121,"[0.7955434918403625, -0.0005890944157727063, 0.21678698062896729, -0.3017076849937439, 0.24553599953651428, 0.016735203564167023, 0.031514812260866165, 0.0017265316564589739, -0.9995020031929016, 0.699999988079071, 0.0, 0.0, -0.28302451968193054, -0.3168126046657562, 0.08136357367038727, -0.478514701128006, 0.050100475549697876, 0.10365018248558044, 0.035332441329956055, 1.3113021850585938e-06, 0.1449107527732849, -0.5018445253372192, 0.47995463013648987, 7.960847854614258, 0.8073292970657349, 0.42131486535072327, 0.28305473923683167, -3.757997751235962, -0.3060742914676666, 2.6503090858459473, -0.38387787342071533, -0.0029864339157938957, 4.6690897941589355, -2.96136736869812, 2.235013961791992, -4.646867752075195, -0.2578330934047699, -0.4220115840435028, 0.4270782172679901, -1.6438894271850586, -0.046076178550720215, 0.8680964708328247, -0.18439659476280212, -6.278461456298828, 0.8592091798782349, -2.0391063690185547, 1.3914129734039307, 15.150089263916016, 1.0, 1.0, 1.0, 1.0, 1.0, 1.0, 1.0, 0.0, 1.0, 1.0, 1.0, 1.0]"
288,0.0,0.0,0.0,1.0168238077312708e-05,0.0,75.6797103881836,0.0,0.0,0.0,0.0,0.0,0.0,0.8005595207214355,-0.01659812219440937,0.14292044937610626,-0.25630873441696167,-0.30569079518318176,0.08987301588058472,-0.5587919354438782,0.43440234661102295,-0.23890520632266998,0.42879289388656616,-1.188240885734558,-0.5460647344589233,0.22869925200939178,-0.28932520747184753,8.65137767791748,"[0.8005595207214355, -0.01659812219440937, 0.14292044937610626, -0.5363720655441284, 0.44288378953933716, 0.011897622607648373, 0.03855062648653984, 0.010228948667645454, -0.9992044568061829, 0.699999988079071, 0.0, 0.0, -0.25630873441696167, -0.30569079518318176, 0.08987301588058472, -0.5587919354438782, 0.03440234065055847, 0.1610947996377945, 0.028792887926101685, 3.814697265625e-06, 0.2539352774620056, -0.571300745010376, 0.5106748342514038, 7.851377487182617, 1.6639552116394043, 0.6705162525177002, 0.6170225739479065, -3.909878969192505, -1.1631124019622803, 2.860558271408081, -0.12523329257965088, 0.0009947980288416147, 5.6795430183410645, -3.6201772689819336, -0.14951962232589722, -5.770063400268555, -0.3709258735179901, -0.3619915544986725, 0.17987222969532013, -1.3997366428375244, -0.5038493275642395, -0.46656641364097595, -0.20360881090164185, -5.975062847137451, 1.1477981805801392, -1.5520870685577393, 0.6826896071434021, 14.60198974609375, 1.0, 1.0, 1.0, 1.0, 1.0, 1.0, 1.0, 0.0, 1.0, 1.0, 1.0, 1.0]"
289,5.5283071560552344e-05,0.0,411.4584045410156,0.0,0.0,0.0,0.0,0.0,0.0,0.0,0.0,0.0,0.7284154295921326,-0.019509460777044296,0.14186714589595795,-0.2478414624929428,-0.29641517996788025,0.10266599804162979,-0.6109992861747742,0.44922447204589844,-0.21233294904232025,0.4260243773460388,-1.1882413625717163,-0.5428365468978882,0.20922037959098816,-0.3511858880519867,8.541962623596191,"[0.7284154295921326, -0.019509460777044296, 0.14186714589595795, -0.7440313696861267, 0.2605062425136566, 0.03321623429656029, 0.04474540427327156, 0.01793183945119381, -0.9988376498222351, 0.699999988079071, 0.0, 0.0, -0.2478414624929428, -0.29641517996788025, 0.10266599804162979, -0.6109992861747742, 0.04922446608543396, 0.18766705691814423, 0.02602437138557434, 3.337860107421875e-06, 0.25716346502304077, -0.5907796621322632, 0.44881412386894226, 7.741962432861328, 0.7190011739730835, 0.705565869808197, 1.063646912574768, 0.4100244343280792, 1.206467866897583, -0.4057256877422333, -0.4575110971927643, -0.0002358974888920784, -0.5616767406463623, 2.2775962352752686, -3.8087968826293945, -5.199103355407715, -0.18383672833442688, -0.7317721247673035, 0.004159528762102127, -1.386404037475586, -0.6412232518196106, -1.6017177104949951, -0.10743705928325653, -6.029378890991211, 1.119212031364441, -0.7907925844192505, 0.08426709473133087, 14.048377990722656, 1.0, 1.0, 1.0, 1.0, 1.0, 1.0, 1.0, 0.0, 1.0, 1.0, 1.0, 1.0]"
290,4.9346021114615723e-05,0.0,367.2703857421875,0.0,0.0,0.0,0.0,0.0,0.0,0.0,0.0,0.0,0.6047441363334656,-0.000895633886102587,0.09829716384410858,-0.25052642822265625,-0.30804339051246643,0.09883877635002136,-0.6109738945960999,0.45988354086875916,-0.27928271889686584,0.4135597348213196,-1.1882448196411133,-0.5324938893318176,0.3118843734264374,-0.45361533761024475,8.399892807006836,"[0.6047441363334656, -0.000895633886102587, 0.09829716384410858, 0.4801892340183258, 0.035972729325294495, 0.1480085253715515, 0.04722358286380768, 0.015957484021782875, -0.998757004737854, 0.699999988079071, 0.0, 0.0, -0.25052642822265625, -0.30804339051246643, 0.09883877635002136, -0.6109738945960999, 0.05988353490829468, 0.12071728706359863, 0.013559728860855103, -1.1920928955078125e-07, 0.26750612258911133, -0.4881156384944916, 0.3463846743106842, 7.599892616271973, -0.5162115097045898, -1.2550266981124878, -0.7539826035499573, 0.2510565221309662, 0.4270132780075073, -4.801586151123047, -0.6876207590103149, -0.0015835762023925781, 0.7574147582054138, 5.331440448760986, -5.732179641723633, -7.178374767303467, -0.09355482459068298, -0.8016101121902466, 0.03208901360630989, -1.3544209003448486, -0.3304738998413086, -1.4005106687545776, -0.03546777367591858, -6.105390548706055, 0.9247007369995117, -0.39982229471206665, 0.013532474637031555, 14.077174186706543, 1.0, 1.0, 1.0, 1.0, 1.0, 1.0, 1.0, 0.0, 1.0, 1.0, 1.0, 1.0]"
291,2.5709929104777984e-05,0.0,191.3527069091797,0.0,0.0,0.0,0.0,0.0,0.0,0.0,0.0,0.0,0.5618795156478882,-0.014155766926705837,-0.01939401961863041,-0.2650814950466156,-0.34414076805114746,0.07798951119184494,-0.6100307106971741,0.4645027220249176,-0.3970944583415985,0.39827418327331543,-1.1882418394088745,-0.5081645846366882,0.397247850894928,-0.5569409132003784,8.254411697387695,"[0.5618795156478882, -0.014155766926705837, -0.01939401961863041, 0.7169260382652283, -0.22657661139965057, 0.14063777029514313, 0.04509544372558594, 0.0014526662416756153, -0.9989814758300781, 0.699999988079071, 0.0, 0.0, -0.2650814950466156, -0.34414076805114746, 0.07798951119184494, -0.6100307106971741, 0.06450271606445312, 0.002905547618865967, -0.0017258226871490479, 2.86102294921875e-06, 0.2918354272842407, -0.402752161026001, 0.24305909872055054, 7.454411506652832, -0.7869603633880615, -1.9141560792922974, -1.0056864023208618, 0.15099583566188812, 0.4266741871833801, -6.13920259475708, -0.8757312893867493, -0.0073539032600820065, 1.0871599912643433, 3.855618715286255, -3.787785530090332, -6.865974426269531, -0.09815862774848938, -0.7381805777549744, -0.060825567692518234, -1.1903107166290283, -0.2087429165840149, -0.09406676888465881, -0.01415187120437622, -5.682547569274902, 1.0280439853668213, -0.35039055347442627, 0.2834491729736328, 14.41579532623291, 1.0, 1.0, 1.0, 1.0, 1.0, 1.0, 1.0, 0.0, 1.0, 1.0, 1.0, 1.0]"
292,1.0819937415362801e-05,0.0,80.5301513671875,0.0,0.0,0.0,0.0,0.0,0.0,0.0,0.0,0.0,0.6109976172447205,-0.05361800268292427,-0.1527058333158493,-0.273433655500412,-0.36964747309684753,0.06425614655017853,-0.591508686542511,0.47674280405044556,-0.48668983578681946,0.3772556781768799,-1.1882425546646118,-0.4837903380393982,0.42325741052627563,-0.5577899217605591,8.194375991821289,"[0.6109976172447205, -0.05361800268292427, -0.1527058333158493, 0.3618171811103821, -0.5816473364830017, 0.0787036344408989, 0.03610933944582939, -0.008221467025578022, -0.99931401014328, 0.699999988079071, 0.0, 0.0, -0.273433655500412, -0.36964747309684753, 0.06425614655017853, -0.591508686542511, 0.07674279808998108, -0.08668982982635498, -0.022744327783584595, 2.1457672119140625e-06, 0.31620967388153076, -0.3767426013946533, 0.24221009016036987, 7.394375801086426, -0.32883694767951965, -0.6296675801277161, -0.5554565787315369, 1.2880101203918457, 0.9067772626876831, -2.797511100769043, -1.1913303136825562, -0.0040718745440244675, 1.060461401939392, -1.4888968467712402, 2.7923738956451416, -0.36556270718574524, -0.42578282952308655, -0.22998246550559998, 0.012881148606538773, -1.2710919380187988, 0.06543350219726562, 1.3542169332504272, -0.1271800696849823, -5.637130260467529, 0.5664350986480713, -0.9697524905204773, 1.126339077949524, 14.993494987487793, 1.0, 1.0, 1.0, 1.0, 1.0, 1.0, 1.0, 0.0, 1.0, 1.0, 1.0, 1.0]"
293,0.0,0.0,0.0,0.0,0.0,0.0,0.0,0.0,0.0,0.0,0.0,0.0,0.6873607635498047,-0.10134048759937286,-0.35740867257118225,-0.27461621165275574,-0.35303133726119995,0.05973779782652855,-0.5699026584625244,0.5052700638771057,-0.4870079755783081,0.3543103337287903,-1.1882448196411133,-0.5180700421333313,0.36137181520462036,-0.4589851498603821,8.22612190246582,"[0.6873607635498047, -0.10134048759937286, -0.35740867257118225, -0.019328908994793892, -0.790710985660553, 0.040688902139663696, 0.021717989817261696, -0.011335654184222221, -0.999700129032135, 0.699999988079071, 0.0, 0.0, -0.27461621165275574, -0.35303133726119995, 0.05973779782652855, -0.5699026584625244, 0.10527005791664124, -0.08700796961784363, -0.045689672231674194, -1.1920928955078125e-07, 0.28192996978759766, -0.4386281967163086, 0.3410148620605469, 7.426121711730957, 0.08257586508989334, 1.7168426513671875, 0.17309623956680298, 1.0291528701782227, 1.8522064685821533, 1.4674155712127686, -1.0236680507659912, 6.400617712642998e-05, -4.51338005065918, -3.338762044906616, 5.424876689910889, 3.090757131576538, -0.4685195982456207, -0.3821501135826111, 0.5914551019668579, -1.1729528903961182, 0.2916569709777832, 0.9239156246185303, -0.0982077419757843, -5.713733673095703, -0.1760568469762802, -1.1100893020629883, 1.25223708152771, 15.715665817260742, 1.0, 1.0, 1.0, 1.0, 1.0, 1.0, 1.0, 0.0, 1.0, 1.0, 1.0, 1.0]"
294,0.0,0.0,0.0,8.03804214228876e-05,0.0,598.2517700195312,0.00016773589595686644,0.0,1248.417236328125,0.0,0.0,0.0,0.7125260829925537,-0.0642712265253067,-0.14741823077201843,-0.2838159203529358,-0.35634350776672363,0.0567195899784565,-0.5427476763725281,0.5275673270225525,-0.48621904850006104,0.3499003052711487,-1.1881273984909058,-0.6095089316368103,0.4101346433162689,-0.3985297679901123,8.324857711791992,"[0.7125260829925537, -0.0642712265253067, -0.14741823077201843, -0.0440768264234066, -0.2692272365093231, 0.18066413700580597, 0.014595403335988522, -0.020189957693219185, -0.9996897578239441, 0.699999988079071, 0.0, 0.0, -0.2838159203529358, -0.35634350776672363, 0.0567195899784565, -0.5427476763725281, 0.127567321062088, -0.08621904253959656, -0.050099700689315796, 0.00011730194091796875, 0.19049108028411865, -0.38986536860466003, 0.40147024393081665, 7.524857521057129, -0.2719271183013916, 0.09000729769468307, 0.04628869518637657, 3.3791983127593994, 0.7743719220161438, -0.45542842149734497, 3.4705889225006104, -0.04165294021368027, -4.309814929962158, 2.9582362174987793, -3.3851377964019775, 6.5808796882629395, -0.6441633105278015, -0.36600857973098755, 0.59648597240448, -1.0867085456848145, 0.21087050437927246, 0.7869688272476196, -0.34061622619628906, -5.707012176513672, -0.04465709626674652, -1.4546109437942505, 1.1631858348846436, 16.211259841918945, 1.0, 1.0, 1.0, 1.0, 1.0, 1.0, 1.0, 0.0, 1.0, 1.0, 1.0, 1.0]"
295,0.0,0.0,0.0,7.00206946930848e-05,0.0,521.1469116210938,4.627035741577856e-05,0.0,344.37896728515625,0.0,0.0,0.0,0.7055279016494751,-0.0581173375248909,-0.011632528156042099,-0.29040807485580444,-0.3544934391975403,0.05763409286737442,-0.47258615493774414,0.5337770581245422,-0.4794936180114746,0.3879397213459015,-1.188240885734558,-0.6949955821037292,0.43435952067375183,-0.42333757877349854,8.45091438293457,"[0.7055279016494751, -0.0581173375248909, -0.011632528156042099, -0.05587591975927353, 0.1074952632188797, 0.0914076492190361, 0.014756469987332821, -0.02024831995368004, -0.9996857047080994, 0.699999988079071, 0.0, 0.0, -0.29040807485580444, -0.3544934391975403, 0.05763409286737442, -0.47258615493774414, 0.13377705216407776, -0.07949361205101013, -0.012060284614562988, 3.814697265625e-06, 0.10500442981719971, -0.3656404912471771, 0.3766624331474304, 7.650914192199707, -0.2573370933532715, 0.17280657589435577, 0.12503597140312195, 3.4710991382598877, -0.04760720580816269, 0.5200996398925781, 1.671235203742981, -0.0020195934921503067, -4.034717082977295, 0.7076750993728638, -1.0611968040466309, 5.810019493103027, -0.2591167986392975, -0.45525527000427246, 0.7725957632064819, -1.0715374946594238, 0.020664691925048828, 0.7758530378341675, -0.02625909447669983, -5.802270889282227, -0.36979901790618896, -1.1122465133666992, 1.0779885053634644, 16.312313079833984, 1.0, 1.0, 1.0, 1.0, 1.0, 1.0, 1.0, 0.0, 1.0, 1.0, 1.0, 1.0]"
296,0.0,0.0,0.0,4.77624089398887e-05,0.0,355.48394775390625,3.3167318179039285e-05,0.0,246.85623168945312,0.0,0.0,0.0,0.7005321383476257,-0.0647195354104042,0.028479207307100296,-0.2853134274482727,-0.3483037054538727,0.062332723289728165,-0.4155084490776062,0.5204046964645386,-0.45965006947517395,0.41203799843788147,-1.1882424354553223,-0.7719221115112305,0.43058422207832336,-0.4339422583580017,8.572052001953125,"[0.7005321383476257, -0.0647195354104042, 0.028479207307100296, -0.20039889216423035, 0.23682691156864166, 0.04562712460756302, 0.01879681833088398, -0.016815390437841415, -0.9996820688247681, 0.699999988079071, 0.0, 0.0, -0.2853134274482727, -0.3483037054538727, 0.062332723289728165, -0.4155084490776062, 0.1204046905040741, -0.05965006351470947, 0.012037992477416992, 2.2649765014648438e-06, 0.028077900409698486, -0.3694157898426056, 0.36605775356292725, 7.772051811218262, 0.4552907347679138, 0.34268486499786377, 0.2863878011703491, 2.4468069076538086, -1.0588823556900024, 0.8468528389930725, 1.2087745666503906, 0.0015952866524457932, -3.232104539871216, -0.05673108994960785, -0.5700872540473938, 6.557096481323242, -0.7041551470756531, -0.44049182534217834, 0.6177813410758972, -1.003074288368225, 0.23529523611068726, 0.6960915327072144, -0.21356818079948425, -5.8745856285095215, -0.21852056682109833, -1.2118619680404663, 1.2820459604263306, 16.471086502075195, 1.0, 1.0, 1.0, 1.0, 1.0, 1.0, 1.0, 0.0, 1.0, 1.0, 1.0, 1.0]"
297,0.0,0.0,0.0,4.950487709720619e-05,0.0,368.45269775390625,4.071715011377819e-05,0.0,303.04779052734375,0.0,0.0,0.0,0.7067891359329224,-0.04437481239438057,0.053817085921764374,-0.2809516191482544,-0.34273260831832886,0.06623388826847076,-0.3872079849243164,0.49538061022758484,-0.4359714388847351,0.43237027525901794,-1.1882420778274536,-0.8055564165115356,0.4209122359752655,-0.43767568469047546,8.696521759033203,"[0.7067891359329224, -0.04437481239438057, 0.053817085921764374, -0.08426618576049805, 0.17749139666557312, 0.06170443817973137, 0.02257605269551277, -0.013957270421087742, -0.9996479153633118, 0.699999988079071, 0.0, 0.0, -0.2809516191482544, -0.34273260831832886, 0.06623388826847076, -0.3872079849243164, 0.09538060426712036, -0.03597143292427063, 0.03237026929855347, 2.6226043701171875e-06, -0.0055564045906066895, -0.37908777594566345, 0.3623243272304535, 7.89652156829834, -0.025332383811473846, 0.21526208519935608, 0.12443685531616211, 0.8715521693229675, -1.2977811098098755, 1.0849545001983643, 1.0047531127929688, -9.373947978019714e-05, -0.6588302254676819, -0.33793962001800537, -0.10811822861433029, 5.512200832366943, -0.44498226046562195, -0.4786936342716217, 0.54700767993927, -1.0639474391937256, 0.28560298681259155, 0.7457398176193237, -0.1799130141735077, -5.937551975250244, -0.0419909805059433, -1.3384051322937012, 1.3368546962738037, 16.414308547973633, 1.0, 1.0, 1.0, 1.0, 1.0, 1.0, 1.0, 0.0, 1.0, 1.0, 1.0, 1.0]"
298,0.0,0.0,0.0,5.524143489310518e-05,0.0,411.14849853515625,4.3879368604393676e-05,0.0,326.5834045410156,0.0,0.0,0.0,0.7272156476974487,-0.02323252148926258,0.11809790879487991,-0.2828682065010071,-0.3370666205883026,0.06957770138978958,-0.3805963397026062,0.47414615750312805,-0.40495914220809937,0.4448257386684418,-1.1882424354553223,-0.7969127893447876,0.4005388021469116,-0.42667561769485474,8.777634620666504,"[0.7272156476974487, -0.02323252148926258, 0.11809790879487991, -0.1623709350824356, 0.178986057639122, 0.055079590529203415, 0.025846760720014572, -0.010850592516362667, -0.9996066689491272, 0.699999988079071, 0.0, 0.0, -0.2828682065010071, -0.3370666205883026, 0.06957770138978958, -0.3805963397026062, 0.07414615154266357, -0.004959136247634888, 0.044825732707977295, 2.2649765014648438e-06, 0.0030872225761413574, -0.39946120977401733, 0.3733243942260742, 7.977634429931641, -0.13691000640392303, 0.2855197787284851, 0.16436754167079926, -0.0024353289045393467, -0.9531658291816711, 1.5104877948760986, 0.5354712605476379, -0.001021108590066433, 1.1963969469070435, -1.0040876865386963, 0.7082459926605225, 3.1981184482574463, -0.4946249723434448, -0.42348018288612366, 0.4841022193431854, -1.1943459510803223, 0.33121931552886963, 0.8377623558044434, -0.2667454779148102, -6.070578098297119, 0.13310347497463226, -1.4202061891555786, 1.4126046895980835, 16.306089401245117, 1.0, 1.0, 1.0, 1.0, 1.0, 1.0, 1.0, 0.0, 1.0, 1.0, 1.0, 1.0]"
299,0.0,0.0,0.0,4.936915138387121e-05,0.0,367.4425048828125,4.400764373713173e-05,0.0,327.53814697265625,0.0,0.0,0.0,0.7551739811897278,-0.004895499441772699,0.17524509131908417,-0.2847558259963989,-0.3307940661907196,0.07298364490270615,-0.3995591104030609,0.4613780379295349,-0.3639554977416992,0.4483753740787506,-1.1882436275482178,-0.7577471733093262,0.3643636703491211,-0.40013977885246277,8.808517456054688,"[0.7551739811897278, -0.004895499441772699, 0.17524509131908417, -0.17265993356704712, 0.17534135282039642, 0.0454840213060379, 0.029203927144408226, -0.0070593575946986675, -0.9995485544204712, 0.699999988079071, 0.0, 0.0, -0.2847558259963989, -0.3307940661907196, 0.07298364490270615, -0.3995591104030609, 0.061378031969070435, 0.03604450821876526, 0.04837536811828613, 1.0728836059570312e-06, 0.04225283861160278, -0.43563634157180786, 0.3998602330684662, 8.008517265319824, -0.08838372677564621, 0.30229777097702026, 0.14415325224399567, -1.5998708009719849, -0.5064802169799805, 2.0832674503326416, 0.1210494190454483, -0.0035044141113758087, 2.514991521835327, -1.9422541856765747, 1.4514844417572021, 0.2749294638633728, -0.3779354989528656, -0.40476909279823303, 0.41478508710861206, -1.4156458377838135, 0.3381284475326538, 0.9001830816268921, -0.33786121010780334, -6.243528366088867, 0.3336036205291748, -1.6449527740478516, 1.49446702003479, 16.022369384765625, 1.0, 1.0, 1.0, 1.0, 1.0, 1.0, 1.0, 0.0, 1.0, 1.0, 1.0, 1.0]"
300,0.0,0.0,0.0,4.505230754148215e-05,0.0,335.3133239746094,3.9306312828557566e-05,0.0,292.5472412109375,0.0,0.0,0.0,0.7825374007225037,0.0037110233679413795,0.21654009819030762,-0.2809761166572571,-0.3230983316898346,0.07742656767368317,-0.44973161816596985,0.4559604227542877,-0.3137163817882538,0.4432052671909332,-1.1882445812225342,-0.6961711645126343,0.31302863359451294,-0.3585346043109894,8.779728889465332,"[0.7825374007225037, 0.0037110233679413795, 0.21654009819030762, -0.2992364764213562, 0.19691362977027893, 0.028902176767587662, 0.03271616995334625, -0.001802404411137104, -0.999462902545929, 0.699999988079071, 0.0, 0.0, -0.2809761166572571, -0.3230983316898346, 0.07742656767368317, -0.44973161816596985, 0.05596041679382324, 0.0862836241722107, 0.04320526123046875, 1.1920928955078125e-07, 0.10382884740829468, -0.486971378326416, 0.4414654076099396, 7.979728698730469, 0.37839025259017944, 0.4185844957828522, 0.25831255316734314, -3.052629232406616, -0.2302231639623642, 2.534710168838501, -0.3252517282962799, -0.003684006631374359, 3.5915467739105225, -2.695753574371338, 2.192866086959839, -2.9998865127563477, -0.23919132351875305, -0.47052204608917236, 0.3890058398246765, -1.6142094135284424, 0.2160671353340149, 0.9379674196243286, -0.26344701647758484, -6.30900764465332, 0.5778571367263794, -1.9134241342544556, 1.4992769956588745, 15.476595878601074, 1.0, 1.0, 1.0, 1.0, 1.0, 1.0, 1.0, 0.0, 1.0, 1.0, 1.0, 1.0]"
301,0.0,0.0,0.0,3.217954144929536e-05,0.0,239.50442504882812,2.424443664494902e-05,0.0,180.44541931152344,0.0,0.0,0.0,0.802253007888794,-0.0021159497555345297,0.2107003629207611,-0.26362815499305725,-0.31267285346984863,0.08465069532394409,-0.5231602787971497,0.4490383267402649,-0.2560872733592987,0.43278536200523376,-1.1882402896881104,-0.6091250777244568,0.24710924923419952,-0.30996671319007874,8.691301345825195,"[0.802253007888794, -0.0021159497555345297, 0.2107003629207611, -0.46376365423202515, 0.29574063420295715, 0.012076486833393574, 0.03760470077395439, 0.006240228656679392, -0.9992732405662537, 0.699999988079071, 0.0, 0.0, -0.26362815499305725, -0.31267285346984863, 0.08465069532394409, -0.5231602787971497, 0.049038320779800415, 0.14391273260116577, 0.03278535604476929, 4.410743713378906e-06, 0.19087493419647217, -0.5528907775878906, 0.4900332987308502, 7.891301155090332, 1.1672661304473877, 0.581872284412384, 0.46210309863090515, -3.8888633251190186, -0.6412931084632874, 2.915827512741089, -0.4253551959991455, -0.00484610628336668, 5.308075904846191, -3.477921485900879, 2.2320704460144043, -5.2278666496276855, -0.35141125321388245, -0.33209139108657837, 0.47393158078193665, -1.6088536977767944, -0.3059959411621094, 0.5490113496780396, -0.1708875298500061, -6.165145397186279, 1.091735601425171, -2.0392868518829346, 1.2016395330429077, 14.86355209350586, 1.0, 1.0, 1.0, 1.0, 1.0, 1.0, 1.0, 0.0, 1.0, 1.0, 1.0, 1.0]"
302,8.527195313945413e-05,0.0,634.6582641601562,0.0,0.0,0.0,0.0,0.0,0.0,0.0,0.0,0.0,0.8035160303115845,-0.01135596726089716,0.15314248204231262,-0.24578487873077393,-0.3019762933254242,0.09490591287612915,-0.603508710861206,0.4431528151035309,-0.20148737728595734,0.43181824684143066,-1.1882425546646118,-0.542043924331665,0.18092435598373413,-0.31197184324264526,8.577162742614746,"[0.8035160303115845, -0.01135596726089716, 0.15314248204231262, 0.025850793346762657, 0.17714658379554749, -0.003553652437403798, 0.044344399124383926, 0.01461074873805046, -0.9989093542098999, 0.699999988079071, 0.0, 0.0, -0.24578487873077393, -0.3019762933254242, 0.09490591287612915, -0.603508710861206, 0.043152809143066406, 0.19851262867450714, 0.031818240880966187, 2.1457672119140625e-06, 0.2579560875892639, -0.6190756559371948, 0.4880281686782837, 7.777162551879883, -0.06339213252067566, 0.056848812848329544, 0.3197992742061615, -4.415055274963379, 2.135145664215088, 2.379040002822876, 0.4247320294380188, -0.008829275146126747, -2.7435452938079834, -2.608814001083374, -3.3777284622192383, -5.806143760681152, -0.2680460512638092, -0.5655447840690613, -0.12041322886943817, -1.2345552444458008, -0.5669941306114197, -1.2015172243118286, -0.13362997770309448, -5.9127349853515625, 1.105454444885254, -1.1160850524902344, 0.2655943036079407, 14.407103538513184, 1.0, 1.0, 1.0, 1.0, 1.0, 1.0, 1.0, 0.0, 1.0, 1.0, 1.0, 1.0]"
303,5.313498331815936e-05,0.0,395.470703125,0.0,0.0,0.0,0.0,0.0,0.0,0.0,0.0,0.0,0.6637430191040039,0.002566051436588168,0.14869317412376404,-0.23899340629577637,-0.29828500747680664,0.10304263979196548,-0.6109800934791565,0.45866629481315613,-0.2190612256526947,0.42766669392585754,-1.1882439851760864,-0.5378662347793579,0.24107159674167633,-0.3981868624687195,8.457314491271973,"[0.6637430191040039, 0.002566051436588168, 0.14869317412376404, -0.01340677123516798, 0.11368290334939957, 0.11255586892366409, 0.04818637669086456, 0.021886954084038734, -0.9985988736152649, 0.699999988079071, 0.0, 0.0, -0.23899340629577637, -0.29828500747680664, 0.10304263979196548, -0.6109800934791565, 0.05866628885269165, 0.18093878030776978, 0.027666687965393066, 7.152557373046875e-07, 0.26213377714157104, -0.5589284300804138, 0.4018131494522095, 7.657314300537109, -0.029066026210784912, -0.450973242521286, -0.2831660211086273, 0.22821596264839172, 0.6550701856613159, -2.808887243270874, -0.5342679619789124, -0.0009861364960670471, 0.4245940148830414, 6.02188777923584, -4.316710948944092, -7.138836860656738, -0.0956505835056305, -0.8299428224563599, 0.0019704289734363556, -1.3740965127944946, -0.4441782236099243, -1.4796465635299683, -0.1272604912519455, -6.0760674476623535, 0.9170951843261719, -0.501274585723877, -0.07130579650402069, 13.951295852661133, 1.0, 1.0, 1.0, 1.0, 1.0, 1.0, 1.0, 0.0, 1.0, 1.0, 1.0, 1.0]"
304,3.2351028494304046e-05,0.0,240.78077697753906,0.0,0.0,0.0,0.0,0.0,0.0,0.0,0.0,0.0,0.579332172870636,0.0071577224880456924,0.05807512253522873,-0.25111767649650574,-0.3274122178554535,0.0794529989361763,-0.6109417676925659,0.46237924695014954,-0.3175744116306305,0.414358526468277,-1.188245177268982,-0.5153704881668091,0.3517886996269226,-0.5155888795852661,8.309526443481445,"[0.579332172870636, 0.0071577224880456924, 0.05807512253522873, 0.7181251645088196, -0.043299030512571335, 0.1542225182056427, 0.04891342297196388, 0.010626398026943207, -0.998746395111084, 0.699999988079071, 0.0, 0.0, -0.25111767649650574, -0.3274122178554535, 0.0794529989361763, -0.6109417676925659, 0.06237924098968506, 0.08242559432983398, 0.0143585205078125, -4.76837158203125e-07, 0.2846295237541199, -0.44821131229400635, 0.28441113233566284, 7.509526252746582, -0.8251786231994629, -1.823143720626831, -1.3624649047851562, 0.04974769428372383, 0.28263384103775024, -5.7391862869262695, -0.77027827501297, -0.005712983198463917, 1.0319100618362427, 4.547120571136475, -6.082318305969238, -7.426603317260742, -0.04160913825035095, -0.7493889331817627, 0.06695576012134552, -1.3042163848876953, -0.2814803123474121, -0.8680877685546875, -0.06178686022758484, -5.984188079833984, 1.0426875352859497, -0.33862224221229553, 0.07901842892169952, 14.282232284545898, 1.0, 1.0, 1.0, 1.0, 1.0, 1.0, 1.0, 0.0, 1.0, 1.0, 1.0, 1.0]"
305,2.319530540262349e-05,0.0,172.63699340820312,0.0,0.0,0.0,0.0,0.0,0.0,0.0,0.0,0.0,0.5745413303375244,-0.03129677101969719,-0.0650445893406868,-0.2614206075668335,-0.3604074716567993,0.060764119029045105,-0.6040398478507996,0.46967971324920654,-0.4325272738933563,0.39243513345718384,-1.1882466077804565,-0.4905184805393219,0.4216620624065399,-0.5790389180183411,8.196879386901855,"[0.5745413303375244, -0.03129677101969719, -0.0650445893406868, 0.4115836024284363, -0.40969619154930115, 0.09950640052556992, 0.04387466982007027, -0.0002858252846635878, -0.9990364909172058, 0.699999988079071, 0.0, 0.0, -0.2614206075668335, -0.3604074716567993, 0.060764119029045105, -0.6040398478507996, 0.06967970728874207, -0.032527267932891846, -0.00756487250328064, -1.9073486328125e-06, 0.30948153138160706, -0.37833794951438904, 0.2209610939025879, 7.396879196166992, -0.4025232493877411, -1.3526086807250977, -0.6668643951416016, 0.6972611546516418, 0.5531585216522217, -5.179861545562744, -1.2702045440673828, -0.007953185588121414, 1.2072792053222656, 2.3992063999176025, -0.6869699954986572, -3.470658779144287, -0.26901641488075256, -0.5287225246429443, -0.13864655792713165, -1.1767516136169434, -0.1419798731803894, 0.5815349817276001, -0.012396126985549927, -5.655019760131836, 0.9619889855384827, -0.5688736438751221, 0.5920141935348511, 14.59530258178711, 1.0, 1.0, 1.0, 1.0, 1.0, 1.0, 1.0, 0.0, 1.0, 1.0, 1.0, 1.0]"
306,0.0,0.0,0.0,0.0,0.0,0.0,0.0,0.0,0.0,0.0,0.0,0.0,0.6410247087478638,-0.0722743421792984,-0.22404694557189941,-0.26593995094299316,-0.3682745397090912,0.051251888275146484,-0.5850139856338501,0.4857390224933624,-0.48962464928627014,0.3691383898258209,-1.1882447004318237,-0.4744665026664734,0.40868231654167175,-0.5379445552825928,8.18996524810791,"[0.6410247087478638, -0.0722743421792984, -0.22404694557189941, 0.14112062752246857, -0.7124873995780945, 0.07100130617618561, 0.031396619975566864, -0.006488368380814791, -0.999485969543457, 0.699999988079071, 0.0, 0.0, -0.26593995094299316, -0.3682745397090912, 0.051251888275146484, -0.5850139856338501, 0.08573901653289795, -0.08962464332580566, -0.030861616134643555, 0.0, 0.32553350925445557, -0.3913176953792572, 0.2620554566383362, 7.389965057373047, -0.08391783386468887, 0.4444786012172699, -0.2196963131427765, 1.2300069332122803, 1.1924306154251099, -1.207579255104065, -1.1497811079025269, 6.637549086008221e-05, -1.011214017868042, -2.6883468627929688, 4.049714088439941, 1.603721022605896, -0.5505999326705933, -0.25819963216781616, 0.43041151762008667, -1.230666160583496, 0.15755784511566162, 1.2284663915634155, -0.09914973378181458, -5.649570465087891, 0.05135427415370941, -1.0545322895050049, 1.3230611085891724, 15.38074779510498, 1.0, 1.0, 1.0, 1.0, 1.0, 1.0, 1.0, 0.0, 1.0, 1.0, 1.0, 1.0]"
307,0.0,0.0,0.0,0.00017722918710205704,0.0,1319.073486328125,0.0,0.0,0.0,0.0,0.0,0.0,0.6576865315437317,-0.06318316608667374,-0.2956703007221222,-0.2671079635620117,-0.34387099742889404,0.061233244836330414,-0.5591941475868225,0.5183001160621643,-0.4753236174583435,0.3475280702114105,-1.1883223056793213,-0.5677549839019775,0.3634467124938965,-0.4193428158760071,8.264544486999512,"[0.6576865315437317, -0.06318316608667374, -0.2956703007221222, 0.6443486213684082, -0.42094531655311584, 0.023901300504803658, 0.015778042376041412, -0.005099880043417215, -0.999862790107727, 0.699999988079071, 0.0, 0.0, -0.2671079635620117, -0.34387099742889404, 0.061233244836330414, -0.5591941475868225, 0.11830011010169983, -0.07532361149787903, -0.052471935749053955, -7.76052474975586e-05, 0.23224502801895142, -0.43655329942703247, 0.3806571960449219, 7.464544296264648, -0.922669529914856, -1.7587658166885376, -0.09584519267082214, 0.9014062881469727, 1.0296400785446167, -1.9982222318649292, -1.3420448303222656, 0.002452198415994644, -4.680787086486816, 5.878557205200195, 5.804347515106201, 4.715277671813965, -0.48182204365730286, -0.44438546895980835, 0.6684986352920532, -1.042425274848938, 0.26209092140197754, 0.8942044973373413, -0.19451582431793213, -5.778617858886719, -0.22899489104747772, -1.1845567226409912, 1.2390347719192505, 16.051584243774414, 1.0, 1.0, 1.0, 1.0, 1.0, 1.0, 1.0, 0.0, 1.0, 1.0, 1.0, 1.0]"
308,0.0,0.0,0.0,8.072158379945904e-05,0.0,600.791015625,3.0276269171736203e-05,0.0,225.3388671875,0.0,0.0,0.0,0.711075484752655,-0.06910064071416855,-0.11414872109889984,-0.27817028760910034,-0.3493354916572571,0.0658549815416336,-0.50566166639328,0.5325319170951843,-0.49228933453559875,0.357646644115448,-1.188277244567871,-0.6645974516868591,0.43209517002105713,-0.38918209075927734,8.394630432128906,"[0.711075484752655, -0.06910064071416855, -0.11414872109889984, -0.2801346778869629, -0.11198685318231583, 0.1324889212846756, 0.012035174295306206, -0.010469431057572365, -0.9998729228973389, 0.699999988079071, 0.0, 0.0, -0.27817028760910034, -0.3493354916572571, 0.0658549815416336, -0.50566166639328, 0.13253191113471985, -0.09228932857513428, -0.04235336184501648, -3.254413604736328e-05, 0.13540256023406982, -0.3679048418998718, 0.4108179211616516, 7.594630241394043, -0.12396949529647827, 0.33757421374320984, 0.3863981366157532, 4.3750901222229, 0.48233291506767273, -0.45963579416275024, 2.6733264923095703, -0.01364218257367611, -5.025211811065674, 2.6266040802001953, -2.1266579627990723, 7.288965702056885, -0.5288606882095337, -0.15699976682662964, 0.6067382097244263, -1.086199164390564, 0.01690506935119629, 0.8275284767150879, -0.3991266191005707, -5.8553972244262695, -0.1938459724187851, -1.1845585107803345, 1.110931634902954, 16.667268753051758, 1.0, 1.0, 1.0, 1.0, 1.0, 1.0, 1.0, 0.0, 1.0, 1.0, 1.0, 1.0]"
309,0.0,0.0,0.0,5.8081623137695715e-05,0.0,432.2873229980469,3.368366742506623e-05,0.0,250.69931030273438,0.0,0.0,0.0,0.6994287371635437,-0.06427481770515442,0.0004286549228709191,-0.27862927317619324,-0.34309396147727966,0.07116039097309113,-0.43091461062431335,0.525499165058136,-0.48264187574386597,0.3854372203350067,-1.188241958618164,-0.7428663372993469,0.44894370436668396,-0.40029510855674744,8.522951126098633,"[0.6994287371635437, -0.06427481770515442, 0.0004286549228709191, -0.17715415358543396, 0.15203075110912323, 0.08108215034008026, 0.01373840682208538, -0.006287420634180307, -0.9998857975006104, 0.699999988079071, 0.0, 0.0, -0.27862927317619324, -0.34309396147727966, 0.07116039097309113, -0.43091461062431335, 0.1254991590976715, -0.08264186978340149, -0.014562785625457764, 2.7418136596679688e-06, 0.05713367462158203, -0.351056307554245, 0.3997049033641815, 7.7229509353637695, 0.029706353321671486, 0.31890609860420227, 0.2611851096153259, 3.2384114265441895, -0.8650345802307129, 0.6647486686706543, 1.3378571271896362, 0.0013130316510796547, -3.1157476902008057, 0.35178640484809875, -0.5981430411338806, 6.12111234664917, -0.3269142210483551, -0.5279633402824402, 0.7468761205673218, -0.9982542991638184, 0.09561127424240112, 0.7769633531570435, -0.05845150351524353, -5.74957275390625, -0.2887882590293884, -1.1430349349975586, 1.1057332754135132, 16.562549591064453, 1.0, 1.0, 1.0, 1.0, 1.0, 1.0, 1.0, 0.0, 1.0, 1.0, 1.0, 1.0]"
310,0.0,0.0,0.0,4.5074219087837264e-05,0.0,335.4764099121094,3.1558207410853356e-05,0.0,234.88002014160156,0.0,0.0,0.0,0.7042666077613831,-0.0619419626891613,0.022326545789837837,-0.27429503202438354,-0.33802565932273865,0.07456480711698532,-0.38743680715560913,0.49939408898353577,-0.4616725742816925,0.4097146987915039,-1.1882445812225342,-0.7926750779151917,0.4432935118675232,-0.41140902042388916,8.657709121704102,"[0.7042666077613831, -0.0619419626891613, 0.022326545789837837, -0.04137621074914932, 0.2246796041727066, 0.04851739481091499, 0.01781763881444931, -0.004143760539591312, -0.9998323321342468, 0.699999988079071, 0.0, 0.0, -0.27429503202438354, -0.33802565932273865, 0.07456480711698532, -0.38743680715560913, 0.09939408302307129, -0.06167256832122803, 0.009714692831039429, 1.1920928955078125e-07, 0.007324934005737305, -0.35670650005340576, 0.3885909914970398, 7.857708930969238, 0.23985403776168823, 0.19850260019302368, 0.13128235936164856, 1.5675057172775269, -1.519178032875061, 0.984013020992279, 1.2669920921325684, 0.001229860819876194, -1.620013952255249, -0.29441970586776733, -0.6300369501113892, 6.952669620513916, -0.6416786909103394, -0.40993574261665344, 0.5872857570648193, -1.0195910930633545, 0.25040292739868164, 0.7201361656188965, -0.22164294123649597, -5.894004821777344, -0.12295930087566376, -1.246311068534851, 1.3253391981124878, 16.54659080505371, 1.0, 1.0, 1.0, 1.0, 1.0, 1.0, 1.0, 0.0, 1.0, 1.0, 1.0, 1.0]"
311,0.0,0.0,0.0,4.891298885922879e-05,0.0,364.04742431640625,4.053366501466371e-05,0.0,301.68218994140625,0.0,0.0,0.0,0.722507894039154,-0.03831683471798897,0.06398265808820724,-0.274600088596344,-0.33527037501335144,0.07562285661697388,-0.37395745515823364,0.47188979387283325,-0.4346963167190552,0.43082934617996216,-1.1882432699203491,-0.8018984198570251,0.4285103678703308,-0.41638046503067017,8.77103328704834,"[0.722507894039154, -0.03831683471798897, 0.06398265808820724, 0.022331811487674713, 0.19635801017284393, 0.04509611427783966, 0.0217861570417881, -0.004164124373346567, -0.9997541904449463, 0.699999988079071, 0.0, 0.0, -0.274600088596344, -0.33527037501335144, 0.07562285661697388, -0.37395745515823364, 0.07188978791236877, -0.0346963107585907, 0.03082934021949768, 1.430511474609375e-06, -0.0018984079360961914, -0.37148964405059814, 0.3836195468902588, 7.971033096313477, -0.20996053516864777, 0.11809220165014267, 0.029742900282144547, 0.24528245627880096, -1.2262425422668457, 1.3253757953643799, 0.9752706289291382, 0.0021277964115142822, 0.12958255410194397, -0.7682856321334839, -0.0454493872821331, 4.532761573791504, -0.42302244901657104, -0.47918862104415894, 0.49890783429145813, -1.0992655754089355, 0.31886839866638184, 0.7826342582702637, -0.2134927213191986, -5.988446235656738, 0.02799271047115326, -1.3484035730361938, 1.3590112924575806, 16.40424346923828, 1.0, 1.0, 1.0, 1.0, 1.0, 1.0, 1.0, 0.0, 1.0, 1.0, 1.0, 1.0]"
312,0.0,0.0,0.0,5.3652045608032495e-05,0.0,399.3190612792969,4.3261188693577424e-05,0.0,321.9824523925781,0.0,0.0,0.0,0.748066782951355,-0.016034726053476334,0.13196472823619843,-0.2793687582015991,-0.3317590355873108,0.07684600353240967,-0.3809117078781128,0.4550359547138214,-0.39940160512924194,0.442740797996521,-1.1882421970367432,-0.7826314568519592,0.40119266510009766,-0.4045574963092804,8.82580280303955,"[0.748066782951355, -0.016034726053476334, 0.13196472823619843, -0.03903402015566826, 0.19293835759162903, 0.03643641993403435, 0.025458885356783867, -0.0032178605906665325, -0.9996708631515503, 0.699999988079071, 0.0, 0.0, -0.2793687582015991, -0.3317590355873108, 0.07684600353240967, -0.3809117078781128, 0.055035948753356934, 0.0005984008312225342, 0.04274079203605652, 2.5033950805664062e-06, 0.017368555068969727, -0.3988073468208313, 0.39544251561164856, 8.025802612304688, -0.26684069633483887, 0.15919077396392822, 0.056660547852516174, -0.8056296110153198, -0.6787997484207153, 1.7346599102020264, 0.4897323548793793, 0.002593550831079483, 1.6766140460968018, -1.3468997478485107, 0.810884952545166, 1.6365058422088623, -0.4686312973499298, -0.39171189069747925, 0.4277188181877136, -1.2849986553192139, 0.34598881006240845, 0.8436616659164429, -0.3303190767765045, -6.174589157104492, 0.21588270366191864, -1.5045245885849, 1.4388712644577026, 16.22821044921875, 1.0, 1.0, 1.0, 1.0, 1.0, 1.0, 1.0, 0.0, 1.0, 1.0, 1.0, 1.0]"
313,0.0,0.0,0.0,4.731658918899484e-05,0.0,352.16583251953125,4.138361327932216e-05,0.0,308.0081481933594,0.0,0.0,0.0,0.7757538557052612,0.000404070335207507,0.18458350002765656,-0.28228959441185,-0.32740533351898193,0.07843276858329773,-0.4160141348838806,0.4485757350921631,-0.35439395904541016,0.44511741399765015,-1.1882435083389282,-0.736481249332428,0.3591899275779724,-0.3755694329738617,8.825243949890137,"[0.7757538557052612, 0.000404070335207507, 0.18458350002765656, -0.11422711610794067, 0.17955826222896576, 0.029095660895109177, 0.028920136392116547, -0.0012334443163126707, -0.9995811581611633, 0.699999988079071, 0.0, 0.0, -0.28228959441185, -0.32740533351898193, 0.07843276858329773, -0.4160141348838806, 0.04857572913169861, 0.04560604691505432, 0.04511740803718567, 1.1920928955078125e-06, 0.06351876258850098, -0.44081008434295654, 0.42443057894706726, 8.025243759155273, -0.06453046202659607, 0.23558413982391357, 0.10168713331222534, -2.3653671741485596, -0.1884026825428009, 2.2559142112731934, 0.01906636543571949, 0.0009529013186693192, 2.803673028945923, -2.1882126331329346, 1.6590300798416138, -1.3511097431182861, -0.3127317726612091, -0.4199941158294678, 0.3790879547595978, -1.5193554162979126, 0.31381070613861084, 0.9003278017044067, -0.35694923996925354, -6.3209991455078125, 0.41885966062545776, -1.7434020042419434, 1.4961717128753662, 15.846363067626953, 1.0, 1.0, 1.0, 1.0, 1.0, 1.0, 1.0, 0.0, 1.0, 1.0, 1.0, 1.0]"
314,0.0,0.0,0.0,4.365279892226681e-05,0.0,324.8971252441406,3.273498805356212e-05,0.0,243.63851928710938,0.0,0.0,0.0,0.7993283271789551,0.003941492643207312,0.21545305848121643,-0.2752559185028076,-0.3202519118785858,0.08250745385885239,-0.4784867465496063,0.44715946912765503,-0.30163803696632385,0.4385404884815216,-1.188242793083191,-0.6657095551490784,0.30371803045272827,-0.33162280917167664,8.766867637634277,"[0.7993283271789551, 0.003941492643207312, 0.21545305848121643, -0.2829376757144928, 0.2283821702003479, 0.011733710765838623, 0.032753393054008484, 0.0035925726406276226, -0.9994572997093201, 0.699999988079071, 0.0, 0.0, -0.2752559185028076, -0.3202519118785858, 0.08250745385885239, -0.4784867465496063, 0.04715946316719055, 0.09836196899414062, 0.03854048252105713, 1.9073486328125e-06, 0.13429045677185059, -0.4962819814682007, 0.4683772027492523, 7.966867446899414, 0.6139993667602539, 0.39080971479415894, 0.262038916349411, -3.5680642127990723, -0.18010735511779785, 2.6214234828948975, -0.382490873336792, 0.0019488707184791565, 4.352460861206055, -2.814951181411743, 2.288351058959961, -4.311290740966797, -0.2352011799812317, -0.43826645612716675, 0.4027978479862213, -1.6452031135559082, 0.024595022201538086, 0.886035680770874, -0.21071019768714905, -6.307785987854004, 0.7790757417678833, -2.01957368850708, 1.4146088361740112, 15.234071731567383, 1.0, 1.0, 1.0, 1.0, 1.0, 1.0, 1.0, 0.0, 1.0, 1.0, 1.0, 1.0]"
315,0.0,0.0,0.0,1.64122993737692e-05,0.0,122.1527328491211,1.3547092748922296e-05,0.0,100.82769775390625,0.0,0.0,0.0,0.8091756105422974,-0.006963833700865507,0.16654369235038757,-0.25214508175849915,-0.30958351492881775,0.09029457718133926,-0.5562040209770203,0.43561530113220215,-0.2438913881778717,0.4313720464706421,-1.1882327795028687,-0.5633528232574463,0.2355528622865677,-0.2901115119457245,8.661335945129395,"[0.8091756105422974, -0.006963833700865507, 0.16654369235038757, -0.5432385206222534, 0.387539267539978, 0.016396772116422653, 0.03908858075737953, 0.011888694949448109, -0.9991652369499207, 0.699999988079071, 0.0, 0.0, -0.25214508175849915, -0.30958351492881775, 0.09029457718133926, -0.5562040209770203, 0.03561529517173767, 0.15610861778259277, 0.03137204051017761, 1.1920928955078125e-05, 0.23664718866348267, -0.5644471645355225, 0.5098885297775269, 7.861335754394531, 1.4866111278533936, 0.6661203503608704, 0.5142781734466553, -3.7987332344055176, -0.9479885697364807, 2.9085586071014404, -0.0677352026104927, -0.012030893936753273, 5.565404415130615, -3.5836939811706543, 1.5509248971939087, -5.645268440246582, -0.39135825634002686, -0.3061090409755707, 0.28298255801200867, -1.4808356761932373, -0.48023539781570435, -0.20826426148414612, -0.2273571789264679, -6.047159194946289, 1.1436268091201782, -1.704458475112915, 0.8164985775947571, 14.674858093261719, 1.0, 1.0, 1.0, 1.0, 1.0, 1.0, 1.0, 0.0, 1.0, 1.0, 1.0, 1.0]"
316,4.157264993409626e-05,0.0,309.4150695800781,0.0,0.0,0.0,0.0,0.0,0.0,0.0,0.0,0.0,0.7462482452392578,-0.018556982278823853,0.1704050898551941,-0.24047383666038513,-0.2996671199798584,0.1043117344379425,-0.6108922958374023,0.44323405623435974,-0.20608238875865936,0.43207377195358276,-1.1882461309432983,-0.5457375049591064,0.20299305021762848,-0.3416665494441986,8.554008483886719,"[0.7462482452392578, -0.018556982278823853, 0.1704050898551941, -0.8090452551841736, 0.1911388486623764, 0.011654453352093697, 0.04444307088851929, 0.01994387060403824, -0.9988129734992981, 0.699999988079071, 0.0, 0.0, -0.24047383666038513, -0.2996671199798584, 0.1043117344379425, -0.6108922958374023, 0.043234050273895264, 0.19391761720180511, 0.032073765993118286, -1.430511474609375e-06, 0.2542625069618225, -0.5970069766044617, 0.45833346247673035, 7.7540082931518555, 0.7870681881904602, 0.8295308947563171, 1.2945711612701416, 0.605025589466095, 1.0321223735809326, 0.4945894479751587, -0.21138232946395874, -0.003920685965567827, -0.14980512857437134, 0.96513432264328, -4.039071559906006, -4.820619106292725, -0.20372292399406433, -0.6628521084785461, -0.04466227814555168, -1.3464469909667969, -0.6371809244155884, -1.4976950883865356, -0.13351935148239136, -6.014317512512207, 1.1076956987380981, -0.8822946548461914, 0.10149092972278595, 14.133976936340332, 1.0, 1.0, 1.0, 1.0, 1.0, 1.0, 1.0, 0.0, 1.0, 1.0, 1.0, 1.0]"
317,4.5844335545552894e-05,0.0,341.20819091796875,0.0,0.0,0.0,0.0,0.0,0.0,0.0,0.0,0.0,0.613362193107605,0.001115341205149889,0.1193874254822731,-0.2416117787361145,-0.30677610635757446,0.10326430946588516,-0.6109490394592285,0.4517151415348053,-0.25760841369628906,0.4207623600959778,-1.1882468461990356,-0.5288583636283875,0.2916495203971863,-0.43805596232414246,8.4131441116333,"[0.613362193107605, 0.001115341205149889, 0.1193874254822731, 0.42122501134872437, -0.008182398043572903, 0.14882567524909973, 0.04573605954647064, 0.019144224002957344, -0.9987701773643494, 0.699999988079071, 0.0, 0.0, -0.2416117787361145, -0.30677610635757446, 0.10326430946588516, -0.6109490394592285, 0.05171513557434082, 0.14239159226417542, 0.020762354135513306, -2.1457672119140625e-06, 0.2711416482925415, -0.5083504915237427, 0.3619440495967865, 7.6131439208984375, -0.4793713092803955, -0.9955945014953613, -0.6884950995445251, 0.272072434425354, 0.329037606716156, -4.321606159210205, -0.7156164050102234, -0.004738001152873039, 0.9360060691833496, 5.586081027984619, -5.347082138061523, -7.178625106811523, -0.1597767174243927, -0.7683308124542236, 0.045963723212480545, -1.3708807229995728, -0.3294227719306946, -1.55162513256073, -0.05033770203590393, -6.10856819152832, 0.9588760137557983, -0.44031837582588196, 0.015385821461677551, 14.109403610229492, 1.0, 1.0, 1.0, 1.0, 1.0, 1.0, 1.0, 0.0, 1.0, 1.0, 1.0, 1.0]"
318,2.9281385650392622e-05,0.0,217.9342041015625,0.0,0.0,0.0,0.0,0.0,0.0,0.0,0.0,0.0,0.5609560608863831,-0.00806452427059412,-0.0014167154440656304,-0.25620973110198975,-0.3387352228164673,0.08122951537370682,-0.6104522943496704,0.4544098675251007,-0.3724905550479889,0.40532544255256653,-1.1882338523864746,-0.5008056163787842,0.38459640741348267,-0.547676146030426,8.267744064331055,"[0.5609560608863831, -0.00806452427059412, -0.0014167154440656304, 0.7723988890647888, -0.2299472987651825, 0.16375209391117096, 0.043368689715862274, 0.004544495139271021, -0.9990490078926086, 0.699999988079071, 0.0, 0.0, -0.25620973110198975, -0.3387352228164673, 0.08122951537370682, -0.6104522943496704, 0.05440986156463623, 0.027509450912475586, 0.005325436592102051, 1.0848045349121094e-05, 0.2991943955421448, -0.4154036045074463, 0.25232386589050293, 7.467743873596191, -0.9099576473236084, -1.7748911380767822, -1.1272400617599487, 0.04557260498404503, 0.3809996545314789, -6.184267520904541, -0.8810428977012634, -0.005302888341248035, 1.0851987600326538, 4.077426910400391, -4.390888690948486, -6.876522064208984, -0.07223471999168396, -0.7446544170379639, -0.01454339548945427, -1.2156314849853516, -0.21075540781021118, -0.28453823924064636, -0.03725758194923401, -5.749654769897461, 1.0495234727859497, -0.3352118730545044, 0.22980161011219025, 14.416240692138672, 1.0, 1.0, 1.0, 1.0, 1.0, 1.0, 1.0, 0.0, 1.0, 1.0, 1.0, 1.0]"
319,1.1843728316307534e-05,0.0,88.14997863769531,0.0,0.0,0.0,0.0,0.0,0.0,0.0,0.0,0.0,0.6009419560432434,-0.04680943116545677,-0.13798010349273682,-0.265290766954422,-0.3634265661239624,0.06677784770727158,-0.5941364765167236,0.46498414874076843,-0.4700775444507599,0.38282066583633423,-1.1882404088974,-0.47435060143470764,0.42030373215675354,-0.560361385345459,8.202364921569824,"[0.6009419560432434, -0.04680943116545677, -0.13798010349273682, 0.37884730100631714, -0.5777961015701294, 0.09300383925437927, 0.034539200365543365, -0.005575293209403753, -0.9993880987167358, 0.699999988079071, 0.0, 0.0, -0.265290766954422, -0.3634265661239624, 0.06677784770727158, -0.5941364765167236, 0.06498414278030396, -0.07007753849029541, -0.01717934012413025, 4.291534423828125e-06, 0.3256494104862213, -0.3796962797641754, 0.23963862657546997, 7.402364730834961, -0.38352590799331665, -0.6873323321342468, -0.563858151435852, 1.1506866216659546, 0.8043845891952515, -3.3561248779296875, -1.2784652709960938, -0.00416627898812294, 1.083189606666565, -0.7967037558555603, 2.1730780601501465, -0.7998285293579102, -0.3746046721935272, -0.2818288207054138, -0.05168531462550163, -1.2661049365997314, 0.04171550273895264, 1.3093926906585693, -0.09644028544425964, -5.622246742248535, 0.6695117950439453, -0.9241088628768921, 1.0392578840255737, 14.934900283813477, 1.0, 1.0, 1.0, 1.0, 1.0, 1.0, 1.0, 0.0, 1.0, 1.0, 1.0, 1.0]"
320,0.0,0.0,0.0,0.0,0.0,0.0,0.0,0.0,0.0,0.0,0.0,0.0,0.6784464716911316,-0.09254983812570572,-0.3411608338356018,-0.2662270665168762,-0.35067087411880493,0.06048998236656189,-0.5748803019523621,0.4905315637588501,-0.4821850061416626,0.3587314486503601,-1.1882447004318237,-0.4986131489276886,0.36688682436943054,-0.47277384996414185,8.22767162322998,"[0.6784464716911316, -0.09254983812570572, -0.3411608338356018, 0.021284623071551323, -0.790702760219574, 0.050055090337991714, 0.020095625892281532, -0.009600249119102955, -0.9997519254684448, 0.699999988079071, 0.0, 0.0, -0.2662270665168762, -0.35067087411880493, 0.06048998236656189, -0.5748803019523621, 0.09053155779838562, -0.08218500018119812, -0.04126855731010437, 0.0, 0.30138686299324036, -0.4331131875514984, 0.3272261619567871, 7.427671432495117, 0.13384325802326202, 1.504194736480713, 0.042480822652578354, 0.9769471883773804, 1.7490451335906982, 0.9089183211326599, -1.0818676948547363, 6.650303839705884e-05, -4.188279628753662, -3.1518588066101074, 5.099750995635986, 2.8735880851745605, -0.46764644980430603, -0.3611904978752136, 0.5865039229393005, -1.182893991470337, 0.2755625247955322, 0.9543174505233765, -0.07798787951469421, -5.688738822937012, -0.15539874136447906, -1.0975689888000488, 1.2557672262191772, 15.665543556213379, 1.0, 1.0, 1.0, 1.0, 1.0, 1.0, 1.0, 0.0, 1.0, 1.0, 1.0, 1.0]"
321,0.0,0.0,0.0,8.759368938626722e-05,0.0,651.9384155273438,9.770178439794108e-05,0.0,727.1705322265625,0.0,0.0,0.0,0.6954562664031982,-0.05945510044693947,-0.24904893338680267,-0.2756617069244385,-0.35288670659065247,0.055150002241134644,-0.5546093583106995,0.5169948935508728,-0.4879927337169647,0.33773091435432434,-1.188034176826477,-0.5987690687179565,0.40978798270225525,-0.3791672885417938,8.32524585723877,"[0.6954562664031982, -0.05945510044693947, -0.24904893338680267, 0.6076911091804504, -0.167884960770607, 0.11499899625778198, 0.012109177187085152, -0.020742857828736305, -0.9997119307518005, 0.699999988079071, 0.0, 0.0, -0.2756617069244385, -0.35288670659065247, 0.055150002241134644, -0.5546093583106995, 0.11699488759040833, -0.08799272775650024, -0.06226909160614014, 0.0002105236053466797, 0.2012309432029724, -0.3902120292186737, 0.42083272337913513, 7.525245666503906, -0.7077651619911194, -0.5804764032363892, -1.8633427619934082, 1.841178297996521, 0.9101793169975281, -0.730073869228363, 0.7445539236068726, 0.06836923956871033, -4.504983901977539, 3.144805669784546, -0.22162199020385742, 5.987045764923096, -0.6180860996246338, -0.3901940882205963, 0.6220795512199402, -1.0674033164978027, 0.20903849601745605, 0.810082197189331, -0.310749888420105, -5.70701789855957, -0.08293817937374115, -1.400950312614441, 1.1618319749832153, 16.202383041381836, 1.0, 1.0, 1.0, 1.0, 1.0, 1.0, 1.0, 0.0, 1.0, 1.0, 1.0, 1.0]"
322,0.0,0.0,0.0,7.05058264429681e-05,0.0,524.7576293945312,6.889054202474654e-05,0.0,512.7354125976562,0.0,0.0,0.0,0.7050198912620544,-0.056809280067682266,-0.03247006610035896,-0.28073838353157043,-0.35046523809432983,0.05700046196579933,-0.4801446199417114,0.5281518697738647,-0.48629245162010193,0.37532538175582886,-1.1882054805755615,-0.6864612102508545,0.44483092427253723,-0.4029650390148163,8.44869613647461,"[0.7050198912620544, -0.056809280067682266, -0.03247006610035896, -0.1356687843799591, 0.02040540985763073, 0.1076013445854187, 0.010685182176530361, -0.019768567755818367, -0.9997474551200867, 0.699999988079071, 0.0, 0.0, -0.28073838353157043, -0.35046523809432983, 0.05700046196579933, -0.4801446199417114, 0.12815186381340027, -0.08629244565963745, -0.02467462420463562, 3.921985626220703e-05, 0.11353880167007446, -0.3551690876483917, 0.39703497290611267, 7.648695945739746, -0.2905515432357788, 0.23805871605873108, 0.17805996537208557, 3.854684829711914, 0.25342777371406555, 0.38209837675094604, 1.5886164903640747, -0.004951451905071735, -4.546168804168701, 1.0472582578659058, -0.7860516309738159, 5.882771015167236, -0.4831909239292145, -0.4450002610683441, 0.7762751579284668, -1.0811266899108887, 0.00774461030960083, 0.7687109708786011, -0.21688726544380188, -5.91349983215332, -0.3143123984336853, -1.1049188375473022, 1.1571060419082642, 16.573184967041016, 1.0, 1.0, 1.0, 1.0, 1.0, 1.0, 1.0, 0.0, 1.0, 1.0, 1.0, 1.0]"
323,0.0,0.0,0.0,4.803199408343062e-05,0.0,357.49041748046875,3.614317029132508e-05,0.0,269.0047607421875,0.0,0.0,0.0,0.6951403021812439,-0.050835732370615005,0.035881005227565765,-0.28660911321640015,-0.3463863730430603,0.05878882110118866,-0.4196281433105469,0.5183035731315613,-0.46749404072761536,0.39819076657295227,-1.1882362365722656,-0.7600070834159851,0.44621390104293823,-0.4076312482357025,8.579485893249512,"[0.6951403021812439, -0.050835732370615005, 0.035881005227565765, -0.041727375239133835, 0.11984580755233765, 0.09399540722370148, 0.012473076581954956, -0.01832744851708412, -0.9997543692588806, 0.699999988079071, 0.0, 0.0, -0.28660911321640015, -0.3463863730430603, 0.05878882110118866, -0.4196281433105469, 0.1183035671710968, -0.06749403476715088, -0.001809239387512207, 8.463859558105469e-06, 0.03999292850494385, -0.3537861108779907, 0.39236876368522644, 7.779485702514648, -0.25028547644615173, 0.19471774995326996, 0.08471861481666565, 2.510129928588867, -0.9368948936462402, 0.9394984841346741, 1.1532866954803467, -0.003721472807228565, -2.85650634765625, -0.06750890612602234, -0.26083260774612427, 7.062263488769531, -0.5382011532783508, -0.4561997652053833, 0.6540800333023071, -1.005518913269043, 0.1893371343612671, 0.7089114189147949, -0.1305599808692932, -5.8456220626831055, -0.2030865103006363, -1.2149277925491333, 1.2356892824172974, 16.5740909576416, 1.0, 1.0, 1.0, 1.0, 1.0, 1.0, 1.0, 0.0, 1.0, 1.0, 1.0, 1.0]"
324,0.0,0.0,0.0,4.651998096960597e-05,0.0,346.2368469238281,3.4834731195587665e-05,0.0,259.2663879394531,0.0,0.0,0.0,0.703434944152832,-0.04704173281788826,0.05014326423406601,-0.2886880934238434,-0.34225696325302124,0.06068975105881691,-0.3871843218803406,0.49406105279922485,-0.44347378611564636,0.41763266921043396,-1.1882426738739014,-0.7943357825279236,0.43723538517951965,-0.4085109233856201,8.711779594421387,"[0.703434944152832, -0.04704173281788826, 0.05014326423406601, -0.0835253968834877, 0.16751888394355774, 0.06757456809282303, 0.015356574207544327, -0.017008399590849876, -0.9997374415397644, 0.699999988079071, 0.0, 0.0, -0.2886880934238434, -0.34225696325302124, 0.06068975105881691, -0.3871843218803406, 0.09406104683876038, -0.043473780155181885, 0.017632663249969482, 2.0265579223632812e-06, 0.005664229393005371, -0.3627646267414093, 0.39148908853530884, 7.911779403686523, -0.05298711732029915, 0.23100434243679047, 0.1263398826122284, 1.1997119188308716, -1.3062371015548706, 1.1153072118759155, 0.9891248345375061, -0.00045884866267442703, -0.8319560885429382, -0.41611039638519287, -0.07483592629432678, 5.971487045288086, -0.5062852501869202, -0.46953916549682617, 0.5681570768356323, -1.032943844795227, 0.26563000679016113, 0.7365049123764038, -0.17533382773399353, -5.912143707275391, -0.05372445285320282, -1.3019840717315674, 1.3377429246902466, 16.52467918395996, 1.0, 1.0, 1.0, 1.0, 1.0, 1.0, 1.0, 0.0, 1.0, 1.0, 1.0, 1.0]"
325,0.0,0.0,0.0,5.128191696712747e-05,0.0,381.67877197265625,4.221722701913677e-05,0.0,314.2125244140625,0.0,0.0,0.0,0.7268232703208923,-0.03144371882081032,0.0996025949716568,-0.28915172815322876,-0.3367719054222107,0.06395357102155685,-0.37547028064727783,0.4718063473701477,-0.4134925901889801,0.43180564045906067,-1.1882425546646118,-0.7905872464179993,0.4179811477661133,-0.4011998772621155,8.804228782653809,"[0.7268232703208923, -0.03144371882081032, 0.0996025949716568, -0.13120973110198975, 0.19728679955005646, 0.052853599190711975, 0.018983038142323494, -0.014239379204809666, -0.9997183680534363, 0.699999988079071, 0.0, 0.0, -0.28915172815322876, -0.3367719054222107, 0.06395357102155685, -0.37547028064727783, 0.07180634140968323, -0.013492584228515625, 0.03180563449859619, 2.1457672119140625e-06, 0.009412765502929688, -0.3820188641548157, 0.3988001346588135, 8.004228591918945, -0.07826258987188339, 0.2728462815284729, 0.1507091373205185, 0.17664235830307007, -0.9904860854148865, 1.5010261535644531, 0.6697638034820557, -0.0024790940806269646, 0.8449816703796387, -1.0578967332839966, 0.4475610554218292, 3.703383684158325, -0.49366673827171326, -0.433683842420578, 0.49204614758491516, -1.16482412815094, 0.3190572261810303, 0.8269363641738892, -0.2586424648761749, -6.051794052124023, 0.11421065032482147, -1.4099127054214478, 1.410656452178955, 16.384828567504883, 1.0, 1.0, 1.0, 1.0, 1.0, 1.0, 1.0, 0.0, 1.0, 1.0, 1.0, 1.0]"
326,0.0,0.0,0.0,5.3031137213110924e-05,0.0,394.69775390625,4.456732494872995e-05,0.0,331.7037048339844,0.0,0.0,0.0,0.7543838620185852,-0.01150414627045393,0.15944109857082367,-0.2913738489151001,-0.33130404353141785,0.06658806651830673,-0.3913635313510895,0.4584527015686035,-0.3738105297088623,0.43812066316604614,-1.1882425546646118,-0.7586305737495422,0.3831123411655426,-0.38008782267570496,8.839523315429688,"[0.7543838620185852, -0.01150414627045393, 0.15944109857082367, -0.12191618978977203, 0.19905030727386475, 0.0500851571559906, 0.02280786633491516, -0.011515513062477112, -0.9996738433837891, 0.699999988079071, 0.0, 0.0, -0.2913738489151001, -0.33130404353141785, 0.06658806651830673, -0.3913635313510895, 0.05845269560813904, 0.026189476251602173, 0.038120657205581665, 2.1457672119140625e-06, 0.04136943817138672, -0.41688767075538635, 0.419912189245224, 8.039523124694824, -0.1345795840024948, 0.25951600074768066, 0.1078673005104065, -1.4077057838439941, -0.5341947078704834, 1.9597973823547363, 0.24817587435245514, -0.002858794294297695, 2.21441388130188, -1.7866016626358032, 1.2011115550994873, 0.4140529930591583, -0.42769020795822144, -0.40148159861564636, 0.4260176718235016, -1.3739731311798096, 0.3360273241996765, 0.8864554166793823, -0.35644713044166565, -6.223615646362305, 0.31224799156188965, -1.6172740459442139, 1.4866212606430054, 16.106990814208984, 1.0, 1.0, 1.0, 1.0, 1.0, 1.0, 1.0, 0.0, 1.0, 1.0, 1.0, 1.0]"
327,0.0,0.0,0.0,4.858519969275221e-05,0.0,361.6077575683594,4.129232547711581e-05,0.0,307.3287048339844,0.0,0.0,0.0,0.7811171412467957,-0.001001611235551536,0.205135315656662,-0.2894802689552307,-0.3242129385471344,0.07041250169277191,-0.43724334239959717,0.45316052436828613,-0.32540637254714966,0.4349733293056488,-1.1882431507110596,-0.7021291851997375,0.3344001770019531,-0.34233593940734863,8.813907623291016,"[0.7811171412467957, -0.001001611235551536, 0.205135315656662, -0.2530268728733063, 0.21065184473991394, 0.03944949805736542, 0.02662683092057705, -0.0070697539485991, -0.9996201992034912, 0.699999988079071, 0.0, 0.0, -0.2894802689552307, -0.3242129385471344, 0.07041250169277191, -0.43724334239959717, 0.053160518407821655, 0.07459363341331482, 0.034973323345184326, 1.5497207641601562e-06, 0.0978708267211914, -0.46559983491897583, 0.4576640725135803, 8.013907432556152, 0.24075087904930115, 0.3796977698802948, 0.2218458652496338, -2.8550326824188232, -0.19999045133590698, 2.3674004077911377, -0.22068141400814056, -0.0037797708064317703, 3.342773199081421, -2.4549427032470703, 2.003324031829834, -2.8026723861694336, -0.2726757526397705, -0.46293216943740845, 0.4033486545085907, -1.6018743515014648, 0.25378549098968506, 0.9387911558151245, -0.3223319351673126, -6.3255133628845215, 0.5401980876922607, -1.871666669845581, 1.5116031169891357, 15.58960247039795, 1.0, 1.0, 1.0, 1.0, 1.0, 1.0, 1.0, 0.0, 1.0, 1.0, 1.0, 1.0]"
328,0.0,0.0,0.0,3.830782225122675e-05,0.0,285.1157531738281,2.7429701731307432e-05,0.0,204.15255737304688,0.0,0.0,0.0,0.8028916120529175,-0.005834078881889582,0.20870035886764526,-0.2749834954738617,-0.31436023116111755,0.0770522728562355,-0.5087959170341492,0.44841912388801575,-0.269414484500885,0.4254585802555084,-1.1882414817810059,-0.6192958950996399,0.2716338634490967,-0.295171856880188,8.728859901428223,"[0.8028916120529175, -0.005834078881889582, 0.20870035886764526, -0.40896743535995483, 0.2951710522174835, 0.01674867607653141, 0.031502772122621536, 0.00023271283134818077, -0.9995034337043762, 0.699999988079071, 0.0, 0.0, -0.2749834954738617, -0.31436023116111755, 0.0770522728562355, -0.5087959170341492, 0.04841911792755127, 0.13058552145957947, 0.025458574295043945, 3.2186508178710938e-06, 0.18070411682128906, -0.5283661484718323, 0.504828155040741, 7.928859710693359, 1.01847505569458, 0.5351096987724304, 0.3881528973579407, -3.881150960922241, -0.5038098692893982, 2.7973074913024902, -0.40387558937072754, -0.00810388382524252, 5.17512321472168, -3.282626152038574, 2.1838910579681396, -5.159574031829834, -0.3181329369544983, -0.36996278166770935, 0.4700867235660553, -1.622979760169983, -0.23553615808486938, 0.7134754657745361, -0.1642768383026123, -6.209259510040283, 1.0492048263549805, -2.072695732116699, 1.2768795490264893, 14.949167251586914, 1.0, 1.0, 1.0, 1.0, 1.0, 1.0, 1.0, 0.0, 1.0, 1.0, 1.0, 1.0]"
329,7.239389378810301e-05,0.0,538.8099975585938,0.0,0.0,0.0,0.0,0.0,0.0,0.0,0.0,0.0,0.8065618872642517,-0.014682990498840809,0.12605243921279907,-0.2503708600997925,-0.3014723062515259,0.08853388577699661,-0.5870162844657898,0.43055135011672974,-0.21408915519714355,0.42272037267684937,-1.1882332563400269,-0.5203888416290283,0.2006441205739975,-0.2928870618343353,8.61383056640625,"[0.8065618872642517, -0.014682990498840809, 0.12605243921279907, -0.27094605565071106, 0.33644241094589233, 0.012914923019707203, 0.03969874605536461, 0.0104454280808568, -0.9991570115089417, 0.699999988079071, 0.0, 0.0, -0.2503708600997925, -0.3014723062515259, 0.08853388577699661, -0.5870162844657898, 0.03055134415626526, 0.18591085076332092, 0.022720366716384888, 1.1444091796875e-05, 0.27961117029190063, -0.5993558764457703, 0.507112979888916, 7.813830375671387, 0.24650409817695618, 0.40047574043273926, 0.5116073489189148, -4.110637664794922, 0.5953885316848755, 2.621497631072998, 0.28676989674568176, -0.0188213512301445, 0.4927833080291748, -4.098311901092529, -2.9471168518066406, -5.86855936050415, -0.2690396010875702, -0.5555256009101868, -0.11120925843715668, -1.2108560800552368, -0.552632212638855, -1.0586878061294556, -0.13761411607265472, -5.87502384185791, 1.1229578256607056, -1.2185733318328857, 0.34284573793411255, 14.495189666748047, 1.0, 1.0, 1.0, 1.0, 1.0, 1.0, 1.0, 0.0, 1.0, 1.0, 1.0, 1.0]"
330,5.7386921980651096e-05,0.0,427.1168212890625,0.0,0.0,0.0,0.0,0.0,0.0,0.0,0.0,0.0,0.6850440502166748,-0.005750658456236124,0.12485064566135406,-0.24444198608398438,-0.2982276380062103,0.09636625647544861,-0.6109849214553833,0.4538354277610779,-0.22382259368896484,0.42075315117836,-1.188246726989746,-0.5304263830184937,0.2516261339187622,-0.3759617209434509,8.500154495239258,"[0.6850440502166748, -0.005750658456236124, 0.12485064566135406, -0.22175805270671844, 0.18861974775791168, 0.09114668518304825, 0.04462868347764015, 0.017277972772717476, -0.9988542795181274, 0.699999988079071, 0.0, 0.0, -0.24444198608398438, -0.2982276380062103, 0.09636625647544861, -0.6109849214553833, 0.0538354218006134, 0.17617741227149963, 0.020753145217895508, -2.0265579223632812e-06, 0.2695736289024353, -0.5483738780021667, 0.424038290977478, 7.7001543045043945, 0.16655214130878448, -0.2462279051542282, 0.016480106860399246, 0.24312113225460052, 0.9698949456214905, -2.5093321800231934, -0.4325495958328247, -0.003591107204556465, -0.17212095856666565, 6.02155876159668, -4.262794017791748, -6.625849723815918, -0.14671668410301208, -0.8371402621269226, 0.05063315108418465, -1.4144207239151, -0.5656341314315796, -1.6783826351165771, -0.13034752011299133, -6.099186420440674, 0.9994148015975952, -0.5605255365371704, -0.01968686282634735, 13.94080638885498, 1.0, 1.0, 1.0, 1.0, 1.0, 1.0, 1.0, 0.0, 1.0, 1.0, 1.0, 1.0]"
331,4.158731462666765e-05,0.0,309.52423095703125,0.0,0.0,0.0,0.0,0.0,0.0,0.0,0.0,0.0,0.5891217589378357,0.0014438196085393429,0.06333459168672562,-0.2547203004360199,-0.3262473940849304,0.07711730897426605,-0.6109510064125061,0.46046018600463867,-0.31792765855789185,0.4097484052181244,-1.1882401704788208,-0.5132781863212585,0.3536160886287689,-0.4918513000011444,8.353517532348633,"[0.5891217589378357, 0.0014438196085393429, 0.06333459168672562, 0.6976916790008545, -0.019601337611675262, 0.14278832077980042, 0.04616966471076012, 0.007696264889091253, -0.9989039301872253, 0.699999988079071, 0.0, 0.0, -0.2547203004360199, -0.3262473940849304, 0.07711730897426605, -0.6109510064125061, 0.060460180044174194, 0.08207234740257263, 0.009748399257659912, 4.5299530029296875e-06, 0.2867218255996704, -0.44638392329216003, 0.30814871191978455, 7.5535173416137695, -0.8488089442253113, -1.859313726425171, -1.1876546144485474, 0.18083590269088745, 0.4042005240917206, -5.605996608734131, -0.6283262372016907, -0.005445655435323715, 0.6436353921890259, 4.075322151184082, -6.168420791625977, -7.313073635101318, -0.026820925995707512, -0.7839618921279907, 0.046837229281663895, -1.2944506406784058, -0.30703407526016235, -0.9701402187347412, -0.04755762219429016, -6.005336761474609, 0.9851788282394409, -0.3337642252445221, 0.019289687275886536, 14.192621231079102, 1.0, 1.0, 1.0, 1.0, 1.0, 1.0, 1.0, 0.0, 1.0, 1.0, 1.0, 1.0]"
332,2.485675759089645e-05,0.0,185.00277709960938,0.0,0.0,0.0,0.0,0.0,0.0,0.0,0.0,0.0,0.5737360715866089,-0.03258896246552467,-0.06254775077104568,-0.26581916213035583,-0.36352095007896423,0.05981023609638214,-0.6068196296691895,0.46757346391677856,-0.43796199560165405,0.3921589255332947,-1.1882346868515015,-0.489487886428833,0.42809268832206726,-0.5735752582550049,8.220754623413086,"[0.5737360715866089, -0.03258896246552467, -0.06254775077104568, 0.4725099205970764, -0.35749107599258423, 0.09384246170520782, 0.04200899973511696, -0.00426829606294632, -0.999107837677002, 0.699999988079071, 0.0, 0.0, -0.26581916213035583, -0.36352095007896423, 0.05981023609638214, -0.6068196296691895, 0.06757345795631409, -0.037961989641189575, -0.0078410804271698, 1.0013580322265625e-05, 0.31051212549209595, -0.3719073235988617, 0.22642475366592407, 7.420754432678223, -0.538538932800293, -1.647951602935791, -0.6275912523269653, 0.5319721698760986, 0.6446563601493835, -5.604179859161377, -1.0579063892364502, -0.004376201890408993, 0.9704520106315613, 2.872732639312744, -1.7956407070159912, -5.0311198234558105, -0.26061132550239563, -0.6096470952033997, -0.14337803423404694, -1.1655746698379517, -0.15044140815734863, 0.4286406934261322, -0.015446394681930542, -5.647598743438721, 0.9424777030944824, -0.5043493509292603, 0.4928330183029175, 14.572457313537598, 1.0, 1.0, 1.0, 1.0, 1.0, 1.0, 1.0, 0.0, 1.0, 1.0, 1.0, 1.0]"
333,0.0,0.0,0.0,0.0,0.0,0.0,0.0,0.0,0.0,0.0,0.0,0.0,0.6385071873664856,-0.0732094869017601,-0.21905355155467987,-0.2703346014022827,-0.3772082030773163,0.05107767507433891,-0.58431476354599,0.48496943712234497,-0.5041751265525818,0.37037405371665955,-1.1882447004318237,-0.4773821532726288,0.4200214445590973,-0.5434668064117432,8.201730728149414,"[0.6385071873664856, -0.0732094869017601, -0.21905355155467987, 0.15355707705020905, -0.6406065225601196, 0.06307438760995865, 0.03097115457057953, -0.010291684418916702, -0.9994674324989319, 0.699999988079071, 0.0, 0.0, -0.2703346014022827, -0.3772082030773163, 0.05107767507433891, -0.58431476354599, 0.0849694311618805, -0.10417512059211731, -0.02962595224380493, 0.0, 0.32261785864830017, -0.37997856736183167, 0.2565332055091858, 7.401730537414551, -0.07350513339042664, 0.13196459412574768, -0.2609715163707733, 1.3908380270004272, 1.2471668720245361, -1.5958378314971924, -1.1422359943389893, 6.551867409143597e-05, -1.029800534248352, -2.615499496459961, 3.8233420848846436, 1.1791903972625732, -0.5448301434516907, -0.21432343125343323, 0.3470345139503479, -1.258125901222229, 0.14411723613739014, 1.2906558513641357, -0.1319577693939209, -5.66543436050415, 0.10765327513217926, -1.0325226783752441, 1.321277379989624, 15.291565895080566, 1.0, 1.0, 1.0, 1.0, 1.0, 1.0, 1.0, 0.0, 1.0, 1.0, 1.0, 1.0]"
334,0.0,0.0,0.0,8.765969687374309e-05,0.0,652.4297485351562,0.0,0.0,0.0,0.0,0.0,0.0,0.6806601881980896,-0.07836286723613739,-0.35395732522010803,-0.26996782422065735,-0.3502044379711151,0.05944175645709038,-0.5595850348472595,0.5187879204750061,-0.4866850972175598,0.3486431837081909,-1.1882836818695068,-0.5638366341590881,0.3662842810153961,-0.4265897274017334,8.262225151062012,"[0.6806601881980896, -0.07836286723613739, -0.35395732522010803, 0.21458026766777039, -0.59662926197052, -0.0155924828723073, 0.015789948403835297, -0.008656717836856842, -0.9998377561569214, 0.699999988079071, 0.0, 0.0, -0.26996782422065735, -0.3502044379711151, 0.05944175645709038, -0.5595850348472595, 0.11878791451454163, -0.08668509125709534, -0.05135682225227356, -3.898143768310547e-05, 0.23616337776184082, -0.43371573090553284, 0.37341028451919556, 7.462224960327148, -0.3994564414024353, -1.007352352142334, 0.3518126606941223, 1.0451557636260986, 1.4443901777267456, 0.03058028221130371, -1.2149611711502075, -0.027904581278562546, -4.67581844329834, 7.507499694824219, 5.935300827026367, 4.287212371826172, -0.4820270836353302, -0.43974605202674866, 0.6630484461784363, -1.0697526931762695, 0.2711806297302246, 0.8972564935684204, -0.1954095959663391, -5.803434371948242, -0.23385395109653473, -1.1561121940612793, 1.2471827268600464, 16.00307846069336, 1.0, 1.0, 1.0, 1.0, 1.0, 1.0, 1.0, 0.0, 1.0, 1.0, 1.0, 1.0]"
335,0.0,0.0,0.0,7.92683131294325e-05,0.0,589.9746704101562,1.0194487003900576e-05,0.0,75.87507629394531,0.0,0.0,0.0,0.708616316318512,-0.07805813103914261,-0.1150347962975502,-0.2800554037094116,-0.35727500915527344,0.060763485729694366,-0.5074036717414856,0.5343239307403564,-0.5001651644706726,0.36182329058647156,-1.188289761543274,-0.6609857082366943,0.43121352791786194,-0.40062451362609863,8.391485214233398,"[0.708616316318512, -0.07805813103914261, -0.1150347962975502, -0.2896649241447449, -0.045202381908893585, 0.12669827044010162, 0.01267327181994915, -0.01347302831709385, -0.9998286962509155, 0.699999988079071, 0.0, 0.0, -0.2800554037094116, -0.35727500915527344, 0.060763485729694366, -0.5074036717414856, 0.13432392477989197, -0.10016515851020813, -0.03817671537399292, -4.506111145019531e-05, 0.13901430368423462, -0.368786484003067, 0.3993754982948303, 7.591485023498535, -0.04328010231256485, 0.3623822033405304, 0.5672006011009216, 4.228543758392334, 0.4953283369541168, -0.39362800121307373, 2.5365188121795654, -0.004328405484557152, -5.040996074676514, 2.422440767288208, -1.9593663215637207, 7.338684558868408, -0.5513001084327698, 0.021130498498678207, 0.5744549036026001, -1.1429035663604736, -0.04819798469543457, 0.7964342832565308, -0.442448228597641, -5.960724830627441, -0.17256581783294678, -1.2834731340408325, 1.0486047267913818, 16.680553436279297, 1.0, 1.0, 1.0, 1.0, 1.0, 1.0, 1.0, 0.0, 1.0, 1.0, 1.0, 1.0]"
336,0.0,0.0,0.0,5.9918846091022715e-05,0.0,445.9613342285156,3.78885779355187e-05,0.0,281.99542236328125,0.0,0.0,0.0,0.6905078887939453,-0.06904616206884384,0.012143953703343868,-0.27829036116600037,-0.34882599115371704,0.06741282343864441,-0.4352852702140808,0.5256654024124146,-0.49103936553001404,0.3876407742500305,-1.1882412433624268,-0.7374560236930847,0.4465678334236145,-0.41242432594299316,8.518065452575684,"[0.6905078887939453, -0.06904616206884384, 0.012143953703343868, -0.32068270444869995, 0.19327007234096527, 0.10894639045000076, 0.015486814081668854, -0.0074782478623092175, -0.9998520612716675, 0.699999988079071, 0.0, 0.0, -0.27829036116600037, -0.34882599115371704, 0.06741282343864441, -0.4352852702140808, 0.12566539645195007, -0.09103935956954956, -0.01235923171043396, 3.4570693969726562e-06, 0.06254398822784424, -0.35343217849731445, 0.3875756859779358, 7.71806526184082, 0.13705576956272125, 0.4826790690422058, 0.3789050281047821, 3.174957036972046, -0.9576770067214966, 0.640713095664978, 1.3140321969985962, -0.0017541004344820976, -3.132441282272339, 0.29808923602104187, -0.6522166132926941, 5.98457145690918, -0.3334871232509613, -0.6181613802909851, 0.7443071603775024, -0.9775457382202148, 0.1397383213043213, 0.7819671630859375, -0.06542190909385681, -5.727108955383301, -0.28497612476348877, -1.1194473505020142, 1.1252952814102173, 16.567655563354492, 1.0, 1.0, 1.0, 1.0, 1.0, 1.0, 1.0, 0.0, 1.0, 1.0, 1.0, 1.0]"
337,0.0,0.0,0.0,4.407527740113437e-05,0.0,328.0415344238281,3.3501684811199084e-05,0.0,249.3448486328125,0.0,0.0,0.0,0.6951245665550232,-0.06200549378991127,0.037328869104385376,-0.27406740188598633,-0.341451495885849,0.07239160686731339,-0.3930884599685669,0.49900421500205994,-0.47002503275871277,0.40991103649139404,-1.1882433891296387,-0.7901389002799988,0.4391925632953644,-0.4213130474090576,8.653162002563477,"[0.6951245665550232, -0.06200549378991127, 0.037328869104385376, -0.11350551247596741, 0.24471905827522278, 0.07243330031633377, 0.02019321918487549, -0.003464861074462533, -0.9997900128364563, 0.699999988079071, 0.0, 0.0, -0.27406740188598633, -0.341451495885849, 0.07239160686731339, -0.3930884599685669, 0.09900420904159546, -0.07002502679824829, 0.009911030530929565, 1.3113021850585938e-06, 0.009861111640930176, -0.3608074486255646, 0.37868696451187134, 7.853161811828613, 0.19933460652828217, 0.2803284525871277, 0.17843851447105408, 1.5268807411193848, -1.5050214529037476, 0.9814532995223999, 1.1853337287902832, 8.96817073225975e-05, -1.7331963777542114, -0.35801851749420166, -0.549230694770813, 7.0577497482299805, -0.6032552123069763, -0.4570591151714325, 0.5829428434371948, -1.0335326194763184, 0.2581288814544678, 0.7264498472213745, -0.1780667006969452, -5.902399063110352, -0.1337556391954422, -1.231033444404602, 1.3530235290527344, 16.530595779418945, 1.0, 1.0, 1.0, 1.0, 1.0, 1.0, 1.0, 0.0, 1.0, 1.0, 1.0, 1.0]"
338,0.0,0.0,0.0,4.812659608433023e-05,0.0,358.1944885253906,4.165673453826457e-05,0.0,310.0408935546875,0.0,0.0,0.0,0.7145583033561707,-0.038011159747838974,0.07351996004581451,-0.27418017387390137,-0.3373798727989197,0.07434771955013275,-0.3802459239959717,0.47282999753952026,-0.4433715045452118,0.4294035732746124,-1.1882438659667969,-0.8019564151763916,0.4242434501647949,-0.4240210950374603,8.766887664794922,"[0.7145583033561707, -0.038011159747838974, 0.07351996004581451, -0.027171602472662926, 0.19803425669670105, 0.05357413366436958, 0.02429729886353016, -0.002366177272051573, -0.9997022151947021, 0.699999988079071, 0.0, 0.0, -0.27418017387390137, -0.3373798727989197, 0.07434771955013275, -0.3802459239959717, 0.07282999157905579, -0.043371498584747314, 0.02940356731414795, 8.344650268554688e-07, -0.0019564032554626465, -0.37575656175613403, 0.37597891688346863, 7.966887474060059, -0.1607845276594162, 0.1699908822774887, 0.05960077792406082, 0.22019094228744507, -1.1459177732467651, 1.2975655794143677, 0.9179292321205139, -0.0011619329452514648, -0.006517888978123665, -0.7502785921096802, 0.00712517648935318, 4.4896464347839355, -0.39997032284736633, -0.5261525511741638, 0.4971330463886261, -1.1031153202056885, 0.32787472009658813, 0.7781680822372437, -0.1760086715221405, -5.985219955444336, 0.02020077407360077, -1.338747501373291, 1.3823657035827637, 16.390335083007812, 1.0, 1.0, 1.0, 1.0, 1.0, 1.0, 1.0, 0.0, 1.0, 1.0, 1.0, 1.0]"
339,0.0,0.0,0.0,5.3709150961367413e-05,0.0,399.7441101074219,4.475361492950469e-05,0.0,333.0902099609375,0.0,0.0,0.0,0.7398805022239685,-0.015707438811659813,0.13938359916210175,-0.2772352397441864,-0.3332228660583496,0.07607253640890121,-0.3875989317893982,0.45712676644325256,-0.4086284339427948,0.4403618574142456,-1.188241958618164,-0.7840908765792847,0.3975219428539276,-0.4108659625053406,8.82172966003418,"[0.7398805022239685, -0.015707438811659813, 0.13938359916210175, -0.058620844036340714, 0.1898832619190216, 0.04051767289638519, 0.02794448472559452, -0.0008357017068192363, -0.9996090531349182, 0.699999988079071, 0.0, 0.0, -0.2772352397441864, -0.3332228660583496, 0.07607253640890121, -0.3875989317893982, 0.057126760482788086, -0.008628427982330322, 0.04036185145378113, 2.7418136596679688e-06, 0.015909135341644287, -0.40247806906700134, 0.3891340494155884, 8.021729469299316, -0.17430195212364197, 0.18153321743011475, 0.05666113644838333, -0.8050903677940369, -0.6396782994270325, 1.7196524143218994, 0.47179853916168213, -0.0015560239553451538, 1.629164695739746, -1.3342669010162354, 0.8118310570716858, 1.7142874002456665, -0.45502734184265137, -0.41408175230026245, 0.4234323799610138, -1.286023736000061, 0.33923447132110596, 0.8299511671066284, -0.2890447974205017, -6.173341751098633, 0.20478641986846924, -1.4895238876342773, 1.4508634805679321, 16.230894088745117, 1.0, 1.0, 1.0, 1.0, 1.0, 1.0, 1.0, 0.0, 1.0, 1.0, 1.0, 1.0]"
340,0.0,0.0,0.0,4.7498411731794477e-05,0.0,353.5190734863281,4.303078821976669e-05,0.0,320.26763916015625,0.0,0.0,0.0,0.7664636373519897,0.0016141926171258092,0.19210833311080933,-0.2788185477256775,-0.32882988452911377,0.07750391960144043,-0.42244526743888855,0.4506989121437073,-0.36376670002937317,0.4423871338367462,-1.1882435083389282,-0.7389480471611023,0.355345755815506,-0.38162627816200256,8.823600769042969,"[0.7664636373519897, 0.0016141926171258092, 0.19210833311080933, -0.10590957850217819, 0.17942766845226288, 0.03723547235131264, 0.031414322555065155, 0.0010780517477542162, -0.9995058178901672, 0.699999988079071, 0.0, 0.0, -0.2788185477256775, -0.32882988452911377, 0.07750391960144043, -0.42244526743888855, 0.0506989061832428, 0.03623330593109131, 0.04238712787628174, 1.1920928955078125e-06, 0.06105196475982666, -0.444654256105423, 0.4183737337589264, 8.023600578308105, -0.013453233987092972, 0.23460863530635834, 0.07062510401010513, -2.324256658554077, -0.20599375665187836, 2.2607834339141846, 0.02913619950413704, -0.003930401988327503, 2.756410598754883, -2.2159876823425293, 1.6132142543792725, -1.1879005432128906, -0.3095194399356842, -0.4354947805404663, 0.37861642241477966, -1.515162706375122, 0.311286985874176, 0.8888427019119263, -0.32643964886665344, -6.317564010620117, 0.40461283922195435, -1.7253202199935913, 1.502610445022583, 15.866737365722656, 1.0, 1.0, 1.0, 1.0, 1.0, 1.0, 1.0, 0.0, 1.0, 1.0, 1.0, 1.0]"
341,0.0,0.0,0.0,4.402227932587266e-05,0.0,327.6470642089844,3.4816581319319084e-05,0.0,259.13128662109375,0.0,0.0,0.0,0.7892546057701111,0.006254489067941904,0.22336962819099426,-0.2713830769062042,-0.321919709444046,0.08106224983930588,-0.48378631472587585,0.4486793577671051,-0.31089070439338684,0.43579795956611633,-1.1882435083389282,-0.6693851947784424,0.29918166995048523,-0.3380129039287567,8.768616676330566,"[0.7892546057701111, 0.006254489067941904, 0.22336962819099426, -0.26439374685287476, 0.22775110602378845, 0.022988682612776756, 0.03527846932411194, 0.005508866161108017, -0.9993623495101929, 0.699999988079071, 0.0, 0.0, -0.2713830769062042, -0.321919709444046, 0.08106224983930588, -0.48378631472587585, 0.048679351806640625, 0.08910930156707764, 0.035797953605651855, 1.1920928955078125e-06, 0.13061481714248657, -0.5008183717727661, 0.46198710799217224, 7.968616485595703, 0.6201047301292419, 0.3798302412033081, 0.22646789252758026, -3.4939804077148438, -0.20274581015110016, 2.6332411766052246, -0.3626413643360138, -0.0023880265653133392, 4.258934020996094, -2.8565659523010254, 2.214747190475464, -4.159936904907227, -0.2244173288345337, -0.4534076154232025, 0.4011048972606659, -1.6501907110214233, 0.04468822479248047, 0.8801521062850952, -0.1959177553653717, -6.31605339050293, 0.7497022747993469, -1.9971603155136108, 1.4303712844848633, 15.267550468444824, 1.0, 1.0, 1.0, 1.0, 1.0, 1.0, 1.0, 0.0, 1.0, 1.0, 1.0, 1.0]"
342,0.0,0.0,0.0,1.801797407097183e-05,0.0,134.10336303710938,1.3651714652951341e-05,0.0,101.60636901855469,0.0,0.0,0.0,0.8000351190567017,-0.004138794727623463,0.17709654569625854,-0.24840153753757477,-0.31163516640663147,0.08813775330781937,-0.5604950785636902,0.43725940585136414,-0.2525859773159027,0.4282359778881073,-1.1882365942001343,-0.5690710544586182,0.22985610365867615,-0.29624757170677185,8.66483211517334,"[0.8000351190567017, -0.004138794727623463, 0.17709654569625854, -0.5100500583648682, 0.3828602433204651, 0.022785978391766548, 0.041543129831552505, 0.013310432434082031, -0.999048113822937, 0.699999988079071, 0.0, 0.0, -0.24840153753757477, -0.31163516640663147, 0.08813775330781937, -0.5604950785636902, 0.03725939989089966, 0.14741402864456177, 0.028235971927642822, 8.106231689453125e-06, 0.2309289574623108, -0.5701439380645752, 0.5037524700164795, 7.864831924438477, 1.4739612340927124, 0.6394558548927307, 0.4851640462875366, -3.7785539627075195, -0.9322769045829773, 2.9411821365356445, -0.11993405967950821, -0.009996387176215649, 5.521967887878418, -3.647979497909546, 1.5623726844787598, -5.598634243011475, -0.3840753734111786, -0.3037000298500061, 0.3130033612251282, -1.5061776638031006, -0.4528018832206726, -0.0976523756980896, -0.20723935961723328, -6.0714616775512695, 1.1360031366348267, -1.7140535116195679, 0.864852249622345, 14.71429443359375, 1.0, 1.0, 1.0, 1.0, 1.0, 1.0, 1.0, 0.0, 1.0, 1.0, 1.0, 1.0]"
343,4.399438694235869e-05,0.0,327.4394836425781,0.0,0.0,0.0,0.0,0.0,0.0,0.0,0.0,0.0,0.7407907843589783,-0.01771368458867073,0.1656513214111328,-0.23495954275131226,-0.2993813157081604,0.10451268404722214,-0.6108807325363159,0.4458399713039398,-0.21454274654388428,0.4281715750694275,-1.1882463693618774,-0.5528906583786011,0.1937887966632843,-0.3408631682395935,8.55846881866455,"[0.7407907843589783, -0.01771368458867073, 0.1656513214111328, -0.7996253967285156, 0.17182683944702148, 0.02429560199379921, 0.046890053898096085, 0.02266816422343254, -0.998643159866333, 0.699999988079071, 0.0, 0.0, -0.23495954275131226, -0.2993813157081604, 0.10451268404722214, -0.6108807325363159, 0.04583996534347534, 0.1854572594165802, 0.028171569108963013, -1.6689300537109375e-06, 0.24710935354232788, -0.6062111854553223, 0.45913684368133545, 7.7584686279296875, 0.7761833667755127, 0.8904910683631897, 1.3402864933013916, 0.32685714960098267, 1.0657514333724976, 0.3728249967098236, -0.12620078027248383, -0.003558905329555273, -0.17144058644771576, 1.7235597372055054, -4.085477828979492, -5.051346302032471, -0.204258531332016, -0.642604649066925, -0.05554167553782463, -1.3451733589172363, -0.6011189222335815, -1.4053810834884644, -0.1291901022195816, -6.0229997634887695, 1.1065350770950317, -0.88722825050354, 0.12635131180286407, 14.178163528442383, 1.0, 1.0, 1.0, 1.0, 1.0, 1.0, 1.0, 0.0, 1.0, 1.0, 1.0, 1.0]"
344,4.586107752402313e-05,0.0,341.3327941894531,0.0,0.0,0.0,0.0,0.0,0.0,0.0,0.0,0.0,0.6169217824935913,0.002543434500694275,0.11699188500642776,-0.23546363413333893,-0.30425432324409485,0.10505647957324982,-0.6109454035758972,0.4549340605735779,-0.2638245224952698,0.4185255467891693,-1.1882468461990356,-0.5363662838935852,0.2919510006904602,-0.43596434593200684,8.417101860046387,"[0.6169217824935913, 0.002543434500694275, 0.11699188500642776, 0.39493560791015625, -0.031056910753250122, 0.14785254001617432, 0.047795116901397705, 0.022605108097195625, -0.9986013174057007, 0.699999988079071, 0.0, 0.0, -0.23546363413333893, -0.30425432324409485, 0.10505647957324982, -0.6109454035758972, 0.0549340546131134, 0.1361754834651947, 0.018525540828704834, -2.1457672119140625e-06, 0.26363372802734375, -0.5080490112304688, 0.3640356659889221, 7.617101669311523, -0.4515851140022278, -0.8624404072761536, -0.6377293467521667, 0.27048438787460327, 0.3400562107563019, -3.92383074760437, -0.6496077179908752, -0.0045087942853569984, 0.9808455109596252, 5.053158760070801, -5.098698616027832, -7.16359281539917, -0.12256678938865662, -0.7447343468666077, 0.044678885489702225, -1.3752974271774292, -0.30462807416915894, -1.4222275018692017, -0.04662176966667175, -6.091000556945801, 0.9826212525367737, -0.43957796692848206, 0.031147435307502747, 14.142329216003418, 1.0, 1.0, 1.0, 1.0, 1.0, 1.0, 1.0, 0.0, 1.0, 1.0, 1.0, 1.0]"
345,3.034391556866467e-05,0.0,225.8423309326172,0.0,0.0,0.0,0.0,0.0,0.0,0.0,0.0,0.0,0.5625011920928955,-0.006858407519757748,-0.002024051733314991,-0.24989059567451477,-0.33356985449790955,0.08354023844003677,-0.6104398965835571,0.45769867300987244,-0.37326744198799133,0.40465590357780457,-1.1882344484329224,-0.5074020624160767,0.3817126750946045,-0.5438935160636902,8.273448944091797,"[0.5625011920928955, -0.006858407519757748, -0.002024051733314991, 0.7669908404350281, -0.263801246881485, 0.1665249466896057, 0.044869668781757355, 0.008293374441564083, -0.9989586472511292, 0.699999988079071, 0.0, 0.0, -0.24989059567451477, -0.33356985449790955, 0.08354023844003677, -0.6104398965835571, 0.05769866704940796, 0.026732563972473145, 0.004655897617340088, 1.0251998901367188e-05, 0.2925979495048523, -0.41828733682632446, 0.25610649585723877, 7.473448753356934, -0.9089563488960266, -1.6494570970535278, -1.1092169284820557, 0.049612317234277725, 0.36739999055862427, -5.928125858306885, -0.7874928712844849, -0.006129195913672447, 1.1315892934799194, 4.174196720123291, -4.430083751678467, -6.668972969055176, -0.07920882105827332, -0.752833902835846, -0.0036675147712230682, -1.2182061672210693, -0.2153836488723755, -0.3557013273239136, -0.03245419263839722, -5.7776336669921875, 1.050187587738037, -0.3645322322845459, 0.24129696190357208, 14.44361400604248, 1.0, 1.0, 1.0, 1.0, 1.0, 1.0, 1.0, 0.0, 1.0, 1.0, 1.0, 1.0]"
346,1.158949908131035e-05,0.0,86.2578125,0.0,0.0,0.0,0.0,0.0,0.0,0.0,0.0,0.0,0.6008711457252502,-0.04348383843898773,-0.13735979795455933,-0.2593914568424225,-0.35686737298965454,0.06884168833494186,-0.5948197841644287,0.467407763004303,-0.46624910831451416,0.383758008480072,-1.1882390975952148,-0.4784438908100128,0.41664835810661316,-0.5570089221000671,8.210707664489746,"[0.6008711457252502, -0.04348383843898773, -0.13735979795455933, 0.42189937829971313, -0.6056361198425293, 0.09185938537120819, 0.0354338213801384, -0.0023313695564866066, -0.9993692636489868, 0.699999988079071, 0.0, 0.0, -0.2593914568424225, -0.35686737298965454, 0.06884168833494186, -0.5948197841644287, 0.0674077570438385, -0.06624910235404968, -0.016241997480392456, 5.602836608886719e-06, 0.32155612111091614, -0.3833516538143158, 0.24299108982086182, 7.410707473754883, -0.43265300989151, -0.6581152081489563, -0.5899456143379211, 1.082886815071106, 0.75696861743927, -3.141022205352783, -1.2011513710021973, -0.0035437459591776133, 1.225188970565796, -0.964600145816803, 2.1355226039886475, -0.7571789026260376, -0.35034021735191345, -0.2829340398311615, -0.04222862049937248, -1.2765312194824219, 0.05142247676849365, 1.311322808265686, -0.08624553680419922, -5.621899604797363, 0.6677521467208862, -0.9329733848571777, 1.0293033123016357, 14.951311111450195, 1.0, 1.0, 1.0, 1.0, 1.0, 1.0, 1.0, 0.0, 1.0, 1.0, 1.0, 1.0]"
347,0.0,0.0,0.0,0.0,0.0,0.0,0.0,0.0,0.0,0.0,0.0,0.0,0.6766757965087891,-0.08853689581155777,-0.3420228660106659,-0.26096010208129883,-0.344449520111084,0.062449026852846146,-0.5768344402313232,0.49244919419288635,-0.475805401802063,0.3611574172973633,-1.1882447004318237,-0.502914309501648,0.36368051171302795,-0.4705410599708557,8.236624717712402,"[0.6766757965087891, -0.08853689581155777, -0.3420228660106659, 0.05400055646896362, -0.8137593269348145, 0.046229198575019836, 0.020512768998742104, -0.007078594993799925, -0.999764621257782, 0.699999988079071, 0.0, 0.0, -0.26096010208129883, -0.344449520111084, 0.062449026852846146, -0.5768344402313232, 0.09244918823242188, -0.07580539584159851, -0.038842588663101196, 0.0, 0.297085702419281, -0.436319500207901, 0.32945895195007324, 7.436624526977539, 0.11167474091053009, 1.4651449918746948, 0.04446177929639816, 0.9175516366958618, 1.7214806079864502, 0.9907718896865845, -1.016952633857727, 6.65282568661496e-05, -4.205490589141846, -3.0876340866088867, 5.077764511108398, 2.9009134769439697, -0.4712387025356293, -0.3564528822898865, 0.5880570411682129, -1.1870994567871094, 0.27281415462493896, 0.9385815858840942, -0.07810994982719421, -5.684152603149414, -0.14448334276676178, -1.1118441820144653, 1.2529120445251465, 15.669859886169434, 1.0, 1.0, 1.0, 1.0, 1.0, 1.0, 1.0, 0.0, 1.0, 1.0, 1.0, 1.0]"
348,0.0,0.0,0.0,6.280277739278972e-05,0.0,467.42572021484375,4.6870125515852123e-05,0.0,348.8428955078125,0.0,0.0,0.0,0.6991631388664246,-0.06058133393526077,-0.2509947121143341,-0.27151307463645935,-0.35324057936668396,0.05692698433995247,-0.5579939484596252,0.5127812623977661,-0.47598564624786377,0.3402802050113678,-1.1881181001663208,-0.5945249795913696,0.40681740641593933,-0.383309543132782,8.326665878295898,"[0.6991631388664246, -0.06058133393526077, -0.2509947121143341, 0.8635569214820862, -0.000901360996067524, 0.029879704117774963, 0.01365706231445074, -0.019766245037317276, -0.9997111558914185, 0.699999988079071, 0.0, 0.0, -0.27151307463645935, -0.35324057936668396, 0.05692698433995247, -0.5579939484596252, 0.11278125643730164, -0.07598564028739929, -0.05971980094909668, 0.0001266002655029297, 0.20547503232955933, -0.3931826055049896, 0.416690468788147, 7.526665687561035, -0.8689737319946289, -0.8274115920066833, -1.9308457374572754, 1.5194543600082397, 0.6397251486778259, -0.1395411342382431, -0.443916916847229, 0.07256409525871277, -4.931087493896484, 1.9857364892959595, 3.399718999862671, 5.871144771575928, -0.6091209053993225, -0.38485050201416016, 0.620316743850708, -1.0753424167633057, 0.20816826820373535, 0.805508017539978, -0.3056359589099884, -5.694775581359863, -0.07051222026348114, -1.41477370262146, 1.1486091613769531, 16.189847946166992, 1.0, 1.0, 1.0, 1.0, 1.0, 1.0, 1.0, 0.0, 1.0, 1.0, 1.0, 1.0]"
349,0.0,0.0,0.0,6.946661596884951e-05,0.0,517.0230102539062,7.349051884375513e-05,0.0,546.971923828125,0.0,0.0,0.0,0.7132440209388733,-0.05185561999678612,-0.021974731236696243,-0.2779398262500763,-0.35190099477767944,0.05760502815246582,-0.48180487751960754,0.5202145576477051,-0.4693736135959625,0.3791309595108032,-1.1881992816925049,-0.6839926242828369,0.43114444613456726,-0.4124496877193451,8.458293914794922,"[0.7132440209388733, -0.05185561999678612, -0.021974731236696243, -0.0740133747458458, 0.09705059975385666, 0.08602067828178406, 0.014284987933933735, -0.020021535456180573, -0.9996973276138306, 0.699999988079071, 0.0, 0.0, -0.2779398262500763, -0.35190099477767944, 0.05760502815246582, -0.48180487751960754, 0.1202145516872406, -0.06937360763549805, -0.020869046449661255, 4.5418739318847656e-05, 0.11600738763809204, -0.3688555657863617, 0.38755032420158386, 7.658293724060059, -0.40237730741500854, 0.17775554955005646, 0.11977636069059372, 3.8685662746429443, 0.03209251910448074, 0.5618821978569031, 1.6658213138580322, -0.003376367501914501, -3.8101747035980225, 0.6826468110084534, -1.0441884994506836, 6.031303405761719, -0.659718930721283, -0.32509368658065796, 0.6476529836654663, -1.0764343738555908, 0.057963550090789795, 0.685168981552124, -0.44777098298072815, -5.955107688903809, -0.17898981273174286, -1.225800633430481, 1.2313984632492065, 16.610023498535156, 1.0, 1.0, 1.0, 1.0, 1.0, 1.0, 1.0, 0.0, 1.0, 1.0, 1.0, 1.0]"
350,0.0,0.0,0.0,5.0281130825169384e-05,0.0,374.23016357421875,4.179180905339308e-05,0.0,311.0462341308594,0.0,0.0,0.0,0.6953214406967163,-0.03382255136966705,0.060415107756853104,-0.29033273458480835,-0.3476661741733551,0.05926281213760376,-0.42074117064476013,0.5097053050994873,-0.4479077160358429,0.3997042775154114,-1.1882388591766357,-0.743775486946106,0.42781302332878113,-0.4133991003036499,8.58309555053711,"[0.6953214406967163, -0.03382255136966705, 0.060415107756853104, -0.10995641350746155, 0.10129013657569885, 0.11206161975860596, 0.016264846548438072, -0.018289493396878242, -0.9997003674507141, 0.699999988079071, 0.0, 0.0, -0.29033273458480835, -0.3476661741733551, 0.05926281213760376, -0.42074117064476013, 0.10970529913902283, -0.04790771007537842, -0.0002957284450531006, 5.841255187988281e-06, 0.056224524974823, -0.3721869885921478, 0.38660091161727905, 7.783095359802246, -0.6538650393486023, 0.24026501178741455, 0.11032536625862122, 2.592499256134033, -0.8277440667152405, 0.9944474697113037, 0.9685183763504028, -0.000906667672097683, -2.573033332824707, -0.09589077532291412, 0.09424091875553131, 6.768649578094482, -0.37936145067214966, -0.5179728865623474, 0.6357980370521545, -1.0476467609405518, 0.21797406673431396, 0.7330594062805176, -0.07223746180534363, -5.885348796844482, -0.16145040094852448, -1.2341541051864624, 1.2605335712432861, 16.514142990112305, 1.0, 1.0, 1.0, 1.0, 1.0, 1.0, 1.0, 0.0, 1.0, 1.0, 1.0, 1.0]"
351,0.0,0.0,0.0,5.017404328100383e-05,0.0,373.4331359863281,3.273120091762394e-05,0.0,243.6103057861328,0.0,0.0,0.0,0.7047735452651978,-0.035101935267448425,0.06762759387493134,-0.29561421275138855,-0.34171247482299805,0.06272967159748077,-0.38850709795951843,0.48895683884620667,-0.4226759970188141,0.4146140515804291,-1.1882431507110596,-0.7747529745101929,0.4176121950149536,-0.40569180250167847,8.712114334106445,"[0.7047735452651978, -0.035101935267448425, 0.06762759387493134, -0.17676281929016113, 0.15194746851921082, 0.06528548896312714, 0.018595950677990913, -0.014793763868510723, -0.9997175931930542, 0.699999988079071, 0.0, 0.0, -0.29561421275138855, -0.34171247482299805, 0.06272967159748077, -0.38850709795951843, 0.08895683288574219, -0.02267599105834961, 0.0146140456199646, 1.5497207641601562e-06, 0.025247037410736084, -0.38238781690597534, 0.3943082094192505, 7.912114143371582, -0.059019312262535095, 0.29124391078948975, 0.19697757065296173, 1.0471830368041992, -1.1341090202331543, 1.108609914779663, 0.7795343995094299, 0.0014065178111195564, -0.7153957486152649, -0.3418142795562744, 0.29672038555145264, 5.719058513641357, -0.5039077997207642, -0.447720468044281, 0.5333699584007263, -1.0673348903656006, 0.2680819034576416, 0.750710129737854, -0.17141765356063843, -5.947259426116943, -0.014203086495399475, -1.3417747020721436, 1.3812928199768066, 16.463102340698242, 1.0, 1.0, 1.0, 1.0, 1.0, 1.0, 1.0, 0.0, 1.0, 1.0, 1.0, 1.0]"
352,0.0,0.0,0.0,5.495158984558657e-05,0.0,408.9912414550781,4.050374627695419e-05,0.0,301.4595031738281,0.0,0.0,0.0,0.7330692410469055,-0.023544665426015854,0.10819432139396667,-0.29291167855262756,-0.33510127663612366,0.06733424961566925,-0.3831246793270111,0.470036119222641,-0.39144399762153625,0.42652109265327454,-1.1882429122924805,-0.772948682308197,0.3966057002544403,-0.39435702562332153,8.794078826904297,"[0.7330692410469055, -0.023544665426015854, 0.10819432139396667, -0.17704454064369202, 0.20561006665229797, 0.03657188639044762, 0.022109027951955795, -0.010490098036825657, -0.9997005462646484, 0.699999988079071, 0.0, 0.0, -0.29291167855262756, -0.33510127663612366, 0.06733424961566925, -0.3831246793270111, 0.07003611326217651, 0.008556008338928223, 0.02652108669281006, 1.7881393432617188e-06, 0.027051329612731934, -0.40339431166648865, 0.4056429862976074, 7.994078636169434, 0.1289573311805725, 0.2899706959724426, 0.19078561663627625, -0.20562142133712769, -0.8659391403198242, 1.5249158143997192, 0.5726068019866943, -0.00028008129447698593, 0.7725751996040344, -1.05971360206604, 0.594438910484314, 3.0688889026641846, -0.4243180453777313, -0.4412349760532379, 0.45953598618507385, -1.2219783067703247, 0.3113618493080139, 0.8555384874343872, -0.23895660042762756, -6.095171928405762, 0.1568819135427475, -1.4729795455932617, 1.4404712915420532, 16.29617691040039, 1.0, 1.0, 1.0, 1.0, 1.0, 1.0, 1.0, 0.0, 1.0, 1.0, 1.0, 1.0]"
353,0.0,0.0,0.0,4.8504527512704954e-05,0.0,361.0073547363281,4.393094059196301e-05,0.0,326.96722412109375,0.0,0.0,0.0,0.7627682089805603,-0.005337670911103487,0.16355468332767487,-0.2894521653652191,-0.3290361762046814,0.07090743631124496,-0.40606510639190674,0.457940012216568,-0.3498169779777527,0.43170464038848877,-1.1882433891296387,-0.7393484115600586,0.3586235046386719,-0.37149128317832947,8.816755294799805,"[0.7627682089805603, -0.005337670911103487, 0.16355468332767487, -0.17038151621818542, 0.20536479353904724, 0.03251988813281059, 0.02608685940504074, -0.006765729747712612, -0.9996367692947388, 0.699999988079071, 0.0, 0.0, -0.2894521653652191, -0.3290361762046814, 0.07090743631124496, -0.40606510639190674, 0.057940006256103516, 0.05018302798271179, 0.03170463442802429, 1.3113021850585938e-06, 0.06065160036087036, -0.4413765072822571, 0.4285087287425995, 8.016755104064941, 0.17487774789333344, 0.29308778047561646, 0.152079239487648, -1.7597695589065552, -0.5021147131919861, 2.1147501468658447, 0.19695980846881866, -0.0036812052130699158, 2.3475329875946045, -2.0323281288146973, 1.281213402748108, -0.2724008858203888, -0.39821919798851013, -0.3919234871864319, 0.4039584696292877, -1.43539559841156, 0.3126271963119507, 0.9052294492721558, -0.3554283082485199, -6.249820709228516, 0.36737746000289917, -1.6946687698364258, 1.4979398250579834, 15.971787452697754, 1.0, 1.0, 1.0, 1.0, 1.0, 1.0, 1.0, 0.0, 1.0, 1.0, 1.0, 1.0]"
354,0.0,0.0,0.0,4.3839652789756656e-05,0.0,326.287841796875,3.8226775359362364e-05,0.0,284.5125427246094,0.0,0.0,0.0,0.7886123657226562,0.004192724823951721,0.2027706652879715,-0.2815313935279846,-0.32163065671920776,0.07527323812246323,-0.458780974149704,0.45159995555877686,-0.29896387457847595,0.42804136872291565,-1.1882439851760864,-0.6769050359725952,0.3055254817008972,-0.33306553959846497,8.777009963989258,"[0.7886123657226562, 0.004192724823951721, 0.2027706652879715, -0.28842464089393616, 0.2215370237827301, 0.025741249322891235, 0.03012504242360592, -0.0017010141164064407, -0.9995443820953369, 0.699999988079071, 0.0, 0.0, -0.2815313935279846, -0.32163065671920776, 0.07527323812246323, -0.458780974149704, 0.05159994959831238, 0.10103613138198853, 0.028041362762451172, 7.152557373046875e-07, 0.12309497594833374, -0.49447453022003174, 0.466934472322464, 7.9770097732543945, 0.5627312660217285, 0.4040940999984741, 0.25359901785850525, -3.1703073978424072, -0.3249260485172272, 2.5694847106933594, -0.23681679368019104, -0.004032603465020657, 3.841148614883423, -2.7874767780303955, 2.0192980766296387, -3.5703911781311035, -0.2258392870426178, -0.45350733399391174, 0.4146535098552704, -1.6375327110290527, 0.1514635682106018, 0.9434633255004883, -0.2505742311477661, -6.31049919128418, 0.6567203998565674, -1.9698200225830078, 1.4766992330551147, 15.377617835998535, 1.0, 1.0, 1.0, 1.0, 1.0, 1.0, 1.0, 0.0, 1.0, 1.0, 1.0, 1.0]"
355,0.0,0.0,0.0,2.6901145247393288e-05,0.0,200.21865844726562,2.0372555809444748e-05,0.0,151.62796020507812,0.0,0.0,0.0,0.804938018321991,-0.004266731441020966,0.18252432346343994,-0.2604427635669708,-0.31116026639938354,0.0827517956495285,-0.5336026549339294,0.4412586987018585,-0.2417377084493637,0.4205721318721771,-1.1882387399673462,-0.5831460952758789,0.23891353607177734,-0.2903866171836853,8.679821014404297,"[0.804938018321991, -0.004266731441020966, 0.18252432346343994, -0.5007068514823914, 0.3406352698802948, 0.015178045257925987, 0.03577972948551178, 0.006421652622520924, -0.9993391036987305, 0.699999988079071, 0.0, 0.0, -0.2604427635669708, -0.31116026639938354, 0.0827517956495285, -0.5336026549339294, 0.04125869274139404, 0.15826229751110077, 0.020572125911712646, 5.9604644775390625e-06, 0.21685391664505005, -0.5610864758491516, 0.5096133947372437, 7.879820823669434, 1.3699687719345093, 0.6177594065666199, 0.48779726028442383, -3.87890362739563, -0.8230249285697937, 2.8822033405303955, -0.2139415144920349, -0.008303014561533928, 5.492717742919922, -3.4908852577209473, 1.7859752178192139, -5.466748237609863, -0.3788762390613556, -0.30857014656066895, 0.44621673226356506, -1.5798019170761108, -0.3771440386772156, 0.2959006726741791, -0.2013513743877411, -6.1200408935546875, 1.1322321891784668, -1.956660270690918, 1.0809117555618286, 14.764111518859863, 1.0, 1.0, 1.0, 1.0, 1.0, 1.0, 1.0, 0.0, 1.0, 1.0, 1.0, 1.0]"
356,6.659383507212624e-05,0.0,495.6416015625,0.0,0.0,0.0,0.0,0.0,0.0,0.0,0.0,0.0,0.782244861125946,-0.019883643835783005,0.16037510335445404,-0.24380327761173248,-0.3011544942855835,0.09389597922563553,-0.6121410131454468,0.43625953793525696,-0.19328290224075317,0.42462438344955444,-1.1882423162460327,-0.5308007597923279,0.1780003309249878,-0.3101893663406372,8.5663423538208,"[0.782244861125946, -0.019883643835783005, 0.16037510335445404, -0.4456937313079834, 0.15274065732955933, -0.0016565325204283, 0.04212125390768051, 0.013838742859661579, -0.9990166425704956, 0.699999988079071, 0.0, 0.0, -0.24380327761173248, -0.3011544942855835, 0.09389597922563553, -0.6121410131454468, 0.03625953197479248, 0.2067171037197113, 0.024624377489089966, 2.384185791015625e-06, 0.2691992521286011, -0.6219996809959412, 0.48981064558029175, 7.7663421630859375, 0.45812249183654785, 0.554120659828186, 1.0022974014282227, -1.853510856628418, 1.6813464164733887, 1.6027761697769165, 0.516507089138031, 0.002109004184603691, -0.9357243180274963, -1.8708614110946655, -4.182999134063721, -4.91940450668335, -0.2500670254230499, -0.6164353489875793, -0.09729628264904022, -1.2652884721755981, -0.6111950874328613, -1.3724733591079712, -0.13241508603096008, -5.938952445983887, 1.1043328046798706, -1.0349931716918945, 0.19611819088459015, 14.282922744750977, 1.0, 1.0, 1.0, 1.0, 1.0, 1.0, 1.0, 0.0, 1.0, 1.0, 1.0, 1.0]"
357,4.841401823796332e-05,0.0,360.3337097167969,0.0,0.0,0.0,0.0,0.0,0.0,0.0,0.0,0.0,0.6382489204406738,0.0002057001256616786,0.1350364089012146,-0.2389785349369049,-0.30091825127601624,0.10190150141716003,-0.610967755317688,0.44767820835113525,-0.23040367662906647,0.4229115843772888,-1.1882449388504028,-0.5181422829627991,0.2656257748603821,-0.4035976529121399,8.43821907043457,"[0.6382489204406738, 0.0002057001256616786, 0.1350364089012146, 0.19873972237110138, 0.018134813755750656, 0.12942995131015778, 0.04398282989859581, 0.018894951790571213, -0.9988536834716797, 0.699999988079071, 0.0, 0.0, -0.2389785349369049, -0.30091825127601624, 0.10190150141716003, -0.610967755317688, 0.047678202390670776, 0.169596329331398, 0.02291157841682434, -2.384185791015625e-07, 0.2818577289581299, -0.5343742370605469, 0.39640235900878906, 7.638218879699707, -0.2254202961921692, -0.7168480157852173, -0.41108620166778564, 0.23694321513175964, 0.4584159553050995, -3.6677603721618652, -0.4305647909641266, 0.00042049866169691086, 0.8331397175788879, 6.010465621948242, -4.3707194328308105, -7.216219425201416, -0.1893543303012848, -0.8094138503074646, 0.03649504855275154, -1.3757820129394531, -0.40021926164627075, -1.5944409370422363, -0.1080506443977356, -6.092466354370117, 0.9349116683006287, -0.4653349816799164, -0.01532118022441864, 14.006808280944824, 1.0, 1.0, 1.0, 1.0, 1.0, 1.0, 1.0, 0.0, 1.0, 1.0, 1.0, 1.0]"
358,2.830380435625557e-05,0.0,210.65829467773438,0.0,0.0,0.0,0.0,0.0,0.0,0.0,0.0,0.0,0.5689477324485779,0.0010694052325561643,0.023528221994638443,-0.25299832224845886,-0.332355797290802,0.07907411456108093,-0.6108707189559937,0.4501679539680481,-0.33909469842910767,0.4125436246395111,-1.1882410049438477,-0.4916733503341675,0.35965102910995483,-0.5192939639091492,8.290349960327148,"[0.5689477324485779, 0.0010694052325561643, 0.023528221994638443, 0.790740430355072, -0.12999795377254486, 0.16031745076179504, 0.04305797815322876, 0.0053795212879776955, -0.9990581274032593, 0.699999988079071, 0.0, 0.0, -0.25299832224845886, -0.332355797290802, 0.07907411456108093, -0.6108707189559937, 0.05016794800758362, 0.06090530753135681, 0.01254361867904663, 3.6954879760742188e-06, 0.3083266615867615, -0.4403489828109741, 0.2807060480117798, 7.490349769592285, -0.8919205665588379, -1.879186749458313, -1.2633129358291626, -0.027314241975545883, 0.31401529908180237, -6.107597827911377, -0.6126815676689148, -0.0070020887069404125, 1.13978111743927, 4.104162693023682, -5.780264377593994, -7.421469688415527, -0.03663644194602966, -0.7495563626289368, 0.03658058121800423, -1.2499103546142578, -0.2512534260749817, -0.6074787378311157, -0.07269144058227539, -5.865528106689453, 1.0624481439590454, -0.32954445481300354, 0.12670285999774933, 14.334793090820312, 1.0, 1.0, 1.0, 1.0, 1.0, 1.0, 1.0, 0.0, 1.0, 1.0, 1.0, 1.0]"
359,1.7863556422526017e-05,0.0,132.95407104492188,0.0,0.0,0.0,0.0,0.0,0.0,0.0,0.0,0.0,0.5847306847572327,-0.03821224346756935,-0.10577214509248734,-0.26231488585472107,-0.3623453676700592,0.06353478878736496,-0.5982086062431335,0.45947787165641785,-0.45023640990257263,0.3923422396183014,-1.1882433891296387,-0.4672378599643707,0.4190594553947449,-0.564652144908905,8.19587516784668,"[0.5847306847572327, -0.03821224346756935, -0.10577214509248734, 0.3598461449146271, -0.4870555102825165, 0.09016787260770798, 0.03629026934504509, -0.004769478924572468, -0.9993302226066589, 0.699999988079071, 0.0, 0.0, -0.26231488585472107, -0.3623453676700592, 0.06353478878736496, -0.5982086062431335, 0.05947786569595337, -0.050236403942108154, -0.007657766342163086, 1.3113021850585938e-06, 0.3327621519565582, -0.3809405565261841, 0.23534786701202393, 7.395874977111816, -0.3573839068412781, -1.0683196783065796, -0.5515605807304382, 1.0333187580108643, 0.6937826871871948, -4.4665727615356445, -1.2109944820404053, -0.004931745585054159, 1.1539709568023682, 0.9757938385009766, 0.4276193082332611, -2.327648639678955, -0.30951717495918274, -0.4232349693775177, -0.15422730147838593, -1.2112481594085693, -0.04048734903335571, 1.0016640424728394, -0.020528078079223633, -5.615360736846924, 0.8784558773040771, -0.7337881326675415, 0.7678443789482117, 14.715383529663086, 1.0, 1.0, 1.0, 1.0, 1.0, 1.0, 1.0, 0.0, 1.0, 1.0, 1.0, 1.0]"
360,0.0,0.0,0.0,0.0,0.0,0.0,0.0,0.0,0.0,0.0,0.0,0.0,0.6579235196113586,-0.08062009513378143,-0.28954973816871643,-0.265155553817749,-0.3616463541984558,0.054720666259527206,-0.5784710645675659,0.48028358817100525,-0.4875901937484741,0.37072134017944336,-1.1882447004318237,-0.46809622645378113,0.3874218165874481,-0.5096359252929688,8.201441764831543,"[0.6579235196113586, -0.08062009513378143, -0.28954973816871643, 0.08084145933389664, -0.745931088924408, 0.05952342972159386, 0.022845692932605743, -0.010035921819508076, -0.9996882677078247, 0.699999988079071, 0.0, 0.0, -0.265155553817749, -0.3616463541984558, 0.054720666259527206, -0.5784710645675659, 0.08028358221054077, -0.08759018778800964, -0.029278665781021118, 0.0, 0.3319037854671478, -0.41257819533348083, 0.2903640866279602, 7.40144157409668, 0.054796911776065826, 0.9031807780265808, -0.17039084434509277, 1.1353834867477417, 1.4658328294754028, -0.3033179044723511, -1.0202358961105347, 6.501050665974617e-05, -2.624130964279175, -2.6858582496643066, 4.233482837677002, 2.0873210430145264, -0.521105945110321, -0.2854534089565277, 0.5220494270324707, -1.2148706912994385, 0.20086050033569336, 1.075445532798767, -0.08482763171195984, -5.644116401672363, -0.07046402990818024, -1.0725281238555908, 1.2901840209960938, 15.502826690673828, 1.0, 1.0, 1.0, 1.0, 1.0, 1.0, 1.0, 0.0, 1.0, 1.0, 1.0, 1.0]"
361,0.0,0.0,0.0,3.168234616168775e-05,0.0,235.80393981933594,0.0,0.0,0.0,0.0,0.0,0.0,0.6716092824935913,-0.08459248393774033,-0.3211257755756378,-0.2702500820159912,-0.35023075342178345,0.0577593557536602,-0.5569198727607727,0.5109809041023254,-0.4888537526130676,0.34889835119247437,-1.1882438659667969,-0.5688363313674927,0.3972853720188141,-0.39828261733055115,8.28598403930664,"[0.6716092824935913, -0.08459248393774033, -0.3211257755756378, 0.6622049808502197, -0.33147725462913513, 0.01629667356610298, 0.010480553843080997, -0.014707098715007305, -0.999836802482605, 0.699999988079071, 0.0, 0.0, -0.2702500820159912, -0.35023075342178345, 0.0577593557536602, -0.5569198727607727, 0.11098089814186096, -0.08885374665260315, -0.05110165476799011, 8.344650268554688e-07, 0.23116368055343628, -0.40271463990211487, 0.4017173945903778, 7.485983848571777, -0.7395035624504089, -0.7137793898582458, 0.048716578632593155, 1.0688525438308716, 1.0765842199325562, -1.2291706800460815, -1.2502015829086304, 0.0026340452022850513, -4.776206016540527, 4.238507270812988, 5.403000354766846, 5.30787467956543, -0.5352175831794739, -0.43129703402519226, 0.674867570400238, -1.030998706817627, 0.2273564338684082, 0.861376166343689, -0.23197326064109802, -5.738912582397461, -0.19052790105342865, -1.2567970752716064, 1.1979783773422241, 16.12883186340332, 1.0, 1.0, 1.0, 1.0, 1.0, 1.0, 1.0, 0.0, 1.0, 1.0, 1.0, 1.0]"
362,0.0,0.0,0.0,7.079698116285726e-05,0.0,526.9246215820312,1.3509950804291293e-05,0.0,100.55126190185547,0.0,0.0,0.0,0.7064876556396484,-0.06742088496685028,-0.10561775416135788,-0.279013991355896,-0.3528510332107544,0.058685582131147385,-0.49243950843811035,0.5249201059341431,-0.4967607855796814,0.37239110469818115,-1.1882582902908325,-0.6670355200767517,0.44870880246162415,-0.394325315952301,8.415600776672363,"[0.7064876556396484, -0.06742088496685028, -0.10561775416135788, -0.0977414920926094, 0.02861870266497135, 0.08844970911741257, 0.00849892944097519, -0.017933685332536697, -0.9998031854629517, 0.699999988079071, 0.0, 0.0, -0.279013991355896, -0.3528510332107544, 0.058685582131147385, -0.49243950843811035, 0.12492009997367859, -0.09676077961921692, -0.027608901262283325, -1.3589859008789062e-05, 0.13296449184417725, -0.3512912094593048, 0.40567469596862793, 7.6156005859375, -0.2848954498767853, 0.1658858358860016, 0.12818899750709534, 4.101210117340088, 0.41605111956596375, -0.05051881819963455, 1.5254524946212769, 0.007385239005088806, -5.102874279022217, 1.7790008783340454, -0.8020879030227661, 6.596310615539551, -0.6018685698509216, -0.167812317609787, 0.6125880479812622, -1.0544593334197998, 0.04539036750793457, 0.8098937273025513, -0.4813764989376068, -5.80389928817749, -0.18145771324634552, -1.222682237625122, 1.0983977317810059, 16.679880142211914, 1.0, 1.0, 1.0, 1.0, 1.0, 1.0, 1.0, 0.0, 1.0, 1.0, 1.0, 1.0]"
363,0.0,0.0,0.0,5.92306096223183e-05,0.0,440.8389587402344,3.652587838587351e-05,0.0,271.8531799316406,0.0,0.0,0.0,0.6937941312789917,-0.05292964354157448,0.028139570727944374,-0.28438153862953186,-0.3464203178882599,0.06311527639627457,-0.4174239933490753,0.5177673101425171,-0.48318833112716675,0.3952072858810425,-1.188238501548767,-0.7380238175392151,0.4585322439670563,-0.39935585856437683,8.543834686279297,"[0.6937941312789917, -0.05292964354157448, 0.028139570727944374, -0.1540057361125946, 0.13870421051979065, 0.11003892868757248, 0.01038828119635582, -0.013831587508320808, -0.9998501539230347, 0.699999988079071, 0.0, 0.0, -0.28438153862953186, -0.3464203178882599, 0.06311527639627457, -0.4174239933490753, 0.11776730418205261, -0.08318832516670227, -0.004792720079421997, 6.198883056640625e-06, 0.06197619438171387, -0.3414677679538727, 0.4006441533565521, 7.743834495544434, -0.34754514694213867, 0.29753440618515015, 0.201799675822258, 3.2112271785736084, -0.8125033378601074, 0.7855046391487122, 1.1087815761566162, 0.002068721689283848, -2.7062745094299316, 0.19033464789390564, -0.18920134007930756, 6.549789905548096, -0.4335688054561615, -0.501589834690094, 0.7041770219802856, -1.0021439790725708, 0.13498163223266602, 0.7333391904830933, -0.11112353205680847, -5.80369758605957, -0.22304071485996246, -1.1695895195007324, 1.1657222509384155, 16.629610061645508, 1.0, 1.0, 1.0, 1.0, 1.0, 1.0, 1.0, 0.0, 1.0, 1.0, 1.0, 1.0]"
364,0.0,0.0,0.0,4.8689573304727674e-05,0.0,362.38458251953125,3.065043711103499e-05,0.0,228.12371826171875,0.0,0.0,0.0,0.6998924016952515,-0.04980841279029846,0.04377109929919243,-0.2894924581050873,-0.3418281078338623,0.06507701426744461,-0.377020925283432,0.4950605034828186,-0.4597190022468567,0.4155506491661072,-1.1882449388504028,-0.7800753712654114,0.4492475688457489,-0.40283626317977905,8.681317329406738,"[0.6998924016952515, -0.04980841279029846, 0.04377109929919243, -0.02977575920522213, 0.20861397683620453, 0.07934373617172241, 0.013953051529824734, -0.012314152903854847, -0.9998273253440857, 0.699999988079071, 0.0, 0.0, -0.2894924581050873, -0.3418281078338623, 0.06507701426744461, -0.377020925283432, 0.09506049752235413, -0.05971899628639221, 0.0155506432056427, -2.384185791015625e-07, 0.019924640655517578, -0.35075244307518005, 0.3971637487411499, 7.881317138671875, -0.18886186182498932, 0.17960992455482483, 0.08000939339399338, 1.3912086486816406, -1.301469087600708, 1.04143226146698, 1.060621738433838, 0.0019502537325024605, -1.3304545879364014, -0.3320131301879883, -0.2559102475643158, 6.7340922355651855, -0.5494795441627502, -0.4603498578071594, 0.5851626992225647, -1.0079712867736816, 0.250454306602478, 0.722707986831665, -0.1745299994945526, -5.8665690422058105, -0.09987024962902069, -1.2544176578521729, 1.3324840068817139, 16.555553436279297, 1.0, 1.0, 1.0, 1.0, 1.0, 1.0, 1.0, 0.0, 1.0, 1.0, 1.0, 1.0]"
365,0.0,0.0,0.0,5.2801020501647145e-05,0.0,392.9850769042969,3.864119935315102e-05,0.0,287.59698486328125,0.0,0.0,0.0,0.7207534909248352,-0.03596620261669159,0.07874543964862823,-0.2912469208240509,-0.3372052311897278,0.06749948859214783,-0.36415979266166687,0.47195130586624146,-0.43154004216194153,0.4327697157859802,-1.1882438659667969,-0.7886634469032288,0.4320119023323059,-0.40154629945755005,8.788603782653809,"[0.7207534909248352, -0.03596620261669159, 0.07874543964862823, -0.07897023856639862, 0.22340895235538483, 0.05243293195962906, 0.018070625141263008, -0.010553179308772087, -0.9997809529304504, 0.699999988079071, 0.0, 0.0, -0.2912469208240509, -0.3372052311897278, 0.06749948859214783, -0.36415979266166687, 0.07195129990577698, -0.03154003620147705, 0.03276970982551575, 8.344650268554688e-07, 0.011336565017700195, -0.36798810958862305, 0.3984537124633789, 7.988603591918945, -0.12086058408021927, 0.21131707727909088, 0.11841600388288498, 0.21748213469982147, -1.0441950559616089, 1.31693434715271, 0.7884211540222168, 0.003562089055776596, 0.09360802918672562, -0.7616372108459473, 0.2104243040084839, 4.287723541259766, -0.4526423513889313, -0.48600640892982483, 0.4805348217487335, -1.1091035604476929, 0.31626349687576294, 0.7902344465255737, -0.2193833291530609, -5.99232292175293, 0.05086185038089752, -1.36149263381958, 1.3845784664154053, 16.406850814819336, 1.0, 1.0, 1.0, 1.0, 1.0, 1.0, 1.0, 0.0, 1.0, 1.0, 1.0, 1.0]"
366,0.0,0.0,0.0,4.996166535420343e-05,0.0,371.8524475097656,4.226414966979064e-05,0.0,314.5617370605469,0.0,0.0,0.0,0.7489993572235107,-0.015464212745428085,0.13769648969173431,-0.29324421286582947,-0.33241143822669983,0.06978996098041534,-0.3758055865764618,0.45761120319366455,-0.3948754072189331,0.44245368242263794,-1.1882433891296387,-0.7703334093093872,0.4016818702220917,-0.38691383600234985,8.836124420166016,"[0.7489993572235107, -0.015464212745428085, 0.13769648969173431, -0.08015725016593933, 0.2152782380580902, 0.041481103748083115, 0.022264979779720306, -0.008433758281171322, -0.999716579914093, 0.699999988079071, 0.0, 0.0, -0.29324421286582947, -0.33241143822669983, 0.06978996098041534, -0.3758055865764618, 0.05761119723320007, 0.005124598741531372, 0.04245367646217346, 1.3113021850585938e-06, 0.029666602611541748, -0.3983181416988373, 0.4130861759185791, 8.036124229431152, -0.1184876337647438, 0.21681605279445648, 0.09243596345186234, -1.1429462432861328, -0.5827236175537109, 1.8643674850463867, 0.3947508633136749, 0.0014286395162343979, 1.6332627534866333, -1.6438355445861816, 0.9308694005012512, 1.1228901147842407, -0.44870394468307495, -0.4109145402908325, 0.4171905517578125, -1.3032934665679932, 0.33123528957366943, 0.85283362865448, -0.33110466599464417, -6.169977188110352, 0.24414199590682983, -1.5423167943954468, 1.4546949863433838, 16.18540382385254, 1.0, 1.0, 1.0, 1.0, 1.0, 1.0, 1.0, 0.0, 1.0, 1.0, 1.0, 1.0]"
367,0.0,0.0,0.0,5.016357317799702e-05,0.0,373.355224609375,4.0744140278548e-05,0.0,303.2486877441406,0.0,0.0,0.0,0.7750693559646606,-0.0007644526194781065,0.18989677727222443,-0.29238662123680115,-0.3268655240535736,0.0722653791308403,-0.4166087210178375,0.45161741971969604,-0.348897784948349,0.44285839796066284,-1.18824303150177,-0.7231566905975342,0.3567720353603363,-0.35563895106315613,8.824225425720215,"[0.7750693559646606, -0.0007644526194781065, 0.18989677727222443, -0.1651635617017746, 0.21339809894561768, 0.03726144880056381, 0.026291005313396454, -0.005495610646903515, -0.9996393918991089, 0.699999988079071, 0.0, 0.0, -0.29238662123680115, -0.3268655240535736, 0.0722653791308403, -0.4166087210178375, 0.05161741375923157, 0.05110222101211548, 0.042858392000198364, 1.6689300537109375e-06, 0.07684332132339478, -0.44322797656059265, 0.4443610608577728, 8.024225234985352, 0.14885447919368744, 0.29211676120758057, 0.15022602677345276, -2.6203505992889404, -0.212346151471138, 2.258310556411743, -0.08394740521907806, 0.0016315001994371414, 2.949881076812744, -2.2714529037475586, 1.7740668058395386, -2.02184796333313, -0.31030479073524475, -0.4430887699127197, 0.3871271014213562, -1.5468814373016357, 0.2955246567726135, 0.9163724184036255, -0.3559724986553192, -6.309945106506348, 0.46881645917892456, -1.799001932144165, 1.5048837661743164, 15.742257118225098, 1.0, 1.0, 1.0, 1.0, 1.0, 1.0, 1.0, 0.0, 1.0, 1.0, 1.0, 1.0]"
368,0.0,0.0,0.0,4.014344449387863e-05,0.0,298.77783203125,2.913339267252013e-05,0.0,216.83270263671875,0.0,0.0,0.0,0.7980055809020996,-0.0004351501993369311,0.21108223497867584,-0.28079745173454285,-0.31861597299575806,0.0772193893790245,-0.48393571376800537,0.44827166199684143,-0.29531577229499817,0.4349369704723358,-1.1882450580596924,-0.6462565660476685,0.29860246181488037,-0.31080713868141174,8.752997398376465,"[0.7980055809020996, -0.0004351501993369311, 0.21108223497867584, -0.32692500948905945, 0.26804375648498535, 0.018502632156014442, 0.030866872519254684, 0.0002330215647816658, -0.9995235204696655, 0.699999988079071, 0.0, 0.0, -0.28079745173454285, -0.31861597299575806, 0.0772193893790245, -0.48393571376800537, 0.04827165603637695, 0.10468423366546631, 0.03493696451187134, -3.5762786865234375e-07, 0.1537434458732605, -0.5013975501060486, 0.4891928732395172, 7.952997207641602, 0.8515983819961548, 0.4525891840457916, 0.31676438450813293, -3.7730114459991455, -0.35111743211746216, 2.706249237060547, -0.42195260524749756, -0.0028541479259729385, 4.848294734954834, -3.0753753185272217, 2.285752773284912, -4.771374225616455, -0.2681882083415985, -0.41425904631614685, 0.43746283650398254, -1.63579523563385, -0.1023821234703064, 0.8517382144927979, -0.1758427619934082, -6.260733604431152, 0.9189438819885254, -2.051140069961548, 1.3611470460891724, 15.1023530960083, 1.0, 1.0, 1.0, 1.0, 1.0, 1.0, 1.0, 0.0, 1.0, 1.0, 1.0, 1.0]"
369,9.015708428705693e-07,0.0,6.710170745849609,4.410410838318057e-06,0.0,32.82561111450195,0.0,0.0,0.0,0.0,0.0,0.0,0.8011781573295593,-0.01718888059258461,0.1296314299106598,-0.25324776768684387,-0.3066793978214264,0.08643542975187302,-0.5628646016120911,0.4304508566856384,-0.23850984871387482,0.4299103021621704,-1.188239574432373,-0.5336669087409973,0.22801856696605682,-0.2857402265071869,8.642168998718262,"[0.8011781573295593, -0.01718888059258461, 0.1296314299106598, -0.5963625311851501, 0.47164255380630493, 0.023382073268294334, 0.03856866806745529, 0.009386219084262848, -0.9992117881774902, 0.699999988079071, 0.0, 0.0, -0.25324776768684387, -0.3066793978214264, 0.08643542975187302, -0.5628646016120911, 0.03045085072517395, 0.16149015724658966, 0.029910296201705933, 5.125999450683594e-06, 0.26633310317993164, -0.5719814300537109, 0.5142598152160645, 7.842168807983398, 1.6896721124649048, 0.7753317356109619, 0.6825570464134216, -3.737435817718506, -1.2475330829620361, 2.8154656887054443, 0.04313953220844269, 0.0004988291766494513, 5.411557197570801, -4.304591178894043, -0.9340654611587524, -5.7887444496154785, -0.3455486595630646, -0.41368183493614197, 0.0826420933008194, -1.3228206634521484, -0.5289685130119324, -0.6532502174377441, -0.18771517276763916, -5.918845176696777, 1.148071050643921, -1.4468774795532227, 0.5725984573364258, 14.571779251098633, 1.0, 1.0, 1.0, 1.0, 1.0, 1.0, 1.0, 0.0, 1.0, 1.0, 1.0, 1.0]"
370,6.803892028983682e-05,0.0,506.3970642089844,0.0,0.0,0.0,0.0,0.0,0.0,0.0,0.0,0.0,0.7162155508995056,-0.013711187057197094,0.13569505512714386,-0.24755361676216125,-0.29994773864746094,0.09593240171670914,-0.6110376119613647,0.45054876804351807,-0.22240309417247772,0.4297589361667633,-1.188239336013794,-0.5385112762451172,0.23280830681324005,-0.35708165168762207,8.533194541931152,"[0.7162155508995056, -0.013711187057197094, 0.13569505512714386, -0.5519636273384094, 0.2246285080909729, 0.059884943068027496, 0.044128499925136566, 0.015504090115427971, -0.9989058971405029, 0.699999988079071, 0.0, 0.0, -0.24755361676216125, -0.29994773864746094, 0.09593240171670914, -0.6110376119613647, 0.05054876208305359, 0.17759691178798676, 0.029758930206298828, 5.364418029785156e-06, 0.26148873567581177, -0.5671917200088501, 0.4429183602333069, 7.733194351196289, 0.511579155921936, 0.4207651615142822, 0.6951199173927307, 0.24673539400100708, 1.2247698307037354, -1.0534117221832275, -0.39477312564849854, 0.00016176514327526093, -0.5543004870414734, 3.645411729812622, -3.8577702045440674, -5.452045440673828, -0.186672180891037, -0.768626868724823, 0.04586382582783699, -1.4055280685424805, -0.6601722836494446, -1.7005609273910522, -0.11041402816772461, -6.036175727844238, 1.1123201847076416, -0.7260891199111938, 0.055173590779304504, 13.980425834655762, 1.0, 1.0, 1.0, 1.0, 1.0, 1.0, 1.0, 0.0, 1.0, 1.0, 1.0, 1.0]"
371,4.7334997361758724e-05,0.0,352.3028259277344,0.0,0.0,0.0,0.0,0.0,0.0,0.0,0.0,0.0,0.5983461141586304,-0.0003099636232946068,0.09031818807125092,-0.252651184797287,-0.31574779748916626,0.08795341104269028,-0.6109662652015686,0.45991793274879456,-0.2974756956100464,0.41831231117248535,-1.1882450580596924,-0.525861382484436,0.329682320356369,-0.4626891016960144,8.389183044433594,"[0.5983461141586304, -0.0003099636232946068, 0.09031818807125092, 0.5473285913467407, 0.010497190058231354, 0.1517868936061859, 0.04616706073284149, 0.011234310455620289, -0.9988704919815063, 0.699999988079071, 0.0, 0.0, -0.252651184797287, -0.31574779748916626, 0.08795341104269028, -0.6109662652015686, 0.05991792678833008, 0.10252431035041809, 0.018312305212020874, -3.5762786865234375e-07, 0.2741386294364929, -0.47031769156455994, 0.33731091022491455, 7.5891828536987305, -0.58821702003479, -1.4086414575576782, -0.8322452902793884, 0.22553196549415588, 0.38191381096839905, -5.065966606140137, -0.6261172890663147, -0.002754807472229004, 0.8461363911628723, 4.68496036529541, -5.986485481262207, -7.223578453063965, -0.06495419144630432, -0.8071380257606506, 0.030663806945085526, -1.3237937688827515, -0.31451332569122314, -1.2568739652633667, -0.033032387495040894, -6.078419208526611, 0.923025906085968, -0.37094101309776306, -0.006916448473930359, 14.083443641662598, 1.0, 1.0, 1.0, 1.0, 1.0, 1.0, 1.0, 0.0, 1.0, 1.0, 1.0, 1.0]"
372,2.4357621441595256e-05,0.0,181.28781127929688,0.0,0.0,0.0,0.0,0.0,0.0,0.0,0.0,0.0,0.5634599328041077,-0.019390320405364037,-0.033262137323617935,-0.2660316228866577,-0.35220828652381897,0.06953132152557373,-0.6097282767295837,0.4651341140270233,-0.41776376962661743,0.40307357907295227,-1.1882420778274536,-0.501320481300354,0.41279682517051697,-0.5637357234954834,8.244104385375977,"[0.5634599328041077, -0.019390320405364037, -0.033262137323617935, 0.6292432546615601, -0.2672435939311981, 0.1266360729932785, 0.043306104838848114, -0.002369855996221304, -0.9990592002868652, 0.699999988079071, 0.0, 0.0, -0.2660316228866577, -0.35220828652381897, 0.06953132152557373, -0.6097282767295837, 0.06513410806655884, -0.017763763666152954, 0.003073573112487793, 2.6226043701171875e-06, 0.29867953062057495, -0.387203186750412, 0.23626428842544556, 7.444104194641113, -0.6829668283462524, -1.847434401512146, -0.8218419551849365, 0.20672282576560974, 0.5046812891960144, -6.07284688949585, -0.9081785082817078, -0.006730267312377691, 1.0590858459472656, 3.6605730056762695, -3.394502639770508, -6.697140216827393, -0.1548125445842743, -0.7115222215652466, -0.08974294364452362, -1.178224802017212, -0.18035244941711426, 0.0689457356929779, -0.003874361515045166, -5.644295692443848, 0.9977551102638245, -0.3832349181175232, 0.32057738304138184, 14.450539588928223, 1.0, 1.0, 1.0, 1.0, 1.0, 1.0, 1.0, 0.0, 1.0, 1.0, 1.0, 1.0]"
373,0.0,0.0,0.0,0.0,0.0,0.0,0.0,0.0,0.0,0.0,0.0,0.0,0.618461549282074,-0.059917155653238297,-0.17746657133102417,-0.27171480655670166,-0.37356072664260864,0.05881502106785774,-0.5886829495429993,0.4790832996368408,-0.5002490878105164,0.3813031017780304,-1.1882447004318237,-0.48134732246398926,0.4261206090450287,-0.5553082823753357,8.19386100769043,"[0.618461549282074, -0.059917155653238297, -0.17746657133102417, 0.2105286419391632, -0.5685153603553772, 0.07351689040660858, 0.033905014395713806, -0.010030296631157398, -0.9993747472763062, 0.699999988079071, 0.0, 0.0, -0.27171480655670166, -0.37356072664260864, 0.05881502106785774, -0.5886829495429993, 0.07908329367637634, -0.10024908185005188, -0.018696904182434082, 0.0, 0.3186526894569397, -0.37387940287590027, 0.24469172954559326, 7.393860816955566, -0.041817519813776016, -0.30203044414520264, -0.3715935945510864, 1.4626487493515015, 0.8631860613822937, -2.3878896236419678, -1.2517932653427124, 6.711708556395024e-05, 0.5382429361343384, -2.040567636489868, 3.2422258853912354, 0.09323320537805557, -0.4930959939956665, -0.18727564811706543, 0.13106246292591095, -1.2825675010681152, 0.10286092758178711, 1.3875545263290405, -0.16001242399215698, -5.648002624511719, 0.38357633352279663, -1.0111770629882812, 1.2223834991455078, 15.067387580871582, 1.0, 1.0, 1.0, 1.0, 1.0, 1.0, 1.0, 0.0, 1.0, 1.0, 1.0, 1.0]"
374,0.0,0.0,0.0,0.0,0.0,0.0,0.0,0.0,0.0,0.0,0.0,0.0,0.6938274502754211,-0.1058543398976326,-0.38492390513420105,-0.2692003846168518,-0.3500179648399353,0.05949617177248001,-0.5665825605392456,0.5064259767532349,-0.49151411652565,0.3565029203891754,-1.1882448196411133,-0.53873610496521,0.35686466097831726,-0.44747620820999146,8.23253059387207,"[0.6938274502754211, -0.1058543398976326, -0.38492390513420105, -0.10825478285551071, -0.7855585813522339, 0.033289000391960144, 0.01986771821975708, -0.010508459061384201, -0.9997475743293762, 0.699999988079071, 0.0, 0.0, -0.2692003846168518, -0.3500179648399353, 0.05949617177248001, -0.5665825605392456, 0.10642597079277039, -0.09151411056518555, -0.04349708557128906, -1.1920928955078125e-07, 0.261263906955719, -0.4431353509426117, 0.3525238037109375, 7.432530403137207, 0.1733257919549942, 2.006187915802002, 0.4668589234352112, 0.9535015821456909, 1.6886223554611206, 1.9335018396377563, -1.1188979148864746, 6.414280505850911e-05, -4.680299282073975, -3.611243724822998, 5.743035793304443, 3.4504196643829346, -0.45555219054222107, -0.4281773567199707, 0.6368860602378845, -1.1340930461883545, 0.2945646047592163, 0.9244383573532104, -0.13506421446800232, -5.766768932342529, -0.21889053285121918, -1.1102254390716553, 1.253158450126648, 15.79517650604248, 1.0, 1.0, 1.0, 1.0, 1.0, 1.0, 1.0, 0.0, 1.0, 1.0, 1.0, 1.0]"
375,0.0,0.0,0.0,9.929430962074548e-05,0.0,739.0232543945312,4.1582865378586575e-05,0.0,309.4911193847656,0.0,0.0,0.0,0.7013538479804993,-0.06258562952280045,-0.14923754334449768,-0.2778948247432709,-0.3548893928527832,0.057369694113731384,-0.5305575728416443,0.5269821286201477,-0.5038873553276062,0.36128151416778564,-1.1882530450820923,-0.6355819702148438,0.4207843840122223,-0.40390995144844055,8.343145370483398,"[0.7013538479804993, -0.06258562952280045, -0.14923754334449768, -0.06611105799674988, -0.21900500357151031, 0.17250394821166992, 0.013427219353616238, -0.016612455248832703, -0.9997717142105103, 0.699999988079071, 0.0, 0.0, -0.2778948247432709, -0.3548893928527832, 0.057369694113731384, -0.5305575728416443, 0.12698212265968323, -0.10388734936714172, -0.03871849179267883, -8.344650268554688e-06, 0.1644180417060852, -0.37921562790870667, 0.3960900604724884, 7.543145179748535, -0.2727891206741333, 0.0923973023891449, 0.022409677505493164, 3.376408100128174, 0.7361339330673218, -0.8262942433357239, 2.6672589778900146, -0.016160499304533005, -4.4391703605651855, 3.4049599170684814, -2.0940558910369873, 6.518290996551514, -0.6495349407196045, -0.3466528058052063, 0.5704354643821716, -1.1019816398620605, 0.24273550510406494, 0.7908662557601929, -0.3743007779121399, -5.70919132232666, 0.00908099114894867, -1.5025887489318848, 1.1587549448013306, 16.232900619506836, 1.0, 1.0, 1.0, 1.0, 1.0, 1.0, 1.0, 0.0, 1.0, 1.0, 1.0, 1.0]"
376,0.0,0.0,0.0,6.813234358560294e-05,0.0,507.09234619140625,4.2617110011633486e-05,0.0,317.1887512207031,0.0,0.0,0.0,0.6959757804870605,-0.049340493977069855,0.0009549463866278529,-0.2848915159702301,-0.3521214425563812,0.058710310608148575,-0.46446532011032104,0.5318050980567932,-0.4982614815235138,0.38927969336509705,-1.1882388591766357,-0.7069005966186523,0.4475573003292084,-0.41262906789779663,8.460411071777344,"[0.6959757804870605, -0.049340493977069855, 0.0009549463866278529, -0.09919310361146927, 0.04257297143340111, 0.11398159712553024, 0.012732193805277348, -0.015566161833703518, -0.9997977614402771, 0.699999988079071, 0.0, 0.0, -0.2848915159702301, -0.3521214425563812, 0.058710310608148575, -0.46446532011032104, 0.13180509209632874, -0.09826147556304932, -0.010720312595367432, 5.841255187988281e-06, 0.09309941530227661, -0.3524427115917206, 0.3873709440231323, 7.6604108810424805, -0.33761823177337646, 0.20820176601409912, 0.12859012186527252, 3.2353451251983643, -0.07448280602693558, 0.508995771408081, 1.3311947584152222, -0.0005658380687236786, -3.447601079940796, 0.8111317157745361, -0.4061625897884369, 5.74180793762207, -0.27328935265541077, -0.4481099247932434, 0.7915053963661194, -1.0624473094940186, 0.007820844650268555, 0.7699878215789795, -0.026514798402786255, -5.792513847351074, -0.33532071113586426, -1.0894156694412231, 1.0916211605072021, 16.383445739746094, 1.0, 1.0, 1.0, 1.0, 1.0, 1.0, 1.0, 0.0, 1.0, 1.0, 1.0, 1.0]"
377,0.0,0.0,0.0,4.8505527956876904e-05,0.0,361.01483154296875,2.917216443165671e-05,0.0,217.1212921142578,0.0,0.0,0.0,0.6955814957618713,-0.057490505278110504,0.038739513605833054,-0.2831808924674988,-0.3467227816581726,0.061893586069345474,-0.41226935386657715,0.5177003145217896,-0.4779309034347534,0.41068193316459656,-1.1882425546646118,-0.7740226984024048,0.44371670484542847,-0.4177401065826416,8.59044075012207,"[0.6955814957618713, -0.057490505278110504, 0.038739513605833054, -0.12135274708271027, 0.22613105177879333, 0.0670986920595169, 0.01613403856754303, -0.013018082827329636, -0.9997852444648743, 0.699999988079071, 0.0, 0.0, -0.2831808924674988, -0.3467227816581726, 0.061893586069345474, -0.41226935386657715, 0.11770030856132507, -0.07793089747428894, 0.01068192720413208, 2.1457672119140625e-06, 0.02597731351852417, -0.3562833070755005, 0.38225990533828735, 7.790440559387207, 0.29175689816474915, 0.27168455719947815, 0.18335022032260895, 2.1713149547576904, -1.1276403665542603, 0.909298300743103, 1.113471508026123, 0.002049247734248638, -2.6280477046966553, -0.15295550227165222, -0.39890190958976746, 6.8634033203125, -0.6569223999977112, -0.47584739327430725, 0.6169987916946411, -1.004927396774292, 0.2206631898880005, 0.7027791738510132, -0.16608622670173645, -5.870983123779297, -0.19152547419071198, -1.1934733390808105, 1.294946312904358, 16.5135555267334, 1.0, 1.0, 1.0, 1.0, 1.0, 1.0, 1.0, 0.0, 1.0, 1.0, 1.0, 1.0]"
378,0.0,0.0,0.0,4.923800952383317e-05,0.0,366.4664611816406,3.91568974009715e-05,0.0,291.4352111816406,0.0,0.0,0.0,0.7046985030174255,-0.041009820997714996,0.0582844503223896,-0.27970418334007263,-0.34186500310897827,0.06464537233114243,-0.387445330619812,0.49181023240089417,-0.4535965621471405,0.43025773763656616,-1.1882424354553223,-0.8037968277931213,0.43244925141334534,-0.42065584659576416,8.712793350219727,"[0.7046985030174255, -0.041009820997714996, 0.0582844503223896, -0.06120486557483673, 0.19834260642528534, 0.07110435515642166, 0.020161496475338936, -0.011028141714632511, -0.9997356534004211, 0.699999988079071, 0.0, 0.0, -0.27970418334007263, -0.34186500310897827, 0.06464537233114243, -0.387445330619812, 0.09181022644042969, -0.053596556186676025, 0.030257731676101685, 2.2649765014648438e-06, -0.003796815872192383, -0.3675507605075836, 0.3793441653251648, 7.912793159484863, -0.007996478118002415, 0.19756224751472473, 0.0917850136756897, 0.7711161971092224, -1.3165457248687744, 1.098100185394287, 0.958729088306427, 0.0006233742460608482, -0.7497837543487549, -0.3978768289089203, -0.0711139366030693, 5.376176834106445, -0.43838587403297424, -0.5007615089416504, 0.5443985462188721, -1.0655393600463867, 0.27979719638824463, 0.734784722328186, -0.16548994183540344, -5.936882019042969, -0.036629244685173035, -1.3208110332489014, 1.351525068283081, 16.436595916748047, 1.0, 1.0, 1.0, 1.0, 1.0, 1.0, 1.0, 0.0, 1.0, 1.0, 1.0, 1.0]"
379,0.0,0.0,0.0,5.534015508601442e-05,0.0,411.8832702636719,4.35530164395459e-05,0.0,324.15447998046875,0.0,0.0,0.0,0.7259889841079712,-0.019537197425961494,0.12028433382511139,-0.28117573261260986,-0.3369141221046448,0.06697196513414383,-0.38292041420936584,0.4701122045516968,-0.42236199975013733,0.442378968000412,-1.1882420778274536,-0.7962598204612732,0.4110865592956543,-0.40974780917167664,8.792938232421875,"[0.7259889841079712, -0.019537197425961494, 0.12028433382511139, -0.10028931498527527, 0.19493542611598969, 0.06437212973833084, 0.023798895999789238, -0.0087776193395257, -0.9996780753135681, 0.699999988079071, 0.0, 0.0, -0.28117573261260986, -0.3369141221046448, 0.06697196513414383, -0.38292041420936584, 0.0701121985912323, -0.02236199378967285, 0.04237896203994751, 2.6226043701171875e-06, 0.0037401914596557617, -0.38891345262527466, 0.3902522027492523, 7.992938041687012, -0.13084255158901215, 0.2296251356601715, 0.09438911080360413, -0.15462300181388855, -0.9750795364379883, 1.5319896936416626, 0.527624785900116, -0.00103828776627779, 1.1718618869781494, -1.0649715662002563, 0.6929972171783447, 3.0583834648132324, -0.47888797521591187, -0.4461878836154938, 0.4839012324810028, -1.206265926361084, 0.3232688903808594, 0.8265198469161987, -0.2576349675655365, -6.0808939933776855, 0.13845176994800568, -1.4157156944274902, 1.4175703525543213, 16.305015563964844, 1.0, 1.0, 1.0, 1.0, 1.0, 1.0, 1.0, 0.0, 1.0, 1.0, 1.0, 1.0]"
380,0.0,0.0,0.0,4.937107951263897e-05,0.0,367.4568786621094,4.333837568992749e-05,0.0,322.55694580078125,0.0,0.0,0.0,0.7539286017417908,-0.0012643010122701526,0.177028089761734,-0.28295525908470154,-0.33182916045188904,0.06889286637306213,-0.40475180745124817,0.45710405707359314,-0.3810485899448395,0.4458516538143158,-1.1882435083389282,-0.757678210735321,0.3738096356391907,-0.38373836874961853,8.818390846252441,"[0.7539286017417908, -0.0012643010122701526, 0.177028089761734, -0.11638545989990234, 0.19447074830532074, 0.05373635143041611, 0.02753504179418087, -0.0063238018192350864, -0.9996008276939392, 0.699999988079071, 0.0, 0.0, -0.28295525908470154, -0.33182916045188904, 0.06889286637306213, -0.40475180745124817, 0.05710405111312866, 0.018951416015625, 0.04585164785385132, 1.1920928955078125e-06, 0.04232180118560791, -0.4261903762817383, 0.4162616431713104, 8.018390655517578, -0.06692105531692505, 0.2527156472206116, 0.08184651285409927, -1.6963590383529663, -0.5168645977973938, 2.0914199352264404, 0.10971520841121674, -0.0036005899310112, 2.530099630355835, -1.9862556457519531, 1.4369350671768188, 0.03810286521911621, -0.3751511871814728, -0.41907230019569397, 0.4165709614753723, -1.427926778793335, 0.32936161756515503, 0.8869236707687378, -0.33748582005500793, -6.256994247436523, 0.34009766578674316, -1.6372652053833008, 1.4957635402679443, 16.0180606842041, 1.0, 1.0, 1.0, 1.0, 1.0, 1.0, 1.0, 0.0, 1.0, 1.0, 1.0, 1.0]"
381,0.0,0.0,0.0,4.518977220868692e-05,0.0,336.33642578125,3.8442642107838765e-05,0.0,286.1191711425781,0.0,0.0,0.0,0.7807487845420837,0.00701830955222249,0.21677319705486298,-0.2786407470703125,-0.3250376880168915,0.07217317819595337,-0.455964058637619,0.45133915543556213,-0.33090710639953613,0.4404788315296173,-1.1882444620132446,-0.69390869140625,0.3219428062438965,-0.34260475635528564,8.78635025024414,"[0.7807487845420837, 0.00701830955222249, 0.21677319705486298, -0.24866938591003418, 0.22075606882572174, 0.03712528198957443, 0.031496770679950714, -0.0021119187586009502, -0.9995015859603882, 0.699999988079071, 0.0, 0.0, -0.2786407470703125, -0.3250376880168915, 0.07217317819595337, -0.455964058637619, 0.051339149475097656, 0.06909289956092834, 0.04047882556915283, 2.384185791015625e-07, 0.10609132051467896, -0.47805720567703247, 0.4573952555656433, 7.986350059509277, 0.40358781814575195, 0.37544792890548706, 0.20404145121574402, -3.0958364009857178, -0.25107884407043457, 2.5253965854644775, -0.3258471190929413, -0.003901948221027851, 3.7385094165802, -2.7187700271606445, 2.1537699699401855, -3.1724131107330322, -0.23363518714904785, -0.47845059633255005, 0.39135923981666565, -1.626128077507019, 0.19963288307189941, 0.9250451326370239, -0.2637195587158203, -6.322979927062988, 0.5931333303451538, -1.903601884841919, 1.4912883043289185, 15.468962669372559, 1.0, 1.0, 1.0, 1.0, 1.0, 1.0, 1.0, 0.0, 1.0, 1.0, 1.0, 1.0]"
382,0.0,0.0,0.0,3.26105255226139e-05,0.0,242.712158203125,2.392407986917533e-05,0.0,178.0610809326172,0.0,0.0,0.0,0.8004494309425354,0.0004918344202451408,0.2085338979959488,-0.2608543634414673,-0.3154851198196411,0.07822518050670624,-0.529897153377533,0.4438650608062744,-0.27356240153312683,0.4304516613483429,-1.188240647315979,-0.6040480732917786,0.25551939010620117,-0.2956734597682953,8.695610046386719,"[0.8004494309425354, 0.0004918344202451408, 0.2085338979959488, -0.4164964556694031, 0.3320687413215637, 0.01927236095070839, 0.037014588713645935, 0.004893310368061066, -0.9993025064468384, 0.699999988079071, 0.0, 0.0, -0.2608543634414673, -0.3154851198196411, 0.07822518050670624, -0.529897153377533, 0.043865054845809937, 0.12643760442733765, 0.030451655387878418, 4.0531158447265625e-06, 0.1959519386291504, -0.5444806218147278, 0.504326581954956, 7.8956098556518555, 1.1927156448364258, 0.5433078408241272, 0.41269755363464355, -3.8839972019195557, -0.6676737666130066, 2.8969311714172363, -0.37374910712242126, -0.006720546633005142, 5.41127347946167, -3.5052452087402344, 2.0641627311706543, -5.271152496337891, -0.3417140543460846, -0.32813677191734314, 0.46267959475517273, -1.6146204471588135, -0.3167407512664795, 0.5399391651153564, -0.1727142333984375, -6.173637866973877, 1.0978566408157349, -2.0006678104400635, 1.1783567667007446, 14.857890129089355, 1.0, 1.0, 1.0, 1.0, 1.0, 1.0, 1.0, 0.0, 1.0, 1.0, 1.0, 1.0]"
383,6.058769940864295e-05,0.0,450.9394226074219,0.0,0.0,0.0,0.0,0.0,0.0,0.0,0.0,0.0,0.8002979159355164,-0.011029443703591824,0.14495949447155,-0.24317850172519684,-0.3054998517036438,0.08788953721523285,-0.6096239686012268,0.43935269117355347,-0.21852877736091614,0.4312465488910675,-1.1882528066635132,-0.5397006869316101,0.18816809356212616,-0.3031935691833496,8.581388473510742,"[0.8002979159355164, -0.011029443703591824, 0.14495949447155, -0.04244166985154152, 0.22789373993873596, 0.004496340174227953, 0.04435595124959946, 0.012313038110733032, -0.9989398717880249, 0.699999988079071, 0.0, 0.0, -0.24317850172519684, -0.3054998517036438, 0.08788953721523285, -0.6096239686012268, 0.03935268521308899, 0.18147122859954834, 0.031246542930603027, -8.106231689453125e-06, 0.26029932498931885, -0.6118319034576416, 0.49680644273757935, 7.781388282775879, 0.11235170066356659, 0.1539953202009201, 0.40613797307014465, -4.192622184753418, 1.7523537874221802, 2.380528211593628, 0.5028666257858276, -0.009128395467996597, -1.0680797100067139, -2.6241769790649414, -3.762873649597168, -5.8190131187438965, -0.2396039068698883, -0.5726413130760193, -0.12515537440776825, -1.2386542558670044, -0.5542064905166626, -1.1471611261367798, -0.12457135319709778, -5.920248985290527, 1.1051496267318726, -1.0922908782958984, 0.24534864723682404, 14.3976469039917, 1.0, 1.0, 1.0, 1.0, 1.0, 1.0, 1.0, 0.0, 1.0, 1.0, 1.0, 1.0]"
384,5.392164530348964e-05,0.0,401.32562255859375,0.0,0.0,0.0,0.0,0.0,0.0,0.0,0.0,0.0,0.6670658588409424,0.0029816783498972654,0.14302228391170502,-0.23518815636634827,-0.3005167543888092,0.09821206331253052,-0.6109880208969116,0.4562027156352997,-0.233718141913414,0.4283220171928406,-1.1882436275482178,-0.5384541749954224,0.2521878480911255,-0.39134636521339417,8.461472511291504,"[0.6670658588409424, 0.0029816783498972654, 0.14302228391170502, -0.036509919911623, 0.12540380656719208, 0.10403963923454285, 0.04861488565802574, 0.020952293649315834, -0.9985981583595276, 0.699999988079071, 0.0, 0.0, -0.23518815636634827, -0.3005167543888092, 0.09821206331253052, -0.6109880208969116, 0.056202709674835205, 0.16628186404705048, 0.0283220112323761, 1.0728836059570312e-06, 0.2615458369255066, -0.5478121638298035, 0.4086536467075348, 7.661472320556641, -0.008007284253835678, -0.428433358669281, -0.22123350203037262, 0.3412054479122162, 0.7107623815536499, -2.575021982192993, -0.4577289819717407, -0.0011556909885257483, 0.3204151690006256, 5.876960277557373, -4.360692501068115, -7.027853012084961, -0.11281922459602356, -0.8173224329948425, 0.012880463153123856, -1.3985143899917603, -0.45525866746902466, -1.4622220993041992, -0.11321820318698883, -6.088138580322266, 0.9468851089477539, -0.4946505129337311, -0.06936971843242645, 13.948482513427734, 1.0, 1.0, 1.0, 1.0, 1.0, 1.0, 1.0, 0.0, 1.0, 1.0, 1.0, 1.0]"
385,3.350750921526924e-05,0.0,249.38819885253906,0.0,0.0,0.0,0.0,0.0,0.0,0.0,0.0,0.0,0.5829997062683105,0.005685980897396803,0.054408323019742966,-0.2474154531955719,-0.32934147119522095,0.07580122351646423,-0.6109409332275391,0.46063533425331116,-0.32608968019485474,0.4172157943248749,-1.1882455348968506,-0.5167770385742188,0.35881978273391724,-0.5104143023490906,8.313963890075684,"[0.5829997062683105, 0.005685980897396803, 0.054408323019742966, 0.7245535254478455, -0.05169159919023514, 0.14618173241615295, 0.0492689311504364, 0.009542008861899376, -0.9987401962280273, 0.699999988079071, 0.0, 0.0, -0.2474154531955719, -0.32934147119522095, 0.07580122351646423, -0.6109409332275391, 0.06063532829284668, 0.07391032576560974, 0.0172157883644104, -8.344650268554688e-07, 0.2832229733467102, -0.4411802291870117, 0.2895857095718384, 7.51396369934082, -0.8169056177139282, -1.7893670797348022, -1.2844767570495605, 0.06250344961881638, 0.3026323616504669, -5.453460693359375, -0.6466380953788757, -0.005701619666069746, 1.0177059173583984, 4.530575275421143, -6.217496871948242, -7.4149041175842285, -0.030910102650523186, -0.7295742630958557, 0.06157167628407478, -1.2976880073547363, -0.2780051827430725, -0.8833922147750854, -0.05008164048194885, -5.976766586303711, 1.0360629558563232, -0.34336718916893005, 0.05053599178791046, 14.258532524108887, 1.0, 1.0, 1.0, 1.0, 1.0, 1.0, 1.0, 0.0, 1.0, 1.0, 1.0, 1.0]"
386,2.3020262233330868e-05,0.0,171.33419799804688,0.0,0.0,0.0,0.0,0.0,0.0,0.0,0.0,0.0,0.5757246613502502,-0.03360557556152344,-0.06741880625486374,-0.2576805055141449,-0.3608734607696533,0.05879589542746544,-0.6038275361061096,0.46834561228752136,-0.43678751587867737,0.3977600634098053,-1.188246726989746,-0.4922544062137604,0.4289954602718353,-0.5793085694313049,8.197543144226074,"[0.5757246613502502, -0.03360557556152344, -0.06741880625486374, 0.4108397662639618, -0.4098626375198364, 0.09536144882440567, 0.044120464473962784, -0.0014188529457896948, -0.9990250468254089, 0.699999988079071, 0.0, 0.0, -0.2576805055141449, -0.3608734607696533, 0.05879589542746544, -0.6038275361061096, 0.06834560632705688, -0.03678750991821289, -0.0022399425506591797, -2.0265579223632812e-06, 0.3077456057071686, -0.37100455164909363, 0.22069144248962402, 7.397542953491211, -0.3986857235431671, -1.259213924407959, -0.5860812664031982, 0.7282536029815674, 0.5780558586120605, -4.999515056610107, -1.1595836877822876, -0.007912321016192436, 1.1710911989212036, 2.2724390029907227, -1.010161280632019, -3.6951072216033936, -0.26301875710487366, -0.5422852039337158, -0.1391175538301468, -1.171109914779663, -0.13101160526275635, 0.5449326038360596, -0.002902776002883911, -5.641490459442139, 0.9547387361526489, -0.5733209848403931, 0.5532352328300476, 14.590603828430176, 1.0, 1.0, 1.0, 1.0, 1.0, 1.0, 1.0, 0.0, 1.0, 1.0, 1.0, 1.0]"
387,0.0,0.0,0.0,0.0,0.0,0.0,0.0,0.0,0.0,0.0,0.0,0.0,0.6399528980255127,-0.07326126843690872,-0.22670714557170868,-0.2622654438018799,-0.3673701584339142,0.050235629081726074,-0.5835698843002319,0.48496028780937195,-0.49150988459587097,0.37570276856422424,-1.1882447004318237,-0.4772494435310364,0.41343531012535095,-0.5427331924438477,8.189521789550781,"[0.6399528980255127, -0.07326126843690872, -0.22670714557170868, 0.15894946455955505, -0.7038934826850891, 0.06750433892011642, 0.031781136989593506, -0.007717359345406294, -0.9994653463363647, 0.699999988079071, 0.0, 0.0, -0.2622654438018799, -0.3673701584339142, 0.050235629081726074, -0.5835698843002319, 0.08496028184890747, -0.0915098786354065, -0.024297237396240234, 0.0, 0.3227505683898926, -0.386564701795578, 0.2572668194770813, 7.389521598815918, -0.10379908978939056, 0.48189347982406616, -0.20305249094963074, 1.2691655158996582, 1.2214007377624512, -1.120481014251709, -1.120958685874939, 6.60857476759702e-05, -1.058022379875183, -2.7523107528686523, 3.9109373092651367, 1.5661386251449585, -0.5553181171417236, -0.24766236543655396, 0.42479029297828674, -1.2369072437286377, 0.1668461561203003, 1.2307804822921753, -0.1099788248538971, -5.637551307678223, 0.04740743339061737, -1.061029076576233, 1.3105061054229736, 15.373303413391113, 1.0, 1.0, 1.0, 1.0, 1.0, 1.0, 1.0, 0.0, 1.0, 1.0, 1.0, 1.0]"
388,0.0,0.0,0.0,0.00017905964341480285,0.0,1332.6971435546875,0.0,0.0,0.0,0.0,0.0,0.0,0.6547384858131409,-0.06209123507142067,-0.2964455187320709,-0.2643706202507019,-0.3419360816478729,0.060021769255399704,-0.558146595954895,0.5182921290397644,-0.4752447307109833,0.3537629544734955,-1.1883224248886108,-0.5703288316726685,0.3653753101825714,-0.42563802003860474,8.262614250183105,"[0.6547384858131409, -0.06209123507142067, -0.2964455187320709, 0.6961901783943176, -0.40388861298561096, 0.01751118339598179, 0.016283810138702393, -0.00700113782659173, -0.9998428225517273, 0.699999988079071, 0.0, 0.0, -0.2643706202507019, -0.3419360816478729, 0.060021769255399704, -0.558146595954895, 0.11829212307929993, -0.0752447247505188, -0.046237051486968994, -7.772445678710938e-05, 0.2296711802482605, -0.43462470173835754, 0.3743619918823242, 7.462614059448242, -0.9984089136123657, -1.901863932609558, -0.13301560282707214, 0.8740078210830688, 1.0629069805145264, -2.0049386024475098, -1.3970104455947876, 0.0009028539061546326, -4.668185234069824, 5.849271774291992, 5.754698276519775, 4.660037040710449, -0.4874109923839569, -0.44126829504966736, 0.6805063486099243, -1.0372034311294556, 0.2657279968261719, 0.8919938802719116, -0.20335614681243896, -5.770116806030273, -0.2355768233537674, -1.1831557750701904, 1.2322295904159546, 16.047964096069336, 1.0, 1.0, 1.0, 1.0, 1.0, 1.0, 1.0, 0.0, 1.0, 1.0, 1.0, 1.0]"
389,0.0,0.0,0.0,7.028795516816899e-05,0.0,523.1360473632812,3.671895683510229e-05,0.0,273.29022216796875,0.0,0.0,0.0,0.7101100087165833,-0.07270891219377518,-0.11332517117261887,-0.27605244517326355,-0.34835371375083923,0.06221335753798485,-0.5029039978981018,0.533464789390564,-0.4908085763454437,0.36432889103889465,-1.1882895231246948,-0.6673739552497864,0.43341678380966187,-0.3980023264884949,8.393574714660645,"[0.7101100087165833, -0.07270891219377518, -0.11332517117261887, -0.31494471430778503, -0.0918259471654892, 0.12293357402086258, 0.012914229184389114, -0.012234215624630451, -0.9998418092727661, 0.699999988079071, 0.0, 0.0, -0.27605244517326355, -0.34835371375083923, 0.06221335753798485, -0.5029039978981018, 0.1334647834300995, -0.09080857038497925, -0.035671114921569824, -4.482269287109375e-05, 0.13262605667114258, -0.3665832281112671, 0.4019976854324341, 7.593574523925781, -0.11335156857967377, 0.36929851770401, 0.5517666339874268, 4.530655384063721, 0.5378414392471313, -0.34402334690093994, 2.6946659088134766, -0.05142434313893318, -5.033642768859863, 2.447600841522217, -4.110883712768555, 7.365833759307861, -0.5405198931694031, -0.15378138422966003, 0.611288845539093, -1.0835072994232178, 0.025860607624053955, 0.8285108804702759, -0.40383246541023254, -5.847018718719482, -0.19858132302761078, -1.1767549514770508, 1.1118428707122803, 16.666833877563477, 1.0, 1.0, 1.0, 1.0, 1.0, 1.0, 1.0, 0.0, 1.0, 1.0, 1.0, 1.0]"
390,0.0,0.0,0.0,5.738601612392813e-05,0.0,427.110107421875,3.2533600460737944e-05,0.0,242.13961791992188,0.0,0.0,0.0,0.6958464980125427,-0.06314636766910553,0.007422859780490398,-0.27728354930877686,-0.34116965532302856,0.06860919296741486,-0.4265669882297516,0.5276409387588501,-0.4808143079280853,0.38948845863342285,-1.1882429122924805,-0.7458474636077881,0.44966936111450195,-0.40455806255340576,8.520585060119629,"[0.6958464980125427, -0.06314636766910553, 0.007422859780490398, -0.21570947766304016, 0.1357612907886505, 0.08883996307849884, 0.014542290940880775, -0.007140538655221462, -0.9998685121536255, 0.699999988079071, 0.0, 0.0, -0.27728354930877686, -0.34116965532302856, 0.06860919296741486, -0.4265669882297516, 0.12764093279838562, -0.08081430196762085, -0.010511547327041626, 1.7881393432617188e-06, 0.05415254831314087, -0.350330650806427, 0.3954419493675232, 7.720584869384766, -0.04611286520957947, 0.3577224910259247, 0.2853083312511444, 3.2542598247528076, -0.7816441059112549, 0.6614903211593628, 1.2160027027130127, 0.001699822023510933, -3.226755142211914, 0.3715071976184845, -0.3754892647266388, 6.002702236175537, -0.3141847550868988, -0.5309998393058777, 0.7422304153442383, -0.9972188472747803, 0.12025797367095947, 0.7764556407928467, -0.007614403963088989, -5.749312400817871, -0.3185844421386719, -1.1221404075622559, 1.105610728263855, 16.505250930786133, 1.0, 1.0, 1.0, 1.0, 1.0, 1.0, 1.0, 0.0, 1.0, 1.0, 1.0, 1.0]"
391,0.0,0.0,0.0,4.465727033675648e-05,0.0,332.3731384277344,3.014637331943959e-05,0.0,224.3720703125,0.0,0.0,0.0,0.7032944560050964,-0.06227491796016693,0.02115769125521183,-0.2745838463306427,-0.33586326241493225,0.0721164271235466,-0.38474348187446594,0.503627598285675,-0.46008196473121643,0.41267165541648865,-1.1882455348968506,-0.7984719276428223,0.444985568523407,-0.4131205976009369,8.653562545776367,"[0.7032944560050964, -0.06227491796016693, 0.02115769125521183, -0.04054144769906998, 0.20714880526065826, 0.05443563312292099, 0.018210086971521378, -0.0047544497065246105, -0.9998227953910828, 0.699999988079071, 0.0, 0.0, -0.2745838463306427, -0.33586326241493225, 0.0721164271235466, -0.38474348187446594, 0.10362759232521057, -0.06008195877075195, 0.01267164945602417, -8.344650268554688e-07, 0.0015280842781066895, -0.355014443397522, 0.38687941431999207, 7.853562355041504, 0.17456285655498505, 0.1970001757144928, 0.12401832640171051, 1.4591387510299683, -1.4284387826919556, 0.9647459387779236, 1.231978178024292, 0.0009196866303682327, -1.6452053785324097, -0.23736712336540222, -0.5467972755432129, 6.892439842224121, -0.65106600522995, -0.41904622316360474, 0.6021320819854736, -1.0153647661209106, 0.2495594024658203, 0.7281321287155151, -0.2350160777568817, -5.887640953063965, -0.12779484689235687, -1.252190351486206, 1.3274849653244019, 16.526226043701172, 1.0, 1.0, 1.0, 1.0, 1.0, 1.0, 1.0, 0.0, 1.0, 1.0, 1.0, 1.0]"
392,0.0,0.0,0.0,4.933427771902643e-05,0.0,367.1829833984375,4.0798400732455775e-05,0.0,303.65252685546875,0.0,0.0,0.0,0.7220445275306702,-0.039641618728637695,0.06476985663175583,-0.27547842264175415,-0.33289778232574463,0.07333177328109741,-0.37211892008781433,0.47718197107315063,-0.4332933723926544,0.43331462144851685,-1.1882429122924805,-0.8061835765838623,0.43080568313598633,-0.41694656014442444,8.765292167663574,"[0.7220445275306702, -0.039641618728637695, 0.06476985663175583, 0.010277843102812767, 0.19086720049381256, 0.0484575480222702, 0.021981913596391678, -0.004592906683683395, -0.999747633934021, 0.699999988079071, 0.0, 0.0, -0.27547842264175415, -0.33289778232574463, 0.07333177328109741, -0.37211892008781433, 0.07718196511268616, -0.03329336643218994, 0.03331461548805237, 1.7881393432617188e-06, -0.00618356466293335, -0.3691943287849426, 0.3830534517765045, 7.965291976928711, -0.23143501579761505, 0.13123822212219238, 0.04141143336892128, 0.23241041600704193, -1.197495698928833, 1.3228379487991333, 0.9521828889846802, 0.002105487510561943, 0.23051011562347412, -0.7570247650146484, 0.0051760561764240265, 4.434446334838867, -0.4237651526927948, -0.4810234010219574, 0.4975191652774811, -1.101477026939392, 0.3175632953643799, 0.7907634973526001, -0.21813294291496277, -5.990775108337402, 0.03345136344432831, -1.3486621379852295, 1.3569499254226685, 16.389890670776367, 1.0, 1.0, 1.0, 1.0, 1.0, 1.0, 1.0, 0.0, 1.0, 1.0, 1.0, 1.0]"
393,0.0,0.0,0.0,5.363774107536301e-05,0.0,399.21258544921875,4.354782504378818e-05,0.0,324.1158142089844,0.0,0.0,0.0,0.7470893859863281,-0.01708143763244152,0.1347789317369461,-0.2808842957019806,-0.3292698562145233,0.07457176595926285,-0.37970444560050964,0.46007412672042847,-0.39769238233566284,0.444687157869339,-1.188241958618164,-0.7838032841682434,0.4030593931674957,-0.4040817618370056,8.8187255859375,"[0.7470893859863281, -0.01708143763244152, 0.1347789317369461, -0.03755297511816025, 0.1888948380947113, 0.041753433644771576, 0.025573674589395523, -0.003611175809055567, -0.9996665716171265, 0.699999988079071, 0.0, 0.0, -0.2808842957019806, -0.3292698562145233, 0.07457176595926285, -0.37970444560050964, 0.06007412075996399, 0.0023076236248016357, 0.04468715190887451, 2.7418136596679688e-06, 0.016196727752685547, -0.3969406187534332, 0.39591825008392334, 8.018725395202637, -0.3028040826320648, 0.1618407666683197, 0.05383475869894028, -0.8510196805000305, -0.7091796398162842, 1.7485781908035278, 0.46238160133361816, 0.0025313738733530045, 1.8338038921356201, -1.367462158203125, 0.8643863797187805, 1.59114408493042, -0.47346723079681396, -0.3901764750480652, 0.43502023816108704, -1.288980484008789, 0.3474116325378418, 0.8557544946670532, -0.34340837597846985, -6.172033309936523, 0.2211279422044754, -1.5090398788452148, 1.4409486055374146, 16.20747184753418, 1.0, 1.0, 1.0, 1.0, 1.0, 1.0, 1.0, 0.0, 1.0, 1.0, 1.0, 1.0]"
394,0.0,0.0,0.0,4.7299243306042627e-05,0.0,352.0367126464844,4.139686279813759e-05,0.0,308.1067199707031,0.0,0.0,0.0,0.7748379111289978,-0.0011925523867830634,0.1874711811542511,-0.2842700481414795,-0.32467198371887207,0.07629320025444031,-0.4156922698020935,0.452877938747406,-0.35240209102630615,0.4463164806365967,-1.1882435083389282,-0.7357951402664185,0.3606313467025757,-0.37373101711273193,8.816972732543945,"[0.7748379111289978, -0.0011925523867830634, 0.1874711811542511, -0.1270299255847931, 0.17675867676734924, 0.03414153307676315, 0.028957217931747437, -0.0014717474114149809, -0.9995797872543335, 0.699999988079071, 0.0, 0.0, -0.2842700481414795, -0.32467198371887207, 0.07629320025444031, -0.4156922698020935, 0.05287793278694153, 0.047597914934158325, 0.0463164746761322, 1.1920928955078125e-06, 0.0642048716545105, -0.43936866521835327, 0.426268994808197, 8.016972541809082, -0.07877156883478165, 0.25213292241096497, 0.11358479410409927, -2.4076874256134033, -0.22701601684093475, 2.2642464637756348, -0.021436644718050957, 0.0009493231773376465, 2.8574717044830322, -2.202791213989258, 1.7326234579086304, -1.4430158138275146, -0.3108772337436676, -0.4254298806190491, 0.38266369700431824, -1.5253698825836182, 0.3160640597343445, 0.9117828607559204, -0.3625486195087433, -6.3190107345581055, 0.421503484249115, -1.7474894523620605, 1.5008809566497803, 15.815570831298828, 1.0, 1.0, 1.0, 1.0, 1.0, 1.0, 1.0, 0.0, 1.0, 1.0, 1.0, 1.0]"
395,0.0,0.0,0.0,4.334872210165486e-05,0.0,322.63397216796875,3.216897675883956e-05,0.0,239.4258270263672,0.0,0.0,0.0,0.7988247871398926,0.0013967786217108369,0.21716676652431488,-0.2772351801395416,-0.3171635866165161,0.08065106719732285,-0.4790157973766327,0.45056983828544617,-0.29943713545799255,0.4389524459838867,-1.1882426738739014,-0.6642942428588867,0.30475953221321106,-0.3284613788127899,8.7567777633667,"[0.7988247871398926, 0.0013967786217108369, 0.21716676652431488, -0.29431599378585815, 0.22860825061798096, 0.014976836740970612, 0.03276757523417473, 0.0036223174538463354, -0.9994561076164246, 0.699999988079071, 0.0, 0.0, -0.2772351801395416, -0.3171635866165161, 0.08065106719732285, -0.4790157973766327, 0.05056983232498169, 0.10056287050247192, 0.03895244002342224, 2.0265579223632812e-06, 0.13570576906204224, -0.4952404797077179, 0.47153863310813904, 7.956777572631836, 0.6222101449966431, 0.4064648151397705, 0.27608945965766907, -3.6082797050476074, -0.2370598316192627, 2.631741762161255, -0.4177558422088623, 0.0018128026276826859, 4.414254665374756, -2.836056709289551, 2.344834566116333, -4.381178855895996, -0.23867937922477722, -0.43929603695869446, 0.409434050321579, -1.6430482864379883, 0.007203161716461182, 0.8887112140655518, -0.20725944638252258, -6.297151565551758, 0.7985206842422485, -2.0270137786865234, 1.4098119735717773, 15.196375846862793, 1.0, 1.0, 1.0, 1.0, 1.0, 1.0, 1.0, 0.0, 1.0, 1.0, 1.0, 1.0]"
396,0.0,0.0,0.0,1.4845962141407654e-05,0.0,110.49486541748047,1.5224026356008835e-05,0.0,113.30870056152344,0.0,0.0,0.0,0.8093520402908325,-0.009219298139214516,0.16403184831142426,-0.25377291440963745,-0.3062841296195984,0.08858712017536163,-0.5572449564933777,0.43739840388298035,-0.24163569509983063,0.43152689933776855,-1.1882065534591675,-0.560505211353302,0.23617230355739594,-0.28696849942207336,8.650330543518066,"[0.8093520402908325, -0.009219298139214516, 0.16403184831142426, -0.5680267214775085, 0.39195969700813293, 0.024128925055265427, 0.039239831268787384, 0.012028131633996964, -0.9991577863693237, 0.699999988079071, 0.0, 0.0, -0.25377291440963745, -0.3062841296195984, 0.08858712017536163, -0.5572449564933777, 0.03739839792251587, 0.15836431086063385, 0.03152689337730408, 3.814697265625e-05, 0.23949480056762695, -0.5638276934623718, 0.5130314826965332, 7.850330352783203, 1.5184792280197144, 0.6987983584403992, 0.45883041620254517, -3.788226842880249, -1.028530240058899, 2.918257713317871, 0.018796607851982117, 0.013775404542684555, 5.592745304107666, -3.6044998168945312, 1.8302922248840332, -5.678550720214844, -0.38630008697509766, -0.3215634524822235, 0.25862208008766174, -1.459285020828247, -0.490933358669281, -0.28409314155578613, -0.22305461764335632, -6.023582935333252, 1.145545244216919, -1.6714891195297241, 0.7808721661567688, 14.639473915100098, 1.0, 1.0, 1.0, 1.0, 1.0, 1.0, 1.0, 0.0, 1.0, 1.0, 1.0, 1.0]"
397,4.7572193579981104e-05,0.0,354.0682067871094,0.0,0.0,0.0,0.0,0.0,0.0,0.0,0.0,0.0,0.7444658875465393,-0.018271783366799355,0.15242746472358704,-0.24174661934375763,-0.29528534412384033,0.10149476677179337,-0.6109431385993958,0.44944092631340027,-0.20834605395793915,0.43520215153694153,-1.1882452964782715,-0.5518961548805237,0.2081885039806366,-0.34540700912475586,8.541607856750488,"[0.7444658875465393, -0.018271783366799355, 0.15242746472358704, -0.8698995113372803, 0.24406147003173828, 0.027853533625602722, 0.045145031064748764, 0.02097129262983799, -0.9987603425979614, 0.699999988079071, 0.0, 0.0, -0.24174661934375763, -0.29528534412384033, 0.10149476677179337, -0.6109431385993958, 0.04944092035293579, 0.19165395200252533, 0.03520214557647705, -5.960464477539062e-07, 0.24810385704040527, -0.5918115377426147, 0.4545930027961731, 7.741607666015625, 0.8086490035057068, 0.8796834945678711, 1.202470302581787, 0.5445107221603394, 1.2028309106826782, 0.06465917080640793, -0.13330712914466858, -0.004973136819899082, -0.562324047088623, 1.7419030666351318, -4.129894733428955, -4.978085994720459, -0.19518211483955383, -0.6806817650794983, -0.0321187786757946, -1.3517799377441406, -0.647153377532959, -1.5314760208129883, -0.1387452781200409, -6.011559963226318, 1.1092263460159302, -0.8706272840499878, 0.08670015633106232, 14.094278335571289, 1.0, 1.0, 1.0, 1.0, 1.0, 1.0, 1.0, 0.0, 1.0, 1.0, 1.0, 1.0]"
398,4.872686622547917e-05,0.0,362.6621398925781,0.0,0.0,0.0,0.0,0.0,0.0,0.0,0.0,0.0,0.6122062802314758,0.00135569937992841,0.1103210523724556,-0.24245117604732513,-0.30276012420654297,0.09864839166402817,-0.610946774482727,0.46046796441078186,-0.2662186920642853,0.4243522584438324,-1.1882470846176147,-0.5409055352210999,0.2988415062427521,-0.4399040937423706,8.400691032409668,"[0.6122062802314758, 0.00135569937992841, 0.1103210523724556, 0.3933931291103363, 0.03098432533442974, 0.1500825583934784, 0.047348979860544205, 0.020968418568372726, -0.9986585378646851, 0.699999988079071, 0.0, 0.0, -0.24245117604732513, -0.30276012420654297, 0.09864839166402817, -0.610946774482727, 0.06046795845031738, 0.1337813138961792, 0.02435225248336792, -2.384185791015625e-06, 0.2590944766998291, -0.5011584758758545, 0.36009591817855835, 7.600690841674805, -0.4586876928806305, -1.0456430912017822, -0.7524860501289368, 0.27449196577072144, 0.4318554699420929, -4.525958061218262, -0.6653432250022888, -0.004786832723766565, 0.7096367478370667, 5.167845249176025, -5.485832691192627, -7.168548107147217, -0.122518390417099, -0.7821967005729675, 0.04700889065861702, -1.3666961193084717, -0.3478202819824219, -1.5155099630355835, -0.041520386934280396, -6.102364540100098, 0.9331241250038147, -0.4240771532058716, -0.020231887698173523, 14.059332847595215, 1.0, 1.0, 1.0, 1.0, 1.0, 1.0, 1.0, 0.0, 1.0, 1.0, 1.0, 1.0]"
399,3.137985186185688e-05,0.0,233.55258178710938,0.0,0.0,0.0,0.0,0.0,0.0,0.0,0.0,0.0,0.560226559638977,-0.009190034121274948,-0.0038185915909707546,-0.256595641374588,-0.33637142181396484,0.07653219997882843,-0.6105247735977173,0.4644453525543213,-0.3834119439125061,0.4101080596446991,-1.1882342100143433,-0.5154857039451599,0.3883478343486786,-0.5532097220420837,8.254610061645508,"[0.560226559638977, -0.009190034121274948, -0.0038185915909707546, 0.7461865544319153, -0.22697053849697113, 0.15263471007347107, 0.04530581831932068, 0.006891817320138216, -0.9989494681358337, 0.699999988079071, 0.0, 0.0, -0.256595641374588, -0.33637142181396484, 0.07653219997882843, -0.6105247735977173, 0.06444534659385681, 0.016588062047958374, 0.01010805368423462, 1.049041748046875e-05, 0.28451430797576904, -0.41165217757225037, 0.24679028987884521, 7.4546098709106445, -0.8840687274932861, -1.8749443292617798, -1.1053602695465088, 0.032051123678684235, 0.4381113648414612, -6.277227401733398, -0.8333213329315186, -0.006226516328752041, 0.9579045176506042, 4.216640472412109, -4.481807231903076, -7.002042293548584, -0.08758828043937683, -0.7527950406074524, -0.011031311005353928, -1.2115806341171265, -0.23250508308410645, -0.29110604524612427, -0.02827438712120056, -5.749553680419922, 1.025353193283081, -0.30443355441093445, 0.20265217125415802, 14.367291450500488, 1.0, 1.0, 1.0, 0.0, 1.0, 1.0, 1.0, 0.0, 1.0, 1.0, 1.0, 1.0]"
400,1.3393625522439834e-05,0.0,99.68547821044922,0.0,0.0,0.0,0.0,0.0,0.0,0.0,0.0,0.0,0.6042143702507019,-0.049812301993370056,-0.1325657218694687,-0.2652398347854614,-0.3625546097755432,0.06328126788139343,-0.5939057469367981,0.47511398792266846,-0.4792843163013458,0.3893837034702301,-1.1882461309432983,-0.48891058564186096,0.4232919216156006,-0.5738810896873474,8.185013771057129,"[0.6042143702507019, -0.049812301993370056, -0.1325657218694687, 0.34545785188674927, -0.5842399001121521, 0.07444337755441666, 0.03637750819325447, -0.002895071404054761, -0.999333918094635, 0.699999988079071, 0.0, 0.0, -0.2652398347854614, -0.3625546097755432, 0.06328126788139343, -0.5939057469367981, 0.07511398196220398, -0.07928431034088135, -0.010616302490234375, -1.430511474609375e-06, 0.311089426279068, -0.37670809030532837, 0.22611892223358154, 7.385013580322266, -0.28772908449172974, -0.6935490965843201, -0.4355877637863159, 1.2905853986740112, 0.7760220766067505, -3.1333720684051514, -1.1512479782104492, -0.005894471891224384, 1.1857483386993408, -1.0664889812469482, 1.4617106914520264, -0.9277218580245972, -0.42541688680648804, -0.23626717925071716, 0.013600368052721024, -1.1805403232574463, 0.07164949178695679, 1.4056215286254883, -0.07520793378353119, -5.518144607543945, 0.7059130072593689, -0.9395188093185425, 0.8862088322639465, 14.880377769470215, 1.0, 1.0, 1.0, 1.0, 1.0, 1.0, 1.0, 0.0, 1.0, 1.0, 1.0, 1.0]"
401,0.0,0.0,0.0,0.0,0.0,0.0,0.0,0.0,0.0,0.0,0.0,0.0,0.6828228831291199,-0.09463050961494446,-0.32771509885787964,-0.2653023898601532,-0.34720462560653687,0.06210746243596077,-0.5662598609924316,0.49985605478286743,-0.48491865396499634,0.3675134479999542,-1.1882448196411133,-0.5065463781356812,0.36706966161727905,-0.49891626834869385,8.209308624267578,"[0.6828228831291199, -0.09463050961494446, -0.32771509885787964, -0.07500253617763519, -0.8128437399864197, 0.03472859039902687, 0.021589452400803566, -0.005146942101418972, -0.9997538328170776, 0.699999988079071, 0.0, 0.0, -0.2653023898601532, -0.34720462560653687, 0.06210746243596077, -0.5662598609924316, 0.09985604882240295, -0.08491864800453186, -0.032486557960510254, -1.1920928955078125e-07, 0.2934536337852478, -0.4329303503036499, 0.3010837435722351, 7.409308433532715, 0.1136663481593132, 1.678490400314331, 0.30724504590034485, 1.438096046447754, 1.7218623161315918, 1.2529219388961792, -1.027025818824768, 6.437982665374875e-05, -3.883948802947998, -3.197521209716797, 4.817966938018799, 2.8022267818450928, -0.4825473725795746, -0.30858752131462097, 0.5571014881134033, -1.201107144355774, 0.2584890127182007, 0.9163044691085815, -0.08715710043907166, -5.713678359985352, -0.16452671587467194, -1.104008436203003, 1.2621302604675293, 15.651126861572266, 1.0, 1.0, 1.0, 1.0, 1.0, 1.0, 1.0, 0.0, 1.0, 1.0, 1.0, 1.0]"
402,0.0,0.0,0.0,6.792673957534134e-05,0.0,505.56207275390625,1.8715036276262254e-05,0.0,139.2914276123047,0.0,0.0,0.0,0.6942744851112366,-0.08010885119438171,-0.24824371933937073,-0.2792307436466217,-0.35355231165885925,0.06050867959856987,-0.5429124236106873,0.5247191786766052,-0.4823093116283417,0.341572105884552,-1.1881904602050781,-0.6066171526908875,0.4067746102809906,-0.3967956602573395,8.3062162399292,"[0.6942744851112366, -0.08010885119438171, -0.24824371933937073, 1.01823091506958, 0.016113655641674995, -0.0036214832216501236, 0.014595414511859417, -0.017986591905355453, -0.9997318983078003, 0.699999988079071, 0.0, 0.0, -0.2792307436466217, -0.35355231165885925, 0.06050867959856987, -0.5429124236106873, 0.12471917271614075, -0.0823093056678772, -0.058427900075912476, 5.424022674560547e-05, 0.1933828592300415, -0.39322540163993835, 0.4032043516635895, 7.506216049194336, -1.037040114402771, -0.9647698402404785, -0.933953046798706, 1.3913778066635132, 0.7515838146209717, -0.10891774296760559, -1.1909284591674805, 0.049448784440755844, -4.597834587097168, 1.8884328603744507, 2.967628002166748, 5.923543930053711, -0.5998569130897522, -0.3809330463409424, 0.6550767421722412, -1.0233898162841797, 0.22319269180297852, 0.8094815015792847, -0.29355624318122864, -5.7099690437316895, -0.10486142337322235, -1.3948440551757812, 1.1722633838653564, 16.199302673339844, 1.0, 1.0, 1.0, 1.0, 1.0, 1.0, 1.0, 0.0, 1.0, 1.0, 1.0, 1.0]"
403,0.0,0.0,0.0,6.609004776692018e-05,0.0,491.8920593261719,5.8522102335700765e-05,0.0,435.5657043457031,0.0,0.0,0.0,0.7063506841659546,-0.060841526836156845,-0.011356798931956291,-0.2860093414783478,-0.3518669009208679,0.06140492856502533,-0.4649479389190674,0.5336113572120667,-0.4755373001098633,0.3775832951068878,-1.188204050064087,-0.693514883518219,0.4305768609046936,-0.4190917909145355,8.434894561767578,"[0.7063506841659546, -0.060841526836156845, -0.011356798931956291, -0.16231952607631683, 0.09006427228450775, 0.0998317152261734, 0.015119638293981552, -0.018375029787421227, -0.9997172355651855, 0.699999988079071, 0.0, 0.0, -0.2860093414783478, -0.3518669009208679, 0.06140492856502533, -0.4649479389190674, 0.13361135125160217, -0.0755372941493988, -0.02241671085357666, 4.0650367736816406e-05, 0.10648512840270996, -0.36942315101623535, 0.38090822100639343, 7.634894371032715, -0.3172822594642639, 0.28688493371009827, 0.19574929773807526, 4.167697906494141, 0.18024101853370667, 0.5866350531578064, 1.3223322629928589, 0.002910108305513859, -4.361008644104004, 0.6135398149490356, -0.48222970962524414, 6.098073482513428, -0.7108900547027588, -0.2634979784488678, 0.6249169111251831, -1.0342674255371094, 0.11079168319702148, 0.681286096572876, -0.4563349187374115, -5.914436340332031, -0.19727210700511932, -1.2011744976043701, 1.2465769052505493, 16.665124893188477, 1.0, 1.0, 1.0, 1.0, 1.0, 1.0, 1.0, 0.0, 1.0, 1.0, 1.0, 1.0]"
404,0.0,0.0,0.0,4.702432488556951e-05,0.0,349.9905700683594,4.10389548051171e-05,0.0,305.44293212890625,0.0,0.0,0.0,0.686898410320282,-0.03983550891280174,0.07548976689577103,-0.29797598719596863,-0.3456895351409912,0.0643543154001236,-0.39862963557243347,0.5250731706619263,-0.4544890522956848,0.3944012522697449,-1.1882374286651611,-0.7532063126564026,0.42879897356033325,-0.4124723970890045,8.565971374511719,"[0.686898410320282, -0.03983550891280174, 0.07548976689577103, -0.12219514697790146, 0.045350585132837296, 0.14290009438991547, 0.01627466455101967, -0.015115839429199696, -0.9997532367706299, 0.699999988079071, 0.0, 0.0, -0.29797598719596863, -0.3456895351409912, 0.0643543154001236, -0.39862963557243347, 0.1250731647014618, -0.05448904633522034, -0.0055987536907196045, 7.271766662597656e-06, 0.04679369926452637, -0.3712010383605957, 0.38752761483192444, 7.7659711837768555, -0.7191318869590759, 0.28410348296165466, 0.10951255261898041, 2.646050214767456, -0.7623191475868225, 1.0503456592559814, 0.8159830570220947, -0.0019854791462421417, -2.2338082790374756, -0.15198028087615967, 0.4421960413455963, 6.9854841232299805, -0.37660980224609375, -0.5498135685920715, 0.6763812303543091, -1.0202279090881348, 0.20907258987426758, 0.7286771535873413, -0.046313315629959106, -5.843596458435059, -0.17295770347118378, -1.233283519744873, 1.261033296585083, 16.56477928161621, 1.0, 1.0, 1.0, 1.0, 1.0, 1.0, 1.0, 0.0, 1.0, 1.0, 1.0, 1.0]"
405,0.0,0.0,0.0,4.5969838538439944e-05,0.0,342.14227294921875,3.0059956770855933e-05,0.0,223.72889709472656,0.0,0.0,0.0,0.697044849395752,-0.0431436263024807,0.07263839244842529,-0.30573713779449463,-0.3405607342720032,0.06630442291498184,-0.36915960907936096,0.5049301385879517,-0.4288021922111511,0.40831801295280457,-1.188244342803955,-0.7833054661750793,0.4186764359474182,-0.40185388922691345,8.699392318725586,"[0.697044849395752, -0.0431436263024807, 0.07263839244842529, -0.10851804912090302, 0.11823995411396027, 0.08745719492435455, 0.017818382009863853, -0.012968269176781178, -0.9997570514678955, 0.699999988079071, 0.0, 0.0, -0.30573713779449463, -0.3405607342720032, 0.06630442291498184, -0.36915960907936096, 0.10493013262748718, -0.028802186250686646, 0.008318006992340088, 3.5762786865234375e-07, 0.01669454574584961, -0.38132357597351074, 0.3981461226940155, 7.899392127990723, -0.13723336160182953, 0.2582126259803772, 0.1273302137851715, 0.9214177131652832, -1.1482620239257812, 1.179744005203247, 0.7521963119506836, 0.0005492633208632469, -0.7175702452659607, -0.47152021527290344, 0.3922390341758728, 6.129951477050781, -0.5263753533363342, -0.4553788900375366, 0.5571863651275635, -1.0281187295913696, 0.26474320888519287, 0.7387787103652954, -0.13406801223754883, -5.896370887756348, -0.03145565092563629, -1.3153202533721924, 1.39522123336792, 16.515235900878906, 1.0, 1.0, 1.0, 1.0, 1.0, 1.0, 1.0, 0.0, 1.0, 1.0, 1.0, 1.0]"
406,0.0,0.0,0.0,5.056518784840591e-05,0.0,376.3443603515625,3.945367279811762e-05,0.0,293.6440124511719,0.0,0.0,0.0,0.7232056260108948,-0.0351010300219059,0.10658638924360275,-0.30296874046325684,-0.3344448208808899,0.0700104832649231,-0.3641296923160553,0.4836977422237396,-0.39796456694602966,0.4202340841293335,-1.1882437467575073,-0.7798675894737244,0.39856982231140137,-0.3900204300880432,8.794005393981934,"[0.7232056260108948, -0.0351010300219059, 0.10658638924360275, -0.14327393472194672, 0.18090371787548065, 0.052654948085546494, 0.02087077498435974, -0.00966673158109188, -0.9997353553771973, 0.699999988079071, 0.0, 0.0, -0.30296874046325684, -0.3344448208808899, 0.0700104832649231, -0.3641296923160553, 0.08369773626327515, 0.0020354390144348145, 0.02023407816886902, 9.5367431640625e-07, 0.02013242244720459, -0.4014301896095276, 0.40997958183288574, 7.99400520324707, 0.16537988185882568, 0.28837570548057556, 0.1646377146244049, -0.20127049088478088, -1.0003751516342163, 1.5386344194412231, 0.5817317962646484, -0.0013213632628321648, 0.7549707889556885, -1.1124086380004883, 0.6044986248016357, 3.688959836959839, -0.4410947859287262, -0.4637077748775482, 0.47852668166160583, -1.1785860061645508, 0.3165701627731323, 0.8439854383468628, -0.21485546231269836, -6.047974109649658, 0.13408778607845306, -1.45146644115448, 1.4474890232086182, 16.347566604614258, 1.0, 1.0, 1.0, 1.0, 1.0, 1.0, 1.0, 0.0, 1.0, 1.0, 1.0, 1.0]"
407,0.0,0.0,0.0,5.260671969153918e-05,0.0,391.5389404296875,4.386467844597064e-05,0.0,326.4740905761719,0.0,0.0,0.0,0.7517873048782349,-0.016453197225928307,0.16259081661701202,-0.2994052469730377,-0.32899487018585205,0.07263291627168655,-0.3877289295196533,0.4685204029083252,-0.3572044372558594,0.42605194449424744,-1.188242793083191,-0.7483069896697998,0.361955463886261,-0.3678897023200989,8.825996398925781,"[0.7517873048782349, -0.016453197225928307, 0.16259081661701202, -0.10030916333198547, 0.19048194587230682, 0.048656076192855835, 0.024462958797812462, -0.007082846015691757, -0.9996756911277771, 0.699999988079071, 0.0, 0.0, -0.2994052469730377, -0.32899487018585205, 0.07263291627168655, -0.3877289295196533, 0.06852039694786072, 0.0427955687046051, 0.02605193853378296, 1.9073486328125e-06, 0.05169302225112915, -0.43804454803466797, 0.4321103096008301, 8.025996208190918, 0.15789592266082764, 0.24495460093021393, 0.09243692457675934, -1.78620183467865, -0.6664856672286987, 2.033090353012085, 0.2287750244140625, -0.002482612617313862, 2.249685049057007, -1.9112184047698975, 1.235877513885498, 0.1995895802974701, -0.4379851520061493, -0.39201056957244873, 0.42041346430778503, -1.3867294788360596, 0.3245762586593628, 0.8941212892532349, -0.34077730774879456, -6.208914756774902, 0.3369697332382202, -1.6583378314971924, 1.5099011659622192, 16.0501651763916, 1.0, 1.0, 1.0, 1.0, 1.0, 1.0, 1.0, 0.0, 1.0, 1.0, 1.0, 1.0]"
408,0.0,0.0,0.0,4.7698984417365864e-05,0.0,355.01190185546875,3.997410385636613e-05,0.0,297.5174865722656,0.0,0.0,0.0,0.7779995799064636,-0.005970883183181286,0.2060888707637787,-0.29224541783332825,-0.3222258985042572,0.07606364786624908,-0.4397990107536316,0.4597746729850769,-0.30715319514274597,0.4228322505950928,-1.1882429122924805,-0.6897861361503601,0.31031665205955505,-0.32992640137672424,8.795209884643555,"[0.7779995799064636, -0.005970883183181286, 0.2060888707637787, -0.22943465411663055, 0.20657818019390106, 0.042782772332429886, 0.028148720040917397, -0.003135812934488058, -0.9995989799499512, 0.699999988079071, 0.0, 0.0, -0.29224541783332825, -0.3222258985042572, 0.07606364786624908, -0.4397990107536316, 0.05977466702461243, 0.0928468108177185, 0.022832244634628296, 1.7881393432617188e-06, 0.11021387577056885, -0.4896833598613739, 0.4700736105442047, 7.995209693908691, 0.4917041063308716, 0.36638063192367554, 0.20336316525936127, -3.125577449798584, -0.40343570709228516, 2.465552806854248, -0.22306005656719208, -0.0033825431019067764, 3.5273334980010986, -2.630786657333374, 2.007754325866699, -3.1453709602355957, -0.2596823275089264, -0.4584237039089203, 0.42665430903434753, -1.621163249015808, 0.22178423404693604, 0.9477006196975708, -0.28611376881599426, -6.307639122009277, 0.5889875292778015, -1.9203786849975586, 1.514708161354065, 15.492227554321289, 1.0, 1.0, 1.0, 1.0, 1.0, 1.0, 1.0, 0.0, 1.0, 1.0, 1.0, 1.0]"
409,0.0,0.0,0.0,3.2203137379838154e-05,0.0,239.68006896972656,2.462456359353382e-05,0.0,183.27459716796875,0.0,0.0,0.0,0.7983435392379761,-0.01339275948703289,0.19730791449546814,-0.27288052439689636,-0.3123873770236969,0.082530677318573,-0.5150945782661438,0.45007699728012085,-0.2498827576637268,0.4141930937767029,-1.1882407665252686,-0.6021670699119568,0.2446032017469406,-0.2844359874725342,8.704421043395996,"[0.7983435392379761, -0.01339275948703289, 0.19730791449546814, -0.4269682765007019, 0.3020595610141754, 0.022952592000365257, 0.03315240889787674, 0.003941185772418976, -0.9994425773620605, 0.699999988079071, 0.0, 0.0, -0.27288052439689636, -0.3123873770236969, 0.082530677318573, -0.5150945782661438, 0.05007699131965637, 0.15011724829673767, 0.014193087816238403, 3.933906555175781e-06, 0.19783294200897217, -0.5553967952728271, 0.5155640244483948, 7.904420852661133, 1.2708364725112915, 0.5662933588027954, 0.43951544165611267, -3.99617600440979, -0.7555773854255676, 2.895183801651001, -0.31572070717811584, -0.007040591910481453, 5.364724159240723, -3.468106746673584, 2.025923252105713, -5.312340259552002, -0.3584586977958679, -0.330341100692749, 0.491688996553421, -1.6193926334381104, -0.28799015283584595, 0.5562373399734497, -0.17451995611190796, -6.165427207946777, 1.1017335653305054, -2.0310418605804443, 1.2146550416946411, 14.849737167358398, 1.0, 1.0, 1.0, 1.0, 1.0, 1.0, 1.0, 0.0, 1.0, 1.0, 1.0, 1.0]"
410,0.00010900786583079025,0.0,811.31884765625,0.0,0.0,0.0,0.0,0.0,0.0,0.0,0.0,0.0,0.7971405386924744,-0.02133147045969963,0.1355280578136444,-0.24830889701843262,-0.3001660406589508,0.09405170381069183,-0.5957562327384949,0.43162116408348083,-0.19745156168937683,0.41546979546546936,-1.188209056854248,-0.5156924724578857,0.18023474514484406,-0.29180681705474854,8.588546752929688,"[0.7971405386924744, -0.02133147045969963, 0.1355280578136444, 0.03392312675714493, 0.19544199109077454, 0.018416933715343475, 0.04087146744132042, 0.013543497771024704, -0.9990729093551636, 0.699999988079071, 0.0, 0.0, -0.24830889701843262, -0.3001660406589508, 0.09405170381069183, -0.5957562327384949, 0.03162115812301636, 0.20254844427108765, 0.015469789505004883, 3.5643577575683594e-05, 0.2843075394630432, -0.6197652816772461, 0.5081931948661804, 7.788546562194824, -0.0634329617023468, 0.0285937637090683, 0.31758081912994385, -4.59100866317749, 1.431912899017334, 2.2996349334716797, 0.5867900252342224, -0.0006511164829134941, -0.4430539011955261, -2.507880687713623, -3.5973033905029297, -5.8552751541137695, -0.25327059626579285, -0.6066665053367615, -0.1253635138273239, -1.221693515777588, -0.550642192363739, -1.2204954624176025, -0.12672464549541473, -5.894729137420654, 1.1178427934646606, -1.1242953538894653, 0.2741486430168152, 14.394818305969238, 1.0, 1.0, 1.0, 1.0, 1.0, 1.0, 1.0, 0.0, 1.0, 1.0, 1.0, 1.0]"
411,5.4157710110303015e-05,0.0,403.0826110839844,0.0,0.0,0.0,0.0,0.0,0.0,0.0,0.0,0.0,0.663806140422821,-0.008490188047289848,0.14246399700641632,-0.24399657547473907,-0.3004906475543976,0.10091311484575272,-0.6109644174575806,0.4484401345252991,-0.21487504243850708,0.41615936160087585,-1.1882472038269043,-0.512484073638916,0.23942002654075623,-0.37970802187919617,8.468998908996582,"[0.663806140422821, -0.008490188047289848, 0.14246399700641632, -0.0008219858282245696, 0.0938536748290062, 0.10824722051620483, 0.04394896700978279, 0.01812736690044403, -0.9988695383071899, 0.699999988079071, 0.0, 0.0, -0.24399657547473907, -0.3004906475543976, 0.10091311484575272, -0.6109644174575806, 0.048440128564834595, 0.1851249635219574, 0.016159355640411377, -2.5033950805664062e-06, 0.28751593828201294, -0.5605800151824951, 0.4202919900417328, 7.668998718261719, -0.026639755815267563, -0.5531352758407593, -0.19630426168441772, 0.2910485565662384, 0.6258381605148315, -2.8516910076141357, -0.303210973739624, -0.004045238718390465, 0.48268750309944153, 6.033182144165039, -4.401768207550049, -7.082304000854492, -0.12518224120140076, -0.8627174496650696, 0.03528137877583504, -1.3898566961288452, -0.4634854793548584, -1.516010046005249, -0.1400517076253891, -6.083014965057373, 0.9765136241912842, -0.5108975172042847, -0.02475087344646454, 13.953591346740723, 1.0, 1.0, 1.0, 1.0, 1.0, 1.0, 1.0, 0.0, 1.0, 1.0, 1.0, 1.0]"
412,3.540856050676666e-05,0.0,263.5372619628906,0.0,0.0,0.0,0.0,0.0,0.0,0.0,0.0,0.0,0.5796095728874207,-0.00234299642033875,0.05226074904203415,-0.2559463083744049,-0.3325597047805786,0.07893938571214676,-0.6109636425971985,0.4514012932777405,-0.31456249952316284,0.40721946954727173,-1.1882386207580566,-0.488063246011734,0.34983712434768677,-0.4974975883960724,8.32116413116455,"[0.5796095728874207, -0.00234299642033875, 0.05226074904203415, 0.7460068464279175, -0.06360327452421188, 0.14720755815505981, 0.044304974377155304, 0.006325779482722282, -0.9989981651306152, 0.699999988079071, 0.0, 0.0, -0.2559463083744049, -0.3325597047805786, 0.07893938571214676, -0.6109636425971985, 0.051401287317276, 0.08543750643730164, 0.007219463586807251, 6.079673767089844e-06, 0.31193676590919495, -0.4501628875732422, 0.30250242352485657, 7.5211639404296875, -0.8953130841255188, -1.9832621812820435, -1.276877522468567, 0.09253275394439697, 0.32485923171043396, -5.784184455871582, -0.5633201003074646, -0.005476897582411766, 0.9161149263381958, 4.479250907897949, -6.068271160125732, -7.39021635055542, -0.05103972554206848, -0.7655804753303528, 0.05495287850499153, -1.2821691036224365, -0.25932610034942627, -0.8444024324417114, -0.06827026605606079, -5.9610772132873535, 1.0457395315170288, -0.3450576066970825, 0.08775432407855988, 14.278230667114258, 1.0, 1.0, 1.0, 1.0, 1.0, 1.0, 1.0, 0.0, 1.0, 1.0, 1.0, 1.0]"
413,2.2482108761323616e-05,0.0,167.32882690429688,0.0,0.0,0.0,0.0,0.0,0.0,0.0,0.0,0.0,0.5773051381111145,-0.04015963897109032,-0.07869534194469452,-0.2657005190849304,-0.3677368462085724,0.0620434395968914,-0.6030707955360413,0.4591894745826721,-0.4300355613231659,0.38886475563049316,-1.1882363557815552,-0.46417102217674255,0.41722023487091064,-0.5631787180900574,8.205389022827148,"[0.5773051381111145, -0.04015963897109032, -0.07869534194469452, 0.37974485754966736, -0.39691972732543945, 0.09315861016511917, 0.039344266057014465, -0.004334855359047651, -0.9992163777351379, 0.699999988079071, 0.0, 0.0, -0.2657005190849304, -0.3677368462085724, 0.0620434395968914, -0.6030707955360413, 0.05918946862220764, -0.030035555362701416, -0.011135250329971313, 8.344650268554688e-06, 0.3358289897441864, -0.3827797770500183, 0.23682129383087158, 7.405388832092285, -0.42414823174476624, -1.4228341579437256, -0.5901893973350525, 0.7959833145141602, 0.6741519570350647, -5.152388095855713, -1.1210874319076538, -0.0041277105920016766, 0.9811087846755981, 2.166679620742798, -0.7682225108146667, -3.5682051181793213, -0.29124078154563904, -0.5236348509788513, -0.16321267187595367, -1.1813278198242188, -0.11714118719100952, 0.6560500860214233, -0.03474481403827667, -5.640792369842529, 0.9489732384681702, -0.6112645864486694, 0.61966472864151, 14.624529838562012, 1.0, 1.0, 1.0, 1.0, 1.0, 1.0, 1.0, 0.0, 1.0, 1.0, 1.0, 1.0]"
414,0.0,0.0,0.0,0.0,0.0,0.0,0.0,0.0,0.0,0.0,0.0,0.0,0.6423388719558716,-0.08124971389770508,-0.25094401836395264,-0.26832103729248047,-0.37557733058929443,0.05295979231595993,-0.5817780494689941,0.4765286445617676,-0.48650720715522766,0.367209792137146,-1.1882447004318237,-0.45822569727897644,0.40120914578437805,-0.5231962203979492,8.198662757873535,"[0.6423388719558716, -0.08124971389770508, -0.25094401836395264, 0.07027484476566315, -0.654570460319519, 0.07538165897130966, 0.027701394632458687, -0.009201481938362122, -0.9995739459991455, 0.699999988079071, 0.0, 0.0, -0.26832103729248047, -0.37557733058929443, 0.05295979231595993, -0.5817780494689941, 0.0765286386013031, -0.08650720119476318, -0.03279021382331848, 0.0, 0.3417743146419525, -0.3987908661365509, 0.27680379152297974, 7.398662567138672, 0.07052306085824966, 0.4605579078197479, -0.2446727752685547, 1.2805579900741577, 1.1631182432174683, -1.212797999382019, -1.0939505100250244, 6.534261046908796e-05, -1.7096755504608154, -2.6669464111328125, 3.9340171813964844, 1.547141671180725, -0.5558242201805115, -0.2603769302368164, 0.42985591292381287, -1.231818675994873, 0.15998971462249756, 1.2008944749832153, -0.10849496722221375, -5.664710998535156, 0.031465694308280945, -1.0540516376495361, 1.3273459672927856, 15.392386436462402, 1.0, 1.0, 1.0, 1.0, 1.0, 1.0, 1.0, 0.0, 1.0, 1.0, 1.0, 1.0]"
415,0.0,0.0,0.0,0.00019901154155377299,0.0,1481.1943359375,0.0,0.0,0.0,0.0,0.0,0.0,0.6544527411460876,-0.07388492673635483,-0.3111899793148041,-0.2691413462162018,-0.35320308804512024,0.059253957122564316,-0.5583307147026062,0.5072900652885437,-0.4787011444568634,0.34597542881965637,-1.1882835626602173,-0.5537967085838318,0.3662634491920471,-0.40785881876945496,8.271489143371582,"[0.6544527411460876, -0.07388492673635483, -0.3111899793148041, 0.7115201354026794, -0.33208218216896057, 0.04915730282664299, 0.013711810111999512, -0.008661828003823757, -0.999868631362915, 0.699999988079071, 0.0, 0.0, -0.2691413462162018, -0.35320308804512024, 0.059253957122564316, -0.5583307147026062, 0.10729005932807922, -0.07870113849639893, -0.054024577140808105, -3.886222839355469e-05, 0.24620330333709717, -0.43373656272888184, 0.392141193151474, 7.471488952636719, -0.9385932683944702, -1.5008342266082764, -0.30616846680641174, 0.7486334443092346, 0.9451917409896851, -2.4291481971740723, -1.3347495794296265, 0.03162222355604172, -4.71602725982666, 6.540805339813232, 5.637434959411621, 4.668747425079346, -0.4805804193019867, -0.4747011065483093, 0.6656681299209595, -1.0389705896377563, 0.26247334480285645, 0.9072667360305786, -0.20831474661827087, -5.792109966278076, -0.22457973659038544, -1.1887273788452148, 1.2419935464859009, 16.062332153320312, 1.0, 1.0, 1.0, 1.0, 1.0, 1.0, 1.0, 0.0, 1.0, 1.0, 1.0, 1.0]"
416,0.0,0.0,0.0,7.748549978714436e-05,0.0,576.7056274414062,7.027129868220072e-06,0.0,52.30120849609375,0.0,0.0,0.0,0.7101864814758301,-0.07700131833553314,-0.13132427632808685,-0.27799731492996216,-0.35662105679512024,0.06183939799666405,-0.5026113390922546,0.5225180387496948,-0.49599218368530273,0.3608563244342804,-1.188288688659668,-0.6546702980995178,0.4343787431716919,-0.38472995162010193,8.400907516479492,"[0.7101864814758301, -0.07700131833553314, -0.13132427632808685, -0.31848546862602234, -0.04984213784337044, 0.11351799964904785, 0.010670037008821964, -0.012111992575228214, -0.9998699426651001, 0.699999988079071, 0.0, 0.0, -0.27799731492996216, -0.35662105679512024, 0.06183939799666405, -0.5026113390922546, 0.12251803278923035, -0.09599217772483826, -0.03914368152618408, -4.398822784423828e-05, 0.14532971382141113, -0.36562126874923706, 0.415270060300827, 7.600907325744629, -0.03594642132520676, 0.37589552998542786, 0.5323020219802856, 4.357940196990967, 0.5387523770332336, -0.48789486289024353, 2.404149293899536, -0.0027020154520869255, -5.282447338104248, 2.575526714324951, -1.791401743888855, 7.070865631103516, -0.5418298840522766, -0.18636199831962585, 0.6351457834243774, -1.0719571113586426, 0.015328526496887207, 0.8564914464950562, -0.4315148890018463, -5.840716361999512, -0.22650237381458282, -1.1453802585601807, 1.1150990724563599, 16.653257369995117, 1.0, 1.0, 1.0, 1.0, 1.0, 1.0, 1.0, 0.0, 1.0, 1.0, 1.0, 1.0]"
417,0.0,0.0,0.0,5.7922232372220606e-05,0.0,431.1010437011719,3.735451173270121e-05,0.0,278.0205078125,0.0,0.0,0.0,0.6976368427276611,-0.06404758244752884,0.0008542746072635055,-0.27739661931991577,-0.3486635684967041,0.0685560330748558,-0.42587900161743164,0.5170875787734985,-0.48768627643585205,0.3866085708141327,-1.1882410049438477,-0.7374597787857056,0.4524531066417694,-0.3957558870315552,8.527230262756348,"[0.6976368427276611, -0.06404758244752884, 0.0008542746072635055, -0.2822056710720062, 0.1571422815322876, 0.08481771498918533, 0.01293838769197464, -0.006122960709035397, -0.9998978972434998, 0.699999988079071, 0.0, 0.0, -0.27739661931991577, -0.3486635684967041, 0.0685560330748558, -0.42587900161743164, 0.11708757281303406, -0.08768627047538757, -0.013391435146331787, 3.6954879760742188e-06, 0.06254023313522339, -0.34754690527915955, 0.4042441248893738, 7.727230072021484, 0.04143168404698372, 0.41885441541671753, 0.3469493091106415, 3.3746249675750732, -0.7723785042762756, 0.5946999788284302, 1.303505301475525, -0.0012459969148039818, -3.2653229236602783, 0.4517996609210968, -0.5791244506835938, 6.167623519897461, -0.3556806147098541, -0.5302769541740417, 0.711112380027771, -0.9915709495544434, 0.1050904393196106, 0.7660444974899292, -0.07938560843467712, -5.757009506225586, -0.27617692947387695, -1.1512259244918823, 1.1150041818618774, 16.579484939575195, 1.0, 1.0, 1.0, 1.0, 1.0, 1.0, 1.0, 0.0, 1.0, 1.0, 1.0, 1.0]"
418,0.0,0.0,0.0,4.5529784983955324e-05,0.0,338.8670654296875,3.288408333901316e-05,0.0,244.74818420410156,0.0,0.0,0.0,0.7039068937301636,-0.05796390399336815,0.022992832586169243,-0.27547308802604675,-0.34322136640548706,0.07219059765338898,-0.3833371698856354,0.49294066429138184,-0.46719780564308167,0.41014549136161804,-1.1882420778274536,-0.7868441939353943,0.44749706983566284,-0.40571630001068115,8.662612915039062,"[0.7039068937301636, -0.05796390399336815, 0.022992832586169243, -0.04056790471076965, 0.22675330936908722, 0.05540741607546806, 0.017048165202140808, -0.003555882256478071, -0.9998481869697571, 0.699999988079071, 0.0, 0.0, -0.27547308802604675, -0.34322136640548706, 0.07219059765338898, -0.3833371698856354, 0.09294065833091736, -0.06719779968261719, 0.010145485401153564, 2.6226043701171875e-06, 0.013155817985534668, -0.3525029420852661, 0.3942837119102478, 7.862612724304199, 0.09655538946390152, 0.19596309959888458, 0.11468780040740967, 1.4642810821533203, -1.4149541854858398, 0.9845770597457886, 1.2836365699768066, -0.0004909811541438103, -1.5554640293121338, -0.2970229983329773, -0.6715778708457947, 6.903915882110596, -0.592042863368988, -0.43108806014060974, 0.5796892642974854, -1.0206172466278076, 0.23992490768432617, 0.7177180051803589, -0.1914060413837433, -5.883271217346191, -0.11852492392063141, -1.2415637969970703, 1.3212000131607056, 16.541414260864258, 1.0, 1.0, 1.0, 1.0, 1.0, 1.0, 1.0, 0.0, 1.0, 1.0, 1.0, 1.0]"
419,0.0,0.0,0.0,4.915563476970419e-05,0.0,365.8533935546875,4.184801582596265e-05,0.0,311.46453857421875,0.0,0.0,0.0,0.7232688665390015,-0.03701459616422653,0.062761589884758,-0.2761691212654114,-0.3401518762111664,0.07350672036409378,-0.3711067736148834,0.46728554368019104,-0.4404136538505554,0.43130555748939514,-1.1882431507110596,-0.7955830693244934,0.4324595034122467,-0.41140276193618774,8.773820877075195,"[0.7232688665390015, -0.03701459616422653, 0.062761589884758, -0.010358304716646671, 0.22047573328018188, 0.04274280369281769, 0.021391861140727997, -0.003241902682930231, -0.9997658729553223, 0.699999988079071, 0.0, 0.0, -0.2761691212654114, -0.3401518762111664, 0.07350672036409378, -0.3711067736148834, 0.06728553771972656, -0.04041364789009094, 0.031305551528930664, 1.5497207641601562e-06, 0.004416942596435547, -0.36754050850868225, 0.3885972499847412, 7.973820686340332, -0.15464648604393005, 0.14962449669837952, 0.05079732835292816, 0.21924743056297302, -1.1420388221740723, 1.3121634721755981, 1.0014090538024902, -0.001904791221022606, 0.13497373461723328, -0.78275465965271, -0.15537984669208527, 4.438845634460449, -0.42359355092048645, -0.4894411861896515, 0.47842660546302795, -1.103097677230835, 0.31860649585723877, 0.7810779809951782, -0.21014931797981262, -5.991130352020264, 0.03229065239429474, -1.3451076745986938, 1.3626463413238525, 16.398277282714844, 1.0, 1.0, 1.0, 1.0, 1.0, 1.0, 1.0, 0.0, 1.0, 1.0, 1.0, 1.0]"
420,0.0,0.0,0.0,5.357837289921008e-05,0.0,398.770751953125,4.5576216507470235e-05,0.0,339.212646484375,0.0,0.0,0.0,0.7494555115699768,-0.013305188156664371,0.13006579875946045,-0.2797161340713501,-0.3364700376987457,0.07492867112159729,-0.38001900911331177,0.45203638076782227,-0.4052746891975403,0.4436393678188324,-1.188241958618164,-0.7773662805557251,0.40467679500579834,-0.401115745306015,8.826144218444824,"[0.7494555115699768, -0.013305188156664371, 0.13006579875946045, -0.03967320919036865, 0.2147388756275177, 0.03440242260694504, 0.02557075209915638, -0.0021038830745965242, -0.9996710419654846, 0.699999988079071, 0.0, 0.0, -0.2797161340713501, -0.3364700376987457, 0.07492867112159729, -0.38001900911331177, 0.05203637480735779, -0.005274683237075806, 0.04363936185836792, 2.7418136596679688e-06, 0.022633731365203857, -0.3953232169151306, 0.39888426661491394, 8.026144027709961, -0.21454748511314392, 0.15823732316493988, 0.040401071310043335, -0.9306915402412415, -0.5974377393722534, 1.7324583530426025, 0.5395981669425964, -0.0022791214287281036, 1.5874043703079224, -1.3734389543533325, 0.676389753818512, 1.4808200597763062, -0.44716423749923706, -0.4059038758277893, 0.4106247127056122, -1.2927017211914062, 0.3400765061378479, 0.8414930105209351, -0.3232870399951935, -6.176030158996582, 0.21700237691402435, -1.5073033571243286, 1.4373891353607178, 16.209144592285156, 1.0, 1.0, 1.0, 1.0, 1.0, 1.0, 1.0, 0.0, 1.0, 1.0, 1.0, 1.0]"
421,0.0,0.0,0.0,4.722688390756957e-05,0.0,351.4981689453125,4.359818558441475e-05,0.0,324.4906311035156,0.0,0.0,0.0,0.776589572429657,0.004294962156563997,0.18406665325164795,-0.2814135253429413,-0.33217382431030273,0.07645552605390549,-0.4173349142074585,0.44696542620658875,-0.3603278398513794,0.44638732075691223,-1.1882436275482178,-0.733293354511261,0.3621753752231598,-0.37344691157341003,8.822521209716797,"[0.776589572429657, 0.004294962156563997, 0.18406665325164795, -0.12110313028097153, 0.19894933700561523, 0.027373025193810463, 0.029456311836838722, -0.00014063180424273014, -0.9995657801628113, 0.699999988079071, 0.0, 0.0, -0.2814135253429413, -0.33217382431030273, 0.07645552605390549, -0.4173349142074585, 0.04696542024612427, 0.03967216610908508, 0.046387314796447754, 1.0728836059570312e-06, 0.06670665740966797, -0.43782463669776917, 0.4265531003475189, 8.022521018981934, 0.010242396965622902, 0.2402646392583847, 0.08849383890628815, -2.436643362045288, -0.13020329177379608, 2.2538633346557617, 0.055209849029779434, -0.004668122157454491, 2.712918996810913, -2.212740659713745, 1.5536047220230103, -1.4948222637176514, -0.29817643761634827, -0.4355030953884125, 0.36371320486068726, -1.5246970653533936, 0.30320310592651367, 0.8963871002197266, -0.3476346433162689, -6.319108486175537, 0.4214053153991699, -1.7465074062347412, 1.4874720573425293, 15.820291519165039, 1.0, 1.0, 1.0, 1.0, 1.0, 1.0, 1.0, 0.0, 1.0, 1.0, 1.0, 1.0]"
422,0.0,0.0,0.0,4.3369789636926726e-05,0.0,322.7907409667969,3.4145698009524494e-05,0.0,254.1380615234375,0.0,0.0,0.0,0.7992122173309326,0.008542382158339024,0.21461370587348938,-0.27275750041007996,-0.3250821530818939,0.0804733857512474,-0.4810592532157898,0.44599631428718567,-0.3076200485229492,0.44020694494247437,-1.1882433891296387,-0.6632744669914246,0.3061240017414093,-0.3309130072593689,8.761460304260254,"[0.7992122173309326, 0.008542382158339024, 0.21461370587348938, -0.2838667631149292, 0.2494959980249405, 0.010595940984785557, 0.0337262824177742, 0.0046788956969976425, -0.9994202256202698, 0.699999988079071, 0.0, 0.0, -0.27275750041007996, -0.3250821530818939, 0.0804733857512474, -0.4810592532157898, 0.04599630832672119, 0.09237995743751526, 0.04020693898200989, 1.3113021850585938e-06, 0.1367255449295044, -0.49387601017951965, 0.46908700466156006, 7.961460113525391, 0.6996501088142395, 0.3893160820007324, 0.25116705894470215, -3.6027607917785645, -0.1901356428861618, 2.622161626815796, -0.3332502543926239, -0.0028833551332354546, 4.392213821411133, -2.8490941524505615, 2.145409345626831, -4.397352695465088, -0.2329988181591034, -0.4398326873779297, 0.4005546271800995, -1.641167163848877, -0.01474219560623169, 0.8741092681884766, -0.19089117646217346, -6.297967910766602, 0.8070310354232788, -2.0204875469207764, 1.392989158630371, 15.209861755371094, 1.0, 1.0, 1.0, 1.0, 1.0, 1.0, 1.0, 0.0, 1.0, 1.0, 1.0, 1.0]"
423,0.0,0.0,0.0,1.3964623576612212e-05,0.0,103.9352798461914,1.0653286153683439e-05,0.0,79.28980255126953,0.0,0.0,0.0,0.8075878024101257,-0.0015930316876620054,0.15871073305606842,-0.24812892079353333,-0.3145788908004761,0.08807095140218735,-0.5589013695716858,0.43315649032592773,-0.25016987323760986,0.4338885247707367,-1.188215732574463,-0.559490978717804,0.23738081753253937,-0.29213038086891174,8.654974937438965,"[0.8075878024101257, -0.0015930316876620054, 0.15871073305606842, -0.5452280044555664, 0.42245665192604065, 0.01828303001821041, 0.040676724165678024, 0.012843817472457886, -0.9990897178649902, 0.699999988079071, 0.0, 0.0, -0.24812892079353333, -0.3145788908004761, 0.08807095140218735, -0.5589013695716858, 0.03315648436546326, 0.14983013272285461, 0.03388851881027222, 2.8967857360839844e-05, 0.240509033203125, -0.5626192092895508, 0.5078696012496948, 7.854974746704102, 1.5583233833312988, 0.6674841642379761, 0.44459256529808044, -3.7720303535461426, -1.0214898586273193, 2.8977506160736084, -0.014966405928134918, 0.008641542866826057, 5.551399230957031, -3.620413303375244, 2.5699338912963867, -5.676568031311035, -0.38645440340042114, -0.3194967806339264, 0.23455198109149933, -1.4433858394622803, -0.49959778785705566, -0.31814950704574585, -0.21598634123802185, -6.020483493804932, 1.1370313167572021, -1.6260240077972412, 0.7420975565910339, 14.66462516784668, 1.0, 1.0, 1.0, 1.0, 1.0, 1.0, 1.0, 0.0, 1.0, 1.0, 1.0, 1.0]"
424,6.11588911851868e-05,0.0,455.190673828125,0.0,0.0,0.0,0.0,0.0,0.0,0.0,0.0,0.0,0.739109456539154,-0.012584681622684002,0.14846749603748322,-0.23999157547950745,-0.30390802025794983,0.10101150721311569,-0.611019492149353,0.44964051246643066,-0.21944816410541534,0.44002535939216614,-1.1882402896881104,-0.5574187636375427,0.21513448655605316,-0.35741013288497925,8.547261238098145,"[0.739109456539154, -0.012584681622684002, 0.14846749603748322, -0.7762497663497925, 0.22891096770763397, 0.03219926729798317, 0.046467605978250504, 0.020833695307374, -0.998702883720398, 0.699999988079071, 0.0, 0.0, -0.23999157547950745, -0.30390802025794983, 0.10101150721311569, -0.611019492149353, 0.049640506505966187, 0.18055184185504913, 0.04002535343170166, 4.410743713378906e-06, 0.24258124828338623, -0.5848655104637146, 0.4425898790359497, 7.747261047363281, 0.7426167130470276, 0.8476678133010864, 1.136139154434204, 0.3509654104709625, 1.3077151775360107, -0.15626733005046844, -0.025331003591418266, 2.517877146601677e-05, -0.6310940980911255, 2.4982879161834717, -4.465799808502197, -5.122200012207031, -0.1775437295436859, -0.6551433205604553, -0.04174618050456047, -1.3542230129241943, -0.6600363254547119, -1.5152732133865356, -0.1477031409740448, -6.013695240020752, 1.1011146306991577, -0.8621406555175781, 0.06691928207874298, 14.106385231018066, 1.0, 1.0, 1.0, 1.0, 1.0, 1.0, 1.0, 0.0, 1.0, 1.0, 1.0, 1.0]"
425,5.038292147219181e-05,0.0,374.98773193359375,0.0,0.0,0.0,0.0,0.0,0.0,0.0,0.0,0.0,0.6103114485740662,0.004626321606338024,0.10638468712568283,-0.2411883920431137,-0.3092725872993469,0.09774541109800339,-0.6109744906425476,0.4609690308570862,-0.2777458131313324,0.4288087785243988,-1.1882444620132446,-0.5468634366989136,0.3049800992012024,-0.44823524355888367,8.405523300170898,"[0.6103114485740662, 0.004626321606338024, 0.10638468712568283, 0.40456730127334595, 0.017118172720074654, 0.14645470678806305, 0.04847497120499611, 0.02049684152007103, -0.9986138939857483, 0.699999988079071, 0.0, 0.0, -0.2411883920431137, -0.3092725872993469, 0.09774541109800339, -0.6109744906425476, 0.060969024896621704, 0.12225419282913208, 0.028808772563934326, 2.384185791015625e-07, 0.2531365752220154, -0.49501991271972656, 0.3517647683620453, 7.605523109436035, -0.44915682077407837, -0.895430862903595, -0.7614235877990723, 0.2357129454612732, 0.4736205041408539, -4.3897247314453125, -0.6717634797096252, -0.0018575142603367567, 0.7342740893363953, 4.6900763511657715, -5.447908878326416, -7.184834957122803, -0.10431864857673645, -0.7546564936637878, 0.03820963576436043, -1.3591911792755127, -0.32467883825302124, -1.403547763824463, -0.02992352843284607, -6.08747673034668, 0.9363616704940796, -0.4074099063873291, -0.02528385818004608, 14.089088439941406, 1.0, 1.0, 1.0, 1.0, 1.0, 1.0, 1.0, 0.0, 1.0, 1.0, 1.0, 1.0]"
426,2.6577314201858826e-05,0.0,197.80845642089844,0.0,0.0,0.0,0.0,0.0,0.0,0.0,0.0,0.0,0.5585354566574097,-0.008286761119961739,-0.009460723027586937,-0.25509822368621826,-0.338596373796463,0.0762452557682991,-0.6101070046424866,0.4657098054885864,-0.3934910297393799,0.4144205152988434,-1.1882423162460327,-0.5223093032836914,0.3943321406841278,-0.561146080493927,8.260221481323242,"[0.5585354566574097, -0.008286761119961739, -0.009460723027586937, 0.6832955479621887, -0.2429017871618271, 0.14988300204277039, 0.04606996849179268, 0.0069847097620368, -0.9989138841629028, 0.699999988079071, 0.0, 0.0, -0.25509822368621826, -0.338596373796463, 0.0762452557682991, -0.6101070046424866, 0.06570979952812195, 0.006508976221084595, 0.014420509338378906, 2.384185791015625e-06, 0.27769070863723755, -0.40566787123680115, 0.23885393142700195, 7.460221290588379, -0.7541253566741943, -1.6015783548355103, -1.0479539632797241, 0.13578805327415466, 0.394308477640152, -6.138713836669922, -0.8703421950340271, -0.007292434573173523, 1.13808012008667, 4.2148542404174805, -4.229788303375244, -6.8597493171691895, -0.10181871056556702, -0.735235869884491, -0.018205802887678146, -1.214269757270813, -0.2262691855430603, -0.2661460041999817, -0.014822810888290405, -5.7430267333984375, 1.016817569732666, -0.31615081429481506, 0.21370191872119904, 14.401503562927246, 1.0, 1.0, 1.0, 1.0, 1.0, 1.0, 1.0, 0.0, 1.0, 1.0, 1.0, 1.0]"
427,1.226331096404465e-05,0.0,91.2728271484375,0.0,0.0,0.0,0.0,0.0,0.0,0.0,0.0,0.0,0.6030063033103943,-0.045752912759780884,-0.1407347023487091,-0.26376423239707947,-0.36033836007118225,0.062047168612480164,-0.5946876406669617,0.4766780138015747,-0.48544827103614807,0.3928578495979309,-1.1882432699203491,-0.49543294310569763,0.42703017592430115,-0.5707837343215942,8.194969177246094,"[0.6030063033103943, -0.045752912759780884, -0.1407347023487091, 0.3967055082321167, -0.6090937256813049, 0.076470747590065, 0.03664754331111908, -0.00291841896250844, -0.9993241429328918, 0.699999988079071, 0.0, 0.0, -0.26376423239707947, -0.36033836007118225, 0.062047168612480164, -0.5946876406669617, 0.07667800784111023, -0.0854482650756836, -0.007142156362533569, 1.430511474609375e-06, 0.3045670688152313, -0.3729698359966278, 0.22921627759933472, 7.3949689865112305, -0.35656386613845825, -0.5238823294639587, -0.56159508228302, 1.0711947679519653, 0.810951828956604, -2.964473009109497, -1.2105917930603027, -0.003648841055110097, 1.2332650423049927, -1.108051061630249, 2.228614091873169, -0.7364922761917114, -0.3767414391040802, -0.24616900086402893, -0.01807422563433647, -1.2750581502914429, 0.04950791597366333, 1.3527311086654663, -0.08705407381057739, -5.606994152069092, 0.6288294792175293, -0.933268666267395, 1.0543361902236938, 14.938080787658691, 1.0, 1.0, 1.0, 1.0, 1.0, 1.0, 1.0, 0.0, 1.0, 1.0, 1.0, 1.0]"
428,0.0,0.0,0.0,0.0,0.0,0.0,0.0,0.0,0.0,0.0,0.0,0.0,0.6794398427009583,-0.09121234714984894,-0.3420506715774536,-0.26517215371131897,-0.34317636489868164,0.057157594710588455,-0.5761232376098633,0.5021044015884399,-0.4890249967575073,0.3693622648715973,-1.1882448196411133,-0.5205765962600708,0.3706332743167877,-0.4798332154750824,8.222041130065918,"[0.6794398427009583, -0.09121234714984894, -0.3420506715774536, 0.014519033022224903, -0.8200286626815796, 0.030834533274173737, 0.02161344513297081, -0.006905768066644669, -0.9997423887252808, 0.699999988079071, 0.0, 0.0, -0.26517215371131897, -0.34317636489868164, 0.057157594710588455, -0.5761232376098633, 0.10210439562797546, -0.08902499079704285, -0.030637741088867188, -1.1920928955078125e-07, 0.27942341566085815, -0.42936673760414124, 0.32016679644584656, 7.422040939331055, 0.09651622921228409, 1.73241126537323, 0.14637011289596558, 0.9474415183067322, 1.7143313884735107, 1.3340601921081543, -1.0744645595550537, 6.458733696490526e-05, -4.190826416015625, -3.2512948513031006, 5.270514965057373, 2.9176218509674072, -0.4682355225086212, -0.35993850231170654, 0.5840513706207275, -1.1864728927612305, 0.28402864933013916, 0.9303613901138306, -0.0756395161151886, -5.684142112731934, -0.1682063788175583, -1.1011674404144287, 1.2407231330871582, 15.660168647766113, 1.0, 1.0, 1.0, 1.0, 1.0, 1.0, 1.0, 0.0, 1.0, 1.0, 1.0, 1.0]"
429,0.0,0.0,0.0,6.504444172605872e-05,0.0,484.10986328125,7.038873445708305e-05,0.0,523.8861083984375,0.0,0.0,0.0,0.6982182860374451,-0.05675939843058586,-0.23434798419475555,-0.27611222863197327,-0.3518257737159729,0.05182840675115585,-0.5566776394844055,0.5215128660202026,-0.4876328110694885,0.34796440601348877,-1.1880890130996704,-0.6112735867500305,0.412767231464386,-0.39455366134643555,8.313169479370117,"[0.6982182860374451, -0.05675939843058586, -0.23434798419475555, 0.7640627026557922, -0.015894532203674316, 0.04029027745127678, 0.0150950588285923, -0.019421137869358063, -0.9996973276138306, 0.699999988079071, 0.0, 0.0, -0.27611222863197327, -0.3518257737159729, 0.05182840675115585, -0.5566776394844055, 0.12151286005973816, -0.08763280510902405, -0.05203559994697571, 0.0001556873321533203, 0.18872642517089844, -0.38723278045654297, 0.4054463505744934, 7.513169288635254, -0.8168045878410339, -0.727020800113678, -1.9450511932373047, 1.725075125694275, 0.5880909562110901, -0.13173440098762512, 0.021886348724365234, 0.05668703094124794, -4.763965129852295, 1.9870799779891968, 0.6210458278656006, 5.993577003479004, -0.6282323002815247, -0.36668941378593445, 0.6074386835098267, -1.0765771865844727, 0.21794211864471436, 0.7950698137283325, -0.31638550758361816, -5.678959846496582, -0.06334735453128815, -1.4287899732589722, 1.148634433746338, 16.168291091918945, 1.0, 1.0, 1.0, 1.0, 1.0, 1.0, 1.0, 0.0, 1.0, 1.0, 1.0, 1.0]"
430,0.0,0.0,0.0,7.007105887169018e-05,0.0,521.521728515625,6.957165169296786e-05,0.0,517.8047485351562,0.0,0.0,0.0,0.7060799598693848,-0.048806365579366684,-0.009375389665365219,-0.28180965781211853,-0.3495132327079773,0.05377455800771713,-0.4798107147216797,0.5274450182914734,-0.4810762107372284,0.38351860642433167,-1.1882057189941406,-0.696793258190155,0.43729645013809204,-0.4177713394165039,8.444184303283691,"[0.7060799598693848, -0.048806365579366684, -0.009375389665365219, -0.10779619216918945, 0.08225517719984055, 0.08252550661563873, 0.01544249802827835, -0.018608633428812027, -0.9997076392173767, 0.699999988079071, 0.0, 0.0, -0.28180965781211853, -0.3495132327079773, 0.05377455800771713, -0.4798107147216797, 0.1274450123310089, -0.08107620477676392, -0.016481399536132812, 3.898143768310547e-05, 0.10320675373077393, -0.3627035617828369, 0.38222867250442505, 7.644184112548828, -0.3694033920764923, 0.2053164541721344, 0.1469012200832367, 3.8341217041015625, -0.02670690417289734, 0.5476595759391785, 1.4729466438293457, -0.0029171376954764128, -3.8011531829833984, 0.7128605842590332, -0.7163374423980713, 5.957489967346191, -0.5622357726097107, -0.4024747312068939, 0.6761952638626099, -1.0800023078918457, 0.05804997682571411, 0.699668288230896, -0.2826465964317322, -5.960675239562988, -0.24898089468479156, -1.1459689140319824, 1.227332353591919, 16.55158042907715, 1.0, 1.0, 1.0, 1.0, 1.0, 1.0, 1.0, 0.0, 1.0, 1.0, 1.0, 1.0]"
431,0.0,0.0,0.0,4.93088700750377e-05,0.0,366.9938659667969,3.8888214476173744e-05,0.0,289.4354553222656,0.0,0.0,0.0,0.6928426027297974,-0.03558417409658432,0.05666939914226532,-0.29139214754104614,-0.3452235162258148,0.05573165416717529,-0.4208642244338989,0.5158377289772034,-0.460204154253006,0.4035705327987671,-1.1882396936416626,-0.7607309818267822,0.435160368680954,-0.4178072512149811,8.568974494934082,"[0.6928426027297974, -0.03558417409658432, 0.05666939914226532, -0.09511271119117737, 0.09969557821750641, 0.0956900343298912, 0.017251048237085342, -0.016690192744135857, -0.9997121095657349, 0.699999988079071, 0.0, 0.0, -0.29139214754104614, -0.3452235162258148, 0.05573165416717529, -0.4208642244338989, 0.11583772301673889, -0.060204148292541504, 0.0035705268383026123, 5.0067901611328125e-06, 0.03926903009414673, -0.364839643239975, 0.3821927607059479, 7.768974304199219, -0.45947086811065674, 0.21749554574489594, 0.10713282972574234, 2.4653449058532715, -0.9189391136169434, 0.9442638158798218, 0.9621536731719971, 5.981512367725372e-05, -2.6578030586242676, -0.011090338230133057, 0.08906712383031845, 6.850844383239746, -0.43950167298316956, -0.4982428550720215, 0.6290750503540039, -1.026293396949768, 0.21541059017181396, 0.7185472249984741, -0.09420248866081238, -5.86351203918457, -0.17913906276226044, -1.2262262105941772, 1.2709323167800903, 16.514808654785156, 1.0, 1.0, 1.0, 1.0, 1.0, 1.0, 1.0, 0.0, 1.0, 1.0, 1.0, 1.0]"
432,0.0,0.0,0.0,5.052988126408309e-05,0.0,376.0815734863281,3.3491764042992145e-05,0.0,249.27101135253906,0.0,0.0,0.0,0.7024191617965698,-0.034843385219573975,0.0667116567492485,-0.2937977910041809,-0.3397509753704071,0.05902542173862457,-0.3887656033039093,0.49268680810928345,-0.4357661306858063,0.41885411739349365,-1.18824303150177,-0.7902411818504333,0.4264267385005951,-0.4108020067214966,8.70092487335205,"[0.7024191617965698, -0.034843385219573975, 0.0667116567492485, -0.15705867111682892, 0.14612428843975067, 0.058158960193395615, 0.01950778439640999, -0.013553669676184654, -0.9997179508209229, 0.699999988079071, 0.0, 0.0, -0.2937977910041809, -0.3397509753704071, 0.05902542173862457, -0.3887656033039093, 0.09268680214881897, -0.0357661247253418, 0.018854111433029175, 1.6689300537109375e-06, 0.009758830070495605, -0.37357327342033386, 0.3891980051994324, 7.9009246826171875, 0.02631344646215439, 0.26760515570640564, 0.18122373521327972, 1.1068339347839355, -1.2573944330215454, 1.0814158916473389, 0.7888619303703308, 0.0013247840106487274, -0.6260303854942322, -0.28795528411865234, 0.28178200125694275, 5.865776538848877, -0.48348674178123474, -0.45682069659233093, 0.5301677584648132, -1.0594748258590698, 0.2623710632324219, 0.7432553768157959, -0.15362492203712463, -5.934248924255371, -0.025714829564094543, -1.3189626932144165, 1.3661468029022217, 16.468618392944336, 1.0, 1.0, 1.0, 1.0, 1.0, 1.0, 1.0, 0.0, 1.0, 1.0, 1.0, 1.0]"
433,0.0,0.0,0.0,5.5104464991018176e-05,0.0,410.1290588378906,4.0574850572738796e-05,0.0,301.98870849609375,0.0,0.0,0.0,0.7292938828468323,-0.021525118499994278,0.11084984242916107,-0.2906619608402252,-0.33371585607528687,0.06309182196855545,-0.3814019560813904,0.4710918068885803,-0.40491247177124023,0.43055370450019836,-1.188242793083191,-0.7850080132484436,0.40624234080314636,-0.3990509510040283,8.78707218170166,"[0.7292938828468323, -0.021525118499994278, 0.11084984242916107, -0.15308520197868347, 0.1972283124923706, 0.03721781075000763, 0.022880690172314644, -0.00977384764701128, -0.9996904134750366, 0.699999988079071, 0.0, 0.0, -0.2906619608402252, -0.33371585607528687, 0.06309182196855545, -0.3814019560813904, 0.07109180092811584, -0.004912465810775757, 0.030553698539733887, 1.9073486328125e-06, 0.014991998672485352, -0.3937576711177826, 0.40094906091690063, 7.987071990966797, 0.12876209616661072, 0.26484403014183044, 0.16410180926322937, -0.08598470687866211, -0.9964948296546936, 1.5063905715942383, 0.5591934323310852, -0.00045118387788534164, 0.9451414346694946, -1.0190811157226562, 0.623699426651001, 3.370237112045288, -0.44760623574256897, -0.4306401014328003, 0.4692298471927643, -1.1989439725875854, 0.3074433207511902, 0.8427748680114746, -0.23600825667381287, -6.072409629821777, 0.1387057602405548, -1.4399493932724, 1.4308271408081055, 16.320981979370117, 1.0, 1.0, 1.0, 1.0, 1.0, 1.0, 1.0, 0.0, 1.0, 1.0, 1.0, 1.0]"
434,0.0,0.0,0.0,4.8950409109238535e-05,0.0,364.325927734375,4.36244263255503e-05,0.0,324.6859436035156,0.0,0.0,0.0,0.7589218616485596,-0.0027481848374009132,0.166052907705307,-0.28782621026039124,-0.32810652256011963,0.06615924835205078,-0.4017544984817505,0.4568978548049927,-0.36385050415992737,0.4353940188884735,-1.1882432699203491,-0.7500433921813965,0.3693530261516571,-0.3755711317062378,8.816941261291504,"[0.7589218616485596, -0.0027481848374009132, 0.166052907705307, -0.15028594434261322, 0.2007628232240677, 0.03548227250576019, 0.02674124576151371, -0.006472562439739704, -0.999621570110321, 0.699999988079071, 0.0, 0.0, -0.28782621026039124, -0.32810652256011963, 0.06615924835205078, -0.4017544984817505, 0.0568978488445282, 0.03614950180053711, 0.03539401292800903, 1.430511474609375e-06, 0.04995661973953247, -0.43064698576927185, 0.42442888021469116, 8.01694107055664, 0.12659700214862823, 0.27254045009613037, 0.12779125571250916, -1.6313682794570923, -0.5885196328163147, 2.082012891769409, 0.1824883073568344, -0.003640134818851948, 2.359133005142212, -1.9719023704528809, 1.306535243988037, 0.0895673930644989, -0.40231218934059143, -0.3948397934436798, 0.4071946442127228, -1.415068507194519, 0.3186725974082947, 0.8976272344589233, -0.34987083077430725, -6.24174690246582, 0.34152114391326904, -1.6575089693069458, 1.4959845542907715, 16.017494201660156, 1.0, 1.0, 1.0, 1.0, 1.0, 1.0, 1.0, 0.0, 1.0, 1.0, 1.0, 1.0]"
435,0.0,0.0,0.0,4.47009333583992e-05,0.0,332.6981201171875,3.88457665394526e-05,0.0,289.1195373535156,0.0,0.0,0.0,0.7860289216041565,0.00778594147413969,0.20652680099010468,-0.28128376603126526,-0.32117554545402527,0.0699799507856369,-0.4522198736667633,0.44974982738494873,-0.3136703670024872,0.4314364194869995,-1.1882442235946655,-0.6892133951187134,0.31754016876220703,-0.3366413712501526,8.783814430236816,"[0.7860289216041565, 0.00778594147413969, 0.20652680099010468, -0.26327061653137207, 0.2167396992444992, 0.02810129150748253, 0.030702264979481697, -0.0018558661686256528, -0.9995272159576416, 0.699999988079071, 0.0, 0.0, -0.28128376603126526, -0.32117554545402527, 0.0699799507856369, -0.4522198736667633, 0.04974982142448425, 0.0863296389579773, 0.031436413526535034, 4.76837158203125e-07, 0.11078661680221558, -0.4824598431587219, 0.46335864067077637, 7.983814239501953, 0.479221373796463, 0.3771193027496338, 0.22304591536521912, -3.071094036102295, -0.32230037450790405, 2.529062271118164, -0.25483009219169617, -0.004099739715456963, 3.660698175430298, -2.7110400199890137, 2.052561044692993, -3.2251243591308594, -0.23096641898155212, -0.46270492672920227, 0.40260961651802063, -1.6279481649398804, 0.19133156538009644, 0.9418574571609497, -0.27009621262550354, -6.318779468536377, 0.6038753986358643, -1.9293279647827148, 1.492026925086975, 15.449248313903809, 1.0, 1.0, 1.0, 1.0, 1.0, 1.0, 1.0, 0.0, 1.0, 1.0, 1.0, 1.0]"
436,0.0,0.0,0.0,3.149342228425667e-05,0.0,234.39784240722656,2.3677461285842583e-05,0.0,176.22555541992188,0.0,0.0,0.0,0.8056666254997253,0.0011143984738737345,0.19651567935943604,-0.2621525824069977,-0.31149664521217346,0.0764956921339035,-0.5262554287910461,0.44093379378318787,-0.2565222978591919,0.4228023886680603,-1.1882402896881104,-0.599330723285675,0.25170496106147766,-0.29155731201171875,8.691635131835938,"[0.8056666254997253, 0.0011143984738737345, 0.19651567935943604, -0.4441230595111847, 0.3251480460166931, 0.011552956886589527, 0.03609888255596161, 0.005544396582990885, -0.9993332624435425, 0.699999988079071, 0.0, 0.0, -0.2621525824069977, -0.31149664521217346, 0.0764956921339035, -0.5262554287910461, 0.04093378782272339, 0.14347770810127258, 0.022802382707595825, 4.410743713378906e-06, 0.2006692886352539, -0.5482950210571289, 0.5084426999092102, 7.891634941101074, 1.2626229524612427, 0.5570657253265381, 0.4388640224933624, -3.8983869552612305, -0.7271513342857361, 2.8800013065338135, -0.30035585165023804, -0.007338113617151976, 5.42138671875, -3.458296298980713, 1.9636977910995483, -5.346617698669434, -0.35529574751853943, -0.32478228211402893, 0.4678521454334259, -1.6028015613555908, -0.3308957815170288, 0.5001819133758545, -0.18245798349380493, -6.156813144683838, 1.109143853187561, -2.0211963653564453, 1.1668822765350342, 14.830343246459961, 1.0, 1.0, 1.0, 1.0, 1.0, 1.0, 1.0, 0.0, 1.0, 1.0, 1.0, 1.0]"
437,5.124216477270238e-05,0.0,381.3829040527344,0.0,0.0,0.0,0.0,0.0,0.0,0.0,0.0,0.0,0.8026735782623291,-0.008146309293806553,0.13728266954421997,-0.2442983239889145,-0.3019477427005768,0.08631523698568344,-0.6071557998657227,0.4382183253765106,-0.20285984873771667,0.42533960938453674,-1.1882449388504028,-0.5381934642791748,0.187257319688797,-0.30122464895248413,8.57666015625,"[0.8026735782623291, -0.008146309293806553, 0.13728266954421997, -0.024852102622389793, 0.22338728606700897, 0.003201475366950035, 0.043117620050907135, 0.012907451018691063, -0.9989868402481079, 0.699999988079071, 0.0, 0.0, -0.2442983239889145, -0.3019477427005768, 0.08631523698568344, -0.6071557998657227, 0.03821831941604614, 0.1971401572227478, 0.025339603424072266, -2.384185791015625e-07, 0.26180654764175415, -0.6127426624298096, 0.4987753629684448, 7.776659965515137, 0.0037305415607988834, 0.10675402730703354, 0.39141732454299927, -4.2440080642700195, 1.750375747680664, 2.2389543056488037, 0.5811538100242615, -0.0010552750900387764, -1.3580193519592285, -2.36606764793396, -3.867924213409424, -5.848635196685791, -0.2580287754535675, -0.5805588364601135, -0.11268924176692963, -1.2380156517028809, -0.5949265956878662, -1.2502957582473755, -0.1323765367269516, -5.910851955413818, 1.1053566932678223, -1.1019277572631836, 0.23593635857105255, 14.364118576049805, 1.0, 1.0, 1.0, 1.0, 1.0, 1.0, 1.0, 0.0, 1.0, 1.0, 1.0, 1.0]"
438,5.348465492716059e-05,0.0,398.07318115234375,0.0,0.0,0.0,0.0,0.0,0.0,0.0,0.0,0.0,0.6631975769996643,0.004807806108146906,0.14057449996471405,-0.23747368156909943,-0.29850661754608154,0.09601575136184692,-0.610980749130249,0.4544536769390106,-0.2225514054298401,0.4236069321632385,-1.1882438659667969,-0.5360535383224487,0.2459610104560852,-0.38998937606811523,8.45596694946289,"[0.6631975769996643, 0.004807806108146906, 0.14057449996471405, 0.018102360889315605, 0.12687166035175323, 0.10612409561872482, 0.04737216606736183, 0.02040916308760643, -0.9986686110496521, 0.699999988079071, 0.0, 0.0, -0.23747368156909943, -0.29850661754608154, 0.09601575136184692, -0.610980749130249, 0.05445367097854614, 0.1774486005306244, 0.023606926202774048, 8.344650268554688e-07, 0.2639464735984802, -0.5540390014648438, 0.4100106358528137, 7.655966758728027, -0.06369706243276596, -0.5162388682365417, -0.23384416103363037, 0.25115442276000977, 0.6902714371681213, -2.933384418487549, -0.4047974646091461, -0.0010051648132503033, 0.3425176739692688, 5.937126159667969, -4.387924671173096, -7.128100395202637, -0.10789427161216736, -0.8362597823143005, 0.020628470927476883, -1.3926714658737183, -0.46687906980514526, -1.5192584991455078, -0.11661142110824585, -6.088298797607422, 0.9317731857299805, -0.49423524737358093, -0.07944159209728241, 13.915143013000488, 1.0, 1.0, 1.0, 1.0, 1.0, 1.0, 1.0, 0.0, 1.0, 1.0, 1.0, 1.0]"
439,3.285648926976137e-05,0.0,244.54281616210938,0.0,0.0,0.0,0.0,0.0,0.0,0.0,0.0,0.0,0.5789323449134827,0.0075200702995061874,0.05170197784900665,-0.25031107664108276,-0.32913854718208313,0.07423125952482224,-0.6109431982040405,0.4587225914001465,-0.32327839732170105,0.41359996795654297,-1.1882449388504028,-0.5145997405052185,0.35557031631469727,-0.5105189681053162,8.30830192565918,"[0.5789323449134827, 0.0075200702995061874, 0.05170197784900665, 0.7477993965148926, -0.04358664155006409, 0.1452743113040924, 0.04817438870668411, 0.008437687531113625, -0.9988031387329102, 0.699999988079071, 0.0, 0.0, -0.25031107664108276, -0.32913854718208313, 0.07423125952482224, -0.6109431982040405, 0.05872258543968201, 0.07672160863876343, 0.013599961996078491, -2.384185791015625e-07, 0.28540027141571045, -0.4444296956062317, 0.2894810438156128, 7.508301734924316, -0.8504877686500549, -1.8873153924942017, -1.2435705661773682, 0.06067367643117905, 0.309461772441864, -5.824305534362793, -0.5965748429298401, -0.005715163424611092, 0.9898426532745361, 4.4819231033325195, -6.251028060913086, -7.419349193572998, -0.03995487093925476, -0.7377960681915283, 0.06279869377613068, -1.2942633628845215, -0.2839199900627136, -0.8534163236618042, -0.06341239809989929, -5.973485946655273, 1.0257611274719238, -0.32535725831985474, 0.055706337094306946, 14.24572467803955, 1.0, 1.0, 1.0, 1.0, 1.0, 1.0, 1.0, 0.0, 1.0, 1.0, 1.0, 1.0]"
440,2.2120953872217797e-05,0.0,164.64085388183594,0.0,0.0,0.0,0.0,0.0,0.0,0.0,0.0,0.0,0.5752381682395935,-0.0319083146750927,-0.0719929113984108,-0.26066794991493225,-0.3623664677143097,0.05831708014011383,-0.6036841869354248,0.46678397059440613,-0.438877671957016,0.39465755224227905,-1.188246488571167,-0.49090713262557983,0.42417505383491516,-0.5772900581359863,8.190961837768555,"[0.5752381682395935, -0.0319083146750927, -0.0719929113984108, 0.40300771594047546, -0.4069671630859375, 0.08841536939144135, 0.04313256964087486, -0.002615311648696661, -0.999066174030304, 0.699999988079071, 0.0, 0.0, -0.26066794991493225, -0.3623664677143097, 0.05831708014011383, -0.6036841869354248, 0.06678396463394165, -0.038877665996551514, -0.005342453718185425, -1.7881393432617188e-06, 0.3090928792953491, -0.3758249580860138, 0.22270995378494263, 7.390961647033691, -0.3940854072570801, -1.321122646331787, -0.525079071521759, 0.7477323412895203, 0.5985511541366577, -5.161990165710449, -1.1427087783813477, -0.0076054772362113, 1.1326082944869995, 2.2877984046936035, -0.8491657376289368, -3.7379016876220703, -0.27251747250556946, -0.5155709981918335, -0.15068913996219635, -1.1754751205444336, -0.1266489028930664, 0.6268298625946045, -0.009705156087875366, -5.631579875946045, 0.9474103450775146, -0.5761774778366089, 0.5818623900413513, 14.581239700317383, 1.0, 1.0, 1.0, 1.0, 1.0, 1.0, 1.0, 0.0, 1.0, 1.0, 1.0, 1.0]"
441,0.0,0.0,0.0,0.0,0.0,0.0,0.0,0.0,0.0,0.0,0.0,0.0,0.6423402428627014,-0.07275079190731049,-0.23268666863441467,-0.2651093602180481,-0.3688487708568573,0.05061061680316925,-0.58349609375,0.4841791093349457,-0.4945194721221924,0.3731690049171448,-1.1882447004318237,-0.4769726097583771,0.4094136953353882,-0.538662850856781,8.18331527709961,"[0.6423402428627014, -0.07275079190731049, -0.23268666863441467, 0.15159331262111664, -0.7071453928947449, 0.0635620579123497, 0.03074902482330799, -0.008752280846238136, -0.9994887709617615, 0.699999988079071, 0.0, 0.0, -0.2651093602180481, -0.3688487708568573, 0.05061061680316925, -0.58349609375, 0.0841791033744812, -0.0945194661617279, -0.026831001043319702, 0.0, 0.3230274021625519, -0.39058631658554077, 0.26133716106414795, 7.383315086364746, -0.09586334228515625, 0.5184125304222107, -0.17003019154071808, 1.2477306127548218, 1.2618272304534912, -1.120091199874878, -1.0801594257354736, 6.609504634980112e-05, -1.1065353155136108, -2.7253503799438477, 3.9404914379119873, 1.574623703956604, -0.5463573932647705, -0.2463531196117401, 0.4289751946926117, -1.2364646196365356, 0.16295552253723145, 1.2161117792129517, -0.10601681470870972, -5.642973899841309, 0.0378849059343338, -1.0525932312011719, 1.3138656616210938, 15.362397193908691, 1.0, 1.0, 1.0, 1.0, 1.0, 1.0, 1.0, 0.0, 1.0, 1.0, 1.0, 1.0]"
442,0.0,0.0,0.0,0.0001972825702978298,0.0,1468.325927734375,0.0,0.0,0.0,0.0,0.0,0.0,0.6527519822120667,-0.06299185007810593,-0.29218292236328125,-0.26744145154953003,-0.34429699182510376,0.05997660756111145,-0.5587823390960693,0.5174862742424011,-0.4816953241825104,0.3519275188446045,-1.1883065700531006,-0.5702449083328247,0.36804234981536865,-0.4221285879611969,8.255874633789062,"[0.6527519822120667, -0.06299185007810593, -0.29218292236328125, 0.765969455242157, -0.3688836097717285, 0.028700819239020348, 0.015578817576169968, -0.008540757931768894, -0.99984210729599, 0.699999988079071, 0.0, 0.0, -0.26744145154953003, -0.34429699182510376, 0.05997660756111145, -0.5587823390960693, 0.11748626828193665, -0.0816953182220459, -0.048072487115859985, -6.186962127685547e-05, 0.22975510358810425, -0.4319576621055603, 0.37787142395973206, 7.455874443054199, -1.0435711145401, -1.7625415325164795, -0.21535718441009521, 0.7932794690132141, 1.0125410556793213, -2.382108449935913, -1.3678805828094482, 0.025544248521327972, -4.63718843460083, 6.358144283294678, 5.697870254516602, 4.62449836730957, -0.4891239106655121, -0.4395182430744171, 0.6757245063781738, -1.0404125452041626, 0.2627728581428528, 0.8894037008285522, -0.19952359795570374, -5.7659149169921875, -0.23151518404483795, -1.1835346221923828, 1.2322783470153809, 16.041044235229492, 1.0, 1.0, 1.0, 1.0, 1.0, 1.0, 1.0, 0.0, 1.0, 1.0, 1.0, 1.0]"
443,0.0,0.0,0.0,7.652816566405818e-05,0.0,569.5803833007812,8.368334420083556e-06,0.0,62.283470153808594,0.0,0.0,0.0,0.7058477401733398,-0.07114394009113312,-0.12000283598899841,-0.2780499756336212,-0.3489716351032257,0.06194121763110161,-0.502799928188324,0.5327069163322449,-0.4982989728450775,0.3656674325466156,-1.188284993171692,-0.667064905166626,0.43590983748435974,-0.396627277135849,8.386624336242676,"[0.7058477401733398, -0.07114394009113312, -0.12000283598899841, -0.2757638990879059, -0.0803334042429924, 0.10495755076408386, 0.011850675567984581, -0.013028839603066444, -0.9998450875282288, 0.699999988079071, 0.0, 0.0, -0.2780499756336212, -0.3489716351032257, 0.06194121763110161, -0.502799928188324, 0.1327069103717804, -0.09829896688461304, -0.03433257341384888, -4.029273986816406e-05, 0.13293510675430298, -0.3640901744365692, 0.40337273478507996, 7.5866241455078125, -0.10421094298362732, 0.3260256350040436, 0.47488313913345337, 4.363691329956055, 0.5237998962402344, -0.42128804326057434, 2.2677488327026367, -0.0024399273097515106, -5.12355375289917, 2.5172901153564453, -1.543109655380249, 7.192357063293457, -0.5442286133766174, -0.16179606318473816, 0.6408407688140869, -1.0736242532730103, 0.016842246055603027, 0.8399277925491333, -0.41365620493888855, -5.826413154602051, -0.22410725057125092, -1.147935390472412, 1.1138919591903687, 16.65067481994629, 1.0, 1.0, 1.0, 1.0, 1.0, 1.0, 1.0, 0.0, 1.0, 1.0, 1.0, 1.0]"
444,0.0,0.0,0.0,5.777600745204836e-05,0.0,430.0126953125,3.6588608054444194e-05,0.0,272.320068359375,0.0,0.0,0.0,0.6927899718284607,-0.061440031975507736,0.009173437021672726,-0.27824628353118896,-0.34145841002464294,0.06821883469820023,-0.42527148127555847,0.5265056490898132,-0.4892587959766388,0.38969793915748596,-1.1882411241531372,-0.7469963431358337,0.4535050690174103,-0.40403056144714355,8.513883590698242,"[0.6927899718284607, -0.061440031975507736, 0.009173437021672726, -0.26216405630111694, 0.13193807005882263, 0.08157824724912643, 0.013546695001423359, -0.007392595522105694, -0.9998810291290283, 0.699999988079071, 0.0, 0.0, -0.27824628353118896, -0.34145841002464294, 0.06821883469820023, -0.42527148127555847, 0.12650564312934875, -0.08925879001617432, -0.010302066802978516, 3.5762786865234375e-06, 0.053003668785095215, -0.3464949429035187, 0.3959694504737854, 7.713883399963379, 0.0008472425397485495, 0.39440083503723145, 0.3246804177761078, 3.4001543521881104, -0.8290057182312012, 0.6275964975357056, 1.2311618328094482, -0.0010314946994185448, -3.108330249786377, 0.433066725730896, -0.4266830086708069, 6.148097991943359, -0.3740637004375458, -0.5123029351234436, 0.7292092442512512, -0.9843902587890625, 0.10498511791229248, 0.765331506729126, -0.07261183857917786, -5.742031574249268, -0.27745741605758667, -1.1466727256774902, 1.1141314506530762, 16.58765983581543, 1.0, 1.0, 1.0, 1.0, 1.0, 1.0, 1.0, 0.0, 1.0, 1.0, 1.0, 1.0]"
445,0.0,0.0,0.0,4.524628457147628e-05,0.0,336.7570495605469,3.2328563975170255e-05,0.0,240.61358642578125,0.0,0.0,0.0,0.6986802220344543,-0.057250238955020905,0.028661862015724182,-0.27735936641693115,-0.33641931414604187,0.07142465561628342,-0.381729394197464,0.5009405016899109,-0.46835222840309143,0.4120633006095886,-1.1882424354553223,-0.7946116924285889,0.44836708903312683,-0.411498099565506,8.650554656982422,"[0.6986802220344543, -0.057250238955020905, 0.028661862015724182, -0.025453723967075348, 0.20522858202457428, 0.05552123859524727, 0.017200278118252754, -0.00519027141854167, -0.9998382329940796, 0.699999988079071, 0.0, 0.0, -0.27735936641693115, -0.33641931414604187, 0.07142465561628342, -0.381729394197464, 0.10094049572944641, -0.06835222244262695, 0.012063294649124146, 2.2649765014648438e-06, 0.005388319492340088, -0.3516329228878021, 0.388501912355423, 7.850554466247559, 0.040533289313316345, 0.1798153519630432, 0.097283735871315, 1.5371530055999756, -1.4903953075408936, 0.9976930618286133, 1.2235864400863647, -0.00018908735364675522, -1.5277142524719238, -0.2949180603027344, -0.5475364923477173, 7.054399013519287, -0.6023849844932556, -0.4246402680873871, 0.5931788086891174, -1.008751392364502, 0.24249684810638428, 0.7153218984603882, -0.18284878134727478, -5.864611625671387, -0.12747134268283844, -1.2308032512664795, 1.3217235803604126, 16.54827117919922, 1.0, 1.0, 1.0, 1.0, 1.0, 1.0, 1.0, 0.0, 1.0, 1.0, 1.0, 1.0]"
