Time,LF_FOOT_X,LF_FOOT_Y,LF_FOOT_Z,LH_FOOT_X,LH_FOOT_Y,LH_FOOT_Z,RF_FOOT_X,RF_FOOT_Y,RF_FOOT_Z,RH_FOOT_X,RH_FOOT_Y,RH_FOOT_Z,Base_lin_vel_X,Base_lin_vel_Y,Base_lin_vel_Z,joint0_pos,joint1_pos,joint2_pos,joint3_pos,joint4_pos,joint5_pos,joint6_pos,joint7_pos,joint8_pos,joint9_pos,joint10_pos,joint11_pos,base_height,obs
1,2.9499855372705497e-05,0.0,219.56021118164062,0.0,0.0,0.0,3.5402164940023795e-05,0.0,263.4896545410156,0.0,0.0,0.0,0.378337025642395,-0.26201096177101135,0.21614187955856323,0.007627620827406645,-0.0329461544752121,0.0022832758259028196,0.004640555940568447,0.5414942502975464,-0.30506911873817444,0.5703299045562744,-0.29634419083595276,-0.723166823387146,1.0618388652801514,-0.8063615560531616,0.6805446743965149,"[0.378337025642395, -0.26201096177101135, 0.21614187955856323, 0.3106757402420044, 0.06991304457187653, -0.0964166596531868, 0.0035081012174487114, -0.004242877941578627, -0.9999851584434509, 0.699999988079071, 0.0, 0.0, 0.007627620827406645, -0.0329461544752121, 0.0022832758259028196, 0.004640555940568447, 0.1414942443370819, 0.09493088722229004, 0.17032989859580994, 0.10365581512451172, 0.07683318853378296, 0.2618388533592224, -0.006361544132232666, -0.11945533752441406, 0.18557210266590118, -3.1129097938537598, 0.26048168540000916, 0.11114180833101273, 2.583158493041992, -2.7560153007507324, 0.8548665046691895, -2.7770912647247314, -3.502849817276001, -5.738933086395264, -0.678876519203186, 2.4660255908966064, -0.11677412688732147, -1.4734256267547607, 0.5394223928451538, 0.15932753682136536, -0.4639018177986145, -2.7138705253601074, -0.6560204029083252, -1.3568917512893677, -0.749459981918335, -1.4802947044372559, 0.6911916732788086, 0.025669418275356293, 1.0, 1.0, 1.0, 1.0, 1.0, 1.0, 1.0, 1.0, 1.0, 1.0, 1.0, 1.0]"
2,0.0,0.0,0.0,0.0,0.0,0.0,3.4358650736976415e-05,0.0,255.72305297851562,0.0,0.0,0.0,0.18364042043685913,-0.2413332313299179,0.1764248013496399,0.015723157674074173,-0.11441759765148163,0.017807846888899803,0.05288747698068619,0.5871203541755676,-0.4133146405220032,0.5668061375617981,-0.4053288996219635,-0.8266857862472534,0.9223440885543823,-0.7910983562469482,0.7770419120788574,"[0.18364042043685913, -0.2413332313299179, 0.1764248013496399, -1.0752007961273193, -0.009580091573297977, 0.03141478821635246, 0.004916153382509947, 0.0024497308768332005, -0.9999846816062927, 0.699999988079071, 0.0, 0.0, 0.015723157674074173, -0.11441759765148163, 0.017807846888899803, 0.05288747698068619, 0.18712034821510315, -0.013314634561538696, 0.16680613160133362, -0.0053288936614990234, -0.026685774326324463, 0.12234407663345337, 0.008901655673980713, -0.022958099842071533, 0.4575144648551941, -3.947991371154785, 1.4190990924835205, 4.700950622558594, 2.516911745071411, -6.437142372131348, -0.25247055292129517, -6.661001205444336, -7.488851547241211, -6.922123908996582, 0.973507285118103, 7.463107585906982, -1.27920663356781, -0.8456264138221741, 0.02235456183552742, 2.128927707672119, 2.042153835296631, -0.6225887537002563, -0.12017634510993958, -2.981351613998413, -0.7098204493522644, -1.087875485420227, 0.7610018253326416, 1.2530949115753174, 1.0, 1.0, 1.0, 1.0, 1.0, 1.0, 1.0, 1.0, 1.0, 1.0, 1.0, 1.0]"
3,0.0,0.0,0.0,2.69013562501641e-05,0.0,200.22019958496094,2.1044108507339843e-05,0.0,156.62615966796875,0.0,0.0,0.0,0.23086412250995636,-0.23039966821670532,0.09295792877674103,-0.01327794324606657,-0.17944714426994324,0.048221390694379807,0.18201081454753876,0.6573715806007385,-0.5164312124252319,0.5559703707695007,-0.5440420508384705,-0.9379221796989441,0.902201235294342,-0.7511948943138123,0.9215025305747986,"[0.23086412250995636, -0.23039966821670532, 0.09295792877674103, -1.181600570678711, -0.4834500253200531, 0.08258555829524994, -0.0011600377038121223, 0.027498256415128708, -0.9996213316917419, 0.699999988079071, 0.0, 0.0, -0.01327794324606657, -0.17944714426994324, 0.048221390694379807, 0.18201081454753876, 0.25737157464027405, -0.11643120646476746, 0.15597036480903625, -0.14404204487800598, -0.13792216777801514, 0.10220122337341309, 0.0488051176071167, 0.12150251865386963, -2.6567561626434326, -1.9958930015563965, 1.4698010683059692, 7.035567760467529, 4.120737552642822, -2.9904704093933105, -0.4213440418243408, -6.874029159545898, -2.8374905586242676, 3.077626943588257, 2.210341453552246, 6.421444892883301, -0.3056250512599945, -0.8731639981269836, 1.5909528732299805, 1.1542493104934692, 1.2941445112228394, 1.2807400226593018, 0.7202242612838745, -1.3288445472717285, -0.2352926880121231, -0.6468210220336914, 1.0042967796325684, 0.3647559583187103, 1.0, 1.0, 1.0, 1.0, 1.0, 1.0, 1.0, 1.0, 1.0, 1.0, 1.0, 1.0]"
4,0.0,0.0,0.0,6.41265360172838e-05,0.0,477.27813720703125,1.7161570212920196e-05,0.0,127.7293701171875,0.0,0.0,0.0,0.35455557703971863,-0.25849780440330505,0.047114286571741104,-0.0866222158074379,-0.1607949435710907,0.07741625607013702,0.3275182545185089,0.7544638514518738,-0.5087795257568359,0.5508385300636292,-0.6688121557235718,-0.9398987293243408,0.9249486923217773,-0.7059829831123352,0.9452018737792969,"[0.35455557703971863, -0.25849780440330505, 0.047114286571741104, -0.7966191172599792, -0.5558393597602844, -0.026553716510534286, -0.01312260888516903, 0.04958684369921684, -0.9986836910247803, 0.699999988079071, 0.0, 0.0, -0.0866222158074379, -0.1607949435710907, 0.07741625607013702, 0.3275182545185089, 0.3544638454914093, -0.10877951979637146, 0.15083852410316467, -0.2688121497631073, -0.13989871740341187, 0.12494868040084839, 0.09401702880859375, 0.14520186185836792, -4.475797653198242, 1.0336233377456665, 1.15950608253479, 6.881168842315674, 5.016164302825928, 0.2540292739868164, -0.15885932743549347, -5.72062873840332, 0.47775304317474365, 0.9872551560401917, 2.105048418045044, -1.5916807651519775, -1.0517927408218384, -0.18198463320732117, 1.2109817266464233, 0.6153335571289062, 0.9697360396385193, 0.9728349447250366, 0.45512154698371887, -0.8816297054290771, -0.2538008689880371, -0.31290534138679504, 1.0388026237487793, 0.15417608618736267, 1.0, 1.0, 1.0, 1.0, 1.0, 1.0, 1.0, 1.0, 1.0, 1.0, 1.0, 1.0]"
5,0.0,0.0,0.0,4.528005592874251e-05,0.0,337.0083923339844,1.7083242710214108e-05,0.0,127.1463851928711,0.0,0.0,0.0,0.4512857496738434,-0.22522993385791779,0.04614076390862465,-0.19609765708446503,-0.14724119007587433,0.09291111677885056,0.42346206307411194,0.8435052633285522,-0.48790428042411804,0.5540809631347656,-0.7497442364692688,-0.9096607565879822,0.9372959733009338,-0.6712684035301208,0.9443081617355347,"[0.4512857496738434, -0.22522993385791779, 0.04614076390862465, -0.19280588626861572, -0.5314512848854065, -0.08181537687778473, -0.024532873183488846, 0.05755195394158363, -0.9980409145355225, 0.699999988079071, 0.0, 0.0, -0.19609765708446503, -0.14724119007587433, 0.09291111677885056, 0.42346206307411194, 0.44350525736808777, -0.08790427446365356, 0.15408095717430115, -0.3497442305088043, -0.10966074466705322, 0.13729596138000488, 0.1287316083908081, 0.1443081498146057, -5.847066402435303, 0.4081736207008362, 0.5444979667663574, 3.1101930141448975, 3.853116512298584, 0.9032584428787231, 0.16572000086307526, -2.3575594425201416, 1.9782317876815796, 1.2774391174316406, 1.7225205898284912, -4.357677936553955, -0.6497600674629211, -0.5747314691543579, 1.1825158596038818, 0.15304264426231384, 0.8518953323364258, 0.5468864440917969, 0.5141863822937012, -0.04597637057304382, -0.2528523802757263, -0.5264741778373718, 0.8308818936347961, -0.15434560179710388, 1.0, 1.0, 1.0, 1.0, 1.0, 1.0, 1.0, 1.0, 1.0, 1.0, 1.0, 1.0]"
6,0.0,0.0,0.0,2.607251371955499e-05,0.0,194.05133056640625,1.6778247299953364e-05,0.0,124.87638854980469,1.867972605396062e-05,0.0,139.02862548828125,0.5150200128555298,-0.22013074159622192,0.035205304622650146,-0.29958927631378174,-0.13796864449977875,0.10598834604024887,0.4432353973388672,0.8969425559043884,-0.4610505998134613,0.5605193376541138,-0.757145881652832,-0.8847413063049316,0.9399566054344177,-0.6431566476821899,0.9543169140815735,"[0.5150200128555298, -0.22013074159622192, 0.035205304622650146, -0.443523108959198, -0.32763412594795227, -0.16041958332061768, -0.03359809145331383, 0.06284224987030029, -0.9974576234817505, 0.699999988079071, 0.0, 0.0, -0.29958927631378174, -0.13796864449977875, 0.10598834604024887, 0.4432353973388672, 0.49694254994392395, -0.061050593852996826, 0.1605193316936493, -0.35714587569236755, -0.08474129438400269, 0.13995659351348877, 0.156843364238739, 0.15431690216064453, -4.375133991241455, 0.6184024214744568, 0.8444814085960388, 0.8085894584655762, 1.9459331035614014, 1.1743577718734741, 0.3215184509754181, 1.063645362854004, 0.7063280344009399, 0.2484125941991806, 1.252255916595459, 0.3961699604988098, -0.7529012560844421, -0.3797434866428375, 0.5822040438652039, 0.25741448998451233, 1.0804649591445923, 0.0016809403896331787, 0.4689873158931732, 0.08131352066993713, -0.21333910524845123, -0.35384371876716614, 0.8765483498573303, -0.2493343949317932, 1.0, 1.0, 1.0, 1.0, 1.0, 1.0, 1.0, 1.0, 1.0, 1.0, 1.0, 1.0]"
7,0.0,0.0,0.0,1.4486046893580351e-05,0.0,107.81610107421875,1.978022737603169e-05,0.0,147.21939086914062,2.787212360999547e-05,0.0,207.44540405273438,0.540661633014679,-0.2165321409702301,0.0323181189596653,-0.35690584778785706,-0.118309386074543,0.1301744133234024,0.46246853470802307,0.9170516133308411,-0.43418076634407043,0.5667943358421326,-0.7290853261947632,-0.8789808750152588,0.9317022562026978,-0.6253967881202698,0.9422746300697327,"[0.540661633014679, -0.2165321409702301, 0.0323181189596653, -0.8272152543067932, 0.049461424350738525, -0.19388751685619354, -0.03552517294883728, 0.07850243896245956, -0.9962807893753052, 0.699999988079071, 0.0, 0.0, -0.35690584778785706, -0.118309386074543, 0.1301744133234024, 0.46246853470802307, 0.5170515775680542, -0.03418076038360596, 0.1667943298816681, -0.3290853202342987, -0.07898086309432983, 0.1317022442817688, 0.17460322380065918, 0.1422746181488037, -2.250943660736084, 1.0141700506210327, 1.2565062046051025, 0.970971405506134, 0.5345293879508972, 1.3778953552246094, 0.42415502667427063, 1.3530981540679932, -0.11254489421844482, -0.7021852731704712, 0.49462324380874634, -0.706271231174469, -0.691906213760376, -0.5846467018127441, 0.18537279963493347, 0.49448132514953613, 0.8923556804656982, 0.012339025735855103, 0.5501506328582764, -0.45986631512641907, -0.30632108449935913, -0.45093345642089844, 0.8470316529273987, -0.16430872678756714, 1.0, 1.0, 1.0, 1.0, 1.0, 1.0, 1.0, 1.0, 1.0, 1.0, 1.0, 1.0]"
8,0.0,0.0,0.0,1.9238148524891585e-05,0.0,143.18482971191406,2.8801125154132023e-05,0.0,214.3597412109375,6.8507779360516e-06,0.0,50.98866653442383,0.5492024421691895,-0.1722501963376999,-0.0017286227084696293,-0.3961663246154785,-0.10685726255178452,0.1462998390197754,0.4724114239215851,0.9152149558067322,-0.40374016761779785,0.5814682841300964,-0.705122709274292,-0.8975822925567627,0.9084487557411194,-0.6286149621009827,0.928459107875824,"[0.5492024421691895, -0.1722501963376999, -0.0017286227084696293, -0.1232089251279831, 0.1967417448759079, -0.19271118938922882, -0.032548870891332626, 0.08645069599151611, -0.9957244992256165, 0.699999988079071, 0.0, 0.0, -0.3961663246154785, -0.10685726255178452, 0.1462998390197754, 0.4724114239215851, 0.5152149200439453, -0.003740161657333374, 0.18146827816963196, -0.3051227033138275, -0.09758228063583374, 0.10844874382019043, 0.1713850498199463, 0.12845909595489502, -1.844403624534607, 0.27596303820610046, 0.5206843018531799, 0.21683622896671295, -0.3824669420719147, 1.5303044319152832, 1.0001941919326782, 1.102262258529663, -1.514966368675232, -1.2289882898330688, -0.6429227590560913, -0.5766434669494629, -0.6002644300460815, -0.4973083436489105, 0.07437250018119812, 0.6835098266601562, 1.135054111480713, 0.0911741554737091, 0.3137958347797394, -0.848572850227356, -0.43737393617630005, -0.6935755014419556, 0.8698173761367798, 0.11498590558767319, 1.0, 1.0, 1.0, 1.0, 1.0, 1.0, 1.0, 1.0, 1.0, 1.0, 1.0, 1.0]"
9,0.0,0.0,0.0,2.779168789857067e-05,0.0,206.84674072265625,4.092922972631641e-05,0.0,304.6262512207031,0.0,0.0,0.0,0.5403279066085815,-0.1444636583328247,-0.04367794096469879,-0.4239345192909241,-0.10787146538496017,0.1507931351661682,0.4715258479118347,0.9042426943778992,-0.37184426188468933,0.6046274900436401,-0.6959973573684692,-0.9441186785697937,0.8821685910224915,-0.6456594467163086,0.9349377751350403,"[0.5403279066085815, -0.1444636583328247, -0.04367794096469879, 0.23229674994945526, 0.12577326595783234, -0.20318904519081116, -0.029592517763376236, 0.08317680656909943, -0.9960952997207642, 0.699999988079071, 0.0, 0.0, -0.4239345192909241, -0.10787146538496017, 0.1507931351661682, 0.4715258479118347, 0.5042426586151123, 0.028155744075775146, 0.20462748408317566, -0.29599735140800476, -0.14411866664886475, 0.0821685791015625, 0.15434056520462036, 0.13493776321411133, -1.037583827972412, -0.1712506115436554, 0.32479286193847656, 0.017435677349567413, -0.505096435546875, 1.3649009466171265, 1.4145563840866089, -0.1942785531282425, -3.1659908294677734, -0.8528092503547668, -1.4911011457443237, 1.6591904163360596, -0.5097617506980896, -0.5525964498519897, -0.06738309562206268, 0.8852355480194092, 1.2359241247177124, 0.2975161373615265, 0.2316504269838333, -1.2657749652862549, -0.7273032069206238, -0.7682815790176392, 0.8573021292686462, 0.42069533467292786, 1.0, 1.0, 1.0, 1.0, 1.0, 1.0, 1.0, 1.0, 1.0, 1.0, 1.0, 1.0]"
10,0.0,0.0,0.0,2.8846356144640595e-05,0.0,214.6963653564453,3.8074453186709434e-05,0.0,283.37884521484375,0.0,0.0,0.0,0.536162793636322,-0.13151484727859497,-0.06894433498382568,-0.4302683174610138,-0.11199919879436493,0.15319204330444336,0.47908052802085876,0.8971914052963257,-0.34179508686065674,0.6294420957565308,-0.7227896451950073,-1.0193058252334595,0.862241268157959,-0.6631636619567871,0.9899005889892578,"[0.536162793636322, -0.13151484727859497, -0.06894433498382568, 0.26335376501083374, 0.06415746361017227, -0.22039225697517395, -0.028250619769096375, 0.07800424098968506, -0.9965527057647705, 0.699999988079071, 0.0, 0.0, -0.4302683174610138, -0.11199919879436493, 0.15319204330444336, 0.47908052802085876, 0.4971913993358612, 0.05820491909980774, 0.22944208979606628, -0.32278963923454285, -0.21930581331253052, 0.06224125623703003, 0.13683634996414185, 0.18990057706832886, 0.0903458222746849, -0.26126745343208313, 0.21345335245132446, 0.5214739441871643, -0.2994861900806427, 1.3024070262908936, 1.3625808954238892, -1.8358267545700073, -3.7599711418151855, -0.6603087186813354, -1.2071993350982666, 2.3730661869049072, -0.5359889268875122, -0.3835505545139313, 0.04253299906849861, 0.8298519849777222, 1.2097996473312378, 0.3597427308559418, 0.25046396255493164, -1.2868642807006836, -0.8298723697662354, -0.7480829954147339, 0.7927566766738892, 0.5304899215698242, 1.0, 1.0, 1.0, 1.0, 1.0, 1.0, 1.0, 1.0, 1.0, 1.0, 1.0, 1.0]"
11,0.0,0.0,0.0,3.0950683139963076e-05,0.0,230.35836791992188,3.724194903043099e-05,0.0,277.1827087402344,0.0,0.0,0.0,0.5508847236633301,-0.1105545163154602,-0.08538662642240524,-0.4197239577770233,-0.11894507706165314,0.15321432054042816,0.4873209595680237,0.8919945359230042,-0.3116379380226135,0.6552297472953796,-0.7701844573020935,-1.0818480253219604,0.8445079326629639,-0.6796005368232727,1.0233625173568726,"[0.5508847236633301, -0.1105545163154602, -0.08538662642240524, 0.40911221504211426, 0.006611077580600977, -0.21087037026882172, -0.02804526500403881, 0.07095597684383392, -0.99708491563797, 0.699999988079071, 0.0, 0.0, -0.4197239577770233, -0.11894507706165314, 0.15321432054042816, 0.4873209595680237, 0.4919945299625397, 0.08836206793785095, 0.25522974133491516, -0.37018445134162903, -0.2818480134010315, 0.04450792074203491, 0.12039947509765625, 0.2233625054359436, 0.7602483630180359, -0.43895503878593445, -0.07737915962934494, 0.2415347397327423, -0.34146392345428467, 1.3030632734298706, 1.410466194152832, -2.522243022918701, -2.105872869491577, -0.48023396730422974, -0.9455874562263489, 1.038903832435608, -0.5724236369132996, -0.2961815595626831, 0.22379429638385773, 0.7647874355316162, 1.153637409210205, 0.43512091040611267, 0.2675532400608063, -1.1883790493011475, -0.6434473991394043, -0.7332475185394287, 0.7574687600135803, 0.39757415652275085, 1.0, 1.0, 1.0, 1.0, 1.0, 1.0, 1.0, 1.0, 1.0, 1.0, 1.0, 1.0]"
12,0.0,0.0,0.0,3.079425368923694e-05,0.0,229.194091796875,3.2288171496475115e-05,0.0,240.31298828125,0.0,0.0,0.0,0.5820777416229248,-0.09440528601408005,-0.09578698128461838,-0.39680245518684387,-0.12670743465423584,0.15196509659290314,0.48336291313171387,0.8828037977218628,-0.2804047465324402,0.6813269853591919,-0.8151599764823914,-1.0845118761062622,0.8283607959747314,-0.6929399371147156,1.0080996751785278,"[0.5820777416229248, -0.09440528601408005, -0.09578698128461838, 0.32940974831581116, -0.03540093079209328, -0.1780472844839096, -0.02888745814561844, 0.06356140971183777, -0.9975594878196716, 0.699999988079071, 0.0, 0.0, -0.39680245518684387, -0.12670743465423584, 0.15196509659290314, 0.48336291313171387, 0.4828037917613983, 0.11959525942802429, 0.2813269793987274, -0.4151599705219269, -0.28451186418533325, 0.02836078405380249, 0.10706007480621338, 0.20809966325759888, 1.3713364601135254, -0.3721695840358734, -0.014628954231739044, -0.5239368081092834, -0.5910542011260986, 1.3356990814208984, 1.3604142665863037, -1.8840943574905396, 1.2681306600570679, -0.383872926235199, -0.7346498370170593, -2.2169082164764404, -0.5247475504875183, -0.3672172427177429, 0.38287410140037537, 0.7059431076049805, 1.0440908670425415, 0.45820048451423645, 0.3019680976867676, -0.9550423622131348, -0.34622347354888916, -0.7362780570983887, 0.6765577793121338, 0.10180556029081345, 1.0, 1.0, 1.0, 1.0, 1.0, 1.0, 1.0, 1.0, 1.0, 1.0, 1.0, 1.0]"
13,0.0,0.0,0.0,2.5595130864530802e-05,0.0,190.49830627441406,2.50019074883312e-05,0.0,186.0830841064453,0.0,0.0,0.0,0.6213476061820984,-0.08022000640630722,-0.12040095776319504,-0.36337003111839294,-0.13176147639751434,0.1528063267469406,0.4625403583049774,0.8675770163536072,-0.24910619854927063,0.7067599296569824,-0.836277425289154,-1.0234225988388062,0.8147763013839722,-0.7021154165267944,0.9361557960510254,"[0.6213476061820984, -0.08022000640630722, -0.12040095776319504, 0.1837201714515686, -0.03909613937139511, -0.1551072746515274, -0.03005809336900711, 0.05918358266353607, -0.997794508934021, 0.699999988079071, 0.0, 0.0, -0.36337003111839294, -0.13176147639751434, 0.1528063267469406, 0.4625403583049774, 0.4675770103931427, 0.15089380741119385, 0.30675992369651794, -0.4362774193286896, -0.2234225869178772, 0.014776289463043213, 0.09788459539413452, 0.13615578413009644, 1.803701639175415, -0.24469110369682312, 0.06641913950443268, -1.447227954864502, -0.9608834981918335, 1.3869295120239258, 1.3615361452102661, -0.3713863492012024, 4.357851982116699, -0.351818323135376, -0.5430066585540771, -4.886763095855713, -0.5449709892272949, -0.4767344295978546, 0.5218698978424072, 0.6221292018890381, 0.8304349184036255, 0.3017113506793976, 0.47573643922805786, -0.4410909116268158, 0.07791268825531006, -0.6854778528213501, 0.47408950328826904, -0.37015867233276367, 1.0, 1.0, 1.0, 1.0, 1.0, 1.0, 1.0, 1.0, 1.0, 1.0, 1.0, 1.0]"
14,0.0,0.0,0.0,7.924008059490006e-06,0.0,58.9764518737793,8.337060535268392e-06,0.0,62.05070495605469,3.8619131373707205e-05,0.0,287.4327392578125,0.6401416063308716,-0.08581437915563583,-0.16072069108486176,-0.3228018879890442,-0.13270379602909088,0.157545268535614,0.4573580026626587,0.8414438366889954,-0.22090527415275574,0.7347232699394226,-0.836205005645752,-0.9157631397247314,0.8018668293952942,-0.7172282338142395,0.9429464340209961,"[0.6401416063308716, -0.08581437915563583, -0.16072069108486176, -0.12087752670049667, 0.21781611442565918, -0.12435899674892426, -0.028538543730974197, 0.05888138711452484, -0.9978571534156799, 0.699999988079071, 0.0, 0.0, -0.3228018879890442, -0.13270379602909088, 0.157545268535614, 0.4573580026626587, 0.4414438307285309, 0.17909473180770874, 0.33472326397895813, -0.4362049996852875, -0.11576312780380249, 0.0018668174743652344, 0.08277177810668945, 0.14294642210006714, 2.1554861068725586, 0.07643122971057892, 0.360693097114563, 0.26263535022735596, -1.6132858991622925, 1.2384034395217896, 1.5044536590576172, 0.38725489377975464, 5.914577960968018, -0.16283440589904785, -1.1361232995986938, 0.7605023980140686, -0.6266651749610901, -0.7300504446029663, 0.5932344198226929, 0.6965757608413696, 0.3540455102920532, -0.7963250875473022, 0.9526877403259277, 0.1449151337146759, 0.5575212836265564, -0.3825242817401886, -0.11535106599330902, -0.7848820686340332, 1.0, 1.0, 1.0, 1.0, 1.0, 1.0, 1.0, 1.0, 1.0, 1.0, 1.0, 1.0]"
15,5.413730104919523e-05,0.0,402.9306945800781,0.0,0.0,0.0,0.0,0.0,0.0,4.860300396103412e-05,0.0,361.74029541015625,0.6080523729324341,-0.0535876490175724,-0.09484508633613586,-0.32616862654685974,-0.15424615144729614,0.17022080719470978,0.4539589583873749,0.8642242550849915,-0.2300722301006317,0.7703582644462585,-0.8284341096878052,-0.9269305467605591,0.8058023452758789,-0.7735385298728943,0.9538936018943787,"[0.6080523729324341, -0.0535876490175724, -0.09484508633613586, 0.423328161239624, 0.4140282869338989, -0.12027667462825775, -0.021791530773043633, 0.053896889090538025, -0.9983086585998535, 0.699999988079071, 0.0, 0.0, -0.32616862654685974, -0.15424615144729614, 0.17022080719470978, 0.4539589583873749, 0.464224249124527, 0.16992777585983276, 0.37035825848579407, -0.4284341037273407, -0.12693053483963013, 0.005802333354949951, 0.026461482048034668, 0.1538935899734497, -0.39282944798469543, -1.8745077848434448, 1.1934218406677246, -0.35204067826271057, 1.2873592376708984, -2.242542266845703, 2.1029505729675293, 0.23649227619171143, -0.9121125340461731, 1.5050104856491089, -4.707446098327637, 0.5568495988845825, -0.9816530346870422, -0.6050488352775574, 1.0488728284835815, 0.3411712348461151, 0.0714154839515686, -2.1317036151885986, 1.091946005821228, 0.15273213386535645, 0.5346451997756958, 0.5046675801277161, -0.843545138835907, -0.2094549834728241, 1.0, 1.0, 1.0, 1.0, 1.0, 1.0, 1.0, 1.0, 1.0, 1.0, 1.0, 1.0]"
16,4.43037279183045e-05,0.0,329.7418212890625,0.0,0.0,0.0,0.0,0.0,0.0,4.707161133410409e-05,0.0,350.3424987792969,0.5527021884918213,-0.059206314384937286,-0.0225976575165987,-0.3360866904258728,-0.20711646974086761,0.2182968258857727,0.44423243403434753,0.880453884601593,-0.3304848372936249,0.8183989524841309,-0.8179095387458801,-0.9346700310707092,0.8872237205505371,-0.8766636252403259,0.9547609686851501,"[0.5527021884918213, -0.059206314384937286, -0.0225976575165987, 0.5750535726547241, 0.4196757376194, -0.03744244575500488, -0.013177906163036823, 0.04279562085866928, -0.998996913433075, 0.699999988079071, 0.0, 0.0, -0.3360866904258728, -0.20711646974086761, 0.2182968258857727, 0.44423243403434753, 0.48045387864112854, 0.0695151686668396, 0.4183989465236664, -0.41790953278541565, -0.13467001914978027, 0.08722370862960815, -0.07666361331939697, 0.1547609567642212, -0.5181349515914917, -2.886338949203491, 3.1002588272094727, -0.5038191080093384, 0.7983063459396362, -6.029505252838135, 2.52091908454895, 0.3675313889980316, -0.3637576401233673, 4.291885852813721, -5.090285301208496, 0.20592588186264038, -0.5102303624153137, -0.55433189868927, 0.6378258466720581, 0.4602198898792267, 0.616949737071991, -1.3380839824676514, 1.2643557786941528, 0.20642033219337463, 0.48167943954467773, 1.0379791259765625, -1.1773502826690674, -0.19820907711982727, 1.0, 1.0, 1.0, 1.0, 1.0, 1.0, 1.0, 1.0, 1.0, 1.0, 1.0, 1.0]"
17,3.5233504604548216e-05,0.0,262.2343444824219,0.0,0.0,0.0,0.0,0.0,0.0,4.037142207380384e-05,0.0,300.474609375,0.5508064031600952,-0.06519760936498642,-0.013048680499196053,-0.34578704833984375,-0.2667735815048218,0.29003217816352844,0.4347381889820099,0.8919531106948853,-0.464847207069397,0.8710821866989136,-0.8052264451980591,-0.933630108833313,0.9804961085319519,-0.994219183921814,0.9544504880905151,"[0.5508064031600952, -0.06519760936498642, -0.013048680499196053, 0.5229783654212952, 0.3033592700958252, -0.016782017424702644, -0.006237295921891928, 0.031186923384666443, -0.9994940757751465, 0.699999988079071, 0.0, 0.0, -0.34578704833984375, -0.2667735815048218, 0.29003217816352844, 0.4347381889820099, 0.4919531047344208, -0.0648472011089325, 0.4710821807384491, -0.4052264392375946, -0.13363009691238403, 0.18049609661102295, -0.194219172000885, 0.15445047616958618, -0.42518913745880127, -3.015705108642578, 3.6739156246185303, -0.41158682107925415, 0.5606589913368225, -7.0190110206604, 2.521453380584717, 0.3878226578235626, 0.14318935573101044, 5.271557807922363, -6.1736626625061035, 0.3679335117340088, -0.36773446202278137, -0.7197210192680359, 0.6608977317810059, 0.4824973940849304, 0.6436334252357483, -1.1567347049713135, 1.0742732286453247, 0.19146382808685303, 0.4631487727165222, 1.0867581367492676, -1.2106820344924927, -0.12765803933143616, 1.0, 1.0, 1.0, 1.0, 1.0, 1.0, 1.0, 1.0, 1.0, 1.0, 1.0, 1.0]"
18,3.2429947168566287e-05,0.0,241.36814880371094,0.0,0.0,0.0,0.0,0.0,0.0,4.1596649680286646e-05,0.0,309.59368896484375,0.56955486536026,-0.06011117249727249,-0.007448607590049505,-0.3518761694431305,-0.3271656036376953,0.3520933985710144,0.42853328585624695,0.9032716751098633,-0.6017589569091797,0.9059054255485535,-0.7910800576210022,-0.9277698397636414,1.0802825689315796,-1.0998995304107666,0.9563798904418945,"[0.56955486536026, -0.06011117249727249, -0.007448607590049505, 0.30966460704803467, 0.19637008011341095, -0.04369506239891052, -0.0017492057522758842, 0.022845204919576645, -0.9997372627258301, 0.699999988079071, 0.0, 0.0, -0.3518761694431305, -0.3271656036376953, 0.3520933985710144, 0.42853328585624695, 0.5032716989517212, -0.2017589509487152, 0.5059053897857666, -0.3910800516605377, -0.1277698278427124, 0.28028255701065063, -0.29989951848983765, 0.15637987852096558, -0.19975237548351288, -2.972161293029785, 2.5976996421813965, -0.2228594273328781, 0.5188632011413574, -6.62516450881958, 1.1041569709777832, 0.4937950670719147, 0.4134864807128906, 4.315445423126221, -4.372798442840576, 0.4149430990219116, -0.3571877181529999, -0.7304062843322754, 0.502795398235321, 0.5148943662643433, 0.679629921913147, -1.1940264701843262, 1.0175799131393433, 0.2158370316028595, 0.5172544121742249, 1.0585108995437622, -1.0925081968307495, -0.2031784951686859, 1.0, 1.0, 1.0, 1.0, 1.0, 1.0, 1.0, 1.0, 1.0, 1.0, 1.0, 1.0]"
19,3.460756488493644e-05,0.0,257.57562255859375,0.0,0.0,0.0,0.0,0.0,0.0,4.1846004023682326e-05,0.0,311.4495849609375,0.5958011150360107,-0.05204085260629654,0.012539899908006191,-0.3540380299091339,-0.3835862874984741,0.3806995749473572,0.4255068302154541,0.9142081141471863,-0.7243064641952515,0.9072235226631165,-0.7734549045562744,-0.917850911617279,1.142988681793213,-1.1555606126785278,0.956515371799469,"[0.5958011150360107, -0.05204085260629654, 0.012539899908006191, 0.14994049072265625, 0.1392357349395752, -0.040035344660282135, 0.0012785454746335745, 0.018467199057340622, -0.9998286366462708, 0.699999988079071, 0.0, 0.0, -0.3540380299091339, -0.3835862874984741, 0.3806995749473572, 0.4255068302154541, 0.5142080783843994, -0.324306458234787, 0.5072234869003296, -0.37345489859580994, -0.1178508996963501, 0.34298866987228394, -0.3555606007575989, 0.15651535987854004, -0.045700542628765106, -2.6778154373168945, 0.7095360159873962, -0.08776717633008957, 0.4987097382545471, -5.821741580963135, -0.5356492400169373, 0.6999261975288391, 0.599349856376648, 2.5313031673431396, -1.743729591369629, 0.2651718854904175, -0.3665526807308197, -0.740571916103363, 0.34819716215133667, 0.5017138719558716, 0.56597900390625, -1.2895867824554443, 0.9691393375396729, 0.07462558150291443, 0.487479567527771, 1.0166325569152832, -0.9807314276695251, -0.25369954109191895, 1.0, 1.0, 1.0, 1.0, 1.0, 1.0, 1.0, 1.0, 1.0, 1.0, 1.0, 1.0]"
20,3.6449917388381436e-05,0.0,271.2878112792969,0.0,0.0,0.0,0.0,0.0,0.0,3.936628854717128e-05,0.0,292.99365234375,0.6279729008674622,-0.04973147436976433,0.034429535269737244,-0.3555178642272949,-0.4293818175792694,0.37332838773727417,0.4230230152606964,0.9230290651321411,-0.8265690207481384,0.8846396803855896,-0.7526431679725647,-0.9022654294967651,1.1753253936767578,-1.168562889099121,0.9547027349472046,"[0.6279729008674622, -0.04973147436976433, 0.034429535269737244, 0.19629983603954315, 0.0988364964723587, -0.011321079917252064, 0.003416274208575487, 0.014858679845929146, -0.9998834729194641, 0.699999988079071, 0.0, 0.0, -0.3555178642272949, -0.4293818175792694, 0.37332838773727417, 0.4230230152606964, 0.523029088973999, -0.42656901478767395, 0.4846396744251251, -0.3526431620121002, -0.10226541757583618, 0.37532538175582886, -0.36856287717819214, 0.15470272302627563, -0.08320166170597076, -1.974327564239502, -0.9272529482841492, -0.12444537878036499, 0.3796353042125702, -4.620394706726074, -1.4211524724960327, 0.8805039525032043, 0.906306803226471, 1.0526903867721558, -0.024933503940701485, 0.15038420259952545, -0.40217897295951843, -0.7501075267791748, 0.28239986300468445, 0.49173375964164734, 0.5060814619064331, -1.2615264654159546, 0.9251459836959839, -0.025559693574905396, 0.47021782398223877, 0.9490848779678345, -0.8191781640052795, -0.32459983229637146, 1.0, 1.0, 1.0, 1.0, 1.0, 1.0, 1.0, 1.0, 1.0, 1.0, 1.0, 1.0]"
21,3.489943264867179e-05,0.0,259.7479248046875,0.0,0.0,0.0,0.0,0.0,0.0,3.893890243489295e-05,0.0,289.8127136230469,0.6654432415962219,-0.05424435809254646,0.05728842690587044,-0.35872021317481995,-0.4556244909763336,0.34130141139030457,0.4186905026435852,0.9284822344779968,-0.8988599181175232,0.851559579372406,-0.7291658520698547,-0.8796074390411377,1.1821057796478271,-1.1565358638763428,0.9513660073280334,"[0.6654432415962219, -0.05424435809254646, 0.05728842690587044, 0.31408509612083435, 0.09293987601995468, 0.007987932302057743, 0.00508734118193388, 0.009158913977444172, -0.999945342540741, 0.699999988079071, 0.0, 0.0, -0.35872021317481995, -0.4556244909763336, 0.34130141139030457, 0.4186905026435852, 0.52848219871521, -0.4988599121570587, 0.45155957341194153, -0.32916584610939026, -0.07960742712020874, 0.3821057677268982, -0.3565358519554138, 0.1513659954071045, -0.1761501580476761, -0.8482842445373535, -1.9369385242462158, -0.2274426966905594, 0.2092650681734085, -2.9398884773254395, -1.8269109725952148, 1.0414456129074097, 1.2416902780532837, -0.38049232959747314, 1.212010383605957, 0.017486289143562317, -0.43846872448921204, -0.796646773815155, 0.23874537646770477, 0.5285712480545044, 0.5028102397918701, -1.1290247440338135, 0.8195216655731201, -0.019602999091148376, 0.44499361515045166, 0.7434150576591492, -0.5921548008918762, -0.4485454857349396, 1.0, 1.0, 1.0, 1.0, 1.0, 1.0, 1.0, 1.0, 1.0, 1.0, 1.0, 1.0]"
22,3.108896635239944e-05,0.0,231.3875732421875,0.0,0.0,0.0,0.0,0.0,0.0,3.657784327515401e-05,0.0,272.2399597167969,0.7036029696464539,-0.059308718889951706,0.07648984342813492,-0.36301639676094055,-0.4590420722961426,0.29546454548835754,0.41268470883369446,0.9312462210655212,-0.9353991746902466,0.8105495572090149,-0.7023453116416931,-0.8525415062904358,1.1513638496398926,-1.1145403385162354,0.9433861970901489,"[0.7036029696464539, -0.059308718889951706, 0.07648984342813492, 0.35337167978286743, 0.15585997700691223, 0.008096745237708092, 0.007537010125815868, 0.001967865042388439, -0.9999696612358093, 0.699999988079071, 0.0, 0.0, -0.36301639676094055, -0.4590420722961426, 0.29546454548835754, 0.41268470883369446, 0.5312461853027344, -0.5353991985321045, 0.4105495512485504, -0.30234530568122864, -0.052541494369506836, 0.3513638377189636, -0.3145403265953064, 0.14338618516921997, -0.20146504044532776, 0.264628529548645, -2.447411060333252, -0.28140509128570557, 0.11556623131036758, -1.1285176277160645, -2.2662649154663086, 1.2198565006256104, 1.3700248003005981, -2.648430109024048, 2.992535352706909, -0.26768702268600464, -0.5499283075332642, -0.7748550772666931, 0.2281823307275772, 0.6276309490203857, 0.4936957359313965, -0.937322735786438, 0.6063249111175537, -0.05533616244792938, 0.3825104236602783, 0.3940620720386505, -0.22198887169361115, -0.5541207194328308, 1.0, 1.0, 1.0, 1.0, 1.0, 1.0, 1.0, 1.0, 1.0, 1.0, 1.0, 1.0]"
23,2.5874805942294188e-05,0.0,192.57986450195312,0.0,0.0,0.0,0.0,0.0,0.0,3.0319921279442497e-05,0.0,225.66375732421875,0.737139105796814,-0.07007694244384766,0.07317213714122772,-0.3658485412597656,-0.4420424699783325,0.24757790565490723,0.40759748220443726,0.9341517686843872,-0.9387903809547424,0.7592203617095947,-0.6721874475479126,-0.8268086314201355,1.0756807327270508,-1.0337224006652832,0.9284700155258179,"[0.737139105796814, -0.07007694244384766, 0.07317213714122772, 0.19812600314617157, 0.2617088556289673, -0.0019511362770572305, 0.011816740967333317, -0.0037479232996702194, -0.9999232292175293, 0.699999988079071, 0.0, 0.0, -0.3658485412597656, -0.4420424699783325, 0.24757790565490723, 0.40759748220443726, 0.5341517925262451, -0.5387903451919556, 0.35922035574913025, -0.2721874415874481, -0.026808619499206543, 0.2756807208061218, -0.23372238874435425, 0.12847000360488892, -0.05486191809177399, 1.2751502990722656, -2.222229242324829, -0.16075223684310913, 0.2561742663383484, 0.43163907527923584, -2.772855043411255, 1.4479485750198364, 1.0933769941329956, -4.722478866577148, 4.76909875869751, -0.7319192290306091, -0.7309808135032654, -0.6596782207489014, 0.37845340371131897, 0.6951961517333984, 0.4982074499130249, -0.6567443609237671, 0.4129352867603302, -0.2911182940006256, 0.19125041365623474, -0.03873647004365921, 0.24432499706745148, -0.5330224633216858, 1.0, 1.0, 1.0, 1.0, 1.0, 1.0, 1.0, 1.0, 1.0, 1.0, 1.0, 1.0]"
24,8.883383088686969e-06,0.0,66.1168441772461,0.0,0.0,0.0,9.890700312098488e-05,0.0,736.1406860351562,1.2121964573452715e-05,0.0,90.22081756591797,0.7838502526283264,-0.09728452563285828,0.05188138782978058,-0.3619425296783447,-0.3999466300010681,0.2297331988811493,0.4098171889781952,0.9418348670005798,-0.9123441576957703,0.7288946509361267,-0.6387881636619568,-0.8094040155410767,0.9681488275527954,-0.9612396359443665,0.9067872166633606,"[0.7838502526283264, -0.09728452563285828, 0.05188138782978058, -0.4285096824169159, 0.2069082260131836, 0.06765473634004593, 0.017650840803980827, -0.002125371713191271, -0.999841570854187, 0.699999988079071, 0.0, 0.0, -0.3619425296783447, -0.3999466300010681, 0.2297331988811493, 0.4098171889781952, 0.541834831237793, -0.5123441219329834, 0.32889464497566223, -0.2387881577014923, -0.009404003620147705, 0.16814881563186646, -0.1612396240234375, 0.10678720474243164, 0.6197296380996704, 2.91611909866333, 0.6178361177444458, 0.49521780014038086, 0.549399197101593, 1.9529902935028076, 2.8185298442840576, 1.9049572944641113, 1.357571005821228, -5.804157733917236, -2.6473546028137207, -1.250378966331482, -1.0201084613800049, -0.3691326081752777, 0.5275044441223145, 0.5518108606338501, 0.7146344780921936, -0.27202945947647095, 0.28105443716049194, -0.9076014757156372, -0.28719961643218994, -0.4781752824783325, 0.5471557378768921, -0.16626590490341187, 1.0, 1.0, 1.0, 1.0, 1.0, 1.0, 1.0, 1.0, 1.0, 1.0, 1.0, 1.0]"
25,0.0,0.0,0.0,2.1530838694161503e-06,0.0,16.024877548217773,4.628249007510021e-05,0.0,344.4692687988281,0.0,0.0,0.0,0.730901300907135,-0.048999104648828506,-0.026744473725557327,-0.3710567355155945,-0.3419691324234009,0.23918280005455017,0.4164937734603882,0.9500157237052917,-0.8580282330513,0.7559809684753418,-0.6136095523834229,-0.8704172372817993,0.8584429621696472,-0.9652511477470398,0.8942330479621887,"[0.730901300907135, -0.048999104648828506, -0.026744473725557327, -0.3295227885246277, -0.048024751245975494, 0.028399936854839325, 0.019728723913431168, 0.0053022573702037334, -0.9997914433479309, 0.699999988079071, 0.0, 0.0, -0.3710567355155945, -0.3419691324234009, 0.23918280005455017, 0.4164937734603882, 0.5500156879425049, -0.45802822709083557, 0.3559809625148773, -0.21360954642295837, -0.07041722536087036, 0.05844295024871826, -0.16525113582611084, 0.09423303604125977, -1.0766007900238037, 2.7709200382232666, 0.6250783205032349, 0.10762616991996765, 0.3193499743938446, 3.1002542972564697, 1.597711443901062, 0.5831708908081055, -4.71203088760376, -5.365303993225098, -0.2978232204914093, -0.16783644258975983, -0.7400693297386169, -0.5089265704154968, 0.09596739709377289, 0.5834661722183228, 1.089634895324707, -0.3629924952983856, 0.3415357172489166, -1.631706953048706, -1.0728836059570312, -0.4811294674873352, 0.5945298075675964, 0.4401914179325104, 1.0, 1.0, 1.0, 1.0, 1.0, 1.0, 1.0, 1.0, 1.0, 1.0, 1.0, 1.0]"
26,0.0,0.0,0.0,4.437374445842579e-05,0.0,330.262939453125,3.873776222462766e-05,0.0,288.3157043457031,0.0,0.0,0.0,0.6473031044006348,0.004041059873998165,-0.03484301641583443,-0.4034988582134247,-0.34669023752212524,0.2353609800338745,0.40823206305503845,0.9440149664878845,-0.8484217524528503,0.7811709642410278,-0.643343985080719,-0.9665431380271912,0.8798518776893616,-0.9668989777565002,0.9534168243408203,"[0.6473031044006348, 0.004041059873998165, -0.03484301641583443, 0.28544166684150696, -0.029998213052749634, 0.009899620898067951, 0.018917467445135117, 0.0009817196987569332, -0.9998207092285156, 0.699999988079071, 0.0, 0.0, -0.4034988582134247, -0.34669023752212524, 0.2353609800338745, 0.40823206305503845, 0.5440149307250977, -0.44842174649238586, 0.38117095828056335, -0.24334397912025452, -0.1665431261062622, 0.07985186576843262, -0.1668989658355713, 0.15341681241989136, -1.473272442817688, -0.2936484217643738, -0.26281213760375977, -0.380399614572525, -0.45137766003608704, 0.5971720814704895, 1.3623394966125488, -2.468451738357544, -5.344255447387695, 0.8149899840354919, -0.2816721796989441, 3.7506725788116455, -0.7188724875450134, -0.4525132477283478, 0.21267418563365936, 0.6899642944335938, 1.2084126472473145, -0.18094196915626526, 0.4305359721183777, -1.381602168083191, -1.1310445070266724, -0.5314330458641052, 0.709030032157898, 0.6365240216255188, 1.0, 1.0, 1.0, 1.0, 1.0, 1.0, 1.0, 1.0, 1.0, 1.0, 1.0, 1.0]"
27,0.0,0.0,0.0,4.216844536131248e-05,0.0,313.8494567871094,3.4833068639272824e-05,0.0,259.2540283203125,0.0,0.0,0.0,0.625187873840332,-0.0015865323366597295,-0.025422047823667526,-0.4195493161678314,-0.35043492913246155,0.23217329382896423,0.40679091215133667,0.9341614842414856,-0.8347600698471069,0.8041405081748962,-0.7108961343765259,-1.0855015516281128,0.8915473222732544,-0.9689546227455139,1.0141311883926392,"[0.625187873840332, -0.0015865323366597295, -0.025422047823667526, 0.16029983758926392, 0.03347347676753998, 0.006478059105575085, 0.0193552915006876, -0.002785051241517067, -0.9998089671134949, 0.699999988079071, 0.0, 0.0, -0.4195493161678314, -0.35043492913246155, 0.23217329382896423, 0.40679091215133667, 0.5341614484786987, -0.43476006388664246, 0.40414050221443176, -0.3108961284160614, -0.28550153970718384, 0.09154731035232544, -0.16895461082458496, 0.2141311764717102, -0.3788089156150818, -0.15854252874851227, -0.13216793537139893, 0.09991350024938583, -0.5947610139846802, 0.5885738730430603, 1.1611745357513428, -3.8316800594329834, -5.4998273849487305, 0.6729968786239624, -0.13468125462532043, 3.170121908187866, -0.6076125502586365, -0.6125250458717346, 0.36546650528907776, 0.6533005237579346, 1.191985845565796, -0.0870446264743805, 0.5768740177154541, -1.4493714570999146, -1.1218665838241577, -0.2751654088497162, 0.5662821531295776, 0.8824173212051392, 1.0, 1.0, 1.0, 1.0, 1.0, 1.0, 1.0, 1.0, 1.0, 1.0, 1.0, 1.0]"
28,0.0,0.0,0.0,3.732466939254664e-05,0.0,277.7983703613281,3.374163497937843e-05,0.0,251.13072204589844,0.0,0.0,0.0,0.6254307627677917,0.00016658150707371533,-0.03131065145134926,-0.4147263169288635,-0.35337111353874207,0.2301500290632248,0.4100930988788605,0.9185605049133301,-0.8210163116455078,0.8252393007278442,-0.7945671677589417,-1.1604316234588623,0.9043567180633545,-0.9672427773475647,1.084578037261963,"[0.6254307627677917, 0.00016658150707371533, -0.03131065145134926, 0.10838140547275543, -0.05343727394938469, -0.01173401903361082, 0.01898200251162052, -0.00536360451951623, -0.9998055696487427, 0.699999988079071, 0.0, 0.0, -0.4147263169288635, -0.35337111353874207, 0.2301500290632248, 0.4100930988788605, 0.518560528755188, -0.42101630568504333, 0.42523929476737976, -0.3945671617984772, -0.36043161153793335, 0.10435670614242554, -0.16724276542663574, 0.28457802534103394, 0.5638551115989685, -0.1485135853290558, -0.0861259177327156, 0.11817192286252975, -0.9011716246604919, 0.48819366097450256, 1.065855622291565, -4.198366641998291, -2.480154037475586, 0.9648792743682861, 0.139018252491951, 3.073894500732422, -0.6336387395858765, -0.568122386932373, 0.4067287743091583, 0.7022604942321777, 1.186347484588623, 0.0023055672645568848, 0.47803565859794617, -1.3440457582473755, -0.911575436592102, -0.2696007788181305, 0.6033763289451599, 0.8626940846443176, 1.0, 1.0, 1.0, 1.0, 1.0, 1.0, 1.0, 1.0, 1.0, 1.0, 1.0, 1.0]"
29,0.0,0.0,0.0,3.979366738349199e-05,0.0,296.1745300292969,3.506669236230664e-05,0.0,260.9927978515625,0.0,0.0,0.0,0.6422470808029175,0.006357253063470125,-0.023291384801268578,-0.39638251066207886,-0.35445788502693176,0.23028415441513062,0.4096675515174866,0.8996713757514954,-0.8073867559432983,0.8435391783714294,-0.8709698915481567,-1.1748727560043335,0.921364426612854,-0.9577279686927795,1.1194690465927124,"[0.6422470808029175, 0.006357253063470125, -0.023291384801268578, -0.064825139939785, -0.1431097686290741, -0.01198198739439249, 0.016660816967487335, -0.0052521852776408195, -0.9998475313186646, 0.699999988079071, 0.0, 0.0, -0.39638251066207886, -0.35445788502693176, 0.23028415441513062, 0.4096675515174866, 0.4996713697910309, -0.40738674998283386, 0.44353917241096497, -0.47096988558769226, -0.37487274408340454, 0.12136441469192505, -0.15772795677185059, 0.31946903467178345, 1.072450876235962, -0.014493310824036598, 0.05287500470876694, -0.11223400384187698, -0.9703420996665955, 0.4790300130844116, 0.9223472476005554, -3.5313363075256348, 0.17204611003398895, 1.1754555702209473, 0.5391362309455872, 1.0341509580612183, -0.5599647164344788, -0.6160602569580078, 0.4392641484737396, 0.6801779270172119, 1.1048426628112793, 0.04319539666175842, 0.433574914932251, -1.3539234399795532, -0.7906341552734375, -0.22202569246292114, 0.5687294602394104, 0.7378659248352051, 1.0, 1.0, 1.0, 1.0, 1.0, 1.0, 1.0, 1.0, 1.0, 1.0, 1.0, 1.0]"
30,0.0,0.0,0.0,4.053413067595102e-05,0.0,301.68560791015625,3.5422592191025615e-05,0.0,263.6416931152344,0.0,0.0,0.0,0.6649154424667358,0.01369434129446745,-0.003617345355451107,-0.3708895146846771,-0.3524567782878876,0.23329155147075653,0.40404409170150757,0.8808796405792236,-0.7924818992614746,0.8579722046852112,-0.9294339418411255,-1.159764289855957,0.9396849870681763,-0.939668595790863,1.120257019996643,"[0.6649154424667358, 0.01369434129446745, -0.003617345355451107, -0.23787976801395416, -0.18097460269927979, -0.006186334881931543, 0.013174609281122684, -0.0015097686555236578, -0.9999118447303772, 0.699999988079071, 0.0, 0.0, -0.3708895146846771, -0.3524567782878876, 0.23329155147075653, 0.40404409170150757, 0.48087963461875916, -0.39248189330101013, 0.4579721987247467, -0.5294339656829834, -0.3597642779350281, 0.13968497514724731, -0.13966858386993408, 0.3202570080757141, 1.3948993682861328, 0.13210469484329224, 0.18614411354064941, -0.41768866777420044, -0.9734520316123962, 0.5534442663192749, 0.7229453325271606, -2.4970951080322266, 1.1414254903793335, 1.1996867656707764, 0.949016809463501, -0.8340007662773132, -0.47844240069389343, -0.69032883644104, 0.40471911430358887, 0.7163429260253906, 1.0455665588378906, 0.06974932551383972, 0.3999541401863098, -1.3013319969177246, -0.6579177379608154, -0.17867031693458557, 0.5567865967750549, 0.5413128137588501, 1.0, 1.0, 1.0, 1.0, 1.0, 1.0, 1.0, 1.0, 1.0, 1.0, 1.0, 1.0]"
31,0.0,0.0,0.0,3.892783570336178e-05,0.0,289.7303466796875,3.4676417271839455e-05,0.0,258.08807373046875,0.0,0.0,0.0,0.6889940500259399,0.021930545568466187,0.014735070988535881,-0.33960098028182983,-0.34843048453330994,0.23788313567638397,0.3932214081287384,0.8608582615852356,-0.7749590277671814,0.8687586784362793,-0.9668509364128113,-1.129820704460144,0.9562759399414062,-0.9144936203956604,1.0864946842193604,"[0.6889940500259399, 0.021930545568466187, 0.014735070988535881, -0.2991001605987549, -0.19758029282093048, 7.915501191746444e-05, 0.0092382887378335, 0.004482954274863005, -0.9999474883079529, 0.699999988079071, 0.0, 0.0, -0.33960098028182983, -0.34843048453330994, 0.23788313567638397, 0.3932214081287384, 0.4608582556247711, -0.3749590218067169, 0.4687586724758148, -0.5668509006500244, -0.3298206925392151, 0.1562759280204773, -0.11449360847473145, 0.2864946722984314, 1.6299755573272705, 0.17765620350837708, 0.2154771238565445, -0.6141538619995117, -1.0545517206192017, 0.6913148760795593, 0.5384252667427063, -1.5002171993255615, 1.8164939880371094, 1.099102258682251, 1.2944209575653076, -2.2638261318206787, -0.4168439209461212, -0.7284785509109497, 0.354431688785553, 0.7303930521011353, 0.9902920722961426, 0.06710192561149597, 0.42891764640808105, -1.2399593591690063, -0.4943068027496338, -0.1773703694343567, 0.4882267713546753, 0.34698906540870667, 1.0, 1.0, 1.0, 1.0, 1.0, 1.0, 1.0, 1.0, 1.0, 1.0, 1.0, 1.0]"
32,0.0,0.0,0.0,3.695482882903889e-05,0.0,275.0457458496094,3.168624243699014e-05,0.0,235.83294677734375,0.0,0.0,0.0,0.7160684466362,0.03300558775663376,0.023172836750745773,-0.30679982900619507,-0.3450268507003784,0.24138003587722778,0.37998759746551514,0.8393502235412598,-0.7540271878242493,0.8774412870407104,-0.9863225817680359,-1.085334062576294,0.9694617390632629,-0.884874701499939,1.028957724571228,"[0.7160684466362, 0.03300558775663376, 0.023172836750745773, -0.21013018488883972, -0.1956213116645813, 0.012311688624322414, 0.005139915272593498, 0.009895277209579945, -0.9999377131462097, 0.699999988079071, 0.0, 0.0, -0.30679982900619507, -0.3450268507003784, 0.24138003587722778, 0.37998759746551514, 0.4393502175807953, -0.3540271818637848, 0.47744128108024597, -0.586322546005249, -0.285334050655365, 0.16946172714233398, -0.08487468957901001, 0.22895771265029907, 1.59413743019104, 0.08698758482933044, 0.10757695883512497, -0.7401655912399292, -1.1283607482910156, 0.8872543573379517, 0.47565633058547974, -0.6409589648246765, 2.651905059814453, 0.8811528086662292, 1.4373670816421509, -3.330789804458618, -0.39905497431755066, -0.6900169849395752, 0.3622875511646271, 0.678887128829956, 0.9188636541366577, 0.020429164171218872, 0.4559929370880127, -1.1176165342330933, -0.2805832624435425, -0.19931399822235107, 0.37675511837005615, 0.1580931842327118, 1.0, 1.0, 1.0, 1.0, 1.0, 1.0, 1.0, 1.0, 1.0, 1.0, 1.0, 1.0]"
33,0.0,0.0,0.0,3.364442818565294e-05,0.0,250.40724182128906,2.5029041353263892e-05,0.0,186.2850341796875,0.0,0.0,0.0,0.7469266057014465,0.04460560530424118,0.008433088660240173,-0.2781642973423004,-0.3448988199234009,0.2412729561328888,0.3621619939804077,0.8162405490875244,-0.7295844554901123,0.886989414691925,-0.988665759563446,-1.0222079753875732,0.9774435758590698,-0.8564653992652893,0.9584164619445801,"[0.7469266057014465, 0.04460560530424118, 0.008433088660240173, -0.020967060700058937, -0.1284986287355423, 0.0317540317773819, 0.0018959211884066463, 0.011887770146131516, -0.9999274015426636, 0.699999988079071, 0.0, 0.0, -0.2781642973423004, -0.3448988199234009, 0.2412729561328888, 0.3621619939804077, 0.41624054312705994, -0.3295844495296478, 0.48698940873146057, -0.5886657238006592, -0.2222079634666443, 0.17744356393814087, -0.05646538734436035, 0.15841645002365112, 1.3118430376052856, -0.08576661348342896, -0.056009724736213684, -1.030670166015625, -1.2167598009109497, 1.0836001634597778, 0.6186119914054871, 0.25327929854393005, 3.6127421855926514, 0.554938554763794, 1.1940144300460815, -3.7368173599243164, -0.43046870827674866, -0.6138095855712891, 0.3988812267780304, 0.6065065860748291, 0.805081844329834, -0.09658145904541016, 0.5052273273468018, -0.9266242980957031, -0.014736369252204895, -0.20656749606132507, 0.20679743587970734, -0.014315702021121979, 1.0, 1.0, 1.0, 1.0, 1.0, 1.0, 1.0, 1.0, 1.0, 1.0, 1.0, 1.0]"
34,7.375670247711241e-05,0.0,548.9530639648438,2.7171457986696623e-05,0.0,202.23052978515625,1.3486512216331903e-05,0.0,100.3768081665039,0.0,0.0,0.0,0.7911470532417297,0.06453514099121094,-0.014299815520644188,-0.2628679573535919,-0.3486112952232361,0.23713423311710358,0.3363041579723358,0.8008173704147339,-0.702864944934845,0.9003345370292664,-0.970705509185791,-0.957099199295044,0.9802871346473694,-0.8348620533943176,0.8839400410652161,"[0.7911470532417297, 0.06453514099121094, -0.014299815520644188, 0.3762526214122772, -0.10084974020719528, 0.02575714699923992, 0.0005850052111782134, 0.009776612743735313, -0.999951958656311, 0.699999988079071, 0.0, 0.0, -0.2628679573535919, -0.3486112952232361, 0.23713423311710358, 0.3363041579723358, 0.4008173644542694, -0.3028649389743805, 0.5003345012664795, -0.5707055330276489, -0.157099187374115, 0.18028712272644043, -0.03486204147338867, 0.08394002914428711, -0.8524922132492065, -0.48288267850875854, -0.471269428730011, -1.751770257949829, 1.7348620891571045, 1.3771235942840576, 0.853286623954773, 1.3634387254714966, -0.6125102639198303, 0.17467600107192993, 0.922136664390564, -3.78527569770813, -0.5183212757110596, -0.5293804407119751, 0.49899616837501526, 0.5533984899520874, 0.5821065902709961, -0.2876410186290741, 0.6269359588623047, -0.7151824235916138, 0.3402383327484131, -0.15694952011108398, -0.06921570003032684, -0.2235419750213623, 1.0, 1.0, 1.0, 1.0, 1.0, 1.0, 1.0, 1.0, 1.0, 1.0, 1.0, 1.0]"
35,3.6459325201576576e-05,0.0,271.35784912109375,1.171027724922169e-05,0.0,87.15673065185547,0.0,0.0,0.0,6.0216883866814896e-05,0.0,448.1795349121094,0.7686100006103516,0.018698515370488167,-0.02756514772772789,-0.27327412366867065,-0.3587646484375,0.23368030786514282,0.30818676948547363,0.8231653571128845,-0.6732663512229919,0.9128419160842896,-0.9387745261192322,-0.9467803835868835,0.9801402688026428,-0.8523972630500793,0.8314081430435181,"[0.7686100006103516, 0.018698515370488167, -0.02756514772772789, 0.31869563460350037, -0.07286782562732697, -0.0020909940358251333, -0.001184485969133675, 0.000912326097022742, -0.9999988675117493, 0.699999988079071, 0.0, 0.0, -0.27327412366867065, -0.3587646484375, 0.23368030786514282, 0.30818676948547363, 0.42316535115242004, -0.27326634526252747, 0.5128419399261475, -0.5387744903564453, -0.1467803716659546, 0.18014025688171387, -0.05239725112915039, 0.03140813112258911, -0.3477386236190796, -0.35922932624816895, 0.48462221026420593, -0.1127418577671051, 1.1144952774047852, 1.4604628086090088, 0.4561726450920105, 0.07998344302177429, 0.47417551279067993, -0.05328744277358055, -2.9856300354003906, 2.108613967895508, -0.6125567555427551, -0.39646250009536743, 0.7902660369873047, 0.5211158990859985, 0.3640483617782593, -0.6754213571548462, 1.0370488166809082, -0.3776649236679077, 0.6450892686843872, 0.12019670754671097, -0.605748176574707, -0.46855828166007996, 1.0, 1.0, 1.0, 1.0, 1.0, 1.0, 1.0, 1.0, 1.0, 1.0, 1.0, 1.0]"
36,3.669303623610176e-05,0.0,273.0972900390625,0.0,0.0,0.0,0.0,0.0,0.0,4.274457387509756e-05,0.0,318.1374206542969,0.7416072487831116,-0.015478847548365593,0.008741057477891445,-0.27067598700523376,-0.3559606969356537,0.2701806426048279,0.31055572628974915,0.8433955311775208,-0.6491643190383911,0.9170722365379333,-0.9292850494384766,-0.9356508255004883,0.9818068742752075,-0.9251803755760193,0.8571988940238953,"[0.7416072487831116, -0.015478847548365593, 0.008741057477891445, -0.2908934950828552, -0.05139722302556038, -0.014841183088719845, -0.0024335377383977175, 0.003249942325055599, -0.9999915957450867, 0.699999988079071, 0.0, 0.0, -0.27067598700523376, -0.3559606969356537, 0.2701806426048279, 0.31055572628974915, 0.4433955252170563, -0.24916431307792664, 0.5170722007751465, -0.5292850732803345, -0.13565081357955933, 0.18180686235427856, -0.12518036365509033, 0.05719888210296631, 0.3076431453227997, 0.37506765127182007, 2.428597927093506, 0.3338702917098999, 1.08578360080719, 0.8312631249427795, 0.16505904495716095, 0.7529032826423645, 0.44161176681518555, 0.335921049118042, -4.080711841583252, 0.9516534805297852, -0.8013178110122681, -0.6052201390266418, 0.6300842761993408, 0.41294780373573303, 0.607096791267395, -1.211918830871582, 1.1078431606292725, -0.3754675090312958, 0.5154122114181519, 0.6625247001647949, -1.078223705291748, -0.4222887456417084, 1.0, 1.0, 1.0, 1.0, 1.0, 1.0, 1.0, 1.0, 1.0, 1.0, 1.0, 1.0]"
37,3.2219897548202425e-05,0.0,239.8048095703125,0.0,0.0,0.0,0.0,0.0,0.0,4.064674794790335e-05,0.0,302.5238342285156,0.7002553343772888,0.007143354509025812,0.005684415344148874,-0.26963210105895996,-0.3608749508857727,0.31431177258491516,0.3114626109600067,0.8602170944213867,-0.6593736410140991,0.9216033816337585,-0.9173240065574646,-0.9229046106338501,1.0406208038330078,-1.0312596559524536,0.8766459822654724,"[0.7002553343772888, 0.007143354509025812, 0.005684415344148874, 0.1720019429922104, -0.0030437540262937546, 0.01639634184539318, -0.00280846212990582, 0.0041597806848585606, -0.9999873042106628, 0.699999988079071, 0.0, 0.0, -0.26963210105895996, -0.3608749508857727, 0.31431177258491516, 0.3114626109600067, 0.46021708846092224, -0.25937363505363464, 0.5216033458709717, -0.5173239707946777, -0.12290459871292114, 0.24062079191207886, -0.23125964403152466, 0.07664597034454346, -0.17901510000228882, -0.6925172805786133, 1.8244549036026, -0.1352386772632599, 0.7391158938407898, -1.2774068117141724, 0.1911722719669342, 0.5320908427238464, 0.7269078493118286, 4.123499393463135, -5.684980392456055, 1.068432331085205, -0.7010757327079773, -0.5640238523483276, 0.5957696437835693, 0.42393285036087036, 0.6488624811172485, -1.3171045780181885, 1.0998319387435913, -0.21691443026065826, 0.5100736618041992, 0.9003849029541016, -1.208195686340332, -0.3109096586704254, 1.0, 1.0, 1.0, 1.0, 1.0, 1.0, 1.0, 1.0, 1.0, 1.0, 1.0, 1.0]"
38,3.0093038731138222e-05,0.0,223.97512817382812,0.0,0.0,0.0,0.0,0.0,0.0,3.7811638321727514e-05,0.0,281.42279052734375,0.678411602973938,0.01762840896844864,-0.004896263126283884,-0.27603328227996826,-0.3775319457054138,0.3394802510738373,0.3058575987815857,0.8732596039772034,-0.7016700506210327,0.9189996123313904,-0.9076794385910034,-0.907760500907898,1.1135292053222656,-1.1371608972549438,0.8971922397613525,"[0.678411602973938, 0.01762840896844864, -0.004896263126283884, 0.257262647151947, 0.03356863930821419, 0.048261649906635284, -0.0023774730507284403, -0.0016535933827981353, -0.9999960064888, 0.699999988079071, 0.0, 0.0, -0.27603328227996826, -0.3775319457054138, 0.3394802510738373, 0.3058575987815857, 0.4732595980167389, -0.30167004466056824, 0.5189995765686035, -0.5076794624328613, -0.107760488986969, 0.31352919340133667, -0.3371608853340149, 0.09719222784042358, -0.3051761984825134, -0.7600343823432922, 1.0551245212554932, -0.23586076498031616, 0.6601717472076416, -2.5344138145446777, -0.3552130162715912, 0.47030526399612427, 0.7017466425895691, 3.201648473739624, -4.92097282409668, 1.0269355773925781, -0.5870527029037476, -0.682479202747345, 0.6387268900871277, 0.45636025071144104, 0.5935752391815186, -1.2978041172027588, 1.0954984426498413, -0.22619730234146118, 0.472833514213562, 0.9186394810676575, -1.2029929161071777, -0.29354074597358704, 1.0, 1.0, 1.0, 1.0, 1.0, 1.0, 1.0, 1.0, 1.0, 1.0, 1.0, 1.0]"
39,3.2909007131820545e-05,0.0,244.93370056152344,0.0,0.0,0.0,0.0,0.0,0.0,3.75159434042871e-05,0.0,279.22198486328125,0.6709996461868286,0.016098903492093086,-0.005926004610955715,-0.2792564332485199,-0.38914138078689575,0.3571932017803192,0.303732305765152,0.8869844675064087,-0.7613434195518494,0.9043307304382324,-0.8958349227905273,-0.8947446346282959,1.165346384048462,-1.210086464881897,0.9138848781585693,"[0.6709996461868286, 0.016098903492093086, -0.005926004610955715, 0.03362949565052986, 0.026887236163020134, 0.04360390082001686, -0.0017471970058977604, -0.003868918167427182, -0.9999908208847046, 0.699999988079071, 0.0, 0.0, -0.2792564332485199, -0.38914138078689575, 0.3571932017803192, 0.303732305765152, 0.4869844615459442, -0.3613434135913849, 0.5043307542800903, -0.49583491683006287, -0.09474462270736694, 0.36534637212753296, -0.410086452960968, 0.11388486623764038, -0.10293388366699219, -0.5029622316360474, 0.7400770783424377, -0.02747904509305954, 0.6898499131202698, -3.1560986042022705, -0.9734220504760742, 0.5953556299209595, 0.6231828331947327, 2.112034559249878, -2.559990406036377, 0.8304299712181091, -0.5290372967720032, -0.6833397746086121, 0.5758174657821655, 0.4790410101413727, 0.5342848300933838, -1.301707148551941, 1.0685592889785767, -0.25155383348464966, 0.4907689690589905, 0.9226492643356323, -1.1023058891296387, -0.3255138099193573, 1.0, 1.0, 1.0, 1.0, 1.0, 1.0, 1.0, 1.0, 1.0, 1.0, 1.0, 1.0]"
40,3.5280725569464266e-05,0.0,262.5858154296875,0.0,0.0,0.0,0.0,0.0,0.0,3.76583993784152e-05,0.0,280.2822265625,0.6741433143615723,0.018413115292787552,0.004903079010546207,-0.28050681948661804,-0.3982548713684082,0.36527931690216064,0.3031168282032013,0.8995707631111145,-0.824747622013092,0.8805904388427734,-0.8815320730209351,-0.8795585036277771,1.1915055513381958,-1.2345243692398071,0.92746502161026,"[0.6741433143615723, 0.018413115292787552, 0.004903079010546207, 0.016248973086476326, 0.00843143928796053, 0.0237874835729599, -0.001450392883270979, -0.004238738212734461, -0.9999904632568359, 0.699999988079071, 0.0, 0.0, -0.28050681948661804, -0.3982548713684082, 0.36527931690216064, 0.3031168282032013, 0.49957075715065, -0.42474761605262756, 0.48059043288230896, -0.4815320670604706, -0.07955849170684814, 0.39150553941726685, -0.4345243573188782, 0.12746500968933105, -0.08215411007404327, -0.42250099778175354, 0.18458177149295807, -0.025034241378307343, 0.5877107977867126, -3.120098114013672, -1.2868765592575073, 0.6977430582046509, 0.7953615188598633, 0.9655558466911316, -0.47779449820518494, 0.709226667881012, -0.4950798451900482, -0.6979976296424866, 0.516163170337677, 0.53562331199646, 0.45753681659698486, -1.2880232334136963, 1.0413076877593994, -0.28726476430892944, 0.5118765830993652, 0.9097855091094971, -0.9608855843544006, -0.3374689221382141, 1.0, 1.0, 1.0, 1.0, 1.0, 1.0, 1.0, 1.0, 1.0, 1.0, 1.0, 1.0]"
41,3.587568426155485e-05,0.0,267.013916015625,0.0,0.0,0.0,0.0,0.0,0.0,3.7149984564166516e-05,0.0,276.4982604980469,0.6861794590950012,0.01880866102874279,0.019701849669218063,-0.2817886173725128,-0.4037693440914154,0.36216670274734497,0.30189740657806396,0.9096758365631104,-0.8815540075302124,0.8540745973587036,-0.8650608062744141,-0.8598138093948364,1.2032088041305542,-1.2289557456970215,0.9388094544410706,"[0.6861794590950012, 0.01880866102874279, 0.019701849669218063, 0.0417977012693882, -0.004106741864234209, 0.009076117537915707, -0.0014852677704766393, -0.004945669788867235, -0.9999867677688599, 0.699999988079071, 0.0, 0.0, -0.2817886173725128, -0.4037693440914154, 0.36216670274734497, 0.30189740657806396, 0.5096758604049683, -0.4815540015697479, 0.45407459139823914, -0.4650608003139496, -0.05981379747390747, 0.40320879220962524, -0.42895573377609253, 0.1388094425201416, -0.09930214285850525, -0.15062682330608368, -0.36437568068504333, -0.0614280104637146, 0.4487045407295227, -2.6035168170928955, -1.3549882173538208, 0.8064255714416504, 1.0326684713363647, 0.2505212426185608, 0.7783706784248352, 0.5874962210655212, -0.49586817622184753, -0.7185747623443604, 0.4586133062839508, 0.6126434803009033, 0.415155291557312, -1.2441949844360352, 0.9912070035934448, -0.30034950375556946, 0.5334753394126892, 0.8531724214553833, -0.812263548374176, -0.3596138060092926, 1.0, 1.0, 1.0, 1.0, 1.0, 1.0, 1.0, 1.0, 1.0, 1.0, 1.0, 1.0]"
42,3.536331496434286e-05,0.0,263.20050048828125,0.0,0.0,0.0,0.0,0.0,0.0,3.64066545444075e-05,0.0,270.9658203125,0.7041313052177429,0.018547145649790764,0.03763602674007416,-0.28330546617507935,-0.40252089500427246,0.34881770610809326,0.2998718321323395,0.9169982075691223,-0.923401951789856,0.8270539045333862,-0.8459669947624207,-0.8353055715560913,1.1975566148757935,-1.2024959325790405,0.9470916986465454,"[0.7041313052177429, 0.018547145649790764, 0.03763602674007416, 0.06867789477109909, 0.006236313842236996, -0.0026567724999040365, -0.001515073119662702, -0.0062034279108047485, -0.9999797344207764, 0.699999988079071, 0.0, 0.0, -0.28330546617507935, -0.40252089500427246, 0.34881770610809326, 0.2998718321323395, 0.5169981718063354, -0.5234019756317139, 0.42705389857292175, -0.4459669888019562, -0.035305559635162354, 0.3975566029548645, -0.4024959206581116, 0.14709168672561646, -0.11557011306285858, 0.1966627538204193, -0.8510951399803162, -0.10141559690237045, 0.30284857749938965, -1.742247223854065, -1.3842074871063232, 0.9402470588684082, 1.2645072937011719, -0.7939990758895874, 1.7974510192871094, 0.40872088074684143, -0.5347034931182861, -0.7436693906784058, 0.41723519563674927, 0.7103121280670166, 0.3783451318740845, -1.1784732341766357, 0.8999553918838501, -0.298435777425766, 0.5468525886535645, 0.7075469493865967, -0.6306524276733398, -0.39276477694511414, 1.0, 1.0, 1.0, 1.0, 1.0, 1.0, 1.0, 1.0, 1.0, 1.0, 1.0, 1.0]"
43,3.444460526225157e-05,0.0,256.3627624511719,0.0,0.0,0.0,0.0,0.0,0.0,3.58814031642396e-05,0.0,267.0564880371094,0.7244501709938049,0.01823609322309494,0.058965183794498444,-0.28470611572265625,-0.39543864130973816,0.3273249864578247,0.2973424196243286,0.9216492176055908,-0.9462419152259827,0.7980272173881531,-0.8235868811607361,-0.8069844245910645,1.1644965410232544,-1.153280258178711,0.9504611492156982,"[0.7244501709938049, 0.01823609322309494, 0.058965183794498444, 0.05380227789282799, 0.05094122514128685, -0.012655342929065228, -0.0009350288892164826, -0.007563530933111906, -0.9999708533287048, 0.699999988079071, 0.0, 0.0, -0.28470611572265625, -0.39543864130973816, 0.3273249864578247, 0.2973424196243286, 0.5216492414474487, -0.5462418794631958, 0.3980272114276886, -0.4235868752002716, -0.006984412670135498, 0.36449652910232544, -0.353280246257782, 0.1504611372947693, -0.08699342608451843, 0.4718364179134369, -1.2027629613876343, -0.10961005091667175, 0.1775464415550232, -0.731758177280426, -1.5544424057006836, 1.1191521883010864, 1.4308781623840332, -2.497098445892334, 3.0830254554748535, 0.11466699093580246, -0.6161449551582336, -0.7473658919334412, 0.38392311334609985, 0.8178459405899048, 0.34673362970352173, -1.0574696063995361, 0.7531102895736694, -0.2876683473587036, 0.5568232536315918, 0.4495491087436676, -0.362959086894989, -0.4619894325733185, 1.0, 1.0, 1.0, 1.0, 1.0, 1.0, 1.0, 1.0, 1.0, 1.0, 1.0, 1.0]"
44,3.252886381233111e-05,0.0,242.10438537597656,0.0,0.0,0.0,0.0,0.0,0.0,3.364469012012705e-05,0.0,250.40919494628906,0.7461982369422913,0.015605648048222065,0.07733021676540375,-0.28488689661026,-0.38343605399131775,0.30161747336387634,0.29540523886680603,0.9243359565734863,-0.9481084942817688,0.7633786797523499,-0.7971635460853577,-0.776823878288269,1.0972516536712646,-1.077367901802063,0.9466020464897156,"[0.7461982369422913, 0.015605648048222065, 0.07733021676540375, -0.027342690154910088, 0.12408682703971863, -0.019269974902272224, 0.0009299989324063063, -0.00778594147413969, -0.9999691843986511, 0.699999988079071, 0.0, 0.0, -0.28488689661026, -0.38343605399131775, 0.30161747336387634, 0.29540523886680603, 0.5243359804153442, -0.5481084585189819, 0.3633786737918854, -0.3971635401248932, 0.023176133632659912, 0.2972516417503357, -0.27736788988113403, 0.14660203456878662, 0.01758567988872528, 0.7242138385772705, -1.2918119430541992, -0.05720443278551102, 0.11883507668972015, 0.33396509289741516, -1.8731064796447754, 1.3294034004211426, 1.4853395223617554, -4.036300182342529, 4.320671558380127, -0.27059802412986755, -0.7538424730300903, -0.6773861646652222, 0.43355563282966614, 0.851050615310669, 0.33830180764198303, -0.901429295539856, 0.6016985177993774, -0.3440181314945221, 0.5044910311698914, 0.1573610007762909, -0.03807000815868378, -0.4954333007335663, 1.0, 1.0, 1.0, 1.0, 1.0, 1.0, 1.0, 1.0, 1.0, 1.0, 1.0, 1.0]"
45,2.690839573915582e-05,0.0,200.27261352539062,0.0,0.0,0.0,0.0,0.0,0.0,2.7603426133282483e-05,0.0,205.445556640625,0.7691287398338318,0.006628891918808222,0.06980634480714798,-0.2830267548561096,-0.3641776740550995,0.27931681275367737,0.29524436593055725,0.9271097183227539,-0.9278588891029358,0.7228132486343384,-0.7674992680549622,-0.7483025193214417,1.0061582326889038,-0.982977569103241,0.9358444809913635,"[0.7691287398338318, 0.006628891918808222, 0.06980634480714798, -0.13846731185913086, 0.2177242785692215, -0.026265928521752357, 0.004506972152739763, -0.005897932220250368, -0.9999722838401794, 0.699999988079071, 0.0, 0.0, -0.2830267548561096, -0.3641776740550995, 0.27931681275367737, 0.29524436593055725, 0.5271097421646118, -0.5278588533401489, 0.3228132426738739, -0.3674992620944977, 0.051697492599487305, 0.20615822076797485, -0.182977557182312, 0.13584446907043457, 0.17910774052143097, 1.1620995998382568, -0.9506127238273621, 0.03880854323506355, 0.2117346227169037, 1.4482918977737427, -2.1069064140319824, 1.4854215383529663, 1.3372896909713745, -4.898716449737549, 4.89937162399292, -0.6065554618835449, -0.8865330815315247, -0.5449883341789246, 0.5228037238121033, 0.7975096702575684, 0.38895970582962036, -0.7040088176727295, 0.4943753182888031, -0.5284281373023987, 0.32163864374160767, -0.09850869327783585, 0.2206791788339615, -0.42690062522888184, 1.0, 1.0, 1.0, 1.0, 1.0, 1.0, 1.0, 1.0, 1.0, 1.0, 1.0, 1.0]"
46,1.5605097360094078e-05,0.0,116.1449203491211,0.0,0.0,0.0,1.678804801485967e-05,0.0,124.94932556152344,1.583330777066294e-05,0.0,117.84343719482422,0.790246844291687,-0.006407762877643108,0.057664889842271805,-0.2750758230686188,-0.3287821412086487,0.28119245171546936,0.30192920565605164,0.932704508304596,-0.8855602145195007,0.7274121642112732,-0.7346513271331787,-0.7227679491043091,0.9092473983764648,-0.9538009762763977,0.9212754368782043,"[0.790246844291687, -0.006407762877643108, 0.057664889842271805, -0.6172233819961548, 0.11497818678617477, 0.025188980624079704, 0.008067335933446884, 0.0024091105442494154, -0.9999648332595825, 0.699999988079071, 0.0, 0.0, -0.2750758230686188, -0.3287821412086487, 0.28119245171546936, 0.30192920565605164, 0.5327044725418091, -0.48556020855903625, 0.3274121582508087, -0.33465132117271423, 0.07723206281661987, 0.10924738645553589, -0.15380096435546875, 0.12127542495727539, 0.7080094814300537, 2.170147657394409, 0.7873386144638062, 0.5442550182342529, 0.3923340439796448, 2.5222902297973633, 1.307711124420166, 1.7664134502410889, 1.3696444034576416, -4.891142845153809, -2.205895185470581, -0.8000561594963074, -1.0156248807907104, -0.41285786032676697, 0.5877104997634888, 0.7218173742294312, 0.47303086519241333, -0.5119123458862305, 0.37024983763694763, -0.7481386661529541, 0.023243799805641174, -0.31124258041381836, 0.3856806755065918, -0.3279314935207367, 1.0, 1.0, 1.0, 1.0, 1.0, 1.0, 1.0, 1.0, 1.0, 1.0, 1.0, 1.0]"
47,0.0,0.0,0.0,5.361317744245753e-05,0.0,399.02978515625,3.274121991125867e-05,0.0,243.6848907470703,1.5815311371625285e-06,0.0,11.770950317382812,0.7379704117774963,0.041793014854192734,0.07609918713569641,-0.2812328338623047,-0.30696970224380493,0.29004231095314026,0.312383770942688,0.9381118416786194,-0.8482600450515747,0.7425329685211182,-0.7025966644287109,-0.7647508978843689,0.8794084787368774,-0.939091145992279,0.9055673480033875,"[0.7379704117774963, 0.041793014854192734, 0.07609918713569641, -0.3292587399482727, 0.14542019367218018, 0.13440145552158356, 0.00997311994433403, 0.01408426370471716, -0.9998511075973511, 0.699999988079071, 0.0, 0.0, -0.2812328338623047, -0.30696970224380493, 0.29004231095314026, 0.312383770942688, 0.5381118059158325, -0.44826003909111023, 0.3425329625606537, -0.30259665846824646, 0.03524911403656006, 0.07940846681594849, -0.1390911340713501, 0.1055673360824585, -1.365343451499939, 0.30243468284606934, 0.1549127697944641, 0.3342806398868561, 0.012663964182138443, 0.5657076239585876, 0.9347150325775146, 1.3717315196990967, -4.786930561065674, 0.6484371423721313, 0.3812730312347412, -0.7653152346611023, -0.85785973072052, -0.5318830013275146, 0.38442927598953247, 0.7387732267379761, 0.8887525200843811, -0.26740941405296326, 0.40544870495796204, -1.344802737236023, -0.7425349354743958, -0.5209372639656067, 0.5425235033035278, 0.216075599193573, 1.0, 1.0, 1.0, 1.0, 1.0, 1.0, 1.0, 1.0, 1.0, 1.0, 1.0, 1.0]"
48,0.0,0.0,0.0,3.7401230656541884e-05,0.0,278.36822509765625,3.3677810279186815e-05,0.0,250.65570068359375,0.0,0.0,0.0,0.6889691352844238,0.04172145575284958,0.07713434845209122,-0.31979960203170776,-0.30591875314712524,0.2865045964717865,0.3262682259082794,0.9228804111480713,-0.825249195098877,0.7599753737449646,-0.7053897380828857,-0.848349928855896,0.8759244680404663,-0.9318919777870178,0.9254347085952759,"[0.6889691352844238, 0.04172145575284958, 0.07713434845209122, 0.11651989072561264, 0.15567922592163086, 0.15603089332580566, 0.013072545640170574, 0.014050395227968693, -0.9998158812522888, 0.699999988079071, 0.0, 0.0, -0.31979960203170776, -0.30591875314712524, 0.2865045964717865, 0.3262682259082794, 0.5228804349899292, -0.4252491891384125, 0.3599753677845001, -0.30538973212242126, -0.04834991693496704, 0.07592445611953735, -0.13189196586608887, 0.12543469667434692, -1.9345749616622925, -0.04883947595953941, -0.2623487710952759, 1.1819922924041748, -0.9904590845108032, 1.1099638938903809, 0.9663575291633606, -1.345220923423767, -4.520634174346924, -0.20490509271621704, 0.16952331364154816, 3.599691867828369, -0.46120452880859375, -0.7685897946357727, 0.37005940079689026, 0.8309109210968018, 1.2151716947555542, -0.15653029084205627, 0.5684131383895874, -1.6671134233474731, -1.1366170644760132, -0.3542374074459076, 0.5605259537696838, 0.7854708433151245, 1.0, 1.0, 1.0, 1.0, 1.0, 1.0, 1.0, 1.0, 1.0, 1.0, 1.0, 1.0]"
49,0.0,0.0,0.0,3.150578777422197e-05,0.0,234.4898681640625,3.2942505640676245e-05,0.0,245.18301391601562,0.0,0.0,0.0,0.6669219136238098,0.025916749611496925,0.03632489964365959,-0.3437556028366089,-0.30551186203956604,0.28369322419166565,0.3650720715522766,0.9077783823013306,-0.8042385578155518,0.778045117855072,-0.7599818706512451,-0.9771028757095337,0.8733704090118408,-0.928213357925415,1.017162561416626,"[0.6669219136238098, 0.025916749611496925, 0.03632489964365959, 0.004839814733713865, 0.1581004559993744, 0.08883845061063766, 0.016394462436437607, 0.01338045671582222, -0.9997761845588684, 0.699999988079071, 0.0, 0.0, -0.3437556028366089, -0.30551186203956604, 0.28369322419166565, 0.3650720715522766, 0.5077784061431885, -0.4042385518550873, 0.37804511189460754, -0.35998186469078064, -0.17710286378860474, 0.07337039709091187, -0.12821334600448608, 0.21716254949569702, -0.7262279987335205, 0.02654898725450039, -0.07458877563476562, 2.1975903511047363, -0.642734169960022, 0.8682880997657776, 0.9473573565483093, -3.280059337615967, -6.826384544372559, 0.09227589517831802, 0.09826663136482239, 4.046034812927246, -0.549775242805481, -0.665891706943512, 0.41555461287498474, 0.75309157371521, 1.2754454612731934, -0.17284169793128967, 0.5180882811546326, -1.5108846426010132, -1.2234705686569214, -0.3691084682941437, 0.5923362374305725, 0.8622153997421265, 1.0, 1.0, 1.0, 1.0, 1.0, 1.0, 1.0, 1.0, 1.0, 1.0, 1.0, 1.0]"
50,0.0,0.0,0.0,3.267060674261302e-05,0.0,243.1593475341797,3.403321170480922e-05,0.0,253.30088806152344,0.0,0.0,0.0,0.6707378625869751,0.035727232694625854,0.00965222530066967,-0.3513469696044922,-0.3076384961605072,0.2803846001625061,0.40637215971946716,0.8983496427536011,-0.7848449349403381,0.7972940802574158,-0.8342556357383728,-1.0973559617996216,0.8756074905395508,-0.9249698519706726,1.0841152667999268,"[0.6707378625869751, 0.035727232694625854, 0.00965222530066967, 0.18303747475147247, 0.056749023497104645, 0.03146808221936226, 0.018350472673773766, 0.011270537972450256, -0.9997681379318237, 0.699999988079071, 0.0, 0.0, -0.3513469696044922, -0.3076384961605072, 0.2803846001625061, 0.40637215971946716, 0.4983496367931366, -0.38484492897987366, 0.3972940742969513, -0.4342556297779083, -0.2973559498786926, 0.07560747861862183, -0.12496984004974365, 0.2841152548789978, -0.2951664924621582, -0.2028741091489792, -0.22920937836170197, 1.8794625997543335, -0.3910086154937744, 0.862713098526001, 1.0283914804458618, -3.8317923545837402, -5.272499084472656, 0.2975230813026428, 0.13090190291404724, 3.0361287593841553, -0.588249683380127, -0.48569056391716003, 0.49213698506355286, 0.718543529510498, 1.2337719202041626, -0.06379872560501099, 0.5346047878265381, -1.4397151470184326, -1.0521806478500366, -0.3442326784133911, 0.532405436038971, 0.8432406187057495, 1.0, 1.0, 1.0, 1.0, 1.0, 1.0, 1.0, 1.0, 1.0, 1.0, 1.0, 1.0]"
51,0.0,0.0,0.0,3.5256485716672614e-05,0.0,262.4053955078125,3.414306047488935e-05,0.0,254.11846923828125,0.0,0.0,0.0,0.6873014569282532,0.04654129967093468,0.01287900097668171,-0.3537874221801758,-0.31221336126327515,0.27539217472076416,0.4339284896850586,0.8905717730522156,-0.7648525834083557,0.8159438967704773,-0.903931200504303,-1.1580110788345337,0.8814341425895691,-0.916820764541626,1.1188669204711914,"[0.6873014569282532, 0.04654129967093468, 0.01287900097668171, 0.1415146142244339, -0.052060142159461975, 0.019684864208102226, 0.01806723326444626, 0.007772559765726328, -0.9998065233230591, 0.699999988079071, 0.0, 0.0, -0.3537874221801758, -0.31221336126327515, 0.27539217472076416, 0.4339284896850586, 0.4905717670917511, -0.36485257744789124, 0.4159438908100128, -0.5039311647415161, -0.35801106691360474, 0.08143413066864014, -0.11682075262069702, 0.31886690855026245, 0.03778599947690964, -0.20670565962791443, -0.21903395652770996, 1.0317206382751465, -0.47574642300605774, 0.8890431523323059, 0.9199072122573853, -3.1444034576416016, -1.2890748977661133, 0.5062752962112427, 0.5160222053527832, 0.7896302342414856, -0.5648390650749207, -0.4623130261898041, 0.5175028443336487, 0.671441912651062, 1.1512672901153564, -0.025923818349838257, 0.4277269244194031, -1.4004851579666138, -0.8177798986434937, -0.3338041603565216, 0.5160382986068726, 0.7391520738601685, 1.0, 1.0, 1.0, 1.0, 1.0, 1.0, 1.0, 1.0, 1.0, 1.0, 1.0, 1.0]"
52,0.0,0.0,0.0,3.509651651256718e-05,0.0,261.21478271484375,3.420711072976701e-05,0.0,254.59515380859375,0.0,0.0,0.0,0.7073470950126648,0.05343898758292198,0.02325708419084549,-0.3475598394870758,-0.3141743838787079,0.2729491591453552,0.44312241673469543,0.8800126314163208,-0.7441776394844055,0.83083575963974,-0.9535830616950989,-1.1527612209320068,0.890188455581665,-0.8994417190551758,1.1173896789550781,"[0.7073470950126648, 0.05343898758292198, 0.02325708419084549, -0.057046759873628616, -0.1211475357413292, 0.016631120815873146, 0.016042908653616905, 0.007600839249789715, -0.9998424053192139, 0.699999988079071, 0.0, 0.0, -0.3475598394870758, -0.3141743838787079, 0.2729491591453552, 0.44312241673469543, 0.4800126254558563, -0.34417763352394104, 0.4308357536792755, -0.553583025932312, -0.3527612090110779, 0.09018844366073608, -0.09944170713424683, 0.31738966703414917, 0.4994937777519226, -0.03907313570380211, -0.05891866981983185, 0.07604844123125076, -0.6010206937789917, 0.9006152153015137, 0.7169034481048584, -2.038935422897339, 1.0209907293319702, 0.6427169442176819, 0.9658357501029968, -0.786893904209137, -0.4408245384693146, -0.5837801694869995, 0.4608187973499298, 0.6507668495178223, 1.0540143251419067, 0.012439459562301636, 0.41083645820617676, -1.3621079921722412, -0.637779951095581, -0.289091020822525, 0.517589807510376, 0.537476122379303, 1.0, 1.0, 1.0, 1.0, 1.0, 1.0, 1.0, 1.0, 1.0, 1.0, 1.0, 1.0]"
53,0.0,0.0,0.0,3.251969246775843e-05,0.0,242.0361328125,3.2573152566328645e-05,0.0,242.4340057373047,0.0,0.0,0.0,0.7266467809677124,0.06035790592432022,0.025404157117009163,-0.33017078042030334,-0.314319908618927,0.27246299386024475,0.43291494250297546,0.8648203015327454,-0.7222763895988464,0.8426124453544617,-0.9815634489059448,-1.118102788925171,0.8997830748558044,-0.87534099817276,1.0822688341140747,"[0.7266467809677124, 0.06035790592432022, 0.025404157117009163, -0.10436628758907318, -0.15098753571510315, 0.00034253322519361973, 0.013117559254169464, 0.009812003001570702, -0.9998660087585449, 0.699999988079071, 0.0, 0.0, -0.33017078042030334, -0.314319908618927, 0.27246299386024475, 0.43291494250297546, 0.4648202955722809, -0.32227638363838196, 0.4426124393939972, -0.5815634727478027, -0.31810277700424194, 0.09978306293487549, -0.07534098625183105, 0.28226882219314575, 1.0800596475601196, -0.02432263456285, -0.01174565777182579, -0.8321913480758667, -0.8923286199569702, 0.9743321537971497, 0.5952789187431335, -1.0391103029251099, 2.131225347518921, 0.6289139986038208, 1.187816858291626, -2.4173128604888916, -0.37696000933647156, -0.6585083603858948, 0.38323384523391724, 0.6811147928237915, 0.9737733602523804, 0.01543840765953064, 0.42367812991142273, -1.2785587310791016, -0.46791988611221313, -0.2785945534706116, 0.471931517124176, 0.32056912779808044, 1.0, 1.0, 1.0, 1.0, 1.0, 1.0, 1.0, 1.0, 1.0, 1.0, 1.0, 1.0]"
54,0.0,0.0,0.0,3.0182582122506574e-05,0.0,224.64158630371094,2.8609827495529316e-05,0.0,212.93594360351562,0.0,0.0,0.0,0.7474735975265503,0.06610357761383057,0.011445518583059311,-0.3036542534828186,-0.31583669781684875,0.2710045576095581,0.4105674624443054,0.8439950346946716,-0.6985074281692505,0.8539769053459167,-0.9934530854225159,-1.0704487562179565,0.9078356027603149,-0.8498969674110413,1.021490454673767,"[0.7474735975265503, 0.06610357761383057, 0.011445518583059311, -0.008702253922820091, -0.1378583014011383, -0.005313696805387735, 0.010130217298865318, 0.011001981794834137, -0.9998882412910461, 0.699999988079071, 0.0, 0.0, -0.3036542534828186, -0.31583669781684875, 0.2710045576095581, 0.4105674624443054, 0.44399502873420715, -0.298507422208786, 0.45397689938545227, -0.593453049659729, -0.2704487442970276, 0.10783559083938599, -0.049896955490112305, 0.22149044275283813, 1.4351304769515991, -0.13501077890396118, -0.06035717949271202, -1.2798471450805664, -1.167815923690796, 1.0839855670928955, 0.630459725856781, -0.2888440191745758, 2.754518747329712, 0.5069555640220642, 1.10469651222229, -3.5832903385162354, -0.37325701117515564, -0.6385190486907959, 0.3712215721607208, 0.6560584306716919, 0.8808032274246216, -0.02589350938796997, 0.4578001797199249, -1.1036845445632935, -0.22781141102313995, -0.2865423262119293, 0.3610789179801941, 0.09802260249853134, 1.0, 1.0, 1.0, 1.0, 1.0, 1.0, 1.0, 1.0, 1.0, 1.0, 1.0, 1.0]"
55,0.0,0.0,0.0,2.629665505082812e-05,0.0,195.71957397460938,2.2019508833182044e-05,0.0,163.88583374023438,0.0,0.0,0.0,0.7724503874778748,0.07167346775531769,-0.022312287241220474,-0.2749009132385254,-0.32000795006752014,0.26705196499824524,0.3815919756889343,0.8177804350852966,-0.6731647253036499,0.8674384951591492,-0.9888108968734741,-1.0046489238739014,0.9130746126174927,-0.8279563784599304,0.943122386932373,"[0.7724503874778748, 0.07167346775531769, -0.022312287241220474, 0.12238059192895889, -0.07312168926000595, 0.02154548279941082, 0.008086412213742733, 0.009520882740616798, -0.9999219179153442, 0.699999988079071, 0.0, 0.0, -0.2749009132385254, -0.32000795006752014, 0.26705196499824524, 0.3815919756889343, 0.41778042912483215, -0.2731647193431854, 0.4674384891986847, -0.588810920715332, -0.2046489119529724, 0.11307460069656372, -0.027956366539001465, 0.1431223750114441, 1.3986213207244873, -0.2526472210884094, -0.14814800024032593, -1.5657414197921753, -1.4387855529785156, 1.1747874021530151, 0.8618429899215698, 0.6228097081184387, 3.8505144119262695, 0.3337175250053406, 0.8727574348449707, -4.208980560302734, -0.45160552859306335, -0.5359476208686829, 0.4332491457462311, 0.5986675024032593, 0.7168253660202026, -0.1725214421749115, 0.5381084680557251, -0.8399513959884644, 0.11454099416732788, -0.2531854510307312, 0.1410662680864334, -0.11743950098752975, 1.0, 1.0, 1.0, 1.0, 1.0, 1.0, 1.0, 1.0, 1.0, 1.0, 1.0, 1.0]"
56,3.157605533488095e-05,0.0,235.0128631591797,1.6455765944556333e-05,0.0,122.47624206542969,0.0,0.0,0.0,0.0,0.0,0.0,0.8017981052398682,0.0928109735250473,-0.08521008491516113,-0.25525176525115967,-0.3259555995464325,0.26121363043785095,0.34723496437072754,0.7881284952163696,-0.648746132850647,0.8852803707122803,-0.9627678990364075,-0.9186395406723022,0.9171537160873413,-0.8193694353103638,0.8572624921798706,"[0.8017981052398682, 0.0928109735250473, -0.08521008491516113, 0.3783566653728485, -0.017032261937856674, 0.062148671597242355, 0.008185322396457195, 0.005914466921240091, -0.9999489784240723, 0.699999988079071, 0.0, 0.0, -0.25525176525115967, -0.3259555995464325, 0.26121363043785095, 0.34723496437072754, 0.38812848925590515, -0.2487461268901825, 0.4852803647518158, -0.5627678632736206, -0.11863952875137329, 0.11715370416641235, -0.019369423389434814, 0.05726248025894165, -1.1458897590637207, -0.5195844173431396, -0.49710553884506226, -2.092472553253174, -0.10190403461456299, 1.2372784614562988, 0.8786883354187012, 1.785857915878296, 3.7638323307037354, 0.243408203125, -0.23871231079101562, -4.427207946777344, -0.5796858668327332, -0.4564090073108673, 0.6190575361251831, 0.5474303960800171, 0.4256824254989624, -0.47777214646339417, 0.70549476146698, -0.5721570253372192, 0.5388256907463074, -0.05970378965139389, -0.26783818006515503, -0.3717842996120453, 1.0, 1.0, 1.0, 1.0, 1.0, 1.0, 1.0, 1.0, 1.0, 1.0, 1.0, 1.0]"
57,4.7369172534672543e-05,0.0,352.55718994140625,3.1046556614455767e-06,0.0,23.107194900512695,0.0,0.0,0.0,5.601254815701395e-05,0.0,416.8877258300781,0.7753973603248596,0.020885081961750984,-0.12682636082172394,-0.2666490077972412,-0.33574777841567993,0.2640182375907898,0.31150680780410767,0.8189445734024048,-0.6259883642196655,0.8971285820007324,-0.9158158898353577,-0.9207730889320374,0.926526665687561,-0.8705624938011169,0.7834293246269226,"[0.7753973603248596, 0.020885081961750984, -0.12682636082172394, 0.15761932730674744, -0.09339743107557297, 0.039727065712213516, 0.00658620148897171, -0.0018198264297097921, -0.999976634979248, 0.699999988079071, 0.0, 0.0, -0.2666490077972412, -0.33574777841567993, 0.2640182375907898, 0.31150680780410767, 0.4189445674419403, -0.22598835825920105, 0.49712857604026794, -0.5158158540725708, -0.1207730770111084, 0.12652665376663208, -0.07056248188018799, -0.016570687294006348, -0.25096818804740906, -0.14578303694725037, 0.9937939643859863, 0.8177626132965088, 1.5168166160583496, 0.9221383333206177, 0.43704307079315186, 0.4680349826812744, -0.09145864844322205, 0.560474693775177, -3.940126895904541, 4.877397060394287, -0.6894519329071045, -0.5182511210441589, 0.8737634420394897, 0.5041598081588745, 0.2767982482910156, -0.9663699865341187, 1.0222784280776978, -0.39155030250549316, 0.6505369544029236, 0.3554326295852661, -0.8680872321128845, -0.5391111969947815, 1.0, 1.0, 1.0, 1.0, 1.0, 1.0, 1.0, 1.0, 1.0, 1.0, 1.0, 1.0]"
58,4.0915172576205805e-05,0.0,304.52166748046875,0.0,0.0,0.0,0.0,0.0,0.0,4.641429768525995e-05,0.0,345.4502868652344,0.7228776812553406,0.013048910535871983,-0.07887107133865356,-0.2652052044868469,-0.33508026599884033,0.30623626708984375,0.3167584538459778,0.845500648021698,-0.6270291209220886,0.9019641280174255,-0.9144368171691895,-0.919307291507721,0.9621697068214417,-0.9615938067436218,0.8234749436378479,"[0.7228776812553406, 0.013048910535871983, -0.07887107133865356, -0.15346397459506989, -0.07461768388748169, -0.007597570773214102, 0.004823543597012758, 0.0009932301472872496, -0.9999881386756897, 0.699999988079071, 0.0, 0.0, -0.2652052044868469, -0.33508026599884033, 0.30623626708984375, 0.3167584538459778, 0.4455006420612335, -0.22702911496162415, 0.5019640922546387, -0.5144368410110474, -0.11930727958679199, 0.1621696949005127, -0.16159379482269287, 0.023474931716918945, 0.08752387762069702, -0.18108320236206055, 2.435534954071045, 0.22362665832042694, 1.325282335281372, -0.8328768610954285, 0.22807441651821136, 0.3096891939640045, 0.0346623919904232, 3.4972078800201416, -5.050779342651367, 1.597846508026123, -0.6862629055976868, -0.6374251246452332, 0.5931040048599243, 0.42844459414482117, 0.6022782325744629, -1.247584342956543, 1.125327706336975, -0.34020933508872986, 0.5217360854148865, 0.8046947717666626, -1.195855736732483, -0.34846624732017517, 1.0, 1.0, 1.0, 1.0, 1.0, 1.0, 1.0, 1.0, 1.0, 1.0, 1.0, 1.0]"
59,3.460466177784838e-05,0.0,257.55401611328125,0.0,0.0,0.0,0.0,0.0,0.0,4.026308670290746e-05,0.0,299.66827392578125,0.6897387504577637,0.0361495316028595,-0.06368602067232132,-0.26991137862205505,-0.3533107340335846,0.34438246488571167,0.3134574890136719,0.8653016686439514,-0.6640322208404541,0.906276524066925,-0.9116570949554443,-0.9114841222763062,1.0482738018035889,-1.077063798904419,0.8555944561958313,"[0.6897387504577637, 0.0361495316028595, -0.06368602067232132, 0.35015007853507996, -0.019077099859714508, 0.0070753199979662895, 0.00419743824750185, -0.0024405578151345253, -0.9999880790710449, 0.699999988079071, 0.0, 0.0, -0.26991137862205505, -0.3533107340335846, 0.34438246488571167, 0.3134574890136719, 0.46530166268348694, -0.2640322148799896, 0.5062764883041382, -0.5116571187973022, -0.1114841103553772, 0.2482737898826599, -0.27706378698349, 0.055594444274902344, -0.4203420877456665, -1.2240549325942993, 1.4872294664382935, -0.32763054966926575, 0.8892664313316345, -2.3072750568389893, 0.14682158827781677, 0.09272319078445435, 0.4960082769393921, 4.041660308837891, -5.8310441970825195, 1.659432291984558, -0.640333890914917, -0.6231297254562378, 0.6449096202850342, 0.5243997573852539, 0.5462130904197693, -1.2422099113464355, 1.108394980430603, -0.1584276705980301, 0.5138655304908752, 0.9119948148727417, -1.2504404783248901, -0.270332008600235, 1.0, 1.0, 1.0, 1.0, 1.0, 1.0, 1.0, 1.0, 1.0, 1.0, 1.0, 1.0]"
60,3.38781755999662e-05,0.0,252.14695739746094,0.0,0.0,0.0,0.0,0.0,0.0,3.7789672205690295e-05,0.0,281.25927734375,0.677686870098114,0.034505363553762436,-0.06462986767292023,-0.2774604558944702,-0.37548330426216125,0.36637309193611145,0.30778101086616516,0.8821935653686523,-0.7206019759178162,0.9029832482337952,-0.9082679748535156,-0.9006637930870056,1.1179362535476685,-1.1765989065170288,0.8863043785095215,"[0.677686870098114, 0.034505363553762436, -0.06462986767292023, 0.19221119582653046, -0.03627657890319824, 0.033717796206474304, 0.00363240297883749, -0.008380626328289509, -0.9999583959579468, 0.699999988079071, 0.0, 0.0, -0.2774604558944702, -0.37548330426216125, 0.36637309193611145, 0.30778101086616516, 0.48219355940818787, -0.3206019699573517, 0.5029832124710083, -0.5082679986953735, -0.10066378116607666, 0.3179362416267395, -0.37659889459609985, 0.08630436658859253, -0.27941590547561646, -0.9408859610557556, 0.9400264620780945, -0.18070010840892792, 0.8711758255958557, -3.0798561573028564, -0.3979334831237793, 0.18375325202941895, 0.5067067742347717, 3.173461675643921, -4.238268852233887, 1.508413314819336, -0.5388769507408142, -0.6879880428314209, 0.6044321060180664, 0.5048360824584961, 0.5173200368881226, -1.2898876667022705, 1.082838535308838, -0.2308676838874817, 0.49281442165374756, 0.9162576198577881, -1.1947681903839111, -0.30148234963417053, 1.0, 1.0, 1.0, 1.0, 1.0, 1.0, 1.0, 1.0, 1.0, 1.0, 1.0, 1.0]"
61,3.735224163392559e-05,0.0,278.00360107421875,0.0,0.0,0.0,0.0,0.0,0.0,3.895356712746434e-05,0.0,289.9218444824219,0.6752827763557434,0.03194887191057205,-0.04894240200519562,-0.2806202173233032,-0.3899729251861572,0.3784808814525604,0.3064662218093872,0.8987199068069458,-0.7852897644042969,0.8874316215515137,-0.9009649157524109,-0.8889676332473755,1.1621754169464111,-1.2299401760101318,0.9121376276016235,"[0.6752827763557434, 0.03194887191057205, -0.04894240200519562, 0.027626117691397667, -0.061818212270736694, 0.03117259591817856, 0.0025669471360743046, -0.009821870364248753, -0.999948263168335, 0.699999988079071, 0.0, 0.0, -0.2806202173233032, -0.3899729251861572, 0.3784808814525604, 0.3064662218093872, 0.4987199008464813, -0.3852897584438324, 0.4874316155910492, -0.500964879989624, -0.08896762132644653, 0.3621754050254822, -0.4299401640892029, 0.11213761568069458, -0.10890509188175201, -0.6458315849304199, 0.3549996614456177, -0.02431846782565117, 0.8063777089118958, -3.2631070613861084, -1.0005508661270142, 0.3891710937023163, 0.6337118148803711, 1.6331888437271118, -1.5908797979354858, 1.2631959915161133, -0.514569103717804, -0.6934613585472107, 0.5500358939170837, 0.5317327976226807, 0.44383397698402405, -1.296858549118042, 1.0526148080825806, -0.24884802103042603, 0.5062673687934875, 0.9126632213592529, -1.0697021484375, -0.31011202931404114, 1.0, 1.0, 1.0, 1.0, 1.0, 1.0, 1.0, 1.0, 1.0, 1.0, 1.0, 1.0]"
62,3.8866983231855556e-05,0.0,289.2774353027344,0.0,0.0,0.0,0.0,0.0,0.0,3.934277265216224e-05,0.0,292.8186340332031,0.6815665364265442,0.03261304646730423,-0.024779077619314194,-0.282649427652359,-0.401542067527771,0.37776312232017517,0.3056367039680481,0.9124215841293335,-0.8483059406280518,0.864130437374115,-0.8901450037956238,-0.8723764419555664,1.1852681636810303,-1.2409487962722778,0.9337990880012512,"[0.6815665364265442, 0.03261304646730423, -0.024779077619314194, 0.031713664531707764, -0.0789022371172905, 0.015976162627339363, 0.0010767385829240084, -0.010432586073875427, -0.9999449253082275, 0.699999988079071, 0.0, 0.0, -0.282649427652359, -0.401542067527771, 0.37776312232017517, 0.3056367039680481, 0.5124216079711914, -0.4483059346675873, 0.4641304314136505, -0.4901449978351593, -0.07237643003463745, 0.3852681517601013, -0.4409487843513489, 0.13379907608032227, -0.09255634248256683, -0.5134574770927429, -0.2607383131980896, -0.043621283024549484, 0.636487603187561, -3.017345905303955, -1.2427273988723755, 0.5534577369689941, 0.9212145805358887, 0.8934496641159058, 0.0438416562974453, 1.0683411359786987, -0.48549601435661316, -0.7198228240013123, 0.4876125156879425, 0.5697582960128784, 0.40178942680358887, -1.2667160034179688, 1.017961859703064, -0.2885226607322693, 0.5220734477043152, 0.8890340328216553, -0.9228900074958801, -0.3362199664115906, 1.0, 1.0, 1.0, 1.0, 1.0, 1.0, 1.0, 1.0, 1.0, 1.0, 1.0, 1.0]"
63,3.866626866511069e-05,0.0,287.7835693359375,0.0,0.0,0.0,0.0,0.0,0.0,3.8696511182934046e-05,0.0,288.0086669921875,0.6969451308250427,0.03105057030916214,0.002297045197337866,-0.2844417691230774,-0.40775540471076965,0.36622825264930725,0.30424657464027405,0.9226561188697815,-0.9002717733383179,0.8386552929878235,-0.8756956458091736,-0.8500492572784424,1.1934428215026855,-1.2276978492736816,0.9510218501091003,"[0.6969451308250427, 0.03105057030916214, 0.002297045197337866, 0.03913877159357071, -0.07374595105648041, 0.00046369200572371483, -0.0004942494560964406, -0.011241392232477665, -0.999936580657959, 0.699999988079071, 0.0, 0.0, -0.2844417691230774, -0.40775540471076965, 0.36622825264930725, 0.30424657464027405, 0.5226560831069946, -0.5002717971801758, 0.438655287027359, -0.4756956398487091, -0.05004924535751343, 0.3934428095817566, -0.4276978373527527, 0.1510218381881714, -0.07789216190576553, -0.1624060720205307, -0.7624574303627014, -0.06877725571393967, 0.45774033665657043, -2.29167103767395, -1.3062506914138794, 0.7344604730606079, 1.2060010433197021, 0.016122426837682724, 1.103576898574829, 0.8285208940505981, -0.5094367861747742, -0.7383642196655273, 0.43532055616378784, 0.6541398763656616, 0.3637810945510864, -1.2252997159957886, 0.9517796039581299, -0.2948513329029083, 0.5365612506866455, 0.80013108253479, -0.7682889103889465, -0.3523549437522888, 1.0, 1.0, 1.0, 1.0, 1.0, 1.0, 1.0, 1.0, 1.0, 1.0, 1.0, 1.0]"
64,3.780969564104453e-05,0.0,281.4083251953125,0.0,0.0,0.0,0.0,0.0,0.0,3.77664364350494e-05,0.0,281.08636474609375,0.7166616916656494,0.0290004163980484,0.029991338029503822,-0.28574511408805847,-0.40641510486602783,0.34591639041900635,0.3025525212287903,0.9296121001243591,-0.9348001480102539,0.8119186162948608,-0.8571810126304626,-0.822822093963623,1.181013822555542,-1.1947691440582275,0.9625916481018066,"[0.7166616916656494, 0.0290004163980484, 0.029991338029503822, 0.021545691415667534, -0.039295587688684464, -0.011166604235768318, -0.0016174342017620802, -0.011929725296795368, -0.9999276995658875, 0.699999988079071, 0.0, 0.0, -0.28574511408805847, -0.40641510486602783, 0.34591639041900635, 0.3025525212287903, 0.5296120643615723, -0.5348001718521118, 0.41191861033439636, -0.45718100666999817, -0.022822082042694092, 0.38101381063461304, -0.3947691321372986, 0.16259163618087769, -0.043749503791332245, 0.22333000600337982, -1.1607495546340942, -0.07280759513378143, 0.2983674108982086, -1.3435108661651611, -1.4000991582870483, 0.9389246702194214, 1.4282172918319702, -1.2818583250045776, 2.1643669605255127, 0.5177546739578247, -0.5625272393226624, -0.7526470422744751, 0.4010138213634491, 0.7494455575942993, 0.33560246229171753, -1.1434295177459717, 0.8465124368667603, -0.292425274848938, 0.5465880036354065, 0.6168131828308105, -0.560087263584137, -0.3993648886680603, 1.0, 1.0, 1.0, 1.0, 1.0, 1.0, 1.0, 1.0, 1.0, 1.0, 1.0, 1.0]"
65,3.648332130978815e-05,0.0,271.5364074707031,0.0,0.0,0.0,0.0,0.0,0.0,3.6476587411016226e-05,0.0,271.4862976074219,0.7381893396377563,0.025836165994405746,0.057699527591466904,-0.28579387068748474,-0.3980582654476166,0.31998851895332336,0.30133381485939026,0.9338211417198181,-0.9494612216949463,0.7816721796989441,-0.8340469598770142,-0.7923523187637329,1.1372007131576538,-1.1375139951705933,0.9666374325752258,"[0.7381893396377563, 0.025836165994405746, 0.057699527591466904, -0.05126621201634407, 0.026824217289686203, -0.01917966455221176, -0.001647174241952598, -0.011593715287744999, -0.9999313354492188, 0.699999988079071, 0.0, 0.0, -0.28579387068748474, -0.3980582654476166, 0.31998851895332336, 0.30133381485939026, 0.5338211059570312, -0.5494612455368042, 0.3816721737384796, -0.4340469539165497, 0.007647693157196045, 0.33720070123672485, -0.3375139832496643, 0.16663742065429688, 0.039481937885284424, 0.566983163356781, -1.357296347618103, -0.02844146080315113, 0.17879952490329742, -0.3191295266151428, -1.6325076818466187, 1.1773290634155273, 1.5519345998764038, -3.0023391246795654, 3.484229803085327, 0.10927298665046692, -0.6705780625343323, -0.7218675017356873, 0.3948226273059845, 0.8407560586929321, 0.30680274963378906, -1.015210509300232, 0.6977559328079224, -0.3052339553833008, 0.5482553839683533, 0.3456389307975769, -0.2636512517929077, -0.46360501646995544, 1.0, 1.0, 1.0, 1.0, 1.0, 1.0, 1.0, 1.0, 1.0, 1.0, 1.0, 1.0]"
66,3.3044740121113136e-05,0.0,245.94390869140625,0.0,0.0,0.0,0.0,0.0,0.0,3.26932713505812e-05,0.0,243.32801818847656,0.7610422968864441,0.019112566486001015,0.07300955057144165,-0.283945769071579,-0.38265538215637207,0.29351869225502014,0.30139708518981934,0.9362262487411499,-0.9429623484611511,0.7457119226455688,-0.8064607977867126,-0.7605523467063904,1.0621908903121948,-1.0550068616867065,0.9625771045684814,"[0.7610422968864441, 0.019112566486001015, 0.07300955057144165, -0.14657743275165558, 0.10577283799648285, -0.023252146318554878, -0.0001761403400450945, -0.009488030336797237, -0.9999551773071289, 0.699999988079071, 0.0, 0.0, -0.283945769071579, -0.38265538215637207, 0.29351869225502014, 0.30139708518981934, 0.5362262725830078, -0.5429623126983643, 0.34571191668510437, -0.40646079182624817, 0.039447665214538574, 0.26219087839126587, -0.2550068497657776, 0.1625770926475525, 0.13788585364818573, 0.9424205422401428, -1.24632728099823, 0.045584786683321, 0.14363783597946167, 0.7505755424499512, -1.9073916673660278, 1.392783284187317, 1.5385653972625732, -4.2895827293396, 4.531116962432861, -0.28587326407432556, -0.8033071160316467, -0.6238514184951782, 0.4706672132015228, 0.8364509344100952, 0.3203040659427643, -0.8514437675476074, 0.5753592252731323, -0.4064292013645172, 0.4595772624015808, 0.07501520961523056, 0.042691126465797424, -0.463103324174881, 1.0, 1.0, 1.0, 1.0, 1.0, 1.0, 1.0, 1.0, 1.0, 1.0, 1.0, 1.0]"
67,2.3760951080475934e-05,0.0,176.84695434570312,0.0,0.0,0.0,1.5666366380173713e-05,0.0,116.6009292602539,2.5790524887270294e-05,0.0,191.95257568359375,0.7878924608230591,-0.0014994676457718015,0.06111270189285278,-0.27978724241256714,-0.3573944568634033,0.2759897708892822,0.30364540219306946,0.9395473003387451,-0.9148501753807068,0.7069387435913086,-0.7760892510414124,-0.73175448179245,0.969957709312439,-0.9630035758018494,0.9520701766014099,"[0.7878924608230591, -0.0014994676457718015, 0.06111270189285278, -0.3389182686805725, 0.1724853664636612, -0.02244204841554165, 0.0031910696998238564, -0.005057798698544502, -0.9999818801879883, 0.699999988079071, 0.0, 0.0, -0.27978724241256714, -0.3573944568634033, 0.2759897708892822, 0.30364540219306946, 0.539547324180603, -0.5148501396179199, 0.3069387376308441, -0.3760892450809479, 0.068245530128479, 0.16995769739151, -0.1630035638809204, 0.15207016468048096, 0.3383561968803406, 1.6154825687408447, 0.2331751585006714, 0.2522401511669159, 0.26506054401397705, 1.8361159563064575, -1.271367073059082, 1.5738130807876587, 1.3320873975753784, -4.800309181213379, 2.8967928886413574, -0.5995162129402161, -0.9246714115142822, -0.4906821548938751, 0.5541335940361023, 0.7790838479995728, 0.3873007297515869, -0.6512508392333984, 0.4730178415775299, -0.6015456914901733, 0.24742387235164642, -0.16005933284759521, 0.2638424038887024, -0.38586828112602234, 1.0, 1.0, 1.0, 1.0, 1.0, 1.0, 1.0, 1.0, 1.0, 1.0, 1.0, 1.0]"
68,5.9588783187791705e-06,0.0,44.35047912597656,2.625977504067123e-05,0.0,195.44508361816406,3.417558764340356e-05,0.0,254.36053466796875,1.380384128424339e-05,0.0,102.73861694335938,0.7782237529754639,0.03188426047563553,0.06251904368400574,-0.26961690187454224,-0.320995956659317,0.2872927188873291,0.3142071068286896,0.9447612762451172,-0.8701243996620178,0.7279619574546814,-0.7417417764663696,-0.7083722949028015,0.8940173983573914,-0.955513596534729,0.9379777312278748,"[0.7782237529754639, 0.03188426047563553, 0.06251904368400574, -0.5976182222366333, 0.13675493001937866, 0.03343285992741585, 0.005428217351436615, 0.007321620360016823, -0.9999586343765259, 0.699999988079071, 0.0, 0.0, -0.26961690187454224, -0.320995956659317, 0.2872927188873291, 0.3142071068286896, 0.5447613000869751, -0.47012439370155334, 0.3279619514942169, -0.34174177050590515, 0.09162771701812744, 0.0940173864364624, -0.15551358461380005, 0.1379777193069458, 0.29095157980918884, -0.3170623779296875, 0.5019093155860901, 0.450945109128952, 0.25281673669815063, 1.2679990530014038, 0.941206693649292, 1.7627428770065308, 0.6606361269950867, 0.11902749538421631, 0.49114474654197693, -0.8543144464492798, -0.99851393699646, -0.38754919171333313, 0.5759381055831909, 0.7167632579803467, 0.49313783645629883, -0.46934857964515686, 0.4104613959789276, -0.8270512819290161, -0.08167485892772675, -0.40653032064437866, 0.4247628450393677, -0.26146891713142395, 1.0, 1.0, 1.0, 1.0, 1.0, 1.0, 1.0, 1.0, 1.0, 1.0, 1.0, 1.0]"
69,0.0,0.0,0.0,3.950621248804964e-05,0.0,294.0350646972656,3.5316075809532776e-05,0.0,262.8489074707031,7.017370684536672e-09,0.0,0.05222857743501663,0.7413223385810852,0.05008190497756004,0.0861656591296196,-0.28587138652801514,-0.31223076581954956,0.2927436828613281,0.3219059705734253,0.9482277631759644,-0.8513980507850647,0.7453197240829468,-0.7100374102592468,-0.7723181247711182,0.8987505435943604,-0.9463731050491333,0.918191134929657,"[0.7413223385810852, 0.05008190497756004, 0.0861656591296196, -0.2050393968820572, 0.19279135763645172, 0.1482112556695938, 0.008906195871531963, 0.016087396070361137, -0.9998307228088379, 0.699999988079071, 0.0, 0.0, -0.28587138652801514, -0.31223076581954956, 0.2927436828613281, 0.3219059705734253, 0.5482277870178223, -0.4513980448246002, 0.3453197181224823, -0.31003740429878235, 0.02768188714981079, 0.0987505316734314, -0.14637309312820435, 0.11819112300872803, -1.7558339834213257, 0.236795574426651, 0.024005983024835587, 0.29191854596138, -0.01985127292573452, 1.0677769184112549, 1.0034486055374146, 1.1899648904800415, -5.782444953918457, -0.030400682240724564, 0.2204269915819168, -1.3595116138458252, -0.8561432957649231, -0.5456919074058533, 0.4013150632381439, 0.6464860439300537, 1.082871675491333, -0.18308225274085999, 0.4057822823524475, -1.466431736946106, -1.143353819847107, -0.4102229177951813, 0.582038164138794, 0.4150308668613434, 1.0, 1.0, 1.0, 1.0, 1.0, 1.0, 1.0, 1.0, 1.0, 1.0, 1.0, 1.0]"
70,0.0,0.0,0.0,3.4467491786926985e-05,0.0,256.5331115722656,3.414399179746397e-05,0.0,254.12538146972656,0.0,0.0,0.0,0.6924670934677124,0.05173565447330475,0.07521367073059082,-0.3304576575756073,-0.31462523341178894,0.28580549359321594,0.3339519202709198,0.9347601532936096,-0.8262523412704468,0.7645164132118225,-0.7228218913078308,-0.8730039596557617,0.8918370008468628,-0.9422910213470459,0.9668150544166565,"[0.6924670934677124, 0.05173565447330475, 0.07521367073059082, 0.24465824663639069, 0.15969718992710114, 0.13925862312316895, 0.012323002330958843, 0.01258358359336853, -0.9998453259468079, 0.699999988079071, 0.0, 0.0, -0.3304576575756073, -0.31462523341178894, 0.28580549359321594, 0.3339519202709198, 0.5347601175308228, -0.4262523353099823, 0.36451640725135803, -0.32282188534736633, -0.07300394773483276, 0.09183698892593384, -0.14229100942611694, 0.16681504249572754, -2.0837242603302, -0.18752942979335785, -0.3869246542453766, 0.9685174226760864, -0.8525564670562744, 1.157131552696228, 1.0419106483459473, -1.671828269958496, -5.1350202560424805, -0.27214327454566956, 0.056407783180475235, 4.193862438201904, -0.42899802327156067, -0.7517042756080627, 0.25846853852272034, 0.834815502166748, 1.2054545879364014, -0.22271046042442322, 0.5637553930282593, -1.6029258966445923, -1.267555594444275, -0.35837993025779724, 0.548504650592804, 0.8144550919532776, 1.0, 1.0, 1.0, 1.0, 1.0, 1.0, 1.0, 1.0, 1.0, 1.0, 1.0, 1.0]"
71,0.0,0.0,0.0,3.133655263809487e-05,0.0,233.23028564453125,3.33380994561594e-05,0.0,248.1273193359375,0.0,0.0,0.0,0.6723081469535828,0.03492698818445206,0.03478330746293068,-0.35288262367248535,-0.31565311551094055,0.28183022141456604,0.3672529458999634,0.9215044975280762,-0.8043253421783447,0.7833966612815857,-0.7779919505119324,-1.0106486082077026,0.8884504437446594,-0.9395512342453003,1.0447522401809692,"[0.6723081469535828, 0.03492698818445206, 0.03478330746293068, 0.04158695042133331, 0.1547393649816513, 0.07890169322490692, 0.01562664844095707, 0.010823629796504974, -0.9998190402984619, 0.699999988079071, 0.0, 0.0, -0.35288262367248535, -0.31565311551094055, 0.28183022141456604, 0.3672529458999634, 0.5215045213699341, -0.40432533621788025, 0.3833966553211212, -0.3779919445514679, -0.21064859628677368, 0.08845043182373047, -0.13955122232437134, 0.24475222826004028, -0.5573046803474426, -0.024107079952955246, -0.11493317782878876, 1.9643532037734985, -0.6130052208900452, 0.9149333238601685, 0.9872602224349976, -3.2783756256103516, -7.1998162269592285, 0.05398380383849144, 0.05417584255337715, 3.599438190460205, -0.5503121018409729, -0.6589136719703674, 0.4501080811023712, 0.7392436265945435, 1.2815824747085571, -0.1560782492160797, 0.5306777954101562, -1.5407582521438599, -1.2377694845199585, -0.3529880940914154, 0.5702823400497437, 0.8745955228805542, 1.0, 1.0, 1.0, 1.0, 1.0, 1.0, 1.0, 1.0, 1.0, 1.0, 1.0, 1.0]"
72,0.0,0.0,0.0,3.349103280925192e-05,0.0,249.2655792236328,3.3695487218210474e-05,0.0,250.78726196289062,0.0,0.0,0.0,0.674708366394043,0.04140457883477211,0.015281522646546364,-0.3548203408718109,-0.3182765245437622,0.2779921889305115,0.40590229630470276,0.9090335965156555,-0.7839493751525879,0.802830159664154,-0.8521209955215454,-1.125616192817688,0.8895773887634277,-0.936264157295227,1.1084895133972168,"[0.674708366394043, 0.04140457883477211, 0.015281522646546364, 0.17881515622138977, 0.06115799769759178, 0.03358334302902222, 0.0175776407122612, 0.00838566105812788, -0.9998103976249695, 0.699999988079071, 0.0, 0.0, -0.3548203408718109, -0.3182765245437622, 0.2779921889305115, 0.40590229630470276, 0.5090335607528687, -0.3839493691921234, 0.4028301537036896, -0.45212098956108093, -0.32561618089675903, 0.08957737684249878, -0.1362641453742981, 0.30848950147628784, 0.04302055388689041, -0.20254161953926086, -0.23876997828483582, 1.7820320129394531, -0.645157516002655, 0.9159660935401917, 1.0219690799713135, -3.7697160243988037, -4.539655685424805, 0.22698163986206055, 0.1541372388601303, 2.591792106628418, -0.5939739942550659, -0.4739905297756195, 0.45898082852363586, 0.7447299957275391, 1.2158997058868408, -0.05284908413887024, 0.5376667976379395, -1.4414865970611572, -1.005354881286621, -0.3330744504928589, 0.5144912004470825, 0.8467827439308167, 1.0, 1.0, 1.0, 1.0, 1.0, 1.0, 1.0, 1.0, 1.0, 1.0, 1.0, 1.0]"
73,0.0,0.0,0.0,3.542529884725809e-05,0.0,263.6618347167969,3.3927102776942775e-05,0.0,252.51112365722656,0.0,0.0,0.0,0.6920574903488159,0.051396459341049194,0.021097786724567413,-0.3513178825378418,-0.32235634326934814,0.27313798666000366,0.43282008171081543,0.8956311345100403,-0.762763261795044,0.8210262656211853,-0.9198225140571594,-1.1686131954193115,0.8935770988464355,-0.927335262298584,1.132950782775879,"[0.6920574903488159, 0.051396459341049194, 0.021097786724567413, 0.10779327899217606, -0.039692796766757965, 0.03105108067393303, 0.017498893663287163, 0.005370620638132095, -0.9998323917388916, 0.699999988079071, 0.0, 0.0, -0.3513178825378418, -0.32235634326934814, 0.27313798666000366, 0.43282008171081543, 0.4956311285495758, -0.36276325583457947, 0.4210262596607208, -0.5198224782943726, -0.36861318349838257, 0.09357708692550659, -0.12733525037765503, 0.33295077085494995, 0.2959097623825073, -0.1707545965909958, -0.2043396681547165, 1.0424811840057373, -0.7393388152122498, 0.9382216334342957, 0.8988701701164246, -3.0524697303771973, -0.5221969485282898, 0.42297473549842834, 0.5532718300819397, 0.44417858123779297, -0.530009925365448, -0.4873564541339874, 0.5323998928070068, 0.663009524345398, 1.1391382217407227, -0.012771755456924438, 0.41983410716056824, -1.425897479057312, -0.7784661054611206, -0.32087019085884094, 0.5021637082099915, 0.7177658081054688, 1.0, 1.0, 1.0, 1.0, 1.0, 1.0, 1.0, 1.0, 1.0, 1.0, 1.0, 1.0]"
74,0.0,0.0,0.0,3.472765820333734e-05,0.0,258.4694519042969,3.4087417589034885e-05,0.0,253.70431518554688,0.0,0.0,0.0,0.7129966020584106,0.05911731719970703,0.030812526121735573,-0.34008270502090454,-0.32334932684898376,0.2713395357131958,0.4419454038143158,0.8804900646209717,-0.7410614490509033,0.8353553414344788,-0.9671210050582886,-1.1531327962875366,0.9005897045135498,-0.9092018008232117,1.1232705116271973,"[0.7129966020584106, 0.05911731719970703, 0.030812526121735573, -0.11306332051753998, -0.1020880937576294, 0.0218349602073431, 0.01580263487994671, 0.006196073722094297, -0.9998557567596436, 0.699999988079071, 0.0, 0.0, -0.34008270502090454, -0.32334932684898376, 0.2713395357131958, 0.4419454038143158, 0.4804900586605072, -0.34106144309043884, 0.4353553354740143, -0.5671210289001465, -0.35313278436660767, 0.10058969259262085, -0.10920178890228271, 0.3232704997062683, 0.7489079236984253, 0.013244345784187317, -0.020955650135874748, 0.04060843214392662, -0.8132614493370056, 0.9441911578178406, 0.6929029822349548, -1.893225908279419, 1.3990319967269897, 0.5587076544761658, 0.9958325624465942, -1.3311808109283447, -0.41695114970207214, -0.5993375778198242, 0.44668594002723694, 0.6554975509643555, 1.0364855527877808, 0.016067862510681152, 0.41676411032676697, -1.3617981672286987, -0.6027559041976929, -0.2810567319393158, 0.49699026346206665, 0.49935367703437805, 1.0, 1.0, 1.0, 1.0, 1.0, 1.0, 1.0, 1.0, 1.0, 1.0, 1.0, 1.0]"
75,0.0,0.0,0.0,3.205293614882976e-05,0.0,238.56214904785156,3.192945587215945e-05,0.0,237.64312744140625,0.0,0.0,0.0,0.7331639528274536,0.06813875585794449,0.031124310567975044,-0.31868574023246765,-0.3227844536304474,0.2713683247566223,0.4304302930831909,0.8615543246269226,-0.7181432843208313,0.8468015789985657,-0.9920335412025452,-1.1138107776641846,0.9083682894706726,-0.884830117225647,1.0784955024719238,"[0.7331639528274536, 0.06813875585794449, 0.031124310567975044, -0.13442905247211456, -0.12955324351787567, 0.0033928726334124804, 0.013284450396895409, 0.009246150963008404, -0.9998688697814941, 0.699999988079071, 0.0, 0.0, -0.31868574023246765, -0.3227844536304474, 0.2713683247566223, 0.4304302930831909, 0.46155431866645813, -0.3181432783603668, 0.4468015730381012, -0.5920335054397583, -0.3138107657432556, 0.10836827754974365, -0.08483010530471802, 0.2784954905509949, 1.2426519393920898, -0.0026348051615059376, 0.0037085488438606262, -0.9193023443222046, -1.0727413892745972, 1.0270732641220093, 0.5901813507080078, -0.8694636821746826, 2.3559622764587402, 0.5333937406539917, 1.1804463863372803, -2.8985819816589355, -0.35741838812828064, -0.6640593409538269, 0.3766687214374542, 0.6718714237213135, 0.9478383660316467, 0.01391705870628357, 0.44548553228378296, -1.2521001100540161, -0.4064851999282837, -0.2735123932361603, 0.4318154454231262, 0.26023563742637634, 1.0, 1.0, 1.0, 1.0, 1.0, 1.0, 1.0, 1.0, 1.0, 1.0, 1.0, 1.0]"
76,0.0,0.0,0.0,2.9248294595163316e-05,0.0,217.6879119873047,2.6512969270697795e-05,0.0,197.32955932617188,0.0,0.0,0.0,0.7555295825004578,0.0754566639661789,0.012867791578173637,-0.2904520332813263,-0.32423508167266846,0.26976248621940613,0.4056439697742462,0.8371254205703735,-0.6932869553565979,0.8584330677986145,-0.9994300603866577,-1.0599639415740967,0.9142613410949707,-0.8601206541061401,1.007678508758545,"[0.7555295825004578, 0.0754566639661789, 0.012867791578173637, -0.007772259414196014, -0.10666131973266602, 0.0035513252951204777, 0.010840840637683868, 0.010623014532029629, -0.9998849034309387, 0.699999988079071, 0.0, 0.0, -0.2904520332813263, -0.32423508167266846, 0.26976248621940613, 0.4056439697742462, 0.43712541460990906, -0.2932869493961334, 0.45843306183815, -0.5994300842285156, -0.2599639296531677, 0.11426132917404175, -0.06012064218521118, 0.20767849683761597, 1.4739973545074463, -0.13977301120758057, -0.06798093765974045, -1.422028660774231, -1.3557077646255493, 1.1426594257354736, 0.6718477010726929, -0.024299997836351395, 3.155562162399292, 0.38825827836990356, 1.0179754495620728, -4.058865547180176, -0.3792571723461151, -0.6113522052764893, 0.37628188729286194, 0.6358804702758789, 0.8262231349945068, -0.06143003702163696, 0.50819331407547, -1.032613754272461, -0.11553370952606201, -0.2830648422241211, 0.2795020341873169, 0.018794797360897064, 1.0, 1.0, 1.0, 1.0, 1.0, 1.0, 1.0, 1.0, 1.0, 1.0, 1.0, 1.0]"
77,0.0,0.0,0.0,2.3816872271709144e-05,0.0,177.26316833496094,1.6696934835636057e-05,0.0,124.27120208740234,0.0,0.0,0.0,0.7808151841163635,0.08085663616657257,-0.033457834273576736,-0.2625281512737274,-0.32860615849494934,0.26523318886756897,0.373283326625824,0.8066096901893616,-0.6673545837402344,0.8733313083648682,-0.9879958629608154,-0.983765721321106,0.9173962473869324,-0.8410105109214783,0.9209545850753784,"[0.7808151841163635, 0.08085663616657257, -0.033457834273576736, 0.12889456748962402, -0.016431694850325584, 0.04299534857273102, 0.009724237024784088, 0.00893799215555191, -0.9999127984046936, 0.699999988079071, 0.0, 0.0, -0.2625281512737274, -0.32860615849494934, 0.26523318886756897, 0.373283326625824, 0.4066096842288971, -0.2673545777797699, 0.4733313024044037, -0.5879958868026733, -0.183765709400177, 0.11739623546600342, -0.041010499000549316, 0.12095457315444946, 1.3189396858215332, -0.25474676489830017, -0.16389882564544678, -1.7467900514602661, -1.6796550750732422, 1.2030001878738403, 0.9583643078804016, 1.0133068561553955, 4.452342510223389, 0.22017225623130798, 0.635807991027832, -4.639962196350098, -0.4868520200252533, -0.49364104866981506, 0.4839271605014801, 0.5680364370346069, 0.610831618309021, -0.2618964612483978, 0.6304095983505249, -0.7305629253387451, 0.3002309799194336, -0.2168223261833191, -0.008057698607444763, -0.22914591431617737, 1.0, 1.0, 1.0, 1.0, 1.0, 1.0, 1.0, 1.0, 1.0, 1.0, 1.0, 1.0]"
78,1.590223837411031e-05,0.0,118.3564682006836,1.008267281576991e-05,0.0,75.04287719726562,0.0,0.0,0.0,0.0,0.0,0.0,0.8108907341957092,0.08241400867700577,-0.0975208654999733,-0.25717511773109436,-0.33688366413116455,0.25959447026252747,0.33259594440460205,0.8027288317680359,-0.6421253085136414,0.893135130405426,-0.9527921080589294,-0.9345524907112122,0.9206802248954773,-0.8483037948608398,0.8286499977111816,"[0.8108907341957092, 0.08241400867700577, -0.0975208654999733, 0.45283880829811096, -0.038606997579336166, 0.042874936014413834, 0.009911115281283855, 0.0031838761642575264, -0.9999459981918335, 0.699999988079071, 0.0, 0.0, -0.25717511773109436, -0.33688366413116455, 0.25959447026252747, 0.33259594440460205, 0.4027288258075714, -0.24212530255317688, 0.49313512444496155, -0.5527920722961426, -0.1345524787902832, 0.12068021297454834, -0.04830378293991089, 0.028649985790252686, -0.6891114711761475, -0.6010676026344299, -0.18668150901794434, -2.272292375564575, 1.7558735609054565, 1.285083293914795, 0.9723634123802185, 2.2378008365631104, -0.4456497132778168, 0.2614075541496277, -2.000230550765991, -4.630310535430908, -0.6382029056549072, -0.449832946062088, 0.7317899465560913, 0.5302129983901978, 0.35293883085250854, -0.6957374811172485, 0.7890632152557373, -0.5014283657073975, 0.6327565908432007, 0.10663353651762009, -0.5160683393478394, -0.45248711109161377, 1.0, 1.0, 1.0, 1.0, 1.0, 1.0, 1.0, 1.0, 1.0, 1.0, 1.0, 1.0]"
79,4.092860399396159e-05,0.0,304.6216125488281,0.0,0.0,0.0,0.0,0.0,0.0,3.2029485737439245e-05,0.0,238.38763427734375,0.7498794198036194,0.02259085513651371,-0.1135314553976059,-0.26426267623901367,-0.34175747632980347,0.2769163250923157,0.31093335151672363,0.8284326791763306,-0.6242173910140991,0.9058153033256531,-0.9207929968833923,-0.9277719855308533,0.9361410737037659,-0.9160611033439636,0.7969565391540527,"[0.7498794198036194, 0.02259085513651371, -0.1135314553976059, -0.025011228397488594, -0.19369924068450928, 0.02390671707689762, 0.006684024352580309, -0.0015307293506339192, -0.999976634979248, 0.699999988079071, 0.0, 0.0, -0.26426267623901367, -0.34175747632980347, 0.2769163250923157, 0.31093335151672363, 0.4284326732158661, -0.22421738505363464, 0.5058152675628662, -0.5207929611206055, -0.12777197360992432, 0.13614106178283691, -0.11606109142303467, -0.0030434727668762207, -0.0627245083451271, 0.12586542963981628, 1.672603964805603, 0.0915013775229454, 1.4647421836853027, 0.42013120651245117, 0.4115341007709503, -0.2187754213809967, 0.0726081058382988, 1.2602354288101196, -4.024760723114014, 2.4698116779327393, -0.7027634978294373, -0.5444700717926025, 0.7537932395935059, 0.485330194234848, 0.43870681524276733, -1.0833159685134888, 1.1523538827896118, -0.3302833139896393, 0.5780161023139954, 0.5833874344825745, -1.0471209287643433, -0.5087037086486816, 1.0, 1.0, 1.0, 1.0, 1.0, 1.0, 1.0, 1.0, 1.0, 1.0, 1.0, 1.0]"
80,3.750162068172358e-05,0.0,279.1153869628906,0.0,0.0,0.0,0.0,0.0,0.0,5.0468141125747934e-05,0.0,375.6220397949219,0.7077027559280396,0.022677576169371605,-0.07981014996767044,-0.26389962434768677,-0.34259456396102905,0.3212928771972656,0.31352710723876953,0.8527032732963562,-0.639193594455719,0.9139963388442993,-0.9202640056610107,-0.9215273261070251,1.0000131130218506,-1.0191446542739868,0.8374279141426086,"[0.7077027559280396, 0.022677576169371605, -0.07981014996767044, -0.0041781519539654255, -0.14040125906467438, 0.027624621987342834, 0.0033535815309733152, 0.00030550913652405143, -0.9999943971633911, 0.699999988079071, 0.0, 0.0, -0.26389962434768677, -0.34259456396102905, 0.3212928771972656, 0.31352710723876953, 0.4527032673358917, -0.23919358849525452, 0.5139963626861572, -0.5202640295028687, -0.12152731418609619, 0.20001310110092163, -0.21914464235305786, 0.03742790222167969, -0.07341203093528748, -0.35222622752189636, 2.2246384620666504, 0.03152478486299515, 1.1656681299209595, -1.411115288734436, 0.4099087119102478, 0.1187831312417984, 0.3185483515262604, 4.1187334060668945, -5.630629539489746, 1.8242287635803223, -0.6961345076560974, -0.6370700001716614, 0.6301748156547546, 0.40803295373916626, 0.57651686668396, -1.2075777053833008, 1.1108713150024414, -0.21344587206840515, 0.5047352910041809, 0.87071692943573, -1.2425750494003296, -0.3069145381450653, 1.0, 1.0, 1.0, 1.0, 1.0, 1.0, 1.0, 1.0, 1.0, 1.0, 1.0, 1.0]"
81,3.2731579267419875e-05,0.0,243.61314392089844,0.0,0.0,0.0,0.0,0.0,0.0,4.281559813534841e-05,0.0,318.666015625,0.6830965876579285,0.04188861697912216,-0.06506920605897903,-0.2705245018005371,-0.36030250787734985,0.3539140522480011,0.308916300535202,0.8707352876663208,-0.6824774742126465,0.9185333847999573,-0.9185717701911926,-0.9095984101295471,1.0802794694900513,-1.1305452585220337,0.8731434345245361,"[0.6830965876579285, 0.04188861697912216, -0.06506920605897903, 0.33822306990623474, -0.09017104655504227, 0.03827052563428879, 0.0012770661851391196, -0.004728539846837521, -0.999987781047821, 0.699999988079071, 0.0, 0.0, -0.2705245018005371, -0.36030250787734985, 0.3539140522480011, 0.308916300535202, 0.4707352817058563, -0.282477468252182, 0.5185333490371704, -0.5185717344284058, -0.10959839820861816, 0.2802794575691223, -0.33054524660110474, 0.07314342260360718, -0.4246858060359955, -1.0698853731155396, 1.2873690128326416, -0.3261139988899231, 0.8470160365104675, -2.5319461822509766, 0.04478759318590164, 0.0495002418756485, 0.6380164623260498, 3.6982405185699463, -5.262707710266113, 1.7874701023101807, -0.6138246655464172, -0.6577824950218201, 0.6637516021728516, 0.4953346848487854, 0.5531527400016785, -1.2672864198684692, 1.1007438898086548, -0.17884059250354767, 0.4968474507331848, 0.8979001045227051, -1.2303047180175781, -0.2668241858482361, 1.0, 1.0, 1.0, 1.0, 1.0, 1.0, 1.0, 1.0, 1.0, 1.0, 1.0, 1.0]"
82,3.423707312322222e-05,0.0,254.81814575195312,0.0,0.0,0.0,0.0,0.0,0.0,4.028476178064011e-05,0.0,299.8296203613281,0.6731420159339905,0.04013782739639282,-0.05839557200670242,-0.2768957316875458,-0.37882304191589355,0.373445987701416,0.3046444058418274,0.8869624137878418,-0.7412720322608948,0.9106151461601257,-0.9142816662788391,-0.8963556885719299,1.138680100440979,-1.2107229232788086,0.904377818107605,"[0.6731420159339905, 0.04013782739639282, -0.05839557200670242, 0.12058652192354202, -0.09191765636205673, 0.04407569020986557, -0.0005239854217506945, -0.009228643961250782, -0.9999573230743408, 0.699999988079071, 0.0, 0.0, -0.2768957316875458, -0.37882304191589355, 0.373445987701416, 0.3046444058418274, 0.4869624078273773, -0.3412720263004303, 0.5106151103973389, -0.5142816305160522, -0.09635567665100098, 0.33868008852005005, -0.41072291135787964, 0.10437780618667603, -0.21604984998703003, -0.787670373916626, 0.8079478740692139, -0.11802627891302109, 0.8325175046920776, -3.121018171310425, -0.6941511631011963, 0.23049946129322052, 0.6324558258056641, 2.3913776874542236, -2.9960856437683105, 1.522554874420166, -0.5352367758750916, -0.6875730156898499, 0.60102379322052, 0.490103155374527, 0.4972895085811615, -1.290183424949646, 1.0720211267471313, -0.23600304126739502, 0.49411875009536743, 0.9027633666992188, -1.1479151248931885, -0.3043549060821533, 1.0, 1.0, 1.0, 1.0, 1.0, 1.0, 1.0, 1.0, 1.0, 1.0, 1.0, 1.0]"
83,3.7608366255881265e-05,0.0,279.9098815917969,0.0,0.0,0.0,0.0,0.0,0.0,4.0851649828255177e-05,0.0,304.0488586425781,0.6719968318939209,0.04000185430049896,-0.03978021442890167,-0.2793967127799988,-0.3917994201183319,0.3824418783187866,0.30386221408843994,0.902206540107727,-0.8056877851486206,0.8896563649177551,-0.9057276248931885,-0.8816450834274292,1.1711806058883667,-1.242106318473816,0.9297639727592468,"[0.6719968318939209, 0.04000185430049896, -0.03978021442890167, 0.0022254218347370625, -0.10345359891653061, 0.03214437887072563, -0.00253011891618371, -0.009869850240647793, -0.9999484419822693, 0.699999988079071, 0.0, 0.0, -0.2793967127799988, -0.3917994201183319, 0.3824418783187866, 0.30386221408843994, 0.502206563949585, -0.40568777918815613, 0.48965635895729065, -0.5057276487350464, -0.08164507150650024, 0.37118059396743774, -0.44210630655288696, 0.12976396083831787, -0.0889507457613945, -0.5977288484573364, 0.20240670442581177, -0.01882641389966011, 0.7395133376121521, -3.2218613624572754, -1.2262595891952515, 0.43767714500427246, 0.7832155227661133, 1.2731168270111084, -0.7423746585845947, 1.248847484588623, -0.5019176602363586, -0.6948856115341187, 0.5359837412834167, 0.5279029607772827, 0.4316749572753906, -1.2861340045928955, 1.0485608577728271, -0.27022862434387207, 0.5129582285881042, 0.9016889333724976, -1.0159635543823242, -0.31670182943344116, 1.0, 1.0, 1.0, 1.0, 1.0, 1.0, 1.0, 1.0, 1.0, 1.0, 1.0, 1.0]"
84,3.868558269459754e-05,0.0,287.92730712890625,0.0,0.0,0.0,0.0,0.0,0.0,4.063394226250239e-05,0.0,302.42852783203125,0.6810507774353027,0.04093405604362488,-0.014777897857129574,-0.28112348914146423,-0.4015766978263855,0.37878724932670593,0.30314314365386963,0.9145017266273499,-0.8659364581108093,0.8630490899085999,-0.8935997486114502,-0.8622245192527771,1.188846230506897,-1.241981029510498,0.9505284428596497,"[0.6810507774353027, 0.04093405604362488, -0.014777897857129574, 0.009156030602753162, -0.10427137464284897, 0.015751181170344353, -0.004648714791983366, -0.010032190941274166, -0.9999388456344604, 0.699999988079071, 0.0, 0.0, -0.28112348914146423, -0.4015766978263855, 0.37878724932670593, 0.30314314365386963, 0.514501690864563, -0.46593645215034485, 0.4630490839481354, -0.4935997426509857, -0.062224507331848145, 0.388846218585968, -0.4419810175895691, 0.1505284309387207, -0.07740943133831024, -0.3909187614917755, -0.40580177307128906, -0.043307285755872726, 0.5691738128662109, -2.814267873764038, -1.3817050457000732, 0.6117734313011169, 1.0519587993621826, 0.6083561778068542, 0.48234623670578003, 1.027197241783142, -0.49246785044670105, -0.7194456458091736, 0.47872141003608704, 0.5865321159362793, 0.38624998927116394, -1.2505589723587036, 1.0090116262435913, -0.29540008306503296, 0.5315989255905151, 0.8680829405784607, -0.8745051026344299, -0.3360583782196045, 1.0, 1.0, 1.0, 1.0, 1.0, 1.0, 1.0, 1.0, 1.0, 1.0, 1.0, 1.0]"
85,3.831776120932773e-05,0.0,285.1897277832031,0.0,0.0,0.0,0.0,0.0,0.0,3.975447179982439e-05,0.0,295.8828125,0.6980198621749878,0.03999398648738861,0.012728823348879814,-0.2826029062271118,-0.40504559874534607,0.3646618127822876,0.30186939239501953,0.9234039187431335,-0.9126259684562683,0.8353739976882935,-0.8776527643203735,-0.8375450968742371,1.192141056060791,-1.2220427989959717,0.9662253856658936,"[0.6980198621749878, 0.03999398648738861, 0.012728823348879814, 0.012011955492198467, -0.08459420502185822, 0.0006299291853792965, -0.006546493154019117, -0.010327868163585663, -0.9999252557754517, 0.699999988079071, 0.0, 0.0, -0.2826029062271118, -0.40504559874534607, 0.3646618127822876, 0.30186939239501953, 0.5234038829803467, -0.5126259326934814, 0.435373991727829, -0.47765275835990906, -0.037545084953308105, 0.39214104413986206, -0.4220427870750427, 0.1662253737449646, -0.06142006069421768, -0.025694716721773148, -0.8768848776817322, -0.06433698534965515, 0.3962022066116333, -1.9998669624328613, -1.4036589860916138, 0.7977428436279297, 1.3101119995117188, -0.2540971338748932, 1.410499930381775, 0.7726866006851196, -0.5280908346176147, -0.7367035746574402, 0.43753597140312195, 0.6746411323547363, 0.3503117561340332, -1.206695318222046, 0.9397331476211548, -0.3023757040500641, 0.5454919338226318, 0.7603716850280762, -0.7163744568824768, -0.35610663890838623, 1.0, 1.0, 1.0, 1.0, 1.0, 1.0, 1.0, 1.0, 1.0, 1.0, 1.0, 1.0]"
86,3.745160938706249e-05,0.0,278.7431640625,0.0,0.0,0.0,0.0,0.0,0.0,3.878036659443751e-05,0.0,288.6327819824219,0.718244194984436,0.038196057081222534,0.040532320737838745,-0.2835211455821991,-0.40136396884918213,0.34300559759140015,0.30036699771881104,0.9291402101516724,-0.9410979747772217,0.8070134520530701,-0.8574948906898499,-0.8085236549377441,1.1725749969482422,-1.1826773881912231,0.9756361842155457,"[0.718244194984436, 0.038196057081222534, 0.040532320737838745, -0.016557924449443817, -0.03667471557855606, -0.010234296321868896, -0.007711425889283419, -0.01036759465932846, -0.9999164342880249, 0.699999988079071, 0.0, 0.0, -0.2835211455821991, -0.40136396884918213, 0.34300559759140015, 0.30036699771881104, 0.5291402339935303, -0.5410979986190796, 0.4070134460926056, -0.4574948847293854, -0.008523643016815186, 0.37257498502731323, -0.3826773762702942, 0.1756361722946167, -0.019128037616610527, 0.3316313326358795, -1.1906694173812866, -0.05832744762301445, 0.24548593163490295, -1.039417028427124, -1.4725316762924194, 1.0073590278625488, 1.5011531114578247, -1.688586711883545, 2.499589681625366, 0.44251763820648193, -0.5920395255088806, -0.7383829951286316, 0.4154745638370514, 0.7746250629425049, 0.31601661443710327, -1.1176353693008423, 0.8303027153015137, -0.3016480505466461, 0.5600878596305847, 0.5573922395706177, -0.4958391785621643, -0.4074305593967438, 1.0, 1.0, 1.0, 1.0, 1.0, 1.0, 1.0, 1.0, 1.0, 1.0, 1.0, 1.0]"
87,3.6009401810588315e-05,0.0,268.0091552734375,0.0,0.0,0.0,0.0,0.0,0.0,3.634754102677107e-05,0.0,270.5258483886719,0.7398563027381897,0.03409989923238754,0.06542834639549255,-0.2830132842063904,-0.3909759223461151,0.3178580105304718,0.29955706000328064,0.9323382377624512,-0.9498803615570068,0.7758180499076843,-0.8327213525772095,-0.7767685055732727,1.1213126182556152,-1.1192251443862915,0.9772747755050659,"[0.7398563027381897, 0.03409989923238754, 0.06542834639549255, -0.093397356569767, 0.03085530363023281, -0.016120778396725655, -0.007641933858394623, -0.009174454025924206, -0.9999286532402039, 0.699999988079071, 0.0, 0.0, -0.2830132842063904, -0.3909759223461151, 0.3178580105304718, 0.29955706000328064, 0.5323382616043091, -0.5498803853988647, 0.37581804394721985, -0.432721346616745, 0.02323150634765625, 0.3213126063346863, -0.31922513246536255, 0.17727476358413696, 0.06698457896709442, 0.669499397277832, -1.2738242149353027, -0.005076135043054819, 0.13707321882247925, -0.029299769550561905, -1.656653642654419, 1.2347029447555542, 1.606497049331665, -3.323188066482544, 3.743072271347046, 0.04877854138612747, -0.704642117023468, -0.6909383535385132, 0.4298540949821472, 0.8512585163116455, 0.29068470001220703, -0.9817548990249634, 0.688995361328125, -0.32999902963638306, 0.554618239402771, 0.28470292687416077, -0.1990358680486679, -0.46270230412483215, 1.0, 1.0, 1.0, 1.0, 1.0, 1.0, 1.0, 1.0, 1.0, 1.0, 1.0, 1.0]"
88,3.192000076523982e-05,0.0,237.57276916503906,0.0,0.0,0.0,0.0,0.0,0.0,3.205698885722086e-05,0.0,238.59231567382812,0.762753963470459,0.025831734761595726,0.07420201599597931,-0.28063616156578064,-0.3730345368385315,0.2945118844509125,0.3001319169998169,0.934077262878418,-0.9376013278961182,0.7402820587158203,-0.8039621114730835,-0.7441036105155945,1.0418950319290161,-1.0335637331008911,0.9715391397476196,"[0.762753963470459, 0.025831734761595726, 0.07420201599597931, -0.18633292615413666, 0.10836490988731384, -0.019059758633375168, -0.006117957644164562, -0.00623959768563509, -0.999961793422699, 0.699999988079071, 0.0, 0.0, -0.28063616156578064, -0.3730345368385315, 0.2945118844509125, 0.3001319169998169, 0.5340772867202759, -0.5376013517379761, 0.34028205275535583, -0.403962105512619, 0.05589640140533447, 0.24189502000808716, -0.23356372117996216, 0.17153912782669067, 0.16186285018920898, 1.0802353620529175, -1.0517795085906982, 0.07356036454439163, 0.12616802752017975, 1.0355427265167236, -1.854158878326416, 1.4363563060760498, 1.5599679946899414, -4.420830726623535, 4.597046852111816, -0.33032166957855225, -0.8202036023139954, -0.5848655104637146, 0.504814863204956, 0.8314074277877808, 0.3168167471885681, -0.808539867401123, 0.58014976978302, -0.45152920484542847, 0.4483843445777893, 0.026746384799480438, 0.08115871250629425, -0.43993282318115234, 1.0, 1.0, 1.0, 0.0, 1.0, 1.0, 1.0, 1.0, 1.0, 1.0, 1.0, 1.0]"
89,1.8669103155843914e-05,0.0,138.94956970214844,0.0,0.0,0.0,4.044857632834464e-05,0.0,301.04888916015625,1.918282578117214e-05,0.0,142.7730712890625,0.7930412292480469,0.005015903152525425,0.0504889115691185,-0.2755315899848938,-0.34325048327445984,0.28268665075302124,0.30346986651420593,0.9377917647361755,-0.9026409983634949,0.7053871154785156,-0.7731654047966003,-0.7156878709793091,0.9481595754623413,-0.9439411163330078,0.9606927633285522,"[0.7930412292480469, 0.005015903152525425, 0.0504889115691185, -0.4753202199935913, 0.14750178158283234, -0.008062937296926975, -0.0028425429482012987, -0.0005628238432109356, -0.9999957084655762, 0.699999988079071, 0.0, 0.0, -0.2755315899848938, -0.34325048327445984, 0.28268665075302124, 0.30346986651420593, 0.5377917289733887, -0.502640962600708, 0.30538710951805115, -0.37316539883613586, 0.08431214094161987, 0.14815956354141235, -0.14394110441207886, 0.1606927514076233, 0.4438703656196594, 2.0629818439483643, 0.2925836443901062, 0.37163758277893066, 0.3132586181163788, 2.384981632232666, -0.2833597660064697, 1.6445720195770264, 1.2997539043426514, -5.50746488571167, 2.209108352661133, -0.6454330682754517, -0.7599309682846069, -0.42318442463874817, 0.7230381965637207, 0.8220380544662476, 0.5755259990692139, -0.1042746901512146, 0.39571234583854675, -0.7674605846405029, 0.1886972337961197, -0.6123150587081909, 0.4605655074119568, -0.14374569058418274, 1.0, 1.0, 1.0, 1.0, 1.0, 1.0, 1.0, 1.0, 1.0, 1.0, 1.0, 1.0]"
90,0.0,0.0,0.0,2.7643302018987015e-05,0.0,205.74234008789062,4.3520722101675346e-05,0.0,323.9140930175781,1.859220901678782e-06,0.0,13.837726593017578,0.7680335640907288,0.02561347931623459,0.06360310316085815,-0.27035558223724365,-0.31956177949905396,0.2945808470249176,0.3150930106639862,0.9439353346824646,-0.8695340156555176,0.7279826998710632,-0.7405027151107788,-0.7275059223175049,0.913971483707428,-0.9404777884483337,0.9439563751220703,"[0.7680335640907288, 0.02561347931623459, 0.06360310316085815, -0.5722002387046814, 0.21631093323230743, 0.0725143551826477, 0.00036594539415091276, 0.012475415132939816, -0.9999220967292786, 0.699999988079071, 0.0, 0.0, -0.27035558223724365, -0.31956177949905396, 0.2945808470249176, 0.3150930106639862, 0.5439352989196777, -0.4695340096950531, 0.32798269391059875, -0.34050270915031433, 0.07249408960342407, 0.11397147178649902, -0.14047777652740479, 0.14395636320114136, -0.42293068766593933, 0.5612922310829163, 0.4687103033065796, 0.5497868657112122, 0.26168304681777954, 0.9263108372688293, 1.0253552198410034, 1.4600012302398682, -3.672370433807373, 0.30073675513267517, 0.20348894596099854, -0.679953396320343, -0.9936907887458801, -0.33921942114830017, 0.393066942691803, 0.7229095697402954, 0.7363889217376709, -0.3356054723262787, 0.4246236979961395, -1.2614864110946655, -0.47455042600631714, -0.5516479015350342, 0.4923391342163086, 0.15470361709594727, 1.0, 1.0, 1.0, 1.0, 1.0, 1.0, 1.0, 1.0, 1.0, 1.0, 1.0, 1.0]"
91,0.0,0.0,0.0,3.90615823562257e-05,0.0,290.72576904296875,3.603885852498934e-05,0.0,268.2284240722656,0.0,0.0,0.0,0.7186731696128845,0.038068611174821854,0.08628726750612259,-0.3014390766620636,-0.31557682156562805,0.29475101828575134,0.3300543427467346,0.933979868888855,-0.8458906412124634,0.7470880150794983,-0.7371599674224854,-0.8045475482940674,0.9098988175392151,-0.9364920258522034,0.952659010887146,"[0.7186731696128845, 0.038068611174821854, 0.08628726750612259, 0.1122148334980011, 0.201222226023674, 0.137482151389122, 0.0046855006366968155, 0.015328398905694485, -0.9998713135719299, 0.699999988079071, 0.0, 0.0, -0.3014390766620636, -0.31557682156562805, 0.29475101828575134, 0.3300543427467346, 0.5339798927307129, -0.4458906352519989, 0.3470880091190338, -0.3371599614620209, -0.004547536373138428, 0.10989880561828613, -0.13649201393127441, 0.15265899896621704, -2.013951301574707, -0.03400092571973801, -0.23688164353370667, 1.0281111001968384, -0.8599610328674316, 1.2054998874664307, 1.0748926401138306, -0.9381864070892334, -3.8797290325164795, -0.3099367022514343, 0.006090369075536728, 2.8189027309417725, -0.5107272267341614, -0.7574263215065002, 0.35138702392578125, 0.8499906063079834, 1.1591296195983887, -0.1644868552684784, 0.5242805480957031, -1.71066415309906, -1.1171441078186035, -0.37572622299194336, 0.529728353023529, 0.7315381765365601, 1.0, 1.0, 1.0, 1.0, 1.0, 1.0, 1.0, 1.0, 1.0, 1.0, 1.0, 1.0]"
92,0.0,0.0,0.0,3.132594429189339e-05,0.0,233.15133666992188,3.3949454518733546e-05,0.0,252.67745971679688,0.0,0.0,0.0,0.6895825266838074,0.02906852774322033,0.05912984535098076,-0.33574560284614563,-0.31754761934280396,0.2890663146972656,0.36316895484924316,0.9176519513130188,-0.820894181728363,0.7668896317481995,-0.783944308757782,-0.9225972294807434,0.9013097286224365,-0.9358628988265991,1.0290242433547974,"[0.6895825266838074, 0.02906852774322033, 0.05912984535098076, 0.1511223018169403, 0.21698914468288422, 0.10079938918352127, 0.009089025668799877, 0.011703366413712502, -0.9998902082443237, 0.699999988079071, 0.0, 0.0, -0.33574560284614563, -0.31754761934280396, 0.2890663146972656, 0.36316895484924316, 0.5176519155502319, -0.42089417576789856, 0.366889625787735, -0.3839443027973175, -0.12259721755981445, 0.10130971670150757, -0.13586288690567017, 0.2290242314338684, -1.311348795890808, -0.08363804966211319, -0.22292158007621765, 1.9780781269073486, -0.7432223558425903, 1.0915029048919678, 1.0440934896469116, -2.9398903846740723, -6.763802528381348, -0.2625059485435486, -0.07437215745449066, 3.432546377182007, -0.5300872325897217, -0.6800185441970825, 0.3710312843322754, 0.7758351564407349, 1.2709293365478516, -0.22676381468772888, 0.502265453338623, -1.5280805826187134, -1.2893997430801392, -0.3563377261161804, 0.5720091462135315, 0.8469691276550293, 1.0, 1.0, 1.0, 1.0, 1.0, 1.0, 1.0, 1.0, 1.0, 1.0, 1.0, 1.0]"
93,0.0,0.0,0.0,3.0702780350111425e-05,0.0,228.5132598876953,3.4049189707729965e-05,0.0,253.41978454589844,0.0,0.0,0.0,0.6854333281517029,0.032631952315568924,0.024141907691955566,-0.3501230776309967,-0.31981319189071655,0.2849881052970886,0.4048990309238434,0.9060704112052917,-0.7987461090087891,0.786920428276062,-0.8534145355224609,-1.0562368631362915,0.8985477089881897,-0.9346848726272583,1.0907535552978516,"[0.6854333281517029, 0.032631952315568924, 0.024141907691955566, 0.16820509731769562, 0.11324937641620636, 0.040000125765800476, 0.012230264022946358, 0.008827242068946362, -0.9998859167098999, 0.699999988079071, 0.0, 0.0, -0.3501230776309967, -0.31981319189071655, 0.2849881052970886, 0.4048990309238434, 0.5060703754425049, -0.3987461030483246, 0.38692042231559753, -0.45341452956199646, -0.25623685121536255, 0.09854769706726074, -0.13468486070632935, 0.2907535433769226, -0.48143693804740906, -0.16321660578250885, -0.2124512493610382, 1.9966156482696533, -0.4884527921676636, 0.9695090055465698, 1.0669225454330444, -3.6210451126098633, -6.312292575836182, 0.09201686084270477, 0.02953672781586647, 2.885446310043335, -0.5617127418518066, -0.5318517684936523, 0.46089062094688416, 0.7196918725967407, 1.260607123374939, -0.12948748469352722, 0.5349353551864624, -1.4411433935165405, -1.1324712038040161, -0.3438512682914734, 0.5323401689529419, 0.843598484992981, 1.0, 1.0, 1.0, 1.0, 1.0, 1.0, 1.0, 1.0, 1.0, 1.0, 1.0, 1.0]"
94,0.0,0.0,0.0,3.468301292741671e-05,0.0,258.1371765136719,3.379343979759142e-05,0.0,251.51629638671875,0.0,0.0,0.0,0.6998159289360046,0.044397883117198944,0.021068710833787918,-0.35445594787597656,-0.3237535357475281,0.2803865373134613,0.4339769184589386,0.8972877264022827,-0.777165412902832,0.8064343929290771,-0.9187220931053162,-1.146571397781372,0.9010441303253174,-0.9288298487663269,1.1250091791152954,"[0.6998159289360046, 0.044397883117198944, 0.021068710833787918, 0.14508196711540222, 0.0005730910925194621, 0.016448626294732094, 0.013053666800260544, 0.005573872942477465, -0.99989914894104, 0.699999988079071, 0.0, 0.0, -0.35445594787597656, -0.3237535357475281, 0.2803865373134613, 0.4339769184589386, 0.49728772044181824, -0.37716540694236755, 0.40643438696861267, -0.5187220573425293, -0.3465713858604431, 0.10104411840438843, -0.12882983684539795, 0.32500916719436646, -0.03163504600524902, -0.19320908188819885, -0.21374472975730896, 1.0643455982208252, -0.5131625533103943, 0.9801496267318726, 0.9826791882514954, -2.9200260639190674, -2.8080458641052246, 0.32089340686798096, 0.37500444054603577, 0.911206066608429, -0.5741229057312012, -0.4403931796550751, 0.4847278296947479, 0.6867512464523315, 1.1763983964920044, -0.073356032371521, 0.4561130702495575, -1.3904485702514648, -0.8880252838134766, -0.33875301480293274, 0.5035657286643982, 0.7694864869117737, 1.0, 1.0, 1.0, 1.0, 1.0, 1.0, 1.0, 1.0, 1.0, 1.0, 1.0, 1.0]"
95,0.0,0.0,0.0,3.54191470250953e-05,0.0,263.61602783203125,3.3750664442777634e-05,0.0,251.1979522705078,0.0,0.0,0.0,0.7181408405303955,0.05099301412701607,0.03200923651456833,-0.34913912415504456,-0.32582491636276245,0.2776636481285095,0.4432332217693329,0.8852752447128296,-0.7548550367355347,0.8225941061973572,-0.9636204838752747,-1.1581997871398926,0.9064707159996033,-0.9141620993614197,1.1286791563034058,"[0.7181408405303955, 0.05099301412701607, 0.03200923651456833, -0.03576350957155228, -0.0748915821313858, 0.01734127104282379, 0.012002869509160519, 0.004952374845743179, -0.999916136264801, 0.699999988079071, 0.0, 0.0, -0.34913912415504456, -0.32582491636276245, 0.2776636481285095, 0.4432332217693329, 0.4852752387523651, -0.3548550307750702, 0.4225941002368927, -0.5636204481124878, -0.3581997752189636, 0.10647070407867432, -0.11416208744049072, 0.3286791443824768, 0.45349884033203125, -0.043530046939849854, -0.0729389488697052, 0.08817508816719055, -0.6769066452980042, 0.993693470954895, 0.7885557413101196, -1.8039733171463013, 0.5434712171554565, 0.46740642189979553, 0.8248679041862488, -0.4436571002006531, -0.4666247069835663, -0.5549666285514832, 0.43590107560157776, 0.6527062654495239, 1.0865986347198486, -0.03832453489303589, 0.426241010427475, -1.367794156074524, -0.672187864780426, -0.29679813981056213, 0.4955604076385498, 0.6037842035293579, 1.0, 1.0, 1.0, 1.0, 1.0, 1.0, 1.0, 1.0, 1.0, 1.0, 1.0, 1.0]"
96,0.0,0.0,0.0,3.269050648668781e-05,0.0,243.3074493408203,3.2888816349441186e-05,0.0,244.78343200683594,0.0,0.0,0.0,0.7349533438682556,0.05773407593369484,0.034321945160627365,-0.3335976004600525,-0.32572779059410095,0.27708950638771057,0.4339514970779419,0.8694512844085693,-0.7315242886543274,0.835567057132721,-0.9877228736877441,-1.1284395456314087,0.9129520654678345,-0.8925395607948303,1.1016509532928467,"[0.7349533438682556, 0.05773407593369484, 0.034321945160627365, -0.10682770609855652, -0.10780216008424759, 0.00840807519853115, 0.009983138181269169, 0.007006139028817415, -0.9999258518218994, 0.699999988079071, 0.0, 0.0, -0.3335976004600525, -0.32572779059410095, 0.27708950638771057, 0.4339514970779419, 0.46945127844810486, -0.3315242826938629, 0.43556705117225647, -0.587722897529602, -0.32843953371047974, 0.11295205354690552, -0.09253954887390137, 0.3016509413719177, 0.9680783748626709, -0.00026495615020394325, -0.01096867024898529, -0.773543655872345, -0.8999108076095581, 1.047857403755188, 0.6616239547729492, -0.8794536590576172, 1.9791852235794067, 0.4724612236022949, 1.0632939338684082, -2.032893180847168, -0.3911980092525482, -0.6490193605422974, 0.3716641962528229, 0.6731194257736206, 0.9944055080413818, -0.0241488516330719, 0.42498108744621277, -1.3274883031845093, -0.5122992992401123, -0.279970645904541, 0.46623408794403076, 0.38443723320961, 1.0, 1.0, 1.0, 1.0, 1.0, 1.0, 1.0, 1.0, 1.0, 1.0, 1.0, 1.0]"
97,0.0,0.0,0.0,3.0328368666232564e-05,0.0,225.72662353515625,3.045788616873324e-05,0.0,226.6905975341797,0.0,0.0,0.0,0.7512934803962708,0.06422680616378784,0.021394159644842148,-0.3091993033885956,-0.3266790509223938,0.2758435904979706,0.41272270679473877,0.8487522602081299,-0.7066555023193359,0.8478785753250122,-0.9983211159706116,-1.0833061933517456,0.9183816313743591,-0.8691537380218506,1.0465483665466309,"[0.7512934803962708, 0.06422680616378784, 0.021394159644842148, -0.026583606377243996, -0.10479020327329636, -0.0006329972529783845, 0.007755483500659466, 0.008396121673285961, -0.9999345541000366, 0.699999988079071, 0.0, 0.0, -0.3091993033885956, -0.3266790509223938, 0.2758435904979706, 0.41272270679473877, 0.4487522542476654, -0.30665549635887146, 0.44787856936454773, -0.5983210802078247, -0.28330618143081665, 0.11838161945343018, -0.06915372610092163, 0.2465483546257019, 1.3455424308776855, -0.1017281636595726, -0.05964034050703049, -1.2207059860229492, -1.1499037742614746, 1.135377287864685, 0.6772037744522095, -0.288389652967453, 2.5758955478668213, 0.3849855661392212, 1.0212156772613525, -3.367027759552002, -0.37163981795310974, -0.6538431644439697, 0.35156896710395813, 0.6602959632873535, 0.9122565388679504, -0.037463992834091187, 0.45168712735176086, -1.1779736280441284, -0.2915780544281006, -0.2868179976940155, 0.3796554207801819, 0.15678086876869202, 1.0, 1.0, 1.0, 1.0, 1.0, 1.0, 1.0, 1.0, 1.0, 1.0, 1.0, 1.0]"
98,0.0,0.0,0.0,2.7532385502127e-05,0.0,204.91680908203125,2.4477507395204157e-05,0.0,182.1800994873047,0.0,0.0,0.0,0.7727175354957581,0.06997839361429214,-0.006205708719789982,-0.28105825185775757,-0.33000022172927856,0.2724968194961548,0.3853531777858734,0.82328861951828,-0.6803365349769592,0.8617010712623596,-0.9956037402153015,-1.0229997634887695,0.9215840101242065,-0.8481119871139526,0.9702215194702148,"[0.7727175354957581, 0.06997839361429214, -0.006205708719789982, 0.08637787401676178, -0.059894051402807236, 0.016010383144021034, 0.006122054997831583, 0.007544018793851137, -0.9999529719352722, 0.699999988079071, 0.0, 0.0, -0.28105825185775757, -0.33000022172927856, 0.2724968194961548, 0.3853531777858734, 0.42328861355781555, -0.28033652901649475, 0.46170106530189514, -0.5956037044525146, -0.22299975156784058, 0.12158399820327759, -0.04811197519302368, 0.1702215075492859, 1.4075031280517578, -0.210592120885849, -0.1129131019115448, -1.4771629571914673, -1.389182448387146, 1.2194324731826782, 0.827845573425293, 0.47811588644981384, 3.5359997749328613, 0.24475964903831482, 0.7675169706344604, -4.179895877838135, -0.4281505048274994, -0.5592665076255798, 0.401044636964798, 0.6060812473297119, 0.7642494440078735, -0.14681869745254517, 0.5146076679229736, -0.9281595945358276, 0.02725757658481598, -0.2786223292350769, 0.196859672665596, -0.06389100104570389, 1.0, 1.0, 1.0, 1.0, 1.0, 1.0, 1.0, 1.0, 1.0, 1.0, 1.0, 1.0]"
99,0.0,0.0,0.0,2.0048282749485224e-05,0.0,149.21446228027344,1.3893145478505176e-05,0.0,103.40328216552734,0.0,0.0,0.0,0.7948805093765259,0.0735943391919136,-0.06693236529827118,-0.2559492588043213,-0.33460965752601624,0.26783761382102966,0.35323792695999146,0.7921673059463501,-0.6544254422187805,0.8794143795967102,-0.9730930924415588,-0.9389603734016418,0.9233293533325195,-0.8342132568359375,0.8833315968513489,"[0.7948805093765259, 0.0735943391919136, -0.06693236529827118, 0.12197624891996384, 0.05667600408196449, 0.07527816295623779, 0.006278482731431723, 0.005089611746370792, -0.9999673366546631, 0.699999988079071, 0.0, 0.0, -0.2559492588043213, -0.33460965752601624, 0.26783761382102966, 0.35323792695999146, 0.3921672999858856, -0.25442543625831604, 0.4794143736362457, -0.573093056678772, -0.1389603614807129, 0.12332934141159058, -0.034213244915008545, 0.08333158493041992, 1.1531951427459717, -0.21916136145591736, -0.20231463015079498, -1.684135913848877, -1.7182053327560425, 1.189990758895874, 1.1323766708374023, 1.5919854640960693, 4.8209967613220215, 0.1646254062652588, 0.36861807107925415, -4.630931854248047, -0.5475425720214844, -0.46555963158607483, 0.5463250875473022, 0.5454286336898804, 0.5017175674438477, -0.39705348014831543, 0.6650745868682861, -0.6416651010513306, 0.4499337077140808, -0.14510908722877502, -0.14875827729701996, -0.32392579317092896, 1.0, 1.0, 1.0, 1.0, 1.0, 1.0, 1.0, 1.0, 1.0, 1.0, 1.0, 1.0]"
100,3.480123632471077e-05,0.0,259.01708984375,3.3263659133808687e-06,0.0,24.757328033447266,0.0,0.0,0.0,0.0,0.0,0.0,0.8039787411689758,0.05403169244527817,-0.11977510154247284,-0.2645001709461212,-0.34363433718681335,0.2657010555267334,0.31370437145233154,0.8095600605010986,-0.6291583180427551,0.8995190262794495,-0.9264447093009949,-0.9213747978210449,0.927582859992981,-0.8636831045150757,0.792306125164032,"[0.8039787411689758, 0.05403169244527817, -0.11977510154247284, 0.37948253750801086, -0.10753895342350006, 0.0639733299612999, 0.005787968635559082, -0.0018587883096188307, -0.9999810457229614, 0.699999988079071, 0.0, 0.0, -0.2645001709461212, -0.34363433718681335, 0.2657010555267334, 0.31370437145233154, 0.40956005454063416, -0.22915831208229065, 0.499519020318985, -0.526444673538208, -0.12137478590011597, 0.127582848072052, -0.06368309259414673, -0.007693886756896973, -0.5105018019676208, -0.3558526337146759, 0.3228033781051636, -1.9132359027862549, 1.2605849504470825, 1.2569589614868164, 0.9193698167800903, 2.7507622241973877, 0.3459213376045227, -0.08627128601074219, -3.4692962169647217, -4.4935760498046875, -0.7020158171653748, -0.5108038783073425, 0.8483534455299377, 0.551964282989502, 0.2643149197101593, -0.9148457050323486, 0.8301512002944946, -0.4456097483634949, 0.666694700717926, 0.26265349984169006, -0.7335535883903503, -0.4900476336479187, 1.0, 1.0, 1.0, 1.0, 1.0, 1.0, 1.0, 1.0, 1.0, 1.0, 1.0, 1.0]"
101,4.223988435114734e-05,0.0,314.3811340332031,0.0,0.0,0.0,0.0,0.0,0.0,5.486879308591597e-05,0.0,408.3750305175781,0.8055987358093262,0.0050000944174826145,-0.15061014890670776,-0.2796150743961334,-0.35237571597099304,0.3405303955078125,0.30384042859077454,0.8362431526184082,-0.6193394064903259,1.0494403839111328,-0.9289061427116394,-0.9139478206634521,0.9525790214538574,-0.9686252474784851,0.8437841534614563,"[0.8055987358093262, 0.0050000944174826145, -0.15061014890670776, 0.4908362030982971, -0.1729891151189804, 0.15767651796340942, 0.0020826957188546658, -0.014763814397156239, -0.9998888373374939, 0.699999988079071, 0.0, 0.0, -0.2796150743961334, -0.35237571597099304, 0.3405303955078125, 0.30384042859077454, 0.4362431466579437, -0.21933940052986145, -0.11187863349914551, -0.5289061069488525, -0.1139478087425232, 0.15257900953292847, -0.16862523555755615, 0.043784141540527344, -0.6041797399520874, -0.31712085008621216, 4.427032470703125, -0.31781283020973206, 1.40250825881958, -0.23209667205810547, 7.526205062866211, -0.3184329569339752, 0.22237426042556763, 2.394453525543213, -3.150275707244873, 2.7937662601470947, -0.7470012903213501, -0.6006762385368347, 0.7063284516334534, 0.4031066298484802, 0.5313841104507446, -1.1447653770446777, 1.1765650510787964, -0.2806437015533447, 0.5512639284133911, 0.690427303314209, -1.1123011112213135, -0.5384460687637329, 1.0, 1.0, 1.0, 1.0, 1.0, 1.0, 1.0, 1.0, 1.0, 1.0, 1.0, 1.0]"
102,3.997591556981206e-05,0.0,297.5309753417969,0.0,0.0,0.0,0.0,0.0,0.0,3.933595507987775e-05,0.0,292.76788330078125,0.7079013586044312,0.03700726851820946,-0.030766190961003304,-0.2898028492927551,-0.3645594120025635,0.40888041257858276,0.2981663644313812,0.8578399419784546,-0.6478835940361023,1.1613190174102783,-0.9298341274261475,-0.9060854911804199,1.0267599821090698,-1.0291937589645386,0.8859566450119019,"[0.7079013586044312, 0.03700726851820946, -0.030766190961003304, -0.1592377871274948, -0.0043213083408772945, 0.08750642091035843, 0.0008433510083705187, -0.022550856694579124, -0.9997451901435852, 0.699999988079071, 0.0, 0.0, -0.2898028492927551, -0.3645594120025635, 0.40888041257858276, 0.2981663644313812, 0.4578399360179901, -0.24788358807563782, 0.0, -0.5298341512680054, -0.10608547925949097, 0.22675997018814087, -0.22919374704360962, 0.0859566330909729, 0.015320563688874245, -0.4011269807815552, 0.2342768907546997, 0.0925956517457962, 1.0416539907455444, -2.0898561477661133, -0.00024133920669555664, 0.6426718831062317, 0.2639491856098175, 4.073209762573242, 0.9073213934898376, 0.8784444332122803, -0.0116176288574934, -0.812056839466095, 0.7575119733810425, 0.6021294593811035, 0.44492974877357483, -1.0299005508422852, 0.9844504594802856, 0.02504780888557434, 0.5656164884567261, 0.9599590301513672, -1.1363438367843628, -0.09446880966424942, 1.0, 1.0, 1.0, 1.0, 1.0, 1.0, 1.0, 1.0, 1.0, 1.0, 1.0, 1.0]"
103,3.8990325265331194e-05,0.0,290.1954345703125,0.0,0.0,0.0,0.0,0.0,0.0,3.5575725632952526e-05,0.0,264.78143310546875,0.6922780275344849,0.026331201195716858,-0.014478815719485283,-0.284687340259552,-0.3761816620826721,0.42122748494148254,0.3044453263282776,0.877701461315155,-0.6994971632957458,1.1613188982009888,-0.915952742099762,-0.9006070494651794,1.108227014541626,-1.1525572538375854,0.9010475873947144,"[0.6922780275344849, 0.026331201195716858, -0.014478815719485283, -0.46523043513298035, -0.02400471642613411, 0.013138804584741592, 0.0012172084534540772, -0.015240550972521305, -0.9998833537101746, 0.699999988079071, 0.0, 0.0, -0.284687340259552, -0.3761816620826721, 0.42122748494148254, 0.3044453263282776, 0.47770145535469055, -0.29949715733528137, -1.1920928955078125e-07, -0.5159527063369751, -0.10060703754425049, 0.308227002620697, -0.3525572419166565, 0.1010475754737854, 0.3675253987312317, -0.6758602857589722, 0.6930479407310486, 0.40644463896751404, 0.9803177714347839, -2.7277674674987793, -0.00042284978553652763, 0.6596668362617493, 0.3601815104484558, 4.044308185577393, -5.929821968078613, 0.83349609375, -0.31908032298088074, -0.713612973690033, 0.472674161195755, 0.3967437148094177, 0.3329104781150818, -1.0938304662704468, 1.148293137550354, -0.41163477301597595, 0.4873248338699341, 1.0470070838928223, -1.1008546352386475, -0.4207901358604431, 1.0, 1.0, 1.0, 1.0, 1.0, 1.0, 1.0, 1.0, 1.0, 1.0, 1.0, 1.0]"
104,3.96410578105133e-05,0.0,295.0386657714844,0.0,0.0,0.0,0.0,0.0,0.0,3.7483587220776826e-05,0.0,278.9811706542969,0.6942938566207886,0.035940513014793396,-0.005223925691097975,-0.2800633907318115,-0.3944355547428131,0.4140932261943817,0.30930960178375244,0.89374178647995,-0.752284824848175,1.1613188982009888,-0.90135657787323,-0.8856123089790344,1.172052025794983,-1.1839534044265747,0.9185131788253784,"[0.6942938566207886, 0.035940513014793396, -0.005223925691097975, -0.16607405245304108, -0.11799082159996033, -0.007091235835105181, -0.0007730437209829688, -0.009248847141861916, -0.9999570846557617, 0.699999988079071, 0.0, 0.0, -0.2800633907318115, -0.3944355547428131, 0.4140932261943817, 0.30930960178375244, 0.4937417805194855, -0.35228481888771057, -1.1920928955078125e-07, -0.5013566017150879, -0.08561229705810547, 0.37205201387405396, -0.38395339250564575, 0.11851316690444946, 0.10868776589632034, -1.0037630796432495, -1.0089986324310303, 0.11102931201457977, 0.7339725494384766, -2.5826473236083984, -0.00043658865615725517, 0.650610625743866, 0.8860628604888916, 2.47021746635437, -0.8441306948661804, 1.0007295608520508, -0.4536249339580536, -0.6754751205444336, 0.5020169019699097, 0.5196452140808105, 0.40094098448753357, -1.3386648893356323, 1.1657284498214722, -0.19472846388816833, 0.5589144825935364, 0.9814012050628662, -0.9062424302101135, -0.1992012858390808, 1.0, 1.0, 1.0, 1.0, 1.0, 1.0, 0.0, 1.0, 1.0, 1.0, 1.0, 1.0]"
105,4.095497206435539e-05,0.0,304.81787109375,0.0,0.0,0.0,0.0,0.0,0.0,3.9361439121421427e-05,0.0,292.9575500488281,0.6915695667266846,0.036708638072013855,0.0024263241793960333,-0.2796844244003296,-0.41312921047210693,0.38234832882881165,0.3098255693912506,0.9053154587745667,-0.8066093921661377,1.1613188982009888,-0.8868467211723328,-0.8632351160049438,1.2153081893920898,-1.2164051532745361,0.9373341202735901,"[0.6915695667266846, 0.036708638072013855, 0.0024263241793960333, 0.00581766851246357, -0.1530616581439972, -0.004520454443991184, -0.0035016017500311136, -0.007876978255808353, -0.999963104724884, 0.699999988079071, 0.0, 0.0, -0.2796844244003296, -0.41312921047210693, 0.38234832882881165, 0.3098255693912506, 0.5053154230117798, -0.4066093862056732, -1.1920928955078125e-07, -0.4868467152118683, -0.06323510408401489, 0.4153081774711609, -0.4164051413536072, 0.13733410835266113, -0.04424996301531792, -1.0375316143035889, -1.9508930444717407, -0.04018910229206085, 0.5389932990074158, -2.836651086807251, -0.0005557970143854618, 0.5855752825737, 1.2089099884033203, 2.571180582046509, -2.0353188514709473, 1.1425198316574097, -0.25751444697380066, -1.0290992259979248, 0.15541057288646698, 0.5351647734642029, 0.11349838972091675, -1.117927074432373, 1.1082338094711304, -0.02189001441001892, 0.6585308909416199, 1.2342395782470703, -1.300271987915039, -0.0845058336853981, 1.0, 1.0, 1.0, 1.0, 1.0, 1.0, 0.0, 1.0, 1.0, 1.0, 1.0, 1.0]"
106,4.3310748878866434e-05,0.0,322.351318359375,0.0,0.0,0.0,0.0,0.0,0.0,4.070599243277684e-05,0.0,302.9647521972656,0.7012939453125,0.04555473104119301,0.02550606057047844,-0.2848491370677948,-0.44382017850875854,0.3279297947883606,0.30436816811561584,0.9108549356460571,-0.8600747585296631,1.1613184213638306,-0.8722529411315918,-0.8308030366897583,1.271303653717041,-1.2806295156478882,0.9577992558479309,"[0.7012939453125, 0.04555473104119301, 0.02550606057047844, 0.33493414521217346, -0.18287378549575806, -0.03284924477338791, -0.0070565384812653065, -0.012579625472426414, -0.9998957514762878, 0.699999988079071, 0.0, 0.0, -0.2848491370677948, -0.44382017850875854, 0.3279297947883606, 0.30436816811561584, 0.510854959487915, -0.4600747525691986, -5.960464477539062e-07, -0.4722529351711273, -0.030803024768829346, 0.47130364179611206, -0.48062950372695923, 0.15779924392700195, -0.3465431332588196, -1.7631632089614868, -3.13149356842041, -0.365165114402771, 0.2034314125776291, -2.4471595287323, -0.0011826073750853539, 0.5408052206039429, 1.7521861791610718, 2.5687365531921387, -4.237733840942383, 1.2804378271102905, -0.27322182059288025, -0.9473434686660767, -0.10214914381504059, 0.6574276685714722, -0.01749110221862793, -1.1979559659957886, 1.1016889810562134, 0.05671119689941406, 0.732559084892273, 1.248539686203003, -1.6002525091171265, -0.12846598029136658, 1.0, 1.0, 1.0, 1.0, 1.0, 1.0, 0.0, 1.0, 1.0, 1.0, 1.0, 1.0]"
107,4.6325971197802573e-05,0.0,344.7928771972656,0.0,0.0,0.0,0.0,0.0,0.0,4.3100208131363615e-05,0.0,320.7843322753906,0.7238447666168213,0.03382662683725357,0.06671176105737686,-0.2902887463569641,-0.4761792719364166,0.2570387125015259,0.2976190447807312,0.9108781218528748,-0.8989834189414978,1.1613179445266724,-0.8535887598991394,-0.7889912128448486,1.311265230178833,-1.3773587942123413,0.9740623831748962,"[0.7238447666168213, 0.03382662683725357, 0.06671176105737686, 0.22044247388839722, -0.2007169872522354, -0.03571665287017822, -0.011038067750632763, -0.018323548138141632, -0.9997716546058655, 0.699999988079071, 0.0, 0.0, -0.2902887463569641, -0.4761792719364166, 0.2570387125015259, 0.2976190447807312, 0.5108780860900879, -0.4989834129810333, -1.0728836059570312e-06, -0.4535887539386749, 0.011008799076080322, 0.511265218257904, -0.5773587822914124, 0.17406237125396729, -0.2063712775707245, -1.4314249753952026, -3.7526004314422607, -0.25068703293800354, -0.029223620891571045, -1.6323060989379883, -0.0016954950988292694, 0.8257526755332947, 2.1530590057373047, 1.46487295627594, -5.042142868041992, 0.9600688219070435, -0.3084309995174408, -1.00298273563385, -0.33804038166999817, 0.666079044342041, -0.22852718830108643, -1.2108761072158813, 1.1270041465759277, 0.08737808465957642, 0.7797205448150635, 1.1318025588989258, -1.8403117656707764, -0.23444122076034546, 1.0, 1.0, 1.0, 1.0, 1.0, 1.0, 0.0, 1.0, 1.0, 1.0, 1.0, 1.0]"
108,5.0478924094932154e-05,0.0,375.7022705078125,0.0,0.0,0.0,0.0,0.0,0.0,4.6476863644784316e-05,0.0,345.9159240722656,0.7485723495483398,0.018646810203790665,0.12717635929584503,-0.2926066219806671,-0.49819642305374146,0.1736760437488556,0.29306313395500183,0.9052205085754395,-0.9221696257591248,1.1613174676895142,-0.8277456760406494,-0.7385416030883789,1.3135638236999512,-1.4806917905807495,0.9806568026542664,"[0.7485723495483398, 0.018646810203790665, 0.12717635929584503, 0.14140452444553375, -0.16392061114311218, -0.019928663969039917, -0.014745080843567848, -0.0217102263122797, -0.9996556043624878, 0.699999988079071, 0.0, 0.0, -0.2926066219806671, -0.49819642305374146, 0.1736760437488556, 0.29306313395500183, 0.5052205324172974, -0.5221695899963379, -1.5497207641601562e-06, -0.42774567008018494, 0.06145840883255005, 0.5135638117790222, -0.6806917786598206, 0.1806567907333374, -0.08977791666984558, -0.8878358602523804, -4.413449287414551, -0.1755187064409256, -0.3606283366680145, -0.8604345321655273, -0.0023111822083592415, 1.1893404722213745, 2.621218681335449, -1.1189061403274536, -5.178266525268555, 0.4343353807926178, -0.3406718671321869, -0.9988125562667847, -0.5732988119125366, 0.7662668228149414, -0.5155702233314514, -1.234808325767517, 1.1458584070205688, 0.2382563352584839, 0.9174675941467285, 0.8249151706695557, -1.980940580368042, -0.3638260066509247, 1.0, 1.0, 1.0, 1.0, 1.0, 1.0, 0.0, 1.0, 1.0, 1.0, 1.0, 1.0]"
109,5.262816193862818e-05,0.0,391.69854736328125,0.0,0.0,0.0,0.0,0.0,0.0,4.675155287259258e-05,0.0,347.96038818359375,0.7757056951522827,-0.0008666838402859867,0.20466966927051544,-0.2924201786518097,-0.510296106338501,0.0790741816163063,0.2899913489818573,0.8914506435394287,-0.9323883056640625,1.1613163948059082,-0.7934485673904419,-0.6766716837882996,1.261572241783142,-1.5722798109054565,0.974631130695343,"[0.7757056951522827, -0.0008666838402859867, 0.20466966927051544, 0.03967341408133507, -0.1270047128200531, 0.01228686049580574, -0.017621193081140518, -0.023498041555285454, -0.9995689392089844, 0.699999988079071, 0.0, 0.0, -0.2924201786518097, -0.510296106338501, 0.0790741816163063, 0.2899913489818573, 0.49145063757896423, -0.5323883295059204, -2.6226043701171875e-06, -0.3934485614299774, 0.1233283281326294, 0.46157222986221313, -0.7722797989845276, 0.17463111877441406, 0.04458902031183243, -0.4190652668476105, -4.869905471801758, -0.06263244152069092, -0.8215686082839966, -0.24983777105808258, -0.007758693303912878, 1.5745400190353394, 3.2766225337982178, -3.8882083892822266, -4.1442975997924805, -0.13841919600963593, -0.27268972992897034, -1.0848073959350586, -0.8068825006484985, 0.8550517559051514, -0.7928184866905212, -1.1403228044509888, 1.1717865467071533, 0.4719686210155487, 1.0648068189620972, 0.3684799373149872, -2.049962043762207, -0.5672116279602051, 1.0, 1.0, 1.0, 1.0, 1.0, 1.0, 0.0, 1.0, 1.0, 1.0, 1.0, 1.0]"
110,5.131225771037862e-05,0.0,381.9045715332031,0.0,0.0,0.0,0.0,0.0,0.0,4.633374555851333e-05,0.0,344.85076904296875,0.8110201358795166,-0.02498609945178032,0.28970077633857727,-0.28825119137763977,-0.5156793594360352,-0.02074243314564228,0.28985685110092163,0.8674404621124268,-0.9294392466545105,1.1613155603408813,-0.749504029750824,-0.5989647507667542,1.1645855903625488,-1.6370790004730225,0.9548165798187256,"[0.8110201358795166, -0.02498609945178032, 0.28970077633857727, -0.14524079859256744, -0.1251734346151352, 0.04922996088862419, -0.02022669091820717, -0.02239607460796833, -0.9995445609092712, 0.699999988079071, 0.0, 0.0, -0.28825119137763977, -0.5156793594360352, -0.02074243314564228, 0.28985685110092163, 0.4674404561519623, -0.5294392108917236, -3.4570693969726562e-06, -0.3495040237903595, 0.2010352611541748, 0.3645855784416199, -0.8370789885520935, 0.15481656789779663, 0.26473215222358704, -0.10074968636035919, -5.007820129394531, 0.1389514058828354, -1.3812434673309326, 0.5126141905784607, -0.008373631164431572, 2.0295045375823975, 4.193353176116943, -5.679527282714844, -2.4998111724853516, -0.7690731287002563, -0.2797098457813263, -1.0260478258132935, -0.9440385699272156, 0.8750334978103638, -0.9267350435256958, -0.8564006090164185, 1.0399956703186035, 0.663461446762085, 1.1162320375442505, -0.2530815303325653, -1.9650449752807617, -0.7446882724761963, 1.0, 1.0, 1.0, 1.0, 1.0, 1.0, 0.0, 1.0, 1.0, 1.0, 1.0, 1.0]"
111,2.1184454453759827e-05,0.0,157.67071533203125,0.0,0.0,0.0,0.0,0.0,0.0,3.883115641656332e-05,0.0,289.0107727050781,0.8557097911834717,-0.05387955158948898,0.3337484896183014,-0.2794947624206543,-0.5077074766159058,-0.12133461236953735,0.29407575726509094,0.832574188709259,-0.9018769860267639,1.1613185405731201,-0.6962336897850037,-0.5035998821258545,1.0418379306793213,-1.6586815118789673,0.9214063882827759,"[0.8557097911834717, -0.05387955158948898, 0.3337484896183014, -0.37084829807281494, -0.04353245347738266, 0.10894656181335449, -0.022528478875756264, -0.017377905547618866, -0.9995955228805542, 0.699999988079071, 0.0, 0.0, -0.2794947624206543, -0.5077074766159058, -0.12133461236953735, 0.29407575726509094, 0.43257418274879456, -0.501876950263977, -4.76837158203125e-07, -0.2962336838245392, 0.29640012979507446, 0.24183791875839233, -0.8586814999580383, 0.12140637636184692, 0.5580066442489624, 1.034500241279602, -4.933661937713623, 0.37334632873535156, -1.8175922632217407, 2.118852376937866, 0.00015118904411792755, 2.51542067527771, 4.806323051452637, -6.842180252075195, 0.1052974984049797, -1.5764377117156982, -1.5902230739593506, -0.44150087237358093, -0.6749391555786133, 0.4429258108139038, -0.6382213830947876, -0.0016020238399505615, 0.3942851126194, 0.40725788474082947, -0.22013898193836212, -1.1899800300598145, -1.5942723751068115, -0.5547736287117004, 1.0, 1.0, 1.0, 1.0, 1.0, 1.0, 0.0, 1.0, 1.0, 1.0, 1.0, 1.0]"
112,0.0,0.0,0.0,0.0,0.0,0.0,0.0,0.0,0.0,1.0452726201037876e-05,0.0,77.79708862304688,0.8901780843734741,-0.03707366809248924,0.2615908980369568,-0.29847273230552673,-0.4627729654312134,-0.2095644176006317,0.3002040982246399,0.8122763633728027,-0.8285871744155884,1.1613190174102783,-0.6408481597900391,-0.5907426476478577,0.8917259573936462,-1.6370112895965576,0.8781560063362122,"[0.8901780843734741, -0.03707366809248924, 0.2615908980369568, 0.0326639860868454, 0.13683849573135376, 0.19515694677829742, -0.020211489871144295, -0.010712375864386559, -0.9997385144233704, 0.699999988079071, 0.0, 0.0, -0.29847273230552673, -0.4627729654312134, -0.2095644176006317, 0.3002040982246399, 0.41227635741233826, -0.4285871684551239, 0.0, -0.24084815382957458, 0.2092573642730713, 0.09172594547271729, -0.8370112776756287, 0.0781559944152832, -2.675306558609009, 2.6068007946014404, -4.141475200653076, -0.03211488574743271, -1.0951939821243286, 4.664815425872803, 1.2956656064488925e-05, 2.522780656814575, -7.499172687530518, -7.499190807342529, 0.8415400385856628, -1.7135814428329468, -2.6415388584136963, -0.016037795692682266, -0.27679768204689026, -0.9837791919708252, 0.5855305790901184, 0.37151774764060974, 0.17211565375328064, -0.8403154611587524, -3.140763998031616, -0.8316705226898193, -1.7100818157196045, 0.3191663920879364, 1.0, 1.0, 1.0, 1.0, 1.0, 1.0, 0.0, 1.0, 1.0, 1.0, 1.0, 1.0]"
113,0.0,0.0,0.0,9.290488378610462e-05,0.0,691.4683227539062,0.0,0.0,0.0,0.0,0.0,0.0,0.8414774537086487,0.06685352325439453,0.16847282648086548,-0.41404372453689575,-0.4346013367176056,-0.27080559730529785,0.251035213470459,0.7785011529922485,-0.7314208745956421,1.1613194942474365,-0.6066062450408936,-0.7363017201423645,0.7795532941818237,-1.6280136108398438,0.8963977694511414,"[0.8414774537086487, 0.06685352325439453, 0.16847282648086548, 1.3959122896194458, 0.11536373943090439, 0.17695912718772888, -0.020236166194081306, -0.02965770661830902, -0.9993552565574646, 0.699999988079071, 0.0, 0.0, -0.41404372453689575, -0.4346013367176056, -0.27080559730529785, 0.251035213470459, 0.37850114703178406, -0.3314208686351776, 4.76837158203125e-07, -0.20660623908042908, 0.06369829177856445, -0.020446717739105225, -0.8280135989189148, 0.0963977575302124, -6.948014736175537, -1.2828094959259033, -2.0461435317993164, -3.6270241737365723, -2.2688841819763184, 1.7050708532333374, 0.02359957806766033, 0.949894905090332, -7.4394755363464355, -0.38589417934417725, 1.0553951263427734, 2.45615553855896, -1.185417652130127, -0.13446488976478577, 0.29734572768211365, -0.6336077451705933, -0.3909890651702881, 0.006598681211471558, 0.8769402503967285, -0.8025315999984741, -1.2320233583450317, -0.8540575504302979, -1.279166340827942, 0.19919168949127197, 1.0, 1.0, 1.0, 1.0, 1.0, 1.0, 0.0, 1.0, 1.0, 1.0, 1.0, 1.0]"
114,0.0,0.0,0.0,4.179950701654889e-05,0.0,311.103515625,0.0,0.0,0.0,0.0,0.0,0.0,0.8049803376197815,0.007050872780382633,0.14680218696594238,-0.5118821263313293,-0.4393391013145447,-0.22740180790424347,0.1822511851787567,0.7026916146278381,-0.6928650736808777,1.161320447921753,-0.5968708992004395,-0.8438100218772888,0.7541525363922119,-1.5835120677947998,0.9029102921485901,"[0.8049803376197815, 0.007050872780382633, 0.14680218696594238, -0.014698748476803303, 0.37238308787345886, 0.0987841933965683, -0.015166811645030975, -0.03926723822951317, -0.9991137385368347, 0.699999988079071, 0.0, 0.0, -0.5118821263313293, -0.4393391013145447, -0.22740180790424347, 0.1822511851787567, 0.30269160866737366, -0.2928650677204132, 1.430511474609375e-06, -0.19687089323997498, -0.04381000995635986, -0.04584747552871704, -0.7835120558738708, 0.10291028022766113, -3.0648934841156006, 0.21564996242523193, 4.2871623039245605, -3.1823339462280273, -5.205384254455566, 1.6788702011108398, 0.008835854008793831, 0.1946592479944229, -1.310187816619873, -1.156254768371582, 1.501873254776001, -1.118983507156372, -0.3837190568447113, -0.23517635464668274, -0.10863251984119415, -0.07522764801979065, -0.32971179485321045, 0.3367324769496918, 1.3520642518997192, -0.8151485919952393, 0.40269261598587036, -0.632632851600647, -1.6365967988967896, -0.062145598232746124, 1.0, 1.0, 1.0, 1.0, 1.0, 1.0, 0.0, 1.0, 1.0, 1.0, 1.0, 1.0]"
115,0.0,0.0,0.0,2.0625231627491303e-05,0.0,153.50856018066406,0.0,0.0,0.0,0.0,0.0,0.0,0.778777539730072,-0.08080069720745087,0.030731262639164925,-0.5192464590072632,-0.4262823462486267,-0.12857505679130554,0.12985964119434357,0.5655302405357361,-0.6634914875030518,1.1613198518753052,-0.6063137650489807,-0.7640301585197449,0.7281850576400757,-1.598968744277954,0.8630029559135437,"[0.778777539730072, -0.08080069720745087, 0.030731262639164925, -0.6969643831253052, 0.8085065484046936, -0.02143291011452675, -0.002555543789640069, -0.030729709193110466, -0.9995245933532715, 0.699999988079071, 0.0, 0.0, -0.5192464590072632, -0.4262823462486267, -0.12857505679130554, 0.12985964119434357, 0.1655302345752716, -0.2634914815425873, 8.344650268554688e-07, -0.20631375908851624, 0.03596985340118408, -0.07181495428085327, -0.7989687323570251, 0.06300294399261475, 0.9716755747795105, 0.9035082459449768, 4.729438304901123, -2.146148920059204, -7.225921154022217, 1.0974302291870117, 0.005794295575469732, -0.7275457382202148, 3.8209924697875977, -0.9908221960067749, -1.9188493490219116, -3.078585624694824, 0.26792535185813904, -0.34172138571739197, -0.4013270437717438, 0.14398708939552307, -0.636702835559845, -0.3653183579444885, 1.2777825593948364, -0.5766807794570923, 0.9788682460784912, -0.4152302145957947, -1.9728825092315674, -0.271186888217926, 1.0, 1.0, 1.0, 1.0, 1.0, 1.0, 0.0, 1.0, 1.0, 1.0, 1.0, 1.0]"
116,0.0001327239879174158,0.0,987.8321533203125,5.200178776476605e-08,0.0,0.3870365619659424,0.0,0.0,0.0,0.0,0.0,0.0,0.8246554732322693,-0.09787996858358383,-0.04585355520248413,-0.4865149259567261,-0.4062236249446869,-0.07011637091636658,0.10273846238851547,0.47808220982551575,-0.6497055888175964,1.1613373756408691,-0.6178141236305237,-0.7069147229194641,0.7180923223495483,-1.645201325416565,0.7898406982421875,"[0.8246554732322693, -0.09787996858358383, -0.04585355520248413, -0.2929666042327881, 0.4549930989742279, -0.09436896443367004, 0.013898944482207298, -0.01379356998950243, -0.9998081922531128, 0.699999988079071, 0.0, 0.0, -0.4865149259567261, -0.4062236249446869, -0.07011637091636658, 0.10273846238851547, 0.07808220386505127, -0.24970558285713196, 1.8358230590820312e-05, -0.2178141176700592, 0.09308528900146484, -0.08190768957138062, -0.845201313495636, -0.010159313678741455, 0.015554532408714294, 0.3017977178096771, 0.6888049840927124, -1.211755394935608, 3.4192471504211426, 0.7095290422439575, -0.002714520785957575, 0.04094971343874931, -4.452291488647461, -0.231244295835495, -1.3343149423599243, -2.448354482650757, 0.03867819905281067, -0.48904499411582947, -0.29797714948654175, 0.2835690677165985, -0.5394201874732971, -0.4706078767776489, 1.2214360237121582, -0.2770647704601288, 1.1908432245254517, -0.2507820725440979, -1.998549222946167, -0.5701879262924194, 1.0, 1.0, 1.0, 1.0, 1.0, 1.0, 0.0, 1.0, 1.0, 1.0, 1.0, 1.0]"
117,1.9114901078864932e-05,0.0,142.2675323486328,0.0,0.0,0.0,0.0,0.0,0.0,0.0,0.0,0.0,0.754988968372345,-0.12481129169464111,-0.07656188309192657,-0.4822539985179901,-0.3907865881919861,-0.05317835882306099,0.08918480575084686,0.5460959672927856,-0.640149712562561,1.1613192558288574,-0.5969791412353516,-0.7828237414360046,0.7377217411994934,-1.7053768634796143,0.6779152750968933,"[0.754988968372345, -0.12481129169464111, -0.07656188309192657, -0.6975748538970947, -0.03780698776245117, 0.068644680082798, 0.016528019681572914, -0.004098380915820599, -0.9998550415039062, 0.699999988079071, 0.0, 0.0, -0.4822539985179901, -0.3907865881919861, -0.05317835882306099, 0.08918480575084686, 0.14609596133232117, -0.24014970660209656, 2.384185791015625e-07, -0.19697913527488708, 0.017176270484924316, -0.06227827072143555, -0.9053768515586853, -0.12208473682403564, 0.7689747214317322, 1.1217180490493774, 1.1632847785949707, -0.28767213225364685, 1.332077145576477, 0.1645364612340927, 0.003456537611782551, 1.5746108293533325, -0.33283036947250366, 1.9229198694229126, -2.883976459503174, -6.267976760864258, -0.17765578627586365, -0.6368542313575745, -0.11003117263317108, -0.14046895503997803, -0.3367547392845154, -0.6085957288742065, 1.2517460584640503, 0.37098559737205505, 1.0352060794830322, 0.300491601228714, -1.9485526084899902, -0.7148736119270325, 1.0, 1.0, 1.0, 1.0, 1.0, 1.0, 0.0, 1.0, 1.0, 1.0, 1.0, 1.0]"
118,4.506860568653792e-05,0.0,335.43463134765625,0.0,0.0,0.0,0.0,0.0,0.0,7.309048669412732e-05,0.0,543.9945678710938,0.6997092366218567,-0.11269085854291916,-0.05743400752544403,-0.47134655714035034,-0.3762475252151489,-0.03279038891196251,0.08217385411262512,0.5788701176643372,-0.6412474513053894,1.1613223552703857,-0.5637878775596619,-0.7849615812301636,0.8013283610343933,-1.7319984436035156,0.6372795701026917,"[0.6997092366218567, -0.11269085854291916, -0.05743400752544403, -0.5202537178993225, -0.40123647451400757, 0.05642801523208618, 0.008959721773862839, 0.0042479378171265125, -0.9999508261680603, 0.699999988079071, 0.0, 0.0, -0.47134655714035034, -0.3762475252151489, -0.03279038891196251, 0.08217385411262512, 0.17887011170387268, -0.24124744534492493, 3.337860107421875e-06, -0.1637878715991974, 0.01503843069076538, 0.0013283491134643555, -0.9319984316825867, -0.1627204418182373, 0.6637502312660217, 0.5952426791191101, 1.4577205181121826, 1.0786279439926147, 1.6337392330169678, -0.2761194705963135, -0.0002485205768607557, -0.14556381106376648, -0.04748576879501343, 3.721332311630249, -1.8095606565475464, 3.0057363510131836, -0.5829556584358215, -0.7220200896263123, -0.23966579139232635, -0.00926920771598816, -0.19064784049987793, -0.789267361164093, 1.4119404554367065, 0.6371937990188599, 1.2270774841308594, 0.5391151309013367, -2.1370491981506348, -0.8368955254554749, 1.0, 1.0, 1.0, 1.0, 1.0, 1.0, 0.0, 1.0, 1.0, 1.0, 1.0, 1.0]"
119,4.289805292501114e-05,0.0,319.27972412109375,0.0,0.0,0.0,0.0,0.0,0.0,5.41723748028744e-05,0.0,403.1917724609375,0.6957931518554688,-0.034317146986722946,-0.0012113121338188648,-0.4649294316768646,-0.3805240988731384,-0.01901370659470558,0.08892872184515,0.6033051013946533,-0.6521031260490417,1.1613216400146484,-0.5499855875968933,-0.7746562957763672,0.8820736408233643,-1.7826497554779053,0.6646906733512878,"[0.6957931518554688, -0.034317146986722946, -0.0012113121338188648, -0.04881966859102249, -0.3201323449611664, 0.023811012506484985, 0.0014872299507260323, 0.007899901829659939, -0.9999675154685974, 0.699999988079071, 0.0, 0.0, -0.4649294316768646, -0.3805240988731384, -0.01901370659470558, 0.08892872184515, 0.20330509543418884, -0.25210312008857727, 2.6226043701171875e-06, -0.14998558163642883, 0.025343716144561768, 0.0820736289024353, -0.9826497435569763, -0.1353093385696411, 0.13740041851997375, -0.5863222479820251, 0.22692567110061646, 0.23587535321712494, 1.2312116622924805, -0.7065126299858093, -0.0007489377167075872, 0.5219277739524841, 0.4806387424468994, 3.8403868675231934, -3.01653790473938, 1.6909898519515991, -0.5064464211463928, -0.6605563163757324, -0.3800147473812103, 0.04594208300113678, -0.39085257053375244, -1.015181064605713, 1.4688514471054077, 0.4231952130794525, 1.2323321104049683, 0.5117992162704468, -2.4774694442749023, -0.5249524712562561, 1.0, 1.0, 1.0, 1.0, 1.0, 1.0, 0.0, 1.0, 1.0, 1.0, 1.0, 1.0]"
120,4.478602932067588e-05,0.0,333.3314514160156,0.0,0.0,0.0,0.0,0.0,0.0,3.5323195334058255e-05,0.0,262.90191650390625,0.6824640035629272,0.010274340398609638,0.022031139582395554,-0.46544313430786133,-0.3948383331298828,-0.03088335134088993,0.08827666193246841,0.6195627450942993,-0.6729915142059326,1.1613224744796753,-0.5308113098144531,-0.7539328336715698,0.94242262840271,-1.8588923215866089,0.6814576387405396,"[0.6824640035629272, 0.010274340398609638, 0.022031139582395554, 0.11068790405988693, -0.3373163342475891, 0.07593490183353424, -0.004848632030189037, 0.005898060742765665, -0.9999707937240601, 0.699999988079071, 0.0, 0.0, -0.46544313430786133, -0.3948383331298828, -0.03088335134088993, 0.08827666193246841, 0.21956273913383484, -0.27299150824546814, 3.4570693969726562e-06, -0.13081130385398865, 0.04606717824935913, 0.142422616481781, -1.0588922500610352, -0.1185423731803894, -0.07425028830766678, -0.6444101333618164, -0.88899827003479, -0.03267428278923035, 0.935089647769928, -1.2246809005737305, -0.0008744439692236483, 0.7901195287704468, 0.9550784826278687, 2.5296874046325684, -4.34714412689209, 1.1498171091079712, -0.44987818598747253, -0.649379312992096, -0.46221688389778137, 0.043816953897476196, -0.45075803995132446, -0.9287718534469604, 1.5360770225524902, 0.4572696387767792, 1.205655574798584, 0.5577231049537659, -2.7135589122772217, -0.6655447483062744, 1.0, 1.0, 1.0, 1.0, 1.0, 1.0, 0.0, 1.0, 1.0, 1.0, 1.0, 1.0]"
121,4.5740132918581367e-05,0.0,340.4326171875,0.0,0.0,0.0,0.0,0.0,0.0,3.567275416571647e-05,0.0,265.50360107421875,0.6694600582122803,0.036486562341451645,0.04037542641162872,-0.46607184410095215,-0.4018469452857971,-0.05703829601407051,0.08831371366977692,0.6308001279830933,-0.7012118101119995,1.1613231897354126,-0.5084964632987976,-0.7238304018974304,0.9808209538459778,-1.9499021768569946,0.6960605382919312,"[0.6694600582122803, 0.036486562341451645, 0.04037542641162872, 0.03842676058411598, -0.4323268234729767, 0.12576958537101746, -0.012809371575713158, 0.0048086633905768394, -0.9999067783355713, 0.699999988079071, 0.0, 0.0, -0.46607184410095215, -0.4018469452857971, -0.05703829601407051, 0.08831371366977692, 0.23080012202262878, -0.30121180415153503, 4.172325134277344e-06, -0.10849645733833313, 0.07616961002349854, 0.18082094192504883, -1.149902105331421, -0.1039394736289978, -0.025267798453569412, -0.23834137618541718, -1.544863224029541, 0.03158757835626602, 0.684725284576416, -1.437437653541565, -0.001045311102643609, 0.9816116690635681, 1.4639983177185059, 1.4745488166809082, -4.587494373321533, 1.005053162574768, -0.4574865996837616, -0.7151980400085449, -0.5693161487579346, 0.017632856965065002, -0.5468449592590332, -0.9514865875244141, 1.6586929559707642, 0.5046625137329102, 1.243792176246643, 0.5207356214523315, -2.873552083969116, -0.7183564901351929, 1.0, 1.0, 1.0, 1.0, 1.0, 1.0, 0.0, 1.0, 1.0, 1.0, 1.0, 1.0]"
122,4.5726173993898556e-05,0.0,340.3287353515625,0.0,0.0,0.0,0.0,0.0,0.0,4.1439176129642874e-05,0.0,308.4216613769531,0.6696319580078125,0.07449392974376678,0.08120300620794296,-0.4673265516757965,-0.4062129259109497,-0.09786611795425415,0.08749105036258698,0.635628879070282,-0.7288995385169983,1.1613234281539917,-0.48160943388938904,-0.6825586557388306,0.9962524175643921,-2.0371882915496826,0.7051258683204651,"[0.6696319580078125, 0.07449392974376678, 0.08120300620794296, 0.07096604257822037, -0.45522457361221313, 0.12827928364276886, -0.021816039457917213, 0.003637294750660658, -0.9997552633285522, 0.699999988079071, 0.0, 0.0, -0.4673265516757965, -0.4062129259109497, -0.09786611795425415, 0.08749105036258698, 0.2356288731098175, -0.3288995325565338, 4.410743713378906e-06, -0.08160942792892456, 0.11744135618209839, 0.19625240564346313, -1.2371883392333984, -0.09487414360046387, -0.07163699716329575, -0.21854108572006226, -2.2603867053985596, -0.05351746454834938, 0.32163679599761963, -1.2537471055984497, -0.001226181397214532, 1.236328125, 2.0595526695251465, 0.08734949678182602, -4.151104927062988, 0.6413233876228333, -0.46387121081352234, -0.708428680896759, -0.6886089444160461, 0.010841935873031616, -0.6539053916931152, -0.8848220109939575, 1.771705985069275, 0.6072783470153809, 1.3586970567703247, 0.368106871843338, -2.962435483932495, -0.824587881565094, 1.0, 1.0, 1.0, 1.0, 1.0, 1.0, 0.0, 1.0, 1.0, 1.0, 1.0, 1.0]"
123,4.6053199184825644e-05,0.0,342.7626953125,0.0,0.0,0.0,0.0,0.0,0.0,4.081594306626357e-05,0.0,303.7830810546875,0.6828762888908386,0.11187964677810669,0.1413879245519638,-0.46850302815437317,-0.4076547622680664,-0.14819680154323578,0.08569919317960739,0.632548451423645,-0.7474328875541687,1.1613240242004395,-0.44739869236946106,-0.6287493705749512,0.9761137366294861,-2.1042375564575195,0.7023651003837585,"[0.6828762888908386, 0.11187964677810669, 0.1413879245519638, 0.005389309488236904, -0.45596539974212646, 0.12392689287662506, -0.030833540484309196, 0.0029311496764421463, -0.999520480632782, 0.699999988079071, 0.0, 0.0, -0.46850302815437317, -0.4076547622680664, -0.14819680154323578, 0.08569919317960739, 0.23254844546318054, -0.3474328815937042, 5.0067901611328125e-06, -0.04739868640899658, 0.17125064134597778, 0.17611372470855713, -1.3042376041412354, -0.09763491153717041, -0.018695229664444923, 0.10573366284370422, -2.5693182945251465, -0.06578805297613144, -0.09114271402359009, -0.5763168931007385, -0.0015221827197819948, 1.6591483354568481, 2.7302610874176025, -2.0655572414398193, -2.623187303543091, -0.064382404088974, -0.5107938647270203, -0.6081759929656982, -0.7581616640090942, 0.057307302951812744, -0.8270622491836548, -0.6885008811950684, 1.7732958793640137, 0.569010853767395, 1.5336699485778809, 0.09843992441892624, -2.8818013668060303, -0.874346911907196, 1.0, 1.0, 1.0, 1.0, 1.0, 1.0, 0.0, 1.0, 1.0, 1.0, 1.0, 1.0]"
124,4.569555676425807e-05,0.0,340.1008605957031,0.0,0.0,0.0,0.0,0.0,0.0,2.7322437745169736e-05,0.0,203.35421752929688,0.6979920864105225,0.13452185690402985,0.1961098462343216,-0.46767091751098633,-0.39454150199890137,-0.19911761581897736,0.08502118289470673,0.6200615763664246,-0.74306720495224,1.1613279581069946,-0.4054153263568878,-0.5585033893585205,0.9056969285011292,-2.125053882598877,0.6882314682006836,"[0.6979920864105225, 0.13452185690402985, 0.1961098462343216, -0.09126660227775574, -0.5401906371116638, 0.14450234174728394, -0.040602222084999084, 0.004393237177282572, -0.999165415763855, 0.699999988079071, 0.0, 0.0, -0.46767091751098633, -0.39454150199890137, -0.19911761581897736, 0.08502118289470673, 0.22006157040596008, -0.3430671989917755, 8.940696716308594e-06, -0.00541532039642334, 0.24149662256240845, 0.1056969165802002, -1.3250539302825928, -0.11176854372024536, 0.08518841117620468, 1.114398717880249, -2.4396822452545166, -0.0035740137100219727, -0.6049151420593262, 0.9857103228569031, -0.0024580289609730244, 2.1085989475250244, 3.704536199569702, -5.168516159057617, 0.44179627299308777, -0.6729422807693481, -0.6332663893699646, -0.4346577525138855, -0.677190363407135, 0.3036069869995117, -1.0448755025863647, -0.057694047689437866, 1.656571626663208, 0.20068368315696716, 1.6549266576766968, -0.5512519478797913, -2.478584051132202, -0.7430567741394043, 1.0, 1.0, 1.0, 1.0, 1.0, 1.0, 0.0, 1.0, 1.0, 1.0, 1.0, 1.0]"
125,4.1678886191220954e-05,0.0,310.2057800292969,4.231286948197521e-05,0.0,314.9243469238281,0.0,0.0,0.0,2.359924877737285e-07,0.0,1.7564343214035034,0.6713725924491882,0.16282139718532562,0.21072424948215485,-0.46528705954551697,-0.3644712269306183,-0.23626582324504852,0.08697991818189621,0.5954257249832153,-0.700195848941803,1.1612273454666138,-0.3633502423763275,-0.4630089998245239,0.8117921352386475,-2.0758540630340576,0.6774669885635376,"[0.6713725924491882, 0.16282139718532562, 0.21072424948215485, 0.18011578917503357, -0.708611249923706, 0.1672077775001526, -0.05411549657583237, 0.007082452066242695, -0.9985097646713257, 0.699999988079071, 0.0, 0.0, -0.46528705954551697, -0.3644712269306183, -0.23626582324504852, 0.08697991818189621, 0.19542571902275085, -0.3001958429813385, -9.167194366455078e-05, 0.03664976358413696, 0.33699101209640503, 0.011792123317718506, -1.2758541107177734, -0.12253302335739136, -0.2433624267578125, -1.0549733638763428, -1.896513819694519, -0.0591055303812027, -1.4183752536773682, 1.4929002523422241, -0.08004051446914673, 1.676905870437622, 5.076050758361816, 1.0423097610473633, 3.8479456901550293, -0.4675990343093872, -0.7880995869636536, -0.2598211467266083, -0.3697722554206848, 0.29309770464897156, -0.9534262418746948, 0.8595787286758423, 1.5919934511184692, -1.1019043922424316, 0.8069998025894165, -1.1960415840148926, -1.8928282260894775, 0.17963114380836487, 1.0, 1.0, 1.0, 1.0, 1.0, 1.0, 0.0, 1.0, 1.0, 1.0, 1.0, 1.0]"
126,0.0,0.0,0.0,5.041691838414408e-05,0.0,375.2408142089844,0.0,0.0,0.0,0.0,0.0,0.0,0.6228682994842529,0.11116923391819,0.16823546588420868,-0.464473158121109,-0.3710242807865143,-0.24936611950397491,0.10447940230369568,0.5608107447624207,-0.6678193211555481,1.1613190174102783,-0.37677645683288574,-0.5099607110023499,0.811140775680542,-1.9790228605270386,0.7558761239051819,"[0.6228682994842529, 0.11116923391819, 0.16823546588420868, 0.27170655131340027, -0.19661764800548553, 0.09956345707178116, -0.06261145323514938, 0.0048821414820849895, -0.9980260729789734, 0.699999988079071, 0.0, 0.0, -0.464473158121109, -0.3710242807865143, -0.24936611950397491, 0.10447940230369568, 0.16081073880195618, -0.2678193151950836, 0.0, 0.023223549127578735, 0.2900393009185791, 0.011140763759613037, -1.1790227890014648, -0.04412388801574707, 0.17812298238277435, -0.3164737820625305, -0.39965733885765076, 0.9707891941070557, -2.200458526611328, 1.5064688920974731, 0.009998994879424572, -2.1470398902893066, -6.5131306648254395, -0.4654940366744995, 4.985091209411621, 6.237049579620361, -0.5539655089378357, 0.06578000634908676, -0.6493456363677979, -0.6688898801803589, 0.131697416305542, 1.135208249092102, 1.502550482749939, -1.1365972757339478, -1.1808747053146362, -0.793182909488678, -1.983156442642212, 0.7894125580787659, 1.0, 1.0, 1.0, 1.0, 1.0, 1.0, 0.0, 1.0, 1.0, 1.0, 1.0, 1.0]"
127,0.0,0.0,0.0,5.6126027629943565e-05,0.0,417.7322998046875,0.0,0.0,0.0,0.0,0.0,0.0,0.6242825984954834,0.09271297603845596,0.1115599274635315,-0.45531967282295227,-0.38709864020347595,-0.26307353377342224,0.10020475089550018,0.5017951726913452,-0.630085289478302,1.1613162755966187,-0.44844239950180054,-0.6362580060958862,0.7812515497207642,-1.8987475633621216,0.870388925075531,"[0.6242825984954834, 0.09271297603845596, 0.1115599274635315, 0.8410722613334656, 0.24154824018478394, -0.10257852077484131, -0.060763467103242874, -0.010665935464203358, -0.9980950355529785, 0.699999988079071, 0.0, 0.0, -0.45531967282295227, -0.38709864020347595, -0.26307353377342224, 0.10020475089550018, 0.10179516673088074, -0.23008528351783752, -2.7418136596679688e-06, -0.04844239354133606, 0.16374200582504272, -0.018748462200164795, -1.0987474918365479, 0.07038891315460205, 1.052505373954773, -0.872438907623291, -0.18766865134239197, -0.6854485273361206, -3.393434524536133, 1.6112627983093262, 0.012187727726995945, -4.080881118774414, -4.291711807250977, -1.3619370460510254, 3.3372514247894287, 4.393263816833496, -0.04087892174720764, 0.2559504806995392, -0.11685635149478912, -0.013371407985687256, -0.30622971057891846, 0.9875607490539551, 1.6392782926559448, -0.8613274097442627, 0.3641866445541382, -0.905022382736206, -1.7946090698242188, 0.4086374342441559, 1.0, 1.0, 1.0, 1.0, 1.0, 1.0, 0.0, 1.0, 1.0, 1.0, 1.0, 1.0]"
128,0.0,0.0,0.0,5.003310434403829e-05,0.0,372.3841552734375,0.0,0.0,0.0,0.0,0.0,0.0,0.655028223991394,0.014599871821701527,0.09373282641172409,-0.39193111658096313,-0.38869890570640564,-0.2168230265378952,0.09969448298215866,0.42346683144569397,-0.5966590642929077,1.1613205671310425,-0.5307902693748474,-0.6170154809951782,0.7488860487937927,-1.839564323425293,0.9030128717422485,"[0.655028223991394, 0.014599871821701527, 0.09373282641172409, -0.3699377477169037, 0.5494755506515503, -0.19176068902015686, -0.05255921930074692, -0.011959644965827465, -0.9985462427139282, 0.699999988079071, 0.0, 0.0, -0.39193111658096313, -0.38869890570640564, -0.2168230265378952, 0.09969448298215866, 0.023466825485229492, -0.19665905833244324, 1.5497207641601562e-06, -0.13079026341438293, 0.18298453092575073, -0.05111396312713623, -1.0395643711090088, 0.10301285982131958, 4.303976058959961, 0.3292285203933716, 3.390220880508423, 0.4881088137626648, -4.098267555236816, 1.3179625272750854, 0.014477280899882317, -3.98720121383667, 3.3384487628936768, -1.1876757144927979, 2.801501512527466, -0.232193261384964, 0.2615857422351837, 0.026752378791570663, -0.44917723536491394, 0.28372928500175476, -0.024482369422912598, 0.6509371995925903, 1.5778175592422485, -0.6434009075164795, 1.1603105068206787, -0.8921459317207336, -1.8431198596954346, -0.011148117482662201, 1.0, 1.0, 1.0, 1.0, 1.0, 1.0, 0.0, 1.0, 1.0, 1.0, 1.0, 1.0]"
129,0.0,0.0,0.0,4.1305604099761695e-05,0.0,307.4275207519531,0.0,0.0,0.0,0.0,0.0,0.0,0.7108976244926453,-0.02949874848127365,0.01608375832438469,-0.2864694893360138,-0.3742671310901642,-0.1547056883573532,0.12136345356702805,0.344620943069458,-0.5682415962219238,1.161318063735962,-0.5996537804603577,-0.5168882012367249,0.7125277519226074,-1.7964859008789062,0.8515456318855286,"[0.7108976244926453, -0.02949874848127365, 0.01608375832438469, -0.7067872881889343, 0.9949938654899597, -0.17785531282424927, -0.03618919476866722, 0.0009747534058988094, -0.9993448257446289, 0.699999988079071, 0.0, 0.0, -0.2864694893360138, -0.3742671310901642, -0.1547056883573532, 0.12136345356702805, -0.05537906289100647, -0.16824159026145935, -9.5367431640625e-07, -0.1996537744998932, 0.2831118106842041, -0.08747225999832153, -0.9964858889579773, 0.05154561996459961, 5.588863372802734, 0.778245747089386, 2.6079390048980713, 1.2953338623046875, -3.8696720600128174, 1.2162595987319946, 0.009655828587710857, -2.9510083198547363, 5.863839626312256, -1.6925714015960693, 1.6377778053283691, -4.1554718017578125, 0.0930204689502716, 0.12380754202604294, -0.2630903720855713, 0.2946547567844391, -0.35858142375946045, 0.4052705466747284, 1.4421653747558594, -0.31610095500946045, 1.3230960369110107, -0.7955141067504883, -1.8537240028381348, -0.39127010107040405, 1.0, 1.0, 1.0, 1.0, 1.0, 1.0, 0.0, 1.0, 1.0, 1.0, 1.0, 1.0]"
130,0.0001120824454119429,0.0,834.2022094726562,1.777407123881858e-05,0.0,132.28805541992188,0.0,0.0,0.0,0.0,0.0,0.0,0.7723507285118103,0.007322267163544893,0.1433764547109604,-0.24232104420661926,-0.3691939115524292,-0.11812204867601395,0.1326969712972641,0.3270573019981384,-0.5334194898605347,1.1613396406173706,-0.6322199106216431,-0.49115657806396484,0.6703295111656189,-1.7651867866516113,0.7509714365005493,"[0.7723507285118103, 0.007322267163544893, 0.1433764547109604, 0.6485094428062439, 0.2100241482257843, -0.15466445684432983, -0.021242493763566017, 0.003790831658989191, -0.9997671842575073, 0.699999988079071, 0.0, 0.0, -0.24232104420661926, -0.3691939115524292, -0.11812204867601395, 0.1326969712972641, -0.07294270396232605, -0.1334194839000702, 2.0623207092285156e-05, -0.2322199046611786, 0.3088434338569641, -0.12967050075531006, -0.9651867747306824, -0.04902857542037964, -0.7053192853927612, -0.6553096175193787, 1.6556812524795532, -0.53082674741745, 3.2010388374328613, 2.26595401763916, 0.003726822091266513, -0.5879579782485962, -3.7484145164489746, -1.9773550033569336, 1.64425528049469, -5.34693717956543, 0.01825919933617115, 0.017104532569646835, -0.13428984582424164, 0.20357081294059753, -0.656374454498291, -0.07392153143882751, 1.3842731714248657, 0.007005900144577026, 1.6294705867767334, -0.5751546621322632, -1.8235361576080322, -0.7564733028411865, 1.0, 1.0, 1.0, 1.0, 1.0, 1.0, 0.0, 1.0, 1.0, 1.0, 1.0, 1.0]"
131,5.1543538575060666e-05,0.0,383.6259460449219,0.0,0.0,0.0,0.0,0.0,0.0,0.0,0.0,0.0,0.7150766253471375,-0.053473927080631256,0.09804441034793854,-0.24092644453048706,-0.36155134439468384,-0.059239283204078674,0.1372355818748474,0.34644556045532227,-0.4987636208534241,1.1613273620605469,-0.618675172328949,-0.4840109348297119,0.6595538258552551,-1.7424007654190063,0.6274410486221313,"[0.7150766253471375, -0.053473927080631256, 0.09804441034793854, 0.06504929810762405, -0.27686819434165955, 0.011528996750712395, -0.021935220807790756, 0.0028166479896754026, -0.9997553825378418, 0.699999988079071, 0.0, 0.0, -0.24092644453048706, -0.36155134439468384, -0.059239283204078674, 0.1372355818748474, -0.05355444550514221, -0.0987636148929596, 8.344650268554688e-06, -0.2186751663684845, 0.31598907709121704, -0.14044618606567383, -0.9424007534980774, -0.1725589632987976, 0.0728817880153656, 0.7020690441131592, 2.97012996673584, 0.14770887792110443, 1.0313012599945068, 1.4075710773468018, -0.001952293561771512, 1.3607555627822876, 0.7217631340026855, 1.0638158321380615, 1.3093507289886475, -5.869187831878662, -0.28128907084465027, -0.6078280806541443, -0.22134296596050262, 0.35609012842178345, 0.2916247844696045, -0.6314470767974854, 1.5104676485061646, 0.44871005415916443, 1.340605616569519, 0.26975080370903015, -1.8331177234649658, -0.8905107975006104, 1.0, 1.0, 1.0, 1.0, 1.0, 1.0, 0.0, 1.0, 1.0, 1.0, 1.0, 1.0]"
132,2.393154863966629e-05,0.0,178.11666870117188,0.0,0.0,0.0,0.0,0.0,0.0,7.718245615251362e-05,0.0,574.4501342773438,0.6617271304130554,-0.035171911120414734,-0.025678329169750214,-0.25067824125289917,-0.36202049255371094,-0.03199291601777077,0.12618522346019745,0.35513362288475037,-0.49340882897377014,1.161319613456726,-0.57924485206604,-0.4466048777103424,0.744286298751831,-1.7343288660049438,0.5537574887275696,"[0.6617271304130554, -0.035171911120414734, -0.025678329169750214, 0.7340637445449829, -0.4684979021549225, 0.04999716579914093, -0.0314212404191494, -0.009477303363382816, -0.99946129322052, 0.699999988079071, 0.0, 0.0, -0.25067824125289917, -0.36202049255371094, -0.03199291601777077, 0.12618522346019745, -0.04486638307571411, -0.09340882301330566, 5.960464477539062e-07, -0.17924484610557556, 0.35339513421058655, -0.0557137131690979, -0.9343288540840149, -0.24624252319335938, -0.5925338864326477, -0.41708898544311523, 0.8136100172996521, -0.6540578603744507, 0.26425012946128845, -0.4086107313632965, 0.00036727311089634895, 0.4595857858657837, 2.0601468086242676, 5.06334924697876, -1.106482744216919, 2.0601937770843506, -0.5442152619361877, -0.6178457140922546, -0.33547961711883545, 0.32497867941856384, 0.17533189058303833, -0.8375701904296875, 1.5547910928726196, 0.5854235887527466, 1.5340327024459839, 0.5670455694198608, -2.1519992351531982, -0.8130890130996704, 1.0, 1.0, 1.0, 1.0, 1.0, 1.0, 0.0, 1.0, 1.0, 1.0, 1.0, 1.0]"
133,3.188548726029694e-05,0.0,237.3158721923828,0.0,0.0,0.0,0.0,0.0,0.0,5.407502976595424e-05,0.0,402.4672546386719,0.655223548412323,-0.005486517213284969,-0.024955470114946365,-0.25934720039367676,-0.37339869141578674,-0.022255105897784233,0.1174696832895279,0.36608389019966125,-0.5186588168144226,1.1613208055496216,-0.579855740070343,-0.4188319444656372,0.8410454392433167,-1.7826839685440063,0.5998931527137756,"[0.655223548412323, -0.005486517213284969, -0.024955470114946365, 0.3881268799304962, -0.2941601872444153, 0.011296332813799381, -0.03861831873655319, -0.01995447650551796, -0.9990547299385071, 0.699999988079071, 0.0, 0.0, -0.25934720039367676, -0.37339869141578674, -0.022255105897784233, 0.1174696832895279, -0.03391611576080322, -0.11865881085395813, 1.7881393432617188e-06, -0.17985573410987854, 0.38116806745529175, 0.041045427322387695, -0.9826839566230774, -0.20010685920715332, -0.3303530216217041, -0.6094043254852295, 0.24070680141448975, -0.311362624168396, 0.652615487575531, -1.7109272480010986, 0.0001820672769099474, 0.13695791363716125, 1.1073061227798462, 4.61531400680542, -3.1576027870178223, 1.9129853248596191, -0.45833584666252136, -0.7207817435264587, -0.4958074688911438, 0.4424189031124115, -0.003640294075012207, -0.8844468593597412, 1.6503559350967407, 0.4904728829860687, 1.558604121208191, 0.5141303539276123, -2.5167341232299805, -0.808530330657959, 1.0, 1.0, 1.0, 1.0, 1.0, 1.0, 0.0, 1.0, 1.0, 1.0, 1.0, 1.0]"
134,3.949760503019206e-05,0.0,293.9709777832031,0.0,0.0,0.0,0.0,0.0,0.0,4.610102769220248e-05,0.0,343.1186828613281,0.6532840728759766,0.01913004368543625,0.005350878927856684,-0.26533812284469604,-0.387292742729187,-0.033403292298316956,0.1112816259264946,0.37729284167289734,-0.5618612170219421,1.1613215208053589,-0.5695788264274597,-0.3954318165779114,0.9129160642623901,-1.8668525218963623,0.625906229019165,"[0.6532840728759766, 0.01913004368543625, 0.005350878927856684, 0.2907371520996094, -0.2555702030658722, 0.012298014014959335, -0.04377398639917374, -0.02653319574892521, -0.9986891150474548, 0.699999988079071, 0.0, 0.0, -0.26533812284469604, -0.387292742729187, -0.033403292298316956, 0.1112816259264946, -0.02270716428756714, -0.16186121106147766, 2.5033950805664062e-06, -0.16957882046699524, 0.4045681953430176, 0.11291605234146118, -1.0668525695800781, -0.17409378290176392, -0.2762577533721924, -0.6969853043556213, -0.9730427861213684, -0.26858487725257874, 0.5611891746520996, -2.328678607940674, -0.00010405993089079857, 0.45282700657844543, 1.1921125650405884, 2.6961448192596436, -4.5673322677612305, 1.3198813199996948, -0.4870229661464691, -0.7230575680732727, -0.46672728657722473, 0.40720894932746887, -0.09303873777389526, -0.88926100730896, 1.692480206489563, 0.5357061624526978, 1.5248936414718628, 0.4575834572315216, -2.627980947494507, -0.7825043201446533, 1.0, 1.0, 1.0, 1.0, 1.0, 1.0, 0.0, 1.0, 1.0, 1.0, 1.0, 1.0]"
135,3.950298560084775e-05,0.0,294.0110778808594,0.0,0.0,0.0,0.0,0.0,0.0,4.521586015471257e-05,0.0,336.53057861328125,0.6531307697296143,0.02955971285700798,0.039784468710422516,-0.26800310611724854,-0.3974277973175049,-0.05964117869734764,0.10830932855606079,0.38353994488716125,-0.6112343668937683,1.1613216400146484,-0.5531482100486755,-0.36262601613998413,0.9422737956047058,-1.9495505094528198,0.6437985897064209,"[0.6531307697296143, 0.02955971285700798, 0.039784468710422516, 0.04872681945562363, -0.3338070511817932, 0.022833796218037605, -0.04984966292977333, -0.029369257390499115, -0.9983248114585876, 0.699999988079071, 0.0, 0.0, -0.26800310611724854, -0.3974277973175049, -0.05964117869734764, 0.10830932855606079, -0.016460061073303223, -0.21123436093330383, 2.6226043701171875e-06, -0.15314820408821106, 0.4373739957809448, 0.14227378368377686, -1.149550437927246, -0.15620142221450806, -0.045290637761354446, -0.412836492061615, -1.4272520542144775, -0.04737645387649536, 0.2850467264652252, -2.4926416873931885, -0.00026061199605464935, 0.7786062955856323, 1.774374008178711, 0.7938912510871887, -3.6706135272979736, 0.9434817433357239, -0.5570917725563049, -0.7817173600196838, -0.5861099362373352, 0.38370755314826965, -0.19423341751098633, -0.8651319742202759, 1.8445526361465454, 0.6159753799438477, 1.5997756719589233, 0.35492411255836487, -2.650192975997925, -0.9192777276039124, 1.0, 1.0, 1.0, 1.0, 1.0, 1.0, 0.0, 1.0, 1.0, 1.0, 1.0, 1.0]"
136,3.7365905882325023e-05,0.0,278.10528564453125,0.0,0.0,0.0,0.0,0.0,0.0,5.073909414932132e-05,0.0,377.638671875,0.6671023964881897,0.051286324858665466,0.08693601936101913,-0.2672150135040283,-0.4048672318458557,-0.09588004648685455,0.10824523866176605,0.38280540704727173,-0.6588931083679199,1.1613214015960693,-0.5293976664543152,-0.31671854853630066,0.9385146498680115,-2.001187324523926,0.6516040563583374,"[0.6671023964881897, 0.051286324858665466, 0.08693601936101913, -0.07883601635694504, -0.33548057079315186, 0.00948761310428381, -0.05669631063938141, -0.028542516753077507, -0.9979836940765381, 0.699999988079071, 0.0, 0.0, -0.2672150135040283, -0.4048672318458557, -0.09588004648685455, 0.10824523866176605, -0.01719459891319275, -0.25889310240745544, 2.384185791015625e-06, -0.1293976604938507, 0.4832814633846283, 0.13851463794708252, -1.2011873722076416, -0.14839595556259155, 0.06590645015239716, -0.35442137718200684, -2.0451159477233887, 0.027996912598609924, -0.11981775611639023, -2.189262866973877, -0.00026260875165462494, 1.1585434675216675, 2.477012872695923, -1.142577052116394, -1.8175232410430908, 0.3683850169181824, -0.5854046940803528, -0.757816731929779, -0.6906073689460754, 0.37390610575675964, -0.3141213059425354, -0.7817784547805786, 1.9013127088546753, 0.6914972066879272, 1.7009555101394653, 0.12416914850473404, -2.588857412338257, -1.0258352756500244, 1.0, 1.0, 1.0, 1.0, 1.0, 1.0, 0.0, 1.0, 1.0, 1.0, 1.0, 1.0]"
137,3.560689219739288e-05,0.0,265.0133972167969,0.0,0.0,0.0,0.0,0.0,0.0,4.6755540097365156e-05,0.0,347.99005126953125,0.6936401128768921,0.07015232741832733,0.13824813067913055,-0.26463401317596436,-0.40844830870628357,-0.14359626173973083,0.10908004641532898,0.3728698194026947,-0.6923675537109375,1.1613210439682007,-0.49733638763427734,-0.2552984654903412,0.8891175985336304,-2.0125577449798584,0.6460341811180115,"[0.6936401128768921, 0.07015232741832733, 0.13824813067913055, -0.2006140500307083, -0.3195316791534424, -0.002260147128254175, -0.06313735991716385, -0.02568855881690979, -0.9976745247840881, 0.699999988079071, 0.0, 0.0, -0.26463401317596436, -0.40844830870628357, -0.14359626173973083, 0.10908004641532898, -0.027130186557769775, -0.292367547750473, 2.0265579223632812e-06, -0.09733638167381287, 0.5447015762329102, 0.08911758661270142, -1.2125577926635742, -0.15396583080291748, 0.17281556129455566, 0.05986294522881508, -2.488621711730957, 0.09764577448368073, -0.6274415254592896, -1.1628007888793945, -0.000741974450647831, 1.5837585926055908, 3.3402419090270996, -3.8320043087005615, 0.5120476484298706, -0.3120824694633484, -0.647504448890686, -0.6117792725563049, -0.7352303266525269, 0.409784197807312, -0.5360804200172424, -0.4733732342720032, 1.8216286897659302, 0.6450870037078857, 1.7590080499649048, -0.2914586067199707, -2.3142035007476807, -1.0920047760009766, 1.0, 1.0, 1.0, 1.0, 1.0, 1.0, 0.0, 1.0, 1.0, 1.0, 1.0, 1.0]"
138,0.0,0.0,0.0,0.0,0.0,0.0,0.0,0.0,0.0,3.349237158545293e-05,0.0,249.27554321289062,0.7302437424659729,0.07328291982412338,0.14085058867931366,-0.257922500371933,-0.3916650414466858,-0.1901089996099472,0.11514271050691605,0.3552040457725525,-0.6954680681228638,1.1613188982009888,-0.4568053185939789,-0.186767116189003,0.7904874086380005,-1.9698985815048218,0.6268279552459717,"[0.7302437424659729, 0.07328291982412338, 0.14085058867931366, -0.656239926815033, -0.23112398386001587, 0.02813204750418663, -0.06903314590454102, -0.017049439251422882, -0.9974690079689026, 0.699999988079071, 0.0, 0.0, -0.257922500371933, -0.3916650414466858, -0.1901089996099472, 0.11514271050691605, -0.04479596018791199, -0.2954680621623993, -1.1920928955078125e-07, -0.056805312633514404, 0.6132329106330872, -0.009512603282928467, -1.169898509979248, -0.17317205667495728, 0.37707746028900146, 1.5195931196212769, -2.0845978260040283, 0.5360227227210999, -0.9030336141586304, 0.6166253685951233, 4.455099315237021e-06, 2.0808393955230713, 2.4498798847198486, -6.026133060455322, 3.353921413421631, -1.1788994073867798, -1.2951821088790894, -0.31970837712287903, -0.5471410751342773, 0.42472875118255615, -0.6027918457984924, 0.2688598334789276, 1.4482450485229492, 0.28973349928855896, 1.0652087926864624, -1.057523250579834, -1.824704885482788, -0.8504165410995483, 1.0, 1.0, 1.0, 1.0, 1.0, 1.0, 0.0, 1.0, 1.0, 1.0, 1.0, 1.0]"
139,0.0,0.0,0.0,0.0,0.0,0.0,0.0,0.0,0.0,0.0,0.0,0.0,0.748650312423706,0.08481927216053009,0.009571758098900318,-0.2678806185722351,-0.3416551351547241,-0.22295789420604706,0.1288900077342987,0.34088096022605896,-0.6536356806755066,1.1613190174102783,-0.4157618284225464,-0.25492361187934875,0.6432790160179138,-1.8787871599197388,0.6025484204292297,"[0.748650312423706, 0.08481927216053009, 0.009571758098900318, -0.7090965509414673, -0.13901786506175995, 0.10869438201189041, -0.07170739024877548, -0.0011228066869080067, -0.9974251985549927, 0.699999988079071, 0.0, 0.0, -0.2678806185722351, -0.3416551351547241, -0.22295789420604706, 0.1288900077342987, -0.05911904573440552, -0.2536356747150421, 0.0, -0.01576182246208191, 0.5450763702392578, -0.15672099590301514, -1.078787088394165, -0.19745159149169922, -1.2625292539596558, 2.8548107147216797, -1.2839781045913696, 0.6193721890449524, -0.6473730206489563, 2.946648359298706, 6.5031490521505475e-06, 1.7164899110794067, -5.821043014526367, -7.500001430511475, 4.610961437225342, -0.7099313735961914, -1.4661331176757812, -0.21462026238441467, -0.1991867870092392, 0.08253943920135498, -0.1783771514892578, 0.5411485433578491, 1.314764380455017, -0.8251309394836426, -0.22434477508068085, -1.0190398693084717, -1.7863696813583374, -0.07760109752416611, 1.0, 1.0, 1.0, 1.0, 1.0, 1.0, 0.0, 1.0, 1.0, 1.0, 1.0, 1.0]"
140,0.0,0.0,0.0,4.9615875468589365e-05,0.0,369.27880859375,0.0,0.0,0.0,0.0,0.0,0.0,0.691874623298645,0.12104837596416473,-0.04793010279536247,-0.32696473598480225,-0.3309677541255951,-0.23577097058296204,0.12790706753730774,0.3217644989490509,-0.620948076248169,1.1613198518753052,-0.4176432490348816,-0.3772990107536316,0.6073855757713318,-1.8103082180023193,0.6674602627754211,"[0.691874623298645, 0.12104837596416473, -0.04793010279536247, 0.3061855733394623, 0.18482734262943268, 0.09461183845996857, -0.07145892828702927, -0.0009363489225506783, -0.9974430799484253, 0.699999988079071, 0.0, 0.0, -0.32696473598480225, -0.3309677541255951, -0.23577097058296204, 0.12790706753730774, -0.07823550701141357, -0.22094807028770447, 8.344650268554688e-07, -0.017643243074417114, 0.42270100116729736, -0.19261443614959717, -1.0103082656860352, -0.1325397491455078, -3.590927839279175, -0.4866030812263489, 0.24249567091464996, -0.30864524841308594, -1.202520489692688, 0.8814939260482788, 0.011189264245331287, -1.1176589727401733, -5.8770246505737305, 0.1582958698272705, 2.893415689468384, 4.7174072265625, -0.7124297022819519, -0.048067305237054825, 0.15256167948246002, -0.1448483169078827, -0.4052661657333374, 0.7832933664321899, 1.4318335056304932, -0.727059006690979, 0.5251332521438599, -1.2142033576965332, -1.6366297006607056, 0.29594364762306213, 1.0, 1.0, 1.0, 1.0, 1.0, 1.0, 0.0, 1.0, 1.0, 1.0, 1.0, 1.0]"
141,0.0,0.0,0.0,5.6330623920075595e-05,0.0,419.25506591796875,0.0,0.0,0.0,0.0,0.0,0.0,0.6828886866569519,0.061572883278131485,-0.035809941589832306,-0.3799606263637543,-0.3329777717590332,-0.17991113662719727,0.12601478397846222,0.28400683403015137,-0.6029305458068848,1.1613221168518066,-0.4576680660247803,-0.4239770472049713,0.5989180207252502,-1.750609278678894,0.7437127828598022,"[0.6828886866569519, 0.061572883278131485, -0.035809941589832306, -0.17572316527366638, 0.6011115908622742, -0.02519790641963482, -0.06264958530664444, -0.0014555156230926514, -0.9980343580245972, 0.699999988079071, 0.0, 0.0, -0.3799606263637543, -0.3329777717590332, -0.17991113662719727, 0.12601478397846222, -0.11599317193031311, -0.2029305398464203, 3.0994415283203125e-06, -0.057668060064315796, 0.37602296471595764, -0.2010819911956787, -0.9506092667579651, -0.05628722906112671, -1.7052737474441528, 0.07597099244594574, 3.973945379257202, 0.024596791714429855, -2.405755043029785, 0.870214581489563, 0.008319844491779804, -2.309556245803833, 0.9403949975967407, -0.5498108863830566, 3.0608062744140625, 2.5519604682922363, 0.14788952469825745, 0.10771303623914719, -0.1615225225687027, 0.06582021713256836, -0.21816754341125488, 0.6582603454589844, 1.5506755113601685, -0.5099143981933594, 1.1923478841781616, -0.9010312557220459, -1.5939393043518066, -0.08464738726615906, 1.0, 1.0, 1.0, 1.0, 1.0, 1.0, 0.0, 1.0, 1.0, 1.0, 1.0, 1.0]"
142,0.0,0.0,0.0,3.902355456375517e-05,0.0,290.4427795410156,0.0,0.0,0.0,0.0,0.0,0.0,0.7146564722061157,-0.0024121273308992386,-0.09656012058258057,-0.3777828514575958,-0.32473501563072205,-0.09668280184268951,0.12837179005146027,0.23261494934558868,-0.5855493545532227,1.161316156387329,-0.5026168823242188,-0.35660508275032043,0.5785406827926636,-1.699628233909607,0.7414029836654663,"[0.7146564722061157, -0.0024121273308992386, -0.09656012058258057, -0.5779145956039429, 1.0362815856933594, -0.18784792721271515, -0.04511239007115364, 0.0070969644002616405, -0.9989567399024963, 0.699999988079071, 0.0, 0.0, -0.3777828514575958, -0.32473501563072205, -0.09668280184268951, 0.12837179005146027, -0.1673850566148758, -0.18554934859275818, -2.86102294921875e-06, -0.10261687636375427, 0.4433949291706085, -0.22145932912826538, -0.899628221988678, -0.058597028255462646, 1.1708859205245972, 0.4419826865196228, 3.9316675662994385, 0.1786191463470459, -2.6069350242614746, 0.6428666114807129, 0.010136503726243973, -1.9933183193206787, 4.5149970054626465, -0.7498058676719666, 1.9909000396728516, -2.0070078372955322, 0.1935301125049591, -0.06973031908273697, -0.17994464933872223, 0.20889386534690857, -0.46795809268951416, 0.3369711935520172, 1.4175130128860474, -0.19641390442848206, 1.5323514938354492, -0.7916346192359924, -1.672953724861145, -0.48136600852012634, 1.0, 1.0, 1.0, 1.0, 1.0, 1.0, 0.0, 1.0, 1.0, 1.0, 1.0, 1.0]"
143,0.00015084753977134824,0.0,1122.7213134765625,1.648354736971669e-05,0.0,122.68301391601562,0.0,0.0,0.0,0.0,0.0,0.0,0.7636719942092896,0.009586884640157223,0.005309666972607374,-0.3579707145690918,-0.31947579979896545,-0.03931889310479164,0.122714102268219,0.22430288791656494,-0.5686395764350891,1.1613401174545288,-0.5231425166130066,-0.32452335953712463,0.5616998672485352,-1.668664813041687,0.6709787249565125,"[0.7636719942092896, 0.009586884640157223, 0.005309666972607374, 0.8288789987564087, 0.2365853637456894, -0.2578261196613312, -0.027827801182866096, 0.012661036103963852, -0.9995328783988953, 0.699999988079071, 0.0, 0.0, -0.3579707145690918, -0.31947579979896545, -0.03931889310479164, 0.122714102268219, -0.17569711804389954, -0.16863957047462463, 2.110004425048828e-05, -0.12314251065254211, 0.4754766523838043, -0.2383001446723938, -0.8686648011207581, -0.1290212869644165, -0.7716773748397827, -0.9877768754959106, 1.8203356266021729, -1.7306137084960938, 4.3177337646484375, 1.4549156427383423, 0.0019493878353387117, -0.05310633033514023, -5.623232841491699, -0.6406221389770508, 1.6674691438674927, -4.021518707275391, 0.0781884491443634, -0.08405081182718277, -0.11863990128040314, 0.31155988574028015, -0.5706774592399597, -0.15360423922538757, 1.3536375761032104, 0.15132668614387512, 1.7212527990341187, -0.6344099640846252, -1.7227734327316284, -0.7679247856140137, 1.0, 1.0, 1.0, 1.0, 1.0, 1.0, 0.0, 1.0, 1.0, 1.0, 1.0, 1.0]"
144,8.663607877679169e-05,0.0,644.8111572265625,0.0,0.0,0.0,0.0,0.0,0.0,0.0,0.0,0.0,0.692986011505127,-0.039053209125995636,-0.02357184886932373,-0.36054378747940063,-0.3230613172054291,0.009601790457963943,0.11190607398748398,0.25947681069374084,-0.5497713088989258,1.1613367795944214,-0.5023308396339417,-0.3452576696872711,0.5725133419036865,-1.6630135774612427,0.5640140175819397,"[0.692986011505127, -0.039053209125995636, -0.02357184886932373, 0.15544284880161285, -0.28635522723197937, -0.044070176780223846, -0.028460219502449036, 0.007464910391718149, -0.9995670914649963, 0.699999988079071, 0.0, 0.0, -0.36054378747940063, -0.3230613172054291, 0.009601790457963943, 0.11190607398748398, -0.14052319526672363, -0.1497713029384613, 1.7762184143066406e-05, -0.10233083367347717, 0.45474234223365784, -0.22748667001724243, -0.8630135655403137, -0.23598599433898926, -0.024285316467285156, 0.04221765697002411, 2.436058521270752, -0.11259277909994125, 1.3671276569366455, 0.6510008573532104, -0.0013637479860335588, 1.6651551723480225, -0.003317415714263916, 1.7822319269180298, 0.03547446057200432, -5.383187770843506, -0.3080272376537323, -0.649692177772522, -0.22838588058948517, 0.5049229860305786, 0.176627516746521, -0.4148207902908325, 1.3743927478790283, 0.46092888712882996, 1.4303929805755615, 0.127530038356781, -1.8123871088027954, -0.9810765981674194, 1.0, 1.0, 1.0, 1.0, 1.0, 1.0, 0.0, 1.0, 1.0, 1.0, 1.0, 1.0]"
145,3.479429869912565e-05,0.0,258.9654541015625,0.0,0.0,0.0,0.0,0.0,0.0,0.0001283045276068151,0.0,954.9391479492188,0.6460830569267273,-0.013567047193646431,-0.10585974156856537,-0.36580726504325867,-0.32958051562309265,0.030818387866020203,0.1082722470164299,0.28011542558670044,-0.5496543645858765,1.1613233089447021,-0.4651341736316681,-0.32757291197776794,0.6593348979949951,-1.67896568775177,0.500973105430603,"[0.6460830569267273, -0.013567047193646431, -0.10585974156856537, 0.2462274432182312, -0.4570435583591461, -0.04267188161611557, -0.03886270150542259, -0.00019492791034281254, -0.9992444515228271, 0.699999988079071, 0.0, 0.0, -0.36580726504325867, -0.32958051562309265, 0.030818387866020203, 0.1082722470164299, -0.11988458037376404, -0.149654358625412, 4.291534423828125e-06, -0.06513416767120361, 0.472427099943161, -0.14066511392593384, -0.8789656758308411, -0.2990269064903259, -0.12363370507955551, -0.5499338507652283, 0.6451358795166016, -0.25562915205955505, 0.9243307113647461, -0.44038981199264526, 0.0006489802035503089, -0.5439852476119995, 0.90330970287323, 5.121081829071045, -2.435724973678589, 3.5735106468200684, -0.5390926599502563, -0.6378155946731567, -0.4214012920856476, 0.3277641832828522, 0.022679507732391357, -0.6808841824531555, 1.5209013223648071, 0.6082220077514648, 1.6031862497329712, 0.3908548951148987, -2.1902318000793457, -0.9430981874465942, 1.0, 1.0, 1.0, 1.0, 1.0, 1.0, 0.0, 1.0, 1.0, 1.0, 1.0, 1.0]"
146,3.9177921280497685e-05,0.0,291.5916748046875,0.0,0.0,0.0,0.0,0.0,0.0,5.435567072709091e-05,0.0,404.5559997558594,0.6618511080741882,0.03632088750600815,-0.11015728861093521,-0.37011054158210754,-0.3479377329349518,0.01966681517660618,0.10362932831048965,0.3047003149986267,-0.5667951703071594,1.161321759223938,-0.4661696255207062,-0.32249245047569275,0.7583463788032532,-1.748427391052246,0.5492931008338928,"[0.6618511080741882, 0.03632088750600815, -0.11015728861093521, 0.1572662740945816, -0.31367138028144836, -0.02388446033000946, -0.046363890171051025, -0.005109592340886593, -0.9989116787910461, 0.699999988079071, 0.0, 0.0, -0.37011054158210754, -0.3479377329349518, 0.01966681517660618, 0.10362932831048965, -0.09529969096183777, -0.16679516434669495, 2.7418136596679688e-06, -0.0661696195602417, 0.4775075614452362, -0.04165363311767578, -0.9484273791313171, -0.25070691108703613, -0.18018695712089539, -0.9862058162689209, -1.0783390998840332, -0.1598699539899826, 1.3247783184051514, -1.0891296863555908, -0.0002285045775352046, 0.027554422616958618, 0.0057429298758506775, 4.636928558349609, -3.917482614517212, 2.139394760131836, -0.6067630648612976, -0.5661570429801941, -0.5057048201560974, 0.3940288722515106, -0.14850527048110962, -0.9137686491012573, 1.5713633298873901, 0.45959481596946716, 1.6003459692001343, 0.34807151556015015, -2.5132367610931396, -0.8031348586082458, 1.0, 1.0, 1.0, 1.0, 1.0, 1.0, 0.0, 1.0, 1.0, 1.0, 1.0, 1.0]"
147,4.6967506932560354e-05,0.0,349.56768798828125,0.0,0.0,0.0,0.0,0.0,0.0,4.062937659909949e-05,0.0,302.39453125,0.6546210646629333,0.06607586145401001,-0.07471098750829697,-0.3736167550086975,-0.36450254917144775,-0.01586504839360714,0.1008012443780899,0.32568857073783875,-0.5950005650520325,1.161321997642517,-0.45724058151245117,-0.3131009638309479,0.8314226269721985,-1.8414350748062134,0.5810157656669617,"[0.6546210646629333, 0.06607586145401001, -0.07471098750829697, 0.08732554316520691, -0.3732042610645294, 0.05300861597061157, -0.05300894379615784, -0.007268543355166912, -0.9985675811767578, 0.699999988079071, 0.0, 0.0, -0.3736167550086975, -0.36450254917144775, -0.01586504839360714, 0.1008012443780899, -0.07431143522262573, -0.195000559091568, 2.9802322387695312e-06, -0.057240575551986694, 0.4868990480899811, 0.03142261505126953, -1.0414350032806396, -0.21898424625396729, -0.17791418731212616, -0.6920155882835388, -2.0583202838897705, -0.10137069970369339, 0.9956067800521851, -1.5292105674743652, -0.0008509708568453789, 0.3838306963443756, 0.6328867673873901, 2.845811605453491, -4.887951374053955, 1.7048017978668213, -0.5735710859298706, -0.6450515389442444, -0.5037288665771484, 0.26376521587371826, -0.2552039623260498, -0.7899720668792725, 1.6021990776062012, 0.5261837244033813, 1.5749989748001099, 0.32556408643722534, -2.601736307144165, -0.8974061012268066, 1.0, 1.0, 1.0, 1.0, 1.0, 1.0, 0.0, 1.0, 1.0, 1.0, 1.0, 1.0]"
148,4.411841291585006e-05,0.0,328.362548828125,0.0,0.0,0.0,0.0,0.0,0.0,4.234314110362902e-05,0.0,315.1496276855469,0.6506734490394592,0.08652320504188538,-0.038534004241228104,-0.37518540024757385,-0.3719078302383423,-0.061340902000665665,0.10072128474712372,0.33711105585098267,-0.6267880797386169,1.1613222360610962,-0.442475289106369,-0.2846639156341553,0.8619235754013062,-1.925068736076355,0.6075485348701477,"[0.6506734490394592, 0.08652320504188538, -0.038534004241228104, -0.08044043183326721, -0.4842642545700073, 0.09919676184654236, -0.06182650104165077, -0.006680079270154238, -0.9980646371841431, 0.699999988079071, 0.0, 0.0, -0.37518540024757385, -0.3719078302383423, -0.061340902000665665, 0.10072128474712372, -0.06288895010948181, -0.22678807377815247, 3.2186508178710938e-06, -0.04247528314590454, 0.5153360962867737, 0.0619235634803772, -1.1250686645507812, -0.19245147705078125, -0.03309043124318123, -0.2223484367132187, -2.3336033821105957, 0.06331278383731842, 0.5220692157745361, -1.5123682022094727, -0.0011613420210778713, 0.7055511474609375, 1.594907522201538, 0.5892378091812134, -3.497406244277954, 1.416375994682312, -0.6327454447746277, -0.6311023831367493, -0.6110066175460815, 0.23028038442134857, -0.3972359299659729, -0.7533419728279114, 1.724821925163269, 0.5681818723678589, 1.6877360343933105, 0.14870718121528625, -2.5933873653411865, -1.001590609550476, 1.0, 1.0, 1.0, 1.0, 1.0, 1.0, 0.0, 1.0, 1.0, 1.0, 1.0, 1.0]"
149,4.3473450205056e-05,0.0,323.562255859375,0.0,0.0,0.0,0.0,0.0,0.0,4.3764350266428664e-05,0.0,325.72735595703125,0.6637275218963623,0.1126728281378746,0.013457532040774822,-0.3740245997905731,-0.37108972668647766,-0.11047133058309555,0.10317684710025787,0.3378952145576477,-0.6506952047348022,1.1613222360610962,-0.41985589265823364,-0.23609715700149536,0.8446325659751892,-1.9680428504943848,0.6241694688796997,"[0.6637275218963623, 0.1126728281378746, 0.013457532040774822, -0.2189336121082306, -0.5334390997886658, 0.10926038771867752, -0.07196874916553497, -0.0029150834307074547, -0.9974024295806885, 0.699999988079071, 0.0, 0.0, -0.3740245997905731, -0.37108972668647766, -0.11047133058309555, 0.10317684710025787, -0.06210479140281677, -0.25069519877433777, 3.2186508178710938e-06, -0.019855886697769165, 0.5639028549194336, 0.044632554054260254, -1.1680428981781006, -0.17583054304122925, 0.0900823324918747, 0.26259100437164307, -2.481905698776245, 0.1631775200366974, -0.08802320063114166, -0.7562220692634583, -0.0013966290280222893, 1.1371304988861084, 2.7163503170013428, -2.354810953140259, -1.0772013664245605, 0.835574209690094, -0.634537398815155, -0.47081002593040466, -0.6512413620948792, 0.23952928185462952, -0.6490059494972229, -0.3723561465740204, 1.7401241064071655, 0.47790107131004333, 1.8145873546600342, -0.2221478521823883, -2.4143779277801514, -0.9988980293273926, 1.0, 1.0, 1.0, 1.0, 1.0, 1.0, 0.0, 1.0, 1.0, 1.0, 1.0, 1.0]"
150,3.353327338118106e-05,0.0,249.5799560546875,0.0,0.0,0.0,0.0,0.0,0.0,2.457919435983058e-05,0.0,182.9369354248047,0.6845495104789734,0.12110651284456253,0.039356477558612823,-0.36928948760032654,-0.3516489565372467,-0.15658727288246155,0.10885439813137054,0.3249576985836029,-0.6450185179710388,1.1613249778747559,-0.3896126449108124,-0.1616809070110321,0.7644098997116089,-1.9560673236846924,0.6313836574554443,"[0.6845495104789734, 0.12110651284456253, 0.039356477558612823, -0.4352981448173523, -0.6304134726524353, 0.12276481837034225, -0.08344994485378265, 0.004629949107766151, -0.9965012669563293, 0.699999988079071, 0.0, 0.0, -0.36928948760032654, -0.3516489565372467, -0.15658727288246155, 0.10885439813137054, -0.07504230737686157, -0.24501851201057434, 5.9604644775390625e-06, 0.0103873610496521, 0.6383191347122192, -0.03559011220932007, -1.1560673713684082, -0.16861635446548462, 0.2935563623905182, 1.500069260597229, -2.1332170963287354, 0.36740919947624207, -0.7270078659057617, 1.1977460384368896, -0.0030154476407915354, 1.552379846572876, 3.980879545211792, -5.618725299835205, 2.020937442779541, 0.3767606317996979, -0.7418388724327087, -0.32752469182014465, -0.5320519804954529, 0.4837762117385864, -0.8445855379104614, 0.45707711577415466, 1.6959353685379028, -0.009578078985214233, 1.5898394584655762, -0.9568454027175903, -1.95405912399292, -0.6263166666030884, 1.0, 1.0, 1.0, 1.0, 1.0, 1.0, 0.0, 1.0, 1.0, 1.0, 1.0, 1.0]"
151,0.0,0.0,0.0,2.951782698801253e-05,0.0,219.6939697265625,0.0,0.0,0.0,1.777436011707323e-07,0.0,1.3229022026062012,0.6705818176269531,0.12666895985603333,-0.04527200758457184,-0.36475294828414917,-0.33174270391464233,-0.1955651044845581,0.1191643700003624,0.3082166612148285,-0.6228426098823547,1.1613177061080933,-0.36429262161254883,-0.17194315791130066,0.7356318831443787,-1.8889964818954468,0.6366984844207764,"[0.6705818176269531, 0.12666895985603333, -0.04527200758457184, -0.3116089105606079, -0.27312183380126953, 0.1220569834113121, -0.09277814626693726, 0.014654169790446758, -0.995578944683075, 0.699999988079071, 0.0, 0.0, -0.36475294828414917, -0.33174270391464233, -0.1955651044845581, 0.1191643700003624, -0.09178334474563599, -0.22284260392189026, -1.3113021850585938e-06, 0.03570738434791565, 0.6280568838119507, -0.06436812877655029, -1.088996410369873, -0.1633015275001526, -0.09973738342523575, 0.0814690813422203, -2.0252063274383545, 0.5684724450111389, -0.7107418775558472, 0.5487216711044312, 0.0024676918983459473, 0.6897505521774292, -5.886147499084473, 1.3187226057052612, 3.5845794677734375, 0.12994199991226196, -0.8391022086143494, -0.3535896837711334, -0.3320244252681732, 0.12905676662921906, -0.40343695878982544, 0.9582968950271606, 1.59142005443573, -0.9179500341415405, 0.16161617636680603, -1.0687100887298584, -1.8422744274139404, 0.17404323816299438, 1.0, 1.0, 1.0, 1.0, 1.0, 1.0, 0.0, 1.0, 1.0, 1.0, 1.0, 1.0]"
152,0.0,0.0,0.0,6.454475078498945e-05,0.0,480.3907775878906,0.0,0.0,0.0,0.0,0.0,0.0,0.6492664217948914,0.09271939098834991,-0.055516570806503296,-0.3725813627243042,-0.3372567296028137,-0.22064556181430817,0.13137850165367126,0.27939993143081665,-0.6057884097099304,1.1613147258758545,-0.39088210463523865,-0.28501999378204346,0.7415308356285095,-1.8273637294769287,0.7268838882446289,"[0.6492664217948914, 0.09271939098834991, -0.055516570806503296, 0.18843653798103333, 0.22138500213623047, 0.016833458095788956, -0.09191583096981049, 0.012400108389556408, -0.9956895709037781, 0.699999988079071, 0.0, 0.0, -0.3725813627243042, -0.3372567296028137, -0.22064556181430817, 0.13137850165367126, -0.12060007452964783, -0.20578840374946594, -4.291534423828125e-06, 0.00911790132522583, 0.5149800181388855, -0.058469176292419434, -1.0273637771606445, -0.07311612367630005, -0.16224363446235657, -0.31253787875175476, -0.288167804479599, 0.6944394707679749, -1.8646202087402344, 0.6637515425682068, 0.006710028275847435, -2.279339075088501, -4.337345123291016, 0.20608630776405334, 2.7211577892303467, 5.534022808074951, -0.008708445355296135, 0.19336989521980286, -0.19710607826709747, -0.01784852147102356, -0.36516237258911133, 1.111515998840332, 1.5647070407867432, -0.8006081581115723, 0.5152127146720886, -0.9856942296028137, -1.8045852184295654, 0.3164254128932953, 1.0, 1.0, 1.0, 1.0, 1.0, 1.0, 0.0, 1.0, 1.0, 1.0, 1.0, 1.0]"
153,0.0,0.0,0.0,5.981458889436908e-05,0.0,445.18536376953125,0.0,0.0,0.0,0.0,0.0,0.0,0.681831955909729,0.03885925933718681,-0.06540284305810928,-0.34993776679039,-0.3365967869758606,-0.18917976319789886,0.1479782611131668,0.24561528861522675,-0.5860307216644287,1.1613162755966187,-0.44972506165504456,-0.3771582841873169,0.7302845120429993,-1.7794122695922852,0.7947876453399658,"[0.681831955909729, 0.03885925933718681, -0.06540284305810928, -0.2525295317173004, 0.6384746432304382, -0.17625226080417633, -0.08246950060129166, 0.01525020133703947, -0.9964771270751953, 0.699999988079071, 0.0, 0.0, -0.34993776679039, -0.3365967869758606, -0.18917976319789886, 0.1479782611131668, -0.15438471734523773, -0.18603071570396423, -2.7418136596679688e-06, -0.04972505569458008, 0.42284172773361206, -0.06971549987792969, -0.9794122576713562, -0.005212366580963135, 1.8649822473526, 0.1493033766746521, 2.2837302684783936, 0.7456264495849609, -1.7174954414367676, 0.748862087726593, 0.008619815111160278, -3.2080700397491455, -3.4051597118377686, -0.48765259981155396, 2.3826205730438232, 1.9771703481674194, -0.18402472138404846, 0.25211775302886963, -0.11337272822856903, 0.006027102470397949, -0.18507719039916992, 0.8476673364639282, 1.4738363027572632, -0.660280704498291, 0.8019587993621826, -0.9536150693893433, -1.6883516311645508, 0.03512554615736008, 1.0, 1.0, 1.0, 1.0, 1.0, 1.0, 0.0, 1.0, 1.0, 1.0, 1.0, 1.0]"
154,0.0,0.0,0.0,4.8346810217481107e-05,0.0,359.83349609375,0.0,0.0,0.0,0.0,0.0,0.0,0.728425920009613,0.004854312166571617,-0.10398589819669724,-0.29349666833877563,-0.33214831352233887,-0.13556884229183197,0.1561722308397293,0.20920728147029877,-0.56461501121521,1.1613177061080933,-0.5131047368049622,-0.3620215654373169,0.7062355875968933,-1.734123706817627,0.7905353307723999,"[0.728425920009613, 0.004854312166571617, -0.10398589819669724, -0.3356078267097473, 0.9989715814590454, -0.271528959274292, -0.06559201329946518, 0.02111721970140934, -0.9976227879524231, 0.699999988079071, 0.0, 0.0, -0.29349666833877563, -0.33214831352233887, -0.13556884229183197, 0.1561722308397293, -0.1907927244901657, -0.16461500525474548, -1.3113021850585938e-06, -0.11310473084449768, 0.43797844648361206, -0.09376442432403564, -0.934123694896698, -0.009464681148529053, 3.312894105911255, 0.2601589560508728, 2.779428720474243, 0.21055372059345245, -1.8964272737503052, 0.9241508841514587, 0.008710766211152077, -2.889502763748169, 3.0408339500427246, -1.2046796083450317, 2.007868766784668, -2.2658944129943848, 0.1712440550327301, 0.2669876217842102, -0.16402198374271393, 0.13004657626152039, -0.43327534198760986, 0.512276291847229, 1.518729329109192, -0.35094237327575684, 1.4701751470565796, -0.8681744337081909, -1.6956140995025635, -0.3980203866958618, 1.0, 1.0, 1.0, 1.0, 1.0, 1.0, 0.0, 1.0, 1.0, 1.0, 1.0, 1.0]"
155,4.77940084238071e-05,0.0,355.7191467285156,2.5353012460982427e-05,0.0,188.69627380371094,0.0,0.0,0.0,0.0,0.0,0.0,0.7765207886695862,0.005139614921063185,-0.14362990856170654,-0.21966327726840973,-0.32280391454696655,-0.08128035813570023,0.160027876496315,0.17326350510120392,-0.5447610020637512,1.161320447921753,-0.5540178418159485,-0.29283228516578674,0.6754353046417236,-1.7021536827087402,0.7070996761322021,"[0.7765207886695862, 0.005139614921063185, -0.14362990856170654, -0.3392365276813507, 1.128406286239624, -0.18471868336200714, -0.04211224988102913, 0.0307169072329998, -0.998640775680542, 0.699999988079071, 0.0, 0.0, -0.21966327726840973, -0.32280391454696655, -0.08128035813570023, 0.160027876496315, -0.22673650085926056, -0.14476099610328674, 1.430511474609375e-06, -0.154017835855484, 0.5071676969528198, -0.12456470727920532, -0.9021536707878113, -0.0929003357887268, 1.9030121564865112, 0.30948933959007263, 2.4326977729797363, -0.1224168911576271, -0.9951140284538269, 1.0087453126907349, 0.007108981255441904, -1.3009154796600342, -3.3172054290771484, -1.4549640417099, 1.52076256275177, -5.0283355712890625, 0.044700413942337036, 0.06701358407735825, -0.10320205986499786, 0.315694659948349, -0.6734036207199097, -0.04460272192955017, 1.4100128412246704, 0.15074953436851501, 1.767431378364563, -0.6600607633590698, -1.7395871877670288, -0.7800859212875366, 1.0, 1.0, 1.0, 1.0, 1.0, 1.0, 0.0, 1.0, 1.0, 1.0, 1.0, 1.0]"
156,1.316598900302779e-05,0.0,97.99124145507812,7.942603019728267e-07,0.0,5.911485195159912,0.0,0.0,0.0,0.0,0.0,0.0,0.737617015838623,-0.03935745358467102,0.01089296955615282,-0.2299993336200714,-0.3350317180156708,-0.03443124145269394,0.13575880229473114,0.21694199740886688,-0.511165976524353,1.1613167524337769,-0.5468941926956177,-0.32882043719291687,0.6532171964645386,-1.6791715621948242,0.596845805644989,"[0.737617015838623, -0.03935745358467102, 0.01089296955615282, 0.5335584878921509, -0.08226799219846725, -0.13389970362186432, -0.0374273955821991, 0.017050249502062798, -0.9991541504859924, 0.699999988079071, 0.0, 0.0, -0.2299993336200714, -0.3350317180156708, -0.03443124145269394, 0.13575880229473114, -0.1830580085515976, -0.11116597056388855, -2.2649765014648438e-06, -0.1468941867351532, 0.4711795747280121, -0.14678281545639038, -0.8791715502738953, -0.20315420627593994, -0.0606541782617569, -0.31556984782218933, 2.949798583984375, -0.667096734046936, 1.852957844734192, 1.522141933441162, 0.004853401333093643, 1.204874038696289, 1.3508754968643188, -0.35448211431503296, 0.6087803840637207, -6.018457889556885, 0.032381027936935425, -0.635753333568573, -0.19176439940929413, 0.7701823711395264, -0.12887215614318848, -0.5104188919067383, 1.539065957069397, 0.4938853085041046, 1.6635313034057617, -0.1687273532152176, -1.7077374458312988, -0.9007954597473145, 1.0, 1.0, 1.0, 1.0, 1.0, 1.0, 0.0, 1.0, 1.0, 1.0, 1.0, 1.0]"
157,4.2072995711350814e-05,0.0,313.1390380859375,0.0,0.0,0.0,0.0,0.0,0.0,0.0001199014950543642,0.0,892.3975219726562,0.6704384684562683,-0.04071459174156189,-0.03013768419623375,-0.23287835717201233,-0.33656778931617737,0.013856736943125725,0.13906808197498322,0.23838669061660767,-0.5014597773551941,1.1613218784332275,-0.513518214225769,-0.3182646632194519,0.6937575340270996,-1.673305869102478,0.535737931728363,"[0.6704384684562683, -0.04071459174156189, -0.03013768419623375, 0.18704523146152496, -0.3019070625305176, -0.1038738265633583, -0.04353288561105728, 0.011000659316778183, -0.9989911317825317, 0.699999988079071, 0.0, 0.0, -0.23287835717201233, -0.33656778931617737, 0.013856736943125725, 0.13906808197498322, -0.1616133153438568, -0.10145977139472961, 2.86102294921875e-06, -0.11351820826530457, 0.48173534870147705, -0.10624247789382935, -0.8733058571815491, -0.2642620801925659, -0.016538351774215698, -0.4027178883552551, 2.028254508972168, -0.21252663433551788, 1.058466911315918, -0.20325173437595367, 3.9726728573441505e-05, -0.38811153173446655, 0.5058174729347229, 3.399214744567871, -0.9258455038070679, 3.097745895385742, -0.5971599221229553, -0.732204258441925, -0.3663312792778015, 0.4931226074695587, 0.09160381555557251, -0.7436485290527344, 1.6114870309829712, 0.6370241641998291, 1.640457034111023, 0.3974460959434509, -2.086444616317749, -0.9858030080795288, 1.0, 1.0, 1.0, 1.0, 1.0, 1.0, 0.0, 1.0, 1.0, 1.0, 1.0, 1.0]"
158,2.9827966500306502e-05,0.0,222.0022735595703,0.0,0.0,0.0,0.0,0.0,0.0,5.193593824515119e-05,0.0,386.5465087890625,0.6730105876922607,0.010923621244728565,-0.02754732221364975,-0.23727701604366302,-0.3599094748497009,0.022628573700785637,0.13259880244731903,0.25989803671836853,-0.5231026411056519,1.1613203287124634,-0.5060071349143982,-0.31352972984313965,0.7791529893875122,-1.7279224395751953,0.5630127191543579,"[0.6730105876922607, 0.010923621244728565, -0.02754732221364975, 0.33067479729652405, -0.09014178812503815, -0.08697273582220078, -0.04708241671323776, 0.004443127661943436, -0.9988811612129211, 0.699999988079071, 0.0, 0.0, -0.23727701604366302, -0.3599094748497009, 0.022628573700785637, 0.13259880244731903, -0.14010196924209595, -0.12310263514518738, 1.3113021850585938e-06, -0.10600712895393372, 0.4864702820777893, -0.020847022533416748, -0.9279224276542664, -0.23698729276657104, -0.2710312306880951, -1.4155992269515991, -0.37073349952697754, -0.34755998849868774, 1.1385246515274048, -1.5198414325714111, 2.8821174055337906e-05, 0.42203354835510254, -0.013419363647699356, 4.391263008117676, -3.527010917663574, 1.084945559501648, -0.5309231281280518, -0.5020297765731812, -0.45763975381851196, 0.5171551704406738, 0.035242438316345215, -0.8939069509506226, 1.6502063274383545, 0.40936121344566345, 1.606650948524475, 0.43533459305763245, -2.3971176147460938, -0.7996293902397156, 1.0, 1.0, 1.0, 1.0, 1.0, 1.0, 0.0, 1.0, 1.0, 1.0, 1.0, 1.0]"
159,3.622511576395482e-05,0.0,269.61468505859375,0.0,0.0,0.0,0.0,0.0,0.0,3.827026375802234e-05,0.0,284.836181640625,0.6706717014312744,0.023271506652235985,-0.0354735367000103,-0.2420206516981125,-0.38160982728004456,-0.0006658327765762806,0.12698061764240265,0.28349193930625916,-0.5622581839561462,1.1613208055496216,-0.4924120306968689,-0.31567060947418213,0.8584731817245483,-1.8112850189208984,0.5785344243049622,"[0.6706717014312744, 0.023271506652235985, -0.0354735367000103, 0.17056241631507874, -0.12190280109643936, -0.023189786821603775, -0.04895302653312683, -0.0005728707183152437, -0.9988011121749878, 0.699999988079071, 0.0, 0.0, -0.2420206516981125, -0.38160982728004456, -0.0006658327765762806, 0.12698061764240265, -0.11650806665420532, -0.16225817799568176, 1.7881393432617188e-06, -0.09241202473640442, 0.4843294024467468, 0.058473169803619385, -1.0112850666046143, -0.2214655876159668, -0.18079005181789398, -0.7828669548034668, -1.4127984046936035, -0.18035884201526642, 1.2209093570709229, -2.1355767250061035, -0.00026141712442040443, 0.5503584146499634, -0.13063648343086243, 3.5582785606384277, -4.4366350173950195, 0.9705153107643127, -0.5955830216407776, -0.6805149912834167, -0.41633906960487366, 0.39470115303993225, -0.03878438472747803, -0.8096632957458496, 1.701267123222351, 0.5496033430099487, 1.5984735488891602, 0.47664400935173035, -2.489786386489868, -0.9207961559295654, 1.0, 1.0, 1.0, 1.0, 1.0, 1.0, 0.0, 1.0, 1.0, 1.0, 1.0, 1.0]"
160,3.94067210436333e-05,0.0,293.2945861816406,0.0,0.0,0.0,0.0,0.0,0.0,4.317043203627691e-05,0.0,321.3069763183594,0.668723464012146,0.03305019438266754,-0.017102528363466263,-0.2447962611913681,-0.390476793050766,-0.03465299680829048,0.12426792085170746,0.30291610956192017,-0.6063650846481323,1.1613215208053589,-0.476671040058136,-0.30784058570861816,0.9093167781829834,-1.8913393020629883,0.5945203900337219,"[0.668723464012146, 0.03305019438266754, -0.017102528363466263, 0.10816400498151779, -0.23208031058311462, 0.002677598036825657, -0.05284350737929344, -0.0029895310290157795, -0.9985983371734619, 0.699999988079071, 0.0, 0.0, -0.2447962611913681, -0.390476793050766, -0.03465299680829048, 0.12426792085170746, -0.09708389639854431, -0.20636507868766785, 2.5033950805664062e-06, -0.07667103409767151, 0.4921594262123108, 0.10931676626205444, -1.091339349746704, -0.20547962188720703, -0.13181890547275543, -0.3418940305709839, -1.8225822448730469, -0.11432380974292755, 0.907401978969574, -2.1724624633789062, -0.0005428171716630459, 0.6785302758216858, 0.576300859451294, 1.7720800638198853, -3.5123353004455566, 0.9815396666526794, -0.6054380536079407, -0.7165979743003845, -0.49048754572868347, 0.37617260217666626, -0.17197757959365845, -0.8436617851257324, 1.7937238216400146, 0.6017812490463257, 1.64016854763031, 0.3848091959953308, -2.522235155105591, -0.9520275592803955, 1.0, 1.0, 1.0, 1.0, 1.0, 1.0, 0.0, 1.0, 1.0, 1.0, 1.0, 1.0]"
161,4.027964678243734e-05,0.0,299.79156494140625,0.0,0.0,0.0,0.0,0.0,0.0,4.858915781369433e-05,0.0,361.6372375488281,0.6781419515609741,0.05386319383978844,0.0308082215487957,-0.24708403646945953,-0.3969492018222809,-0.07501614093780518,0.12153634428977966,0.3134598433971405,-0.6475166082382202,1.1613218784332275,-0.45578598976135254,-0.2826317846775055,0.9233973026275635,-1.9430997371673584,0.6047343611717224,"[0.6781419515609741, 0.05386319383978844, 0.0308082215487957, 0.07557488232851028, -0.27344509959220886, -0.008861877955496311, -0.058072008192539215, -0.004815169610083103, -0.9983007311820984, 0.699999988079071, 0.0, 0.0, -0.24708403646945953, -0.3969492018222809, -0.07501614093780518, 0.12153634428977966, -0.08654016256332397, -0.24751660227775574, 2.86102294921875e-06, -0.05578598380088806, 0.5173681974411011, 0.12339729070663452, -1.1430997848510742, -0.19526565074920654, -0.10325071215629578, -0.32622602581977844, -2.0785295963287354, -0.1267537623643875, 0.43896162509918213, -1.8953101634979248, -0.0007817242294549942, 0.9943342208862305, 1.4572137594223022, -0.15544810891151428, -2.079559326171875, 0.5483071804046631, -0.572413980960846, -0.7471325397491455, -0.6196576356887817, 0.3615700900554657, -0.28020763397216797, -0.7453985214233398, 1.8935142755508423, 0.6906116008758545, 1.7272651195526123, 0.19564765691757202, -2.5263736248016357, -1.081093668937683, 1.0, 1.0, 1.0, 1.0, 1.0, 1.0, 0.0, 1.0, 1.0, 1.0, 1.0, 1.0]"
162,3.913828550139442e-05,0.0,291.2966613769531,0.0,0.0,0.0,0.0,0.0,0.0,4.6888624638086185e-05,0.0,348.9805603027344,0.7001725435256958,0.0743095651268959,0.08698123693466187,-0.24815067648887634,-0.40155574679374695,-0.12022507935762405,0.11896859854459763,0.31384849548339844,-0.6773576736450195,1.1613216400146484,-0.42681634426116943,-0.23915497958660126,0.8960230946540833,-1.9694647789001465,0.602620005607605,"[0.7001725435256958, 0.0743095651268959, 0.08698123693466187, -0.0062098074704408646, -0.2783243656158447, -0.024807073175907135, -0.06354734301567078, -0.005347500555217266, -0.9979645609855652, 0.699999988079071, 0.0, 0.0, -0.24815067648887634, -0.40155574679374695, -0.12022507935762405, 0.11896859854459763, -0.08615151047706604, -0.27735766768455505, 2.6226043701171875e-06, -0.026816338300704956, 0.5608450174331665, 0.0960230827331543, -1.1694648265838623, -0.19738000631332397, -0.0269874669611454, -0.10842432826757431, -2.3396387100219727, -0.10096563398838043, -0.09852246940135956, -1.1063371896743774, -0.000911688432097435, 1.4172892570495605, 2.4150400161743164, -2.476321220397949, -0.7029439210891724, -0.11486732959747314, -0.6015798449516296, -0.6703630089759827, -0.7099562287330627, 0.4021551311016083, -0.44209855794906616, -0.5795820951461792, 1.8847260475158691, 0.6754764318466187, 1.7958104610443115, -0.10217957943677902, -2.4120490550994873, -1.1476095914840698, 1.0, 1.0, 1.0, 1.0, 1.0, 1.0, 0.0, 1.0, 1.0, 1.0, 1.0, 1.0]"
163,3.195384124410339e-05,0.0,237.8246307373047,0.0,0.0,0.0,0.0,0.0,0.0,3.903043761965819e-05,0.0,290.4940185546875,0.7301563024520874,0.08254928141832352,0.12261907011270523,-0.24652577936649323,-0.3943389654159546,-0.16840298473834991,0.11851859837770462,0.30407336354255676,-0.68389892578125,1.1613225936889648,-0.3898458778858185,-0.17745816707611084,0.8195878863334656,-1.9608546495437622,0.5883767604827881,"[0.7301563024520874, 0.08254928141832352, 0.12261907011270523, -0.20314021408557892, -0.28676095604896545, -0.016493728384375572, -0.0691816434264183, -0.0030058957636356354, -0.9975993633270264, 0.699999988079071, 0.0, 0.0, -0.24652577936649323, -0.3943389654159546, -0.16840298473834991, 0.11851859837770462, -0.09592664241790771, -0.2838989198207855, 3.5762786865234375e-06, 0.010154128074645996, 0.6225418448448181, 0.01958787441253662, -1.1608545780181885, -0.21162325143814087, 0.1706855595111847, 0.7858885526657104, -2.344837188720703, 0.0723273903131485, -0.5438235402107239, 0.36858153343200684, -0.001310741063207388, 1.8688066005706787, 3.241396903991699, -5.281487464904785, 1.5720304250717163, -0.78403639793396, -0.8156699538230896, -0.4713799059391022, -0.6496759653091431, 0.4712596833705902, -0.6812824606895447, -0.07120946049690247, 1.7057981491088867, 0.4831927716732025, 1.6503289937973022, -0.6973119974136353, -2.0516810417175293, -1.1088889837265015, 1.0, 1.0, 1.0, 1.0, 1.0, 1.0, 0.0, 1.0, 1.0, 1.0, 1.0, 1.0]"
164,0.0,0.0,0.0,0.0,0.0,0.0,0.0,0.0,0.0,5.309890639182413e-06,0.0,39.52021789550781,0.7585105895996094,0.08288183808326721,0.04334767535328865,-0.24431157112121582,-0.36034199595451355,-0.2068016231060028,0.12472543865442276,0.2975054681301117,-0.653548002243042,1.1613190174102783,-0.3483520746231079,-0.1660652458667755,0.695523202419281,-1.8996690511703491,0.5665666460990906,"[0.7585105895996094, 0.08288183808326721, 0.04334767535328865, -0.5564988255500793, -0.21758073568344116, 0.038237228989601135, -0.07413532584905624, 0.005835291929543018, -0.9972311854362488, 0.699999988079071, 0.0, 0.0, -0.24431157112121582, -0.36034199595451355, -0.2068016231060028, 0.12472543865442276, -0.10249453783035278, -0.2535479962825775, 0.0, 0.05164793133735657, 0.633934736251831, -0.10447680950164795, -1.0996689796447754, -0.23343336582183838, -0.25056537985801697, 2.255079984664917, -1.5853197574615479, 0.43875622749328613, 0.1357349455356598, 2.2298765182495117, 5.736951607104857e-07, 2.036616325378418, -4.169140338897705, -6.574322700500488, 3.7861814498901367, -1.042564868927002, -1.5925793647766113, -0.20819249749183655, -0.2826659381389618, 0.3208504617214203, -0.4013122320175171, 0.4860629737377167, 1.3342534303665161, -0.3834485113620758, 0.3366134762763977, -1.1834394931793213, -1.7368794679641724, -0.39507368206977844, 1.0, 1.0, 1.0, 1.0, 1.0, 1.0, 0.0, 1.0, 1.0, 1.0, 1.0, 1.0]"
165,0.0,0.0,0.0,7.232809730339795e-05,0.0,538.3203125,0.0,0.0,0.0,0.0,0.0,0.0,0.6872643828392029,0.13444896042346954,-0.04398757591843605,-0.2793824076652527,-0.3365463614463806,-0.22745895385742188,0.13030442595481873,0.291995108127594,-0.6095748543739319,1.161264181137085,-0.33535701036453247,-0.2735210657119751,0.6238046884536743,-1.8209688663482666,0.5987426042556763,"[0.6872643828392029, 0.13444896042346954, -0.04398757591843605, 0.44585737586021423, 0.05114929378032684, 0.0958557277917862, -0.07718577235937119, 0.00911569781601429, -0.9969747066497803, 0.699999988079071, 0.0, 0.0, -0.2793824076652527, -0.3365463614463806, -0.22745895385742188, 0.13030442595481873, -0.10800489783287048, -0.2095748484134674, -5.4836273193359375e-05, 0.064642995595932, 0.5264789462089539, -0.17619532346725464, -1.0209689140319824, -0.20125740766525269, -2.9641854763031006, -1.8102445602416992, -0.9767402410507202, -0.160542294383049, -0.9847645163536072, 0.1561289131641388, -0.051912084221839905, -0.7170948386192322, -4.162684440612793, 4.476296424865723, 3.3742573261260986, 4.40260124206543, -1.0287725925445557, 0.04091944918036461, 0.02990170195698738, -0.09210583567619324, -0.4688243269920349, 0.7715041637420654, 1.359658122062683, -1.0175646543502808, 0.32462966442108154, -1.184715986251831, -1.795676589012146, 0.19253644347190857, 1.0, 1.0, 1.0, 1.0, 1.0, 1.0, 0.0, 1.0, 1.0, 1.0, 1.0, 1.0]"
166,0.0,0.0,0.0,6.267064600251615e-05,0.0,466.4422607421875,0.0,0.0,0.0,0.0,0.0,0.0,0.6772611737251282,0.08335699141025543,-0.04692434147000313,-0.33970528841018677,-0.34406208992004395,-0.1969740390777588,0.13156111538410187,0.2685696482658386,-0.5882298350334167,1.161318063735962,-0.37830501794815063,-0.3791063129901886,0.6144239902496338,-1.775058388710022,0.6931318640708923,"[0.6772611737251282, 0.08335699141025543, -0.04692434147000313, 0.15895436704158783, 0.49019137024879456, 0.040030211210250854, -0.07103551924228668, 0.00297145894728601, -0.9974690079689026, 0.699999988079071, 0.0, 0.0, -0.33970528841018677, -0.34406208992004395, -0.1969740390777588, 0.13156111538410187, -0.13143035769462585, -0.18822982907295227, -9.5367431640625e-07, 0.021694988012313843, 0.42089369893074036, -0.18557602167129517, -0.975058376789093, -0.10686814785003662, -2.623887777328491, -0.1952684223651886, 2.813793897628784, 0.15878787636756897, -1.380942702293396, 0.882639467716217, 0.009705830365419388, -2.7409491539001465, -4.777593612670898, -0.5454061627388, 2.231633424758911, 3.4164416790008545, -0.09473469853401184, 0.289669007062912, -0.12018091976642609, -0.053514301776885986, -0.17685067653656006, 0.756757378578186, 1.463726282119751, -0.5644078254699707, 0.7334126234054565, -0.7797893285751343, -1.6816446781158447, -0.05443762242794037, 1.0, 1.0, 1.0, 1.0, 1.0, 1.0, 0.0, 1.0, 1.0, 1.0, 1.0, 1.0]"
167,0.0,0.0,0.0,4.4007036194670945e-05,0.0,327.5335998535156,0.0,0.0,0.0,0.0,0.0,0.0,0.6955622434616089,0.023646406829357147,-0.09301735460758209,-0.3593948185443878,-0.34178289771080017,-0.12427932024002075,0.1347329020500183,0.23047715425491333,-0.5691235661506653,1.1613173484802246,-0.43963882327079773,-0.365472674369812,0.5951613783836365,-1.7279361486434937,0.7110192179679871,"[0.6955622434616089, 0.023646406829357147, -0.09301735460758209, -0.29886534810066223, 0.8641390204429626, -0.12384017556905746, -0.05652709677815437, 0.005800703074783087, -0.9983841776847839, 0.699999988079071, 0.0, 0.0, -0.3593948185443878, -0.34178289771080017, -0.12427932024002075, 0.1347329020500183, -0.16952285170555115, -0.1691235601902008, -1.6689300537109375e-06, -0.03963881731033325, 0.43452733755111694, -0.20483863353729248, -0.9279361367225647, -0.0889807939529419, 0.09087218344211578, 0.2075669765472412, 3.7586898803710938, 0.10048775374889374, -2.13852858543396, 0.6889477968215942, 0.01101562287658453, -2.999095916748047, 3.767767906188965, -0.7538523077964783, 2.0379419326782227, -0.8922841548919678, 0.2772218883037567, -0.051766131073236465, -0.1670810729265213, 0.039492517709732056, -0.4058839678764343, 0.4293759763240814, 1.5129971504211426, -0.235369473695755, 1.616703987121582, -0.815438985824585, -1.7052336931228638, -0.4874342978000641, 1.0, 1.0, 1.0, 1.0, 1.0, 1.0, 0.0, 1.0, 1.0, 1.0, 1.0, 1.0]"
168,4.091267692274414e-05,0.0,304.5030517578125,2.5526192985125817e-05,0.0,189.9852294921875,0.0,0.0,0.0,0.0,0.0,0.0,0.7398800253868103,0.008391528390347958,-0.17865687608718872,-0.32854026556015015,-0.3308278024196625,-0.057356759905815125,0.13683299720287323,0.19133980572223663,-0.5582922697067261,1.1613153219223022,-0.4846634566783905,-0.2774461507797241,0.5820379257202148,-1.6992073059082031,0.6490951180458069,"[0.7398800253868103, 0.008391528390347958, -0.17865687608718872, -0.5252703428268433, 0.9697052836418152, -0.16657224297523499, -0.03637668117880821, 0.017665425315499306, -0.9991821050643921, 0.699999988079071, 0.0, 0.0, -0.32854026556015015, -0.3308278024196625, -0.057356759905815125, 0.13683299720287323, -0.20866020023822784, -0.1582922637462616, -3.6954879760742188e-06, -0.08466345071792603, 0.5225538611412048, -0.2179620862007141, -0.8992072939872742, -0.15090489387512207, 0.31176185607910156, 0.4380567669868469, 2.7823572158813477, -0.15754760801792145, -1.1534228324890137, 0.3804914057254791, 0.007156820967793465, -1.5617882013320923, -1.6814345121383667, -0.30359360575675964, 1.3572628498077393, -4.106065273284912, 0.08888617157936096, -0.0702836886048317, -0.13397224247455597, 0.3400561809539795, -0.5218072533607483, -0.029773473739624023, 1.368848204612732, 0.14253738522529602, 1.7040983438491821, -0.7048290967941284, -1.7511318922042847, -0.7206994295120239, 1.0, 1.0, 1.0, 1.0, 1.0, 1.0, 0.0, 1.0, 1.0, 1.0, 1.0, 1.0]"
169,0.0,0.0,0.0,7.67354231356876e-06,0.0,57.112300872802734,0.0,0.0,0.0,0.0,0.0,0.0,0.712518036365509,-0.029645726084709167,-0.04474061727523804,-0.33505284786224365,-0.3409885764122009,-0.0121495695784688,0.11382844299077988,0.23866097629070282,-0.5370064973831177,1.161320447921753,-0.48513251543045044,-0.3159472346305847,0.5817093849182129,-1.6774765253067017,0.5588563084602356,"[0.712518036365509, -0.029645726084709167, -0.04474061727523804, 0.24886548519134521, -0.09424028545618057, -0.12794706225395203, -0.03363965079188347, 0.008476410061120987, -0.9993979334831238, 0.699999988079071, 0.0, 0.0, -0.33505284786224365, -0.3409885764122009, -0.0121495695784688, 0.11382844299077988, -0.16133902966976166, -0.1370064914226532, 1.430511474609375e-06, -0.08513250946998596, 0.48405277729034424, -0.21829062700271606, -0.8774765133857727, -0.24114370346069336, 0.43124574422836304, -0.3087986409664154, 2.727581739425659, -0.540701687335968, 1.5184543132781982, 0.8652546405792236, 0.012725668027997017, 0.7530845999717712, 5.139716148376465, 0.6580104827880859, 0.45488786697387695, -5.29680061340332, 0.030599268153309822, -0.4679127335548401, -0.09371434152126312, 0.46414247155189514, -0.22912943363189697, -0.32241031527519226, 1.446373701095581, 0.4375455677509308, 1.6437493562698364, -0.3846339285373688, -1.7073918581008911, -0.9161827564239502, 1.0, 1.0, 1.0, 1.0, 1.0, 1.0, 0.0, 1.0, 1.0, 1.0, 1.0, 1.0]"
170,3.9890470361569896e-05,0.0,296.8949890136719,0.0,0.0,0.0,0.0,0.0,0.0,7.249327609315515e-05,0.0,539.5497436523438,0.6625833511352539,-0.027346529066562653,-0.09478550404310226,-0.3351169526576996,-0.3448837399482727,0.0329875648021698,0.11512155085802078,0.2664356231689453,-0.5298499464988708,1.161320686340332,-0.4568823575973511,-0.31538915634155273,0.6185001134872437,-1.671814203262329,0.49129533767700195,"[0.6625833511352539, -0.027346529066562653, -0.09478550404310226, 0.17582525312900543, -0.4630765914916992, -0.04043149575591087, -0.04081510752439499, 0.006209023296833038, -0.9991476535797119, 0.699999988079071, 0.0, 0.0, -0.3351169526576996, -0.3448837399482727, 0.0329875648021698, 0.11512155085802078, -0.13356438279151917, -0.12984994053840637, 1.6689300537109375e-06, -0.0568823516368866, 0.4846108555793762, -0.1814998984336853, -0.8718141913414001, -0.308704674243927, -0.048023782670497894, -0.4352085292339325, 1.6074119806289673, -0.47584986686706543, 1.0915038585662842, 0.06246410310268402, 0.00011152694060001522, 0.3402668833732605, 0.6804854273796082, 2.526900053024292, -0.747913658618927, 2.4402222633361816, -0.4970891773700714, -0.7018803954124451, -0.4624361991882324, 0.5937179327011108, -0.18588370084762573, -0.630394458770752, 1.5894168615341187, 0.6056643724441528, 1.6526641845703125, 0.16825351119041443, -2.0947442054748535, -1.0001585483551025, 1.0, 1.0, 1.0, 1.0, 1.0, 1.0, 0.0, 1.0, 1.0, 1.0, 1.0, 1.0]"
171,3.3125001209555194e-05,0.0,246.54129028320312,0.0,0.0,0.0,0.0,0.0,0.0,5.622559183393605e-05,0.0,418.47332763671875,0.6506240963935852,0.02140703611075878,-0.07665249705314636,-0.3376752436161041,-0.36263689398765564,0.03599151223897934,0.11216411739587784,0.2859841287136078,-0.5432929992675781,1.161320447921753,-0.45482051372528076,-0.3012397885322571,0.7009570002555847,-1.7265442609786987,0.5353358387947083,"[0.6506240963935852, 0.02140703611075878, -0.07665249705314636, 0.18574415147304535, -0.3413167893886566, -0.004058081656694412, -0.048853326588869095, 0.0023396234028041363, -0.9988031983375549, 0.699999988079071, 0.0, 0.0, -0.3376752436161041, -0.36263689398765564, 0.03599151223897934, 0.11216411739587784, -0.11401587724685669, -0.14329299330711365, 1.430511474609375e-06, -0.054820507764816284, 0.4987602233886719, -0.09904301166534424, -0.9265442490577698, -0.2646641731262207, -0.17091596126556396, -1.1221632957458496, -0.7410410642623901, -0.15646691620349884, 1.0128906965255737, -1.085935115814209, -0.00018026697216555476, 0.12058638036251068, 0.5506600737571716, 4.948509216308594, -3.6155195236206055, 2.0024383068084717, -0.5098388195037842, -0.5790095925331116, -0.5085087418556213, 0.2721517086029053, -0.022094011306762695, -0.780620813369751, 1.537682294845581, 0.4388692080974579, 1.616392731666565, 0.3766905665397644, -2.420844078063965, -0.8765501379966736, 1.0, 1.0, 1.0, 1.0, 1.0, 1.0, 0.0, 1.0, 1.0, 1.0, 1.0, 1.0]"
172,3.555437797331251e-05,0.0,264.62255859375,0.0,0.0,0.0,0.0,0.0,0.0,4.164829078945331e-05,0.0,309.9780578613281,0.6564829349517822,0.0541408434510231,-0.07249575108289719,-0.34175100922584534,-0.3835805654525757,-0.0006069944356568158,0.1088152602314949,0.30597174167633057,-0.5721381902694702,1.1613205671310425,-0.44506675004959106,-0.2917216122150421,0.7934868931770325,-1.8121650218963623,0.5640830993652344,"[0.6564829349517822, 0.0541408434510231, -0.07249575108289719, 0.09509442746639252, -0.286212295293808, 0.03992457687854767, -0.05471349507570267, -0.0007336114067584276, -0.9985017776489258, 0.699999988079071, 0.0, 0.0, -0.34175100922584534, -0.3835805654525757, -0.0006069944356568158, 0.1088152602314949, -0.09402826428413391, -0.17213818430900574, 1.5497207641601562e-06, -0.04506674408912659, 0.5082783699035645, -0.006513118743896484, -1.0121650695800781, -0.23591691255569458, -0.17078480124473572, -0.8596308827400208, -2.18880295753479, -0.10045967996120453, 1.0429565906524658, -1.5699677467346191, -0.0001900969073176384, 0.42001378536224365, 0.4115239083766937, 4.067483901977539, -4.604896068572998, 1.5085352659225464, -0.6310192942619324, -0.5924761891365051, -0.494476318359375, 0.3022407293319702, -0.15448689460754395, -0.8251569271087646, 1.596602439880371, 0.5358289480209351, 1.6105035543441772, 0.37180712819099426, -2.5437910556793213, -0.910183846950531, 1.0, 1.0, 1.0, 1.0, 1.0, 1.0, 0.0, 1.0, 1.0, 1.0, 1.0, 1.0]"
173,4.016932871309109e-05,0.0,298.9704895019531,0.0,0.0,0.0,0.0,0.0,0.0,4.1384573705727234e-05,0.0,308.0152893066406,0.6569503545761108,0.06900464743375778,-0.05312980338931084,-0.34335416555404663,-0.3913741409778595,-0.04787405952811241,0.10880378633737564,0.322869211435318,-0.6053995490074158,1.1613214015960693,-0.43032121658325195,-0.27566221356391907,0.8509191274642944,-1.8982139825820923,0.5871253609657288,"[0.6569503545761108, 0.06900464743375778, -0.05312980338931084, -0.07608552277088165, -0.3753819465637207, 0.07990625500679016, -0.06148670241236687, -0.0003083334304392338, -0.9981080293655396, 0.699999988079071, 0.0, 0.0, -0.34335416555404663, -0.3913741409778595, -0.04787405952811241, 0.10880378633737564, -0.07713079452514648, -0.2053995430469513, 2.384185791015625e-06, -0.030321210622787476, 0.5243377685546875, 0.05091911554336548, -1.0982139110565186, -0.2128746509552002, -0.031209470704197884, -0.14326243102550507, -2.3879618644714355, 0.07171842455863953, 0.7918668389320374, -1.6366161108016968, -0.00037652766332030296, 0.6675649881362915, 0.9882195591926575, 1.9038561582565308, -3.779585838317871, 1.29905104637146, -0.6191853880882263, -0.6367721557617188, -0.548603355884552, 0.19910281896591187, -0.3164421319961548, -0.762335479259491, 1.689559817314148, 0.5580825805664062, 1.6572648286819458, 0.23938235640525818, -2.546933174133301, -1.0144026279449463, 1.0, 1.0, 1.0, 1.0, 1.0, 1.0, 0.0, 1.0, 1.0, 1.0, 1.0, 1.0]"
174,4.1623832657933235e-05,0.0,309.7960205078125,0.0,0.0,0.0,0.0,0.0,0.0,4.491232903092168e-05,0.0,334.2715148925781,0.665068507194519,0.09188570082187653,-0.002932594623416662,-0.3430485725402832,-0.38865429162979126,-0.09687033295631409,0.11062160134315491,0.3300926983356476,-0.634219229221344,1.161321997642517,-0.4091866612434387,-0.2408323884010315,0.8565701842308044,-1.9485780000686646,0.6028899550437927,"[0.665068507194519, 0.09188570082187653, -0.002932594623416662, -0.15887252986431122, -0.44050443172454834, 0.08970927447080612, -0.06976931542158127, 0.002372901886701584, -0.9975606203079224, 0.699999988079071, 0.0, 0.0, -0.3430485725402832, -0.38865429162979126, -0.09687033295631409, 0.11062160134315491, -0.0699073076248169, -0.23421922326087952, 2.9802322387695312e-06, -0.009186655282974243, 0.5591676235198975, 0.05657017230987549, -1.1485779285430908, -0.19711005687713623, 0.04426717758178711, 0.3084523677825928, -2.4119818210601807, 0.1229834109544754, 0.21443235874176025, -1.1745468378067017, -0.0005504614673554897, 1.0352709293365479, 2.0851657390594482, -0.9712964296340942, -1.6663141250610352, 0.8329780697822571, -0.6236276030540466, -0.5560227632522583, -0.6262677907943726, 0.23172511160373688, -0.5147671103477478, -0.5559445023536682, 1.7596713304519653, 0.5704352855682373, 1.7686771154403687, -0.04549828916788101, -2.453504800796509, -1.060011625289917, 1.0, 1.0, 1.0, 1.0, 1.0, 1.0, 0.0, 1.0, 1.0, 1.0, 1.0, 1.0]"
175,3.686710260808468e-05,0.0,274.392822265625,0.0,0.0,0.0,0.0,0.0,0.0,3.526137152221054e-05,0.0,262.4417419433594,0.6849122643470764,0.10749654471874237,0.0457090362906456,-0.34026503562927246,-0.3729116916656494,-0.14266256988048553,0.11426009237766266,0.32375699281692505,-0.6430740356445312,1.1613221168518066,-0.3799903094768524,-0.18081136047840118,0.8017330765724182,-1.9538143873214722,0.6079638600349426,"[0.6849122643470764, 0.10749654471874237, 0.0457090362906456, -0.30571249127388, -0.5079065561294556, 0.09569808840751648, -0.079207643866539, 0.007623679935932159, -0.9968287348747253, 0.699999988079071, 0.0, 0.0, -0.34026503562927246, -0.3729116916656494, -0.14266256988048553, 0.11426009237766266, -0.07624301314353943, -0.24307402968406677, 3.0994415283203125e-06, 0.02000969648361206, 0.619188666343689, 0.0017330646514892578, -1.1538143157958984, -0.19203615188598633, 0.19047823548316956, 1.1904281377792358, -2.175654649734497, 0.23847229778766632, -0.4932505190372467, 0.2965661883354187, -0.0009186500683426857, 1.4858019351959229, 3.423508882522583, -4.6016693115234375, 0.9776657223701477, 0.23792371153831482, -0.6735767722129822, -0.3931891620159149, -0.5977283716201782, 0.3977605998516083, -0.7800328731536865, 0.06845882534980774, 1.739721417427063, 0.26680514216423035, 1.7640877962112427, -0.6218663454055786, -2.1221253871917725, -0.9189392328262329, 1.0, 1.0, 1.0, 1.0, 1.0, 1.0, 0.0, 1.0, 1.0, 1.0, 1.0, 1.0]"
176,0.0,0.0,0.0,3.5214297895436175e-06,0.0,26.209142684936523,0.0,0.0,0.0,4.963983883499168e-06,0.0,36.945716857910156,0.6977104544639587,0.10435608774423599,-0.03919804096221924,-0.33394405245780945,-0.3357478082180023,-0.1786113679409027,0.12336105853319168,0.3091564178466797,-0.6136828064918518,1.161389946937561,-0.3481995761394501,-0.1396496593952179,0.7074059844017029,-1.903862714767456,0.610305666923523,"[0.6977104544639587, 0.10435608774423599, -0.03919804096221924, -0.6700212955474854, -0.4766174256801605, 0.1082351878285408, -0.08929639309644699, 0.018211133778095245, -0.9958386421203613, 0.699999988079071, 0.0, 0.0, -0.33394405245780945, -0.3357478082180023, -0.1786113679409027, 0.12336105853319168, -0.09084358811378479, -0.21368280053138733, 7.092952728271484e-05, 0.051800429821014404, 0.6603503227233887, -0.09259402751922607, -1.1038627624511719, -0.189694344997406, 0.2883800268173218, 2.229675769805908, -1.4199402332305908, 0.5757650136947632, -0.5560804605484009, 2.2185769081115723, 0.14671826362609863, 1.464987874031067, -1.5971707105636597, -5.184506416320801, 3.273549795150757, 1.0511679649353027, -1.1183326244354248, -0.22700920701026917, -0.29947617650032043, 0.3533119559288025, -0.575971782207489, 0.791710615158081, 1.4880748987197876, -0.578943133354187, 0.6570563316345215, -1.115034818649292, -1.7349586486816406, -0.1051388755440712, 1.0, 1.0, 1.0, 1.0, 1.0, 1.0, 0.0, 1.0, 1.0, 1.0, 1.0, 1.0]"
177,0.0,0.0,0.0,6.036640843376517e-05,0.0,449.29241943359375,0.0,0.0,0.0,0.0,0.0,0.0,0.6494622230529785,0.11145997047424316,-0.06574776023626328,-0.3496488928794861,-0.3381486237049103,-0.20918653905391693,0.13303671777248383,0.2848414182662964,-0.6033717393875122,1.1613155603408813,-0.3509823679924011,-0.22843101620674133,0.7290308475494385,-1.828481674194336,0.6555635929107666,"[0.6494622230529785, 0.11145997047424316, -0.06574776023626328, 0.15860657393932343, 0.08552735298871994, 0.10886072367429733, -0.0912756696343422, 0.019837331026792526, -0.9956283569335938, 0.699999988079071, 0.0, 0.0, -0.3496488928794861, -0.3381486237049103, -0.20918653905391693, 0.13303671777248383, -0.11515858769416809, -0.20337173342704773, -3.4570693969726562e-06, 0.049017637968063354, 0.5715689659118652, -0.07096916437149048, -1.0284817218780518, -0.14443641901016235, -1.1036415100097656, -0.2948448956012726, -0.82530677318573, 0.5764490962028503, -1.7748266458511353, 0.5830050706863403, 0.005834589712321758, -1.3786815404891968, -4.013567924499512, 0.5541496276855469, 3.120952606201172, 4.783012866973877, -0.4867694079875946, -0.0801798477768898, -0.1139504462480545, -0.07662948966026306, -0.5605316758155823, 1.1038644313812256, 1.5437662601470947, -1.0820248126983643, 0.3497157096862793, -1.1743698120117188, -1.9095137119293213, 0.3797169625759125, 1.0, 1.0, 1.0, 1.0, 1.0, 1.0, 0.0, 1.0, 1.0, 1.0, 1.0, 1.0]"
178,0.0,0.0,0.0,6.089661474106833e-05,0.0,453.2386169433594,0.0,0.0,0.0,0.0,0.0,0.0,0.6561645865440369,0.06998469680547714,-0.07614593207836151,-0.3622128367424011,-0.3424552381038666,-0.18791787326335907,0.14532029628753662,0.24618320167064667,-0.5842292904853821,1.1613154411315918,-0.4080095887184143,-0.335941880941391,0.7205858826637268,-1.7932804822921753,0.7652667164802551,"[0.6561645865440369, 0.06998469680547714, -0.07614593207836151, 0.051620446145534515, 0.546284019947052, -0.06491342186927795, -0.08394637703895569, 0.01762229949235916, -0.9963147640228271, 0.699999988079071, 0.0, 0.0, -0.3622128367424011, -0.3424552381038666, -0.18791787326335907, 0.14532029628753662, -0.1538168042898178, -0.1842292845249176, -3.5762786865234375e-06, -0.008009582757949829, 0.46405813097953796, -0.07941412925720215, -0.9932804703712463, -0.03473329544067383, -0.13048967719078064, -0.1400332897901535, 1.9729477167129517, 0.5300813913345337, -1.9511111974716187, 0.7221063375473022, 0.007404378615319729, -3.4029407501220703, -5.689751625061035, -0.40416669845581055, 1.676453948020935, 4.294759750366211, -0.10789206624031067, 0.2986924946308136, -0.13170062005519867, -0.02605658769607544, -0.15423494577407837, 0.877120852470398, 1.4690524339675903, -0.6709816455841064, 0.6752954721450806, -0.97788006067276, -1.7624167203903198, 0.20170125365257263, 1.0, 1.0, 1.0, 1.0, 1.0, 1.0, 0.0, 1.0, 1.0, 1.0, 1.0, 1.0]"
179,0.0,0.0,0.0,5.378018249757588e-05,0.0,400.27276611328125,0.0,0.0,0.0,0.0,0.0,0.0,0.6997125148773193,0.023636600002646446,-0.10668361186981201,-0.3378085792064667,-0.34156373143196106,-0.13401217758655548,0.1511247754096985,0.20440948009490967,-0.5635955333709717,1.161316990852356,-0.4793170392513275,-0.3589736521244049,0.6989119648933411,-1.7518621683120728,0.7932395935058594,"[0.6997125148773193, 0.023636600002646446, -0.10668361186981201, -0.20334866642951965, 0.9054882526397705, -0.23004630208015442, -0.06883849203586578, 0.020059311762452126, -0.9974260330200195, 0.699999988079071, 0.0, 0.0, -0.3378085792064667, -0.34156373143196106, -0.13401217758655548, 0.1511247754096985, -0.1955905258655548, -0.1635955274105072, -2.0265579223632812e-06, -0.07931703329086304, 0.44102635979652405, -0.10108804702758789, -0.9518621563911438, -0.00676041841506958, 2.0377395153045654, 0.12274511158466339, 2.8701796531677246, 0.12829799950122833, -2.205402135848999, 0.8280097246170044, 0.008808114565908909, -3.4699652194976807, 2.1718878746032715, -1.0028408765792847, 2.0142436027526855, -0.4774932563304901, 0.23691371083259583, 0.18076029419898987, -0.15186481177806854, 0.06550651788711548, -0.36614054441452026, 0.6903947591781616, 1.5228304862976074, -0.48538246750831604, 1.4369175434112549, -0.9295168519020081, -1.7027480602264404, -0.27269110083580017, 1.0, 1.0, 1.0, 1.0, 1.0, 1.0, 0.0, 1.0, 1.0, 1.0, 1.0, 1.0]"
180,0.0,0.0,0.0,3.70853922504466e-05,0.0,276.0174865722656,0.0,0.0,0.0,0.0,0.0,0.0,0.7601679563522339,-0.014905944466590881,-0.1721220314502716,-0.27161067724227905,-0.3339192867279053,-0.07765689492225647,0.15392372012138367,0.16495949029922485,-0.5442805886268616,1.1613178253173828,-0.5357582569122314,-0.27677038311958313,0.6698413491249084,-1.7172720432281494,0.7361197471618652,"[0.7601679563522339, -0.014905944466590881, -0.1721220314502716, -0.5966349244117737, 1.277408242225647, -0.28654351830482483, -0.0463799312710762, 0.02862652949988842, -0.9985138177871704, 0.699999988079071, 0.0, 0.0, -0.27161067724227905, -0.3339192867279053, -0.07765689492225647, 0.15392372012138367, -0.23504051566123962, -0.1442805826663971, -1.1920928955078125e-06, -0.13575825095176697, 0.5232295989990234, -0.1301586627960205, -0.9172720313072205, -0.06388026475906372, 3.974064350128174, 0.5391486287117004, 2.7056198120117188, 0.21728211641311646, -1.9310288429260254, 0.7720295190811157, 0.006966148503124714, -2.2432119846343994, 5.096612453460693, -1.3481072187423706, 1.513687014579773, -4.456668376922607, 0.12610271573066711, 0.11810096353292465, -0.13327236473560333, 0.28504398465156555, -0.5652438402175903, 0.2155526578426361, 1.3883262872695923, -0.019503027200698853, 1.67935049533844, -0.7938628792762756, -1.7507433891296387, -0.645828366279602, 1.0, 1.0, 1.0, 1.0, 1.0, 1.0, 0.0, 1.0, 1.0, 1.0, 1.0, 1.0]"
181,6.668135029030964e-05,0.0,496.29296875,8.364328095922247e-06,0.0,62.25364685058594,0.0,0.0,0.0,0.0,0.0,0.0,0.7538669109344482,-0.00796342734247446,0.03651940077543259,-0.2710341513156891,-0.3425249755382538,-0.034604012966156006,0.13375958800315857,0.19829636812210083,-0.5135831236839294,1.1613144874572754,-0.5488401651382446,-0.3279644250869751,0.6424053907394409,-1.6883597373962402,0.6356013417243958,"[0.7538669109344482, -0.00796342734247446, 0.03651940077543259, 0.8389343619346619, 0.024514542892575264, -0.21397942304611206, -0.03546718508005142, 0.02038034424185753, -0.9991628527641296, 0.699999988079071, 0.0, 0.0, -0.2710341513156891, -0.3425249755382538, -0.034604012966156006, 0.13375958800315857, -0.20170363783836365, -0.11358311772346497, -4.5299530029296875e-06, -0.14884015917778015, 0.47203558683395386, -0.15759462118148804, -0.8883597254753113, -0.1643986701965332, -0.6735978126525879, -0.9636515378952026, 2.3700075149536133, -1.3373907804489136, 3.1602108478546143, 1.8505758047103882, -0.0022826094646006823, 0.325257271528244, -3.0936145782470703, -0.94944828748703, 1.0043470859527588, -5.485895156860352, -0.007696596905589104, -0.21749165654182434, -0.10272859036922455, 0.5015681982040405, -0.83637535572052, -0.41904088854789734, 1.4507774114608765, 0.3616151511669159, 1.8768619298934937, -0.48414507508277893, -1.7406013011932373, -0.910598874092102, 1.0, 1.0, 1.0, 1.0, 1.0, 1.0, 0.0, 1.0, 1.0, 1.0, 1.0, 1.0]"
182,4.364396590972319e-05,0.0,324.8313903808594,0.0,0.0,0.0,0.0,0.0,0.0,0.0,0.0,0.0,0.6801711320877075,-0.056818004697561264,-0.030137471854686737,-0.2737724184989929,-0.3445683419704437,0.019353032112121582,0.13416816294193268,0.22199147939682007,-0.49282824993133545,1.1613209247589111,-0.5212337970733643,-0.3222579061985016,0.6507949233055115,-1.6779909133911133,0.5234074592590332,"[0.6801711320877075, -0.056818004697561264, -0.030137471854686737, 0.5075117349624634, -0.424086332321167, 0.017918039113283157, -0.039413485676050186, 0.014270296320319176, -0.9991212487220764, 0.699999988079071, 0.0, 0.0, -0.2737724184989929, -0.3445683419704437, 0.019353032112121582, 0.13416816294193268, -0.1780085265636444, -0.09282824397087097, 1.9073486328125e-06, -0.12123379111289978, 0.47774210572242737, -0.14920508861541748, -0.8779909014701843, -0.27659255266189575, -0.36331531405448914, -0.16402287781238556, 1.9668155908584595, 0.1301453411579132, 1.1339796781539917, 0.5973464846611023, -0.0008425815030932426, 1.8972809314727783, 0.6557908058166504, 1.5944136381149292, 0.35687828063964844, -4.721995830535889, -0.4329410493373871, -0.6779813170433044, -0.29962393641471863, 0.5122586488723755, 0.35642945766448975, -0.48757508397102356, 1.5041002035140991, 0.5313568115234375, 1.517758846282959, 0.2552891671657562, -1.895660638809204, -0.9448186159133911, 1.0, 1.0, 1.0, 1.0, 1.0, 1.0, 0.0, 1.0, 1.0, 1.0, 1.0, 1.0]"
183,2.493010470061563e-05,0.0,185.54867553710938,0.0,0.0,0.0,0.0,0.0,0.0,3.854773240163922e-05,0.0,286.9013671875,0.6564099788665771,-0.004993217997252941,-0.042097169905900955,-0.28098592162132263,-0.3567507565021515,0.034519411623477936,0.126791849732399,0.23949579894542694,-0.501386284828186,1.1613184213638306,-0.50559002161026,-0.30553144216537476,0.7279183268547058,-1.7050540447235107,0.543300986289978,"[0.6564099788665771, -0.004993217997252941, -0.042097169905900955, 0.36528006196022034, -0.25078481435775757, -0.032094646245241165, -0.046624891459941864, 0.004849971737712622, -0.9989009499549866, 0.699999988079071, 0.0, 0.0, -0.28098592162132263, -0.3567507565021515, 0.034519411623477936, 0.126791849732399, -0.16050420701503754, -0.10138627886772156, -5.960464477539062e-07, -0.10559001564979553, 0.4944685697555542, -0.07208168506622314, -0.9050540328025818, -0.2566990256309509, -0.3147246241569519, -0.8716632723808289, 0.19887325167655945, -0.3378210663795471, 1.256650447845459, -0.908799409866333, -0.0021553714759647846, 0.40492576360702515, 0.040192220360040665, 4.540608882904053, -2.6671321392059326, 1.4257229566574097, -0.5472434759140015, -0.7020519375801086, -0.44767138361930847, 0.3308069407939911, 0.05258983373641968, -0.7493469715118408, 1.6343382596969604, 0.6886626482009888, 1.6951266527175903, 0.4449969232082367, -2.2924933433532715, -0.9561530947685242, 1.0, 1.0, 1.0, 1.0, 1.0, 1.0, 0.0, 1.0, 1.0, 1.0, 1.0, 1.0]"
184,3.2364390790462494e-05,0.0,240.8802490234375,0.0,0.0,0.0,0.0,0.0,0.0,4.964768959325738e-05,0.0,369.515625,0.6673564910888672,0.044624149799346924,-0.03460594639182091,-0.2870752513408661,-0.38027164340019226,0.014819036237895489,0.1199655681848526,0.26357293128967285,-0.5303343534469604,1.161319613456726,-0.4939362704753876,-0.30885443091392517,0.8169132471084595,-1.7779537439346313,0.5616387128829956,"[0.6673564910888672, 0.044624149799346924, -0.03460594639182091, 0.28560569882392883, -0.05708954110741615, -0.04137154296040535, -0.04854533076286316, -0.0013109641149640083, -0.9988201856613159, 0.699999988079071, 0.0, 0.0, -0.2870752513408661, -0.38027164340019226, 0.014819036237895489, 0.1199655681848526, -0.13642707467079163, -0.13033434748649597, 5.960464477539062e-07, -0.0939362645149231, 0.4911455810070038, 0.016913235187530518, -0.9779537320137024, -0.23836129903793335, -0.3141564130783081, -1.248186707496643, -1.5331517457962036, -0.3509288430213928, 1.2685354948043823, -1.680534839630127, -4.907837137579918e-05, 0.43404385447502136, -0.325467586517334, 4.179975986480713, -4.085022449493408, 1.0575565099716187, -0.5482061505317688, -0.5896129012107849, -0.4536020755767822, 0.37759873270988464, 0.018147945404052734, -0.815618634223938, 1.609763503074646, 0.4716958701610565, 1.5750532150268555, 0.4372572600841522, -2.4928665161132812, -0.8097432255744934, 1.0, 1.0, 1.0, 1.0, 1.0, 1.0, 0.0, 1.0, 1.0, 1.0, 1.0, 1.0]"
185,3.8596215745201334e-05,0.0,287.2621765136719,0.0,0.0,0.0,0.0,0.0,0.0,3.950131213059649e-05,0.0,293.99859619140625,0.6619195938110352,0.05106460675597191,-0.030465945601463318,-0.2914907932281494,-0.3964596390724182,-0.022278696298599243,0.11539917439222336,0.2861221134662628,-0.5681262016296387,1.1613211631774902,-0.4792903661727905,-0.30863869190216064,0.8807005882263184,-1.8651385307312012,0.5767690539360046,"[0.6619195938110352, 0.05106460675597191, -0.030465945601463318, 0.06523600220680237, -0.19038790464401245, 0.006734862457960844, -0.0511697493493557, -0.004735586233437061, -0.9986786842346191, 0.699999988079071, 0.0, 0.0, -0.2914907932281494, -0.3964596390724182, -0.022278696298599243, 0.11539917439222336, -0.11387789249420166, -0.1681261956691742, 2.1457672119140625e-06, -0.07929036021232605, 0.4913613200187683, 0.0807005763053894, -1.065138578414917, -0.22323095798492432, -0.1249331533908844, -0.4594076871871948, -1.8610036373138428, -0.1139242947101593, 1.1202843189239502, -1.938807725906372, -0.00012019416317343712, 0.5815529227256775, 0.1448354423046112, 2.329690456390381, -4.160584449768066, 1.0678123235702515, -0.6237342953681946, -0.6288112998008728, -0.44437912106513977, 0.2898328900337219, -0.13309645652770996, -0.776445746421814, 1.7164371013641357, 0.5531234741210938, 1.6210962533950806, 0.3673700988292694, -2.5000181198120117, -0.9255293011665344, 1.0, 1.0, 1.0, 1.0, 1.0, 1.0, 0.0, 1.0, 1.0, 1.0, 1.0, 1.0]"
186,3.9850405300967395e-05,0.0,296.5968017578125,0.0,0.0,0.0,0.0,0.0,0.0,4.6009979996597394e-05,0.0,342.4410400390625,0.6585962772369385,0.06141935661435127,0.0003092572442255914,-0.29190462827682495,-0.3965698182582855,-0.0604737251996994,0.11538664251565933,0.30210182070732117,-0.6064432263374329,1.1613214015960693,-0.46078065037727356,-0.29268044233322144,0.9021531939506531,-1.9255961179733276,0.5910482406616211,"[0.6585962772369385, 0.06141935661435127, 0.0003092572442255914, -0.08191292732954025, -0.3241521120071411, 0.037754811346530914, -0.05680747330188751, -0.003865322796627879, -0.998377799987793, 0.699999988079071, 0.0, 0.0, -0.29190462827682495, -0.3965698182582855, -0.0604737251996994, 0.11538664251565933, -0.09789818525314331, -0.20644322037696838, 2.384185791015625e-06, -0.06078064441680908, 0.5073195695877075, 0.10215318202972412, -1.125596046447754, -0.20895177125930786, 0.01372340228408575, 0.16698941588401794, -1.9278416633605957, 0.03257341682910919, 0.7004691362380981, -1.8289904594421387, -0.00029406044632196426, 0.8174356818199158, 1.070364236831665, 0.23360086977481842, -2.3375120162963867, 0.9256545305252075, -0.6086703538894653, -0.6682814955711365, -0.5570141673088074, 0.28200674057006836, -0.2470567226409912, -0.7298462390899658, 1.8119910955429077, 0.6014870405197144, 1.7019675970077515, 0.1966571807861328, -2.4913089275360107, -1.0044801235198975, 1.0, 1.0, 1.0, 1.0, 1.0, 1.0, 0.0, 1.0, 1.0, 1.0, 1.0, 1.0]"
187,3.899322837241925e-05,0.0,290.217041015625,0.0,0.0,0.0,0.0,0.0,0.0,4.894270023214631e-05,0.0,364.2685546875,0.6697935461997986,0.08461540192365646,0.051346708089113235,-0.2914884686470032,-0.3906594514846802,-0.10279947519302368,0.11566662043333054,0.3072330355644226,-0.6372243165969849,1.1613214015960693,-0.4363309144973755,-0.25582170486450195,0.8825392127037048,-1.9540358781814575,0.5984569787979126,"[0.6697935461997986, 0.08461540192365646, 0.051346708089113235, -0.10050831735134125, -0.36909785866737366, 0.03071746416389942, -0.0639180839061737, -0.0020831332076340914, -0.9979528784751892, 0.699999988079071, 0.0, 0.0, -0.2914884686470032, -0.3906594514846802, -0.10279947519302368, 0.11566662043333054, -0.09276697039604187, -0.23722431063652039, 2.384185791015625e-06, -0.03633090853691101, 0.544178307056427, 0.08253920078277588, -1.1540358066558838, -0.20154303312301636, 0.030738264322280884, 0.41011297702789307, -2.1800835132598877, 0.006436736322939396, 0.10120080411434174, -1.196906566619873, -0.00031313439831137657, 1.1522057056427002, 2.174856185913086, -2.166407823562622, -0.7595741748809814, 0.4761470556259155, -0.5908687710762024, -0.5847645998001099, -0.6566489934921265, 0.29647254943847656, -0.40283262729644775, -0.48846808075904846, 1.8487077951431274, 0.6005172729492188, 1.8044501543045044, -0.09874480217695236, -2.3926010131835938, -1.0687651634216309, 1.0, 1.0, 1.0, 1.0, 1.0, 1.0, 0.0, 1.0, 1.0, 1.0, 1.0, 1.0]"
188,3.441582157392986e-05,0.0,256.1485595703125,0.0,0.0,0.0,0.0,0.0,0.0,3.953207851736806e-05,0.0,294.22760009765625,0.6942825317382812,0.09838797897100449,0.09257503598928452,-0.2893412411212921,-0.374233216047287,-0.14766067266464233,0.11678904294967651,0.30036768317222595,-0.6449384689331055,1.1613212823867798,-0.40448030829429626,-0.1967162787914276,0.8105171918869019,-1.9466949701309204,0.5956522822380066,"[0.6942825317382812, 0.09838797897100449, 0.09257503598928452, -0.23301032185554504, -0.41787558794021606, 0.025275038555264473, -0.07178974896669388, 0.0014286874793469906, -0.997418999671936, 0.699999988079071, 0.0, 0.0, -0.2893412411212921, -0.374233216047287, -0.14766067266464233, 0.11678904294967651, -0.09963232278823853, -0.244938462972641, 2.2649765014648438e-06, -0.004480302333831787, 0.6032837629318237, 0.0105171799659729, -1.1466948986053467, -0.20434772968292236, 0.15789709985256195, 1.1901326179504395, -2.2026174068450928, 0.10816366970539093, -0.4779854714870453, 0.3290436565876007, -0.0008857734501361847, 1.5667943954467773, 3.270374059677124, -5.019950866699219, 1.4333630800247192, -0.07231151312589645, -0.697401225566864, -0.409954696893692, -0.6258337497711182, 0.43004077672958374, -0.6557778120040894, 0.021156221628189087, 1.7662667036056519, 0.35022076964378357, 1.7605012655258179, -0.6328297257423401, -2.065722703933716, -0.9752919673919678, 1.0, 1.0, 1.0, 1.0, 1.0, 1.0, 0.0, 1.0, 1.0, 1.0, 1.0, 1.0]"
189,0.0,0.0,0.0,0.0,0.0,0.0,0.0,0.0,0.0,3.667878900159849e-06,0.0,27.299123764038086,0.7139809727668762,0.09346896409988403,0.008490524254739285,-0.2844795286655426,-0.33367010951042175,-0.1853625476360321,0.12359216064214706,0.28803977370262146,-0.6145057678222656,1.1613190174102783,-0.3694937825202942,-0.15395238995552063,0.6917780041694641,-1.8897593021392822,0.5893452167510986,"[0.7139809727668762, 0.09346896409988403, 0.008490524254739285, -0.6117138266563416, -0.39706915616989136, 0.05904686450958252, -0.08016585558652878, 0.010559444315731525, -0.9967259168624878, 0.699999988079071, 0.0, 0.0, -0.2844795286655426, -0.33367010951042175, -0.1853625476360321, 0.12359216064214706, -0.11196023225784302, -0.21450576186180115, 0.0, 0.030506223440170288, 0.6460475921630859, -0.10822200775146484, -1.089759349822998, -0.21065479516983032, 0.13225752115249634, 2.5843729972839355, -1.6029411554336548, 0.5372601747512817, -0.3999170660972595, 2.2537357807159424, -2.3084983240551082e-06, 1.7352336645126343, -1.0265153646469116, -6.392556667327881, 3.6416373252868652, -0.37446942925453186, -1.2749370336532593, -0.20803239941596985, -0.3139197528362274, 0.41308778524398804, -0.5121397376060486, 0.6255148649215698, 1.459908127784729, -0.41328543424606323, 0.7117358446121216, -1.1311167478561401, -1.715403437614441, -0.2878834009170532, 1.0, 1.0, 1.0, 1.0, 1.0, 1.0, 0.0, 1.0, 1.0, 1.0, 1.0, 1.0]"
190,0.0,0.0,0.0,3.802050559897907e-05,0.0,282.9773254394531,0.0,0.0,0.0,0.0,0.0,0.0,0.6768742799758911,0.11273495107889175,-0.022523270919919014,-0.3081471025943756,-0.32740193605422974,-0.21267744898796082,0.13068963587284088,0.27360013127326965,-0.585573673248291,1.161319613456726,-0.3640499711036682,-0.2373885214328766,0.6804162263870239,-1.817221999168396,0.6249668598175049,"[0.6768742799758911, 0.11273495107889175, -0.022523270919919014, 0.26424920558929443, 0.1337290108203888, 0.10622643679380417, -0.08176010847091675, 0.01171676442027092, -0.996583104133606, 0.699999988079071, 0.0, 0.0, -0.3081471025943756, -0.32740193605422974, -0.21267744898796082, 0.13068963587284088, -0.12639987468719482, -0.18557366728782654, 5.960464477539062e-07, 0.035950034856796265, 0.56261146068573, -0.11958378553390503, -1.0172219276428223, -0.17503315210342407, -1.827164649963379, -0.3717251420021057, -0.7609971761703491, 0.405266672372818, -1.1875200271606445, 1.1405622959136963, 0.0078066252171993256, -0.8558136224746704, -4.11622428894043, -0.26213720440864563, 3.147019624710083, 3.9009838104248047, -0.7970824837684631, -0.07612589746713638, -0.05962259694933891, 0.0027997195720672607, -0.4831610918045044, 0.9089721441268921, 1.4635820388793945, -0.9985841512680054, 0.38331061601638794, -1.1610081195831299, -1.8423638343811035, 0.21826967597007751, 1.0, 1.0, 1.0, 1.0, 1.0, 1.0, 0.0, 1.0, 1.0, 1.0, 1.0, 1.0]"
191,0.0,0.0,0.0,5.360850627766922e-05,0.0,398.9950256347656,0.0,0.0,0.0,0.0,0.0,0.0,0.6744818091392517,0.07504190504550934,-0.03598935529589653,-0.34389176964759827,-0.3331722319126129,-0.18869422376155853,0.14186057448387146,0.24614587426185608,-0.5612841248512268,1.1613221168518066,-0.4090959429740906,-0.33936211466789246,0.6628221869468689,-1.7747267484664917,0.7204461097717285,"[0.6744818091392517, 0.07504190504550934, -0.03598935529589653, 0.17437385022640228, 0.5623716115951538, 0.009220118634402752, -0.07378990948200226, 0.006953617092221975, -0.9972498416900635, 0.699999988079071, 0.0, 0.0, -0.34389176964759827, -0.3331722319126129, -0.18869422376155853, 0.14186057448387146, -0.1538541316986084, -0.16128411889076233, 3.0994415283203125e-06, -0.009095937013626099, 0.4606378972530365, -0.13717782497406006, -0.9747267365455627, -0.07955390214920044, -1.4440356492996216, -0.2087986171245575, 2.2199113368988037, 0.5488104820251465, -1.433341383934021, 1.0719549655914307, 0.0070673152804374695, -2.8126909732818604, -5.035045146942139, -0.9270459413528442, 1.9479515552520752, 3.9175240993499756, -0.12075850367546082, 0.2380596101284027, -0.10318847000598907, -0.034395843744277954, -0.12002545595169067, 0.8088411092758179, 1.457155704498291, -0.5944586396217346, 0.7381497621536255, -1.0389188528060913, -1.696173071861267, 0.09169382601976395, 1.0, 1.0, 1.0, 1.0, 1.0, 1.0, 0.0, 1.0, 1.0, 1.0, 1.0, 1.0]"
192,0.0,0.0,0.0,4.830786201637238e-05,0.0,359.54364013671875,0.0,0.0,0.0,0.0,0.0,0.0,0.7079797387123108,0.023604728281497955,-0.07632381469011307,-0.34473347663879395,-0.3327098488807678,-0.1281077116727829,0.14888691902160645,0.21336305141448975,-0.5366027355194092,1.1613175868988037,-0.4696001410484314,-0.3498530983924866,0.6332560777664185,-1.7304478883743286,0.7468957901000977,"[0.7079797387123108, 0.023604728281497955, -0.07632381469011307, -0.1350172460079193, 0.9219291806221008, -0.16115912795066833, -0.058277759701013565, 0.007666026242077351, -0.9982712268829346, 0.699999988079071, 0.0, 0.0, -0.34473347663879395, -0.3327098488807678, -0.1281077116727829, 0.14888691902160645, -0.18663695454597473, -0.1366027295589447, -1.430511474609375e-06, -0.06960013508796692, 0.4501469135284424, -0.1667439341545105, -0.9304478764533997, -0.0531042218208313, 0.887406051158905, 0.09518232941627502, 3.2087490558624268, 0.1693391054868698, -1.8438670635223389, 1.044906497001648, 0.009099369868636131, -2.929326057434082, 2.848170280456543, -1.382138729095459, 2.1415469646453857, -0.6249058246612549, 0.26358816027641296, 0.12092902511358261, -0.1511627584695816, -0.006206333637237549, -0.4463397264480591, 0.5129928588867188, 1.5169401168823242, -0.3954513967037201, 1.5291378498077393, -0.8671407699584961, -1.6712263822555542, -0.3893265426158905, 1.0, 1.0, 1.0, 1.0, 1.0, 1.0, 0.0, 1.0, 1.0, 1.0, 1.0, 1.0]"
193,4.068451016792096e-05,0.0,302.80487060546875,2.5906399969244376e-05,0.0,192.81500244140625,0.0,0.0,0.0,0.0,0.0,0.0,0.7520269155502319,0.007905831560492516,-0.14674197137355804,-0.3009018301963806,-0.3244665563106537,-0.0659840926527977,0.15040811896324158,0.17870254814624786,-0.5174013376235962,1.1613166332244873,-0.5150472521781921,-0.2725270092487335,0.6044574975967407,-1.6959620714187622,0.6882612705230713,"[0.7520269155502319, 0.007905831560492516, -0.14674197137355804, -0.4090806543827057, 1.060222864151001, -0.1973879039287567, -0.03656543418765068, 0.016268672421574593, -0.9991990327835083, 0.699999988079071, 0.0, 0.0, -0.3009018301963806, -0.3244665563106537, -0.0659840926527977, 0.15040811896324158, -0.2212974578142166, -0.11740133166313171, -2.384185791015625e-06, -0.11504724621772766, 0.527472972869873, -0.19554251432418823, -0.8959620594978333, -0.11173874139785767, 1.035409927368164, 0.2754678428173065, 2.7799549102783203, -0.21999625861644745, -1.0002055168151855, 0.7755888104438782, 0.012259848415851593, -1.5974767208099365, -2.4110007286071777, -0.892838180065155, 1.5784766674041748, -4.246123790740967, 0.14279261231422424, -0.0313454307615757, -0.12430255115032196, 0.3051649332046509, -0.5070528388023376, -0.004698991775512695, 1.367497205734253, 0.12985864281654358, 1.7303327322006226, -0.7406527996063232, -1.7342060804367065, -0.7229176163673401, 1.0, 1.0, 1.0, 1.0, 1.0, 1.0, 0.0, 1.0, 1.0, 1.0, 1.0, 1.0]"
194,1.7131147615145892e-05,0.0,127.5029296875,3.0971889373176964e-06,0.0,23.051620483398438,0.0,0.0,0.0,0.0,0.0,0.0,0.7184396982192993,-0.027805723249912262,-0.021892711520195007,-0.3072976768016815,-0.33364373445510864,-0.015603645704686642,0.1258784383535385,0.2237667739391327,-0.4888250529766083,1.161322832107544,-0.5145229697227478,-0.3114834129810333,0.5910890698432922,-1.6722337007522583,0.5886975526809692,"[0.7184396982192993, -0.027805723249912262, -0.021892711520195007, 0.19225174188613892, -0.07372932136058807, -0.12697413563728333, -0.032849960029125214, 0.006832183804363012, -0.9994369149208069, 0.699999988079071, 0.0, 0.0, -0.3072976768016815, -0.33364373445510864, -0.015603645704686642, 0.1258784383535385, -0.1762332320213318, -0.0888250470161438, 3.814697265625e-06, -0.11452296376228333, 0.48851659893989563, -0.20891094207763672, -0.8722336888313293, -0.21130245923995972, 0.07393284887075424, -0.036103248596191406, 3.052523374557495, -0.5725443959236145, 1.5009535551071167, 1.1532306671142578, 0.0064389025792479515, 0.8540146350860596, 0.29160982370376587, 0.22352662682533264, 0.5329525470733643, -5.737688064575195, 0.03658100962638855, -0.5456979870796204, -0.13473699986934662, 0.6103490591049194, -0.1741701364517212, -0.43128126859664917, 1.464735507965088, 0.46180006861686707, 1.6357523202896118, -0.2939266264438629, -1.7097612619400024, -0.9208154678344727, 1.0, 1.0, 1.0, 1.0, 1.0, 1.0, 0.0, 1.0, 1.0, 1.0, 1.0, 1.0]"
195,2.732339817157481e-05,0.0,203.3613739013672,0.0,0.0,0.0,0.0,0.0,0.0,3.821072095888667e-05,0.0,284.3930358886719,0.6671059727668762,-0.034377772361040115,-0.10964568704366684,-0.30736008286476135,-0.3319544792175293,0.03194383904337883,0.12866128981113434,0.2470933496952057,-0.4814144968986511,1.1613185405731201,-0.47904902696609497,-0.30165573954582214,0.6316943764686584,-1.6658507585525513,0.5054280757904053,"[0.6671059727668762, -0.034377772361040115, -0.10964568704366684, 0.35027292370796204, -0.5511600971221924, -0.006761276628822088, -0.04096199944615364, 0.004055593628436327, -0.9991521835327148, 0.699999988079071, 0.0, 0.0, -0.30736008286476135, -0.3319544792175293, 0.03194383904337883, 0.12866128981113434, -0.1529066562652588, -0.08141449093818665, -4.76837158203125e-07, -0.0790490210056305, 0.4983442723751068, -0.1683056354522705, -0.8658507466316223, -0.2945719361305237, -0.21494022011756897, -0.3338038921356201, 1.3924586772918701, -0.6250290870666504, 0.9701597690582275, -0.1928640753030777, -0.0002124228049069643, 1.5501620769500732, 1.0427472591400146, 3.443058490753174, -0.6224291920661926, 5.501640319824219, -0.5257113575935364, -0.6519370675086975, -0.3489377796649933, 0.4523656964302063, 0.11735779047012329, -0.6270273327827454, 1.5242714881896973, 0.5878677368164062, 1.5976535081863403, 0.30387261509895325, -2.0383129119873047, -0.9833534955978394, 1.0, 1.0, 1.0, 1.0, 1.0, 1.0, 0.0, 1.0, 1.0, 1.0, 1.0, 1.0]"
196,2.4979392037494108e-05,0.0,185.91549682617188,0.0,0.0,0.0,0.0,0.0,0.0,6.558620953001082e-05,0.0,488.1421203613281,0.6602515578269958,0.021479077637195587,-0.07320138812065125,-0.3079526126384735,-0.3459344506263733,0.04069184511899948,0.12355388700962067,0.2711101174354553,-0.5030926465988159,1.1613188982009888,-0.46986666321754456,-0.29662731289863586,0.7207992672920227,-1.7180720567703247,0.5370810031890869,"[0.6602515578269958, 0.021479077637195587, -0.07320138812065125, 0.05634261667728424, -0.21709351241588593, -0.055679451674222946, -0.0478006973862648, 0.0020728688687086105, -0.9988547563552856, 0.699999988079071, 0.0, 0.0, -0.3079526126384735, -0.3459344506263733, 0.04069184511899948, 0.12355388700962067, -0.12888988852500916, -0.10309264063835144, -1.1920928955078125e-07, -0.06986665725708008, 0.5033726692199707, -0.07920074462890625, -0.9180720448493958, -0.26291900873184204, -0.041000500321388245, -0.9534326791763306, -0.3989679217338562, -0.08334589004516602, 1.2936068773269653, -1.5256283283233643, 0.00016793719260022044, 0.2592603862285614, -0.11259809136390686, 4.709360599517822, -3.604722738265991, 1.5879303216934204, -0.5533974766731262, -0.59848552942276, -0.5856357216835022, 0.4017285108566284, -0.14143013954162598, -0.8859013319015503, 1.6204713582992554, 0.45149561762809753, 1.6733754873275757, 0.40531641244888306, -2.4816176891326904, -0.9857569336891174, 1.0, 1.0, 1.0, 1.0, 1.0, 1.0, 0.0, 1.0, 1.0, 1.0, 1.0, 1.0]"
197,3.9814018236938864e-05,0.0,296.32598876953125,0.0,0.0,0.0,0.0,0.0,0.0,4.4239492126507685e-05,0.0,329.26373291015625,0.6550365686416626,0.06056056171655655,-0.05062006786465645,-0.31334415078163147,-0.36974388360977173,0.0027104467153549194,0.1178985983133316,0.29324156045913696,-0.5432812571525574,1.1613209247589111,-0.4586726129055023,-0.2947678565979004,0.8098194599151611,-1.809312105178833,0.5586328506469727,"[0.6550365686416626, 0.06056056171655655, -0.05062006786465645, 0.24730733036994934, -0.17798379063606262, -0.0023526172153651714, -0.05116161331534386, -0.0025246948935091496, -0.9986873269081116, 0.699999988079071, 0.0, 0.0, -0.31334415078163147, -0.36974388360977173, 0.0027104467153549194, 0.1178985983133316, -0.10675844550132751, -0.1432812511920929, 1.9073486328125e-06, -0.05867260694503784, 0.5052321553230286, 0.009819447994232178, -1.0093121528625488, -0.2413671612739563, -0.3143734931945801, -1.1358667612075806, -2.4023327827453613, -0.3049013614654541, 1.069333553314209, -2.2117726802825928, -0.0004056585021317005, 0.4200098514556885, 0.172968327999115, 4.062763214111328, -4.915543079376221, 1.2922618389129639, -0.5726028084754944, -0.6157441735267639, -0.44666242599487305, 0.3454906642436981, -0.06265431642532349, -0.7927457094192505, 1.6040409803390503, 0.5280411243438721, 1.5788887739181519, 0.41356363892555237, -2.5528180599212646, -0.8402667045593262, 1.0, 1.0, 1.0, 1.0, 1.0, 1.0, 0.0, 1.0, 1.0, 1.0, 1.0, 1.0]"
198,3.901888703694567e-05,0.0,290.40802001953125,0.0,0.0,0.0,0.0,0.0,0.0,4.129344233660959e-05,0.0,307.3370361328125,0.653720498085022,0.06489520519971848,-0.034057166427373886,-0.31597161293029785,-0.3814886808395386,-0.04403455927968025,0.11588657647371292,0.3103705942630768,-0.5891236662864685,1.1613214015960693,-0.4432176947593689,-0.2816183865070343,0.8660349249839783,-1.898614764213562,0.5771101713180542,"[0.653720498085022, 0.06489520519971848, -0.034057166427373886, -0.0672583058476448, -0.3184283673763275, 0.040488723665475845, -0.05647852271795273, -0.003556955838575959, -0.998397946357727, 0.699999988079071, 0.0, 0.0, -0.31597161293029785, -0.3814886808395386, -0.04403455927968025, 0.11588657647371292, -0.0896294116973877, -0.18912366032600403, 2.384185791015625e-06, -0.04321768879890442, 0.5183815956115723, 0.06603491306304932, -1.0986146926879883, -0.22288984060287476, -0.018722228705883026, -0.2849552631378174, -2.202857255935669, 0.023114630952477455, 0.8477997779846191, -2.233656406402588, -0.0006243418902158737, 0.6692171692848206, 0.7730280756950378, 1.7991483211517334, -3.8390145301818848, 1.153843879699707, -0.6555909514427185, -0.6493852734565735, -0.5430492162704468, 0.27828162908554077, -0.2589559555053711, -0.7690746784210205, 1.745449185371399, 0.5845026969909668, 1.6616653203964233, 0.2876790761947632, -2.5419116020202637, -1.0196688175201416, 1.0, 1.0, 1.0, 1.0, 1.0, 1.0, 0.0, 1.0, 1.0, 1.0, 1.0, 1.0]"
199,4.1245461034122854e-05,0.0,306.9798889160156,0.0,0.0,0.0,0.0,0.0,0.0,4.7802695917198434e-05,0.0,355.7837829589844,0.6640684604644775,0.08672737330198288,0.006529542151838541,-0.31551089882850647,-0.3829653263092041,-0.09071431308984756,0.11693967878818512,0.31970295310020447,-0.6290602087974548,1.1613218784332275,-0.42216092348098755,-0.25187885761260986,0.8738443851470947,-1.9479302167892456,0.5904374718666077,"[0.6640684604644775, 0.08672737330198288, 0.006529542151838541, -0.11847764998674393, -0.3863299489021301, 0.045619040727615356, -0.06377575546503067, -0.0012517585419118404, -0.9979632496833801, 0.699999988079071, 0.0, 0.0, -0.31551089882850647, -0.3829653263092041, -0.09071431308984756, 0.11693967878818512, -0.08029705286026001, -0.22906020283699036, 2.86102294921875e-06, -0.02216091752052307, 0.5481211543083191, 0.07384437322616577, -1.1479301452636719, -0.2095625400543213, 0.02289135754108429, 0.012542754411697388, -2.3946619033813477, 0.04126526415348053, 0.3437933623790741, -1.724196434020996, -0.0008726012893021107, 0.9664396643638611, 1.7536811828613281, -0.7135973572731018, -1.6502259969711304, 0.8148521184921265, -0.6152878403663635, -0.6187794208526611, -0.6337549090385437, 0.27821439504623413, -0.40981167554855347, -0.6189461946487427, 1.8126412630081177, 0.6083725690841675, 1.7631908655166626, 0.025571532547473907, -2.474001169204712, -1.0656075477600098, 1.0, 1.0, 1.0, 1.0, 1.0, 1.0, 0.0, 1.0, 1.0, 1.0, 1.0, 1.0]"
200,3.9871669287094846e-05,0.0,296.75506591796875,0.0,0.0,0.0,0.0,0.0,0.0,4.2614472476998344e-05,0.0,317.1690979003906,0.6865326166152954,0.10456765443086624,0.06051120162010193,-0.313872367143631,-0.3760748505592346,-0.1387711465358734,0.11837514489889145,0.31637004017829895,-0.6498618125915527,1.1613218784332275,-0.3936113119125366,-0.19870257377624512,0.8268281817436218,-1.9569143056869507,0.5937060117721558,"[0.6865326166152954, 0.10456765443086624, 0.06051120162010193, -0.22357140481472015, -0.4367002546787262, 0.04410959780216217, -0.07196895778179169, 0.0022949413396418095, -0.9974043369293213, 0.699999988079071, 0.0, 0.0, -0.313872367143631, -0.3760748505592346, -0.1387711465358734, 0.11837514489889145, -0.08362996578216553, -0.24986180663108826, 2.86102294921875e-06, 0.0063886940479278564, 0.6012974381446838, 0.02682816982269287, -1.156914234161377, -0.2062940001487732, 0.12630978226661682, 0.6775309443473816, -2.311720132827759, 0.11131601780653, -0.325579971075058, -0.3782106637954712, -0.0012918594293296337, 1.4148370027542114, 3.004338026046753, -3.98598051071167, 0.6222085952758789, 0.21183571219444275, -0.6665299534797668, -0.43869152665138245, -0.643549919128418, 0.3756987452507019, -0.6888784170150757, -0.14011862874031067, 1.7847501039505005, 0.4182684123516083, 1.7985461950302124, -0.43916282057762146, -2.1970374584198, -1.021289587020874, 1.0, 1.0, 1.0, 1.0, 1.0, 1.0, 0.0, 1.0, 1.0, 1.0, 1.0, 1.0]"
201,0.0,0.0,0.0,0.0,0.0,0.0,0.0,0.0,0.0,1.24622229122906e-05,0.0,92.75328826904297,0.7086825966835022,0.1011054515838623,0.020161572843790054,-0.30843889713287354,-0.3455616533756256,-0.17856039106845856,0.1244969367980957,0.30384695529937744,-0.633346676826477,1.1613190174102783,-0.359662264585495,-0.13789984583854675,0.7238771915435791,-1.9151915311813354,0.590673565864563,"[0.7086825966835022, 0.1011054515838623, 0.020161572843790054, -0.5554127097129822, -0.4527067244052887, 0.06765947490930557, -0.08114701509475708, 0.010693496093153954, -0.9966450333595276, 0.699999988079071, 0.0, 0.0, -0.30843889713287354, -0.3455616533756256, -0.17856039106845856, 0.1244969367980957, -0.09615305066108704, -0.23334667086601257, 0.0, 0.04033774137496948, 0.6621001958847046, -0.07612282037734985, -1.1151914596557617, -0.20932644605636597, 0.2831878960132599, 2.134852409362793, -1.74800443649292, 0.4575398564338684, -0.5129579901695251, 1.6682922840118408, 1.055745542544173e-06, 1.6810418367385864, 1.343100666999817, -6.053374290466309, 3.117720365524292, -0.1231604591012001, -1.148646354675293, -0.22973349690437317, -0.3993251621723175, 0.43466830253601074, -0.634992778301239, 0.626962423324585, 1.5072880983352661, -0.1894427239894867, 0.995863139629364, -1.1353914737701416, -1.7617878913879395, -0.4541383683681488, 1.0, 1.0, 1.0, 1.0, 1.0, 1.0, 0.0, 1.0, 1.0, 1.0, 1.0, 1.0]"
202,0.0,0.0,0.0,2.8518703402369283e-05,0.0,212.2577362060547,0.0,0.0,0.0,0.0,0.0,0.0,0.6691497564315796,0.1241912916302681,-0.07460235059261322,-0.3217129707336426,-0.3247584104537964,-0.21161814033985138,0.1330164074897766,0.28968915343284607,-0.6059730648994446,1.1613175868988037,-0.343421071767807,-0.20564939081668854,0.6884689331054688,-1.8385143280029297,0.6094417572021484,"[0.6691497564315796, 0.1241912916302681, -0.07460235059261322, 0.10563970357179642, -0.08515364676713943, 0.10807634145021439, -0.08645430952310562, 0.016633102670311928, -0.9961168169975281, 0.699999988079071, 0.0, 0.0, -0.3217129707336426, -0.3247584104537964, -0.21161814033985138, 0.1330164074897766, -0.11031085252761841, -0.2059730589389801, -1.430511474609375e-06, 0.05657893419265747, 0.5943506360054016, -0.1115310788154602, -1.0385143756866455, -0.19055825471878052, -1.4132672548294067, -0.28352805972099304, -1.5636428594589233, 0.315454363822937, -1.1367511749267578, 0.708749532699585, -0.001393243670463562, -0.25681063532829285, -4.424724578857422, 0.7386162281036377, 3.368248701095581, 2.8868343830108643, -0.8737237453460693, -0.1931205689907074, -0.16157536208629608, 0.03731131553649902, -0.4699682593345642, 0.9088695049285889, 1.498651146888733, -1.01510488986969, 0.18066449463367462, -1.1223151683807373, -1.8936314582824707, 0.17366495728492737, 1.0, 1.0, 1.0, 1.0, 1.0, 1.0, 0.0, 1.0, 1.0, 1.0, 1.0, 1.0]"
203,0.0,0.0,0.0,6.238630885491148e-05,0.0,464.3260498046875,0.0,0.0,0.0,0.0,0.0,0.0,0.6573280692100525,0.09006335586309433,-0.07854762673377991,-0.35506317019462585,-0.33347779512405396,-0.21013608574867249,0.13987989723682404,0.26019924879074097,-0.5884368419647217,1.16131591796875,-0.38307076692581177,-0.31756868958473206,0.6872521042823792,-1.8001185655593872,0.7092048525810242,"[0.6573280692100525, 0.09006335586309433, -0.07854762673377991, 0.2653979957103729, 0.4035607576370239, 0.008903361856937408, -0.08202586323022842, 0.010496038012206554, -0.9965750575065613, 0.699999988079071, 0.0, 0.0, -0.35506317019462585, -0.33347779512405396, -0.21013608574867249, 0.13987989723682404, -0.1398007571697235, -0.1884368360042572, -3.0994415283203125e-06, 0.01692923903465271, 0.4824313223361969, -0.1127479076385498, -1.0001184940338135, -0.09079515933990479, -1.3950337171554565, -0.3562544286251068, 1.236099123954773, 0.4045982360839844, -1.5700207948684692, 0.7182916402816772, 0.007398265413939953, -2.700613260269165, -5.972367286682129, -0.1755150556564331, 1.6675013303756714, 4.525238990783691, -0.14488771557807922, 0.24648049473762512, -0.11777748167514801, -0.03896486759185791, -0.2701156735420227, 0.9413324594497681, 1.4816445112228394, -0.6732907295227051, 0.6121835708618164, -0.99623042345047, -1.7791073322296143, 0.20130586624145508, 1.0, 1.0, 1.0, 1.0, 1.0, 1.0, 0.0, 1.0, 1.0, 1.0, 1.0, 1.0]"
204,0.0,0.0,0.0,5.647750003845431e-05,0.0,420.34820556640625,0.0,0.0,0.0,0.0,0.0,0.0,0.6837756633758545,0.03314148634672165,-0.09493190050125122,-0.3545573651790619,-0.33456942439079285,-0.15804505348205566,0.148398756980896,0.22290532290935516,-0.569035530090332,1.1613173484802246,-0.4470748007297516,-0.36213409900665283,0.6706398129463196,-1.7589730024337769,0.7578425407409668,"[0.6837756633758545, 0.03314148634672165, -0.09493190050125122, -0.13393576443195343, 0.7905231714248657, -0.16278953850269318, -0.06931999325752258, 0.010923796333372593, -0.9975343942642212, 0.699999988079071, 0.0, 0.0, -0.3545573651790619, -0.33456942439079285, -0.15804505348205566, 0.148398756980896, -0.17709468305110931, -0.16903552412986755, -1.6689300537109375e-06, -0.04707479476928711, 0.4378659129142761, -0.12936019897460938, -0.9589729905128479, -0.04215747117996216, 0.9405133724212646, 0.0626736730337143, 3.055663585662842, 0.32380232214927673, -2.158884286880493, 0.7899353504180908, 0.009411290287971497, -3.3076775074005127, 1.2340941429138184, -0.8051925897598267, 2.1547601222991943, 0.870773196220398, 0.14497557282447815, 0.21591225266456604, -0.11861900985240936, -0.02313283085823059, -0.3415220379829407, 0.6944026947021484, 1.5374881029129028, -0.5100712180137634, 1.358216643333435, -0.9258594512939453, -1.679093360900879, -0.2173323631286621, 1.0, 1.0, 1.0, 1.0, 1.0, 1.0, 0.0, 1.0, 1.0, 1.0, 1.0, 1.0]"
205,0.0,0.0,0.0,3.8330272218445316e-05,0.0,285.2828369140625,0.0,0.0,0.0,0.0,0.0,0.0,0.734956681728363,-0.012238307856023312,-0.15692172944545746,-0.3068212866783142,-0.3286026418209076,-0.09461585432291031,0.1517612338066101,0.18099868297576904,-0.5504382848739624,1.1613178253173828,-0.5051372051239014,-0.2901318371295929,0.644970178604126,-1.719839096069336,0.7233170866966248,"[0.734956681728363, -0.012238307856023312, -0.15692172944545746, -0.4986182749271393, 1.168930172920227, -0.2733663320541382, -0.04894949495792389, 0.017773088067770004, -0.9986430406570435, 0.699999988079071, 0.0, 0.0, -0.3068212866783142, -0.3286026418209076, -0.09461585432291031, 0.1517612338066101, -0.21900132298469543, -0.15043827891349792, -1.1920928955078125e-06, -0.10513719916343689, 0.5098681449890137, -0.15502983331680298, -0.919839084148407, -0.0766829252243042, 3.1714730262756348, 0.4235139787197113, 3.1139440536499023, 0.1367088109254837, -2.0869333744049072, 0.7396087646484375, 0.008009545505046844, -2.4528415203094482, 4.706677436828613, -1.172376036643982, 1.677310824394226, -3.434560775756836, 0.15596404671669006, 0.1298551857471466, -0.16260333359241486, 0.23528218269348145, -0.5433502793312073, 0.2541687786579132, 1.4241551160812378, -0.07791605591773987, 1.6412216424942017, -0.8033329248428345, -1.7457343339920044, -0.5797070264816284, 1.0, 1.0, 1.0, 1.0, 1.0, 1.0, 0.0, 1.0, 1.0, 1.0, 1.0, 1.0]"
206,6.661655788775533e-05,0.0,495.8107604980469,1.0157174983760342e-05,0.0,75.59737396240234,0.0,0.0,0.0,0.0,0.0,0.0,0.7477537393569946,-0.0032439474016427994,0.017114469781517982,-0.29905760288238525,-0.3353283107280731,-0.045443061739206314,0.13220882415771484,0.20477654039859772,-0.5234281420707703,1.161317229270935,-0.5255743265151978,-0.3085970878601074,0.6206154227256775,-1.689178228378296,0.6372784972190857,"[0.7477537393569946, -0.0032439474016427994, 0.017114469781517982, 0.855617344379425, 0.07214571535587311, -0.2270263433456421, -0.03676014393568039, 0.011482780799269676, -0.9992580413818359, 0.699999988079071, 0.0, 0.0, -0.29905760288238525, -0.3353283107280731, -0.045443061739206314, 0.13220882415771484, -0.19522346556186676, -0.12342813611030579, -1.7881393432617188e-06, -0.12557432055473328, 0.49140292406082153, -0.17938458919525146, -0.8891782164573669, -0.16272151470184326, -0.6674031019210815, -0.9172373414039612, 2.4372785091400146, -1.5650920867919922, 3.2392311096191406, 1.7561538219451904, 0.002503789495676756, -0.0008896822109818459, -3.3197758197784424, -1.0310323238372803, 1.1673349142074585, -4.965240478515625, 0.012551696971058846, -0.11860612779855728, -0.10019440948963165, 0.4098685681819916, -0.7604026198387146, -0.32902321219444275, 1.4346354007720947, 0.33767449855804443, 1.8654060363769531, -0.5399230122566223, -1.7511889934539795, -0.858658492565155, 1.0, 1.0, 1.0, 1.0, 1.0, 1.0, 0.0, 1.0, 1.0, 1.0, 1.0, 1.0]"
207,4.230843114783056e-05,0.0,314.8913269042969,0.0,0.0,0.0,0.0,0.0,0.0,0.0,0.0,0.0,0.6804352402687073,-0.05461329594254494,-0.04243939369916916,-0.3011106252670288,-0.33673709630966187,0.012333232909440994,0.12793490290641785,0.23220080137252808,-0.5038346648216248,1.1613205671310425,-0.5030781626701355,-0.3092179000377655,0.6303779482841492,-1.680945873260498,0.5282449722290039,"[0.6804352402687073, -0.05461329594254494, -0.04243939369916916, 0.34623536467552185, -0.37440308928489685, 0.003897393587976694, -0.03980255499482155, 0.006213603541254997, -0.9991886019706726, 0.699999988079071, 0.0, 0.0, -0.3011106252670288, -0.33673709630966187, 0.012333232909440994, 0.12793490290641785, -0.1677992045879364, -0.10383465886116028, 1.5497207641601562e-06, -0.10307815670967102, 0.49078211188316345, -0.16962206363677979, -0.8809458613395691, -0.27175503969192505, -0.20480531454086304, 0.025418013334274292, 2.336379051208496, 0.03633013367652893, 1.1755962371826172, 0.609635055065155, -0.0005275730509310961, 1.6906957626342773, 0.46725454926490784, 1.5658490657806396, 0.19548963010311127, -4.770803928375244, -0.3719748556613922, -0.6939412951469421, -0.3106319308280945, 0.5582622289657593, 0.2862737774848938, -0.4561573565006256, 1.4927297830581665, 0.537969708442688, 1.5128490924835205, 0.20690453052520752, -1.9118521213531494, -0.9450177550315857, 1.0, 1.0, 1.0, 1.0, 1.0, 1.0, 0.0, 1.0, 1.0, 1.0, 1.0, 1.0]"
208,2.7219104595133103e-05,0.0,202.58514404296875,0.0,0.0,0.0,0.0,0.0,0.0,1.539398181193974e-05,0.0,114.57364654541016,0.661838710308075,-0.0055328719317913055,-0.05029558017849922,-0.3054472506046295,-0.34522855281829834,0.033648453652858734,0.12368746846914291,0.2519127428531647,-0.5101474523544312,1.1613191366195679,-0.48549380898475647,-0.29658037424087524,0.7082330584526062,-1.7084757089614868,0.5449956655502319,"[0.661838710308075, -0.0055328719317913055, -0.05029558017849922, 0.27121680974960327, -0.2589775323867798, -0.0326894074678421, -0.04677559807896614, -0.00016383733600378036, -0.9989054799079895, 0.699999988079071, 0.0, 0.0, -0.3054472506046295, -0.34522855281829834, 0.033648453652858734, 0.12368746846914291, -0.1480872631072998, -0.11014744639396667, 1.1920928955078125e-07, -0.08549380302429199, 0.5034196376800537, -0.09176695346832275, -0.9084756970405579, -0.255004346370697, -0.22923049330711365, -0.7991247177124023, 0.3643324077129364, -0.24716870486736298, 1.378028154373169, -0.772361695766449, -0.0019524567760527134, 0.5980459451675415, -0.12768451869487762, 4.738571643829346, -2.6729655265808105, 1.1934455633163452, -0.5174151062965393, -0.7100100517272949, -0.44279223680496216, 0.33622056245803833, 0.027289271354675293, -0.7363228797912598, 1.6079024076461792, 0.6856834888458252, 1.6747286319732666, 0.4280388355255127, -2.296966314315796, -0.9640688896179199, 1.0, 1.0, 1.0, 1.0, 1.0, 1.0, 0.0, 1.0, 1.0, 1.0, 1.0, 1.0]"
209,3.284122431068681e-05,0.0,244.42918395996094,0.0,0.0,0.0,0.0,0.0,0.0,4.9379417760064825e-05,0.0,367.5189208984375,0.6729845404624939,0.04780776798725128,-0.04139091446995735,-0.3102443218231201,-0.36994853615760803,0.015165668912231922,0.11820933222770691,0.27687230706214905,-0.5365549325942993,1.1613197326660156,-0.47174882888793945,-0.3012402057647705,0.8023166060447693,-1.78191077709198,0.560378909111023,"[0.6729845404624939, 0.04780776798725128, -0.04139091446995735, 0.216467946767807, -0.05404069274663925, -0.0433829203248024, -0.04869624599814415, -0.0048300535418093204, -0.9988023638725281, 0.699999988079071, 0.0, 0.0, -0.3102443218231201, -0.36994853615760803, 0.015165668912231922, 0.11820933222770691, -0.12312769889831543, -0.13655492663383484, 7.152557373046875e-07, -0.07174882292747498, 0.49875980615615845, 0.002316594123840332, -0.981910765171051, -0.239621102809906, -0.257564514875412, -1.3749405145645142, -1.5004510879516602, -0.2891867458820343, 1.3154171705245972, -1.5557587146759033, -7.234426448121667e-05, 0.5108633041381836, -0.3958500325679779, 4.421088218688965, -4.121882438659668, 0.9457059502601624, -0.5290753841400146, -0.6152518391609192, -0.47828930616378784, 0.3885161578655243, -0.02624654769897461, -0.8281943798065186, 1.5857514142990112, 0.4788900315761566, 1.5669097900390625, 0.44164934754371643, -2.5160586833953857, -0.8386262655258179, 1.0, 1.0, 1.0, 1.0, 1.0, 1.0, 0.0, 1.0, 1.0, 1.0, 1.0, 1.0]"
210,4.003788490081206e-05,0.0,297.9921875,0.0,0.0,0.0,0.0,0.0,0.0,3.880422082147561e-05,0.0,288.810302734375,0.6666460037231445,0.057115986943244934,-0.035339176654815674,-0.3139382004737854,-0.3905453681945801,-0.022653773427009583,0.11446940898895264,0.2997373342514038,-0.5725433826446533,1.1613212823867798,-0.455479234457016,-0.3016278147697449,0.8721190094947815,-1.8705782890319824,0.5729601383209229,"[0.6666460037231445, 0.057115986943244934, -0.035339176654815674, 0.03198447823524475, -0.18273024260997772, 0.009592842310667038, -0.05117287486791611, -0.007240804843604565, -0.998663604259491, 0.699999988079071, 0.0, 0.0, -0.3139382004737854, -0.3905453681945801, -0.022653773427009583, 0.11446940898895264, -0.10026267170906067, -0.17254337668418884, 2.2649765014648438e-06, -0.055479228496551514, 0.4983721971511841, 0.07211899757385254, -1.0705783367156982, -0.2270398736000061, -0.10618522763252258, -0.730546236038208, -1.9451634883880615, -0.08817760646343231, 1.1247607469558716, -1.8684643507003784, -0.00017607351765036583, 0.6569226384162903, 0.13635988533496857, 2.65495228767395, -4.265401363372803, 0.9512324333190918, -0.6104417443275452, -0.6395472884178162, -0.4564576745033264, 0.28425687551498413, -0.18726575374603271, -0.7984485626220703, 1.6948941946029663, 0.5460854768753052, 1.609818696975708, 0.37508198618888855, -2.5279364585876465, -0.9460252523422241, 1.0, 1.0, 1.0, 1.0, 1.0, 1.0, 0.0, 1.0, 1.0, 1.0, 1.0, 1.0]"
211,4.132961112190969e-05,0.0,307.606201171875,0.0,0.0,0.0,0.0,0.0,0.0,4.488343984121457e-05,0.0,334.05645751953125,0.6619113087654114,0.06747699528932571,-0.0032730484381318092,-0.3142956495285034,-0.39635345339775085,-0.06321094185113907,0.11472758650779724,0.3150808811187744,-0.6099274158477783,1.1613216400146484,-0.43561115860939026,-0.2847103476524353,0.8979049324989319,-1.9337012767791748,0.5851748585700989,"[0.6619113087654114, 0.06747699528932571, -0.0032730484381318092, -0.09732867777347565, -0.32173898816108704, 0.04806540906429291, -0.056701865047216415, -0.005999488290399313, -0.9983732104301453, 0.699999988079071, 0.0, 0.0, -0.3142956495285034, -0.39635345339775085, -0.06321094185113907, 0.11472758650779724, -0.08491912484169006, -0.20992740988731384, 2.6226043701171875e-06, -0.03561115264892578, 0.5152896642684937, 0.09790492057800293, -1.1337013244628906, -0.21482515335083008, 0.015900015830993652, -0.10811515152454376, -2.0429375171661377, 0.04655052721500397, 0.658488929271698, -1.7933980226516724, -0.0003538397140800953, 0.8836631774902344, 1.1430853605270386, 0.38479670882225037, -2.468337297439575, 0.8326825499534607, -0.5969527363777161, -0.6756437420845032, -0.568507969379425, 0.25995033979415894, -0.3052447438240051, -0.7457215785980225, 1.7964187860488892, 0.5994342565536499, 1.697782039642334, 0.2018606960773468, -2.5210297107696533, -1.0374072790145874, 1.0, 1.0, 1.0, 1.0, 1.0, 1.0, 0.0, 1.0, 1.0, 1.0, 1.0, 1.0]"
212,4.015782178612426e-05,0.0,298.88482666015625,0.0,0.0,0.0,0.0,0.0,0.0,4.7725327021908015e-05,0.0,355.2079162597656,0.6729198098182678,0.08951309323310852,0.04908791556954384,-0.31370073556900024,-0.3950190246105194,-0.10715695470571518,0.11551368236541748,0.31878411769866943,-0.6402437686920166,1.1613216400146484,-0.40974363684654236,-0.24542073905467987,0.8800941109657288,-1.9640055894851685,0.5906657576560974,"[0.6729198098182678, 0.08951309323310852, 0.04908791556954384, -0.12423615902662277, -0.3739609718322754, 0.047468263655900955, -0.06385350227355957, -0.0037409253418445587, -0.9979523420333862, 0.699999988079071, 0.0, 0.0, -0.31370073556900024, -0.3950190246105194, -0.10715695470571518, 0.11551368236541748, -0.08121588826179504, -0.24024376273155212, 2.6226043701171875e-06, -0.00974363088607788, 0.5545792579650879, 0.0800940990447998, -1.1640055179595947, -0.20933425426483154, 0.0432867556810379, 0.21168839931488037, -2.2441506385803223, 0.03490268439054489, 0.015191230922937393, -1.1637650728225708, -0.0003645573742687702, 1.225204348564148, 2.328688859939575, -2.155475616455078, -0.8215661644935608, 0.3837739825248718, -0.5840350985527039, -0.5901520848274231, -0.6656278371810913, 0.2739552855491638, -0.477641224861145, -0.4812690317630768, 1.8361260890960693, 0.5911020040512085, 1.808125376701355, -0.11167482286691666, -2.4174492359161377, -1.0933934450149536, 0.0, 1.0, 1.0, 1.0, 1.0, 1.0, 0.0, 1.0, 1.0, 1.0, 1.0, 1.0]"
213,3.1999603379517794e-05,0.0,238.1652069091797,0.0,0.0,0.0,0.0,0.0,0.0,3.550251858541742e-05,0.0,264.2365417480469,0.6997963786125183,0.10122453421354294,0.09097082912921906,-0.31128421425819397,-0.38079574704170227,-0.15108345448970795,0.1172829270362854,0.30929461121559143,-0.6449317932128906,1.1613200902938843,-0.37654176354408264,-0.1813952475786209,0.8040744662284851,-1.9499523639678955,0.5864635705947876,"[0.6997963786125183, 0.10122453421354294, 0.09097082912921906, -0.2702656686306, -0.4434470236301422, 0.0419638454914093, -0.07200705260038376, 0.00026714522391557693, -0.9974039793014526, 0.699999988079071, 0.0, 0.0, -0.31128421425819397, -0.38079574704170227, -0.15108345448970795, 0.1172829270362854, -0.09070539474487305, -0.24493178725242615, 1.0728836059570312e-06, 0.023458242416381836, 0.6186047792434692, 0.004074454307556152, -1.1499524116516113, -0.21353644132614136, 0.22033831477165222, 1.192444920539856, -1.9030659198760986, 0.1548405885696411, -0.6492366194725037, 0.6555465459823608, -0.0025788205675780773, 1.6564782857894897, 3.517725944519043, -5.596289157867432, 2.398871421813965, -0.15673500299453735, -0.9667180776596069, -0.3679976165294647, -0.24824552237987518, 0.14022478461265564, -0.7061569690704346, 0.40795180201530457, 1.6611660718917847, 0.3052215874195099, 1.743231177330017, -0.8534765243530273, -1.7924909591674805, -0.9134679436683655, 1.0, 1.0, 1.0, 1.0, 1.0, 1.0, 0.0, 1.0, 1.0, 1.0, 1.0, 1.0]"
214,0.0,0.0,0.0,0.0,0.0,0.0,0.0,0.0,0.0,0.0,0.0,0.0,0.724021852016449,0.10014069080352783,-0.004358748905360699,-0.3077481687068939,-0.3375663757324219,-0.16556228697299957,0.12453572452068329,0.2976653277873993,-0.6004512310028076,1.161319613456726,-0.34124046564102173,-0.16042332351207733,0.6651837229728699,-1.8641096353530884,0.580604076385498,"[0.724021852016449, 0.10014069080352783, -0.004358748905360699, -0.5436834096908569, -0.4606386423110962, 0.03199717402458191, -0.08129922300577164, 0.009892096742987633, -0.9966408014297485, 0.699999988079071, 0.0, 0.0, -0.3077481687068939, -0.3375663757324219, -0.16556228697299957, 0.12453572452068329, -0.10233467817306519, -0.20045122504234314, 5.960464477539062e-07, 0.05875954031944275, 0.6395766735076904, -0.13481628894805908, -1.0641095638275146, -0.2193959355354309, -0.15980812907218933, 2.631141424179077, -0.17152617871761322, 0.4146103262901306, -0.023591196164488792, 3.066446542739868, 0.0004664452571887523, 1.5815627574920654, -4.272517681121826, -7.072543144226074, 4.728226661682129, -0.6720858812332153, -1.187873125076294, -0.16864177584648132, -0.3367476165294647, 0.3663797080516815, -0.4143495559692383, 0.6222832202911377, 1.4980448484420776, -0.7434954643249512, 0.31924474239349365, -1.0786974430084229, -1.7145205736160278, -0.11464051157236099, 1.0, 1.0, 1.0, 1.0, 1.0, 1.0, 0.0, 1.0, 1.0, 1.0, 1.0, 1.0]"
215,0.0,0.0,0.0,6.11727882642299e-05,0.0,455.29412841796875,0.0,0.0,0.0,0.0,0.0,0.0,0.6627974510192871,0.11549583077430725,-0.04576745256781578,-0.3400721251964569,-0.34594473242759705,-0.17836473882198334,0.12611636519432068,0.28300741314888,-0.5797152519226074,1.161315679550171,-0.35136061906814575,-0.2710956931114197,0.6700977683067322,-1.7872238159179688,0.6469029784202576,"[0.6627974510192871, 0.11549583077430725, -0.04576745256781578, 0.48829612135887146, 0.10056974738836288, 0.05314435809850693, -0.08319525420665741, 0.004558070097118616, -0.9965229034423828, 0.699999988079071, 0.0, 0.0, -0.3400721251964569, -0.34594473242759705, -0.17836473882198334, 0.12611636519432068, -0.11699259281158447, -0.17971524596214294, -3.337860107421875e-06, 0.048639386892318726, 0.5289043188095093, -0.12990224361419678, -0.9872238039970398, -0.1530970335006714, -1.9278154373168945, -0.6097815632820129, -0.16592001914978027, 0.24127501249313354, -1.3900504112243652, 0.8638191223144531, 0.006492038257420063, -1.7548083066940308, -3.6948654651641846, 0.10199649631977081, 3.044609546661377, 5.671566963195801, -0.5626664757728577, 0.11033474653959274, -0.003525417298078537, -0.04353278875350952, -0.4136506915092468, 0.9778803586959839, 1.485542893409729, -0.9742910861968994, 0.5898963212966919, -1.2745381593704224, -1.74221932888031, 0.31860923767089844, 1.0, 1.0, 1.0, 1.0, 1.0, 1.0, 0.0, 1.0, 1.0, 1.0, 1.0, 1.0]"
216,0.0,0.0,0.0,5.794967000838369e-05,0.0,431.3052062988281,0.0,0.0,0.0,0.0,0.0,0.0,0.6707910895347595,0.05910521000623703,-0.06232219189405441,-0.3624328374862671,-0.35127127170562744,-0.14469029009342194,0.14010082185268402,0.2531473636627197,-0.558292806148529,1.1613166332244873,-0.40992388129234314,-0.3526880443096161,0.6574252247810364,-1.7445491552352905,0.7420440912246704,"[0.6707910895347595, 0.05910521000623703, -0.06232219189405441, 0.011022248305380344, 0.5726516246795654, -0.07534241676330566, -0.07539765536785126, 0.0009385407902300358, -0.9971528053283691, 0.699999988079071, 0.0, 0.0, -0.3624328374862671, -0.35127127170562744, -0.14469029009342194, 0.14010082185268402, -0.14685264229774475, -0.15829280018806458, -2.384185791015625e-06, -0.009923875331878662, 0.44731196761131287, -0.14257478713989258, -0.9445491433143616, -0.057955920696258545, -0.44984540343284607, -0.07249397784471512, 2.518944263458252, 0.8143134713172913, -1.537187933921814, 0.8688873052597046, 0.008275507017970085, -3.3807151317596436, -3.6928634643554688, -0.6506264805793762, 1.977694034576416, 3.268040180206299, -0.07953545451164246, 0.32108810544013977, -0.13474662601947784, 0.009197324514389038, -0.15678811073303223, 0.7355272769927979, 1.4636492729187012, -0.6137841939926147, 0.8277900218963623, -0.9590508341789246, -1.6686877012252808, 0.03621300309896469, 1.0, 1.0, 1.0, 1.0, 1.0, 1.0, 0.0, 1.0, 1.0, 1.0, 1.0, 1.0]"
217,0.0,0.0,0.0,4.440806515049189e-05,0.0,330.5184020996094,0.0,0.0,0.0,0.0,0.0,0.0,0.7078956365585327,0.01215746533125639,-0.11344537883996964,-0.34337353706359863,-0.3491620719432831,-0.08938899636268616,0.1522728055715561,0.21745476126670837,-0.5370717644691467,1.1613174676895142,-0.4790845215320587,-0.3367871344089508,0.6327524185180664,-1.7081975936889648,0.7525236010551453,"[0.7078956365585327, 0.01215746533125639, -0.11344537883996964, -0.2338392585515976, 0.9657667279243469, -0.21883107721805573, -0.05919265374541283, 0.003907008096575737, -0.9982386231422424, 0.699999988079071, 0.0, 0.0, -0.34337353706359863, -0.3491620719432831, -0.08938899636268616, 0.1522728055715561, -0.1825452446937561, -0.13707175850868225, -1.5497207641601562e-06, -0.07908451557159424, 0.46321287751197815, -0.16724759340286255, -0.9081975817680359, -0.04747641086578369, 1.8017754554748535, 0.15890231728553772, 2.674368143081665, 0.42836281657218933, -1.9689377546310425, 0.9076724052429199, 0.009032745845615864, -3.224285840988159, 3.644970655441284, -1.2070050239562988, 1.4382532835006714, -1.6262235641479492, 0.2753492295742035, 0.10639026015996933, -0.17530472576618195, 0.09614795446395874, -0.46733570098876953, 0.44023361802101135, 1.4792011976242065, -0.2845875918865204, 1.5774739980697632, -0.8245182037353516, -1.716562032699585, -0.4739629328250885, 1.0, 1.0, 1.0, 1.0, 1.0, 1.0, 0.0, 1.0, 1.0, 1.0, 1.0, 1.0]"
218,0.0001721295848255977,0.0,1281.118408203125,1.6803867765702307e-05,0.0,125.06707763671875,0.0,0.0,0.0,0.0,0.0,0.0,0.7612789869308472,0.024844689294695854,-0.09596972167491913,-0.29782021045684814,-0.3420417010784149,-0.0430590994656086,0.15697626769542694,0.18936365842819214,-0.5203329920768738,1.1613707542419434,-0.5242153406143188,-0.2627180218696594,0.6097770929336548,-1.6867785453796387,0.6776553988456726,"[0.7612789869308472, 0.024844689294695854, -0.09596972167491913, 0.3280753493309021, 0.6158849000930786, -0.226053848862648, -0.038454487919807434, 0.011822500266134739, -0.9991905093193054, 0.699999988079071, 0.0, 0.0, -0.29782021045684814, -0.3420417010784149, -0.0430590994656086, 0.15697626769542694, -0.21063634753227234, -0.1203329861164093, 5.173683166503906e-05, -0.12421533465385437, 0.5372819900512695, -0.19022291898727417, -0.8867785334587097, -0.12234461307525635, -0.3614380955696106, -0.42657455801963806, 1.5782792568206787, -0.9339951872825623, 1.812678575515747, 1.2225476503372192, 0.011209821328520775, -1.2701849937438965, -1.900956153869629, -1.010396122932434, 1.4179571866989136, -4.301996231079102, 0.0785277783870697, -0.046756599098443985, -0.10274510085582733, 0.3509875535964966, -0.5973259210586548, -0.1298207938671112, 1.372748851776123, 0.21485590934753418, 1.7848554849624634, -0.6555776596069336, -1.7665784358978271, -0.7660653591156006, 1.0, 1.0, 1.0, 1.0, 1.0, 1.0, 0.0, 1.0, 1.0, 1.0, 1.0, 1.0]"
219,2.6024992621387355e-05,0.0,193.69766235351562,0.0,0.0,0.0,0.0,0.0,0.0,0.0,0.0,0.0,0.7025899291038513,-0.03067815862596035,-0.06519706547260284,-0.30485135316848755,-0.3496193289756775,-0.0008950202609412372,0.140792116522789,0.23686809837818146,-0.49651873111724854,1.1613247394561768,-0.5190439820289612,-0.3080717623233795,0.6093369722366333,-1.679653286933899,0.5709242820739746,"[0.7025899291038513, -0.03067815862596035, -0.06519706547260284, 0.02182377688586712, -0.1293928027153015, -0.06362750381231308, -0.03736085444688797, 0.0035277570132166147, -0.9992958307266235, 0.699999988079071, 0.0, 0.0, -0.30485135316848755, -0.3496193289756775, -0.0008950202609412372, 0.140792116522789, -0.16313190758228302, -0.09651872515678406, 5.7220458984375e-06, -0.1190439760684967, 0.49192824959754944, -0.19066303968429565, -0.87965327501297, -0.22907572984695435, 0.11443144083023071, 0.21605423092842102, 2.673919439315796, 0.001955624669790268, 0.666300356388092, 0.7496047616004944, 0.0032222121953964233, 1.019848346710205, 0.7385594844818115, 1.1219526529312134, -0.3525485098361969, -5.806637763977051, -0.18079730868339539, -0.6227055191993713, -0.17229609191417694, 0.6053720712661743, 0.004123330116271973, -0.46288934350013733, 1.4562381505966187, 0.4818960130214691, 1.5435782670974731, -0.014218531548976898, -1.8325855731964111, -0.9406843185424805, 1.0, 1.0, 1.0, 1.0, 1.0, 1.0, 0.0, 1.0, 1.0, 1.0, 1.0, 1.0]"
220,3.325880243210122e-05,0.0,247.53713989257812,0.0,0.0,0.0,0.0,0.0,0.0,3.826187094091438e-05,0.0,284.77374267578125,0.6564899682998657,-0.01769998110830784,-0.0759015679359436,-0.30568140745162964,-0.3499829173088074,0.03626682236790657,0.14078904688358307,0.25841832160949707,-0.4952036440372467,1.161321997642517,-0.5001624226570129,-0.29455870389938354,0.6705948710441589,-1.692036509513855,0.5462011098861694,"[0.6564899682998657, -0.01769998110830784, -0.0759015679359436, 0.08399199694395065, -0.4357772767543793, -0.04666868969798088, -0.04620150104165077, 0.000244971364736557, -0.9989320635795593, 0.699999988079071, 0.0, 0.0, -0.30568140745162964, -0.3499829173088074, 0.03626682236790657, 0.14078904688358307, -0.1415816843509674, -0.09520363807678223, 2.9802322387695312e-06, -0.10016241669654846, 0.5054413080215454, -0.12940514087677002, -0.892036497592926, -0.2537989020347595, 0.028690190985798836, -0.2532969117164612, 1.4002429246902466, -0.05551090091466904, 0.9396926164627075, -0.5140571594238281, 0.0008591397199779749, 0.01786024495959282, 0.8550785779953003, 4.184657096862793, -1.7531133890151978, 2.31750750541687, -0.5349364876747131, -0.652567446231842, -0.3430096209049225, 0.3981723487377167, 0.036721646785736084, -0.7220536470413208, 1.5623615980148315, 0.6357251405715942, 1.6486469507217407, 0.37679439783096313, -2.157672166824341, -0.9480316638946533, 1.0, 1.0, 1.0, 1.0, 1.0, 1.0, 0.0, 1.0, 1.0, 1.0, 1.0, 1.0]"
221,3.001446748385206e-05,0.0,223.3903350830078,0.0,0.0,0.0,0.0,0.0,0.0,5.421497917268425e-05,0.0,403.50885009765625,0.666305422782898,0.03540947660803795,-0.06889829784631729,-0.3069918751716614,-0.3647633492946625,0.03706292435526848,0.13885170221328735,0.28156015276908875,-0.5199905037879944,1.1613199710845947,-0.4916304349899292,-0.28950080275535583,0.7639836668968201,-1.7535330057144165,0.5763556957244873,"[0.666305422782898, 0.03540947660803795, -0.06889829784631729, 0.08469968289136887, -0.20644405484199524, -0.036067649722099304, -0.05211414769291878, -0.0016993149183690548, -0.9986398816108704, 0.699999988079071, 0.0, 0.0, -0.3069918751716614, -0.3647633492946625, 0.03706292435526848, 0.13885170221328735, -0.11843985319137573, -0.11999049782752991, 9.5367431640625e-07, -0.09163042902946472, 0.5104992389678955, -0.03601634502410889, -0.9535329937934875, -0.22364431619644165, -0.0995197594165802, -0.9189574122428894, -0.7448630332946777, -0.11944188177585602, 1.249977946281433, -1.601646065711975, -0.0001575068454258144, 0.34468796849250793, -0.05322851613163948, 4.577066898345947, -3.6789231300354004, 1.4700069427490234, -0.5307958126068115, -0.5688392519950867, -0.5042400360107422, 0.42220333218574524, -0.054763615131378174, -0.8652698993682861, 1.5889735221862793, 0.4423876702785492, 1.6049789190292358, 0.40498948097229004, -2.462346076965332, -0.8270294666290283, 1.0, 1.0, 1.0, 1.0, 1.0, 1.0, 0.0, 1.0, 1.0, 1.0, 1.0, 1.0]"
222,3.924310294678435e-05,0.0,292.0768127441406,0.0,0.0,0.0,0.0,0.0,0.0,4.2491847125347704e-05,0.0,316.2564392089844,0.6632145047187805,0.057818204164505005,-0.062046974897384644,-0.3105166554450989,-0.380811482667923,0.0018134979763999581,0.13583025336265564,0.30449873208999634,-0.5595006346702576,1.1613210439682007,-0.47918498516082764,-0.2876790165901184,0.8412779569625854,-1.838517427444458,0.5978788733482361,"[0.6632145047187805, 0.057818204164505005, -0.062046974897384644, 0.07954699546098709, -0.2245330810546875, 0.022538568824529648, -0.05611661449074745, -0.003908453043550253, -0.9984162449836731, 0.699999988079071, 0.0, 0.0, -0.3105166554450989, -0.380811482667923, 0.0018134979763999581, 0.13583025336265564, -0.09550127387046814, -0.1595006287097931, 2.0265579223632812e-06, -0.07918497920036316, 0.5123209953308105, 0.041277945041656494, -1.0385174751281738, -0.20212113857269287, -0.16350486874580383, -0.6209503412246704, -2.0998544692993164, -0.1153862327337265, 1.1245933771133423, -2.119997501373291, -0.00015461957082152367, 0.471690833568573, 0.19042424857616425, 3.263315200805664, -4.426799774169922, 1.33417546749115, -0.5680329203605652, -0.63850337266922, -0.4552498757839203, 0.3262259364128113, -0.16439509391784668, -0.8016159534454346, 1.6350022554397583, 0.5284225940704346, 1.5935348272323608, 0.3949323892593384, -2.534782648086548, -0.8919128179550171, 1.0, 1.0, 1.0, 1.0, 1.0, 1.0, 0.0, 1.0, 1.0, 1.0, 1.0, 1.0]"
223,4.011282362625934e-05,0.0,298.5499267578125,0.0,0.0,0.0,0.0,0.0,0.0,4.536468259175308e-05,0.0,337.63824462890625,0.6620286703109741,0.06826731562614441,-0.031970854848623276,-0.3120013475418091,-0.38567042350769043,-0.04339297488331795,0.13557039201259613,0.3209218382835388,-0.6027010083198547,1.161321759223938,-0.46271374821662903,-0.27205973863601685,0.8819437623023987,-1.9145413637161255,0.6166931986808777,"[0.6620286703109741, 0.06826731562614441, -0.031970854848623276, -0.07269617170095444, -0.33551886677742004, 0.05483962967991829, -0.06205311790108681, -0.0034905506763607264, -0.998066782951355, 0.699999988079071, 0.0, 0.0, -0.3120013475418091, -0.38567042350769043, -0.04339297488331795, 0.13557039201259613, -0.07907816767692566, -0.20270100235939026, 2.7418136596679688e-06, -0.06271374225616455, 0.5279402732849121, 0.08194375038146973, -1.1145412921905518, -0.18330681324005127, -0.02227058820426464, -0.07687980681657791, -2.280757427215576, 0.037361521273851395, 0.7365343570709229, -2.092646598815918, -0.00029818015173077583, 0.725246787071228, 1.028314471244812, 1.1303465366363525, -3.1875593662261963, 1.1343594789505005, -0.5894834995269775, -0.6709761023521423, -0.5519578456878662, 0.29195675253868103, -0.30608975887298584, -0.7688865661621094, 1.7467235326766968, 0.5819000005722046, 1.6655031442642212, 0.257813423871994, -2.531933307647705, -0.9786102175712585, 1.0, 1.0, 1.0, 1.0, 1.0, 1.0, 0.0, 1.0, 1.0, 1.0, 1.0, 1.0]"
224,3.972627018811181e-05,0.0,295.67291259765625,0.0,0.0,0.0,0.0,0.0,0.0,4.9033445975510404e-05,0.0,364.9439392089844,0.6746873259544373,0.08973303437232971,0.020244620740413666,-0.31176522374153137,-0.3846617639064789,-0.09173426777124405,0.13656087219715118,0.3270367681980133,-0.6394481658935547,1.161321997642517,-0.4397096335887909,-0.23669061064720154,0.8792259693145752,-1.9558745622634888,0.6276143193244934,"[0.6746873259544373, 0.08973303437232971, 0.020244620740413666, -0.12859371304512024, -0.3760042190551758, 0.05053872987627983, -0.06931742280721664, -0.00125035154633224, -0.9975939989089966, 0.699999988079071, 0.0, 0.0, -0.31176522374153137, -0.3846617639064789, -0.09173426777124405, 0.13656087219715118, -0.07296323776245117, -0.2394481599330902, 2.9802322387695312e-06, -0.039709627628326416, 0.5633094310760498, 0.07922595739364624, -1.155874490737915, -0.17238569259643555, 0.03149809315800667, 0.1447414755821228, -2.4462080001831055, 0.05029969662427902, 0.1551179587841034, -1.52457857131958, -0.0004145316779613495, 1.0853594541549683, 2.0974133014678955, -1.2975612878799438, -1.3226728439331055, 0.6433992385864258, -0.5824025273323059, -0.6066383719444275, -0.6441420316696167, 0.2950071692466736, -0.47691166400909424, -0.5624278783798218, 1.8052048683166504, 0.5956960916519165, 1.768831729888916, -0.02650340646505356, -2.4424588680267334, -1.0513838529586792, 1.0, 1.0, 1.0, 1.0, 1.0, 1.0, 0.0, 1.0, 1.0, 1.0, 1.0, 1.0]"
225,3.569008185877465e-05,0.0,265.6325378417969,0.0,0.0,0.0,0.0,0.0,0.0,4.097476994502358e-05,0.0,304.9651794433594,0.7004964351654053,0.10344089567661285,0.07098853588104248,-0.3095676004886627,-0.3738909959793091,-0.14041543006896973,0.13861311972141266,0.3204220235347748,-0.6541776657104492,1.161321759223938,-0.4086459279060364,-0.17824818193912506,0.8198296427726746,-1.9567185640335083,0.6269640922546387,"[0.7004964351654053, 0.10344089567661285, 0.07098853588104248, -0.26619666814804077, -0.41001981496810913, 0.04860849678516388, -0.07711582630872726, 0.0029450193978846073, -0.9970176815986633, 0.699999988079071, 0.0, 0.0, -0.3095676004886627, -0.3738909959793091, -0.14041543006896973, 0.13861311972141266, -0.0795779824256897, -0.25417765974998474, 2.7418136596679688e-06, -0.0086459219455719, 0.6217518448829651, 0.019829630851745605, -1.1567184925079346, -0.17303591966629028, 0.1638052612543106, 0.9158124327659607, -2.342310905456543, 0.15534280240535736, -0.4836217761039734, -0.007449922151863575, -0.0010284078307449818, 1.5449129343032837, 3.2741925716400146, -4.643858909606934, 1.1484524011611938, 0.00023117661476135254, -0.677600622177124, -0.4187321066856384, -0.6158839464187622, 0.4202309250831604, -0.7376773953437805, -0.035368114709854126, 1.7404500246047974, 0.35275503993034363, 1.746559500694275, -0.5671877264976501, -2.1092302799224854, -0.9686654806137085, 1.0, 1.0, 1.0, 1.0, 1.0, 1.0, 0.0, 1.0, 1.0, 1.0, 1.0, 1.0]"
226,0.0,0.0,0.0,0.0,0.0,0.0,0.0,0.0,0.0,5.2260415941418614e-06,0.0,38.896148681640625,0.7222222685813904,0.09837007522583008,-0.003697717562317848,-0.30390751361846924,-0.3373720645904541,-0.1790877878665924,0.1467260718345642,0.3076294958591461,-0.6296838521957397,1.1613190174102783,-0.3730463981628418,-0.14253826439380646,0.7054030895233154,-1.9027601480484009,0.619952380657196,"[0.7222222685813904, 0.09837007522583008, -0.003697717562317848, -0.6716620326042175, -0.36388731002807617, 0.07723814249038696, -0.0850408524274826, 0.013245996087789536, -0.9962892532348633, 0.699999988079071, 0.0, 0.0, -0.30390751361846924, -0.3373720645904541, -0.1790877878665924, 0.1467260718345642, -0.09237051010131836, -0.22968384623527527, 0.0, 0.02695360779762268, 0.6574617624282837, -0.09459692239761353, -1.1027600765228271, -0.1800476312637329, 0.19053591787815094, 2.4282965660095215, -1.6422908306121826, 0.5751869678497314, -0.4183509647846222, 2.0119307041168213, -7.30561680484243e-07, 1.793371558189392, -1.9139734506607056, -6.308614730834961, 3.6153404712677, -0.40930598974227905, -1.29219651222229, -0.20268312096595764, -0.3090490996837616, 0.3656892776489258, -0.5391562581062317, 0.6715178489685059, 1.4190582036972046, -0.403838574886322, 0.6163015365600586, -1.1315338611602783, -1.7163126468658447, -0.269395649433136, 1.0, 1.0, 1.0, 1.0, 1.0, 1.0, 0.0, 1.0, 1.0, 1.0, 1.0, 1.0]"
227,0.0,0.0,0.0,4.1420487832510844e-05,0.0,308.2825927734375,0.0,0.0,0.0,0.0,0.0,0.0,0.680271565914154,0.12178035080432892,-0.03974105790257454,-0.3273064196109772,-0.3306753933429718,-0.21157978475093842,0.15103918313980103,0.2884829640388489,-0.6018465161323547,1.1613192558288574,-0.36305734515190125,-0.2342531681060791,0.6899368166923523,-1.8242686986923218,0.6477838158607483,"[0.680271565914154, 0.12178035080432892, -0.03974105790257454, 0.32826027274131775, 0.14882102608680725, 0.10667417198419571, -0.08627457916736603, 0.014354662038385868, -0.9961682558059692, 0.699999988079071, 0.0, 0.0, -0.3273064196109772, -0.3306753933429718, -0.21157978475093842, 0.15103918313980103, -0.1115170419216156, -0.20184651017189026, 2.384185791015625e-07, 0.03694266080856323, 0.5657468438148499, -0.11006319522857666, -1.024268627166748, -0.15221619606018066, -1.8455042839050293, -0.4547489285469055, -1.102829933166504, 0.10559573769569397, -1.546568512916565, 1.0762875080108643, 0.008205429650843143, -0.6405702829360962, -4.13911247253418, -0.16715145111083984, 3.280380964279175, 3.4655938148498535, -0.7422510385513306, -0.04711434617638588, -0.05061713978648186, -0.05928775668144226, -0.520889401435852, 0.9430464506149292, 1.4642242193222046, -1.0790812969207764, 0.31537604331970215, -1.1762442588806152, -1.8713698387145996, 0.2602008581161499, 1.0, 1.0, 1.0, 1.0, 1.0, 1.0, 0.0, 1.0, 1.0, 1.0, 1.0, 1.0]"
228,0.0,0.0,0.0,5.497117672348395e-05,0.0,409.1370544433594,0.0,0.0,0.0,0.0,0.0,0.0,0.673190176486969,0.08069802075624466,-0.049959056079387665,-0.3600359261035919,-0.33713680505752563,-0.18942563235759735,0.15603229403495789,0.25413060188293457,-0.5792146325111389,1.1613229513168335,-0.4073388874530792,-0.34344062209129333,0.6746650338172913,-1.7850489616394043,0.7435898184776306,"[0.673190176486969, 0.08069802075624466, -0.049959056079387665, 0.1390540450811386, 0.5819823145866394, -0.02031569741666317, -0.07792727649211884, 0.009397843852639198, -0.9969146251678467, 0.699999988079071, 0.0, 0.0, -0.3600359261035919, -0.33713680505752563, -0.18942563235759735, 0.15603229403495789, -0.1458694040775299, -0.17921462655067444, 3.933906555175781e-06, -0.007338881492614746, 0.4565593898296356, -0.1253349781036377, -0.9850489497184753, -0.05641019344329834, -1.1801871061325073, -0.20266760885715485, 2.2547965049743652, 0.25461044907569885, -1.7870566844940186, 0.9879727959632874, 0.00631784088909626, -2.849684000015259, -5.436089515686035, -0.8120032548904419, 1.8298245668411255, 4.035428047180176, -0.08562567830085754, 0.22810792922973633, -0.10176371037960052, -0.05638071894645691, -0.1490125060081482, 0.8279212713241577, 1.4703110456466675, -0.6199871301651001, 0.7382456064224243, -1.0347861051559448, -1.7353966236114502, 0.1452575922012329, 1.0, 1.0, 1.0, 1.0, 1.0, 1.0, 0.0, 1.0, 1.0, 1.0, 1.0, 1.0]"
229,0.0,0.0,0.0,5.0369180826237425e-05,0.0,374.885498046875,0.0,0.0,0.0,0.0,0.0,0.0,0.706100583076477,0.029861362650990486,-0.08592041581869125,-0.35435229539871216,-0.33687329292297363,-0.12849880754947662,0.15648901462554932,0.21315068006515503,-0.5563473105430603,1.161319613456726,-0.46984994411468506,-0.35335347056388855,0.6477500200271606,-1.7424273490905762,0.7720030546188354,"[0.706100583076477, 0.029861362650990486, -0.08592041581869125, -0.14735819399356842, 0.9495636224746704, -0.20362462103366852, -0.06196143105626106, 0.010588293895125389, -0.9980225563049316, 0.699999988079071, 0.0, 0.0, -0.35435229539871216, -0.33687329292297363, -0.12849880754947662, 0.15648901462554932, -0.18684932589530945, -0.15634730458259583, 5.960464477539062e-07, -0.06984993815422058, 0.4466465413570404, -0.1522499918937683, -0.9424273371696472, -0.027996957302093506, 1.2104558944702148, 0.03833775222301483, 3.1804134845733643, -0.1685604304075241, -2.1983771324157715, 0.9828283190727234, 0.012295912019908428, -3.0743000507354736, 2.6971304416656494, -1.188798427581787, 2.0185415744781494, -0.43768277764320374, 0.2763601839542389, 0.12956872582435608, -0.1719369739294052, 0.03032052516937256, -0.4033900499343872, 0.5652766227722168, 1.5150574445724487, -0.4455224573612213, 1.4994231462478638, -0.9116467237472534, -1.6978700160980225, -0.3174877464771271, 1.0, 1.0, 1.0, 1.0, 1.0, 1.0, 0.0, 1.0, 1.0, 1.0, 1.0, 1.0]"
230,2.8506519811344333e-05,0.0,212.16705322265625,2.9580121918115765e-05,0.0,220.1575927734375,0.0,0.0,0.0,0.0,0.0,0.0,0.7558844089508057,0.004708211403340101,-0.151759535074234,-0.30153512954711914,-0.329171359539032,-0.06878022849559784,0.15286140143871307,0.17295512557029724,-0.5366047024726868,1.1613110303878784,-0.5196271538734436,-0.27110400795936584,0.6164814829826355,-1.7088900804519653,0.7170069217681885,"[0.7558844089508057, 0.004708211403340101, -0.151759535074234, -0.4602239727973938, 1.1773627996444702, -0.25460436940193176, -0.03898211941123009, 0.018940139561891556, -0.999060332775116, 0.699999988079071, 0.0, 0.0, -0.30153512954711914, -0.329171359539032, -0.06878022849559784, 0.15286140143871307, -0.22704488039016724, -0.1366046965122223, -7.987022399902344e-06, -0.11962714791297913, 0.5288959741592407, -0.18351852893829346, -0.9088900685310364, -0.08299309015274048, 1.96295166015625, 0.3602764904499054, 2.682509422302246, -0.3296501040458679, -1.4344186782836914, 0.813465416431427, 0.0015446795150637627, -1.87014639377594, -0.8564372062683105, -1.2839182615280151, 1.6048882007598877, -4.192667007446289, 0.13939633965492249, 0.04481315240263939, -0.13549809157848358, 0.2777007520198822, -0.5291122794151306, 0.09266820549964905, 1.360636830329895, 0.027082890272140503, 1.6870290040969849, -0.7780646681785583, -1.7419968843460083, -0.6671453714370728, 1.0, 1.0, 1.0, 1.0, 1.0, 1.0, 0.0, 1.0, 1.0, 1.0, 1.0, 1.0]"
231,2.5470308173680678e-05,0.0,189.56927490234375,4.849233846471179e-06,0.0,36.09165954589844,0.0,0.0,0.0,0.0,0.0,0.0,0.7266820073127747,-0.01511311624199152,0.006791369523853064,-0.31006717681884766,-0.33939507603645325,-0.02124515362083912,0.12487536668777466,0.2163032591342926,-0.5061159133911133,1.1613142490386963,-0.524928629398346,-0.31545162200927734,0.5969173312187195,-1.6812849044799805,0.6179468631744385,"[0.7266820073127747, -0.01511311624199152, 0.006791369523853064, 0.27260205149650574, -0.003289693733677268, -0.15830855071544647, -0.033234287053346634, 0.009016485884785652, -0.9994069337844849, 0.699999988079071, 0.0, 0.0, -0.31006717681884766, -0.33939507603645325, -0.02124515362083912, 0.12487536668777466, -0.18369674682617188, -0.1061159074306488, -4.76837158203125e-06, -0.12492862343788147, 0.4845483899116516, -0.20308268070220947, -0.8812848925590515, -0.18205314874649048, -0.3617058992385864, -0.26230937242507935, 2.924825429916382, -0.8169771432876587, 1.7041611671447754, 1.3090333938598633, -7.940363138914108e-05, 0.5700749754905701, -3.0439255237579346, -0.19560721516609192, 0.7697210311889648, -5.758255481719971, 0.08031842112541199, -0.448384165763855, -0.16088257730007172, 0.5652041435241699, -0.32932090759277344, -0.4387458860874176, 1.4580930471420288, 0.42779549956321716, 1.695540428161621, -0.3883953094482422, -1.7091014385223389, -0.889729917049408, 1.0, 1.0, 1.0, 1.0, 1.0, 1.0, 0.0, 1.0, 1.0, 1.0, 1.0, 1.0]"
232,2.0929734091623686e-05,0.0,155.77490234375,0.0,0.0,0.0,0.0,0.0,0.0,0.0,0.0,0.0,0.6722548007965088,-0.04663529619574547,-0.06865247339010239,-0.3093620836734772,-0.33792227506637573,0.028631314635276794,0.126455619931221,0.23497983813285828,-0.4945073127746582,1.1613154411315918,-0.4936397075653076,-0.30075690150260925,0.6264469027519226,-1.6673977375030518,0.5140946507453918,"[0.6722548007965088, -0.04663529619574547, -0.06865247339010239, 0.3252761662006378, -0.5429409742355347, 0.0044157239608466625, -0.04015647992491722, 0.006813963875174522, -0.9991701245307922, 0.699999988079071, 0.0, 0.0, -0.3093620836734772, -0.33792227506637573, 0.028631314635276794, 0.126455619931221, -0.1650201678276062, -0.09450730681419373, -3.5762786865234375e-06, -0.09363970160484314, 0.4992431104183197, -0.17355310916900635, -0.8673977255821228, -0.2859053611755371, -0.16910170018672943, -0.15488338470458984, 1.5805872678756714, 0.1356121152639389, 0.9023417234420776, 0.09200068563222885, -0.0009367370512336493, 2.0895707607269287, 1.1625149250030518, 2.8518433570861816, 0.13468769192695618, -4.565822124481201, -0.5022822618484497, -0.5950204133987427, -0.27550992369651794, 0.40117764472961426, 0.25195252895355225, -0.5479427576065063, 1.482864499092102, 0.5552114248275757, 1.5345702171325684, 0.27713489532470703, -1.9256997108459473, -0.9691388607025146, 1.0, 1.0, 1.0, 1.0, 1.0, 1.0, 0.0, 1.0, 1.0, 1.0, 1.0, 1.0]"
233,1.956168853212148e-05,0.0,145.5928497314453,0.0,0.0,0.0,0.0,0.0,0.0,4.60369665233884e-05,0.0,342.64190673828125,0.6655299067497253,0.00842704251408577,-0.08556393533945084,-0.31127262115478516,-0.3481331765651703,0.039100293070077896,0.12338174134492874,0.2568700611591339,-0.5102261304855347,1.161317229270935,-0.4784790873527527,-0.28910139203071594,0.7124444246292114,-1.703681230545044,0.5373793244361877,"[0.6655299067497253, 0.00842704251408577, -0.08556393533945084, 0.06681132316589355, -0.2932078540325165, -0.06416139751672745, -0.04862112179398537, 0.002905232133343816, -0.9988133311271667, 0.699999988079071, 0.0, 0.0, -0.31127262115478516, -0.3481331765651703, 0.039100293070077896, 0.12338174134492874, -0.14312994480133057, -0.11022612452507019, -1.7881393432617188e-06, -0.07847908139228821, 0.5108985900878906, -0.08755558729171753, -0.903681218624115, -0.2626206874847412, -0.031459059566259384, -0.6962937116622925, -0.04041867330670357, -0.04628993198275566, 1.4892138242721558, -1.1773736476898193, -0.000643900828436017, 0.36064329743385315, -0.29504337906837463, 4.606189727783203, -2.9470863342285156, 1.627266764640808, -0.5610482096672058, -0.6978908181190491, -0.5438863635063171, 0.38158881664276123, 0.007678508758544922, -0.7089325189590454, 1.6200422048568726, 0.7068766355514526, 1.7014683485031128, 0.4194842576980591, -2.350804328918457, -0.993982195854187, 1.0, 1.0, 1.0, 1.0, 1.0, 1.0, 0.0, 1.0, 1.0, 1.0, 1.0, 1.0]"
234,3.7863963370909914e-05,0.0,281.8122253417969,0.0,0.0,0.0,0.0,0.0,0.0,4.799796806764789e-05,0.0,357.2371826171875,0.6753055453300476,0.06295876950025558,-0.05699856951832771,-0.3144116699695587,-0.3692588210105896,0.010202803649008274,0.11932520568370819,0.28318434953689575,-0.5416789650917053,1.1613203287124634,-0.46690189838409424,-0.2934204339981079,0.8021425604820251,-1.7823269367218018,0.5585156083106995,"[0.6753055453300476, 0.06295876950025558, -0.05699856951832771, 0.18237988650798798, -0.1412198692560196, -0.048742376267910004, -0.051895901560783386, 0.00017185206525027752, -0.9986526370048523, 0.699999988079071, 0.0, 0.0, -0.3144116699695587, -0.3692588210105896, 0.010202803649008274, 0.11932520568370819, -0.11681565642356873, -0.14167895913124084, 1.3113021850585938e-06, -0.06690189242362976, 0.506579577922821, 0.0021425485610961914, -0.9823269248008728, -0.2414844036102295, -0.238690584897995, -1.1703436374664307, -2.083475351333618, -0.2583249509334564, 1.285125732421875, -1.735482096672058, -0.00022549880668520927, 0.46151798963546753, -0.19342859089374542, 4.223243713378906, -4.413660049438477, 1.152889370918274, -0.619533121585846, -0.5741105675697327, -0.4661028981208801, 0.3654429614543915, -0.09858596324920654, -0.8632798194885254, 1.584647297859192, 0.48231175541877747, 1.5700355768203735, 0.40833064913749695, -2.512512445449829, -0.8230694532394409, 1.0, 1.0, 1.0, 1.0, 1.0, 1.0, 0.0, 1.0, 1.0, 1.0, 1.0, 1.0]"
235,4.1881445213221014e-05,0.0,311.7133483886719,0.0,0.0,0.0,0.0,0.0,0.0,3.637011468526907e-05,0.0,270.6938781738281,0.6669647097587585,0.07113336771726608,-0.038114309310913086,-0.31772831082344055,-0.3844139873981476,-0.036218803375959396,0.11584640294313431,0.3030669689178467,-0.5799334049224854,1.161321759223938,-0.45164433121681213,-0.2854352593421936,0.864426851272583,-1.8724364042282104,0.5761578679084778,"[0.6669647097587585, 0.07113336771726608, -0.038114309310913086, 0.006303516682237387, -0.2871657609939575, 0.017617961391806602, -0.05631237104535103, -0.001682652859017253, -0.9984118938446045, 0.699999988079071, 0.0, 0.0, -0.31772831082344055, -0.3844139873981476, -0.036218803375959396, 0.11584640294313431, -0.0969330370426178, -0.17993339896202087, 2.7418136596679688e-06, -0.051644325256347656, 0.5145647525787354, 0.06442683935165405, -1.0724363327026367, -0.22384214401245117, -0.09342177212238312, -0.43577948212623596, -2.2690577507019043, -0.061727359890937805, 0.9785580635070801, -1.945920705795288, -0.0007617496885359287, 0.685154378414154, 0.5403141379356384, 2.1730377674102783, -4.171975612640381, 1.0616167783737183, -0.650028645992279, -0.6129260659217834, -0.5123443603515625, 0.30152514576911926, -0.2381347417831421, -0.7788235545158386, 1.6977356672286987, 0.5379468202590942, 1.636059045791626, 0.32211461663246155, -2.5215506553649902, -0.9772706031799316, 1.0, 1.0, 1.0, 1.0, 1.0, 1.0, 0.0, 1.0, 1.0, 1.0, 1.0, 1.0]"
236,4.204506331006996e-05,0.0,312.93115234375,0.0,0.0,0.0,0.0,0.0,0.0,4.3074778659502044e-05,0.0,320.5950622558594,0.6654631495475769,0.08392740786075592,-0.004793243482708931,-0.3172892928123474,-0.38438162207603455,-0.08121364563703537,0.11687782406806946,0.3150022625923157,-0.6180263757705688,1.161321997642517,-0.43163642287254333,-0.2599845826625824,0.8805819749832153,-1.9316104650497437,0.5911774635314941,"[0.6654631495475769, 0.08392740786075592, -0.004793243482708931, -0.1393611580133438, -0.39725056290626526, 0.05305645242333412, -0.06347553431987762, 0.0006565903313457966, -0.9979835152626038, 0.699999988079071, 0.0, 0.0, -0.3172892928123474, -0.38438162207603455, -0.08121364563703537, 0.11687782406806946, -0.0849977433681488, -0.21802636981010437, 2.9802322387695312e-06, -0.03163641691207886, 0.540015459060669, 0.08058196306228638, -1.13161039352417, -0.20882254838943481, 0.03794847056269646, 0.16619271039962769, -2.2671315670013428, 0.0872402936220169, 0.5087882280349731, -1.7538048028945923, -0.0009675920009613037, 0.9508472084999084, 1.5015645027160645, -0.2140999138355255, -2.1917049884796143, 0.855090856552124, -0.6364797353744507, -0.6221228837966919, -0.6134883165359497, 0.2708757221698761, -0.38179367780685425, -0.6786121129989624, 1.7875362634658813, 0.5772649049758911, 1.7381542921066284, 0.09189639240503311, -2.4855966567993164, -1.0560733079910278, 1.0, 1.0, 1.0, 1.0, 1.0, 1.0, 0.0, 1.0, 1.0, 1.0, 1.0, 1.0]"
237,4.079246718902141e-05,0.0,303.6083984375,0.0,0.0,0.0,0.0,0.0,0.0,4.2410938476677984e-05,0.0,315.6542663574219,0.6810996532440186,0.1049359142780304,0.04677474498748779,-0.3159368932247162,-0.37608110904693604,-0.1285964995622635,0.11835302412509918,0.31478261947631836,-0.6431846022605896,1.161321997642517,-0.4050725996494293,-0.21187318861484528,0.8447821736335754,-1.952047348022461,0.5979992747306824,"[0.6810996532440186, 0.1049359142780304, 0.04677474498748779, -0.1817176640033722, -0.4427834153175354, 0.052510954439640045, -0.07183042913675308, 0.004054763354361057, -0.9974085092544556, 0.699999988079071, 0.0, 0.0, -0.3159368932247162, -0.37608110904693604, -0.1285964995622635, 0.11835302412509918, -0.08521738648414612, -0.24318459630012512, 2.9802322387695312e-06, -0.005072593688964844, 0.5881268382072449, 0.044782161712646484, -1.1520473957061768, -0.20200073719024658, 0.07833308726549149, 0.6551893949508667, -2.357539653778076, 0.09054222702980042, -0.17794346809387207, -0.7008761763572693, -0.0011748638935387135, 1.32852303981781, 2.757394313812256, -3.3726789951324463, -0.01880589872598648, 0.342451810836792, -0.6476098299026489, -0.45544344186782837, -0.6458381414413452, 0.34015753865242004, -0.6368253231048584, -0.24631577730178833, 1.7828346490859985, 0.45568785071372986, 1.8174351453781128, -0.3289603888988495, -2.2668607234954834, -1.0304374694824219, 1.0, 1.0, 1.0, 1.0, 1.0, 1.0, 0.0, 1.0, 1.0, 1.0, 1.0, 1.0]"
238,2.4124887204379775e-05,0.0,179.55564880371094,0.0,0.0,0.0,0.0,0.0,0.0,1.9923472791560926e-05,0.0,148.2855224609375,0.7052422165870667,0.1067650318145752,0.047389548271894455,-0.3114251494407654,-0.34844690561294556,-0.1705508530139923,0.12274310737848282,0.30280861258506775,-0.6342635750770569,1.1613255739212036,-0.3723517656326294,-0.1413227617740631,0.750400722026825,-1.9222124814987183,0.5974277853965759,"[0.7052422165870667, 0.1067650318145752, 0.047389548271894455, -0.39509689807891846, -0.5165970921516418, 0.05910803750157356, -0.08134599030017853, 0.01079203374683857, -0.9966272115707397, 0.699999988079071, 0.0, 0.0, -0.3114251494407654, -0.34844690561294556, -0.1705508530139923, 0.12274310737848282, -0.09719139337539673, -0.2342635691165924, 6.556510925292969e-06, 0.027648240327835083, 0.6586772203445435, -0.049599289894104004, -1.1222124099731445, -0.20257222652435303, 0.28071242570877075, 1.8923884630203247, -1.9018046855926514, 0.29721492528915405, -0.491851806640625, 1.364282250404358, -0.002903483808040619, 1.6525399684906006, 3.4561285972595215, -5.9441070556640625, 2.7302253246307373, 0.011415760964155197, -0.9525800347328186, -0.27180853486061096, -0.46943506598472595, 0.4726174771785736, -0.7123724818229675, 0.5437040328979492, 1.6039849519729614, -0.0314425528049469, 1.3218209743499756, -1.0801053047180176, -1.818115234375, -0.6138972640037537, 1.0, 1.0, 1.0, 1.0, 1.0, 1.0, 0.0, 1.0, 1.0, 1.0, 1.0, 1.0]"
239,0.0,0.0,0.0,4.348924267105758e-05,0.0,323.6798095703125,0.0,0.0,0.0,0.0,0.0,0.0,0.6876698136329651,0.12807691097259521,-0.03403881937265396,-0.3177812993526459,-0.32519033551216125,-0.206619530916214,0.12985864281654358,0.2915601432323456,-0.6033259630203247,1.1613209247589111,-0.34901201725006104,-0.18899279832839966,0.696688711643219,-1.848403811454773,0.6021510362625122,"[0.6876698136329651, 0.12807691097259521, -0.03403881937265396, 0.12896712124347687, -0.038142651319503784, 0.0947122648358345, -0.08710251748561859, 0.017171546816825867, -0.9960512518882751, 0.699999988079071, 0.0, 0.0, -0.3177812993526459, -0.32519033551216125, -0.206619530916214, 0.12985864281654358, -0.1084398627281189, -0.20332595705986023, 1.9073486328125e-06, 0.05098798871040344, 0.6110072135925293, -0.10331130027770996, -1.0484037399291992, -0.19784897565841675, -1.1141999959945679, -0.30918562412261963, -2.0040950775146484, 0.18456782400608063, -0.7179036140441895, 0.7524558305740356, 0.0003243088722229004, 0.3848707377910614, -5.83209228515625, 0.6142535209655762, 3.4340288639068604, 0.9438692331314087, -1.0162640810012817, -0.26382628083229065, -0.24870972335338593, 0.11238086223602295, -0.38447654247283936, 0.8527830839157104, 1.5040837526321411, -0.9049186706542969, 0.05679408460855484, -1.0757266283035278, -1.8570034503936768, 0.09049902111291885, 1.0, 1.0, 1.0, 1.0, 1.0, 1.0, 0.0, 1.0, 1.0, 1.0, 1.0, 1.0]"
240,0.0,0.0,0.0,5.9147441788809374e-05,0.0,440.2199401855469,0.0,0.0,0.0,0.0,0.0,0.0,0.6699285507202148,0.09654688090085983,-0.04649432376027107,-0.34804344177246094,-0.33459368348121643,-0.21814578771591187,0.13676899671554565,0.26710280776023865,-0.5808851718902588,1.1613157987594604,-0.3780260682106018,-0.303292453289032,0.6879995465278625,-1.7995778322219849,0.6918221116065979,"[0.6699285507202148, 0.09654688090085983, -0.04649432376027107, 0.3494981825351715, 0.39661863446235657, 0.027147311717271805, -0.08246677368879318, 0.009891895577311516, -0.9965449571609497, 0.699999988079071, 0.0, 0.0, -0.34804344177246094, -0.33459368348121643, -0.21814578771591187, 0.13676899671554565, -0.13289719820022583, -0.1808851659297943, -3.2186508178710938e-06, 0.02197393774986267, 0.496707558631897, -0.1120004653930664, -0.9995778203010559, -0.10817790031433105, -1.3502733707427979, -0.4178844690322876, 0.5804696679115295, 0.47471311688423157, -1.4230753183364868, 0.9349525570869446, 0.0068496158346533775, -2.268033266067505, -5.270066738128662, -0.48689255118370056, 2.1754815578460693, 4.87555456161499, -0.11538663506507874, 0.2101517617702484, -0.11166350543498993, -0.021669864654541016, -0.27858948707580566, 0.9485803842544556, 1.4908390045166016, -0.6617554426193237, 0.6198159456253052, -1.0299667119979858, -1.752193808555603, 0.16838499903678894, 1.0, 1.0, 1.0, 1.0, 1.0, 1.0, 0.0, 1.0, 1.0, 1.0, 1.0, 1.0]"
241,0.0,0.0,0.0,5.465713547891937e-05,0.0,406.7996826171875,0.0,0.0,0.0,0.0,0.0,0.0,0.6930181980133057,0.04023607075214386,-0.06418809294700623,-0.347726434469223,-0.3354048728942871,-0.17139318585395813,0.14908529818058014,0.2365291714668274,-0.5581496357917786,1.161317229270935,-0.4343734085559845,-0.36414870619773865,0.6667854189872742,-1.7542208433151245,0.7455973625183105,"[0.6930181980133057, 0.04023607075214386, -0.06418809294700623, -0.1590554565191269, 0.774497926235199, -0.14288833737373352, -0.07000520825386047, 0.01031525433063507, -0.9974932670593262, 0.699999988079071, 0.0, 0.0, -0.347726434469223, -0.3354048728942871, -0.17139318585395813, 0.14908529818058014, -0.16347083449363708, -0.1581496298313141, -1.7881393432617188e-06, -0.03437340259552002, 0.4358513057231903, -0.13321459293365479, -0.9542208313941956, -0.05440264940261841, 0.8991315960884094, 0.10119981318712234, 2.9768967628479004, 0.5411847829818726, -1.8188003301620483, 0.9382887482643127, 0.009026571176946163, -3.008498430252075, 0.021906033158302307, -1.0088833570480347, 2.284489393234253, 1.222761631011963, 0.016844721511006355, 0.22034576535224915, -0.112331822514534, -0.04584196209907532, -0.3527448773384094, 0.6830546855926514, 1.5352853536605835, -0.5521001815795898, 1.212559461593628, -0.9567369818687439, -1.667815923690796, -0.17529812455177307, 1.0, 1.0, 1.0, 1.0, 1.0, 1.0, 0.0, 1.0, 1.0, 1.0, 1.0, 1.0]"
242,0.0,0.0,0.0,3.82198159059044e-05,0.0,284.4607238769531,0.0,0.0,0.0,0.0,0.0,0.0,0.7325115203857422,-0.000521564856171608,-0.129075825214386,-0.30310875177383423,-0.32987889647483826,-0.10812140256166458,0.15448902547359467,0.19696928560733795,-0.5366660952568054,1.161316990852356,-0.4916359782218933,-0.30367279052734375,0.6366764307022095,-1.7142869234085083,0.7250879406929016,"[0.7325115203857422, -0.000521564856171608, -0.129075825214386, -0.42597681283950806, 1.1544305086135864, -0.2601693868637085, -0.05000322312116623, 0.016502149403095245, -0.9986130595207214, 0.699999988079071, 0.0, 0.0, -0.30310875177383423, -0.32987889647483826, -0.10812140256166458, 0.15448902547359467, -0.20303072035312653, -0.13666608929634094, -2.0265579223632812e-06, -0.09163597226142883, 0.4963272213935852, -0.16332358121871948, -0.9142869114875793, -0.07491207122802734, 2.9556174278259277, 0.3002314567565918, 3.1178243160247803, 0.1380368173122406, -2.058459520339966, 0.8928724527359009, 0.010003563016653061, -2.5393011569976807, 4.278634548187256, -1.2752999067306519, 1.6461143493652344, -2.847571611404419, 0.19986405968666077, 0.15101683139801025, -0.18153034150600433, 0.17816215753555298, -0.5105394124984741, 0.27012404799461365, 1.4458833932876587, -0.16056308150291443, 1.6031997203826904, -0.8365850448608398, -1.729985237121582, -0.5423175692558289, 1.0, 1.0, 1.0, 1.0, 1.0, 1.0, 0.0, 1.0, 1.0, 1.0, 1.0, 1.0]"
243,0.00014353921869769692,0.0,1068.3272705078125,1.3905269042879809e-05,0.0,103.49351501464844,0.0,0.0,0.0,0.0,0.0,0.0,0.7577138543128967,0.014633962884545326,0.025357265025377274,-0.2796035706996918,-0.33096909523010254,-0.056809548288583755,0.14131222665309906,0.1995180994272232,-0.5116461515426636,1.1613408327102661,-0.5189396739006042,-0.30265185236930847,0.6079109907150269,-1.6855103969573975,0.6442119479179382,"[0.7577138543128967, 0.014633962884545326, 0.025357265025377274, 1.050208330154419, 0.13347727060317993, -0.26336973905563354, -0.03339941427111626, 0.015786534175276756, -0.9993176460266113, 0.699999988079071, 0.0, 0.0, -0.2796035706996918, -0.33096909523010254, -0.056809548288583755, 0.14131222665309906, -0.20048190653324127, -0.1116461455821991, 2.181529998779297e-05, -0.11893966794013977, 0.4973481595516205, -0.1920890212059021, -0.8855103850364685, -0.15578806400299072, -0.9442554712295532, -1.2325347661972046, 2.09407901763916, -1.977932095527649, 3.880854368209839, 1.8504506349563599, 0.0012104593915864825, -0.3109288811683655, -5.6001176834106445, -1.0953928232192993, 1.47024405002594, -4.374202728271484, 0.03825083374977112, -0.09291792660951614, -0.11128555238246918, 0.38296371698379517, -0.7354738116264343, -0.2899110019207001, 1.4210478067398071, 0.2798618674278259, 1.8414236307144165, -0.5681214332580566, -1.7453646659851074, -0.844623863697052, 1.0, 1.0, 1.0, 1.0, 1.0, 1.0, 0.0, 1.0, 1.0, 1.0, 1.0, 1.0]"
244,5.581444565905258e-05,0.0,415.41326904296875,0.0,0.0,0.0,0.0,0.0,0.0,0.0,0.0,0.0,0.6853072643280029,-0.04950197786092758,-0.03234022483229637,-0.2838961184024811,-0.3306501507759094,0.0012112845433875918,0.12984144687652588,0.2307436168193817,-0.48844224214553833,1.1613246202468872,-0.5010136961936951,-0.3111701011657715,0.6160094738006592,-1.6771560907363892,0.5351331233978271,"[0.6853072643280029, -0.04950197786092758, -0.03234022483229637, 0.3174806237220764, -0.3682718873023987, -0.02883751131594181, -0.03629050776362419, 0.008467956446111202, -0.999305248260498, 0.699999988079071, 0.0, 0.0, -0.2838961184024811, -0.3306501507759094, 0.0012112845433875918, 0.12984144687652588, -0.16925638914108276, -0.08844223618507385, 5.602836608886719e-06, -0.10101369023323059, 0.48882991075515747, -0.18399053812026978, -0.8771560788154602, -0.2648668885231018, -0.18015387654304504, 0.33757948875427246, 2.625155210494995, -0.15538614988327026, 1.403933048248291, 0.6957637667655945, -0.0026146848686039448, 1.5106533765792847, 0.05043228715658188, 1.982351541519165, 0.22891223430633545, -5.132740020751953, -0.37452128529548645, -0.6546724438667297, -0.2739849090576172, 0.5774041414260864, 0.2969008684158325, -0.4654431641101837, 1.4665783643722534, 0.5137856006622314, 1.4934148788452148, 0.23207929730415344, -1.8589985370635986, -0.9592773914337158, 1.0, 1.0, 1.0, 1.0, 1.0, 1.0, 0.0, 1.0, 1.0, 1.0, 1.0, 1.0]"
245,3.262090467615053e-05,0.0,242.78941345214844,0.0,0.0,0.0,0.0,0.0,0.0,2.5962224754039198e-05,0.0,193.23049926757812,0.64959317445755,-0.014375593513250351,-0.09823306649923325,-0.2911170721054077,-0.3347053527832031,0.02310524508357048,0.12417345494031906,0.24985752999782562,-0.4942323565483093,1.1613223552703857,-0.4852971136569977,-0.2949143052101135,0.7026386857032776,-1.6975271701812744,0.5357579588890076,"[0.64959317445755, -0.014375593513250351, -0.09823306649923325, 0.4387909471988678, -0.36240166425704956, -0.03760192170739174, -0.04484911262989044, -0.0010439353063702583, -0.9989932179450989, 0.699999988079071, 0.0, 0.0, -0.2911170721054077, -0.3347053527832031, 0.02310524508357048, 0.12417345494031906, -0.15014247596263885, -0.09423235058784485, 3.337860107421875e-06, -0.0852971076965332, 0.5050857067108154, -0.09736132621765137, -0.8975271582603455, -0.2642420530319214, -0.3626028895378113, -0.5610479116439819, 0.4886476397514343, -0.3635917901992798, 1.2978260517120361, -0.7607641220092773, -0.0015627553220838308, -0.34325045347213745, 0.11239179968833923, 4.83371114730835, -2.5148544311523438, 2.8012189865112305, -0.5310599207878113, -0.6962794661521912, -0.4218125343322754, 0.38069024682044983, 0.07219558954238892, -0.7314624190330505, 1.6021934747695923, 0.6873644590377808, 1.6582590341567993, 0.44690337777137756, -2.2547590732574463, -0.9629511833190918, 1.0, 1.0, 1.0, 1.0, 1.0, 1.0, 0.0, 1.0, 1.0, 1.0, 1.0, 1.0]"
246,3.622033182182349e-05,0.0,269.57904052734375,0.0,0.0,0.0,0.0,0.0,0.0,5.419733497546986e-05,0.0,403.3775329589844,0.6683374643325806,0.034489937126636505,-0.0872650071978569,-0.29729679226875305,-0.35328906774520874,0.012329719960689545,0.11782573163509369,0.27712249755859375,-0.5214207172393799,1.161320447921753,-0.47949668765068054,-0.2998034358024597,0.7979303598403931,-1.7688910961151123,0.5677106976509094,"[0.6683374643325806, 0.034489937126636505, -0.0872650071978569, 0.23368819057941437, -0.14851638674736023, -0.0396936796605587, -0.04904802888631821, -0.007434289902448654, -0.9987688660621643, 0.699999988079071, 0.0, 0.0, -0.29729679226875305, -0.35328906774520874, 0.012329719960689545, 0.11782573163509369, -0.12287750840187073, -0.1214207112789154, 1.430511474609375e-06, -0.07949668169021606, 0.5001965761184692, -0.0020696520805358887, -0.9688910841941833, -0.23228931427001953, -0.26309874653816223, -1.0620732307434082, -0.9954094290733337, -0.2669258415699005, 1.4903674125671387, -1.6538852453231812, -0.0003285964485257864, 0.2164856195449829, -0.5490038990974426, 4.559315204620361, -4.010241508483887, 1.585929274559021, -0.5075217485427856, -0.6187250018119812, -0.47435030341148376, 0.4544532001018524, -0.044775962829589844, -0.858758807182312, 1.608162522315979, 0.4932396113872528, 1.5787992477416992, 0.41840994358062744, -2.520291566848755, -0.8065915107727051, 1.0, 1.0, 1.0, 1.0, 1.0, 1.0, 0.0, 1.0, 1.0, 1.0, 1.0, 1.0]"
247,4.371006434666924e-05,0.0,325.3233337402344,0.0,0.0,0.0,0.0,0.0,0.0,4.309925498091616e-05,0.0,320.7772216796875,0.6639593839645386,0.05170886591076851,-0.062420256435871124,-0.3014376163482666,-0.3713091015815735,-0.01851855404675007,0.11394361406564713,0.30226874351501465,-0.5607963800430298,1.161321759223938,-0.46761035919189453,-0.30224740505218506,0.8682563304901123,-1.8596159219741821,0.5894210338592529,"[0.6639593839645386, 0.05170886591076851, -0.062420256435871124, 0.089988112449646, -0.2251654416322708, 0.005168598610907793, -0.0526520237326622, -0.010451647453010082, -0.9985584616661072, 0.699999988079071, 0.0, 0.0, -0.3014376163482666, -0.3713091015815735, -0.01851855404675007, 0.11394361406564713, -0.09773126244544983, -0.1607963740825653, 2.7418136596679688e-06, -0.06761035323143005, 0.4977526068687439, 0.06825631856918335, -1.0596158504486084, -0.21057897806167603, -0.15841752290725708, -0.7407776117324829, -1.7096374034881592, -0.1284775584936142, 1.2346913814544678, -2.0726840496063232, -0.0007116030901670456, 0.45885390043258667, -0.0021733269095420837, 2.6516220569610596, -4.574326992034912, 1.346731424331665, -0.5665563941001892, -0.6797619462013245, -0.4491875469684601, 0.3354751169681549, -0.17541080713272095, -0.7945036888122559, 1.6875585317611694, 0.5826036930084229, 1.5894073247909546, 0.3885987401008606, -2.561152696609497, -0.9297598600387573, 1.0, 1.0, 1.0, 1.0, 1.0, 1.0, 0.0, 1.0, 1.0, 1.0, 1.0, 1.0]"
248,4.2969251808244735e-05,0.0,319.8096618652344,0.0,0.0,0.0,0.0,0.0,0.0,4.703216109191999e-05,0.0,350.04888916015625,0.6621884703636169,0.06551873683929443,-0.02362772263586521,-0.3025030493736267,-0.38043758273124695,-0.0556962713599205,0.11353274434804916,0.31930336356163025,-0.6035500764846802,1.1613221168518066,-0.4504585564136505,-0.2873506546020508,0.8982199430465698,-1.9320881366729736,0.6070431470870972,"[0.6621884703636169, 0.06551873683929443, -0.02362772263586521, -0.07134464383125305, -0.3419542610645294, 0.03461465612053871, -0.058688435703516006, -0.00999508611857891, -0.9982265830039978, 0.699999988079071, 0.0, 0.0, -0.3025030493736267, -0.38043758273124695, -0.0556962713599205, 0.11353274434804916, -0.08069664239883423, -0.2035500705242157, 3.0994415283203125e-06, -0.050458550453186035, 0.5126493573188782, 0.09821993112564087, -1.1320881843566895, -0.1929568648338318, -0.008367860689759254, -0.3580664396286011, -1.903483271598816, 0.023428820073604584, 0.7853402495384216, -2.091907024383545, -0.0009499886073172092, 0.7591049671173096, 0.9418564438819885, 0.7323465943336487, -2.9273548126220703, 1.0743534564971924, -0.5908789038658142, -0.7065268158912659, -0.5666617155075073, 0.31128990650177, -0.2894333600997925, -0.7875945568084717, 1.8050938844680786, 0.6246833801269531, 1.6688719987869263, 0.24793848395347595, -2.5617740154266357, -1.0199460983276367, 1.0, 1.0, 1.0, 1.0, 1.0, 1.0, 0.0, 1.0, 1.0, 1.0, 1.0, 1.0]"
249,4.185678335488774e-05,0.0,311.5298156738281,0.0,0.0,0.0,0.0,0.0,0.0,5.038294693804346e-05,0.0,374.9879455566406,0.6762259602546692,0.09021361172199249,0.031735844910144806,-0.30202773213386536,-0.3860994279384613,-0.09832850098609924,0.11412952095270157,0.3258425295352936,-0.6411188244819641,1.1613218784332275,-0.4261712431907654,-0.25257477164268494,0.8897362351417542,-1.9704838991165161,0.6154698729515076,"[0.6762259602546692, 0.09021361172199249, 0.031735844910144806, -0.12350231409072876, -0.37036094069480896, 0.030426084995269775, -0.06590873748064041, -0.007821774110198021, -0.9977948665618896, 0.699999988079071, 0.0, 0.0, -0.30202773213386536, -0.3860994279384613, -0.09832850098609924, 0.11412952095270157, -0.0741574764251709, -0.24111881852149963, 2.86102294921875e-06, -0.026171237230300903, 0.5474252700805664, 0.0897362232208252, -1.1704838275909424, -0.1845301389694214, 0.0359150655567646, -0.21286247670650482, -2.2241225242614746, 0.026514921337366104, 0.2048317790031433, -1.587531566619873, -0.0010284986346960068, 1.14267098903656, 1.9901597499847412, -1.528075098991394, -1.2505511045455933, 0.5224468111991882, -0.5798099637031555, -0.6382988691329956, -0.6641033887863159, 0.29305168986320496, -0.43414491415023804, -0.5869802832603455, 1.8589162826538086, 0.6473597288131714, 1.7694133520126343, -0.01878940314054489, -2.485013484954834, -1.104103922843933, 1.0, 1.0, 1.0, 0.0, 1.0, 1.0, 0.0, 1.0, 1.0, 1.0, 1.0, 1.0]"
250,3.9280068449443206e-05,0.0,292.3519287109375,0.0,0.0,0.0,0.0,0.0,0.0,4.143633850617334e-05,0.0,308.40057373046875,0.7078642845153809,0.1019396111369133,0.08791179955005646,-0.29957011342048645,-0.3812296688556671,-0.14406253397464752,0.11578792333602905,0.31981605291366577,-0.654941976070404,1.1613216400146484,-0.3935093879699707,-0.1947188675403595,0.8219797611236572,-1.9717944860458374,0.6119198799133301,"[0.7078642845153809, 0.1019396111369133, 0.08791179955005646, -0.29605787992477417, -0.42013755440711975, 0.02139734849333763, -0.07371950149536133, -0.003654768457636237, -0.9972726106643677, 0.699999988079071, 0.0, 0.0, -0.29957011342048645, -0.3812296688556671, -0.14406253397464752, 0.11578792333602905, -0.0801839530467987, -0.2549419701099396, 2.6226043701171875e-06, 0.006490617990493774, 0.6052811145782471, 0.02197974920272827, -1.1717944145202637, -0.18808013200759888, 0.21774126589298248, 0.7621510028839111, -2.1372861862182617, 0.163783997297287, -0.47102752327919006, 0.2813781797885895, -0.001293545588850975, 1.655730962753296, 3.2731306552886963, -5.7022175788879395, 1.104423999786377, -0.17781378328800201, -0.49803879857063293, -0.4045398533344269, -0.5759918093681335, 0.4165534973144531, -0.7127190828323364, 0.46904703974723816, 1.8199546337127686, 0.3659532964229584, 1.860599398612976, -0.9142476916313171, -2.1339032649993896, -1.0717337131500244, 1.0, 1.0, 1.0, 1.0, 1.0, 1.0, 0.0, 1.0, 1.0, 1.0, 1.0, 1.0]"
251,0.0,0.0,0.0,0.0,0.0,0.0,0.0,0.0,0.0,4.178844392299652e-06,0.0,31.102115631103516,0.738301157951355,0.09042602777481079,0.01720845326781273,-0.29013147950172424,-0.34246164560317993,-0.17407497763633728,0.1260257512331009,0.3071322441101074,-0.6151235103607178,1.1613190174102783,-0.35432443022727966,-0.15781894326210022,0.6763002276420593,-1.9192620515823364,0.5999678373336792,"[0.738301157951355, 0.09042602777481079, 0.01720845326781273, -0.8256796002388, -0.41552677750587463, 0.022022129967808723, -0.08244728296995163, 0.009213613346219063, -0.9965527057647705, 0.699999988079071, 0.0, 0.0, -0.29013147950172424, -0.34246164560317993, -0.17407497763633728, 0.1260257512331009, -0.09286776185035706, -0.2151235044002533, 0.0, 0.045675575733184814, 0.6421810388565063, -0.12369978427886963, -1.1192619800567627, -0.20003217458724976, 0.43026021122932434, 2.544964075088501, -1.2166613340377808, 0.6885606646537781, -0.31968504190444946, 2.8430004119873047, -3.875282800436253e-06, 1.9262137413024902, -2.2051100730895996, -7.232348918914795, 3.4509124755859375, -0.27895641326904297, -1.422096610069275, -0.2280309498310089, -0.3165394365787506, 0.33995506167411804, -0.4670102596282959, 0.5487401485443115, 1.460545539855957, -0.5894342660903931, 0.3857232332229614, -1.0720857381820679, -1.7977505922317505, -0.1825733482837677, 1.0, 1.0, 1.0, 1.0, 1.0, 1.0, 0.0, 1.0, 1.0, 1.0, 1.0, 1.0]"
252,0.0,0.0,0.0,5.9299502026988193e-05,0.0,441.3516845703125,0.0,0.0,0.0,0.0,0.0,0.0,0.682887852191925,0.11438710987567902,-0.019915170967578888,-0.3138071298599243,-0.34444865584373474,-0.2055400162935257,0.13256938755512238,0.29161277413368225,-0.5931916236877441,1.1613150835037231,-0.35061120986938477,-0.26814350485801697,0.6796692609786987,-1.8453422784805298,0.6400041580200195,"[0.682887852191925, 0.11438710987567902, -0.019915170967578888, 0.32030510902404785, 0.11202043294906616, 0.06354491412639618, -0.08388199657201767, 0.010113433003425598, -0.9964243173599243, 0.699999988079071, 0.0, 0.0, -0.3138071298599243, -0.34444865584373474, -0.2055400162935257, 0.13256938755512238, -0.10838723182678223, -0.19319161772727966, -3.933906555175781e-06, 0.04938879609107971, 0.5318565368652344, -0.12033075094223022, -1.045342206954956, -0.15999585390090942, -1.8966937065124512, -0.434172123670578, -1.0439354181289673, 0.2935478091239929, -1.3922892808914185, 0.9288095235824585, 0.0057517159730196, -1.1435906887054443, -4.5075883865356445, 0.03790001943707466, 3.2434651851654053, 4.844260215759277, -0.7740361094474792, -0.045380447059869766, 0.005462039262056351, -0.0228671133518219, -0.5108944177627563, 0.9718209505081177, 1.4743543863296509, -1.1050409078598022, 0.3491098880767822, -1.2400739192962646, -1.8561646938323975, 0.306231290102005, 1.0, 1.0, 1.0, 1.0, 1.0, 1.0, 0.0, 1.0, 1.0, 1.0, 1.0, 1.0]"
253,0.0,0.0,0.0,5.721154957427643e-05,0.0,425.81158447265625,0.0,0.0,0.0,0.0,0.0,0.0,0.6775348782539368,0.07779645919799805,-0.02693554013967514,-0.35011935234069824,-0.35065826773643494,-0.18136431276798248,0.14177758991718292,0.2584408223628998,-0.5688705444335938,1.1613162755966187,-0.403119832277298,-0.3677575886249542,0.6634977459907532,-1.798518419265747,0.7441980838775635,"[0.6775348782539368, 0.07779645919799805, -0.02693554013967514, 0.10879679769277573, 0.5350348353385925, -0.03971291333436966, -0.07650574296712875, 0.005425267852842808, -0.9970544576644897, 0.699999988079071, 0.0, 0.0, -0.35011935234069824, -0.35065826773643494, -0.18136431276798248, 0.14177758991718292, -0.1415591835975647, -0.16887053847312927, -2.7418136596679688e-06, -0.003119826316833496, 0.43224242329597473, -0.13650226593017578, -0.9985184073448181, -0.05580192804336548, -1.4333032369613647, -0.1599091738462448, 2.3923182487487793, 0.5080980658531189, -1.7295145988464355, 1.0320664644241333, 0.007946033030748367, -3.19008207321167, -4.930950164794922, -0.8449423313140869, 2.3428914546966553, 3.9244604110717773, -0.19893068075180054, 0.31399011611938477, -0.10895280539989471, -0.030591070652008057, -0.12421455979347229, 0.7669030427932739, 1.4778368473052979, -0.6222580671310425, 0.7535004615783691, -0.9833604097366333, -1.7095979452133179, 0.13235852122306824, 1.0, 1.0, 1.0, 1.0, 1.0, 1.0, 0.0, 1.0, 1.0, 1.0, 1.0, 1.0]"
254,0.0,0.0,0.0,4.791908213519491e-05,0.0,356.6499938964844,0.0,0.0,0.0,0.0,0.0,0.0,0.7103551030158997,0.02909737266600132,-0.06951536983251572,-0.3510560393333435,-0.3492371737957001,-0.11879520118236542,0.1489465832710266,0.21860790252685547,-0.544928252696991,1.1613173484802246,-0.47095969319343567,-0.36600688099861145,0.6364638805389404,-1.7465711832046509,0.7691712379455566,"[0.7103551030158997, 0.02909737266600132, -0.06951536983251572, -0.21691344678401947, 0.8955658078193665, -0.1974133849143982, -0.0615348182618618, 0.0076849935576319695, -0.9980754256248474, 0.699999988079071, 0.0, 0.0, -0.3510560393333435, -0.3492371737957001, -0.11879520118236542, 0.1489465832710266, -0.181392103433609, -0.1449282467365265, -1.6689300537109375e-06, -0.07095968723297119, 0.4339931309223175, -0.16353613138198853, -0.9465711712837219, -0.030828773975372314, 0.8605404496192932, 0.0927686020731926, 3.2053439617156982, 0.2015962451696396, -2.1407103538513184, 1.0369707345962524, 0.012074336409568787, -3.2788257598876953, 3.3219170570373535, -1.1588689088821411, 2.4084620475769043, -0.642148494720459, 0.30258908867836, 0.09459047764539719, -0.1800893396139145, 0.04475131630897522, -0.3842984437942505, 0.5205198526382446, 1.5156108140945435, -0.4062993824481964, 1.5161720514297485, -0.8857088685035706, -1.6871285438537598, -0.3546297252178192, 1.0, 1.0, 1.0, 1.0, 1.0, 1.0, 0.0, 1.0, 1.0, 1.0, 1.0, 1.0]"
255,0.0,0.0,0.0,2.956142634502612e-05,0.0,220.01846313476562,0.0,0.0,0.0,0.0,0.0,0.0,0.7582027912139893,-0.013224031776189804,-0.17129826545715332,-0.301716685295105,-0.33908936381340027,-0.05948258191347122,0.1534683108329773,0.17969003319740295,-0.5262783765792847,1.1613179445266724,-0.5221339464187622,-0.2686161398887634,0.6092010140419006,-1.7091811895370483,0.7081069946289062,"[0.7582027912139893, -0.013224031776189804, -0.17129826545715332, -0.7803767323493958, 1.2096761465072632, -0.2759231626987457, -0.03985057771205902, 0.018684616312384605, -0.9990310668945312, 0.699999988079071, 0.0, 0.0, -0.301716685295105, -0.33908936381340027, -0.05948258191347122, 0.1534683108329773, -0.22030997276306152, -0.1262783706188202, -1.0728836059570312e-06, -0.12213394045829773, 0.5313838720321655, -0.19079899787902832, -0.9091811776161194, -0.0918930172920227, 3.334913730621338, 0.6411920189857483, 2.754180669784546, 0.31778594851493835, -1.8976234197616577, 0.592885434627533, 0.008137762546539307, -1.9706205129623413, 5.488277435302734, -0.8493545651435852, 1.54347562789917, -4.4830827713012695, 0.11281165480613708, 0.007272030226886272, -0.12768729031085968, 0.3067937195301056, -0.5311416983604431, 0.07223352789878845, 1.360056757926941, 0.05457693338394165, 1.687402606010437, -0.7663176655769348, -1.7302703857421875, -0.6808557510375977, 1.0, 1.0, 1.0, 1.0, 1.0, 1.0, 0.0, 1.0, 1.0, 1.0, 1.0, 1.0]"
256,1.8140293832402676e-05,0.0,135.01376342773438,8.39871518110158e-06,0.0,62.50958251953125,0.0,0.0,0.0,0.0,0.0,0.0,0.7398708462715149,-0.012361409142613411,-0.021476758643984795,-0.30506861209869385,-0.3455375134944916,-0.017377393320202827,0.13382869958877563,0.22622832655906677,-0.49940335750579834,1.1613132953643799,-0.5287663340568542,-0.320491224527359,0.5933190584182739,-1.6807196140289307,0.6083733439445496,"[0.7398708462715149, -0.012361409142613411, -0.021476758643984795, 0.186651811003685, 0.08148276805877686, -0.16863296926021576, -0.032523851841688156, 0.01319185085594654, -0.9993841052055359, 0.699999988079071, 0.0, 0.0, -0.30506861209869385, -0.3455375134944916, -0.017377393320202827, 0.13382869958877563, -0.1737716794013977, -0.09940335154533386, -5.7220458984375e-06, -0.12876632809638977, 0.47950878739356995, -0.20668095350265503, -0.8807196021080017, -0.1916266679763794, 0.05235850811004639, -0.352319598197937, 2.5412633419036865, -0.6216221451759338, 1.9101580381393433, 1.1717729568481445, 0.005815158132463694, 0.5021010637283325, -0.5612495541572571, -0.006200861185789108, 0.6910345554351807, -5.744636535644531, -0.04635855555534363, -0.23930224776268005, -0.0982084721326828, 0.4967704117298126, -0.84953773021698, -0.44254565238952637, 1.4566718339920044, 0.35426726937294006, 1.8365439176559448, -0.4517696797847748, -1.722095012664795, -0.9255174994468689, 1.0, 1.0, 1.0, 1.0, 1.0, 1.0, 0.0, 1.0, 1.0, 1.0, 1.0, 1.0]"
257,3.771743649849668e-05,0.0,280.7216491699219,0.0,0.0,0.0,0.0,0.0,0.0,0.0,0.0,0.0,0.6700662970542908,-0.0479336716234684,-0.061203788965940475,-0.3046363890171051,-0.34273508191108704,0.03007398173213005,0.13643582165241241,0.24936270713806152,-0.48734936118125916,1.1613194942474365,-0.4988606572151184,-0.3140900433063507,0.6162806153297424,-1.6707134246826172,0.5040099620819092,"[0.6700662970542908, -0.0479336716234684, -0.061203788965940475, 0.33870330452919006, -0.5225335359573364, 0.04158182069659233, -0.038432274013757706, 0.011224744841456413, -0.9991981387138367, 0.699999988079071, 0.0, 0.0, -0.3046363890171051, -0.34273508191108704, 0.03007398173213005, 0.13643582165241241, -0.15063729882240295, -0.08734935522079468, 4.76837158203125e-07, -0.09886065125465393, 0.48590996861457825, -0.18371939659118652, -0.8707134127616882, -0.2959900498390198, -0.21382716298103333, 0.046986423432826996, 1.6112325191497803, 0.176622211933136, 0.9633232951164246, 0.1963111013174057, -0.0008543631993234158, 1.9725303649902344, 1.0100526809692383, 2.2066726684570312, 0.07091239094734192, -4.369465351104736, -0.38916465640068054, -0.6544784903526306, -0.31394293904304504, 0.5084503293037415, 0.2616848945617676, -0.47375503182411194, 1.4903666973114014, 0.5298184156417847, 1.5490669012069702, 0.21783840656280518, -1.9263553619384766, -0.951130747795105, 1.0, 1.0, 1.0, 1.0, 1.0, 1.0, 0.0, 1.0, 1.0, 1.0, 1.0, 1.0]"
258,2.167827005905565e-05,0.0,161.3460693359375,0.0,0.0,0.0,0.0,0.0,0.0,4.026801616419107e-05,0.0,299.70501708984375,0.6496672034263611,0.003194058546796441,-0.06439380347728729,-0.3082898259162903,-0.3495371639728546,0.04057116061449051,0.13279560208320618,0.2660484313964844,-0.5008875131607056,1.1613175868988037,-0.48443078994750977,-0.2932693064212799,0.698738694190979,-1.705649733543396,0.5281969904899597,"[0.6496672034263611, 0.003194058546796441, -0.06439380347728729, 0.16354593634605408, -0.3445332646369934, -0.01500677689909935, -0.047628600150346756, 0.005819793790578842, -0.9988480806350708, 0.699999988079071, 0.0, 0.0, -0.3082898259162903, -0.3495371639728546, 0.04057116061449051, 0.13279560208320618, -0.1339515745639801, -0.10088750720024109, -1.430511474609375e-06, -0.08443078398704529, 0.5067306756973267, -0.10126131772994995, -0.905649721622467, -0.27180302143096924, -0.12957066297531128, -0.593930721282959, -0.07619720697402954, -0.13393725454807281, 1.1788932085037231, -1.094787359237671, -0.0007961592637002468, 0.3248754143714905, 0.27184388041496277, 4.751719951629639, -2.9259138107299805, 1.7067060470581055, -0.5543988943099976, -0.7120690941810608, -0.5031037330627441, 0.3128388226032257, 0.008396744728088379, -0.7164446115493774, 1.6073089838027954, 0.6928297281265259, 1.6897670030593872, 0.42489951848983765, -2.3312880992889404, -0.9756633043289185, 1.0, 1.0, 1.0, 1.0, 1.0, 1.0, 0.0, 1.0, 1.0, 1.0, 1.0, 1.0]"
259,3.2393611036241055e-05,0.0,241.0977325439453,0.0,0.0,0.0,0.0,0.0,0.0,4.951886512571946e-05,0.0,368.55682373046875,0.6637553572654724,0.05852721631526947,-0.055597394704818726,-0.3127450942993164,-0.3703549802303314,0.010796571150422096,0.12811292707920074,0.2885502576828003,-0.5318956971168518,1.1613198518753052,-0.4742407202720642,-0.29129889607429504,0.7924337387084961,-1.783264398574829,0.5518230199813843,"[0.6637553572654724, 0.05852721631526947, -0.055597394704818726, 0.21950556337833405, -0.13392263650894165, -0.025332452729344368, -0.05125684663653374, 0.0018619750626385212, -0.9986838102340698, 0.699999988079071, 0.0, 0.0, -0.3127450942993164, -0.3703549802303314, 0.010796571150422096, 0.12811292707920074, -0.11144974827766418, -0.13189569115638733, 8.344650268554688e-07, -0.07424071431159973, 0.5087010860443115, -0.007566273212432861, -0.9832643866539001, -0.24817699193954468, -0.27793607115745544, -1.190904140472412, -2.1279661655426025, -0.2894178032875061, 1.1585330963134766, -1.750824213027954, -2.8547830879688263e-05, 0.36052826046943665, -0.029183899983763695, 4.399362564086914, -4.339074611663818, 1.312041163444519, -0.5852989554405212, -0.5785806775093079, -0.49245133996009827, 0.37288758158683777, -0.051739633083343506, -0.8500317335128784, 1.586783528327942, 0.47301122546195984, 1.5900009870529175, 0.41203823685646057, -2.51474666595459, -0.8145371079444885, 1.0, 1.0, 1.0, 1.0, 1.0, 1.0, 0.0, 1.0, 1.0, 1.0, 1.0, 1.0]"
260,4.1187053284375e-05,0.0,306.5451965332031,0.0,0.0,0.0,0.0,0.0,0.0,3.9156191633082926e-05,0.0,291.4299621582031,0.6591062545776367,0.0666871964931488,-0.04492134228348732,-0.31681355834007263,-0.38647565245628357,-0.03703853860497475,0.12438594549894333,0.30837106704711914,-0.5710331797599792,1.1613214015960693,-0.4607689082622528,-0.2843095064163208,0.8590685725212097,-1.872644066810608,0.5714488625526428,"[0.6591062545776367, 0.0666871964931488, -0.04492134228348732, 0.02324097976088524, -0.26362529397010803, 0.027490144595503807, -0.055314451456069946, -0.0006097815930843353, -0.9984687566757202, 0.699999988079071, 0.0, 0.0, -0.31681355834007263, -0.38647565245628357, -0.03703853860497475, 0.12438594549894333, -0.09162893891334534, -0.17103317379951477, 2.384185791015625e-06, -0.06076890230178833, 0.5156905055046082, 0.05906856060028076, -1.0726439952850342, -0.22855114936828613, -0.11398670822381973, -0.47192540764808655, -2.3286192417144775, -0.07488705217838287, 0.9816576838493347, -2.0034964084625244, -0.0006225896067917347, 0.5518247485160828, 0.46989864110946655, 2.4000842571258545, -4.142974376678467, 1.2526711225509644, -0.6413278579711914, -0.6153027415275574, -0.49228182435035706, 0.2799365520477295, -0.22320157289505005, -0.7723877429962158, 1.688065528869629, 0.5356850624084473, 1.6383755207061768, 0.32552406191825867, -2.505676746368408, -0.9475991725921631, 1.0, 1.0, 1.0, 1.0, 1.0, 1.0, 0.0, 1.0, 1.0, 1.0, 1.0, 1.0]"
261,4.252591315889731e-05,0.0,316.5099792480469,0.0,0.0,0.0,0.0,0.0,0.0,4.491958679864183e-05,0.0,334.32550048828125,0.6570266485214233,0.0770416408777237,-0.008962671272456646,-0.31671857833862305,-0.3864143490791321,-0.08181105554103851,0.12545238435268402,0.3203633427619934,-0.6100612878799438,1.1613218784332275,-0.44251036643981934,-0.2597261667251587,0.8781818747520447,-1.929681420326233,0.5886994004249573,"[0.6570266485214233, 0.0770416408777237, -0.008962671272456646, -0.13569927215576172, -0.3945077359676361, 0.06385169178247452, -0.06229643523693085, 0.0014118626713752747, -0.9980566501617432, 0.699999988079071, 0.0, 0.0, -0.31671857833862305, -0.3864143490791321, -0.08181105554103851, 0.12545238435268402, -0.07963666319847107, -0.21006128191947937, 2.86102294921875e-06, -0.04251036047935486, 0.5402738451957703, 0.07818186283111572, -1.1296813488006592, -0.21130061149597168, 0.03641022741794586, 0.1969832330942154, -2.186837911605835, 0.08744706958532333, 0.4962088167667389, -1.8081773519515991, -0.0009675286710262299, 0.8360768556594849, 1.4921221733093262, -0.06076696887612343, -2.03833270072937, 1.0342605113983154, -0.6250848174095154, -0.6182054281234741, -0.5980685949325562, 0.2743130326271057, -0.3690323233604431, -0.6801512837409973, 1.776235580444336, 0.5647163391113281, 1.7306865453720093, 0.10848359018564224, -2.4584262371063232, -1.0199369192123413, 1.0, 1.0, 1.0, 1.0, 1.0, 1.0, 0.0, 1.0, 1.0, 1.0, 1.0, 1.0]"
262,4.0418664866592735e-05,0.0,300.8262634277344,0.0,0.0,0.0,0.0,0.0,0.0,4.443870057002641e-05,0.0,330.74639892578125,0.6711747646331787,0.09638503193855286,0.04182853549718857,-0.3152672052383423,-0.3771616518497467,-0.12650255858898163,0.12745366990566254,0.3199310302734375,-0.6368914842605591,1.161321759223938,-0.41770079731941223,-0.21166175603866577,0.8462653756141663,-1.9470583200454712,0.598261296749115,"[0.6711747646331787, 0.09638503193855286, 0.04182853549718857, -0.18540769815444946, -0.44660699367523193, 0.06499260663986206, -0.07075013965368271, 0.004867480136454105, -0.9974820017814636, 0.699999988079071, 0.0, 0.0, -0.3152672052383423, -0.3771616518497467, -0.12650255858898163, 0.12745366990566254, -0.08006897568702698, -0.2368914783000946, 2.7418136596679688e-06, -0.017700791358947754, 0.5883382558822632, 0.046265363693237305, -1.1470582485198975, -0.20173871517181396, 0.08596708625555038, 0.6966457366943359, -2.2167069911956787, 0.10420724004507065, -0.18679699301719666, -0.8060964345932007, -0.0012000296264886856, 1.2094260454177856, 2.7482388019561768, -3.174769878387451, 0.09089955687522888, 0.5475028157234192, -0.6255037188529968, -0.4673386812210083, -0.6430670619010925, 0.3323061466217041, -0.6129348278045654, -0.2606056332588196, 1.7826422452926636, 0.45530304312705994, 1.810110330581665, -0.30322888493537903, -2.2522199153900146, -1.0126415491104126, 1.0, 1.0, 1.0, 1.0, 1.0, 1.0, 0.0, 1.0, 1.0, 1.0, 1.0, 1.0]"
263,2.4493490855093114e-05,0.0,182.299072265625,0.0,0.0,0.0,0.0,0.0,0.0,2.3395312382490374e-05,0.0,174.12559509277344,0.6964855194091797,0.09981518238782883,0.04428904876112938,-0.3109991252422333,-0.3497248589992523,-0.16727450489997864,0.1319732815027237,0.30799734592437744,-0.6305536031723022,1.1613253355026245,-0.38671982288360596,-0.14185215532779694,0.7543917894363403,-1.9164128303527832,0.6002631187438965,"[0.6964855194091797, 0.09981518238782883, 0.04428904876112938, -0.37417787313461304, -0.5051427483558655, 0.067267045378685, -0.08019951730966568, 0.011299659498035908, -0.9967148900032043, 0.699999988079071, 0.0, 0.0, -0.3109991252422333, -0.3497248589992523, -0.16727450489997864, 0.1319732815027237, -0.09200266003608704, -0.23055359721183777, 6.318092346191406e-06, 0.01328018307685852, 0.6581478714942932, -0.04560822248458862, -1.116412878036499, -0.19973689317703247, 0.2635747790336609, 1.853468418121338, -1.8882418870925903, 0.29061388969421387, -0.4976535439491272, 1.2231833934783936, -0.0029486618004739285, 1.5472153425216675, 3.4199836254119873, -5.878503799438477, 2.7193496227264404, 0.16109400987625122, -0.9276698231697083, -0.2851046621799469, -0.4848440885543823, 0.46515801548957825, -0.6877140998840332, 0.5089884996414185, 1.6098326444625854, 0.009162694215774536, 1.345849871635437, -1.032278299331665, -1.822615623474121, -0.644534170627594, 1.0, 1.0, 1.0, 1.0, 1.0, 1.0, 0.0, 1.0, 1.0, 1.0, 1.0, 1.0]"
264,0.0,0.0,0.0,5.073139982414432e-05,0.0,377.5813903808594,0.0,0.0,0.0,0.0,0.0,0.0,0.6801882386207581,0.12496086210012436,-0.058142129331827164,-0.31543999910354614,-0.32435208559036255,-0.20232555270195007,0.1393888294696808,0.29777792096138,-0.6023664474487305,1.1613155603408813,-0.3627435863018036,-0.18877074122428894,0.6933669447898865,-1.8429359197616577,0.6057156920433044,"[0.6801882386207581, 0.12496086210012436, -0.058142129331827164, -0.02357090637087822, -0.11185677349567413, 0.10145573318004608, -0.08644142746925354, 0.01909046433866024, -0.9960737824440002, 0.699999988079071, 0.0, 0.0, -0.31543999910354614, -0.32435208559036255, -0.20232555270195007, 0.1393888294696808, -0.10222208499908447, -0.202366441488266, -3.4570693969726562e-06, 0.03725641965866089, 0.6112293004989624, -0.10663306713104248, -1.042935848236084, -0.1942843198776245, -0.9589152336120605, -0.21283718943595886, -1.9230793714523315, 0.1723233312368393, -0.5758511424064636, 0.3466046452522278, 0.001077204942703247, 0.5630611777305603, -5.978142738342285, 1.3541350364685059, 3.4886395931243896, 0.7970693707466125, -1.0681681632995605, -0.2565391957759857, -0.24875126779079437, 0.12419325113296509, -0.3522322177886963, 0.8392050266265869, 1.4770656824111938, -0.8575429916381836, 0.0195092111825943, -1.0603399276733398, -1.8386409282684326, 0.06362832337617874, 1.0, 1.0, 1.0, 1.0, 1.0, 1.0, 0.0, 1.0, 1.0, 1.0, 1.0, 1.0]"
265,0.0,0.0,0.0,6.183134973980486e-05,0.0,460.1955871582031,0.0,0.0,0.0,0.0,0.0,0.0,0.6653265357017517,0.0981057807803154,-0.06872810423374176,-0.34655624628067017,-0.3336683511734009,-0.21737921237945557,0.14287269115447998,0.2757665812969208,-0.5836835503578186,1.1613155603408813,-0.38658279180526733,-0.30454209446907043,0.6925220489501953,-1.7940728664398193,0.6868473291397095,"[0.6653265357017517, 0.0981057807803154, -0.06872810423374176, 0.35881805419921875, 0.33756136894226074, 0.03936202451586723, -0.08305978029966354, 0.012412941083312035, -0.9964671730995178, 0.699999988079071, 0.0, 0.0, -0.34655624628067017, -0.3336683511734009, -0.21737921237945557, 0.14287269115447998, -0.1242334246635437, -0.18368354439735413, -3.4570693969726562e-06, 0.013417214155197144, 0.4954579174518585, -0.10747796297073364, -0.9940728545188904, -0.11315268278121948, -1.4600383043289185, -0.44607454538345337, 0.3721720576286316, 0.28794065117836, -1.3480994701385498, 0.7883429527282715, 0.006885581649839878, -2.0421152114868164, -5.223606586456299, -0.16564249992370605, 2.1016790866851807, 4.790210247039795, -0.08814230561256409, 0.19829806685447693, -0.10390682518482208, -0.01339295506477356, -0.3318023681640625, 1.0024724006652832, 1.490744948387146, -0.6647695302963257, 0.5994424223899841, -0.9817458391189575, -1.7527613639831543, 0.15756994485855103, 1.0, 1.0, 1.0, 1.0, 1.0, 1.0, 0.0, 1.0, 1.0, 1.0, 1.0, 1.0]"
266,0.0,0.0,0.0,5.675858483300544e-05,0.0,422.4402770996094,0.0,0.0,0.0,0.0,0.0,0.0,0.6870524287223816,0.038944311439991,-0.07801578938961029,-0.3476710617542267,-0.33433017134666443,-0.17148855328559875,0.15315842628479004,0.24469731748104095,-0.5633101463317871,1.1613171100616455,-0.43917277455329895,-0.3674033284187317,0.6764792203903198,-1.751160740852356,0.7430539727210999,"[0.6870524287223816, 0.038944311439991, -0.07801578938961029, -0.1860654503107071, 0.7365512847900391, -0.12627339363098145, -0.07153685390949249, 0.013224473223090172, -0.9973503947257996, 0.699999988079071, 0.0, 0.0, -0.3476710617542267, -0.33433017134666443, -0.17148855328559875, 0.15315842628479004, -0.15530268847942352, -0.16331014037132263, -1.9073486328125e-06, -0.03917276859283447, 0.43259668350219727, -0.12352079153060913, -0.951160728931427, -0.0569460391998291, 0.8468517065048218, 0.12442976981401443, 3.004394769668579, 0.4667963683605194, -1.9046534299850464, 0.815076470375061, 0.008766469545662403, -2.8231747150421143, -0.15904536843299866, -0.7656428217887878, 2.1594297885894775, 1.261909008026123, -0.00515463761985302, 0.20803311467170715, -0.10540543496608734, -0.0432358980178833, -0.34283626079559326, 0.7284725904464722, 1.533972144126892, -0.5456194877624512, 1.1919385194778442, -0.951427161693573, -1.677250623703003, -0.170869380235672, 1.0, 1.0, 1.0, 1.0, 1.0, 1.0, 0.0, 1.0, 1.0, 1.0, 1.0, 1.0]"
267,0.0,0.0,0.0,4.063209780724719e-05,0.0,302.4147644042969,0.0,0.0,0.0,0.0,0.0,0.0,0.7280075550079346,-0.002095967996865511,-0.13681557774543762,-0.30465471744537354,-0.3290576636791229,-0.10795823484659195,0.15643760561943054,0.2023724913597107,-0.5429153442382812,1.1613178253173828,-0.493383526802063,-0.3089553415775299,0.6490813493728638,-1.7138466835021973,0.7243509888648987,"[0.7280075550079346, -0.002095967996865511, -0.13681557774543762, -0.38832592964172363, 1.1315113306045532, -0.24781624972820282, -0.05212040990591049, 0.01924762688577175, -0.9984554648399353, 0.699999988079071, 0.0, 0.0, -0.30465471744537354, -0.3290576636791229, -0.10795823484659195, 0.15643760561943054, -0.19762751460075378, -0.14291533827781677, -1.1920928955078125e-06, -0.09338352084159851, 0.49104467034339905, -0.15091866254806519, -0.9138466715812683, -0.07564902305603027, 2.849177837371826, 0.3294828534126282, 3.1067254543304443, 0.009261605329811573, -2.2060482501983643, 0.8648036122322083, 0.007959438487887383, -2.414693593978882, 4.199644565582275, -1.347714900970459, 1.5199588537216187, -2.6763930320739746, 0.1933937966823578, 0.15915170311927795, -0.1715122014284134, 0.1758655607700348, -0.5153466463088989, 0.3120921552181244, 1.453752875328064, -0.16818836331367493, 1.589788794517517, -0.8330121636390686, -1.7357537746429443, -0.5366253852844238, 1.0, 1.0, 1.0, 1.0, 1.0, 1.0, 0.0, 1.0, 1.0, 1.0, 1.0, 1.0]"
268,0.00014409075083676726,0.0,1072.4322509765625,1.3251218661025632e-05,0.0,98.62557983398438,0.0,0.0,0.0,0.0,0.0,0.0,0.7578816413879395,0.012736993841826916,0.02546197734773159,-0.2820327579975128,-0.3311041295528412,-0.05641961842775345,0.14075347781181335,0.2022431194782257,-0.5180925130844116,1.1613413095474243,-0.51868736743927,-0.3029312789440155,0.6207668781280518,-1.6867247819900513,0.644830048084259,"[0.7578816413879395, 0.012736993841826916, 0.02546197734773159, 1.1000280380249023, 0.12895628809928894, -0.2593415677547455, -0.0355873629450798, 0.01759672909975052, -0.9992114901542664, 0.699999988079071, 0.0, 0.0, -0.2820327579975128, -0.3311041295528412, -0.05641961842775345, 0.14075347781181335, -0.19775688648223877, -0.11809250712394714, 2.2292137145996094e-05, -0.11868736147880554, 0.49706873297691345, -0.1792331337928772, -0.8867247700691223, -0.15516996383666992, -1.063836932182312, -1.2262567281723022, 2.1341066360473633, -2.1040797233581543, 3.8419294357299805, 1.9196828603744507, -0.002018861472606659, -0.20879903435707092, -4.80845308303833, -1.183251142501831, 1.4427292346954346, -4.369920253753662, 0.035963982343673706, -0.07851604372262955, -0.10142688453197479, 0.3603099584579468, -0.721450686454773, -0.2477962076663971, 1.4193952083587646, 0.26956334710121155, 1.8375118970870972, -0.5830879211425781, -1.7481815814971924, -0.8450015783309937, 1.0, 1.0, 1.0, 1.0, 1.0, 1.0, 0.0, 1.0, 1.0, 1.0, 1.0, 1.0]"
269,6.299769302131608e-05,0.0,468.87640380859375,0.0,0.0,0.0,0.0,0.0,0.0,0.0,0.0,0.0,0.6819104552268982,-0.052242979407310486,-0.017373593524098396,-0.2874279320240021,-0.33495625853538513,0.0029626134783029556,0.12691442668437958,0.22890698909759521,-0.4936176836490631,1.1613298654556274,-0.49934592843055725,-0.30652645230293274,0.6245163679122925,-1.6793498992919922,0.5358310341835022,"[0.6819104552268982, -0.052242979407310486, -0.017373593524098396, 0.3824990391731262, -0.37717509269714355, -0.02621896006166935, -0.03833587095141411, 0.008996741846203804, -0.9992246627807617, 0.699999988079071, 0.0, 0.0, -0.2874279320240021, -0.33495625853538513, 0.0029626134783029556, 0.12691442668437958, -0.17109301686286926, -0.09361767768859863, 1.0848045349121094e-05, -0.09934592247009277, 0.4934735596179962, -0.17548364400863647, -0.8793498873710632, -0.26416897773742676, -0.21642433106899261, 0.09257562458515167, 2.743570566177368, -0.25729984045028687, 1.0565756559371948, 0.8184934854507446, -0.0012911611702293158, 1.5798258781433105, 0.7090702652931213, 1.5341894626617432, 0.14923250675201416, -5.1165032386779785, -0.3727458417415619, -0.6684955954551697, -0.28547102212905884, 0.5852203369140625, 0.2819474935531616, -0.47438085079193115, 1.4726135730743408, 0.5201081037521362, 1.4973652362823486, 0.21285414695739746, -1.8754968643188477, -0.9560695886611938, 1.0, 1.0, 1.0, 1.0, 1.0, 1.0, 0.0, 1.0, 1.0, 1.0, 1.0, 1.0]"
270,3.090244354098104e-05,0.0,229.99932861328125,0.0,0.0,0.0,0.0,0.0,0.0,3.507136716507375e-05,0.0,261.027587890625,0.6499325633049011,-0.017135510221123695,-0.07732845097780228,-0.29435786604881287,-0.3420305848121643,0.02774052694439888,0.12015814334154129,0.24569116532802582,-0.4975346624851227,1.1613223552703857,-0.48340272903442383,-0.2858787775039673,0.7077310681343079,-1.7010064125061035,0.5378891825675964,"[0.6499325633049011, -0.017135510221123695, -0.07732845097780228, 0.38773107528686523, -0.3475969731807709, -0.03070567362010479, -0.047063250094652176, -0.000528259901329875, -0.9988916516304016, 0.699999988079071, 0.0, 0.0, -0.29435786604881287, -0.3420305848121643, 0.02774052694439888, 0.12015814334154129, -0.15430884063243866, -0.0975346565246582, 3.337860107421875e-06, -0.08340272307395935, 0.5141212344169617, -0.0922689437866211, -0.9010064005851746, -0.2621108293533325, -0.3097332715988159, -0.6502817273139954, 0.5813431143760681, -0.30075639486312866, 1.1337305307388306, -0.727509081363678, -0.001124652219004929, -0.15104705095291138, 0.39259207248687744, 4.885397434234619, -2.5735597610473633, 2.419365882873535, -0.5336800217628479, -0.6979970335960388, -0.4465334713459015, 0.37330618500709534, 0.07013720273971558, -0.7427109479904175, 1.6172603368759155, 0.6753929853439331, 1.6759262084960938, 0.4310847222805023, -2.2774300575256348, -0.9806009531021118, 1.0, 1.0, 1.0, 1.0, 1.0, 1.0, 0.0, 1.0, 1.0, 1.0, 1.0, 1.0]"
271,3.483200998743996e-05,0.0,259.2461242675781,0.0,0.0,0.0,0.0,0.0,0.0,5.0488994020270184e-05,0.0,375.77728271484375,0.6700146198272705,0.034486837685108185,-0.07285849004983902,-0.3002246916294098,-0.36283618211746216,0.014591606333851814,0.11409744620323181,0.27174851298332214,-0.5241463780403137,1.1613203287124634,-0.47520315647125244,-0.28979218006134033,0.8013971447944641,-1.7740293741226196,0.5650875568389893,"[0.6700146198272705, 0.034486837685108185, -0.07285849004983902, 0.23186251521110535, -0.11405761539936066, -0.03110632859170437, -0.05066502466797829, -0.0065640900284051895, -0.998694121837616, 0.699999988079071, 0.0, 0.0, -0.3002246916294098, -0.36283618211746216, 0.014591606333851814, 0.11409744620323181, -0.12825149297714233, -0.12414637207984924, 1.3113021850585938e-06, -0.07520315051078796, 0.5102078318595886, 0.0013971328735351562, -0.9740293622016907, -0.2349124550819397, -0.26402366161346436, -1.1625474691390991, -1.2050929069519043, -0.2523157596588135, 1.4173117876052856, -1.6236846446990967, -0.00010322965681552887, 0.36133071780204773, -0.4757556915283203, 4.3784942626953125, -4.073892116546631, 1.2737287282943726, -0.5114307999610901, -0.6112525463104248, -0.47764185070991516, 0.42971497774124146, -0.03842282295227051, -0.8584716320037842, 1.6011360883712769, 0.48215970396995544, 1.5860360860824585, 0.40148141980171204, -2.527371644973755, -0.8239758014678955, 1.0, 1.0, 1.0, 1.0, 1.0, 1.0, 0.0, 1.0, 1.0, 1.0, 1.0, 1.0]"
272,4.142389298067428e-05,0.0,308.30792236328125,0.0,0.0,0.0,0.0,0.0,0.0,3.921047391486354e-05,0.0,291.8339538574219,0.6652409434318542,0.049287907779216766,-0.05279066041111946,-0.3040304183959961,-0.38128623366355896,-0.01905534230172634,0.1106298491358757,0.2963571548461914,-0.5627985596656799,1.1613214015960693,-0.4615110158920288,-0.2922598421573639,0.8686895370483398,-1.864518165588379,0.58305424451828,"[0.6652409434318542, 0.049287907779216766, -0.05279066041111946, 0.05578460171818733, -0.2033109813928604, 0.014903584495186806, -0.05375782400369644, -0.009175615385174751, -0.9985118508338928, 0.699999988079071, 0.0, 0.0, -0.3040304183959961, -0.38128623366355896, -0.01905534230172634, 0.1106298491358757, -0.10364285111427307, -0.16279855370521545, 2.384185791015625e-06, -0.06151100993156433, 0.5077401399612427, 0.06868952512741089, -1.0645182132720947, -0.21694576740264893, -0.126126229763031, -0.7066490054130554, -1.8024475574493408, -0.08107931911945343, 1.1886239051818848, -2.0344009399414062, -0.00016762688755989075, 0.5918394327163696, 0.057899005711078644, 2.5362367630004883, -4.498692035675049, 1.0649030208587646, -0.5757572054862976, -0.6774397492408752, -0.4545303285121918, 0.3031867742538452, -0.17016035318374634, -0.7821630239486694, 1.6912970542907715, 0.5799897909164429, 1.604508876800537, 0.3718229830265045, -2.54927134513855, -0.955633282661438, 1.0, 1.0, 1.0, 1.0, 1.0, 1.0, 0.0, 1.0, 1.0, 1.0, 1.0, 1.0]"
273,4.064358290634118e-05,0.0,302.500244140625,0.0,0.0,0.0,0.0,0.0,0.0,4.4442724174587056e-05,0.0,330.7763366699219,0.6638216376304626,0.06334169954061508,-0.01572432368993759,-0.30453404784202576,-0.3889675438404083,-0.05767945200204849,0.1108536571264267,0.31301480531692505,-0.6041182279586792,1.1613218784332275,-0.4429548680782318,-0.27739909291267395,0.8956877589225769,-1.9333394765853882,0.5977450013160706,"[0.6638216376304626, 0.06334169954061508, -0.01572432368993759, -0.09464219957590103, -0.32014918327331543, 0.040890615433454514, -0.05939468368887901, -0.008144711144268513, -0.9982015490531921, 0.699999988079071, 0.0, 0.0, -0.30453404784202576, -0.3889675438404083, -0.05767945200204849, 0.1108536571264267, -0.08698520064353943, -0.20411822199821472, 2.86102294921875e-06, -0.042954862117767334, 0.5226008892059326, 0.09568774700164795, -1.1333394050598145, -0.2022550106048584, 0.014908390119671822, -0.2637402415275574, -1.9792128801345825, 0.06266637146472931, 0.7357603311538696, -2.004037618637085, -0.000309232622385025, 0.8625326752662659, 1.0145480632781982, 0.5644548535346985, -2.711284875869751, 0.8535955548286438, -0.5995535254478455, -0.6975896954536438, -0.5673348903656006, 0.2858113646507263, -0.289684534072876, -0.7727181911468506, 1.8040539026260376, 0.6285488605499268, 1.687475323677063, 0.22252944111824036, -2.5432798862457275, -1.0429779291152954, 1.0, 1.0, 1.0, 1.0, 1.0, 1.0, 0.0, 1.0, 1.0, 1.0, 1.0, 1.0]"
274,3.994430153397843e-05,0.0,297.295654296875,0.0,0.0,0.0,0.0,0.0,0.0,4.7455945605179295e-05,0.0,353.2030029296875,0.6779897212982178,0.08792195469141006,0.039106421172618866,-0.30368831753730774,-0.39210420846939087,-0.10118153691291809,0.11181695014238358,0.3189550042152405,-0.6392860412597656,1.1613216400146484,-0.41748252511024475,-0.24222344160079956,0.8834720253944397,-1.967612624168396,0.6035374999046326,"[0.6779897212982178, 0.08792195469141006, 0.039106421172618866, -0.14211232960224152, -0.35137051343917847, 0.034849535673856735, -0.0662224218249321, -0.005626758560538292, -0.9977891445159912, 0.699999988079071, 0.0, 0.0, -0.30368831753730774, -0.39210420846939087, -0.10118153691291809, 0.11181695014238358, -0.081045001745224, -0.23928603529930115, 2.6226043701171875e-06, -0.017482519149780273, 0.5577765703201294, 0.08347201347351074, -1.1676125526428223, -0.1964625120162964, 0.05638226866722107, -0.052049994468688965, -2.2476320266723633, 0.06128298118710518, 0.14679142832756042, -1.4453232288360596, -0.00038084061816334724, 1.2419997453689575, 2.083017587661743, -1.7604700326919556, -1.0301028490066528, 0.30711400508880615, -0.5851443409919739, -0.6191436648368835, -0.6626965403556824, 0.28216907382011414, -0.4505247473716736, -0.5462875366210938, 1.8490461111068726, 0.6292755603790283, 1.7882722616195679, -0.05805303901433945, -2.4521045684814453, -1.113049030303955, 1.0, 1.0, 1.0, 1.0, 1.0, 1.0, 0.0, 1.0, 1.0, 1.0, 1.0, 1.0]"
275,3.59832811227534e-05,0.0,267.81475830078125,0.0,0.0,0.0,0.0,0.0,0.0,3.820265192189254e-05,0.0,284.3329772949219,0.7040529847145081,0.10180369764566422,0.08606099337339401,-0.3010539412498474,-0.3844892680644989,-0.1475372016429901,0.11371713131666183,0.31241291761398315,-0.6525318026542664,1.1613214015960693,-0.3840773105621338,-0.18419793248176575,0.8179094195365906,-1.9648051261901855,0.5979517102241516,"[0.7040529847145081, 0.10180369764566422, 0.08606099337339401, -0.275477796792984, -0.3959962725639343, 0.03497934341430664, -0.07365961372852325, -0.0012737889774143696, -0.9972826838493347, 0.699999988079071, 0.0, 0.0, -0.3010539412498474, -0.3844892680644989, -0.1475372016429901, 0.11371713131666183, -0.08758708834648132, -0.2525317966938019, 2.384185791015625e-06, 0.01592269539833069, 0.6158020496368408, 0.01790940761566162, -1.1648051738739014, -0.20204830169677734, 0.1834861785173416, 0.7884946465492249, -2.2652246952056885, 0.16100746393203735, -0.4767126142978668, 0.059060774743556976, -0.0010379399172961712, 1.6876206398010254, 3.248957872390747, -4.826061248779297, 1.2538833618164062, -0.308687686920166, -0.6978607177734375, -0.4245232343673706, -0.6273064017295837, 0.40802067518234253, -0.71699458360672, -0.029816359281539917, 1.7665064334869385, 0.37809935212135315, 1.7665410041809082, -0.5964488983154297, -2.1166718006134033, -1.0226531028747559, 1.0, 1.0, 1.0, 1.0, 1.0, 1.0, 0.0, 1.0, 1.0, 1.0, 1.0, 1.0]"
276,0.0,0.0,0.0,0.0,0.0,0.0,0.0,0.0,0.0,3.280398459537537e-06,0.0,24.415203094482422,0.7231057286262512,0.09473627060651779,0.006884738337248564,-0.29520997405052185,-0.34956496953964233,-0.18541128933429718,0.12183171510696411,0.2992810606956482,-0.6269846558570862,1.1613190174102783,-0.3468881845474243,-0.14396508038043976,0.7019443511962891,-1.910203456878662,0.5872589945793152,"[0.7231057286262512, 0.09473627060651779, 0.006884738337248564, -0.6774435639381409, -0.36989882588386536, 0.07246014475822449, -0.08154653012752533, 0.009110339917242527, -0.9966278076171875, 0.699999988079071, 0.0, 0.0, -0.29520997405052185, -0.34956496953964233, -0.18541128933429718, 0.12183171510696411, -0.10071894526481628, -0.2269846498966217, 0.0, 0.05311182141304016, 0.6560349464416504, -0.09805566072463989, -1.110203504562378, -0.21274101734161377, 0.18738190829753876, 2.378568172454834, -1.6069167852401733, 0.5952372550964355, -0.459349662065506, 2.0450663566589355, -1.8424248082737904e-06, 1.839874267578125, -1.3824450969696045, -6.322321891784668, 3.602731943130493, -0.7925968766212463, -1.3075684309005737, -0.21379581093788147, -0.3123696744441986, 0.37344130873680115, -0.5482141971588135, 0.6442816257476807, 1.4410710334777832, -0.4212195575237274, 0.6694074869155884, -1.1559126377105713, -1.7325680255889893, -0.2941730320453644, 1.0, 1.0, 1.0, 1.0, 1.0, 1.0, 0.0, 1.0, 1.0, 1.0, 1.0, 1.0]"
277,0.0,0.0,0.0,5.081698691355996e-05,0.0,378.2184143066406,0.0,0.0,0.0,0.0,0.0,0.0,0.6717272400856018,0.11838888376951218,-0.05633027106523514,-0.3165859878063202,-0.33729544281959534,-0.21340879797935486,0.12983465194702148,0.28208860754966736,-0.6026479601860046,1.1613221168518066,-0.3387780785560608,-0.23253567516803741,0.6778727769851685,-1.8315266370773315,0.624778151512146,"[0.6717272400856018, 0.11838888376951218, -0.05633027106523514, 0.1470608413219452, 0.04632426053285599, 0.108999103307724, -0.08450111746788025, 0.01358491275459528, -0.9963310360908508, 0.699999988079071, 0.0, 0.0, -0.3165859878063202, -0.33729544281959534, -0.21340879797935486, 0.12983465194702148, -0.11791139841079712, -0.20264795422554016, 3.0994415283203125e-06, 0.061221927404403687, 0.5674643516540527, -0.1221272349357605, -1.0315265655517578, -0.17522186040878296, -1.7824050188064575, -0.29630306363105774, -0.9427817463874817, 0.3023875057697296, -1.426331877708435, 0.7275524139404297, 0.0015256963670253754, -0.7636194229125977, -4.08039665222168, 0.4823799729347229, 3.3068394660949707, 3.8999991416931152, -0.781611979007721, -0.08451757580041885, -0.056250493973493576, -0.03337371349334717, -0.5135984420776367, 0.936968207359314, 1.473052740097046, -1.0685244798660278, 0.35782432556152344, -1.1710846424102783, -1.8737916946411133, 0.2456309199333191, 1.0, 1.0, 1.0, 1.0, 1.0, 1.0, 0.0, 1.0, 1.0, 1.0, 1.0, 1.0]"
278,0.0,0.0,0.0,5.6701377616263926e-05,0.0,422.01446533203125,0.0,0.0,0.0,0.0,0.0,0.0,0.6647253632545471,0.08207947015762329,-0.06212292239069939,-0.3520699739456177,-0.3427790105342865,-0.19256818294525146,0.1374082863330841,0.24920356273651123,-0.5833537578582764,1.1613233089447021,-0.38609883189201355,-0.3380069434642792,0.6702345609664917,-1.7916637659072876,0.7228794693946838,"[0.6647253632545471, 0.08207947015762329, -0.06212292239069939, 0.10318877547979355, 0.5109701752662659, -0.01109076477587223, -0.07776645570993423, 0.010097116231918335, -0.9969205856323242, 0.699999988079071, 0.0, 0.0, -0.3520699739456177, -0.3427790105342865, -0.19256818294525146, 0.1374082863330841, -0.15079644322395325, -0.1833537518978119, 4.291534423828125e-06, 0.013901174068450928, 0.4619930684566498, -0.12976545095443726, -0.9916637539863586, -0.07712054252624512, -1.4115854501724243, -0.18242797255516052, 2.131845235824585, 0.4007587134838104, -1.7055248022079468, 0.8675196170806885, 0.005086113233119249, -3.0566794872283936, -5.424698352813721, -0.5268592834472656, 1.8795198202133179, 4.296335220336914, -0.15271493792533875, 0.251823753118515, -0.11008574068546295, -0.03806924819946289, -0.17494818568229675, 0.8494458198547363, 1.475115180015564, -0.6431443095207214, 0.7056885361671448, -0.9863325357437134, -1.738182783126831, 0.1561550796031952, 1.0, 1.0, 1.0, 1.0, 1.0, 1.0, 0.0, 1.0, 1.0, 1.0, 1.0, 1.0]"
279,0.0,0.0,0.0,5.2404571761144325e-05,0.0,390.034423828125,0.0,0.0,0.0,0.0,0.0,0.0,0.6967409253120422,0.03017573058605194,-0.09080018848180771,-0.352279394865036,-0.3420303165912628,-0.13279519975185394,0.14292944967746735,0.21001501381397247,-0.5627157688140869,1.1613197326660156,-0.45445945858955383,-0.3548199236392975,0.6483892798423767,-1.7473571300506592,0.7604866027832031,"[0.6967409253120422, 0.03017573058605194, -0.09080018848180771, -0.1850852370262146, 0.8967199325561523, -0.18724068999290466, -0.06295516341924667, 0.011993549764156342, -0.9979445934295654, 0.699999988079071, 0.0, 0.0, -0.352279394865036, -0.3420303165912628, -0.13279519975185394, 0.14292944967746735, -0.189984992146492, -0.16271576285362244, 7.152557373046875e-07, -0.054459452629089355, 0.44518008828163147, -0.15161073207855225, -0.9473571181297302, -0.03951340913772583, 0.9055909514427185, 0.07753998041152954, 3.17643666267395, 0.13819563388824463, -2.1387345790863037, 0.8889835476875305, 0.012487071566283703, -3.3942530155181885, 2.4466991424560547, -0.9857898950576782, 2.1453020572662354, -0.0372447744011879, 0.259927362203598, 0.11047225445508957, -0.15556572377681732, 0.03877142071723938, -0.3799886703491211, 0.6182361841201782, 1.5220417976379395, -0.45755699276924133, 1.4689366817474365, -0.9153948426246643, -1.6859807968139648, -0.29097115993499756, 1.0, 1.0, 1.0, 1.0, 1.0, 1.0, 0.0, 1.0, 1.0, 1.0, 1.0, 1.0]"
280,0.0,0.0,0.0,3.475693301879801e-05,0.0,258.6873474121094,0.0,0.0,0.0,0.0,0.0,0.0,0.7476241588592529,-0.014569411985576153,-0.17060628533363342,-0.3031649887561798,-0.33383363485336304,-0.0719858780503273,0.1460680514574051,0.17026515305042267,-0.5444909334182739,1.161318302154541,-0.5113654136657715,-0.2672569751739502,0.6206915974617004,-1.7111387252807617,0.7123106122016907,"[0.7476241588592529, -0.014569411985576153, -0.17060628533363342, -0.6433128714561462, 1.2493311166763306, -0.2825428247451782, -0.04077267646789551, 0.020967405289411545, -0.998948335647583, 0.699999988079071, 0.0, 0.0, -0.3031649887561798, -0.33383363485336304, -0.0719858780503273, 0.1460680514574051, -0.2297348529100418, -0.14449092745780945, -7.152557373046875e-07, -0.111365407705307, 0.5327430367469788, -0.17930841445922852, -0.9111387133598328, -0.08768939971923828, 3.2962234020233154, 0.5164233446121216, 2.874950408935547, 0.24283337593078613, -1.956571340560913, 0.621656596660614, 0.009207336232066154, -2.3304524421691895, 5.2509355545043945, -0.9722614288330078, 1.5491602420806885, -3.906569719314575, 0.14464351534843445, 0.05848982557654381, -0.14728252589702606, 0.2719792127609253, -0.5391174554824829, 0.1634499728679657, 1.3716387748718262, -0.014918655157089233, 1.6770210266113281, -0.7869448661804199, -1.7382315397262573, -0.6426889896392822, 1.0, 1.0, 1.0, 1.0, 1.0, 1.0, 0.0, 1.0, 1.0, 1.0, 1.0, 1.0]"
281,1.253756090591196e-05,0.0,93.31399536132812,1.0320736691937782e-05,0.0,76.8147201538086,0.0,0.0,0.0,0.0,0.0,0.0,0.7318829894065857,-0.01903575286269188,-0.009271829389035702,-0.30931633710861206,-0.3427927792072296,-0.02631506137549877,0.12472797930240631,0.21660655736923218,-0.5154002904891968,1.161315679550171,-0.5251613855361938,-0.31912466883659363,0.5996415019035339,-1.6826541423797607,0.6177805662155151,"[0.7318829894065857, -0.01903575286269188, -0.009271829389035702, 0.2694662809371948, 0.15348215401172638, -0.18191950023174286, -0.032622650265693665, 0.012482963502407074, -0.9993898272514343, 0.699999988079071, 0.0, 0.0, -0.30931633710861206, -0.3427927792072296, -0.02631506137549877, 0.12472797930240631, -0.1833934485912323, -0.1154002845287323, -3.337860107421875e-06, -0.12516137957572937, 0.4808753430843353, -0.20035851001739502, -0.8826541304588318, -0.18221944570541382, 0.25502341985702515, -0.4132816195487976, 2.8013534545898438, -0.6217096447944641, 1.7628390789031982, 1.2648950815200806, 0.010396072641015053, 0.14072450995445251, 1.7119470834732056, -0.29376474022865295, 0.6493328213691711, -5.670803070068359, -0.017985252663493156, -0.18000972270965576, -0.09278620779514313, 0.45525357127189636, -0.8402835130691528, -0.3986508846282959, 1.435684323310852, 0.3365424573421478, 1.8583794832229614, -0.4983117878437042, -1.7297172546386719, -0.8976590633392334, 1.0, 1.0, 1.0, 1.0, 1.0, 1.0, 0.0, 1.0, 1.0, 1.0, 1.0, 1.0]"
282,3.9272577851079404e-05,0.0,292.29620361328125,0.0,0.0,0.0,0.0,0.0,0.0,0.0,0.0,0.0,0.6666470170021057,-0.053440600633621216,-0.047093212604522705,-0.30937060713768005,-0.3403858542442322,0.026390308514237404,0.12780073285102844,0.24232082068920135,-0.5001896619796753,1.161320447921753,-0.5012059807777405,-0.3197824954986572,0.6169719099998474,-1.6729458570480347,0.5129265189170837,"[0.6666470170021057, -0.053440600633621216, -0.047093212604522705, 0.331789493560791, -0.4450276494026184, 0.034113042056560516, -0.03702157363295555, 0.009915972128510475, -0.9992656707763672, 0.699999988079071, 0.0, 0.0, -0.30937060713768005, -0.3403858542442322, 0.026390308514237404, 0.12780073285102844, -0.15767918527126312, -0.10018965601921082, 1.430511474609375e-06, -0.101205974817276, 0.48021751642227173, -0.18302810192108154, -0.8729458451271057, -0.2870734930038452, -0.1980004906654358, 0.0870477706193924, 1.8725961446762085, 0.24468961358070374, 1.0135480165481567, 0.37660637497901917, -0.00039466843008995056, 1.7187930345535278, 0.8215888738632202, 1.9459378719329834, -0.005109028425067663, -4.500527381896973, -0.35058966279029846, -0.6970439553260803, -0.3427617847919464, 0.5957974195480347, 0.20294862985610962, -0.46918877959251404, 1.5233672857284546, 0.5404187440872192, 1.5783605575561523, 0.14553064107894897, -1.9531927108764648, -0.9499096870422363, 1.0, 1.0, 1.0, 1.0, 1.0, 1.0, 0.0, 1.0, 1.0, 1.0, 1.0, 1.0]"
283,2.224501258751843e-05,0.0,165.56419372558594,0.0,0.0,0.0,0.0,0.0,0.0,5.0441281928215176e-05,0.0,375.4221496582031,0.6341410279273987,-0.007551803253591061,-0.08642230182886124,-0.31628355383872986,-0.34985217452049255,0.03506872430443764,0.12311988323926926,0.2576199769973755,-0.5096915364265442,1.1613190174102783,-0.4920704960823059,-0.29655158519744873,0.6947600841522217,-1.70994234085083,0.5303353071212769,"[0.6341410279273987, -0.007551803253591061, -0.08642230182886124, 0.37017425894737244, -0.4016953706741333, 0.0020258440636098385, -0.04645567759871483, 0.0009040618315339088, -0.9989199042320251, 0.699999988079071, 0.0, 0.0, -0.31628355383872986, -0.34985217452049255, 0.03506872430443764, 0.12311988323926926, -0.142380028963089, -0.10969153046607971, 0.0, -0.09207049012184143, 0.5034484267234802, -0.10523992776870728, -0.9099423289299011, -0.2696647047996521, -0.30494624376296997, -0.748708188533783, -0.18597467243671417, -0.27876514196395874, 0.9715049266815186, -0.9093236327171326, -0.0001291622465942055, -0.18433110415935516, 0.6992313265800476, 4.583227157592773, -2.9912784099578857, 2.570051670074463, -0.5220863819122314, -0.7123053073883057, -0.4608461260795593, 0.28465914726257324, 0.04957491159439087, -0.6896388530731201, 1.5934040546417236, 0.6776072978973389, 1.6684331893920898, 0.4024316072463989, -2.315208673477173, -0.9544656276702881, 1.0, 1.0, 1.0, 1.0, 1.0, 1.0, 0.0, 1.0, 1.0, 1.0, 1.0, 1.0]"
284,3.190913048456423e-05,0.0,237.49185180664062,0.0,0.0,0.0,0.0,0.0,0.0,5.0855505833169445e-05,0.0,378.5050964355469,0.655082643032074,0.04155596345663071,-0.07434574514627457,-0.32078003883361816,-0.3699086308479309,0.011981142684817314,0.11878035217523575,0.2805646061897278,-0.5369299054145813,1.1613197326660156,-0.486314058303833,-0.2932770848274231,0.7865874767303467,-1.7857388257980347,0.5634345412254333,"[0.655082643032074, 0.04155596345663071, -0.07434574514627457, 0.14936403930187225, -0.20229347050189972, -0.012105156667530537, -0.05165104568004608, -0.003514261217787862, -0.9986588358879089, 0.699999988079071, 0.0, 0.0, -0.32078003883361816, -0.3699086308479309, 0.011981142684817314, 0.11878035217523575, -0.1194353997707367, -0.13692989945411682, 7.152557373046875e-07, -0.08631405234336853, 0.5067229270935059, -0.013412535190582275, -0.9857388138771057, -0.2365654706954956, -0.188818097114563, -1.0715298652648926, -1.6226677894592285, -0.1613408327102661, 1.2486371994018555, -1.5708270072937012, -5.1167793571949005e-05, 0.2635459899902344, -0.08335845172405243, 4.335643291473389, -4.221397399902344, 1.5714664459228516, -0.590944766998291, -0.5827048420906067, -0.49373525381088257, 0.3697110712528229, -0.056842029094696045, -0.8556472063064575, 1.6054041385650635, 0.5034598112106323, 1.6090439558029175, 0.38454487919807434, -2.5162203311920166, -0.7992544770240784, 1.0, 1.0, 1.0, 1.0, 1.0, 1.0, 0.0, 1.0, 1.0, 1.0, 1.0, 1.0]"
285,4.0106817323248833e-05,0.0,298.5052490234375,0.0,0.0,0.0,0.0,0.0,0.0,4.006988092442043e-05,0.0,298.2303161621094,0.6526793241500854,0.058932334184646606,-0.05642171576619148,-0.3238758146762848,-0.3856673538684845,-0.030175652354955673,0.11632660776376724,0.30198225378990173,-0.5728361010551453,1.1613211631774902,-0.47452622652053833,-0.28806373476982117,0.8526251912117004,-1.8736555576324463,0.586956799030304,"[0.6526793241500854, 0.058932334184646606, -0.05642171576619148, 0.016728011891245842, -0.2864735424518585, 0.037786517292261124, -0.05647582560777664, -0.005192686803638935, -0.9983907341957092, 0.699999988079071, 0.0, 0.0, -0.3238758146762848, -0.3856673538684845, -0.030175652354955673, 0.11632660776376724, -0.09801775217056274, -0.1728360950946808, 2.1457672119140625e-06, -0.07452622056007385, 0.5119363069534302, 0.052625179290771484, -1.073655605316162, -0.213043212890625, -0.10034052282571793, -0.522357165813446, -2.2087318897247314, -0.037608519196510315, 1.0278429985046387, -1.86060631275177, -0.0002522529102861881, 0.4982161521911621, 0.43434402346611023, 2.4351553916931152, -4.120480537414551, 1.3535187244415283, -0.6243506669998169, -0.6236122250556946, -0.47671499848365784, 0.253168523311615, -0.19564765691757202, -0.7646485567092896, 1.67806077003479, 0.5614008903503418, 1.6247398853302002, 0.3194023072719574, -2.5159261226654053, -0.9292243719100952, 1.0, 1.0, 1.0, 1.0, 1.0, 1.0, 0.0, 1.0, 1.0, 1.0, 1.0, 1.0]"
286,4.0392882510786876e-05,0.0,300.6343688964844,0.0,0.0,0.0,0.0,0.0,0.0,4.450475535122678e-05,0.0,331.238037109375,0.6524501442909241,0.07190636545419693,-0.016369443386793137,-0.32330819964408875,-0.3867233991622925,-0.07332919538021088,0.11809289455413818,0.31554141640663147,-0.6095072031021118,1.1613216400146484,-0.457189679145813,-0.26590457558631897,0.8743732571601868,-1.931950569152832,0.6061257123947144,"[0.6524501442909241, 0.07190636545419693, -0.016369443386793137, -0.18265250325202942, -0.4028775990009308, 0.07256240397691727, -0.06372697651386261, -0.0027321737725287676, -0.9979634881019592, 0.699999988079071, 0.0, 0.0, -0.32330819964408875, -0.3867233991622925, -0.07332919538021088, 0.11809289455413818, -0.08445858955383301, -0.20950719714164734, 2.6226043701171875e-06, -0.05718967318534851, 0.5340954065322876, 0.07437324523925781, -1.1319506168365479, -0.1938742995262146, 0.08523570001125336, 0.16579262912273407, -2.091366767883301, 0.16194915771484375, 0.578194797039032, -1.7120635509490967, -0.00043707992881536484, 0.829636812210083, 1.3848865032196045, 0.1256180852651596, -2.1186017990112305, 1.0513101816177368, -0.6267171502113342, -0.6165118217468262, -0.5839277505874634, 0.24598728120326996, -0.3382512331008911, -0.6873290538787842, 1.7734657526016235, 0.5899527072906494, 1.7156580686569214, 0.12310565263032913, -2.4681553840637207, -1.0067747831344604, 1.0, 1.0, 1.0, 1.0, 1.0, 1.0, 0.0, 1.0, 1.0, 1.0, 1.0, 1.0]"
287,3.9079339330783114e-05,0.0,290.85797119140625,0.0,0.0,0.0,0.0,0.0,0.0,4.4384785724105313e-05,0.0,330.3450927734375,0.6669872999191284,0.09384865313768387,0.0368313305079937,-0.3206975758075714,-0.3780812919139862,-0.11658419668674469,0.12143328040838242,0.3176640272140503,-0.6353480815887451,1.1613216400146484,-0.43251168727874756,-0.22207412123680115,0.8477173447608948,-1.9507791996002197,0.616089940071106,"[0.6669872999191284, 0.09384865313768387, 0.0368313305079937, -0.24677956104278564, -0.44830089807510376, 0.07186990976333618, -0.07229609042406082, 0.0019339020363986492, -0.9973814487457275, 0.699999988079071, 0.0, 0.0, -0.3206975758075714, -0.3780812919139862, -0.11658419668674469, 0.12143328040838242, -0.08233597874641418, -0.23534807562828064, 2.6226043701171875e-06, -0.03251168131828308, 0.5779259204864502, 0.04771733283996582, -1.1507792472839355, -0.183910071849823, 0.14600373804569244, 0.6512718200683594, -2.181323528289795, 0.18474578857421875, -0.06500023603439331, -0.8079469203948975, -0.0005664494819939137, 1.2212483882904053, 2.5666942596435547, -2.8016154766082764, -0.020799877122044563, 0.5162718892097473, -0.6161631941795349, -0.47251588106155396, -0.6346292495727539, 0.2908552289009094, -0.572191596031189, -0.3083694279193878, 1.7834796905517578, 0.48609885573387146, 1.8010221719741821, -0.253109872341156, -2.277740955352783, -1.0103631019592285, 1.0, 1.0, 1.0, 1.0, 1.0, 1.0, 0.0, 1.0, 1.0, 1.0, 1.0, 1.0]"
288,2.6614890884957276e-05,0.0,198.08811950683594,0.0,0.0,0.0,0.0,0.0,0.0,2.615860285004601e-05,0.0,194.6920928955078,0.6909434795379639,0.10036101937294006,0.053122371435165405,-0.3156355023384094,-0.3524968922138214,-0.15801875293254852,0.1267138570547104,0.30744317173957825,-0.6302130818367004,1.1613253355026245,-0.4012368619441986,-0.155182883143425,0.7618625164031982,-1.923061490058899,0.6176462173461914,"[0.6909434795379639, 0.10036101937294006, 0.053122371435165405, -0.41417479515075684, -0.5118221640586853, 0.07212100178003311, -0.08184359967708588, 0.009153494611382484, -0.9966031908988953, 0.699999988079071, 0.0, 0.0, -0.3156355023384094, -0.3524968922138214, -0.15801875293254852, 0.1267138570547104, -0.09255683422088623, -0.23021307587623596, 6.318092346191406e-06, -0.0012368559837341309, 0.6448171138763428, -0.03813749551773071, -1.1230614185333252, -0.18235379457473755, 0.3234679698944092, 1.750935673713684, -1.9425458908081055, 0.3320564329624176, -0.5384435057640076, 1.1329469680786133, -0.001673197140917182, 1.5769051313400269, 3.5293478965759277, -5.69531774520874, 2.578977108001709, 0.09807974100112915, -0.8171766400337219, -0.31291303038597107, -0.5123050808906555, 0.47008177638053894, -0.7129983901977539, 0.426939994096756, 1.6684678792953491, 0.062269240617752075, 1.4981539249420166, -0.9458510279655457, -1.860771894454956, -0.7036721706390381, 1.0, 1.0, 1.0, 1.0, 1.0, 1.0, 0.0, 1.0, 1.0, 1.0, 1.0, 1.0]"
289,0.0,0.0,0.0,4.134321352466941e-05,0.0,307.7074279785156,0.0,0.0,0.0,0.0,0.0,0.0,0.6886664032936096,0.12159649282693863,-0.012671965174376965,-0.31642112135887146,-0.3298444449901581,-0.19528484344482422,0.13306094706058502,0.2988182306289673,-0.6011295318603516,1.1613187789916992,-0.3742713928222656,-0.17584094405174255,0.7095156311988831,-1.8509094715118408,0.6207082271575928,"[0.6886664032936096, 0.12159649282693863, -0.012671965174376965, -0.04883090779185295, -0.103892020881176, 0.0875808596611023, -0.08864106982946396, 0.01651206985116005, -0.9959269165992737, 0.699999988079071, 0.0, 0.0, -0.31642112135887146, -0.3298444449901581, -0.19528484344482422, 0.13306094706058502, -0.10118177533149719, -0.20112952589988708, -2.384185791015625e-07, 0.025728613138198853, 0.6241590976715088, -0.0904843807220459, -1.0509095191955566, -0.17929178476333618, -0.6760250926017761, -0.1361066848039627, -2.035282611846924, 0.10682448744773865, -0.35599225759506226, 0.8014730215072632, 0.00018241256475448608, 0.8820128440856934, -5.727670192718506, 0.6615737080574036, 3.5616872310638428, 0.42952069640159607, -1.0678215026855469, -0.2744751274585724, -0.267566055059433, 0.1987169086933136, -0.3653019666671753, 0.8113253116607666, 1.505668044090271, -0.8068493604660034, 0.1574648916721344, -1.0553728342056274, -1.7958049774169922, 0.030806444585323334, 1.0, 1.0, 1.0, 1.0, 1.0, 1.0, 0.0, 1.0, 1.0, 1.0, 1.0, 1.0]"
290,0.0,0.0,0.0,5.8375622757012025e-05,0.0,434.4754638671875,0.0,0.0,0.0,0.0,0.0,0.0,0.6677232384681702,0.09264738112688065,-0.028783967718482018,-0.34048905968666077,-0.3364385962486267,-0.21276409924030304,0.13966131210327148,0.2798343002796173,-0.5784757733345032,1.1613154411315918,-0.39019957184791565,-0.28833988308906555,0.7024416923522949,-1.793613314628601,0.6854040622711182,"[0.6677232384681702, 0.09264738112688065, -0.028783967718482018, 0.2791842818260193, 0.3367116451263428, 0.05285653471946716, -0.0851157158613205, 0.011947506107389927, -0.9962994456291199, 0.699999988079071, 0.0, 0.0, -0.34048905968666077, -0.3364385962486267, -0.21276409924030304, 0.13966131210327148, -0.12016570568084717, -0.1784757673740387, -3.5762786865234375e-06, 0.009800434112548828, 0.511660099029541, -0.09755831956863403, -0.9936133027076721, -0.11459594964981079, -1.172782301902771, -0.33534005284309387, 0.14987006783485413, 0.5072432160377502, -1.2982475757598877, 0.9538741707801819, 0.006270457990467548, -1.766168475151062, -4.631887435913086, -0.4269729256629944, 2.504758596420288, 4.753913402557373, -0.15518078207969666, 0.16724732518196106, -0.1338251382112503, -0.0013911128044128418, -0.31377458572387695, 0.9823870658874512, 1.4904887676239014, -0.708968997001648, 0.531280517578125, -1.0194025039672852, -1.7482588291168213, 0.15585562586784363, 1.0, 1.0, 1.0, 1.0, 1.0, 1.0, 0.0, 1.0, 1.0, 1.0, 1.0, 1.0]"
291,0.0,0.0,0.0,5.498083191923797e-05,0.0,409.2088623046875,0.0,0.0,0.0,0.0,0.0,0.0,0.6891304850578308,0.040864575654268265,-0.04865901917219162,-0.34103450179100037,-0.3364763855934143,-0.1740965098142624,0.15307579934597015,0.25365182757377625,-0.5547959804534912,1.1613168716430664,-0.43979111313819885,-0.3690263330936432,0.6810408234596252,-1.7492038011550903,0.7485114932060242,"[0.6891304850578308, 0.040864575654268265, -0.04865901917219162, -0.16329973936080933, 0.7339305281639099, -0.1108817383646965, -0.07361949235200882, 0.012844452634453773, -0.9972036480903625, 0.699999988079071, 0.0, 0.0, -0.34103450179100037, -0.3364763855934143, -0.1740965098142624, 0.15307579934597015, -0.14634817838668823, -0.15479597449302673, -2.1457672119140625e-06, -0.039791107177734375, 0.43097367882728577, -0.11895918846130371, -0.9492037892341614, -0.051488518714904785, 0.7417082786560059, 0.12685450911521912, 2.6310863494873047, 0.5777108669281006, -1.5431333780288696, 0.9671612977981567, 0.008273101411759853, -2.7085206508636475, -1.8985393047332764, -1.0172876119613647, 2.15596866607666, 1.5005635023117065, -0.09742167592048645, 0.19920900464057922, -0.0918826013803482, -0.045943498611450195, -0.2963378429412842, 0.7560713291168213, 1.5029330253601074, -0.5773410797119141, 1.0126824378967285, -0.975651204586029, -1.6648972034454346, -0.1093071922659874, 1.0, 1.0, 1.0, 1.0, 1.0, 1.0, 0.0, 1.0, 1.0, 1.0, 1.0, 1.0]"
292,0.0,0.0,0.0,4.158148658461869e-05,0.0,309.4808654785156,0.0,0.0,0.0,0.0,0.0,0.0,0.7248730659484863,0.0031025807838886976,-0.1057373434305191,-0.30185726284980774,-0.33168473839759827,-0.11545400321483612,0.15745817124843597,0.21648776531219482,-0.5314791202545166,1.1613186597824097,-0.4937317371368408,-0.3284400701522827,0.6490781903266907,-1.7107526063919067,0.7370230555534363,"[0.7248730659484863, 0.0031025807838886976, -0.1057373434305191, -0.3260435461997986, 1.1074846982955933, -0.23298276960849762, -0.05459006503224373, 0.01797497645020485, -0.9983471035957336, 0.699999988079071, 0.0, 0.0, -0.30185726284980774, -0.33168473839759827, -0.11545400321483612, 0.15745817124843597, -0.18351224064826965, -0.13147911429405212, -3.5762786865234375e-07, -0.09373173117637634, 0.47155994176864624, -0.15092182159423828, -0.9107525944709778, -0.06297695636749268, 2.631625175476074, 0.2308281660079956, 2.9324097633361816, 0.014351918362081051, -2.0138320922851562, 0.9965875148773193, 0.010676015168428421, -2.4616193771362305, 3.8393824100494385, -1.4065748453140259, 1.5830034017562866, -2.318408727645874, 0.23924008011817932, 0.15271461009979248, -0.19122125208377838, 0.12703478336334229, -0.4690694808959961, 0.3357422649860382, 1.473402976989746, -0.23231354355812073, 1.5736730098724365, -0.8385174870491028, -1.7160645723342896, -0.5197747945785522, 1.0, 1.0, 1.0, 1.0, 1.0, 1.0, 0.0, 1.0, 1.0, 1.0, 1.0, 1.0]"
293,0.00015062674356158823,0.0,1121.0780029296875,1.3165577001927886e-05,0.0,97.98816680908203,0.0,0.0,0.0,0.0,0.0,0.0,0.7700924873352051,0.01721859723329544,-0.0033760135993361473,-0.27023395895957947,-0.3294607102870941,-0.06513195484876633,0.14611278474330902,0.20915339887142181,-0.5069563388824463,1.1613489389419556,-0.5225345492362976,-0.29727911949157715,0.6161897778511047,-1.6832473278045654,0.6568516492843628,"[0.7700924873352051, 0.01721859723329544, -0.0033760135993361473, 0.8717700839042664, 0.35522565245628357, -0.27046698331832886, -0.03529105708003044, 0.020160110667347908, -0.9991734623908997, 0.699999988079071, 0.0, 0.0, -0.27023395895957947, -0.3294607102870941, -0.06513195484876633, 0.14611278474330902, -0.19084660708904266, -0.10695633292198181, 2.9921531677246094e-05, -0.12253454327583313, 0.5027208924293518, -0.18381023406982422, -0.8832473158836365, -0.14314836263656616, -0.6471803188323975, -1.0544967651367188, 1.9416471719741821, -1.9379668235778809, 3.845775604248047, 1.826796293258667, 0.0061155054718256, -0.43811219930648804, -3.571422576904297, -1.3701364994049072, 1.5615732669830322, -4.439144134521484, 0.05016675591468811, -0.09314674884080887, -0.11064834892749786, 0.3618867099285126, -0.6713089346885681, -0.2291337549686432, 1.4130158424377441, 0.24922797083854675, 1.8089710474014282, -0.5908714532852173, -1.741880178451538, -0.8398280143737793, 1.0, 1.0, 1.0, 1.0, 1.0, 1.0, 0.0, 1.0, 1.0, 1.0, 1.0, 1.0]"
294,8.194879774237052e-05,0.0,609.9248657226562,0.0,0.0,0.0,0.0,0.0,0.0,0.0,0.0,0.0,0.6909056305885315,-0.04692090302705765,-0.02307179756462574,-0.2750624120235443,-0.3310856223106384,-0.00881731417030096,0.12988904118537903,0.24644890427589417,-0.48171770572662354,1.1613366603851318,-0.5060927271842957,-0.3220234513282776,0.6190149784088135,-1.6758416891098022,0.546445369720459,"[0.6909056305885315, -0.04692090302705765, -0.02307179756462574, 0.2734525203704834, -0.27926039695739746, -0.04460447281599045, -0.03560373932123184, 0.01286786887794733, -0.9992828369140625, 0.699999988079071, 0.0, 0.0, -0.2750624120235443, -0.3310856223106384, -0.00881731417030096, 0.12988904118537903, -0.1535511016845703, -0.08171769976615906, 1.7642974853515625e-05, -0.10609272122383118, 0.47797656059265137, -0.18098503351211548, -0.8758416771888733, -0.25355464220046997, -0.135133296251297, 0.28642737865448, 2.8270180225372314, -0.31725671887397766, 1.2790279388427734, 0.78355473279953, -0.001823409111239016, 1.4866899251937866, 0.1261463463306427, 1.8983343839645386, -0.0021229833364486694, -5.415623188018799, -0.3439235985279083, -0.6616203188896179, -0.2403755933046341, 0.6226636171340942, 0.17675375938415527, -0.5243896245956421, 1.459423542022705, 0.4996764361858368, 1.495133399963379, 0.20172441005706787, -1.8592300415039062, -0.9714419841766357, 1.0, 1.0, 1.0, 1.0, 1.0, 1.0, 0.0, 1.0, 1.0, 1.0, 1.0, 1.0]"
295,3.875947732012719e-05,0.0,288.477294921875,0.0,0.0,0.0,0.0,0.0,0.0,6.0725902585545555e-05,0.0,451.9680480957031,0.6398189067840576,-0.02076263725757599,-0.08124326169490814,-0.2831471860408783,-0.3366283178329468,0.018397998064756393,0.12245717644691467,0.26375535130500793,-0.48617520928382874,1.1613247394561768,-0.48306819796562195,-0.30227673053741455,0.7047538161277771,-1.695190191268921,0.5184323191642761,"[0.6398189067840576, -0.02076263725757599, -0.08124326169490814, 0.4327448308467865, -0.3675680160522461, -0.03950244560837746, -0.04439489170908928, 0.0023647823836654425, -0.9990112781524658, 0.699999988079071, 0.0, 0.0, -0.2831471860408783, -0.3366283178329468, 0.018397998064756393, 0.12245717644691467, -0.13624465465545654, -0.08617520332336426, 5.7220458984375e-06, -0.08306819200515747, 0.4977232813835144, -0.09524619579315186, -0.8951901793479919, -0.28156769275665283, -0.3235352635383606, -0.5829849243164062, 0.8749354481697083, -0.38183334469795227, 0.8974602818489075, -0.790879487991333, 0.0009363517165184021, -0.6284658312797546, 0.7775118350982666, 4.781684875488281, -2.4381120204925537, 3.182521343231201, -0.5332574248313904, -0.6855946779251099, -0.3920414447784424, 0.37655624747276306, 0.11438852548599243, -0.7348973751068115, 1.5849257707595825, 0.6581381559371948, 1.6342439651489258, 0.4691103994846344, -2.230412721633911, -0.9663498401641846, 1.0, 1.0, 1.0, 1.0, 1.0, 1.0, 0.0, 1.0, 1.0, 1.0, 1.0, 1.0]"
296,3.5100336390314624e-05,0.0,261.24322509765625,0.0,0.0,0.0,0.0,0.0,0.0,5.435196726466529e-05,0.0,404.52838134765625,0.6600065231323242,0.02551843971014023,-0.08265693485736847,-0.2894299030303955,-0.35550829768180847,0.014359347522258759,0.11599563807249069,0.2879039943218231,-0.5151599645614624,1.1613210439682007,-0.47932249307632446,-0.30154985189437866,0.8003153800964355,-1.7650511264801025,0.5537934303283691,"[0.6600065231323242, 0.02551843971014023, -0.08265693485736847, 0.23007769882678986, -0.15538692474365234, -0.0323970690369606, -0.04906342551112175, -0.00447855843231082, -0.9987859725952148, 0.699999988079071, 0.0, 0.0, -0.2894299030303955, -0.35550829768180847, 0.014359347522258759, 0.11599563807249069, -0.11209601163864136, -0.11515995860099792, 2.0265579223632812e-06, -0.07932248711585999, 0.4984501600265503, 0.0003153681755065918, -0.9650511145591736, -0.24620658159255981, -0.24597974121570587, -1.031546711921692, -0.6870481371879578, -0.24666932225227356, 1.3524519205093384, -1.7909551858901978, -0.00019780476577579975, 0.18226473033428192, -0.3252643644809723, 4.5861945152282715, -3.9493861198425293, 1.629997968673706, -0.5255971550941467, -0.6006731986999512, -0.4848247170448303, 0.49294817447662354, -0.046562016010284424, -0.8978366851806641, 1.6304775476455688, 0.46368250250816345, 1.6039280891418457, 0.4024949371814728, -2.512183666229248, -0.8113555312156677, 1.0, 1.0, 1.0, 1.0, 1.0, 1.0, 0.0, 1.0, 1.0, 1.0, 1.0, 1.0]"
297,4.37775524915196e-05,0.0,325.82562255859375,0.0,0.0,0.0,0.0,0.0,0.0,4.279323184164241e-05,0.0,318.49957275390625,0.6556339859962463,0.04425252601504326,-0.06217734143137932,-0.2940617501735687,-0.37315595149993896,-0.014033135958015919,0.11181949824094772,0.31145355105400085,-0.5576735734939575,1.1613215208053589,-0.46864911913871765,-0.3018496334552765,0.8691665530204773,-1.8546279668807983,0.5769417881965637,"[0.6556339859962463, 0.04425252601504326, -0.06217734143137932, 0.14104889333248138, -0.21743161976337433, 0.015623935498297215, -0.0526106022298336, -0.00812793243676424, -0.9985822439193726, 0.699999988079071, 0.0, 0.0, -0.2940617501735687, -0.37315595149993896, -0.014033135958015919, 0.11181949824094772, -0.08854645490646362, -0.15767356753349304, 2.5033950805664062e-06, -0.06864911317825317, 0.49815037846565247, 0.06916654109954834, -1.0546278953552246, -0.22305822372436523, -0.2027190774679184, -0.7345216870307922, -1.6835497617721558, -0.16160738468170166, 1.1387526988983154, -2.242479085922241, -0.0006584618240594864, 0.38979777693748474, 0.12128882110118866, 2.56492018699646, -4.566678047180176, 1.4261178970336914, -0.5421524047851562, -0.6972793936729431, -0.4457658529281616, 0.3386012613773346, -0.14884048700332642, -0.7872425317764282, 1.6822248697280884, 0.5726587772369385, 1.592393159866333, 0.3867616355419159, -2.5605945587158203, -0.9317442178726196, 1.0, 1.0, 1.0, 1.0, 1.0, 1.0, 0.0, 1.0, 0.0, 1.0, 1.0, 1.0]"
298,4.4846041419077665e-05,0.0,333.7781066894531,0.0,0.0,0.0,0.0,0.0,0.0,4.404444553074427e-05,0.0,327.8120422363281,0.6540459990501404,0.05522213131189346,-0.01624593511223793,-0.2965049147605896,-0.381941020488739,-0.05046046897768974,0.1101156547665596,0.32565921545028687,-0.6010480523109436,1.1613216400146484,-0.45333757996559143,-0.28248435258865356,0.8826732039451599,-1.9260131120681763,0.5972900390625,"[0.6540459990501404, 0.05522213131189346, -0.01624593511223793, 0.02785450406372547, -0.36316773295402527, 0.04193196818232536, -0.05875077098608017, -0.009328329935669899, -0.998228907585144, 0.699999988079071, 0.0, 0.0, -0.2965049147605896, -0.381941020488739, -0.05046046897768974, 0.1101156547665596, -0.07434079051017761, -0.20104804635047913, 2.6226043701171875e-06, -0.05333757400512695, 0.5175156593322754, 0.08267319202423096, -1.1260130405426025, -0.20270997285842896, -0.08449184149503708, -0.26626136898994446, -1.72652006149292, -0.0527682900428772, 0.5450236797332764, -1.8997516632080078, -0.0008220989257097244, 0.699176013469696, 1.3574085235595703, -1.2893785238265991, -2.5950262546539307, 1.1901217699050903, -0.81817626953125, -0.6911594867706299, -0.33090707659721375, 0.4061138927936554, -0.3790256977081299, -0.6275620460510254, 1.7517400979995728, 0.46664032340049744, 1.8855373859405518, -0.13021188974380493, -2.439481496810913, -0.9904024600982666, 1.0, 1.0, 1.0, 1.0, 1.0, 1.0, 0.0, 1.0, 1.0, 1.0, 1.0, 1.0]"
299,4.00313401769381e-05,0.0,297.9434814453125,0.0,0.0,0.0,0.0,0.0,0.0,4.744437683257274e-05,0.0,353.11688232421875,0.6657764911651611,0.0722551941871643,0.04320100322365761,-0.2963487207889557,-0.38230857253074646,-0.07709240913391113,0.11040026694536209,0.3251964747905731,-0.6282415986061096,1.1613216400146484,-0.4303537905216217,-0.2342485636472702,0.8243273496627808,-1.9470186233520508,0.6097488403320312,"[0.6657764911651611, 0.0722551941871643, 0.04320100322365761, -0.1011940985918045, -0.46091607213020325, 0.05317842960357666, -0.06734782457351685, -0.00815766490995884, -0.9976962208747864, 0.699999988079071, 0.0, 0.0, -0.2963487207889557, -0.38230857253074646, -0.07709240913391113, 0.11040026694536209, -0.07480353116989136, -0.22824159264564514, 2.6226043701171875e-06, -0.030353784561157227, 0.5657514333724976, 0.024327337741851807, -1.1470186710357666, -0.1902511715888977, 0.04510743170976639, 0.12699437141418457, -1.204804539680481, 0.05084424465894699, -0.19324567914009094, -0.9427570700645447, -0.0010028909891843796, 1.1113868951797485, 2.775428533554077, -3.467599630355835, -0.11509542167186737, 0.7170736193656921, -0.4738275706768036, -0.5487950444221497, -0.6830829381942749, 0.3413005769252777, -0.4353206753730774, -0.31624677777290344, 1.8593133687973022, 0.5872642993927002, 1.7564107179641724, -0.26290667057037354, -2.315322160720825, -1.098853588104248, 1.0, 1.0, 1.0, 1.0, 1.0, 1.0, 0.0, 1.0, 1.0, 1.0, 1.0, 1.0]"
300,3.056720015592873e-05,0.0,227.50421142578125,0.0,0.0,0.0,0.0,0.0,0.0,4.0034239646047354e-05,0.0,297.9650573730469,0.7025303244590759,0.0875072181224823,0.063759945333004,-0.29391390085220337,-0.3699602782726288,-0.11158456653356552,0.11264953762292862,0.3144388198852539,-0.6277593374252319,1.1613221168518066,-0.39972996711730957,-0.16730903089046478,0.7380617260932922,-1.925192952156067,0.6113561987876892,"[0.7025303244590759, 0.0875072181224823, 0.063759945333004, -0.257017582654953, -0.4305800497531891, 0.04933405667543411, -0.07620266079902649, -0.004296384286135435, -0.9970828890800476, 0.699999988079071, 0.0, 0.0, -0.29391390085220337, -0.3699602782726288, -0.11158456653356552, 0.11264953762292862, -0.08556118607521057, -0.22775933146476746, 3.0994415283203125e-06, 0.0002700388431549072, 0.632690966129303, -0.06193828582763672, -1.1251928806304932, -0.18864381313323975, 0.17456631362438202, 1.030980110168457, -2.044984817504883, 0.172986701130867, -0.46875107288360596, 0.808306872844696, -0.001916477456688881, 1.5084134340286255, 3.260408639907837, -5.487894535064697, 2.0750226974487305, 0.09668658673763275, -0.74807208776474, -0.40374818444252014, -0.5854472517967224, 0.47735166549682617, -0.622730016708374, 0.12432447075843811, 1.6788301467895508, 0.32539090514183044, 1.6174046993255615, -0.7679649591445923, -1.9916083812713623, -0.9365289211273193, 1.0, 1.0, 1.0, 1.0, 1.0, 1.0, 0.0, 1.0, 1.0, 1.0, 1.0, 1.0]"
301,0.0,0.0,0.0,6.231771112652496e-05,0.0,463.81549072265625,0.0,0.0,0.0,6.5780445765994955e-06,0.0,48.95878219604492,0.716253936290741,0.10977692157030106,-0.006937733851373196,-0.29128140211105347,-0.3457595109939575,-0.15667161345481873,0.11906421929597855,0.31144651770591736,-0.6019157767295837,1.1613223552703857,-0.3666832149028778,-0.1625179797410965,0.6727337837219238,-1.8628809452056885,0.6057436466217041,"[0.716253936290741, 0.10977692157030106, -0.006937733851373196, -0.2484176903963089, -0.15956054627895355, 0.07643214613199234, -0.08254897594451904, 0.00404162285849452, -0.9965788722038269, 0.699999988079071, 0.0, 0.0, -0.29128140211105347, -0.3457595109939575, -0.15667161345481873, 0.11906421929597855, -0.08855348825454712, -0.20191577076911926, 3.337860107421875e-06, 0.03331679105758667, 0.6374820470809937, -0.12726622819900513, -1.0628809928894043, -0.19425636529922485, -0.3846740424633026, -0.07631480693817139, -2.5408177375793457, 0.07011032104492188, 0.2130923569202423, 0.3859400153160095, 0.01830727979540825, 1.4748958349227905, -4.589778423309326, 1.6756539344787598, 3.5384278297424316, 0.6800820827484131, -1.3876452445983887, -0.19317427277565002, -0.2256423383951187, 0.34148940443992615, -0.4266597628593445, 0.6505537033081055, 1.3450366258621216, -0.4752943217754364, 0.3557317852973938, -1.099582314491272, -1.693919062614441, -0.25039997696876526, 1.0, 1.0, 1.0, 1.0, 1.0, 1.0, 0.0, 1.0, 1.0, 1.0, 1.0, 1.0]"
302,0.0,0.0,0.0,5.338458140613511e-05,0.0,397.3283996582031,0.0,0.0,0.0,0.0,0.0,0.0,0.6886496543884277,0.09258084744215012,-0.030101465061306953,-0.3187813460826874,-0.34892410039901733,-0.18912598490715027,0.125165656208992,0.30186769366264343,-0.5818756818771362,1.161322832107544,-0.3610752522945404,-0.26548224687576294,0.6735732555389404,-1.7922322750091553,0.6333268880844116,"[0.6886496543884277, 0.09258084744215012, -0.030101465061306953, 0.22236478328704834, 0.26330527663230896, 0.1303919404745102, -0.08054407685995102, 0.00293040182441473, -0.996746838092804, 0.699999988079071, 0.0, 0.0, -0.3187813460826874, -0.34892410039901733, -0.18912598490715027, 0.125165656208992, -0.09813231229782104, -0.18187567591667175, 3.814697265625e-06, 0.03892475366592407, 0.534517765045166, -0.12642675638198853, -0.9922322630882263, -0.16667312383651733, -1.7971470355987549, -0.26064133644104004, -0.6894683241844177, 0.4717666506767273, -1.0242063999176025, 1.0021429061889648, 0.0028278324753046036, -0.7882687449455261, -4.15801477432251, -0.2966395616531372, 3.0629608631134033, 3.6173031330108643, -0.5466277003288269, 0.1529417634010315, -0.11947290599346161, -0.07733035087585449, -0.3922504186630249, 0.9072588682174683, 1.3468385934829712, -0.847602128982544, 0.16994601488113403, -0.8977741599082947, -1.7636216878890991, 0.030990444123744965, 1.0, 1.0, 1.0, 1.0, 1.0, 1.0, 0.0, 1.0, 1.0, 1.0, 1.0, 1.0]"
303,0.0,0.0,0.0,5.307620813255198e-05,0.0,395.033203125,0.0,0.0,0.0,0.0,0.0,0.0,0.6906159520149231,0.052704885601997375,-0.0498989038169384,-0.34751471877098083,-0.35070621967315674,-0.16546237468719482,0.13630777597427368,0.2804255485534668,-0.5585401654243469,1.1613202095031738,-0.4015107750892639,-0.3845120072364807,0.6537296175956726,-1.7504724264144897,0.7065504193305969,"[0.6906159520149231, 0.052704885601997375, -0.0498989038169384, 0.013168461620807648, 0.703977108001709, 0.003001318546012044, -0.06986145675182343, 0.0012974576093256474, -0.997555673122406, 0.699999988079071, 0.0, 0.0, -0.34751471877098083, -0.35070621967315674, -0.16546237468719482, 0.13630777597427368, -0.11957445740699768, -0.15854015946388245, 1.1920928955078125e-06, -0.0015107691287994385, 0.41548800468444824, -0.14627039432525635, -0.9504724144935608, -0.09344959259033203, -0.9754648804664612, -0.037252120673656464, 2.067105531692505, 0.4475897550582886, -1.2730324268341064, 1.0387591123580933, 0.01257835142314434, -2.515052556991577, -5.349326133728027, -0.9947477579116821, 1.8023520708084106, 2.4490644931793213, -0.30406251549720764, 0.1346847414970398, -0.009196203202009201, -0.11635297536849976, -0.25050652027130127, 0.7891265153884888, 1.397719383239746, -0.5801229476928711, 0.7410911321640015, -0.9917067885398865, -1.701056957244873, -0.04225509613752365, 1.0, 1.0, 1.0, 1.0, 1.0, 1.0, 0.0, 1.0, 1.0, 1.0, 1.0, 1.0]"
304,0.0,0.0,0.0,4.151595203438774e-05,0.0,308.99310302734375,0.0,0.0,0.0,0.0,0.0,0.0,0.7102856636047363,0.007469442673027515,-0.0988248810172081,-0.34096986055374146,-0.34794989228248596,-0.11000783741474152,0.13833214342594147,0.24109645187854767,-0.5343406796455383,1.1613174676895142,-0.4581512212753296,-0.3702201545238495,0.6207023859024048,-1.7166528701782227,0.7182080149650574,"[0.7102856636047363, 0.007469442673027515, -0.0988248810172081, -0.20226530730724335, 1.0438259840011597, -0.15082624554634094, -0.051726218312978745, 0.003415097016841173, -0.9986557960510254, 0.699999988079071, 0.0, 0.0, -0.34096986055374146, -0.34794989228248596, -0.11000783741474152, 0.13833214342594147, -0.1589035540819168, -0.13434067368507385, -1.5497207641601562e-06, -0.05815121531486511, 0.42977985739707947, -0.17929762601852417, -0.9166528582572937, -0.08179199695587158, 1.1885868310928345, 0.19642576575279236, 2.953674077987671, -0.08617901802062988, -2.252619981765747, 0.9933878779411316, 0.008464982733130455, -2.7770464420318604, 3.643216609954834, -1.5061285495758057, 1.514796495437622, -1.1267772912979126, 0.38154545426368713, 0.028122033923864365, -0.2265700250864029, 0.04075801372528076, -0.4115053415298462, 0.3418388068675995, 1.467915415763855, -0.34489503502845764, 1.599132776260376, -0.7860423922538757, -1.7034109830856323, -0.5099724531173706, 1.0, 1.0, 1.0, 1.0, 1.0, 1.0, 0.0, 1.0, 1.0, 1.0, 1.0, 1.0]"
305,0.00018696235201787204,0.0,1391.51513671875,1.6519285054528154e-05,0.0,122.94898986816406,0.0,0.0,0.0,0.0,0.0,0.0,0.7557277083396912,0.017752550542354584,-0.062441956251859665,-0.30664974451065063,-0.3412015438079834,-0.057031720876693726,0.13198338449001312,0.21280941367149353,-0.5156204700469971,1.1613576412200928,-0.4993225336074829,-0.30778297781944275,0.5929450392723083,-1.6894102096557617,0.6507428884506226,"[0.7557277083396912, 0.017752550542354584, -0.062441956251859665, 0.5208860039710999, 0.5523787140846252, -0.21431061625480652, -0.03039954975247383, 0.009998437017202377, -0.9994878768920898, 0.699999988079071, 0.0, 0.0, -0.30664974451065063, -0.3412015438079834, -0.057031720876693726, 0.13198338449001312, -0.18719059228897095, -0.11562046408653259, 3.8623809814453125e-05, -0.09932252764701843, 0.4922170341014862, -0.2070549726486206, -0.8894101977348328, -0.1492571234703064, -0.9478878974914551, -0.6251464486122131, 1.886156439781189, -1.611405372619629, 2.387845516204834, 1.3667018413543701, 0.0024327565915882587, -1.1584821939468384, -3.3846633434295654, -1.0580837726593018, 1.7173775434494019, -3.9990127086639404, 0.07755449414253235, -0.12497643381357193, -0.09468816220760345, 0.30444255471229553, -0.5802891850471497, -0.1445542275905609, 1.3647491931915283, 0.20900729298591614, 1.7708377838134766, -0.6351264715194702, -1.742875576019287, -0.8015757203102112, 1.0, 1.0, 1.0, 1.0, 1.0, 1.0, 0.0, 1.0, 1.0, 1.0, 1.0, 1.0]"
306,2.831837446137797e-05,0.0,210.7667236328125,0.0,0.0,0.0,0.0,0.0,0.0,0.0,0.0,0.0,0.6866940855979919,-0.05010168254375458,-0.051699839532375336,-0.31255871057510376,-0.34567391872406006,-0.0053034559823572636,0.11040863394737244,0.2570652961730957,-0.49140673875808716,1.1613259315490723,-0.49487704038619995,-0.34727945923805237,0.5957697629928589,-1.677337646484375,0.5477982759475708,"[0.6866940855979919, -0.05010168254375458, -0.051699839532375336, -0.03606851026415825, -0.18214797973632812, -0.04401398077607155, -0.03015628457069397, 0.0023667647037655115, -0.999542236328125, 0.699999988079071, 0.0, 0.0, -0.31255871057510376, -0.34567391872406006, -0.0053034559823572636, 0.11040863394737244, -0.14293470978736877, -0.09140673279762268, 6.9141387939453125e-06, -0.09487703442573547, 0.4527205526828766, -0.20423024892807007, -0.877337634563446, -0.25220173597335815, 0.21194693446159363, 0.46662771701812744, 3.100181818008423, -0.1866774559020996, 0.5849894285202026, 0.6858782172203064, 0.0029658260755240917, 0.9407621026039124, 0.9378754496574402, 1.7772578001022339, -0.004585760645568371, -5.5917816162109375, -0.20717236399650574, -0.6345320343971252, -0.1591140776872635, 0.5350827574729919, 0.0904960036277771, -0.46767565608024597, 1.4240078926086426, 0.47518405318260193, 1.4823784828186035, 0.04724685102701187, -1.8130954504013062, -0.9645885229110718, 1.0, 1.0, 1.0, 1.0, 1.0, 1.0, 0.0, 1.0, 1.0, 1.0, 1.0, 1.0]"
307,3.0422714189626276e-05,0.0,226.42881774902344,0.0,0.0,0.0,0.0,0.0,0.0,0.0001173896889667958,0.0,873.7026977539062,0.6363012194633484,-0.03682047501206398,-0.08521009981632233,-0.31431877613067627,-0.34440332651138306,0.033801935613155365,0.10790283977985382,0.2774488925933838,-0.49248743057250977,1.1613225936889648,-0.47002893686294556,-0.3303639590740204,0.676563560962677,-1.6870079040527344,0.5095614194869995,"[0.6363012194633484, -0.03682047501206398, -0.08521009981632233, 0.017699750140309334, -0.43364450335502625, -0.03814072534441948, -0.04017298296093941, -0.0021770093590021133, -0.9991901516914368, 0.699999988079071, 0.0, 0.0, -0.31431877613067627, -0.34440332651138306, 0.033801935613155365, 0.10790283977985382, -0.12255111336708069, -0.09248742461204529, 3.5762786865234375e-06, -0.07002893090248108, 0.46963605284690857, -0.12343645095825195, -0.8870078921318054, -0.29043859243392944, 0.12793990969657898, -0.07948805391788483, 1.6888244152069092, 0.09611666202545166, 0.7494191527366638, -0.6251176595687866, 0.0015604926738888025, -0.871428370475769, 1.064755916595459, 4.658449649810791, -1.9534753561019897, 3.725050926208496, -0.537387490272522, -0.6514697670936584, -0.34999096393585205, 0.3789990544319153, 0.06677991151809692, -0.7055280208587646, 1.5526015758514404, 0.6492891311645508, 1.6320172548294067, 0.3809662163257599, -2.1657495498657227, -0.9739511013031006, 1.0, 1.0, 1.0, 1.0, 1.0, 1.0, 0.0, 1.0, 1.0, 1.0, 1.0, 1.0]"
308,3.4559670893941075e-05,0.0,257.21917724609375,0.0,0.0,0.0,0.0,0.0,0.0,5.5715241614962e-05,0.0,414.6748962402344,0.6529098749160767,0.017202306538820267,-0.08524173498153687,-0.31594666838645935,-0.3567695617675781,0.03811558336019516,0.10606977343559265,0.3004716634750366,-0.5169922709465027,1.1613208055496216,-0.46753159165382385,-0.32357463240623474,0.7722898125648499,-1.7501509189605713,0.5508913993835449,"[0.6529098749160767, 0.017202306538820267, -0.08524173498153687, 0.08801338821649551, -0.2739860713481903, -0.014764356426894665, -0.04733239859342575, -0.0048478287644684315, -0.998867392539978, 0.699999988079071, 0.0, 0.0, -0.31594666838645935, -0.3567695617675781, 0.03811558336019516, 0.10606977343559265, -0.09952834248542786, -0.11699226498603821, 1.7881393432617188e-06, -0.06753158569335938, 0.4764253795146942, -0.0277101993560791, -0.9501509070396423, -0.24910861253738403, -0.0816725343465805, -0.7671181559562683, -0.5057805776596069, -0.08338871598243713, 1.2133206129074097, -1.5770959854125977, -0.00010469538392499089, 0.144686758518219, 0.09442289173603058, 4.637599468231201, -3.7135486602783203, 1.886033058166504, -0.5435941219329834, -0.5706316828727722, -0.4765135943889618, 0.4401303231716156, -0.0636833906173706, -0.8962967395782471, 1.61324143409729, 0.4480251967906952, 1.5989751815795898, 0.3501506745815277, -2.4762814044952393, -0.8187206983566284, 1.0, 1.0, 1.0, 1.0, 1.0, 1.0, 0.0, 1.0, 1.0, 1.0, 1.0, 1.0]"
309,4.156207069172524e-05,0.0,309.3363342285156,0.0,0.0,0.0,0.0,0.0,0.0,4.353680196800269e-05,0.0,324.0337829589844,0.649255096912384,0.04478686302900314,-0.06790008395910263,-0.31909096240997314,-0.3706381618976593,0.007824521511793137,0.10376952588558197,0.3220962882041931,-0.5560603737831116,1.1613212823867798,-0.4572373330593109,-0.31758907437324524,0.844438910484314,-1.8378289937973022,0.5780397653579712,"[0.649255096912384, 0.04478686302900314, -0.06790008395910263, 0.08731196820735931, -0.2968589961528778, 0.04432317614555359, -0.052835315465927124, -0.007019747048616409, -0.9985786080360413, 0.699999988079071, 0.0, 0.0, -0.31909096240997314, -0.3706381618976593, 0.007824521511793137, 0.10376952588558197, -0.07790371775627136, -0.1560603678226471, 2.2649765014648438e-06, -0.057237327098846436, 0.4824109375476837, 0.04443889856338501, -1.0378289222717285, -0.22196024656295776, -0.1540590077638626, -0.5767062306404114, -1.890545129776001, -0.09242550283670425, 1.0381693840026855, -2.110050916671753, -0.00019541149958968163, 0.3727450668811798, 0.431170791387558, 2.8332929611206055, -4.64371919631958, 1.5975501537322998, -0.5520843267440796, -0.6875835061073303, -0.4587104320526123, 0.29536086320877075, -0.1452951431274414, -0.779475212097168, 1.6385889053344727, 0.5689312219619751, 1.5783625841140747, 0.3617832064628601, -2.5726046562194824, -0.9405592083930969, 1.0, 1.0, 1.0, 1.0, 1.0, 1.0, 0.0, 1.0, 1.0, 1.0, 1.0, 1.0]"
310,4.023397559649311e-05,0.0,299.4516296386719,0.0,0.0,0.0,0.0,0.0,0.0,4.712917871074751e-05,0.0,350.77093505859375,0.6502968668937683,0.06476494669914246,-0.03490990772843361,-0.3210263252258301,-0.3783559501171112,-0.036246128380298615,0.10314968973398209,0.33653077483177185,-0.5999765396118164,1.161321759223938,-0.4421893358230591,-0.2971343696117401,0.8795541524887085,-1.9193695783615112,0.60080486536026,"[0.6502968668937683, 0.06476494669914246, -0.03490990772843361, -0.03163008391857147, -0.3849357068538666, 0.06393126398324966, -0.0599888376891613, -0.007316604256629944, -0.9981724619865417, 0.699999988079071, 0.0, 0.0, -0.3210263252258301, -0.3783559501171112, -0.036246128380298615, 0.10314968973398209, -0.06346923112869263, -0.19997653365135193, 2.7418136596679688e-06, -0.042189329862594604, 0.5028656721115112, 0.07955414056777954, -1.1193695068359375, -0.19919514656066895, -0.051712919026613235, -0.32029739022254944, -2.3020694255828857, 0.004156673327088356, 0.6468140482902527, -2.1554791927337646, -0.0002811914309859276, 0.6548842787742615, 1.237558364868164, 0.9892990589141846, -3.5005288124084473, 1.3107236623764038, -0.6096693873405457, -0.6994011998176575, -0.5692924857139587, 0.2717454135417938, -0.27501165866851807, -0.7870830297470093, 1.7645511627197266, 0.6327030658721924, 1.6609649658203125, 0.2349124252796173, -2.584050178527832, -1.020975947380066, 1.0, 1.0, 1.0, 1.0, 1.0, 1.0, 0.0, 1.0, 1.0, 1.0, 1.0, 1.0]"
311,4.017933315481059e-05,0.0,299.0449523925781,0.0,0.0,0.0,0.0,0.0,0.0,5.047311424277723e-05,0.0,375.6590576171875,0.6677024364471436,0.0929950550198555,0.01978837512433529,-0.3212801516056061,-0.3836876153945923,-0.0867590457201004,0.10349540412425995,0.3415507674217224,-0.6384233832359314,1.161321759223938,-0.41959860920906067,-0.25902876257896423,0.8755226135253906,-1.9670464992523193,0.6132620573043823,"[0.6677024364471436, 0.0929950550198555, 0.01978837512433529, -0.11745582520961761, -0.40616658329963684, 0.05141843482851982, -0.0679999366402626, -0.005687788128852844, -0.9976691007614136, 0.699999988079071, 0.0, 0.0, -0.3212801516056061, -0.3836876153945923, -0.0867590457201004, 0.10349540412425995, -0.058449238538742065, -0.23842337727546692, 2.7418136596679688e-06, -0.01959860324859619, 0.5409712791442871, 0.07552260160446167, -1.1670465469360352, -0.18673795461654663, 0.022899383679032326, -0.18189263343811035, -2.576219081878662, 0.030127527192234993, 0.123285673558712, -1.6254948377609253, -0.0004123672842979431, 1.0723503828048706, 2.186530113220215, -1.3144845962524414, -1.6197148561477661, 0.6951785683631897, -0.6088341474533081, -0.6161840558052063, -0.6535876393318176, 0.2578105330467224, -0.45569247007369995, -0.5793055891990662, 1.8187671899795532, 0.6396417617797852, 1.7634104490280151, -0.031410522758960724, -2.4994046688079834, -1.0940115451812744, 1.0, 1.0, 1.0, 1.0, 1.0, 1.0, 0.0, 1.0, 1.0, 1.0, 1.0, 1.0]"
312,3.747437949641608e-05,0.0,278.9126281738281,0.0,0.0,0.0,0.0,0.0,0.0,4.118220022064634e-05,0.0,306.509033203125,0.6956176161766052,0.10917942225933075,0.0738026425242424,-0.3188389837741852,-0.37851980328559875,-0.13801218569278717,0.10561531782150269,0.33453449606895447,-0.655486524105072,1.1613216400146484,-0.3879697024822235,-0.19894209504127502,0.8175373077392578,-1.972590684890747,0.6125339269638062,"[0.6956176161766052, 0.10917942225933075, 0.0738026425242424, -0.29517853260040283, -0.4508766531944275, 0.05180613696575165, -0.0765191838145256, -0.0012519825249910355, -0.9970676898956299, 0.699999988079071, 0.0, 0.0, -0.3188389837741852, -0.37851980328559875, -0.13801218569278717, 0.10561531782150269, -0.06546550989151001, -0.25548651814460754, 2.6226043701171875e-06, 0.012030303478240967, 0.6010578870773315, 0.017537295818328857, -1.172590732574463, -0.1874660849571228, 0.19216623902320862, 0.6814144849777222, -2.4524383544921875, 0.17450079321861267, -0.5076314210891724, -0.12639448046684265, -0.0011150036007165909, 1.580070972442627, 3.3671634197235107, -4.541569232940674, 0.9521068334579468, -0.007280498743057251, -0.7056323885917664, -0.4157233238220215, -0.6286864280700684, 0.4025249779224396, -0.7519329786300659, -0.0547080934047699, 1.7571126222610474, 0.3763178288936615, 1.7687249183654785, -0.556311845779419, -2.158759355545044, -0.9977446794509888, 1.0, 1.0, 1.0, 1.0, 1.0, 1.0, 0.0, 1.0, 1.0, 1.0, 1.0, 1.0]"
313,0.0,0.0,0.0,0.0,0.0,0.0,0.0,0.0,0.0,3.5885509532818105e-06,0.0,26.708707809448242,0.7135699391365051,0.10086303949356079,0.0005130467470735312,-0.31206169724464417,-0.34476378560066223,-0.17834384739398956,0.11470299959182739,0.3187594413757324,-0.6331760287284851,1.1613190174102783,-0.35150790214538574,-0.15159597992897034,0.7056902647018433,-1.9215177297592163,0.6052206754684448,"[0.7135699391365051, 0.10086303949356079, 0.0005130467470735312, -0.7421910762786865, -0.4253717064857483, 0.09382422268390656, -0.0855773314833641, 0.009995704516768456, -0.9962813854217529, 0.699999988079071, 0.0, 0.0, -0.31206169724464417, -0.34476378560066223, -0.17834384739398956, 0.11470299959182739, -0.08124056458473206, -0.23317602276802063, 0.0, 0.048492103815078735, 0.6484040021896362, -0.0943097472190857, -1.1215176582336426, -0.19477933645248413, 0.28634217381477356, 2.3639166355133057, -1.7056840658187866, 0.6786409020423889, -0.6807599067687988, 1.9100431203842163, -2.339095090064802e-06, 1.8293843269348145, -0.8228681087493896, -6.203460216522217, 3.541706085205078, -0.6785722970962524, -1.2472198009490967, -0.21871915459632874, -0.3278656601905823, 0.37902766466140747, -0.5897464752197266, 0.6818503141403198, 1.4590455293655396, -0.42419669032096863, 0.7041634321212769, -1.1406296491622925, -1.733194351196289, -0.25176116824150085, 1.0, 1.0, 1.0, 1.0, 1.0, 1.0, 0.0, 1.0, 1.0, 1.0, 1.0, 1.0]"
314,0.0,0.0,0.0,5.8409084886079654e-05,0.0,434.7245178222656,0.0,0.0,0.0,0.0,0.0,0.0,0.6656579375267029,0.11703415215015411,-0.04090544208884239,-0.33138230443000793,-0.3369288444519043,-0.21131159365177155,0.1250525563955307,0.29500243067741394,-0.6114539504051208,1.161318063735962,-0.34482109546661377,-0.2363232523202896,0.7024356126785278,-1.8411729335784912,0.641639769077301,"[0.6656579375267029, 0.11703415215015411, -0.04090544208884239, 0.16192366182804108, 0.08677730709314346, 0.12344243377447128, -0.08807497471570969, 0.014077259227633476, -0.9960148930549622, 0.699999988079071, 0.0, 0.0, -0.33138230443000793, -0.3369288444519043, -0.21131159365177155, 0.1250525563955307, -0.10499757528305054, -0.21145394444465637, -9.5367431640625e-07, 0.05517891049385071, 0.5636767745018005, -0.09756439924240112, -1.041172981262207, -0.15836024284362793, -1.5868149995803833, -0.27771854400634766, -1.1510980129241943, 0.4985591769218445, -1.7897999286651611, 0.7726859450340271, 0.0079713249579072, -0.8856916427612305, -4.009995460510254, 0.28874266147613525, 3.413471221923828, 4.146463394165039, -0.6772283315658569, -0.13804855942726135, -0.08382485806941986, -0.028490573167800903, -0.5334144234657288, 0.9952913522720337, 1.5209118127822876, -1.095915675163269, 0.3547123074531555, -1.1624295711517334, -1.8983981609344482, 0.289909303188324, 1.0, 1.0, 1.0, 1.0, 1.0, 1.0, 0.0, 1.0, 1.0, 1.0, 1.0, 1.0]"
315,0.0,0.0,0.0,5.5820946727180853e-05,0.0,415.461669921875,0.0,0.0,0.0,0.0,0.0,0.0,0.6610734462738037,0.07747019082307816,-0.04949834942817688,-0.35873302817344666,-0.3412042260169983,-0.1928533911705017,0.13749845325946808,0.25485917925834656,-0.5911778211593628,1.1613236665725708,-0.3938644528388977,-0.3401842415332794,0.6920452117919922,-1.800402283668518,0.7420629262924194,"[0.6610734462738037, 0.07747019082307816, -0.04949834942817688, 0.04996202141046524, 0.5382724404335022, -0.019083060324192047, -0.0807148665189743, 0.011492498219013214, -0.9966709613800049, 0.699999988079071, 0.0, 0.0, -0.35873302817344666, -0.3412042260169983, -0.1928533911705017, 0.13749845325946808, -0.14514082670211792, -0.19117781519889832, 4.649162292480469e-06, 0.0061355531215667725, 0.45981577038764954, -0.10795480012893677, -1.0004022121429443, -0.05793708562850952, -0.9420086741447449, -0.11502253264188766, 2.002565383911133, 0.6225517392158508, -2.0308358669281006, 0.9025428295135498, 0.0033638877794146538, -3.1068172454833984, -5.462274551391602, -0.6403535008430481, 1.905971646308899, 4.201478958129883, -0.16292902827262878, 0.2733858525753021, -0.122749462723732, -0.04251930117607117, -0.1571856141090393, 0.8375551700592041, 1.4758983850479126, -0.6720274686813354, 0.6884405016899109, -0.9846169948577881, -1.750393033027649, 0.19224372506141663, 1.0, 1.0, 1.0, 1.0, 1.0, 1.0, 0.0, 1.0, 1.0, 1.0, 1.0, 1.0]"
316,0.0,0.0,0.0,5.1951246859971434e-05,0.0,386.6604309082031,0.0,0.0,0.0,0.0,0.0,0.0,0.6955434679985046,0.02895343489944935,-0.08162417262792587,-0.3507940173149109,-0.3399893641471863,-0.1369185745716095,0.14577187597751617,0.21138884127140045,-0.5696300864219666,1.1613199710845947,-0.46334967017173767,-0.36175447702407837,0.6683924794197083,-1.7548158168792725,0.7793145179748535,"[0.6955434679985046, 0.02895343489944935, -0.08162417262792587, -0.19192330539226532, 0.9026650786399841, -0.19931000471115112, -0.06561966985464096, 0.013777293264865875, -0.9977494478225708, 0.699999988079071, 0.0, 0.0, -0.3507940173149109, -0.3399893641471863, -0.1369185745716095, 0.14577187597751617, -0.18861116468906403, -0.16963008046150208, 9.5367431640625e-07, -0.0633496642112732, 0.4382455348968506, -0.1316075325012207, -0.9548158049583435, -0.02068549394607544, 1.2638245820999146, 0.08948522061109543, 2.985978126525879, 0.24083513021469116, -2.2944464683532715, 0.9246224164962769, 0.0125562883913517, -3.46809458732605, 2.2115917205810547, -1.0520472526550293, 2.2390780448913574, 0.06873896718025208, 0.2527264654636383, 0.13437703251838684, -0.15308134257793427, 0.04218393564224243, -0.3542172908782959, 0.6514327526092529, 1.5220469236373901, -0.49965548515319824, 1.4288520812988281, -0.9358425736427307, -1.68404221534729, -0.24535882472991943, 1.0, 1.0, 1.0, 1.0, 1.0, 1.0, 0.0, 1.0, 1.0, 1.0, 1.0, 1.0]"
317,0.0,0.0,0.0,3.730113894562237e-05,0.0,277.6232604980469,0.0,0.0,0.0,0.0,0.0,0.0,0.7497736811637878,-0.013987683691084385,-0.15322314202785492,-0.29648685455322266,-0.33211544156074524,-0.07865231484174728,0.1499943733215332,0.1700211763381958,-0.5497309565544128,1.1613184213638306,-0.5219364166259766,-0.2779128849506378,0.6379234790802002,-1.7164193391799927,0.7316207885742188,"[0.7497736811637878, -0.013987683691084385, -0.15322314202785492, -0.6041916012763977, 1.2650712728500366, -0.2924301028251648, -0.043254584074020386, 0.022324491292238235, -0.9988144636154175, 0.699999988079071, 0.0, 0.0, -0.29648685455322266, -0.33211544156074524, -0.07865231484174728, 0.1499943733215332, -0.22997882962226868, -0.14973095059394836, -5.960464477539062e-07, -0.12193641066551208, 0.5220870971679688, -0.16207653284072876, -0.9164193272590637, -0.0683792233467102, 3.4978325366973877, 0.48634713888168335, 2.7834577560424805, 0.2659962773323059, -2.0114660263061523, 0.7360974550247192, 0.009760228917002678, -2.422858476638794, 5.131221294403076, -1.1670899391174316, 1.6642630100250244, -3.928212881088257, 0.14442339539527893, 0.1049179658293724, -0.1550569087266922, 0.2528643012046814, -0.5454659461975098, 0.20950046181678772, 1.383384108543396, -0.07105305790901184, 1.6551685333251953, -0.8003489971160889, -1.7349072694778442, -0.6025643348693848, 1.0, 1.0, 1.0, 1.0, 1.0, 1.0, 0.0, 1.0, 1.0, 1.0, 1.0, 1.0]"
318,6.42414961475879e-05,0.0,478.1337890625,1.2118086488044355e-05,0.0,90.19195556640625,0.0,0.0,0.0,0.0,0.0,0.0,0.7452454566955566,-0.0056976922787725925,0.04346543923020363,-0.29573920369148254,-0.33903035521507263,-0.03457510471343994,0.1311783790588379,0.20254550874233246,-0.5201863646507263,1.1613110303878784,-0.5395150184631348,-0.3256665766239166,0.6117891073226929,-1.6850299835205078,0.6384696364402771,"[0.7452454566955566, -0.0056976922787725925, 0.04346543923020363, 0.7575252652168274, 0.0334709957242012, -0.2288873791694641, -0.03226986527442932, 0.015772907063364983, -0.9993547797203064, 0.699999988079071, 0.0, 0.0, -0.29573920369148254, -0.33903035521507263, -0.03457510471343994, 0.1311783790588379, -0.19745449721813202, -0.12018635869026184, -7.987022399902344e-06, -0.1395150125026703, 0.47433343529701233, -0.18821090459823608, -0.8850299715995789, -0.16153037548065186, -0.5822412967681885, -0.9171679019927979, 2.349881172180176, -1.330439805984497, 3.1812613010406494, 1.699669599533081, -0.0014169259229674935, 0.09852932393550873, -3.17905855178833, -0.7362297177314758, 1.1260464191436768, -5.290211200714111, 0.004056544974446297, -0.15458807349205017, -0.09832368791103363, 0.4340061843395233, -0.8207916021347046, -0.3755570352077484, 1.4281200170516968, 0.3093823194503784, 1.8531640768051147, -0.5202832221984863, -1.7254048585891724, -0.8738672137260437, 1.0, 1.0, 1.0, 1.0, 1.0, 1.0, 0.0, 1.0, 1.0, 1.0, 1.0, 1.0]"
319,5.1734728913288563e-05,0.0,385.0489501953125,0.0,0.0,0.0,0.0,0.0,0.0,0.0,0.0,0.0,0.6718515157699585,-0.05442653223872185,-0.012932236306369305,-0.29627490043640137,-0.3366824984550476,0.02014453150331974,0.1305084377527237,0.2218930423259735,-0.5009388327598572,1.1613231897354126,-0.5163410902023315,-0.314844012260437,0.6244198083877563,-1.6731634140014648,0.5287418961524963,"[0.6718515157699585, -0.05442653223872185, -0.012932236306369305, 0.4387648403644562, -0.49143731594085693, -0.0004628205788321793, -0.03666727989912033, 0.011669158935546875, -0.9992595314979553, 0.699999988079071, 0.0, 0.0, -0.29627490043640137, -0.3366824984550476, 0.02014453150331974, 0.1305084377527237, -0.17810696363449097, -0.1009388267993927, 4.172325134277344e-06, -0.11634108424186707, 0.48515599966049194, -0.1755802035331726, -0.8731634020805359, -0.2712581157684326, -0.28419598937034607, 0.08750290423631668, 2.0302369594573975, -0.011834800243377686, 1.2065941095352173, 0.6128969192504883, -0.0032313175033777952, 1.7156524658203125, 0.5721511840820312, 1.878844141960144, 0.46583592891693115, -4.691969394683838, -0.41276565194129944, -0.662822425365448, -0.3063117563724518, 0.5137969255447388, 0.3462429642677307, -0.45319071412086487, 1.4892891645431519, 0.5236479043960571, 1.5072277784347534, 0.2195737361907959, -1.8747098445892334, -0.9448198676109314, 0.0, 1.0, 1.0, 1.0, 1.0, 1.0, 0.0, 1.0, 1.0, 1.0, 1.0, 1.0]"
320,2.7222475182497874e-05,0.0,202.6102294921875,0.0,0.0,0.0,0.0,0.0,0.0,2.8578273486346006e-05,0.0,212.70111083984375,0.6439874768257141,-0.012135610915720463,-0.07965969294309616,-0.3041025996208191,-0.34441301226615906,0.03299088403582573,0.12400609999895096,0.23652222752571106,-0.5076403021812439,1.1613209247589111,-0.5002676844596863,-0.2891184985637665,0.7060695290565491,-1.6922847032546997,0.5339820981025696,"[0.6439874768257141, -0.012135610915720463, -0.07965969294309616, 0.4136046767234802, -0.4096832871437073, -0.028245985507965088, -0.04646801948547363, 0.0011764825321733952, -0.9989193677902222, 0.699999988079071, 0.0, 0.0, -0.3041025996208191, -0.34441301226615906, 0.03299088403582573, 0.12400609999895096, -0.16347777843475342, -0.10764029622077942, 1.9073486328125e-06, -0.1002676784992218, 0.5108815431594849, -0.09393048286437988, -0.8922846913337708, -0.2660179138183594, -0.3342369496822357, -0.6219686269760132, 0.2689746022224426, -0.3304067850112915, 1.1842774152755737, -0.7521782517433167, -0.0017903160769492388, -0.15917366743087769, 0.3745651841163635, 4.603551387786865, -1.7604045867919922, 2.548830032348633, -0.7784735560417175, -0.6439164280891418, -0.17142070829868317, 0.10790731012821198, 0.10227793455123901, -0.6844021081924438, 1.4854754209518433, 0.6898378133773804, 1.7143763303756714, 0.3984854817390442, -2.0329015254974365, -0.9896881580352783, 1.0, 1.0, 1.0, 1.0, 1.0, 1.0, 0.0, 1.0, 1.0, 1.0, 1.0, 1.0]"
321,3.2706910133128986e-05,0.0,243.42953491210938,0.0,0.0,0.0,0.0,0.0,0.0,5.262269769445993e-05,0.0,391.6578674316406,0.6652894616127014,0.03935622051358223,-0.06691969186067581,-0.30893850326538086,-0.3611489236354828,0.02883666753768921,0.11855138093233109,0.2609197795391083,-0.5318443179130554,1.1613199710845947,-0.49370166659355164,-0.2881832420825958,0.7941412925720215,-1.738539695739746,0.5652583837509155,"[0.6652894616127014, 0.03935622051358223, -0.06691969186067581, 0.2294997125864029, -0.17457424104213715, -0.049375269562006, -0.051278531551361084, -0.004145321901887655, -0.9986754655838013, 0.699999988079071, 0.0, 0.0, -0.30893850326538086, -0.3611489236354828, 0.02883666753768921, 0.11855138093233109, -0.1390802264213562, -0.13184431195259094, 9.5367431640625e-07, -0.09370166063308716, 0.5118167400360107, -0.005858719348907471, -0.9385396838188171, -0.23474162817001343, -0.24395650625228882, -0.9258862137794495, -0.5178931951522827, -0.2530309557914734, 1.3152040243148804, -1.422027349472046, -0.00010463007492944598, 0.2693899869918823, -0.21200327575206757, 4.1052751541137695, -3.1125659942626953, 1.5316647291183472, -0.4960390031337738, -0.5440469980239868, -0.5651572942733765, 0.5400377511978149, 0.0018488168716430664, -0.8221536874771118, 1.6199792623519897, 0.43505963683128357, 1.603236198425293, 0.3674023449420929, -2.3901188373565674, -0.7893396615982056, 1.0, 1.0, 1.0, 1.0, 1.0, 1.0, 0.0, 1.0, 1.0, 1.0, 1.0, 1.0]"
322,4.227154568070546e-05,0.0,314.6167907714844,0.0,0.0,0.0,0.0,0.0,0.0,3.8301128370221704e-05,0.0,285.0659484863281,0.6611893773078918,0.05827389657497406,-0.06278058141469955,-0.31393805146217346,-0.37425974011421204,0.0001622773561393842,0.11353244632482529,0.2841651737689972,-0.5655122399330139,1.1613216400146484,-0.48263683915138245,-0.2870263457298279,0.8565771579742432,-1.8184521198272705,0.5885090827941895,"[0.6611893773078918, 0.05827389657497406, -0.06278058141469955, 0.13941486179828644, -0.23806703090667725, 0.014447803609073162, -0.05519753322005272, -0.008068984374403954, -0.9984427094459534, 0.699999988079071, 0.0, 0.0, -0.31393805146217346, -0.37425974011421204, 0.0001622773561393842, 0.11353244632482529, -0.11583483219146729, -0.16551223397254944, 2.6226043701171875e-06, -0.08263683319091797, 0.5129736661911011, 0.05657714605331421, -1.0184521675109863, -0.2114909291267395, -0.21521663665771484, -0.413005530834198, -1.8685641288757324, -0.1699797362089157, 1.2010891437530518, -1.7743953466415405, -0.0006568185053765774, 0.4513978660106659, 0.06515935063362122, 2.334442615509033, -4.153390884399414, 1.3323906660079956, -0.5615461468696594, -0.6548494696617126, -0.43871018290519714, 0.3085296154022217, -0.1481502652168274, -0.7497981786727905, 1.6476173400878906, 0.5270583629608154, 1.608153223991394, 0.32955262064933777, -2.502716541290283, -0.913277268409729, 1.0, 1.0, 1.0, 1.0, 1.0, 1.0, 0.0, 1.0, 1.0, 1.0, 1.0, 1.0]"
323,4.2722400394268334e-05,0.0,317.9723815917969,0.0,0.0,0.0,0.0,0.0,0.0,4.3074152927147225e-05,0.0,320.59039306640625,0.6574786305427551,0.06954926997423172,-0.0343940332531929,-0.31490543484687805,-0.3748190402984619,-0.041961461305618286,0.1134377270936966,0.3024071156978607,-0.6023963689804077,1.161321997642517,-0.46703454852104187,-0.27412933111190796,0.882461667060852,-1.8955490589141846,0.6087620258331299,"[0.6574786305427551, 0.06954926997423172, -0.0343940332531929, -0.11411011964082718, -0.3560847342014313, 0.04434005916118622, -0.06140539422631264, -0.007219575345516205, -0.9980869889259338, 0.699999988079071, 0.0, 0.0, -0.31490543484687805, -0.3748190402984619, -0.041961461305618286, 0.1134377270936966, -0.09759289026260376, -0.20239636301994324, 2.9802322387695312e-06, -0.06703454256057739, 0.525870680809021, 0.0824616551399231, -1.0955491065979004, -0.19123798608779907, 0.021080302074551582, 0.09007058292627335, -2.160550832748413, 0.07831709086894989, 0.8829585313796997, -1.8042768239974976, -0.0009040092118084431, 0.7380645275115967, 0.7879491448402405, 0.620286226272583, -3.5372161865234375, 1.0982630252838135, -0.5937642455101013, -0.6690177321434021, -0.5819857120513916, 0.3343057334423065, -0.25168073177337646, -0.7442526817321777, 1.7533677816390991, 0.5855355262756348, 1.6841992139816284, 0.2084832489490509, -2.5333757400512695, -0.9704790115356445, 1.0, 1.0, 1.0, 1.0, 1.0, 1.0, 0.0, 1.0, 1.0, 1.0, 1.0, 1.0]"
324,4.125029590795748e-05,0.0,307.015869140625,0.0,0.0,0.0,0.0,0.0,0.0,4.7328641812782735e-05,0.0,352.2555236816406,0.6676523089408875,0.0962296575307846,0.01625715382397175,-0.3136247992515564,-0.37241795659065247,-0.09002882987260818,0.11505892872810364,0.3110458552837372,-0.6346113681793213,1.1613218784332275,-0.44466760754585266,-0.24254409968852997,0.8738361597061157,-1.9455794095993042,0.6207138895988464,"[0.6676523089408875, 0.0962296575307846, 0.01625715382397175, -0.16585670411586761, -0.396659255027771, 0.03862883523106575, -0.06901300698518753, -0.003944640979170799, -0.9976080656051636, 0.699999988079071, 0.0, 0.0, -0.3136247992515564, -0.37241795659065247, -0.09002882987260818, 0.11505892872810364, -0.0889541506767273, -0.2346113622188568, 2.86102294921875e-06, -0.044667601585388184, 0.5574558973312378, 0.07383614778518677, -1.1455793380737305, -0.17928612232208252, 0.06295780837535858, 0.1460978090763092, -2.5139474868774414, 0.08122338354587555, 0.30109137296676636, -1.3333667516708374, -0.0009136907756328583, 1.081880807876587, 1.8536275625228882, -1.4872499704360962, -1.6891748905181885, 0.6356596946716309, -0.634376585483551, -0.597314715385437, -0.6356380581855774, 0.2763822674751282, -0.43215250968933105, -0.5531454086303711, 1.8111138343811035, 0.6145424842834473, 1.7726154327392578, -0.04554007202386856, -2.4454143047332764, -1.0534429550170898, 1.0, 1.0, 1.0, 1.0, 1.0, 1.0, 0.0, 1.0, 1.0, 1.0, 1.0, 1.0]"
325,3.757026570383459e-05,0.0,279.6263122558594,0.0,0.0,0.0,0.0,0.0,0.0,3.930397724616341e-05,0.0,292.5299072265625,0.6908471584320068,0.11420848965644836,0.06742925196886063,-0.3108276426792145,-0.36277303099632263,-0.13996019959449768,0.11727993190288544,0.3070346415042877,-0.6472198367118835,1.161321759223938,-0.41442522406578064,-0.18791674077510834,0.8147180676460266,-1.952492356300354,0.6214365363121033,"[0.6908471584320068, 0.11420848965644836, 0.06742925196886063, -0.2942909002304077, -0.43957147002220154, 0.03778430074453354, -0.07724006474018097, 0.0009350404143333435, -0.997012197971344, 0.699999988079071, 0.0, 0.0, -0.3108276426792145, -0.36277303099632263, -0.13996019959449768, 0.11727993190288544, -0.09296536445617676, -0.24721983075141907, 2.7418136596679688e-06, -0.014425218105316162, 0.6120832562446594, 0.014718055725097656, -1.1524922847747803, -0.17856347560882568, 0.18255692720413208, 0.8328350782394409, -2.3845458030700684, 0.16795086860656738, -0.343492329120636, 0.049415223300457, -0.0013047377578914165, 1.531211495399475, 3.0529251098632812, -4.4803032875061035, 0.8752331733703613, 0.012351825833320618, -0.6999346613883972, -0.3900063931941986, -0.6188035607337952, 0.4096022844314575, -0.7060500383377075, -0.05137750506401062, 1.754412293434143, 0.34282776713371277, 1.7691148519515991, -0.5373075604438782, -2.122521162033081, -0.9553327560424805, 1.0, 1.0, 1.0, 1.0, 1.0, 1.0, 0.0, 1.0, 1.0, 1.0, 1.0, 1.0]"
326,0.0,0.0,0.0,0.0,0.0,0.0,0.0,0.0,0.0,7.707402801315766e-06,0.0,57.364315032958984,0.7112072110176086,0.10829028487205505,0.011227642185986042,-0.303965300321579,-0.3282684087753296,-0.17879197001457214,0.12486366927623749,0.296636700630188,-0.6219150424003601,1.1613190174102783,-0.37984272837638855,-0.13424831628799438,0.704371452331543,-1.9014275074005127,0.6174938082695007,"[0.7112072110176086, 0.10829028487205505, 0.011227642185986042, -0.6386253237724304, -0.4677598476409912, 0.058702126145362854, -0.08645632863044739, 0.011206495575606823, -0.9961925745010376, 0.699999988079071, 0.0, 0.0, -0.303965300321579, -0.3282684087753296, -0.17879197001457214, 0.12486366927623749, -0.10336330533027649, -0.22191503643989563, 0.0, 0.020157277584075928, 0.6657516956329346, -0.09562855958938599, -1.1014275550842285, -0.18250620365142822, 0.3117833137512207, 2.3086962699890137, -1.6235746145248413, 0.5187897086143494, -0.20791251957416534, 2.087071418762207, 1.5981182741597877e-06, 1.7069661617279053, 0.10551466792821884, -6.176915168762207, 3.587064743041992, -0.12520098686218262, -1.1505539417266846, -0.2147183120250702, -0.3369152545928955, 0.42683127522468567, -0.5912319421768188, 0.675094723701477, 1.4959317445755005, -0.3871636688709259, 0.8334212303161621, -1.119141697883606, -1.7123799324035645, -0.2795431613922119, 1.0, 1.0, 1.0, 1.0, 1.0, 1.0, 0.0, 1.0, 1.0, 1.0, 1.0, 1.0]"
327,0.0,0.0,0.0,5.899194729863666e-05,0.0,439.0626525878906,0.0,0.0,0.0,0.0,0.0,0.0,0.6682993769645691,0.12203997373580933,-0.038506265729665756,-0.32050079107284546,-0.3241899907588959,-0.20962244272232056,0.13369588553905487,0.2844448983669281,-0.6020203828811646,1.1613188982009888,-0.36993926763534546,-0.21531622111797333,0.710625171661377,-1.8203092813491821,0.644514799118042,"[0.6682993769645691, 0.12203997373580933, -0.038506265729665756, 0.13439150154590607, 0.027493534609675407, 0.10607068985700607, -0.08979154378175735, 0.014843855984508991, -0.9958499670028687, 0.699999988079071, 0.0, 0.0, -0.32050079107284546, -0.3241899907588959, -0.20962244272232056, 0.13369588553905487, -0.11555510759353638, -0.20202037692070007, -1.1920928955078125e-07, 0.03006073832511902, 0.5846837759017944, -0.089374840259552, -1.0203092098236084, -0.15548521280288696, -1.3899191617965698, -0.27184849977493286, -1.075976014137268, 0.49037864804267883, -1.1786402463912964, 0.7579234838485718, 0.008228848688304424, -0.6039342880249023, -4.053890228271484, 0.407585471868515, 3.4850268363952637, 3.4262619018554688, -0.7270641922950745, -0.1249232068657875, -0.12149687111377716, 0.017003238201141357, -0.5071142315864563, 0.9640065431594849, 1.5113738775253296, -1.0379060506820679, 0.2929689884185791, -1.143631935119629, -1.859138011932373, 0.24682095646858215, 1.0, 1.0, 1.0, 1.0, 1.0, 1.0, 0.0, 1.0, 1.0, 1.0, 1.0, 1.0]"
328,0.0,0.0,0.0,5.5417542171198875e-05,0.0,412.459228515625,0.0,0.0,0.0,0.0,0.0,0.0,0.6650716662406921,0.08430134505033493,-0.05243315547704697,-0.34715086221694946,-0.33011680841445923,-0.19555513560771942,0.1453256458044052,0.25557661056518555,-0.5810121893882751,1.1613236665725708,-0.4130306839942932,-0.3221593201160431,0.7012396454811096,-1.7794464826583862,0.740777850151062,"[0.6650716662406921, 0.08430134505033493, -0.05243315547704697, 0.14423821866512299, 0.48445361852645874, -0.014520140364766121, -0.08359372615814209, 0.010982956737279892, -0.9964394569396973, 0.699999988079071, 0.0, 0.0, -0.34715086221694946, -0.33011680841445923, -0.19555513560771942, 0.1453256458044052, -0.14442339539527893, -0.18101218342781067, 4.649162292480469e-06, -0.013030678033828735, 0.47784069180488586, -0.09876036643981934, -0.9794464707374573, -0.05922216176986694, -0.9853349328041077, -0.22575971484184265, 1.702942132949829, 0.576563835144043, -1.4693830013275146, 0.9269140958786011, 0.003575035370886326, -2.776982069015503, -5.93764591217041, -0.5771034955978394, 1.8092955350875854, 4.074187278747559, -0.12111184000968933, 0.2681218683719635, -0.1353677660226822, -0.017725437879562378, -0.17965352535247803, 0.8693197965621948, 1.469204306602478, -0.6427416801452637, 0.6445091962814331, -0.9895349740982056, -1.7327535152435303, 0.1592285931110382, 1.0, 1.0, 1.0, 1.0, 1.0, 1.0, 0.0, 1.0, 1.0, 1.0, 1.0, 1.0]"
329,0.0,0.0,0.0,5.16473337484058e-05,0.0,384.3984680175781,0.0,0.0,0.0,0.0,0.0,0.0,0.6974014043807983,0.033114418387413025,-0.08223464339971542,-0.3397735357284546,-0.3301694095134735,-0.1428612619638443,0.15369868278503418,0.22101008892059326,-0.5588770508766174,1.1613199710845947,-0.4743867516517639,-0.3551434874534607,0.678453266620636,-1.737377405166626,0.7720842957496643,"[0.6974014043807983, 0.033114418387413025, -0.08223464339971542, -0.15448462963104248, 0.8532853722572327, -0.17701470851898193, -0.06949978321790695, 0.012184652499854565, -0.9975072741508484, 0.699999988079071, 0.0, 0.0, -0.3397735357284546, -0.3301694095134735, -0.1428612619638443, 0.15369868278503418, -0.17898991703987122, -0.15887704491615295, 9.5367431640625e-07, -0.07438674569129944, 0.44485652446746826, -0.12154674530029297, -0.937377393245697, -0.02791571617126465, 1.247961163520813, 0.04273895174264908, 2.914905548095703, 0.2558961808681488, -1.9819244146347046, 0.9295614957809448, 0.01257461216300726, -3.031623363494873, 1.9424371719360352, -0.9657906293869019, 2.0683231353759766, -0.24110457301139832, 0.1967182457447052, 0.1819634735584259, -0.1347164660692215, 0.013501882553100586, -0.3836148977279663, 0.6432267427444458, 1.538004994392395, -0.46402251720428467, 1.4258298873901367, -0.9101734757423401, -1.66569185256958, -0.2973301410675049, 1.0, 1.0, 1.0, 1.0, 1.0, 1.0, 0.0, 1.0, 1.0, 1.0, 1.0, 1.0]"
330,0.0,0.0,0.0,3.5730714444071054e-05,0.0,265.9349670410156,0.0,0.0,0.0,0.0,0.0,0.0,0.7472721338272095,-0.009896178729832172,-0.15540878474712372,-0.2865232825279236,-0.3229183256626129,-0.08364416658878326,0.15693439543247223,0.18277625739574432,-0.5386636257171631,1.1613184213638306,-0.5237747430801392,-0.2743627727031708,0.6489707827568054,-1.70256769657135,0.7194053530693054,"[0.7472721338272095, -0.009896178729832172, -0.15540878474712372, -0.5747779607772827, 1.2131502628326416, -0.2576163113117218, -0.04812802001833916, 0.020102811977267265, -0.998638927936554, 0.699999988079071, 0.0, 0.0, -0.2865232825279236, -0.3229183256626129, -0.08364416658878326, 0.15693439543247223, -0.21722374856472015, -0.1386636197566986, -5.960464477539062e-07, -0.12377473711967468, 0.5256372690200806, -0.15102922916412354, -0.9025676846504211, -0.08059465885162354, 3.4203217029571533, 0.45331695675849915, 2.895796060562134, 0.17559932172298431, -1.9289237260818481, 0.7395125031471252, 0.009401326067745686, -1.9444595575332642, 5.003787994384766, -1.0882568359375, 1.4306381940841675, -4.200876235961914, 0.13904282450675964, 0.08514224737882614, -0.14548440277576447, 0.2764401435852051, -0.5400209426879883, 0.1557580530643463, 1.40255606174469, 0.0038163959980010986, 1.6760599613189697, -0.7738605737686157, -1.7387795448303223, -0.6534816026687622, 1.0, 1.0, 1.0, 1.0, 1.0, 1.0, 0.0, 1.0, 1.0, 1.0, 1.0, 1.0]"
331,5.72091739741154e-05,0.0,425.79388427734375,7.763502253510524e-06,0.0,57.78184509277344,0.0,0.0,0.0,0.0,0.0,0.0,0.7422138452529907,-0.006175937596708536,0.03149230033159256,-0.28201860189437866,-0.3300316035747528,-0.03724945709109306,0.13647238910198212,0.2103499323129654,-0.5096743702888489,1.1613153219223022,-0.532116174697876,-0.306641161441803,0.6247146129608154,-1.677465796470642,0.6226528286933899,"[0.7422138452529907, -0.006175937596708536, 0.03149230033159256, 0.8275660276412964, -0.03354869782924652, -0.1972629278898239, -0.03782569244503975, 0.013132169842720032, -0.999198317527771, 0.699999988079071, 0.0, 0.0, -0.28201860189437866, -0.3300316035747528, -0.03724945709109306, 0.13647238910198212, -0.18965007364749908, -0.1096743643283844, -3.6954879760742188e-06, -0.1321161687374115, 0.493358850479126, -0.17528539896011353, -0.8774657845497131, -0.17734718322753906, -0.6573211550712585, -0.8329609632492065, 2.4222073554992676, -1.451808214187622, 2.9130594730377197, 1.7382867336273193, 0.0016129142604768276, 0.5739776492118835, -2.594505786895752, -0.6143248081207275, 0.7592375874519348, -5.341103553771973, -0.017839340493083, -0.2408992350101471, -0.12354345619678497, 0.5199154615402222, -0.7999304533004761, -0.4656112492084503, 1.4757986068725586, 0.3963821828365326, 1.8706756830215454, -0.43538591265678406, -1.7603042125701904, -0.9124030470848083, 1.0, 1.0, 1.0, 1.0, 1.0, 1.0, 0.0, 1.0, 1.0, 1.0, 1.0, 1.0]"
332,4.9458238208899274e-05,0.0,368.1055908203125,0.0,0.0,0.0,0.0,0.0,0.0,0.0,0.0,0.0,0.6659858226776123,-0.05520467087626457,-0.030980225652456284,-0.2850894629955292,-0.32762202620506287,0.0162095595151186,0.13487042486667633,0.22512385249137878,-0.49269136786460876,1.1613225936889648,-0.4998314082622528,-0.2860492765903473,0.6427739262580872,-1.6765515804290771,0.513134241104126,"[0.6659858226776123, -0.05520467087626457, -0.030980225652456284, 0.5954064130783081, -0.548538088798523, 0.03366219252347946, -0.04360435903072357, 0.006675165146589279, -0.9990265965461731, 0.699999988079071, 0.0, 0.0, -0.2850894629955292, -0.32762202620506287, 0.0162095595151186, 0.13487042486667633, -0.1748761534690857, -0.09269136190414429, 3.5762786865234375e-06, -0.09983140230178833, 0.5139507055282593, -0.1572260856628418, -0.8765515685081482, -0.286865770816803, -0.45033353567123413, -0.05918262153863907, 1.8453985452651978, -0.012002341449260712, 0.9391180276870728, 0.38533148169517517, -0.003435746068134904, 2.1284396648406982, 1.0917320251464844, 2.328828811645508, -0.23884040117263794, -4.55514669418335, -0.41681328415870667, -0.7097671627998352, -0.36427053809165955, 0.5556173920631409, 0.3287253975868225, -0.4754159152507782, 1.5164357423782349, 0.552986741065979, 1.5381361246109009, 0.2792958915233612, -1.9705440998077393, -0.9460316300392151, 1.0, 1.0, 1.0, 1.0, 1.0, 1.0, 0.0, 1.0, 1.0, 1.0, 1.0, 1.0]"
333,2.026413130806759e-05,0.0,150.82098388671875,0.0,0.0,0.0,0.0,0.0,0.0,6.321753608062863e-05,0.0,470.51263427734375,0.6493207812309265,0.0020838771015405655,-0.06174227595329285,-0.29178696870803833,-0.3386622667312622,0.026850057765841484,0.12683410942554474,0.23847077786922455,-0.5053019523620605,1.161319375038147,-0.4961279332637787,-0.2617896795272827,0.7267429828643799,-1.7160958051681519,0.5540632009506226,"[0.6493207812309265, 0.0020838771015405655, -0.06174227595329285, 0.36312469840049744, -0.2678166925907135, -0.02718939445912838, -0.05152855068445206, -0.0022205363493412733, -0.9986691474914551, 0.699999988079071, 0.0, 0.0, -0.29178696870803833, -0.3386622667312622, 0.026850057765841484, 0.12683410942554474, -0.16152922809123993, -0.10530194640159607, 3.5762786865234375e-07, -0.09612792730331421, 0.5382103323936462, -0.07325702905654907, -0.9160957932472229, -0.2459368109703064, -0.30992770195007324, -0.877057671546936, -0.25866419076919556, -0.32806143164634705, 1.0054950714111328, -1.0717250108718872, -0.00018272449960932136, 0.047731079161167145, 0.42769870162010193, 4.636886119842529, -3.2908973693847656, 2.0076801776885986, -0.541335940361023, -0.7516628503799438, -0.5540624260902405, 0.3855060040950775, 0.03485292196273804, -0.7496000528335571, 1.6813715696334839, 0.7613896131515503, 1.7295043468475342, 0.4301513135433197, -2.4056525230407715, -1.0203609466552734, 1.0, 1.0, 1.0, 1.0, 1.0, 1.0, 0.0, 1.0, 1.0, 1.0, 1.0, 1.0]"
334,3.4206816053483635e-05,0.0,254.5929412841797,0.0,0.0,0.0,0.0,0.0,0.0,5.1366685511311516e-05,0.0,382.3096923828125,0.6726311445236206,0.05229516699910164,-0.0491296760737896,-0.2980131506919861,-0.3640609383583069,-0.002807005075737834,0.12017875909805298,0.2629852592945099,-0.5360613465309143,1.1613203287124634,-0.48512721061706543,-0.265503466129303,0.815007209777832,-1.8006619215011597,0.5742403268814087,"[0.6726311445236206, 0.05229516699910164, -0.0491296760737896, 0.22355319559574127, -0.06063385680317879, -0.03700612112879753, -0.053720951080322266, -0.008080091327428818, -0.9985232949256897, 0.699999988079071, 0.0, 0.0, -0.2980131506919861, -0.3640609383583069, -0.002807005075737834, 0.12017875909805298, -0.1370147466659546, -0.13606134057044983, 1.3113021850585938e-06, -0.08512720465660095, 0.534496545791626, 0.015007197856903076, -1.000661849975586, -0.22575968503952026, -0.27656692266464233, -1.3585301637649536, -1.9664376974105835, -0.2963505983352661, 1.3138691186904907, -1.75775945186615, -9.798654355108738e-05, 0.4691559672355652, -0.4017651677131653, 4.079699516296387, -4.496395111083984, 1.031235933303833, -0.5458916425704956, -0.6049013733863831, -0.4861472547054291, 0.42383190989494324, -0.058516502380371094, -0.8683806657791138, 1.6129984855651855, 0.4631270468235016, 1.5926769971847534, 0.385151743888855, -2.5547101497650146, -0.7997653484344482, 1.0, 1.0, 1.0, 1.0, 1.0, 1.0, 0.0, 1.0, 1.0, 1.0, 1.0, 1.0]"
335,4.164229176240042e-05,0.0,309.93341064453125,0.0,0.0,0.0,0.0,0.0,0.0,4.006414019386284e-05,0.0,298.1875915527344,0.6679450273513794,0.05772756040096283,-0.031560953706502914,-0.3007589876651764,-0.3830413818359375,-0.045099709182977676,0.11749842017889023,0.2858836352825165,-0.5754951238632202,1.1613216400146484,-0.4684946835041046,-0.26569485664367676,0.8725627660751343,-1.889398455619812,0.5867393016815186,"[0.6679450273513794, 0.05772756040096283, -0.031560953706502914, -0.05042760446667671, -0.19895429909229279, 0.012583986856043339, -0.056413937360048294, -0.009391788393259048, -0.998363196849823, 0.699999988079071, 0.0, 0.0, -0.3007589876651764, -0.3830413818359375, -0.045099709182977676, 0.11749842017889023, -0.114116370677948, -0.17549511790275574, 2.6226043701171875e-06, -0.06849467754364014, 0.5343051552772522, 0.07256275415420532, -1.0893983840942383, -0.2132607102394104, -0.029970908537507057, -0.6267985701560974, -2.026123046875, -0.006422586739063263, 1.124569296836853, -2.0240495204925537, -0.0006455807015299797, 0.7118256092071533, 0.13764218986034393, 1.9514002799987793, -4.013564109802246, 0.8944186568260193, -0.6308624148368835, -0.6444010138511658, -0.48262277245521545, 0.2948022782802582, -0.20487964153289795, -0.7658915519714355, 1.7333457469940186, 0.5798370838165283, 1.6477059125900269, 0.3227015733718872, -2.506021499633789, -0.9868652820587158, 1.0, 1.0, 1.0, 1.0, 1.0, 1.0, 0.0, 1.0, 1.0, 1.0, 1.0, 1.0]"
