Time,LF_FOOT_X,LF_FOOT_Y,LF_FOOT_Z,LH_FOOT_X,LH_FOOT_Y,LH_FOOT_Z,RF_FOOT_X,RF_FOOT_Y,RF_FOOT_Z,RH_FOOT_X,RH_FOOT_Y,RH_FOOT_Z,Base_lin_vel_X,Base_lin_vel_Y,Base_lin_vel_Z,joint0_pos,joint1_pos,joint2_pos,joint3_pos,joint4_pos,joint5_pos,joint6_pos,joint7_pos,joint8_pos,joint9_pos,joint10_pos,joint11_pos,base_height,obs
1,2.9499855372705497e-05,0.0,219.56021118164062,0.0,0.0,0.0,3.5402164940023795e-05,0.0,263.4896545410156,0.0,0.0,0.0,0.378337025642395,-0.26201096177101135,0.21614187955856323,0.007627620827406645,-0.0329461544752121,0.0022832758259028196,0.004640555940568447,0.5414942502975464,-0.30506911873817444,0.5703299045562744,-0.29634419083595276,-0.723166823387146,1.0618388652801514,-0.8063615560531616,0.6805446743965149,"[0.378337025642395, -0.26201096177101135, 0.21614187955856323, 0.3106757402420044, 0.06991304457187653, -0.0964166596531868, 0.0035081012174487114, -0.004242877941578627, -0.9999851584434509, 0.699999988079071, 0.0, 0.0, 0.007627620827406645, -0.0329461544752121, 0.0022832758259028196, 0.004640555940568447, 0.1414942443370819, 0.09493088722229004, 0.17032989859580994, 0.10365581512451172, 0.07683318853378296, 0.2618388533592224, -0.006361544132232666, -0.11945533752441406, 0.18557210266590118, -3.1129097938537598, 0.26048168540000916, 0.11114180833101273, 2.583158493041992, -2.7560153007507324, 0.8548665046691895, -2.7770912647247314, -3.502849817276001, -5.738933086395264, -0.678876519203186, 2.4660255908966064, -0.11677412688732147, -1.4734256267547607, 0.5394223928451538, 0.15932753682136536, -0.4639018177986145, -2.7138705253601074, -0.6560204029083252, -1.3568917512893677, -0.749459981918335, -1.4802947044372559, 0.6911916732788086, 0.025669418275356293, 1.0, 1.0, 1.0, 1.0, 1.0, 1.0, 1.0, 1.0, 1.0, 1.0, 1.0, 1.0]"
2,0.0,0.0,0.0,0.0,0.0,0.0,3.4358650736976415e-05,0.0,255.72305297851562,0.0,0.0,0.0,0.18364042043685913,-0.2413332313299179,0.1764248013496399,0.015723157674074173,-0.11441759765148163,0.017807846888899803,0.05288747698068619,0.5871203541755676,-0.4133146405220032,0.5668061375617981,-0.4053288996219635,-0.8266857862472534,0.9223440885543823,-0.7910983562469482,0.7770419120788574,"[0.18364042043685913, -0.2413332313299179, 0.1764248013496399, -1.0752007961273193, -0.009580091573297977, 0.03141478821635246, 0.004916153382509947, 0.0024497308768332005, -0.9999846816062927, 0.699999988079071, 0.0, 0.0, 0.015723157674074173, -0.11441759765148163, 0.017807846888899803, 0.05288747698068619, 0.18712034821510315, -0.013314634561538696, 0.16680613160133362, -0.0053288936614990234, -0.026685774326324463, 0.12234407663345337, 0.008901655673980713, -0.022958099842071533, 0.4575144648551941, -3.947991371154785, 1.4190990924835205, 4.700950622558594, 2.516911745071411, -6.437142372131348, -0.25247055292129517, -6.661001205444336, -7.488851547241211, -6.922123908996582, 0.973507285118103, 7.463107585906982, -1.27920663356781, -0.8456264138221741, 0.02235456183552742, 2.128927707672119, 2.042153835296631, -0.6225887537002563, -0.12017634510993958, -2.981351613998413, -0.7098204493522644, -1.087875485420227, 0.7610018253326416, 1.2530949115753174, 1.0, 1.0, 1.0, 1.0, 1.0, 1.0, 1.0, 1.0, 1.0, 1.0, 1.0, 1.0]"
3,0.0,0.0,0.0,2.69013562501641e-05,0.0,200.22019958496094,2.1044108507339843e-05,0.0,156.62615966796875,0.0,0.0,0.0,0.23086412250995636,-0.23039966821670532,0.09295792877674103,-0.01327794324606657,-0.17944714426994324,0.048221390694379807,0.18201081454753876,0.6573715806007385,-0.5164312124252319,0.5559703707695007,-0.5440420508384705,-0.9379221796989441,0.902201235294342,-0.7511948943138123,0.9215025305747986,"[0.23086412250995636, -0.23039966821670532, 0.09295792877674103, -1.181600570678711, -0.4834500253200531, 0.08258555829524994, -0.0011600377038121223, 0.027498256415128708, -0.9996213316917419, 0.699999988079071, 0.0, 0.0, -0.01327794324606657, -0.17944714426994324, 0.048221390694379807, 0.18201081454753876, 0.25737157464027405, -0.11643120646476746, 0.15597036480903625, -0.14404204487800598, -0.13792216777801514, 0.10220122337341309, 0.0488051176071167, 0.12150251865386963, -2.6567561626434326, -1.9958930015563965, 1.4698010683059692, 7.035567760467529, 4.120737552642822, -2.9904704093933105, -0.4213440418243408, -6.874029159545898, -2.8374905586242676, 3.077626943588257, 2.210341453552246, 6.421444892883301, -0.3056250512599945, -0.8731639981269836, 1.5909528732299805, 1.1542493104934692, 1.2941445112228394, 1.2807400226593018, 0.7202242612838745, -1.3288445472717285, -0.2352926880121231, -0.6468210220336914, 1.0042967796325684, 0.3647559583187103, 1.0, 1.0, 1.0, 1.0, 1.0, 1.0, 1.0, 1.0, 1.0, 1.0, 1.0, 1.0]"
4,0.0,0.0,0.0,6.41265360172838e-05,0.0,477.27813720703125,1.7161570212920196e-05,0.0,127.7293701171875,0.0,0.0,0.0,0.35455557703971863,-0.25849780440330505,0.047114286571741104,-0.0866222158074379,-0.1607949435710907,0.07741625607013702,0.3275182545185089,0.7544638514518738,-0.5087795257568359,0.5508385300636292,-0.6688121557235718,-0.9398987293243408,0.9249486923217773,-0.7059829831123352,0.9452018737792969,"[0.35455557703971863, -0.25849780440330505, 0.047114286571741104, -0.7966191172599792, -0.5558393597602844, -0.026553716510534286, -0.01312260888516903, 0.04958684369921684, -0.9986836910247803, 0.699999988079071, 0.0, 0.0, -0.0866222158074379, -0.1607949435710907, 0.07741625607013702, 0.3275182545185089, 0.3544638454914093, -0.10877951979637146, 0.15083852410316467, -0.2688121497631073, -0.13989871740341187, 0.12494868040084839, 0.09401702880859375, 0.14520186185836792, -4.475797653198242, 1.0336233377456665, 1.15950608253479, 6.881168842315674, 5.016164302825928, 0.2540292739868164, -0.15885932743549347, -5.72062873840332, 0.47775304317474365, 0.9872551560401917, 2.105048418045044, -1.5916807651519775, -1.0517927408218384, -0.18198463320732117, 1.2109817266464233, 0.6153335571289062, 0.9697360396385193, 0.9728349447250366, 0.45512154698371887, -0.8816297054290771, -0.2538008689880371, -0.31290534138679504, 1.0388026237487793, 0.15417608618736267, 1.0, 1.0, 1.0, 1.0, 1.0, 1.0, 1.0, 1.0, 1.0, 1.0, 1.0, 1.0]"
5,0.0,0.0,0.0,4.528005592874251e-05,0.0,337.0083923339844,1.7083242710214108e-05,0.0,127.1463851928711,0.0,0.0,0.0,0.4512857496738434,-0.22522993385791779,0.04614076390862465,-0.19609765708446503,-0.14724119007587433,0.09291111677885056,0.42346206307411194,0.8435052633285522,-0.48790428042411804,0.5540809631347656,-0.7497442364692688,-0.9096607565879822,0.9372959733009338,-0.6712684035301208,0.9443081617355347,"[0.4512857496738434, -0.22522993385791779, 0.04614076390862465, -0.19280588626861572, -0.5314512848854065, -0.08181537687778473, -0.024532873183488846, 0.05755195394158363, -0.9980409145355225, 0.699999988079071, 0.0, 0.0, -0.19609765708446503, -0.14724119007587433, 0.09291111677885056, 0.42346206307411194, 0.44350525736808777, -0.08790427446365356, 0.15408095717430115, -0.3497442305088043, -0.10966074466705322, 0.13729596138000488, 0.1287316083908081, 0.1443081498146057, -5.847066402435303, 0.4081736207008362, 0.5444979667663574, 3.1101930141448975, 3.853116512298584, 0.9032584428787231, 0.16572000086307526, -2.3575594425201416, 1.9782317876815796, 1.2774391174316406, 1.7225205898284912, -4.357677936553955, -0.6497600674629211, -0.5747314691543579, 1.1825158596038818, 0.15304264426231384, 0.8518953323364258, 0.5468864440917969, 0.5141863822937012, -0.04597637057304382, -0.2528523802757263, -0.5264741778373718, 0.8308818936347961, -0.15434560179710388, 1.0, 1.0, 1.0, 1.0, 1.0, 1.0, 1.0, 1.0, 1.0, 1.0, 1.0, 1.0]"
6,0.0,0.0,0.0,2.607251371955499e-05,0.0,194.05133056640625,1.6778247299953364e-05,0.0,124.87638854980469,1.867972605396062e-05,0.0,139.02862548828125,0.5150200128555298,-0.22013074159622192,0.035205304622650146,-0.29958927631378174,-0.13796864449977875,0.10598834604024887,0.4432353973388672,0.8969425559043884,-0.4610505998134613,0.5605193376541138,-0.757145881652832,-0.8847413063049316,0.9399566054344177,-0.6431566476821899,0.9543169140815735,"[0.5150200128555298, -0.22013074159622192, 0.035205304622650146, -0.443523108959198, -0.32763412594795227, -0.16041958332061768, -0.03359809145331383, 0.06284224987030029, -0.9974576234817505, 0.699999988079071, 0.0, 0.0, -0.29958927631378174, -0.13796864449977875, 0.10598834604024887, 0.4432353973388672, 0.49694254994392395, -0.061050593852996826, 0.1605193316936493, -0.35714587569236755, -0.08474129438400269, 0.13995659351348877, 0.156843364238739, 0.15431690216064453, -4.375133991241455, 0.6184024214744568, 0.8444814085960388, 0.8085894584655762, 1.9459331035614014, 1.1743577718734741, 0.3215184509754181, 1.063645362854004, 0.7063280344009399, 0.2484125941991806, 1.252255916595459, 0.3961699604988098, -0.7529012560844421, -0.3797434866428375, 0.5822040438652039, 0.25741448998451233, 1.0804649591445923, 0.0016809403896331787, 0.4689873158931732, 0.08131352066993713, -0.21333910524845123, -0.35384371876716614, 0.8765483498573303, -0.2493343949317932, 1.0, 1.0, 1.0, 1.0, 1.0, 1.0, 1.0, 1.0, 1.0, 1.0, 1.0, 1.0]"
7,0.0,0.0,0.0,1.4486046893580351e-05,0.0,107.81610107421875,1.978022737603169e-05,0.0,147.21939086914062,2.787212360999547e-05,0.0,207.44540405273438,0.540661633014679,-0.2165321409702301,0.0323181189596653,-0.35690584778785706,-0.118309386074543,0.1301744133234024,0.46246853470802307,0.9170516133308411,-0.43418076634407043,0.5667943358421326,-0.7290853261947632,-0.8789808750152588,0.9317022562026978,-0.6253967881202698,0.9422746300697327,"[0.540661633014679, -0.2165321409702301, 0.0323181189596653, -0.8272152543067932, 0.049461424350738525, -0.19388751685619354, -0.03552517294883728, 0.07850243896245956, -0.9962807893753052, 0.699999988079071, 0.0, 0.0, -0.35690584778785706, -0.118309386074543, 0.1301744133234024, 0.46246853470802307, 0.5170515775680542, -0.03418076038360596, 0.1667943298816681, -0.3290853202342987, -0.07898086309432983, 0.1317022442817688, 0.17460322380065918, 0.1422746181488037, -2.250943660736084, 1.0141700506210327, 1.2565062046051025, 0.970971405506134, 0.5345293879508972, 1.3778953552246094, 0.42415502667427063, 1.3530981540679932, -0.11254489421844482, -0.7021852731704712, 0.49462324380874634, -0.706271231174469, -0.691906213760376, -0.5846467018127441, 0.18537279963493347, 0.49448132514953613, 0.8923556804656982, 0.012339025735855103, 0.5501506328582764, -0.45986631512641907, -0.30632108449935913, -0.45093345642089844, 0.8470316529273987, -0.16430872678756714, 1.0, 1.0, 1.0, 1.0, 1.0, 1.0, 1.0, 1.0, 1.0, 1.0, 1.0, 1.0]"
8,0.0,0.0,0.0,1.9238148524891585e-05,0.0,143.18482971191406,2.8801125154132023e-05,0.0,214.3597412109375,6.8507779360516e-06,0.0,50.98866653442383,0.5492024421691895,-0.1722501963376999,-0.0017286227084696293,-0.3961663246154785,-0.10685726255178452,0.1462998390197754,0.4724114239215851,0.9152149558067322,-0.40374016761779785,0.5814682841300964,-0.705122709274292,-0.8975822925567627,0.9084487557411194,-0.6286149621009827,0.928459107875824,"[0.5492024421691895, -0.1722501963376999, -0.0017286227084696293, -0.1232089251279831, 0.1967417448759079, -0.19271118938922882, -0.032548870891332626, 0.08645069599151611, -0.9957244992256165, 0.699999988079071, 0.0, 0.0, -0.3961663246154785, -0.10685726255178452, 0.1462998390197754, 0.4724114239215851, 0.5152149200439453, -0.003740161657333374, 0.18146827816963196, -0.3051227033138275, -0.09758228063583374, 0.10844874382019043, 0.1713850498199463, 0.12845909595489502, -1.844403624534607, 0.27596303820610046, 0.5206843018531799, 0.21683622896671295, -0.3824669420719147, 1.5303044319152832, 1.0001941919326782, 1.102262258529663, -1.514966368675232, -1.2289882898330688, -0.6429227590560913, -0.5766434669494629, -0.6002644300460815, -0.4973083436489105, 0.07437250018119812, 0.6835098266601562, 1.135054111480713, 0.0911741554737091, 0.3137958347797394, -0.848572850227356, -0.43737393617630005, -0.6935755014419556, 0.8698173761367798, 0.11498590558767319, 1.0, 1.0, 1.0, 1.0, 1.0, 1.0, 1.0, 1.0, 1.0, 1.0, 1.0, 1.0]"
9,0.0,0.0,0.0,2.779168789857067e-05,0.0,206.84674072265625,4.092922972631641e-05,0.0,304.6262512207031,0.0,0.0,0.0,0.5403279066085815,-0.1444636583328247,-0.04367794096469879,-0.4239345192909241,-0.10787146538496017,0.1507931351661682,0.4715258479118347,0.9042426943778992,-0.37184426188468933,0.6046274900436401,-0.6959973573684692,-0.9441186785697937,0.8821685910224915,-0.6456594467163086,0.9349377751350403,"[0.5403279066085815, -0.1444636583328247, -0.04367794096469879, 0.23229674994945526, 0.12577326595783234, -0.20318904519081116, -0.029592517763376236, 0.08317680656909943, -0.9960952997207642, 0.699999988079071, 0.0, 0.0, -0.4239345192909241, -0.10787146538496017, 0.1507931351661682, 0.4715258479118347, 0.5042426586151123, 0.028155744075775146, 0.20462748408317566, -0.29599735140800476, -0.14411866664886475, 0.0821685791015625, 0.15434056520462036, 0.13493776321411133, -1.037583827972412, -0.1712506115436554, 0.32479286193847656, 0.017435677349567413, -0.505096435546875, 1.3649009466171265, 1.4145563840866089, -0.1942785531282425, -3.1659908294677734, -0.8528092503547668, -1.4911011457443237, 1.6591904163360596, -0.5097617506980896, -0.5525964498519897, -0.06738309562206268, 0.8852355480194092, 1.2359241247177124, 0.2975161373615265, 0.2316504269838333, -1.2657749652862549, -0.7273032069206238, -0.7682815790176392, 0.8573021292686462, 0.42069533467292786, 1.0, 1.0, 1.0, 1.0, 1.0, 1.0, 1.0, 1.0, 1.0, 1.0, 1.0, 1.0]"
10,0.0,0.0,0.0,2.8846356144640595e-05,0.0,214.6963653564453,3.8074453186709434e-05,0.0,283.37884521484375,0.0,0.0,0.0,0.536162793636322,-0.13151484727859497,-0.06894433498382568,-0.4302683174610138,-0.11199919879436493,0.15319204330444336,0.47908052802085876,0.8971914052963257,-0.34179508686065674,0.6294420957565308,-0.7227896451950073,-1.0193058252334595,0.862241268157959,-0.6631636619567871,0.9899005889892578,"[0.536162793636322, -0.13151484727859497, -0.06894433498382568, 0.26335376501083374, 0.06415746361017227, -0.22039225697517395, -0.028250619769096375, 0.07800424098968506, -0.9965527057647705, 0.699999988079071, 0.0, 0.0, -0.4302683174610138, -0.11199919879436493, 0.15319204330444336, 0.47908052802085876, 0.4971913993358612, 0.05820491909980774, 0.22944208979606628, -0.32278963923454285, -0.21930581331253052, 0.06224125623703003, 0.13683634996414185, 0.18990057706832886, 0.0903458222746849, -0.26126745343208313, 0.21345335245132446, 0.5214739441871643, -0.2994861900806427, 1.3024070262908936, 1.3625808954238892, -1.8358267545700073, -3.7599711418151855, -0.6603087186813354, -1.2071993350982666, 2.3730661869049072, -0.5359889268875122, -0.3835505545139313, 0.04253299906849861, 0.8298519849777222, 1.2097996473312378, 0.3597427308559418, 0.25046396255493164, -1.2868642807006836, -0.8298723697662354, -0.7480829954147339, 0.7927566766738892, 0.5304899215698242, 1.0, 1.0, 1.0, 1.0, 1.0, 1.0, 1.0, 1.0, 1.0, 1.0, 1.0, 1.0]"
11,0.0,0.0,0.0,3.0950683139963076e-05,0.0,230.35836791992188,3.724194903043099e-05,0.0,277.1827087402344,0.0,0.0,0.0,0.5508847236633301,-0.1105545163154602,-0.08538662642240524,-0.4197239577770233,-0.11894507706165314,0.15321432054042816,0.4873209595680237,0.8919945359230042,-0.3116379380226135,0.6552297472953796,-0.7701844573020935,-1.0818480253219604,0.8445079326629639,-0.6796005368232727,1.0233625173568726,"[0.5508847236633301, -0.1105545163154602, -0.08538662642240524, 0.40911221504211426, 0.006611077580600977, -0.21087037026882172, -0.02804526500403881, 0.07095597684383392, -0.99708491563797, 0.699999988079071, 0.0, 0.0, -0.4197239577770233, -0.11894507706165314, 0.15321432054042816, 0.4873209595680237, 0.4919945299625397, 0.08836206793785095, 0.25522974133491516, -0.37018445134162903, -0.2818480134010315, 0.04450792074203491, 0.12039947509765625, 0.2233625054359436, 0.7602483630180359, -0.43895503878593445, -0.07737915962934494, 0.2415347397327423, -0.34146392345428467, 1.3030632734298706, 1.410466194152832, -2.522243022918701, -2.105872869491577, -0.48023396730422974, -0.9455874562263489, 1.038903832435608, -0.5724236369132996, -0.2961815595626831, 0.22379429638385773, 0.7647874355316162, 1.153637409210205, 0.43512091040611267, 0.2675532400608063, -1.1883790493011475, -0.6434473991394043, -0.7332475185394287, 0.7574687600135803, 0.39757415652275085, 1.0, 1.0, 1.0, 1.0, 1.0, 1.0, 1.0, 1.0, 1.0, 1.0, 1.0, 1.0]"
12,0.0,0.0,0.0,3.079425368923694e-05,0.0,229.194091796875,3.2288171496475115e-05,0.0,240.31298828125,0.0,0.0,0.0,0.5820777416229248,-0.09440528601408005,-0.09578698128461838,-0.39680245518684387,-0.12670743465423584,0.15196509659290314,0.48336291313171387,0.8828037977218628,-0.2804047465324402,0.6813269853591919,-0.8151599764823914,-1.0845118761062622,0.8283607959747314,-0.6929399371147156,1.0080996751785278,"[0.5820777416229248, -0.09440528601408005, -0.09578698128461838, 0.32940974831581116, -0.03540093079209328, -0.1780472844839096, -0.02888745814561844, 0.06356140971183777, -0.9975594878196716, 0.699999988079071, 0.0, 0.0, -0.39680245518684387, -0.12670743465423584, 0.15196509659290314, 0.48336291313171387, 0.4828037917613983, 0.11959525942802429, 0.2813269793987274, -0.4151599705219269, -0.28451186418533325, 0.02836078405380249, 0.10706007480621338, 0.20809966325759888, 1.3713364601135254, -0.3721695840358734, -0.014628954231739044, -0.5239368081092834, -0.5910542011260986, 1.3356990814208984, 1.3604142665863037, -1.8840943574905396, 1.2681306600570679, -0.383872926235199, -0.7346498370170593, -2.2169082164764404, -0.5247475504875183, -0.3672172427177429, 0.38287410140037537, 0.7059431076049805, 1.0440908670425415, 0.45820048451423645, 0.3019680976867676, -0.9550423622131348, -0.34622347354888916, -0.7362780570983887, 0.6765577793121338, 0.10180556029081345, 1.0, 1.0, 1.0, 1.0, 1.0, 1.0, 1.0, 1.0, 1.0, 1.0, 1.0, 1.0]"
13,0.0,0.0,0.0,2.5595130864530802e-05,0.0,190.49830627441406,2.50019074883312e-05,0.0,186.0830841064453,0.0,0.0,0.0,0.6213476061820984,-0.08022000640630722,-0.12040095776319504,-0.36337003111839294,-0.13176147639751434,0.1528063267469406,0.4625403583049774,0.8675770163536072,-0.24910619854927063,0.7067599296569824,-0.836277425289154,-1.0234225988388062,0.8147763013839722,-0.7021154165267944,0.9361557960510254,"[0.6213476061820984, -0.08022000640630722, -0.12040095776319504, 0.1837201714515686, -0.03909613937139511, -0.1551072746515274, -0.03005809336900711, 0.05918358266353607, -0.997794508934021, 0.699999988079071, 0.0, 0.0, -0.36337003111839294, -0.13176147639751434, 0.1528063267469406, 0.4625403583049774, 0.4675770103931427, 0.15089380741119385, 0.30675992369651794, -0.4362774193286896, -0.2234225869178772, 0.014776289463043213, 0.09788459539413452, 0.13615578413009644, 1.803701639175415, -0.24469110369682312, 0.06641913950443268, -1.447227954864502, -0.9608834981918335, 1.3869295120239258, 1.3615361452102661, -0.3713863492012024, 4.357851982116699, -0.351818323135376, -0.5430066585540771, -4.886763095855713, -0.5449709892272949, -0.4767344295978546, 0.5218698978424072, 0.6221292018890381, 0.8304349184036255, 0.3017113506793976, 0.47573643922805786, -0.4410909116268158, 0.07791268825531006, -0.6854778528213501, 0.47408950328826904, -0.37015867233276367, 1.0, 1.0, 1.0, 1.0, 1.0, 1.0, 1.0, 1.0, 1.0, 1.0, 1.0, 1.0]"
14,0.0,0.0,0.0,7.924008059490006e-06,0.0,58.9764518737793,8.337060535268392e-06,0.0,62.05070495605469,3.8619131373707205e-05,0.0,287.4327392578125,0.6401416063308716,-0.08581437915563583,-0.16072069108486176,-0.3228018879890442,-0.13270379602909088,0.157545268535614,0.4573580026626587,0.8414438366889954,-0.22090527415275574,0.7347232699394226,-0.836205005645752,-0.9157631397247314,0.8018668293952942,-0.7172282338142395,0.9429464340209961,"[0.6401416063308716, -0.08581437915563583, -0.16072069108486176, -0.12087752670049667, 0.21781611442565918, -0.12435899674892426, -0.028538543730974197, 0.05888138711452484, -0.9978571534156799, 0.699999988079071, 0.0, 0.0, -0.3228018879890442, -0.13270379602909088, 0.157545268535614, 0.4573580026626587, 0.4414438307285309, 0.17909473180770874, 0.33472326397895813, -0.4362049996852875, -0.11576312780380249, 0.0018668174743652344, 0.08277177810668945, 0.14294642210006714, 2.1554861068725586, 0.07643122971057892, 0.360693097114563, 0.26263535022735596, -1.6132858991622925, 1.2384034395217896, 1.5044536590576172, 0.38725489377975464, 5.914577960968018, -0.16283440589904785, -1.1361232995986938, 0.7605023980140686, -0.6266651749610901, -0.7300504446029663, 0.5932344198226929, 0.6965757608413696, 0.3540455102920532, -0.7963250875473022, 0.9526877403259277, 0.1449151337146759, 0.5575212836265564, -0.3825242817401886, -0.11535106599330902, -0.7848820686340332, 1.0, 1.0, 1.0, 1.0, 1.0, 1.0, 1.0, 1.0, 1.0, 1.0, 1.0, 1.0]"
15,5.413730104919523e-05,0.0,402.9306945800781,0.0,0.0,0.0,0.0,0.0,0.0,4.860300396103412e-05,0.0,361.74029541015625,0.6080523729324341,-0.0535876490175724,-0.09484508633613586,-0.32616862654685974,-0.15424615144729614,0.17022080719470978,0.4539589583873749,0.8642242550849915,-0.2300722301006317,0.7703582644462585,-0.8284341096878052,-0.9269305467605591,0.8058023452758789,-0.7735385298728943,0.9538936018943787,"[0.6080523729324341, -0.0535876490175724, -0.09484508633613586, 0.423328161239624, 0.4140282869338989, -0.12027667462825775, -0.021791530773043633, 0.053896889090538025, -0.9983086585998535, 0.699999988079071, 0.0, 0.0, -0.32616862654685974, -0.15424615144729614, 0.17022080719470978, 0.4539589583873749, 0.464224249124527, 0.16992777585983276, 0.37035825848579407, -0.4284341037273407, -0.12693053483963013, 0.005802333354949951, 0.026461482048034668, 0.1538935899734497, -0.39282944798469543, -1.8745077848434448, 1.1934218406677246, -0.35204067826271057, 1.2873592376708984, -2.242542266845703, 2.1029505729675293, 0.23649227619171143, -0.9121125340461731, 1.5050104856491089, -4.707446098327637, 0.5568495988845825, -0.9816530346870422, -0.6050488352775574, 1.0488728284835815, 0.3411712348461151, 0.0714154839515686, -2.1317036151885986, 1.091946005821228, 0.15273213386535645, 0.5346451997756958, 0.5046675801277161, -0.843545138835907, -0.2094549834728241, 1.0, 1.0, 1.0, 1.0, 1.0, 1.0, 1.0, 1.0, 1.0, 1.0, 1.0, 1.0]"
16,4.43037279183045e-05,0.0,329.7418212890625,0.0,0.0,0.0,0.0,0.0,0.0,4.707161133410409e-05,0.0,350.3424987792969,0.5527021884918213,-0.059206314384937286,-0.0225976575165987,-0.3360866904258728,-0.20711646974086761,0.2182968258857727,0.44423243403434753,0.880453884601593,-0.3304848372936249,0.8183989524841309,-0.8179095387458801,-0.9346700310707092,0.8872237205505371,-0.8766636252403259,0.9547609686851501,"[0.5527021884918213, -0.059206314384937286, -0.0225976575165987, 0.5750535726547241, 0.4196757376194, -0.03744244575500488, -0.013177906163036823, 0.04279562085866928, -0.998996913433075, 0.699999988079071, 0.0, 0.0, -0.3360866904258728, -0.20711646974086761, 0.2182968258857727, 0.44423243403434753, 0.48045387864112854, 0.0695151686668396, 0.4183989465236664, -0.41790953278541565, -0.13467001914978027, 0.08722370862960815, -0.07666361331939697, 0.1547609567642212, -0.5181349515914917, -2.886338949203491, 3.1002588272094727, -0.5038191080093384, 0.7983063459396362, -6.029505252838135, 2.52091908454895, 0.3675313889980316, -0.3637576401233673, 4.291885852813721, -5.090285301208496, 0.20592588186264038, -0.5102303624153137, -0.55433189868927, 0.6378258466720581, 0.4602198898792267, 0.616949737071991, -1.3380839824676514, 1.2643557786941528, 0.20642033219337463, 0.48167943954467773, 1.0379791259765625, -1.1773502826690674, -0.19820907711982727, 1.0, 1.0, 1.0, 1.0, 1.0, 1.0, 1.0, 1.0, 1.0, 1.0, 1.0, 1.0]"
17,3.5233504604548216e-05,0.0,262.2343444824219,0.0,0.0,0.0,0.0,0.0,0.0,4.037142207380384e-05,0.0,300.474609375,0.5508064031600952,-0.06519760936498642,-0.013048680499196053,-0.34578704833984375,-0.2667735815048218,0.29003217816352844,0.4347381889820099,0.8919531106948853,-0.464847207069397,0.8710821866989136,-0.8052264451980591,-0.933630108833313,0.9804961085319519,-0.994219183921814,0.9544504880905151,"[0.5508064031600952, -0.06519760936498642, -0.013048680499196053, 0.5229783654212952, 0.3033592700958252, -0.016782017424702644, -0.006237295921891928, 0.031186923384666443, -0.9994940757751465, 0.699999988079071, 0.0, 0.0, -0.34578704833984375, -0.2667735815048218, 0.29003217816352844, 0.4347381889820099, 0.4919531047344208, -0.0648472011089325, 0.4710821807384491, -0.4052264392375946, -0.13363009691238403, 0.18049609661102295, -0.194219172000885, 0.15445047616958618, -0.42518913745880127, -3.015705108642578, 3.6739156246185303, -0.41158682107925415, 0.5606589913368225, -7.0190110206604, 2.521453380584717, 0.3878226578235626, 0.14318935573101044, 5.271557807922363, -6.1736626625061035, 0.3679335117340088, -0.36773446202278137, -0.7197210192680359, 0.6608977317810059, 0.4824973940849304, 0.6436334252357483, -1.1567347049713135, 1.0742732286453247, 0.19146382808685303, 0.4631487727165222, 1.0867581367492676, -1.2106820344924927, -0.12765803933143616, 1.0, 1.0, 1.0, 1.0, 1.0, 1.0, 1.0, 1.0, 1.0, 1.0, 1.0, 1.0]"
18,3.2429947168566287e-05,0.0,241.36814880371094,0.0,0.0,0.0,0.0,0.0,0.0,4.1596649680286646e-05,0.0,309.59368896484375,0.56955486536026,-0.06011117249727249,-0.007448607590049505,-0.3518761694431305,-0.3271656036376953,0.3520933985710144,0.42853328585624695,0.9032716751098633,-0.6017589569091797,0.9059054255485535,-0.7910800576210022,-0.9277698397636414,1.0802825689315796,-1.0998995304107666,0.9563798904418945,"[0.56955486536026, -0.06011117249727249, -0.007448607590049505, 0.30966460704803467, 0.19637008011341095, -0.04369506239891052, -0.0017492057522758842, 0.022845204919576645, -0.9997372627258301, 0.699999988079071, 0.0, 0.0, -0.3518761694431305, -0.3271656036376953, 0.3520933985710144, 0.42853328585624695, 0.5032716989517212, -0.2017589509487152, 0.5059053897857666, -0.3910800516605377, -0.1277698278427124, 0.28028255701065063, -0.29989951848983765, 0.15637987852096558, -0.19975237548351288, -2.972161293029785, 2.5976996421813965, -0.2228594273328781, 0.5188632011413574, -6.62516450881958, 1.1041569709777832, 0.4937950670719147, 0.4134864807128906, 4.315445423126221, -4.372798442840576, 0.4149430990219116, -0.3571877181529999, -0.7304062843322754, 0.502795398235321, 0.5148943662643433, 0.679629921913147, -1.1940264701843262, 1.0175799131393433, 0.2158370316028595, 0.5172544121742249, 1.0585108995437622, -1.0925081968307495, -0.2031784951686859, 1.0, 1.0, 1.0, 1.0, 1.0, 1.0, 1.0, 1.0, 1.0, 1.0, 1.0, 1.0]"
19,3.460756488493644e-05,0.0,257.57562255859375,0.0,0.0,0.0,0.0,0.0,0.0,4.1846004023682326e-05,0.0,311.4495849609375,0.5958011150360107,-0.05204085260629654,0.012539899908006191,-0.3540380299091339,-0.3835862874984741,0.3806995749473572,0.4255068302154541,0.9142081141471863,-0.7243064641952515,0.9072235226631165,-0.7734549045562744,-0.917850911617279,1.142988681793213,-1.1555606126785278,0.956515371799469,"[0.5958011150360107, -0.05204085260629654, 0.012539899908006191, 0.14994049072265625, 0.1392357349395752, -0.040035344660282135, 0.0012785454746335745, 0.018467199057340622, -0.9998286366462708, 0.699999988079071, 0.0, 0.0, -0.3540380299091339, -0.3835862874984741, 0.3806995749473572, 0.4255068302154541, 0.5142080783843994, -0.324306458234787, 0.5072234869003296, -0.37345489859580994, -0.1178508996963501, 0.34298866987228394, -0.3555606007575989, 0.15651535987854004, -0.045700542628765106, -2.6778154373168945, 0.7095360159873962, -0.08776717633008957, 0.4987097382545471, -5.821741580963135, -0.5356492400169373, 0.6999261975288391, 0.599349856376648, 2.5313031673431396, -1.743729591369629, 0.2651718854904175, -0.3665526807308197, -0.740571916103363, 0.34819716215133667, 0.5017138719558716, 0.56597900390625, -1.2895867824554443, 0.9691393375396729, 0.07462558150291443, 0.487479567527771, 1.0166325569152832, -0.9807314276695251, -0.25369954109191895, 1.0, 1.0, 1.0, 1.0, 1.0, 1.0, 1.0, 1.0, 1.0, 1.0, 1.0, 1.0]"
20,3.6449917388381436e-05,0.0,271.2878112792969,0.0,0.0,0.0,0.0,0.0,0.0,3.936628854717128e-05,0.0,292.99365234375,0.6279729008674622,-0.04973147436976433,0.034429535269737244,-0.3555178642272949,-0.4293818175792694,0.37332838773727417,0.4230230152606964,0.9230290651321411,-0.8265690207481384,0.8846396803855896,-0.7526431679725647,-0.9022654294967651,1.1753253936767578,-1.168562889099121,0.9547027349472046,"[0.6279729008674622, -0.04973147436976433, 0.034429535269737244, 0.19629983603954315, 0.0988364964723587, -0.011321079917252064, 0.003416274208575487, 0.014858679845929146, -0.9998834729194641, 0.699999988079071, 0.0, 0.0, -0.3555178642272949, -0.4293818175792694, 0.37332838773727417, 0.4230230152606964, 0.523029088973999, -0.42656901478767395, 0.4846396744251251, -0.3526431620121002, -0.10226541757583618, 0.37532538175582886, -0.36856287717819214, 0.15470272302627563, -0.08320166170597076, -1.974327564239502, -0.9272529482841492, -0.12444537878036499, 0.3796353042125702, -4.620394706726074, -1.4211524724960327, 0.8805039525032043, 0.906306803226471, 1.0526903867721558, -0.024933503940701485, 0.15038420259952545, -0.40217897295951843, -0.7501075267791748, 0.28239986300468445, 0.49173375964164734, 0.5060814619064331, -1.2615264654159546, 0.9251459836959839, -0.025559693574905396, 0.47021782398223877, 0.9490848779678345, -0.8191781640052795, -0.32459983229637146, 1.0, 1.0, 1.0, 1.0, 1.0, 1.0, 1.0, 1.0, 1.0, 1.0, 1.0, 1.0]"
21,3.489943264867179e-05,0.0,259.7479248046875,0.0,0.0,0.0,0.0,0.0,0.0,3.893890243489295e-05,0.0,289.8127136230469,0.6654432415962219,-0.05424435809254646,0.05728842690587044,-0.35872021317481995,-0.4556244909763336,0.34130141139030457,0.4186905026435852,0.9284822344779968,-0.8988599181175232,0.851559579372406,-0.7291658520698547,-0.8796074390411377,1.1821057796478271,-1.1565358638763428,0.9513660073280334,"[0.6654432415962219, -0.05424435809254646, 0.05728842690587044, 0.31408509612083435, 0.09293987601995468, 0.007987932302057743, 0.00508734118193388, 0.009158913977444172, -0.999945342540741, 0.699999988079071, 0.0, 0.0, -0.35872021317481995, -0.4556244909763336, 0.34130141139030457, 0.4186905026435852, 0.52848219871521, -0.4988599121570587, 0.45155957341194153, -0.32916584610939026, -0.07960742712020874, 0.3821057677268982, -0.3565358519554138, 0.1513659954071045, -0.1761501580476761, -0.8482842445373535, -1.9369385242462158, -0.2274426966905594, 0.2092650681734085, -2.9398884773254395, -1.8269109725952148, 1.0414456129074097, 1.2416902780532837, -0.38049232959747314, 1.212010383605957, 0.017486289143562317, -0.43846872448921204, -0.796646773815155, 0.23874537646770477, 0.5285712480545044, 0.5028102397918701, -1.1290247440338135, 0.8195216655731201, -0.019602999091148376, 0.44499361515045166, 0.7434150576591492, -0.5921548008918762, -0.4485454857349396, 1.0, 1.0, 1.0, 1.0, 1.0, 1.0, 1.0, 1.0, 1.0, 1.0, 1.0, 1.0]"
22,3.108896635239944e-05,0.0,231.3875732421875,0.0,0.0,0.0,0.0,0.0,0.0,3.657784327515401e-05,0.0,272.2399597167969,0.7036029696464539,-0.059308718889951706,0.07648984342813492,-0.36301639676094055,-0.4590420722961426,0.29546454548835754,0.41268470883369446,0.9312462210655212,-0.9353991746902466,0.8105495572090149,-0.7023453116416931,-0.8525415062904358,1.1513638496398926,-1.1145403385162354,0.9433861970901489,"[0.7036029696464539, -0.059308718889951706, 0.07648984342813492, 0.35337167978286743, 0.15585997700691223, 0.008096745237708092, 0.007537010125815868, 0.001967865042388439, -0.9999696612358093, 0.699999988079071, 0.0, 0.0, -0.36301639676094055, -0.4590420722961426, 0.29546454548835754, 0.41268470883369446, 0.5312461853027344, -0.5353991985321045, 0.4105495512485504, -0.30234530568122864, -0.052541494369506836, 0.3513638377189636, -0.3145403265953064, 0.14338618516921997, -0.20146504044532776, 0.264628529548645, -2.447411060333252, -0.28140509128570557, 0.11556623131036758, -1.1285176277160645, -2.2662649154663086, 1.2198565006256104, 1.3700248003005981, -2.648430109024048, 2.992535352706909, -0.26768702268600464, -0.5499283075332642, -0.7748550772666931, 0.2281823307275772, 0.6276309490203857, 0.4936957359313965, -0.937322735786438, 0.6063249111175537, -0.05533616244792938, 0.3825104236602783, 0.3940620720386505, -0.22198887169361115, -0.5541207194328308, 1.0, 1.0, 1.0, 1.0, 1.0, 1.0, 1.0, 1.0, 1.0, 1.0, 1.0, 1.0]"
23,2.5874805942294188e-05,0.0,192.57986450195312,0.0,0.0,0.0,0.0,0.0,0.0,3.0319921279442497e-05,0.0,225.66375732421875,0.737139105796814,-0.07007694244384766,0.07317213714122772,-0.3658485412597656,-0.4420424699783325,0.24757790565490723,0.40759748220443726,0.9341517686843872,-0.9387903809547424,0.7592203617095947,-0.6721874475479126,-0.8268086314201355,1.0756807327270508,-1.0337224006652832,0.9284700155258179,"[0.737139105796814, -0.07007694244384766, 0.07317213714122772, 0.19812600314617157, 0.2617088556289673, -0.0019511362770572305, 0.011816740967333317, -0.0037479232996702194, -0.9999232292175293, 0.699999988079071, 0.0, 0.0, -0.3658485412597656, -0.4420424699783325, 0.24757790565490723, 0.40759748220443726, 0.5341517925262451, -0.5387903451919556, 0.35922035574913025, -0.2721874415874481, -0.026808619499206543, 0.2756807208061218, -0.23372238874435425, 0.12847000360488892, -0.05486191809177399, 1.2751502990722656, -2.222229242324829, -0.16075223684310913, 0.2561742663383484, 0.43163907527923584, -2.772855043411255, 1.4479485750198364, 1.0933769941329956, -4.722478866577148, 4.76909875869751, -0.7319192290306091, -0.7309808135032654, -0.6596782207489014, 0.37845340371131897, 0.6951961517333984, 0.4982074499130249, -0.6567443609237671, 0.4129352867603302, -0.2911182940006256, 0.19125041365623474, -0.03873647004365921, 0.24432499706745148, -0.5330224633216858, 1.0, 1.0, 1.0, 1.0, 1.0, 1.0, 1.0, 1.0, 1.0, 1.0, 1.0, 1.0]"
24,8.883383088686969e-06,0.0,66.1168441772461,0.0,0.0,0.0,9.890700312098488e-05,0.0,736.1406860351562,1.2121964573452715e-05,0.0,90.22081756591797,0.7838502526283264,-0.09728452563285828,0.05188138782978058,-0.3619425296783447,-0.3999466300010681,0.2297331988811493,0.4098171889781952,0.9418348670005798,-0.9123441576957703,0.7288946509361267,-0.6387881636619568,-0.8094040155410767,0.9681488275527954,-0.9612396359443665,0.9067872166633606,"[0.7838502526283264, -0.09728452563285828, 0.05188138782978058, -0.4285096824169159, 0.2069082260131836, 0.06765473634004593, 0.017650840803980827, -0.002125371713191271, -0.999841570854187, 0.699999988079071, 0.0, 0.0, -0.3619425296783447, -0.3999466300010681, 0.2297331988811493, 0.4098171889781952, 0.541834831237793, -0.5123441219329834, 0.32889464497566223, -0.2387881577014923, -0.009404003620147705, 0.16814881563186646, -0.1612396240234375, 0.10678720474243164, 0.6197296380996704, 2.91611909866333, 0.6178361177444458, 0.49521780014038086, 0.549399197101593, 1.9529902935028076, 2.8185298442840576, 1.9049572944641113, 1.357571005821228, -5.804157733917236, -2.6473546028137207, -1.250378966331482, -1.0201084613800049, -0.3691326081752777, 0.5275044441223145, 0.5518108606338501, 0.7146344780921936, -0.27202945947647095, 0.28105443716049194, -0.9076014757156372, -0.28719961643218994, -0.4781752824783325, 0.5471557378768921, -0.16626590490341187, 1.0, 1.0, 1.0, 1.0, 1.0, 1.0, 1.0, 1.0, 1.0, 1.0, 1.0, 1.0]"
25,0.0,0.0,0.0,2.1530838694161503e-06,0.0,16.024877548217773,4.628249007510021e-05,0.0,344.4692687988281,0.0,0.0,0.0,0.730901300907135,-0.048999104648828506,-0.026744473725557327,-0.3710567355155945,-0.3419691324234009,0.23918280005455017,0.4164937734603882,0.9500157237052917,-0.8580282330513,0.7559809684753418,-0.6136095523834229,-0.8704172372817993,0.8584429621696472,-0.9652511477470398,0.8942330479621887,"[0.730901300907135, -0.048999104648828506, -0.026744473725557327, -0.3295227885246277, -0.048024751245975494, 0.028399936854839325, 0.019728723913431168, 0.0053022573702037334, -0.9997914433479309, 0.699999988079071, 0.0, 0.0, -0.3710567355155945, -0.3419691324234009, 0.23918280005455017, 0.4164937734603882, 0.5500156879425049, -0.45802822709083557, 0.3559809625148773, -0.21360954642295837, -0.07041722536087036, 0.05844295024871826, -0.16525113582611084, 0.09423303604125977, -1.0766007900238037, 2.7709200382232666, 0.6250783205032349, 0.10762616991996765, 0.3193499743938446, 3.1002542972564697, 1.597711443901062, 0.5831708908081055, -4.71203088760376, -5.365303993225098, -0.2978232204914093, -0.16783644258975983, -0.7400693297386169, -0.5089265704154968, 0.09596739709377289, 0.5834661722183228, 1.089634895324707, -0.3629924952983856, 0.3415357172489166, -1.631706953048706, -1.0728836059570312, -0.4811294674873352, 0.5945298075675964, 0.4401914179325104, 1.0, 1.0, 1.0, 1.0, 1.0, 1.0, 1.0, 1.0, 1.0, 1.0, 1.0, 1.0]"
26,0.0,0.0,0.0,4.437374445842579e-05,0.0,330.262939453125,3.873776222462766e-05,0.0,288.3157043457031,0.0,0.0,0.0,0.6473031044006348,0.004041059873998165,-0.03484301641583443,-0.4034988582134247,-0.34669023752212524,0.2353609800338745,0.40823206305503845,0.9440149664878845,-0.8484217524528503,0.7811709642410278,-0.643343985080719,-0.9665431380271912,0.8798518776893616,-0.9668989777565002,0.9534168243408203,"[0.6473031044006348, 0.004041059873998165, -0.03484301641583443, 0.28544166684150696, -0.029998213052749634, 0.009899620898067951, 0.018917467445135117, 0.0009817196987569332, -0.9998207092285156, 0.699999988079071, 0.0, 0.0, -0.4034988582134247, -0.34669023752212524, 0.2353609800338745, 0.40823206305503845, 0.5440149307250977, -0.44842174649238586, 0.38117095828056335, -0.24334397912025452, -0.1665431261062622, 0.07985186576843262, -0.1668989658355713, 0.15341681241989136, -1.473272442817688, -0.2936484217643738, -0.26281213760375977, -0.380399614572525, -0.45137766003608704, 0.5971720814704895, 1.3623394966125488, -2.468451738357544, -5.344255447387695, 0.8149899840354919, -0.2816721796989441, 3.7506725788116455, -0.7188724875450134, -0.4525132477283478, 0.21267418563365936, 0.6899642944335938, 1.2084126472473145, -0.18094196915626526, 0.4305359721183777, -1.381602168083191, -1.1310445070266724, -0.5314330458641052, 0.709030032157898, 0.6365240216255188, 1.0, 1.0, 1.0, 1.0, 1.0, 1.0, 1.0, 1.0, 1.0, 1.0, 1.0, 1.0]"
27,0.0,0.0,0.0,4.216844536131248e-05,0.0,313.8494567871094,3.4833068639272824e-05,0.0,259.2540283203125,0.0,0.0,0.0,0.625187873840332,-0.0015865323366597295,-0.025422047823667526,-0.4195493161678314,-0.35043492913246155,0.23217329382896423,0.40679091215133667,0.9341614842414856,-0.8347600698471069,0.8041405081748962,-0.7108961343765259,-1.0855015516281128,0.8915473222732544,-0.9689546227455139,1.0141311883926392,"[0.625187873840332, -0.0015865323366597295, -0.025422047823667526, 0.16029983758926392, 0.03347347676753998, 0.006478059105575085, 0.0193552915006876, -0.002785051241517067, -0.9998089671134949, 0.699999988079071, 0.0, 0.0, -0.4195493161678314, -0.35043492913246155, 0.23217329382896423, 0.40679091215133667, 0.5341614484786987, -0.43476006388664246, 0.40414050221443176, -0.3108961284160614, -0.28550153970718384, 0.09154731035232544, -0.16895461082458496, 0.2141311764717102, -0.3788089156150818, -0.15854252874851227, -0.13216793537139893, 0.09991350024938583, -0.5947610139846802, 0.5885738730430603, 1.1611745357513428, -3.8316800594329834, -5.4998273849487305, 0.6729968786239624, -0.13468125462532043, 3.170121908187866, -0.6076125502586365, -0.6125250458717346, 0.36546650528907776, 0.6533005237579346, 1.191985845565796, -0.0870446264743805, 0.5768740177154541, -1.4493714570999146, -1.1218665838241577, -0.2751654088497162, 0.5662821531295776, 0.8824173212051392, 1.0, 1.0, 1.0, 1.0, 1.0, 1.0, 1.0, 1.0, 1.0, 1.0, 1.0, 1.0]"
28,0.0,0.0,0.0,3.732466939254664e-05,0.0,277.7983703613281,3.374163497937843e-05,0.0,251.13072204589844,0.0,0.0,0.0,0.6254307627677917,0.00016658150707371533,-0.03131065145134926,-0.4147263169288635,-0.35337111353874207,0.2301500290632248,0.4100930988788605,0.9185605049133301,-0.8210163116455078,0.8252393007278442,-0.7945671677589417,-1.1604316234588623,0.9043567180633545,-0.9672427773475647,1.084578037261963,"[0.6254307627677917, 0.00016658150707371533, -0.03131065145134926, 0.10838140547275543, -0.05343727394938469, -0.01173401903361082, 0.01898200251162052, -0.00536360451951623, -0.9998055696487427, 0.699999988079071, 0.0, 0.0, -0.4147263169288635, -0.35337111353874207, 0.2301500290632248, 0.4100930988788605, 0.518560528755188, -0.42101630568504333, 0.42523929476737976, -0.3945671617984772, -0.36043161153793335, 0.10435670614242554, -0.16724276542663574, 0.28457802534103394, 0.5638551115989685, -0.1485135853290558, -0.0861259177327156, 0.11817192286252975, -0.9011716246604919, 0.48819366097450256, 1.065855622291565, -4.198366641998291, -2.480154037475586, 0.9648792743682861, 0.139018252491951, 3.073894500732422, -0.6336387395858765, -0.568122386932373, 0.4067287743091583, 0.7022604942321777, 1.186347484588623, 0.0023055672645568848, 0.47803565859794617, -1.3440457582473755, -0.911575436592102, -0.2696007788181305, 0.6033763289451599, 0.8626940846443176, 1.0, 1.0, 1.0, 1.0, 1.0, 1.0, 1.0, 1.0, 1.0, 1.0, 1.0, 1.0]"
29,0.0,0.0,0.0,3.979366738349199e-05,0.0,296.1745300292969,3.506669236230664e-05,0.0,260.9927978515625,0.0,0.0,0.0,0.6422470808029175,0.006357253063470125,-0.023291384801268578,-0.39638251066207886,-0.35445788502693176,0.23028415441513062,0.4096675515174866,0.8996713757514954,-0.8073867559432983,0.8435391783714294,-0.8709698915481567,-1.1748727560043335,0.921364426612854,-0.9577279686927795,1.1194690465927124,"[0.6422470808029175, 0.006357253063470125, -0.023291384801268578, -0.064825139939785, -0.1431097686290741, -0.01198198739439249, 0.016660816967487335, -0.0052521852776408195, -0.9998475313186646, 0.699999988079071, 0.0, 0.0, -0.39638251066207886, -0.35445788502693176, 0.23028415441513062, 0.4096675515174866, 0.4996713697910309, -0.40738674998283386, 0.44353917241096497, -0.47096988558769226, -0.37487274408340454, 0.12136441469192505, -0.15772795677185059, 0.31946903467178345, 1.072450876235962, -0.014493310824036598, 0.05287500470876694, -0.11223400384187698, -0.9703420996665955, 0.4790300130844116, 0.9223472476005554, -3.5313363075256348, 0.17204611003398895, 1.1754555702209473, 0.5391362309455872, 1.0341509580612183, -0.5599647164344788, -0.6160602569580078, 0.4392641484737396, 0.6801779270172119, 1.1048426628112793, 0.04319539666175842, 0.433574914932251, -1.3539234399795532, -0.7906341552734375, -0.22202569246292114, 0.5687294602394104, 0.7378659248352051, 1.0, 1.0, 1.0, 1.0, 1.0, 1.0, 1.0, 1.0, 1.0, 1.0, 1.0, 1.0]"
30,0.0,0.0,0.0,4.053413067595102e-05,0.0,301.68560791015625,3.5422592191025615e-05,0.0,263.6416931152344,0.0,0.0,0.0,0.6649154424667358,0.01369434129446745,-0.003617345355451107,-0.3708895146846771,-0.3524567782878876,0.23329155147075653,0.40404409170150757,0.8808796405792236,-0.7924818992614746,0.8579722046852112,-0.9294339418411255,-1.159764289855957,0.9396849870681763,-0.939668595790863,1.120257019996643,"[0.6649154424667358, 0.01369434129446745, -0.003617345355451107, -0.23787976801395416, -0.18097460269927979, -0.006186334881931543, 0.013174609281122684, -0.0015097686555236578, -0.9999118447303772, 0.699999988079071, 0.0, 0.0, -0.3708895146846771, -0.3524567782878876, 0.23329155147075653, 0.40404409170150757, 0.48087963461875916, -0.39248189330101013, 0.4579721987247467, -0.5294339656829834, -0.3597642779350281, 0.13968497514724731, -0.13966858386993408, 0.3202570080757141, 1.3948993682861328, 0.13210469484329224, 0.18614411354064941, -0.41768866777420044, -0.9734520316123962, 0.5534442663192749, 0.7229453325271606, -2.4970951080322266, 1.1414254903793335, 1.1996867656707764, 0.949016809463501, -0.8340007662773132, -0.47844240069389343, -0.69032883644104, 0.40471911430358887, 0.7163429260253906, 1.0455665588378906, 0.06974932551383972, 0.3999541401863098, -1.3013319969177246, -0.6579177379608154, -0.17867031693458557, 0.5567865967750549, 0.5413128137588501, 1.0, 1.0, 1.0, 1.0, 1.0, 1.0, 1.0, 1.0, 1.0, 1.0, 1.0, 1.0]"
31,0.0,0.0,0.0,3.892783570336178e-05,0.0,289.7303466796875,3.4676417271839455e-05,0.0,258.08807373046875,0.0,0.0,0.0,0.6889940500259399,0.021930545568466187,0.014735070988535881,-0.33960098028182983,-0.34843048453330994,0.23788313567638397,0.3932214081287384,0.8608582615852356,-0.7749590277671814,0.8687586784362793,-0.9668509364128113,-1.129820704460144,0.9562759399414062,-0.9144936203956604,1.0864946842193604,"[0.6889940500259399, 0.021930545568466187, 0.014735070988535881, -0.2991001605987549, -0.19758029282093048, 7.915501191746444e-05, 0.0092382887378335, 0.004482954274863005, -0.9999474883079529, 0.699999988079071, 0.0, 0.0, -0.33960098028182983, -0.34843048453330994, 0.23788313567638397, 0.3932214081287384, 0.4608582556247711, -0.3749590218067169, 0.4687586724758148, -0.5668509006500244, -0.3298206925392151, 0.1562759280204773, -0.11449360847473145, 0.2864946722984314, 1.6299755573272705, 0.17765620350837708, 0.2154771238565445, -0.6141538619995117, -1.0545517206192017, 0.6913148760795593, 0.5384252667427063, -1.5002171993255615, 1.8164939880371094, 1.099102258682251, 1.2944209575653076, -2.2638261318206787, -0.4168439209461212, -0.7284785509109497, 0.354431688785553, 0.7303930521011353, 0.9902920722961426, 0.06710192561149597, 0.42891764640808105, -1.2399593591690063, -0.4943068027496338, -0.1773703694343567, 0.4882267713546753, 0.34698906540870667, 1.0, 1.0, 1.0, 1.0, 1.0, 1.0, 1.0, 1.0, 1.0, 1.0, 1.0, 1.0]"
32,0.0,0.0,0.0,3.695482882903889e-05,0.0,275.0457458496094,3.168624243699014e-05,0.0,235.83294677734375,0.0,0.0,0.0,0.7160684466362,0.03300558775663376,0.023172836750745773,-0.30679982900619507,-0.3450268507003784,0.24138003587722778,0.37998759746551514,0.8393502235412598,-0.7540271878242493,0.8774412870407104,-0.9863225817680359,-1.085334062576294,0.9694617390632629,-0.884874701499939,1.028957724571228,"[0.7160684466362, 0.03300558775663376, 0.023172836750745773, -0.21013018488883972, -0.1956213116645813, 0.012311688624322414, 0.005139915272593498, 0.009895277209579945, -0.9999377131462097, 0.699999988079071, 0.0, 0.0, -0.30679982900619507, -0.3450268507003784, 0.24138003587722778, 0.37998759746551514, 0.4393502175807953, -0.3540271818637848, 0.47744128108024597, -0.586322546005249, -0.285334050655365, 0.16946172714233398, -0.08487468957901001, 0.22895771265029907, 1.59413743019104, 0.08698758482933044, 0.10757695883512497, -0.7401655912399292, -1.1283607482910156, 0.8872543573379517, 0.47565633058547974, -0.6409589648246765, 2.651905059814453, 0.8811528086662292, 1.4373670816421509, -3.330789804458618, -0.39905497431755066, -0.6900169849395752, 0.3622875511646271, 0.678887128829956, 0.9188636541366577, 0.020429164171218872, 0.4559929370880127, -1.1176165342330933, -0.2805832624435425, -0.19931399822235107, 0.37675511837005615, 0.1580931842327118, 1.0, 1.0, 1.0, 1.0, 1.0, 1.0, 1.0, 1.0, 1.0, 1.0, 1.0, 1.0]"
33,0.0,0.0,0.0,3.364442818565294e-05,0.0,250.40724182128906,2.5029041353263892e-05,0.0,186.2850341796875,0.0,0.0,0.0,0.7469266057014465,0.04460560530424118,0.008433088660240173,-0.2781642973423004,-0.3448988199234009,0.2412729561328888,0.3621619939804077,0.8162405490875244,-0.7295844554901123,0.886989414691925,-0.988665759563446,-1.0222079753875732,0.9774435758590698,-0.8564653992652893,0.9584164619445801,"[0.7469266057014465, 0.04460560530424118, 0.008433088660240173, -0.020967060700058937, -0.1284986287355423, 0.0317540317773819, 0.0018959211884066463, 0.011887770146131516, -0.9999274015426636, 0.699999988079071, 0.0, 0.0, -0.2781642973423004, -0.3448988199234009, 0.2412729561328888, 0.3621619939804077, 0.41624054312705994, -0.3295844495296478, 0.48698940873146057, -0.5886657238006592, -0.2222079634666443, 0.17744356393814087, -0.05646538734436035, 0.15841645002365112, 1.3118430376052856, -0.08576661348342896, -0.056009724736213684, -1.030670166015625, -1.2167598009109497, 1.0836001634597778, 0.6186119914054871, 0.25327929854393005, 3.6127421855926514, 0.554938554763794, 1.1940144300460815, -3.7368173599243164, -0.43046870827674866, -0.6138095855712891, 0.3988812267780304, 0.6065065860748291, 0.805081844329834, -0.09658145904541016, 0.5052273273468018, -0.9266242980957031, -0.014736369252204895, -0.20656749606132507, 0.20679743587970734, -0.014315702021121979, 1.0, 1.0, 1.0, 1.0, 1.0, 1.0, 1.0, 1.0, 1.0, 1.0, 1.0, 1.0]"
34,7.375670247711241e-05,0.0,548.9530639648438,2.7171457986696623e-05,0.0,202.23052978515625,1.3486512216331903e-05,0.0,100.3768081665039,0.0,0.0,0.0,0.7911470532417297,0.06453514099121094,-0.014299815520644188,-0.2628679573535919,-0.3486112952232361,0.23713423311710358,0.3363041579723358,0.8008173704147339,-0.702864944934845,0.9003345370292664,-0.970705509185791,-0.957099199295044,0.9802871346473694,-0.8348620533943176,0.8839400410652161,"[0.7911470532417297, 0.06453514099121094, -0.014299815520644188, 0.3762526214122772, -0.10084974020719528, 0.02575714699923992, 0.0005850052111782134, 0.009776612743735313, -0.999951958656311, 0.699999988079071, 0.0, 0.0, -0.2628679573535919, -0.3486112952232361, 0.23713423311710358, 0.3363041579723358, 0.4008173644542694, -0.3028649389743805, 0.5003345012664795, -0.5707055330276489, -0.157099187374115, 0.18028712272644043, -0.03486204147338867, 0.08394002914428711, -0.8524922132492065, -0.48288267850875854, -0.471269428730011, -1.751770257949829, 1.7348620891571045, 1.3771235942840576, 0.853286623954773, 1.3634387254714966, -0.6125102639198303, 0.17467600107192993, 0.922136664390564, -3.78527569770813, -0.5183212757110596, -0.5293804407119751, 0.49899616837501526, 0.5533984899520874, 0.5821065902709961, -0.2876410186290741, 0.6269359588623047, -0.7151824235916138, 0.3402383327484131, -0.15694952011108398, -0.06921570003032684, -0.2235419750213623, 1.0, 1.0, 1.0, 1.0, 1.0, 1.0, 1.0, 1.0, 1.0, 1.0, 1.0, 1.0]"
35,3.6459325201576576e-05,0.0,271.35784912109375,1.171027724922169e-05,0.0,87.15673065185547,0.0,0.0,0.0,6.0216883866814896e-05,0.0,448.1795349121094,0.7686100006103516,0.018698515370488167,-0.02756514772772789,-0.27327412366867065,-0.3587646484375,0.23368030786514282,0.30818676948547363,0.8231653571128845,-0.6732663512229919,0.9128419160842896,-0.9387745261192322,-0.9467803835868835,0.9801402688026428,-0.8523972630500793,0.8314081430435181,"[0.7686100006103516, 0.018698515370488167, -0.02756514772772789, 0.31869563460350037, -0.07286782562732697, -0.0020909940358251333, -0.001184485969133675, 0.000912326097022742, -0.9999988675117493, 0.699999988079071, 0.0, 0.0, -0.27327412366867065, -0.3587646484375, 0.23368030786514282, 0.30818676948547363, 0.42316535115242004, -0.27326634526252747, 0.5128419399261475, -0.5387744903564453, -0.1467803716659546, 0.18014025688171387, -0.05239725112915039, 0.03140813112258911, -0.3477386236190796, -0.35922932624816895, 0.48462221026420593, -0.1127418577671051, 1.1144952774047852, 1.4604628086090088, 0.4561726450920105, 0.07998344302177429, 0.47417551279067993, -0.05328744277358055, -2.9856300354003906, 2.108613967895508, -0.6125567555427551, -0.39646250009536743, 0.7902660369873047, 0.5211158990859985, 0.3640483617782593, -0.6754213571548462, 1.0370488166809082, -0.3776649236679077, 0.6450892686843872, 0.12019670754671097, -0.605748176574707, -0.46855828166007996, 1.0, 1.0, 1.0, 1.0, 1.0, 1.0, 1.0, 1.0, 1.0, 1.0, 1.0, 1.0]"
36,3.669303623610176e-05,0.0,273.0972900390625,0.0,0.0,0.0,0.0,0.0,0.0,4.274457387509756e-05,0.0,318.1374206542969,0.7416072487831116,-0.015478847548365593,0.008741057477891445,-0.27067598700523376,-0.3559606969356537,0.2701806426048279,0.31055572628974915,0.8433955311775208,-0.6491643190383911,0.9170722365379333,-0.9292850494384766,-0.9356508255004883,0.9818068742752075,-0.9251803755760193,0.8571988940238953,"[0.7416072487831116, -0.015478847548365593, 0.008741057477891445, -0.2908934950828552, -0.05139722302556038, -0.014841183088719845, -0.0024335377383977175, 0.003249942325055599, -0.9999915957450867, 0.699999988079071, 0.0, 0.0, -0.27067598700523376, -0.3559606969356537, 0.2701806426048279, 0.31055572628974915, 0.4433955252170563, -0.24916431307792664, 0.5170722007751465, -0.5292850732803345, -0.13565081357955933, 0.18180686235427856, -0.12518036365509033, 0.05719888210296631, 0.3076431453227997, 0.37506765127182007, 2.428597927093506, 0.3338702917098999, 1.08578360080719, 0.8312631249427795, 0.16505904495716095, 0.7529032826423645, 0.44161176681518555, 0.335921049118042, -4.080711841583252, 0.9516534805297852, -0.8013178110122681, -0.6052201390266418, 0.6300842761993408, 0.41294780373573303, 0.607096791267395, -1.211918830871582, 1.1078431606292725, -0.3754675090312958, 0.5154122114181519, 0.6625247001647949, -1.078223705291748, -0.4222887456417084, 1.0, 1.0, 1.0, 1.0, 1.0, 1.0, 1.0, 1.0, 1.0, 1.0, 1.0, 1.0]"
37,3.2219897548202425e-05,0.0,239.8048095703125,0.0,0.0,0.0,0.0,0.0,0.0,4.064674794790335e-05,0.0,302.5238342285156,0.7002553343772888,0.007143354509025812,0.005684415344148874,-0.26963210105895996,-0.3608749508857727,0.31431177258491516,0.3114626109600067,0.8602170944213867,-0.6593736410140991,0.9216033816337585,-0.9173240065574646,-0.9229046106338501,1.0406208038330078,-1.0312596559524536,0.8766459822654724,"[0.7002553343772888, 0.007143354509025812, 0.005684415344148874, 0.1720019429922104, -0.0030437540262937546, 0.01639634184539318, -0.00280846212990582, 0.0041597806848585606, -0.9999873042106628, 0.699999988079071, 0.0, 0.0, -0.26963210105895996, -0.3608749508857727, 0.31431177258491516, 0.3114626109600067, 0.46021708846092224, -0.25937363505363464, 0.5216033458709717, -0.5173239707946777, -0.12290459871292114, 0.24062079191207886, -0.23125964403152466, 0.07664597034454346, -0.17901510000228882, -0.6925172805786133, 1.8244549036026, -0.1352386772632599, 0.7391158938407898, -1.2774068117141724, 0.1911722719669342, 0.5320908427238464, 0.7269078493118286, 4.123499393463135, -5.684980392456055, 1.068432331085205, -0.7010757327079773, -0.5640238523483276, 0.5957696437835693, 0.42393285036087036, 0.6488624811172485, -1.3171045780181885, 1.0998319387435913, -0.21691443026065826, 0.5100736618041992, 0.9003849029541016, -1.208195686340332, -0.3109096586704254, 1.0, 1.0, 1.0, 1.0, 1.0, 1.0, 1.0, 1.0, 1.0, 1.0, 1.0, 1.0]"
38,3.0093038731138222e-05,0.0,223.97512817382812,0.0,0.0,0.0,0.0,0.0,0.0,3.7811638321727514e-05,0.0,281.42279052734375,0.678411602973938,0.01762840896844864,-0.004896263126283884,-0.27603328227996826,-0.3775319457054138,0.3394802510738373,0.3058575987815857,0.8732596039772034,-0.7016700506210327,0.9189996123313904,-0.9076794385910034,-0.907760500907898,1.1135292053222656,-1.1371608972549438,0.8971922397613525,"[0.678411602973938, 0.01762840896844864, -0.004896263126283884, 0.257262647151947, 0.03356863930821419, 0.048261649906635284, -0.0023774730507284403, -0.0016535933827981353, -0.9999960064888, 0.699999988079071, 0.0, 0.0, -0.27603328227996826, -0.3775319457054138, 0.3394802510738373, 0.3058575987815857, 0.4732595980167389, -0.30167004466056824, 0.5189995765686035, -0.5076794624328613, -0.107760488986969, 0.31352919340133667, -0.3371608853340149, 0.09719222784042358, -0.3051761984825134, -0.7600343823432922, 1.0551245212554932, -0.23586076498031616, 0.6601717472076416, -2.5344138145446777, -0.3552130162715912, 0.47030526399612427, 0.7017466425895691, 3.201648473739624, -4.92097282409668, 1.0269355773925781, -0.5870527029037476, -0.682479202747345, 0.6387268900871277, 0.45636025071144104, 0.5935752391815186, -1.2978041172027588, 1.0954984426498413, -0.22619730234146118, 0.472833514213562, 0.9186394810676575, -1.2029929161071777, -0.29354074597358704, 1.0, 1.0, 1.0, 1.0, 1.0, 1.0, 1.0, 1.0, 1.0, 1.0, 1.0, 1.0]"
39,3.2909007131820545e-05,0.0,244.93370056152344,0.0,0.0,0.0,0.0,0.0,0.0,3.75159434042871e-05,0.0,279.22198486328125,0.6709996461868286,0.016098903492093086,-0.005926004610955715,-0.2792564332485199,-0.38914138078689575,0.3571932017803192,0.303732305765152,0.8869844675064087,-0.7613434195518494,0.9043307304382324,-0.8958349227905273,-0.8947446346282959,1.165346384048462,-1.210086464881897,0.9138848781585693,"[0.6709996461868286, 0.016098903492093086, -0.005926004610955715, 0.03362949565052986, 0.026887236163020134, 0.04360390082001686, -0.0017471970058977604, -0.003868918167427182, -0.9999908208847046, 0.699999988079071, 0.0, 0.0, -0.2792564332485199, -0.38914138078689575, 0.3571932017803192, 0.303732305765152, 0.4869844615459442, -0.3613434135913849, 0.5043307542800903, -0.49583491683006287, -0.09474462270736694, 0.36534637212753296, -0.410086452960968, 0.11388486623764038, -0.10293388366699219, -0.5029622316360474, 0.7400770783424377, -0.02747904509305954, 0.6898499131202698, -3.1560986042022705, -0.9734220504760742, 0.5953556299209595, 0.6231828331947327, 2.112034559249878, -2.559990406036377, 0.8304299712181091, -0.5290372967720032, -0.6833397746086121, 0.5758174657821655, 0.4790410101413727, 0.5342848300933838, -1.301707148551941, 1.0685592889785767, -0.25155383348464966, 0.4907689690589905, 0.9226492643356323, -1.1023058891296387, -0.3255138099193573, 1.0, 1.0, 1.0, 1.0, 1.0, 1.0, 1.0, 1.0, 1.0, 1.0, 1.0, 1.0]"
40,3.5280725569464266e-05,0.0,262.5858154296875,0.0,0.0,0.0,0.0,0.0,0.0,3.76583993784152e-05,0.0,280.2822265625,0.6741433143615723,0.018413115292787552,0.004903079010546207,-0.28050681948661804,-0.3982548713684082,0.36527931690216064,0.3031168282032013,0.8995707631111145,-0.824747622013092,0.8805904388427734,-0.8815320730209351,-0.8795585036277771,1.1915055513381958,-1.2345243692398071,0.92746502161026,"[0.6741433143615723, 0.018413115292787552, 0.004903079010546207, 0.016248973086476326, 0.00843143928796053, 0.0237874835729599, -0.001450392883270979, -0.004238738212734461, -0.9999904632568359, 0.699999988079071, 0.0, 0.0, -0.28050681948661804, -0.3982548713684082, 0.36527931690216064, 0.3031168282032013, 0.49957075715065, -0.42474761605262756, 0.48059043288230896, -0.4815320670604706, -0.07955849170684814, 0.39150553941726685, -0.4345243573188782, 0.12746500968933105, -0.08215411007404327, -0.42250099778175354, 0.18458177149295807, -0.025034241378307343, 0.5877107977867126, -3.120098114013672, -1.2868765592575073, 0.6977430582046509, 0.7953615188598633, 0.9655558466911316, -0.47779449820518494, 0.709226667881012, -0.4950798451900482, -0.6979976296424866, 0.516163170337677, 0.53562331199646, 0.45753681659698486, -1.2880232334136963, 1.0413076877593994, -0.28726476430892944, 0.5118765830993652, 0.9097855091094971, -0.9608855843544006, -0.3374689221382141, 1.0, 1.0, 1.0, 1.0, 1.0, 1.0, 1.0, 1.0, 1.0, 1.0, 1.0, 1.0]"
41,3.587568426155485e-05,0.0,267.013916015625,0.0,0.0,0.0,0.0,0.0,0.0,3.7149984564166516e-05,0.0,276.4982604980469,0.6861794590950012,0.01880866102874279,0.019701849669218063,-0.2817886173725128,-0.4037693440914154,0.36216670274734497,0.30189740657806396,0.9096758365631104,-0.8815540075302124,0.8540745973587036,-0.8650608062744141,-0.8598138093948364,1.2032088041305542,-1.2289557456970215,0.9388094544410706,"[0.6861794590950012, 0.01880866102874279, 0.019701849669218063, 0.0417977012693882, -0.004106741864234209, 0.009076117537915707, -0.0014852677704766393, -0.004945669788867235, -0.9999867677688599, 0.699999988079071, 0.0, 0.0, -0.2817886173725128, -0.4037693440914154, 0.36216670274734497, 0.30189740657806396, 0.5096758604049683, -0.4815540015697479, 0.45407459139823914, -0.4650608003139496, -0.05981379747390747, 0.40320879220962524, -0.42895573377609253, 0.1388094425201416, -0.09930214285850525, -0.15062682330608368, -0.36437568068504333, -0.0614280104637146, 0.4487045407295227, -2.6035168170928955, -1.3549882173538208, 0.8064255714416504, 1.0326684713363647, 0.2505212426185608, 0.7783706784248352, 0.5874962210655212, -0.49586817622184753, -0.7185747623443604, 0.4586133062839508, 0.6126434803009033, 0.415155291557312, -1.2441949844360352, 0.9912070035934448, -0.30034950375556946, 0.5334753394126892, 0.8531724214553833, -0.812263548374176, -0.3596138060092926, 1.0, 1.0, 1.0, 1.0, 1.0, 1.0, 1.0, 1.0, 1.0, 1.0, 1.0, 1.0]"
42,3.536331496434286e-05,0.0,263.20050048828125,0.0,0.0,0.0,0.0,0.0,0.0,3.64066545444075e-05,0.0,270.9658203125,0.7041313052177429,0.018547145649790764,0.03763602674007416,-0.28330546617507935,-0.40252089500427246,0.34881770610809326,0.2998718321323395,0.9169982075691223,-0.923401951789856,0.8270539045333862,-0.8459669947624207,-0.8353055715560913,1.1975566148757935,-1.2024959325790405,0.9470916986465454,"[0.7041313052177429, 0.018547145649790764, 0.03763602674007416, 0.06867789477109909, 0.006236313842236996, -0.0026567724999040365, -0.001515073119662702, -0.0062034279108047485, -0.9999797344207764, 0.699999988079071, 0.0, 0.0, -0.28330546617507935, -0.40252089500427246, 0.34881770610809326, 0.2998718321323395, 0.5169981718063354, -0.5234019756317139, 0.42705389857292175, -0.4459669888019562, -0.035305559635162354, 0.3975566029548645, -0.4024959206581116, 0.14709168672561646, -0.11557011306285858, 0.1966627538204193, -0.8510951399803162, -0.10141559690237045, 0.30284857749938965, -1.742247223854065, -1.3842074871063232, 0.9402470588684082, 1.2645072937011719, -0.7939990758895874, 1.7974510192871094, 0.40872088074684143, -0.5347034931182861, -0.7436693906784058, 0.41723519563674927, 0.7103121280670166, 0.3783451318740845, -1.1784732341766357, 0.8999553918838501, -0.298435777425766, 0.5468525886535645, 0.7075469493865967, -0.6306524276733398, -0.39276477694511414, 1.0, 1.0, 1.0, 1.0, 1.0, 1.0, 1.0, 1.0, 1.0, 1.0, 1.0, 1.0]"
43,3.444460526225157e-05,0.0,256.3627624511719,0.0,0.0,0.0,0.0,0.0,0.0,3.58814031642396e-05,0.0,267.0564880371094,0.7244501709938049,0.01823609322309494,0.058965183794498444,-0.28470611572265625,-0.39543864130973816,0.3273249864578247,0.2973424196243286,0.9216492176055908,-0.9462419152259827,0.7980272173881531,-0.8235868811607361,-0.8069844245910645,1.1644965410232544,-1.153280258178711,0.9504611492156982,"[0.7244501709938049, 0.01823609322309494, 0.058965183794498444, 0.05380227789282799, 0.05094122514128685, -0.012655342929065228, -0.0009350288892164826, -0.007563530933111906, -0.9999708533287048, 0.699999988079071, 0.0, 0.0, -0.28470611572265625, -0.39543864130973816, 0.3273249864578247, 0.2973424196243286, 0.5216492414474487, -0.5462418794631958, 0.3980272114276886, -0.4235868752002716, -0.006984412670135498, 0.36449652910232544, -0.353280246257782, 0.1504611372947693, -0.08699342608451843, 0.4718364179134369, -1.2027629613876343, -0.10961005091667175, 0.1775464415550232, -0.731758177280426, -1.5544424057006836, 1.1191521883010864, 1.4308781623840332, -2.497098445892334, 3.0830254554748535, 0.11466699093580246, -0.6161449551582336, -0.7473658919334412, 0.38392311334609985, 0.8178459405899048, 0.34673362970352173, -1.0574696063995361, 0.7531102895736694, -0.2876683473587036, 0.5568232536315918, 0.4495491087436676, -0.362959086894989, -0.4619894325733185, 1.0, 1.0, 1.0, 1.0, 1.0, 1.0, 1.0, 1.0, 1.0, 1.0, 1.0, 1.0]"
44,3.252886381233111e-05,0.0,242.10438537597656,0.0,0.0,0.0,0.0,0.0,0.0,3.364469012012705e-05,0.0,250.40919494628906,0.7461982369422913,0.015605648048222065,0.07733021676540375,-0.28488689661026,-0.38343605399131775,0.30161747336387634,0.29540523886680603,0.9243359565734863,-0.9481084942817688,0.7633786797523499,-0.7971635460853577,-0.776823878288269,1.0972516536712646,-1.077367901802063,0.9466020464897156,"[0.7461982369422913, 0.015605648048222065, 0.07733021676540375, -0.027342690154910088, 0.12408682703971863, -0.019269974902272224, 0.0009299989324063063, -0.00778594147413969, -0.9999691843986511, 0.699999988079071, 0.0, 0.0, -0.28488689661026, -0.38343605399131775, 0.30161747336387634, 0.29540523886680603, 0.5243359804153442, -0.5481084585189819, 0.3633786737918854, -0.3971635401248932, 0.023176133632659912, 0.2972516417503357, -0.27736788988113403, 0.14660203456878662, 0.01758567988872528, 0.7242138385772705, -1.2918119430541992, -0.05720443278551102, 0.11883507668972015, 0.33396509289741516, -1.8731064796447754, 1.3294034004211426, 1.4853395223617554, -4.036300182342529, 4.320671558380127, -0.27059802412986755, -0.7538424730300903, -0.6773861646652222, 0.43355563282966614, 0.851050615310669, 0.33830180764198303, -0.901429295539856, 0.6016985177993774, -0.3440181314945221, 0.5044910311698914, 0.1573610007762909, -0.03807000815868378, -0.4954333007335663, 1.0, 1.0, 1.0, 1.0, 1.0, 1.0, 1.0, 1.0, 1.0, 1.0, 1.0, 1.0]"
45,2.690839573915582e-05,0.0,200.27261352539062,0.0,0.0,0.0,0.0,0.0,0.0,2.7603426133282483e-05,0.0,205.445556640625,0.7691287398338318,0.006628891918808222,0.06980634480714798,-0.2830267548561096,-0.3641776740550995,0.27931681275367737,0.29524436593055725,0.9271097183227539,-0.9278588891029358,0.7228132486343384,-0.7674992680549622,-0.7483025193214417,1.0061582326889038,-0.982977569103241,0.9358444809913635,"[0.7691287398338318, 0.006628891918808222, 0.06980634480714798, -0.13846731185913086, 0.2177242785692215, -0.026265928521752357, 0.004506972152739763, -0.005897932220250368, -0.9999722838401794, 0.699999988079071, 0.0, 0.0, -0.2830267548561096, -0.3641776740550995, 0.27931681275367737, 0.29524436593055725, 0.5271097421646118, -0.5278588533401489, 0.3228132426738739, -0.3674992620944977, 0.051697492599487305, 0.20615822076797485, -0.182977557182312, 0.13584446907043457, 0.17910774052143097, 1.1620995998382568, -0.9506127238273621, 0.03880854323506355, 0.2117346227169037, 1.4482918977737427, -2.1069064140319824, 1.4854215383529663, 1.3372896909713745, -4.898716449737549, 4.89937162399292, -0.6065554618835449, -0.8865330815315247, -0.5449883341789246, 0.5228037238121033, 0.7975096702575684, 0.38895970582962036, -0.7040088176727295, 0.4943753182888031, -0.5284281373023987, 0.32163864374160767, -0.09850869327783585, 0.2206791788339615, -0.42690062522888184, 1.0, 1.0, 1.0, 1.0, 1.0, 1.0, 1.0, 1.0, 1.0, 1.0, 1.0, 1.0]"
46,1.5605097360094078e-05,0.0,116.1449203491211,0.0,0.0,0.0,1.678804801485967e-05,0.0,124.94932556152344,1.583330777066294e-05,0.0,117.84343719482422,0.790246844291687,-0.006407762877643108,0.057664889842271805,-0.2750758230686188,-0.3287821412086487,0.28119245171546936,0.30192920565605164,0.932704508304596,-0.8855602145195007,0.7274121642112732,-0.7346513271331787,-0.7227679491043091,0.9092473983764648,-0.9538009762763977,0.9212754368782043,"[0.790246844291687, -0.006407762877643108, 0.057664889842271805, -0.6172233819961548, 0.11497818678617477, 0.025188980624079704, 0.008067335933446884, 0.0024091105442494154, -0.9999648332595825, 0.699999988079071, 0.0, 0.0, -0.2750758230686188, -0.3287821412086487, 0.28119245171546936, 0.30192920565605164, 0.5327044725418091, -0.48556020855903625, 0.3274121582508087, -0.33465132117271423, 0.07723206281661987, 0.10924738645553589, -0.15380096435546875, 0.12127542495727539, 0.7080094814300537, 2.170147657394409, 0.7873386144638062, 0.5442550182342529, 0.3923340439796448, 2.5222902297973633, 1.307711124420166, 1.7664134502410889, 1.3696444034576416, -4.891142845153809, -2.205895185470581, -0.8000561594963074, -1.0156248807907104, -0.41285786032676697, 0.5877104997634888, 0.7218173742294312, 0.47303086519241333, -0.5119123458862305, 0.37024983763694763, -0.7481386661529541, 0.023243799805641174, -0.31124258041381836, 0.3856806755065918, -0.3279314935207367, 1.0, 1.0, 1.0, 1.0, 1.0, 1.0, 1.0, 1.0, 1.0, 1.0, 1.0, 1.0]"
47,0.0,0.0,0.0,5.361317744245753e-05,0.0,399.02978515625,3.274121991125867e-05,0.0,243.6848907470703,1.5815311371625285e-06,0.0,11.770950317382812,0.7379704117774963,0.041793014854192734,0.07609918713569641,-0.2812328338623047,-0.30696970224380493,0.29004231095314026,0.312383770942688,0.9381118416786194,-0.8482600450515747,0.7425329685211182,-0.7025966644287109,-0.7647508978843689,0.8794084787368774,-0.939091145992279,0.9055673480033875,"[0.7379704117774963, 0.041793014854192734, 0.07609918713569641, -0.3292587399482727, 0.14542019367218018, 0.13440145552158356, 0.00997311994433403, 0.01408426370471716, -0.9998511075973511, 0.699999988079071, 0.0, 0.0, -0.2812328338623047, -0.30696970224380493, 0.29004231095314026, 0.312383770942688, 0.5381118059158325, -0.44826003909111023, 0.3425329625606537, -0.30259665846824646, 0.03524911403656006, 0.07940846681594849, -0.1390911340713501, 0.1055673360824585, -1.365343451499939, 0.30243468284606934, 0.1549127697944641, 0.3342806398868561, 0.012663964182138443, 0.5657076239585876, 0.9347150325775146, 1.3717315196990967, -4.786930561065674, 0.6484371423721313, 0.3812730312347412, -0.7653152346611023, -0.85785973072052, -0.5318830013275146, 0.38442927598953247, 0.7387732267379761, 0.8887525200843811, -0.26740941405296326, 0.40544870495796204, -1.344802737236023, -0.7425349354743958, -0.5209372639656067, 0.5425235033035278, 0.216075599193573, 1.0, 1.0, 1.0, 1.0, 1.0, 1.0, 1.0, 1.0, 1.0, 1.0, 1.0, 1.0]"
48,0.0,0.0,0.0,3.7401230656541884e-05,0.0,278.36822509765625,3.3677810279186815e-05,0.0,250.65570068359375,0.0,0.0,0.0,0.6889691352844238,0.04172145575284958,0.07713434845209122,-0.31979960203170776,-0.30591875314712524,0.2865045964717865,0.3262682259082794,0.9228804111480713,-0.825249195098877,0.7599753737449646,-0.7053897380828857,-0.848349928855896,0.8759244680404663,-0.9318919777870178,0.9254347085952759,"[0.6889691352844238, 0.04172145575284958, 0.07713434845209122, 0.11651989072561264, 0.15567922592163086, 0.15603089332580566, 0.013072545640170574, 0.014050395227968693, -0.9998158812522888, 0.699999988079071, 0.0, 0.0, -0.31979960203170776, -0.30591875314712524, 0.2865045964717865, 0.3262682259082794, 0.5228804349899292, -0.4252491891384125, 0.3599753677845001, -0.30538973212242126, -0.04834991693496704, 0.07592445611953735, -0.13189196586608887, 0.12543469667434692, -1.9345749616622925, -0.04883947595953941, -0.2623487710952759, 1.1819922924041748, -0.9904590845108032, 1.1099638938903809, 0.9663575291633606, -1.345220923423767, -4.520634174346924, -0.20490509271621704, 0.16952331364154816, 3.599691867828369, -0.46120452880859375, -0.7685897946357727, 0.37005940079689026, 0.8309109210968018, 1.2151716947555542, -0.15653029084205627, 0.5684131383895874, -1.6671134233474731, -1.1366170644760132, -0.3542374074459076, 0.5605259537696838, 0.7854708433151245, 1.0, 1.0, 1.0, 1.0, 1.0, 1.0, 1.0, 1.0, 1.0, 1.0, 1.0, 1.0]"
49,0.0,0.0,0.0,3.150578777422197e-05,0.0,234.4898681640625,3.2942505640676245e-05,0.0,245.18301391601562,0.0,0.0,0.0,0.6669219136238098,0.025916749611496925,0.03632489964365959,-0.3437556028366089,-0.30551186203956604,0.28369322419166565,0.3650720715522766,0.9077783823013306,-0.8042385578155518,0.778045117855072,-0.7599818706512451,-0.9771028757095337,0.8733704090118408,-0.928213357925415,1.017162561416626,"[0.6669219136238098, 0.025916749611496925, 0.03632489964365959, 0.004839814733713865, 0.1581004559993744, 0.08883845061063766, 0.016394462436437607, 0.01338045671582222, -0.9997761845588684, 0.699999988079071, 0.0, 0.0, -0.3437556028366089, -0.30551186203956604, 0.28369322419166565, 0.3650720715522766, 0.5077784061431885, -0.4042385518550873, 0.37804511189460754, -0.35998186469078064, -0.17710286378860474, 0.07337039709091187, -0.12821334600448608, 0.21716254949569702, -0.7262279987335205, 0.02654898725450039, -0.07458877563476562, 2.1975903511047363, -0.642734169960022, 0.8682880997657776, 0.9473573565483093, -3.280059337615967, -6.826384544372559, 0.09227589517831802, 0.09826663136482239, 4.046034812927246, -0.549775242805481, -0.665891706943512, 0.41555461287498474, 0.75309157371521, 1.2754454612731934, -0.17284169793128967, 0.5180882811546326, -1.5108846426010132, -1.2234705686569214, -0.3691084682941437, 0.5923362374305725, 0.8622153997421265, 1.0, 1.0, 1.0, 1.0, 1.0, 1.0, 1.0, 1.0, 1.0, 1.0, 1.0, 1.0]"
50,0.0,0.0,0.0,3.267060674261302e-05,0.0,243.1593475341797,3.403321170480922e-05,0.0,253.30088806152344,0.0,0.0,0.0,0.6707378625869751,0.035727232694625854,0.00965222530066967,-0.3513469696044922,-0.3076384961605072,0.2803846001625061,0.40637215971946716,0.8983496427536011,-0.7848449349403381,0.7972940802574158,-0.8342556357383728,-1.0973559617996216,0.8756074905395508,-0.9249698519706726,1.0841152667999268,"[0.6707378625869751, 0.035727232694625854, 0.00965222530066967, 0.18303747475147247, 0.056749023497104645, 0.03146808221936226, 0.018350472673773766, 0.011270537972450256, -0.9997681379318237, 0.699999988079071, 0.0, 0.0, -0.3513469696044922, -0.3076384961605072, 0.2803846001625061, 0.40637215971946716, 0.4983496367931366, -0.38484492897987366, 0.3972940742969513, -0.4342556297779083, -0.2973559498786926, 0.07560747861862183, -0.12496984004974365, 0.2841152548789978, -0.2951664924621582, -0.2028741091489792, -0.22920937836170197, 1.8794625997543335, -0.3910086154937744, 0.862713098526001, 1.0283914804458618, -3.8317923545837402, -5.272499084472656, 0.2975230813026428, 0.13090190291404724, 3.0361287593841553, -0.588249683380127, -0.48569056391716003, 0.49213698506355286, 0.718543529510498, 1.2337719202041626, -0.06379872560501099, 0.5346047878265381, -1.4397151470184326, -1.0521806478500366, -0.3442326784133911, 0.532405436038971, 0.8432406187057495, 1.0, 1.0, 1.0, 1.0, 1.0, 1.0, 1.0, 1.0, 1.0, 1.0, 1.0, 1.0]"
51,0.0,0.0,0.0,3.5256485716672614e-05,0.0,262.4053955078125,3.414306047488935e-05,0.0,254.11846923828125,0.0,0.0,0.0,0.6873014569282532,0.04654129967093468,0.01287900097668171,-0.3537874221801758,-0.31221336126327515,0.27539217472076416,0.4339284896850586,0.8905717730522156,-0.7648525834083557,0.8159438967704773,-0.903931200504303,-1.1580110788345337,0.8814341425895691,-0.916820764541626,1.1188669204711914,"[0.6873014569282532, 0.04654129967093468, 0.01287900097668171, 0.1415146142244339, -0.052060142159461975, 0.019684864208102226, 0.01806723326444626, 0.007772559765726328, -0.9998065233230591, 0.699999988079071, 0.0, 0.0, -0.3537874221801758, -0.31221336126327515, 0.27539217472076416, 0.4339284896850586, 0.4905717670917511, -0.36485257744789124, 0.4159438908100128, -0.5039311647415161, -0.35801106691360474, 0.08143413066864014, -0.11682075262069702, 0.31886690855026245, 0.03778599947690964, -0.20670565962791443, -0.21903395652770996, 1.0317206382751465, -0.47574642300605774, 0.8890431523323059, 0.9199072122573853, -3.1444034576416016, -1.2890748977661133, 0.5062752962112427, 0.5160222053527832, 0.7896302342414856, -0.5648390650749207, -0.4623130261898041, 0.5175028443336487, 0.671441912651062, 1.1512672901153564, -0.025923818349838257, 0.4277269244194031, -1.4004851579666138, -0.8177798986434937, -0.3338041603565216, 0.5160382986068726, 0.7391520738601685, 1.0, 1.0, 1.0, 1.0, 1.0, 1.0, 1.0, 1.0, 1.0, 1.0, 1.0, 1.0]"
52,0.0,0.0,0.0,3.509651651256718e-05,0.0,261.21478271484375,3.420711072976701e-05,0.0,254.59515380859375,0.0,0.0,0.0,0.7073470950126648,0.05343898758292198,0.02325708419084549,-0.3475598394870758,-0.3141743838787079,0.2729491591453552,0.44312241673469543,0.8800126314163208,-0.7441776394844055,0.83083575963974,-0.9535830616950989,-1.1527612209320068,0.890188455581665,-0.8994417190551758,1.1173896789550781,"[0.7073470950126648, 0.05343898758292198, 0.02325708419084549, -0.057046759873628616, -0.1211475357413292, 0.016631120815873146, 0.016042908653616905, 0.007600839249789715, -0.9998424053192139, 0.699999988079071, 0.0, 0.0, -0.3475598394870758, -0.3141743838787079, 0.2729491591453552, 0.44312241673469543, 0.4800126254558563, -0.34417763352394104, 0.4308357536792755, -0.553583025932312, -0.3527612090110779, 0.09018844366073608, -0.09944170713424683, 0.31738966703414917, 0.4994937777519226, -0.03907313570380211, -0.05891866981983185, 0.07604844123125076, -0.6010206937789917, 0.9006152153015137, 0.7169034481048584, -2.038935422897339, 1.0209907293319702, 0.6427169442176819, 0.9658357501029968, -0.786893904209137, -0.4408245384693146, -0.5837801694869995, 0.4608187973499298, 0.6507668495178223, 1.0540143251419067, 0.012439459562301636, 0.41083645820617676, -1.3621079921722412, -0.637779951095581, -0.289091020822525, 0.517589807510376, 0.537476122379303, 1.0, 1.0, 1.0, 1.0, 1.0, 1.0, 1.0, 1.0, 1.0, 1.0, 1.0, 1.0]"
53,0.0,0.0,0.0,3.251969246775843e-05,0.0,242.0361328125,3.2573152566328645e-05,0.0,242.4340057373047,0.0,0.0,0.0,0.7266467809677124,0.06035790592432022,0.025404157117009163,-0.33017078042030334,-0.314319908618927,0.27246299386024475,0.43291494250297546,0.8648203015327454,-0.7222763895988464,0.8426124453544617,-0.9815634489059448,-1.118102788925171,0.8997830748558044,-0.87534099817276,1.0822688341140747,"[0.7266467809677124, 0.06035790592432022, 0.025404157117009163, -0.10436628758907318, -0.15098753571510315, 0.00034253322519361973, 0.013117559254169464, 0.009812003001570702, -0.9998660087585449, 0.699999988079071, 0.0, 0.0, -0.33017078042030334, -0.314319908618927, 0.27246299386024475, 0.43291494250297546, 0.4648202955722809, -0.32227638363838196, 0.4426124393939972, -0.5815634727478027, -0.31810277700424194, 0.09978306293487549, -0.07534098625183105, 0.28226882219314575, 1.0800596475601196, -0.02432263456285, -0.01174565777182579, -0.8321913480758667, -0.8923286199569702, 0.9743321537971497, 0.5952789187431335, -1.0391103029251099, 2.131225347518921, 0.6289139986038208, 1.187816858291626, -2.4173128604888916, -0.37696000933647156, -0.6585083603858948, 0.38323384523391724, 0.6811147928237915, 0.9737733602523804, 0.01543840765953064, 0.42367812991142273, -1.2785587310791016, -0.46791988611221313, -0.2785945534706116, 0.471931517124176, 0.32056912779808044, 1.0, 1.0, 1.0, 1.0, 1.0, 1.0, 1.0, 1.0, 1.0, 1.0, 1.0, 1.0]"
54,0.0,0.0,0.0,3.0182582122506574e-05,0.0,224.64158630371094,2.8609827495529316e-05,0.0,212.93594360351562,0.0,0.0,0.0,0.7474735975265503,0.06610357761383057,0.011445518583059311,-0.3036542534828186,-0.31583669781684875,0.2710045576095581,0.4105674624443054,0.8439950346946716,-0.6985074281692505,0.8539769053459167,-0.9934530854225159,-1.0704487562179565,0.9078356027603149,-0.8498969674110413,1.021490454673767,"[0.7474735975265503, 0.06610357761383057, 0.011445518583059311, -0.008702253922820091, -0.1378583014011383, -0.005313696805387735, 0.010130217298865318, 0.011001981794834137, -0.9998882412910461, 0.699999988079071, 0.0, 0.0, -0.3036542534828186, -0.31583669781684875, 0.2710045576095581, 0.4105674624443054, 0.44399502873420715, -0.298507422208786, 0.45397689938545227, -0.593453049659729, -0.2704487442970276, 0.10783559083938599, -0.049896955490112305, 0.22149044275283813, 1.4351304769515991, -0.13501077890396118, -0.06035717949271202, -1.2798471450805664, -1.167815923690796, 1.0839855670928955, 0.630459725856781, -0.2888440191745758, 2.754518747329712, 0.5069555640220642, 1.10469651222229, -3.5832903385162354, -0.37325701117515564, -0.6385190486907959, 0.3712215721607208, 0.6560584306716919, 0.8808032274246216, -0.02589350938796997, 0.4578001797199249, -1.1036845445632935, -0.22781141102313995, -0.2865423262119293, 0.3610789179801941, 0.09802260249853134, 1.0, 1.0, 1.0, 1.0, 1.0, 1.0, 1.0, 1.0, 1.0, 1.0, 1.0, 1.0]"
55,0.0,0.0,0.0,2.629665505082812e-05,0.0,195.71957397460938,2.2019508833182044e-05,0.0,163.88583374023438,0.0,0.0,0.0,0.7724503874778748,0.07167346775531769,-0.022312287241220474,-0.2749009132385254,-0.32000795006752014,0.26705196499824524,0.3815919756889343,0.8177804350852966,-0.6731647253036499,0.8674384951591492,-0.9888108968734741,-1.0046489238739014,0.9130746126174927,-0.8279563784599304,0.943122386932373,"[0.7724503874778748, 0.07167346775531769, -0.022312287241220474, 0.12238059192895889, -0.07312168926000595, 0.02154548279941082, 0.008086412213742733, 0.009520882740616798, -0.9999219179153442, 0.699999988079071, 0.0, 0.0, -0.2749009132385254, -0.32000795006752014, 0.26705196499824524, 0.3815919756889343, 0.41778042912483215, -0.2731647193431854, 0.4674384891986847, -0.588810920715332, -0.2046489119529724, 0.11307460069656372, -0.027956366539001465, 0.1431223750114441, 1.3986213207244873, -0.2526472210884094, -0.14814800024032593, -1.5657414197921753, -1.4387855529785156, 1.1747874021530151, 0.8618429899215698, 0.6228097081184387, 3.8505144119262695, 0.3337175250053406, 0.8727574348449707, -4.208980560302734, -0.45160552859306335, -0.5359476208686829, 0.4332491457462311, 0.5986675024032593, 0.7168253660202026, -0.1725214421749115, 0.5381084680557251, -0.8399513959884644, 0.11454099416732788, -0.2531854510307312, 0.1410662680864334, -0.11743950098752975, 1.0, 1.0, 1.0, 1.0, 1.0, 1.0, 1.0, 1.0, 1.0, 1.0, 1.0, 1.0]"
56,3.157605533488095e-05,0.0,235.0128631591797,1.6455765944556333e-05,0.0,122.47624206542969,0.0,0.0,0.0,0.0,0.0,0.0,0.8017981052398682,0.0928109735250473,-0.08521008491516113,-0.25525176525115967,-0.3259555995464325,0.26121363043785095,0.34723496437072754,0.7881284952163696,-0.648746132850647,0.8852803707122803,-0.9627678990364075,-0.9186395406723022,0.9171537160873413,-0.8193694353103638,0.8572624921798706,"[0.8017981052398682, 0.0928109735250473, -0.08521008491516113, 0.3783566653728485, -0.017032261937856674, 0.062148671597242355, 0.008185322396457195, 0.005914466921240091, -0.9999489784240723, 0.699999988079071, 0.0, 0.0, -0.25525176525115967, -0.3259555995464325, 0.26121363043785095, 0.34723496437072754, 0.38812848925590515, -0.2487461268901825, 0.4852803647518158, -0.5627678632736206, -0.11863952875137329, 0.11715370416641235, -0.019369423389434814, 0.05726248025894165, -1.1458897590637207, -0.5195844173431396, -0.49710553884506226, -2.092472553253174, -0.10190403461456299, 1.2372784614562988, 0.8786883354187012, 1.785857915878296, 3.7638323307037354, 0.243408203125, -0.23871231079101562, -4.427207946777344, -0.5796858668327332, -0.4564090073108673, 0.6190575361251831, 0.5474303960800171, 0.4256824254989624, -0.47777214646339417, 0.70549476146698, -0.5721570253372192, 0.5388256907463074, -0.05970378965139389, -0.26783818006515503, -0.3717842996120453, 1.0, 1.0, 1.0, 1.0, 1.0, 1.0, 1.0, 1.0, 1.0, 1.0, 1.0, 1.0]"
57,4.7369172534672543e-05,0.0,352.55718994140625,3.1046556614455767e-06,0.0,23.107194900512695,0.0,0.0,0.0,5.601254815701395e-05,0.0,416.8877258300781,0.7753973603248596,0.020885081961750984,-0.12682636082172394,-0.2666490077972412,-0.33574777841567993,0.2640182375907898,0.31150680780410767,0.8189445734024048,-0.6259883642196655,0.8971285820007324,-0.9158158898353577,-0.9207730889320374,0.926526665687561,-0.8705624938011169,0.7834293246269226,"[0.7753973603248596, 0.020885081961750984, -0.12682636082172394, 0.15761932730674744, -0.09339743107557297, 0.039727065712213516, 0.00658620148897171, -0.0018198264297097921, -0.999976634979248, 0.699999988079071, 0.0, 0.0, -0.2666490077972412, -0.33574777841567993, 0.2640182375907898, 0.31150680780410767, 0.4189445674419403, -0.22598835825920105, 0.49712857604026794, -0.5158158540725708, -0.1207730770111084, 0.12652665376663208, -0.07056248188018799, -0.016570687294006348, -0.25096818804740906, -0.14578303694725037, 0.9937939643859863, 0.8177626132965088, 1.5168166160583496, 0.9221383333206177, 0.43704307079315186, 0.4680349826812744, -0.09145864844322205, 0.560474693775177, -3.940126895904541, 4.877397060394287, -0.6894519329071045, -0.5182511210441589, 0.8737634420394897, 0.5041598081588745, 0.2767982482910156, -0.9663699865341187, 1.0222784280776978, -0.39155030250549316, 0.6505369544029236, 0.3554326295852661, -0.8680872321128845, -0.5391111969947815, 1.0, 1.0, 1.0, 1.0, 1.0, 1.0, 1.0, 1.0, 1.0, 1.0, 1.0, 1.0]"
58,4.0915172576205805e-05,0.0,304.52166748046875,0.0,0.0,0.0,0.0,0.0,0.0,4.641429768525995e-05,0.0,345.4502868652344,0.7228776812553406,0.013048910535871983,-0.07887107133865356,-0.2652052044868469,-0.33508026599884033,0.30623626708984375,0.3167584538459778,0.845500648021698,-0.6270291209220886,0.9019641280174255,-0.9144368171691895,-0.919307291507721,0.9621697068214417,-0.9615938067436218,0.8234749436378479,"[0.7228776812553406, 0.013048910535871983, -0.07887107133865356, -0.15346397459506989, -0.07461768388748169, -0.007597570773214102, 0.004823543597012758, 0.0009932301472872496, -0.9999881386756897, 0.699999988079071, 0.0, 0.0, -0.2652052044868469, -0.33508026599884033, 0.30623626708984375, 0.3167584538459778, 0.4455006420612335, -0.22702911496162415, 0.5019640922546387, -0.5144368410110474, -0.11930727958679199, 0.1621696949005127, -0.16159379482269287, 0.023474931716918945, 0.08752387762069702, -0.18108320236206055, 2.435534954071045, 0.22362665832042694, 1.325282335281372, -0.8328768610954285, 0.22807441651821136, 0.3096891939640045, 0.0346623919904232, 3.4972078800201416, -5.050779342651367, 1.597846508026123, -0.6862629055976868, -0.6374251246452332, 0.5931040048599243, 0.42844459414482117, 0.6022782325744629, -1.247584342956543, 1.125327706336975, -0.34020933508872986, 0.5217360854148865, 0.8046947717666626, -1.195855736732483, -0.34846624732017517, 1.0, 1.0, 1.0, 1.0, 1.0, 1.0, 1.0, 1.0, 1.0, 1.0, 1.0, 1.0]"
59,3.460466177784838e-05,0.0,257.55401611328125,0.0,0.0,0.0,0.0,0.0,0.0,4.026308670290746e-05,0.0,299.66827392578125,0.6897387504577637,0.0361495316028595,-0.06368602067232132,-0.26991137862205505,-0.3533107340335846,0.34438246488571167,0.3134574890136719,0.8653016686439514,-0.6640322208404541,0.906276524066925,-0.9116570949554443,-0.9114841222763062,1.0482738018035889,-1.077063798904419,0.8555944561958313,"[0.6897387504577637, 0.0361495316028595, -0.06368602067232132, 0.35015007853507996, -0.019077099859714508, 0.0070753199979662895, 0.00419743824750185, -0.0024405578151345253, -0.9999880790710449, 0.699999988079071, 0.0, 0.0, -0.26991137862205505, -0.3533107340335846, 0.34438246488571167, 0.3134574890136719, 0.46530166268348694, -0.2640322148799896, 0.5062764883041382, -0.5116571187973022, -0.1114841103553772, 0.2482737898826599, -0.27706378698349, 0.055594444274902344, -0.4203420877456665, -1.2240549325942993, 1.4872294664382935, -0.32763054966926575, 0.8892664313316345, -2.3072750568389893, 0.14682158827781677, 0.09272319078445435, 0.4960082769393921, 4.041660308837891, -5.8310441970825195, 1.659432291984558, -0.640333890914917, -0.6231297254562378, 0.6449096202850342, 0.5243997573852539, 0.5462130904197693, -1.2422099113464355, 1.108394980430603, -0.1584276705980301, 0.5138655304908752, 0.9119948148727417, -1.2504404783248901, -0.270332008600235, 1.0, 1.0, 1.0, 1.0, 1.0, 1.0, 1.0, 1.0, 1.0, 1.0, 1.0, 1.0]"
60,3.38781755999662e-05,0.0,252.14695739746094,0.0,0.0,0.0,0.0,0.0,0.0,3.7789672205690295e-05,0.0,281.25927734375,0.677686870098114,0.034505363553762436,-0.06462986767292023,-0.2774604558944702,-0.37548330426216125,0.36637309193611145,0.30778101086616516,0.8821935653686523,-0.7206019759178162,0.9029832482337952,-0.9082679748535156,-0.9006637930870056,1.1179362535476685,-1.1765989065170288,0.8863043785095215,"[0.677686870098114, 0.034505363553762436, -0.06462986767292023, 0.19221119582653046, -0.03627657890319824, 0.033717796206474304, 0.00363240297883749, -0.008380626328289509, -0.9999583959579468, 0.699999988079071, 0.0, 0.0, -0.2774604558944702, -0.37548330426216125, 0.36637309193611145, 0.30778101086616516, 0.48219355940818787, -0.3206019699573517, 0.5029832124710083, -0.5082679986953735, -0.10066378116607666, 0.3179362416267395, -0.37659889459609985, 0.08630436658859253, -0.27941590547561646, -0.9408859610557556, 0.9400264620780945, -0.18070010840892792, 0.8711758255958557, -3.0798561573028564, -0.3979334831237793, 0.18375325202941895, 0.5067067742347717, 3.173461675643921, -4.238268852233887, 1.508413314819336, -0.5388769507408142, -0.6879880428314209, 0.6044321060180664, 0.5048360824584961, 0.5173200368881226, -1.2898876667022705, 1.082838535308838, -0.2308676838874817, 0.49281442165374756, 0.9162576198577881, -1.1947681903839111, -0.30148234963417053, 1.0, 1.0, 1.0, 1.0, 1.0, 1.0, 1.0, 1.0, 1.0, 1.0, 1.0, 1.0]"
61,3.735224163392559e-05,0.0,278.00360107421875,0.0,0.0,0.0,0.0,0.0,0.0,3.895356712746434e-05,0.0,289.9218444824219,0.6752827763557434,0.03194887191057205,-0.04894240200519562,-0.2806202173233032,-0.3899729251861572,0.3784808814525604,0.3064662218093872,0.8987199068069458,-0.7852897644042969,0.8874316215515137,-0.9009649157524109,-0.8889676332473755,1.1621754169464111,-1.2299401760101318,0.9121376276016235,"[0.6752827763557434, 0.03194887191057205, -0.04894240200519562, 0.027626117691397667, -0.061818212270736694, 0.03117259591817856, 0.0025669471360743046, -0.009821870364248753, -0.999948263168335, 0.699999988079071, 0.0, 0.0, -0.2806202173233032, -0.3899729251861572, 0.3784808814525604, 0.3064662218093872, 0.4987199008464813, -0.3852897584438324, 0.4874316155910492, -0.500964879989624, -0.08896762132644653, 0.3621754050254822, -0.4299401640892029, 0.11213761568069458, -0.10890509188175201, -0.6458315849304199, 0.3549996614456177, -0.02431846782565117, 0.8063777089118958, -3.2631070613861084, -1.0005508661270142, 0.3891710937023163, 0.6337118148803711, 1.6331888437271118, -1.5908797979354858, 1.2631959915161133, -0.514569103717804, -0.6934613585472107, 0.5500358939170837, 0.5317327976226807, 0.44383397698402405, -1.296858549118042, 1.0526148080825806, -0.24884802103042603, 0.5062673687934875, 0.9126632213592529, -1.0697021484375, -0.31011202931404114, 1.0, 1.0, 1.0, 1.0, 1.0, 1.0, 1.0, 1.0, 1.0, 1.0, 1.0, 1.0]"
62,3.8866983231855556e-05,0.0,289.2774353027344,0.0,0.0,0.0,0.0,0.0,0.0,3.934277265216224e-05,0.0,292.8186340332031,0.6815665364265442,0.03261304646730423,-0.024779077619314194,-0.282649427652359,-0.401542067527771,0.37776312232017517,0.3056367039680481,0.9124215841293335,-0.8483059406280518,0.864130437374115,-0.8901450037956238,-0.8723764419555664,1.1852681636810303,-1.2409487962722778,0.9337990880012512,"[0.6815665364265442, 0.03261304646730423, -0.024779077619314194, 0.031713664531707764, -0.0789022371172905, 0.015976162627339363, 0.0010767385829240084, -0.010432586073875427, -0.9999449253082275, 0.699999988079071, 0.0, 0.0, -0.282649427652359, -0.401542067527771, 0.37776312232017517, 0.3056367039680481, 0.5124216079711914, -0.4483059346675873, 0.4641304314136505, -0.4901449978351593, -0.07237643003463745, 0.3852681517601013, -0.4409487843513489, 0.13379907608032227, -0.09255634248256683, -0.5134574770927429, -0.2607383131980896, -0.043621283024549484, 0.636487603187561, -3.017345905303955, -1.2427273988723755, 0.5534577369689941, 0.9212145805358887, 0.8934496641159058, 0.0438416562974453, 1.0683411359786987, -0.48549601435661316, -0.7198228240013123, 0.4876125156879425, 0.5697582960128784, 0.40178942680358887, -1.2667160034179688, 1.017961859703064, -0.2885226607322693, 0.5220734477043152, 0.8890340328216553, -0.9228900074958801, -0.3362199664115906, 1.0, 1.0, 1.0, 1.0, 1.0, 1.0, 1.0, 1.0, 1.0, 1.0, 1.0, 1.0]"
63,3.866626866511069e-05,0.0,287.7835693359375,0.0,0.0,0.0,0.0,0.0,0.0,3.8696511182934046e-05,0.0,288.0086669921875,0.6969451308250427,0.03105057030916214,0.002297045197337866,-0.2844417691230774,-0.40775540471076965,0.36622825264930725,0.30424657464027405,0.9226561188697815,-0.9002717733383179,0.8386552929878235,-0.8756956458091736,-0.8500492572784424,1.1934428215026855,-1.2276978492736816,0.9510218501091003,"[0.6969451308250427, 0.03105057030916214, 0.002297045197337866, 0.03913877159357071, -0.07374595105648041, 0.00046369200572371483, -0.0004942494560964406, -0.011241392232477665, -0.999936580657959, 0.699999988079071, 0.0, 0.0, -0.2844417691230774, -0.40775540471076965, 0.36622825264930725, 0.30424657464027405, 0.5226560831069946, -0.5002717971801758, 0.438655287027359, -0.4756956398487091, -0.05004924535751343, 0.3934428095817566, -0.4276978373527527, 0.1510218381881714, -0.07789216190576553, -0.1624060720205307, -0.7624574303627014, -0.06877725571393967, 0.45774033665657043, -2.29167103767395, -1.3062506914138794, 0.7344604730606079, 1.2060010433197021, 0.016122426837682724, 1.103576898574829, 0.8285208940505981, -0.5094367861747742, -0.7383642196655273, 0.43532055616378784, 0.6541398763656616, 0.3637810945510864, -1.2252997159957886, 0.9517796039581299, -0.2948513329029083, 0.5365612506866455, 0.80013108253479, -0.7682889103889465, -0.3523549437522888, 1.0, 1.0, 1.0, 1.0, 1.0, 1.0, 1.0, 1.0, 1.0, 1.0, 1.0, 1.0]"
64,3.780969564104453e-05,0.0,281.4083251953125,0.0,0.0,0.0,0.0,0.0,0.0,3.77664364350494e-05,0.0,281.08636474609375,0.7166616916656494,0.0290004163980484,0.029991338029503822,-0.28574511408805847,-0.40641510486602783,0.34591639041900635,0.3025525212287903,0.9296121001243591,-0.9348001480102539,0.8119186162948608,-0.8571810126304626,-0.822822093963623,1.181013822555542,-1.1947691440582275,0.9625916481018066,"[0.7166616916656494, 0.0290004163980484, 0.029991338029503822, 0.021545691415667534, -0.039295587688684464, -0.011166604235768318, -0.0016174342017620802, -0.011929725296795368, -0.9999276995658875, 0.699999988079071, 0.0, 0.0, -0.28574511408805847, -0.40641510486602783, 0.34591639041900635, 0.3025525212287903, 0.5296120643615723, -0.5348001718521118, 0.41191861033439636, -0.45718100666999817, -0.022822082042694092, 0.38101381063461304, -0.3947691321372986, 0.16259163618087769, -0.043749503791332245, 0.22333000600337982, -1.1607495546340942, -0.07280759513378143, 0.2983674108982086, -1.3435108661651611, -1.4000991582870483, 0.9389246702194214, 1.4282172918319702, -1.2818583250045776, 2.1643669605255127, 0.5177546739578247, -0.5625272393226624, -0.7526470422744751, 0.4010138213634491, 0.7494455575942993, 0.33560246229171753, -1.1434295177459717, 0.8465124368667603, -0.292425274848938, 0.5465880036354065, 0.6168131828308105, -0.560087263584137, -0.3993648886680603, 1.0, 1.0, 1.0, 1.0, 1.0, 1.0, 1.0, 1.0, 1.0, 1.0, 1.0, 1.0]"
65,3.648332130978815e-05,0.0,271.5364074707031,0.0,0.0,0.0,0.0,0.0,0.0,3.6476587411016226e-05,0.0,271.4862976074219,0.7381893396377563,0.025836165994405746,0.057699527591466904,-0.28579387068748474,-0.3980582654476166,0.31998851895332336,0.30133381485939026,0.9338211417198181,-0.9494612216949463,0.7816721796989441,-0.8340469598770142,-0.7923523187637329,1.1372007131576538,-1.1375139951705933,0.9666374325752258,"[0.7381893396377563, 0.025836165994405746, 0.057699527591466904, -0.05126621201634407, 0.026824217289686203, -0.01917966455221176, -0.001647174241952598, -0.011593715287744999, -0.9999313354492188, 0.699999988079071, 0.0, 0.0, -0.28579387068748474, -0.3980582654476166, 0.31998851895332336, 0.30133381485939026, 0.5338211059570312, -0.5494612455368042, 0.3816721737384796, -0.4340469539165497, 0.007647693157196045, 0.33720070123672485, -0.3375139832496643, 0.16663742065429688, 0.039481937885284424, 0.566983163356781, -1.357296347618103, -0.02844146080315113, 0.17879952490329742, -0.3191295266151428, -1.6325076818466187, 1.1773290634155273, 1.5519345998764038, -3.0023391246795654, 3.484229803085327, 0.10927298665046692, -0.6705780625343323, -0.7218675017356873, 0.3948226273059845, 0.8407560586929321, 0.30680274963378906, -1.015210509300232, 0.6977559328079224, -0.3052339553833008, 0.5482553839683533, 0.3456389307975769, -0.2636512517929077, -0.46360501646995544, 1.0, 1.0, 1.0, 1.0, 1.0, 1.0, 1.0, 1.0, 1.0, 1.0, 1.0, 1.0]"
66,3.3044740121113136e-05,0.0,245.94390869140625,0.0,0.0,0.0,0.0,0.0,0.0,3.26932713505812e-05,0.0,243.32801818847656,0.7610422968864441,0.019112566486001015,0.07300955057144165,-0.283945769071579,-0.38265538215637207,0.29351869225502014,0.30139708518981934,0.9362262487411499,-0.9429623484611511,0.7457119226455688,-0.8064607977867126,-0.7605523467063904,1.0621908903121948,-1.0550068616867065,0.9625771045684814,"[0.7610422968864441, 0.019112566486001015, 0.07300955057144165, -0.14657743275165558, 0.10577283799648285, -0.023252146318554878, -0.0001761403400450945, -0.009488030336797237, -0.9999551773071289, 0.699999988079071, 0.0, 0.0, -0.283945769071579, -0.38265538215637207, 0.29351869225502014, 0.30139708518981934, 0.5362262725830078, -0.5429623126983643, 0.34571191668510437, -0.40646079182624817, 0.039447665214538574, 0.26219087839126587, -0.2550068497657776, 0.1625770926475525, 0.13788585364818573, 0.9424205422401428, -1.24632728099823, 0.045584786683321, 0.14363783597946167, 0.7505755424499512, -1.9073916673660278, 1.392783284187317, 1.5385653972625732, -4.2895827293396, 4.531116962432861, -0.28587326407432556, -0.8033071160316467, -0.6238514184951782, 0.4706672132015228, 0.8364509344100952, 0.3203040659427643, -0.8514437675476074, 0.5753592252731323, -0.4064292013645172, 0.4595772624015808, 0.07501520961523056, 0.042691126465797424, -0.463103324174881, 1.0, 1.0, 1.0, 1.0, 1.0, 1.0, 1.0, 1.0, 1.0, 1.0, 1.0, 1.0]"
67,2.3760951080475934e-05,0.0,176.84695434570312,0.0,0.0,0.0,1.5666366380173713e-05,0.0,116.6009292602539,2.5790524887270294e-05,0.0,191.95257568359375,0.7878924608230591,-0.0014994676457718015,0.06111270189285278,-0.27978724241256714,-0.3573944568634033,0.2759897708892822,0.30364540219306946,0.9395473003387451,-0.9148501753807068,0.7069387435913086,-0.7760892510414124,-0.73175448179245,0.969957709312439,-0.9630035758018494,0.9520701766014099,"[0.7878924608230591, -0.0014994676457718015, 0.06111270189285278, -0.3389182686805725, 0.1724853664636612, -0.02244204841554165, 0.0031910696998238564, -0.005057798698544502, -0.9999818801879883, 0.699999988079071, 0.0, 0.0, -0.27978724241256714, -0.3573944568634033, 0.2759897708892822, 0.30364540219306946, 0.539547324180603, -0.5148501396179199, 0.3069387376308441, -0.3760892450809479, 0.068245530128479, 0.16995769739151, -0.1630035638809204, 0.15207016468048096, 0.3383561968803406, 1.6154825687408447, 0.2331751585006714, 0.2522401511669159, 0.26506054401397705, 1.8361159563064575, -1.271367073059082, 1.5738130807876587, 1.3320873975753784, -4.800309181213379, 2.8967928886413574, -0.5995162129402161, -0.9246714115142822, -0.4906821548938751, 0.5541335940361023, 0.7790838479995728, 0.3873007297515869, -0.6512508392333984, 0.4730178415775299, -0.6015456914901733, 0.24742387235164642, -0.16005933284759521, 0.2638424038887024, -0.38586828112602234, 1.0, 1.0, 1.0, 1.0, 1.0, 1.0, 1.0, 1.0, 1.0, 1.0, 1.0, 1.0]"
68,5.9588783187791705e-06,0.0,44.35047912597656,2.625977504067123e-05,0.0,195.44508361816406,3.417558764340356e-05,0.0,254.36053466796875,1.380384128424339e-05,0.0,102.73861694335938,0.7782237529754639,0.03188426047563553,0.06251904368400574,-0.26961690187454224,-0.320995956659317,0.2872927188873291,0.3142071068286896,0.9447612762451172,-0.8701243996620178,0.7279619574546814,-0.7417417764663696,-0.7083722949028015,0.8940173983573914,-0.955513596534729,0.9379777312278748,"[0.7782237529754639, 0.03188426047563553, 0.06251904368400574, -0.5976182222366333, 0.13675493001937866, 0.03343285992741585, 0.005428217351436615, 0.007321620360016823, -0.9999586343765259, 0.699999988079071, 0.0, 0.0, -0.26961690187454224, -0.320995956659317, 0.2872927188873291, 0.3142071068286896, 0.5447613000869751, -0.47012439370155334, 0.3279619514942169, -0.34174177050590515, 0.09162771701812744, 0.0940173864364624, -0.15551358461380005, 0.1379777193069458, 0.29095157980918884, -0.3170623779296875, 0.5019093155860901, 0.450945109128952, 0.25281673669815063, 1.2679990530014038, 0.941206693649292, 1.7627428770065308, 0.6606361269950867, 0.11902749538421631, 0.49114474654197693, -0.8543144464492798, -0.99851393699646, -0.38754919171333313, 0.5759381055831909, 0.7167632579803467, 0.49313783645629883, -0.46934857964515686, 0.4104613959789276, -0.8270512819290161, -0.08167485892772675, -0.40653032064437866, 0.4247628450393677, -0.26146891713142395, 1.0, 1.0, 1.0, 1.0, 1.0, 1.0, 1.0, 1.0, 1.0, 1.0, 1.0, 1.0]"
69,0.0,0.0,0.0,3.950621248804964e-05,0.0,294.0350646972656,3.5316075809532776e-05,0.0,262.8489074707031,7.017370684536672e-09,0.0,0.05222857743501663,0.7413223385810852,0.05008190497756004,0.0861656591296196,-0.28587138652801514,-0.31223076581954956,0.2927436828613281,0.3219059705734253,0.9482277631759644,-0.8513980507850647,0.7453197240829468,-0.7100374102592468,-0.7723181247711182,0.8987505435943604,-0.9463731050491333,0.918191134929657,"[0.7413223385810852, 0.05008190497756004, 0.0861656591296196, -0.2050393968820572, 0.19279135763645172, 0.1482112556695938, 0.008906195871531963, 0.016087396070361137, -0.9998307228088379, 0.699999988079071, 0.0, 0.0, -0.28587138652801514, -0.31223076581954956, 0.2927436828613281, 0.3219059705734253, 0.5482277870178223, -0.4513980448246002, 0.3453197181224823, -0.31003740429878235, 0.02768188714981079, 0.0987505316734314, -0.14637309312820435, 0.11819112300872803, -1.7558339834213257, 0.236795574426651, 0.024005983024835587, 0.29191854596138, -0.01985127292573452, 1.0677769184112549, 1.0034486055374146, 1.1899648904800415, -5.782444953918457, -0.030400682240724564, 0.2204269915819168, -1.3595116138458252, -0.8561432957649231, -0.5456919074058533, 0.4013150632381439, 0.6464860439300537, 1.082871675491333, -0.18308225274085999, 0.4057822823524475, -1.466431736946106, -1.143353819847107, -0.4102229177951813, 0.582038164138794, 0.4150308668613434, 1.0, 1.0, 1.0, 1.0, 1.0, 1.0, 1.0, 1.0, 1.0, 1.0, 1.0, 1.0]"
70,0.0,0.0,0.0,3.4467491786926985e-05,0.0,256.5331115722656,3.414399179746397e-05,0.0,254.12538146972656,0.0,0.0,0.0,0.6924670934677124,0.05173565447330475,0.07521367073059082,-0.3304576575756073,-0.31462523341178894,0.28580549359321594,0.3339519202709198,0.9347601532936096,-0.8262523412704468,0.7645164132118225,-0.7228218913078308,-0.8730039596557617,0.8918370008468628,-0.9422910213470459,0.9668150544166565,"[0.6924670934677124, 0.05173565447330475, 0.07521367073059082, 0.24465824663639069, 0.15969718992710114, 0.13925862312316895, 0.012323002330958843, 0.01258358359336853, -0.9998453259468079, 0.699999988079071, 0.0, 0.0, -0.3304576575756073, -0.31462523341178894, 0.28580549359321594, 0.3339519202709198, 0.5347601175308228, -0.4262523353099823, 0.36451640725135803, -0.32282188534736633, -0.07300394773483276, 0.09183698892593384, -0.14229100942611694, 0.16681504249572754, -2.0837242603302, -0.18752942979335785, -0.3869246542453766, 0.9685174226760864, -0.8525564670562744, 1.157131552696228, 1.0419106483459473, -1.671828269958496, -5.1350202560424805, -0.27214327454566956, 0.056407783180475235, 4.193862438201904, -0.42899802327156067, -0.7517042756080627, 0.25846853852272034, 0.834815502166748, 1.2054545879364014, -0.22271046042442322, 0.5637553930282593, -1.6029258966445923, -1.267555594444275, -0.35837993025779724, 0.548504650592804, 0.8144550919532776, 1.0, 1.0, 1.0, 1.0, 1.0, 1.0, 1.0, 1.0, 1.0, 1.0, 1.0, 1.0]"
71,0.0,0.0,0.0,3.133655263809487e-05,0.0,233.23028564453125,3.33380994561594e-05,0.0,248.1273193359375,0.0,0.0,0.0,0.6723081469535828,0.03492698818445206,0.03478330746293068,-0.35288262367248535,-0.31565311551094055,0.28183022141456604,0.3672529458999634,0.9215044975280762,-0.8043253421783447,0.7833966612815857,-0.7779919505119324,-1.0106486082077026,0.8884504437446594,-0.9395512342453003,1.0447522401809692,"[0.6723081469535828, 0.03492698818445206, 0.03478330746293068, 0.04158695042133331, 0.1547393649816513, 0.07890169322490692, 0.01562664844095707, 0.010823629796504974, -0.9998190402984619, 0.699999988079071, 0.0, 0.0, -0.35288262367248535, -0.31565311551094055, 0.28183022141456604, 0.3672529458999634, 0.5215045213699341, -0.40432533621788025, 0.3833966553211212, -0.3779919445514679, -0.21064859628677368, 0.08845043182373047, -0.13955122232437134, 0.24475222826004028, -0.5573046803474426, -0.024107079952955246, -0.11493317782878876, 1.9643532037734985, -0.6130052208900452, 0.9149333238601685, 0.9872602224349976, -3.2783756256103516, -7.1998162269592285, 0.05398380383849144, 0.05417584255337715, 3.599438190460205, -0.5503121018409729, -0.6589136719703674, 0.4501080811023712, 0.7392436265945435, 1.2815824747085571, -0.1560782492160797, 0.5306777954101562, -1.5407582521438599, -1.2377694845199585, -0.3529880940914154, 0.5702823400497437, 0.8745955228805542, 1.0, 1.0, 1.0, 1.0, 1.0, 1.0, 1.0, 1.0, 1.0, 1.0, 1.0, 1.0]"
72,0.0,0.0,0.0,3.349103280925192e-05,0.0,249.2655792236328,3.3695487218210474e-05,0.0,250.78726196289062,0.0,0.0,0.0,0.674708366394043,0.04140457883477211,0.015281522646546364,-0.3548203408718109,-0.3182765245437622,0.2779921889305115,0.40590229630470276,0.9090335965156555,-0.7839493751525879,0.802830159664154,-0.8521209955215454,-1.125616192817688,0.8895773887634277,-0.936264157295227,1.1084895133972168,"[0.674708366394043, 0.04140457883477211, 0.015281522646546364, 0.17881515622138977, 0.06115799769759178, 0.03358334302902222, 0.0175776407122612, 0.00838566105812788, -0.9998103976249695, 0.699999988079071, 0.0, 0.0, -0.3548203408718109, -0.3182765245437622, 0.2779921889305115, 0.40590229630470276, 0.5090335607528687, -0.3839493691921234, 0.4028301537036896, -0.45212098956108093, -0.32561618089675903, 0.08957737684249878, -0.1362641453742981, 0.30848950147628784, 0.04302055388689041, -0.20254161953926086, -0.23876997828483582, 1.7820320129394531, -0.645157516002655, 0.9159660935401917, 1.0219690799713135, -3.7697160243988037, -4.539655685424805, 0.22698163986206055, 0.1541372388601303, 2.591792106628418, -0.5939739942550659, -0.4739905297756195, 0.45898082852363586, 0.7447299957275391, 1.2158997058868408, -0.05284908413887024, 0.5376667976379395, -1.4414865970611572, -1.005354881286621, -0.3330744504928589, 0.5144912004470825, 0.8467827439308167, 1.0, 1.0, 1.0, 1.0, 1.0, 1.0, 1.0, 1.0, 1.0, 1.0, 1.0, 1.0]"
73,0.0,0.0,0.0,3.542529884725809e-05,0.0,263.6618347167969,3.3927102776942775e-05,0.0,252.51112365722656,0.0,0.0,0.0,0.6920574903488159,0.051396459341049194,0.021097786724567413,-0.3513178825378418,-0.32235634326934814,0.27313798666000366,0.43282008171081543,0.8956311345100403,-0.762763261795044,0.8210262656211853,-0.9198225140571594,-1.1686131954193115,0.8935770988464355,-0.927335262298584,1.132950782775879,"[0.6920574903488159, 0.051396459341049194, 0.021097786724567413, 0.10779327899217606, -0.039692796766757965, 0.03105108067393303, 0.017498893663287163, 0.005370620638132095, -0.9998323917388916, 0.699999988079071, 0.0, 0.0, -0.3513178825378418, -0.32235634326934814, 0.27313798666000366, 0.43282008171081543, 0.4956311285495758, -0.36276325583457947, 0.4210262596607208, -0.5198224782943726, -0.36861318349838257, 0.09357708692550659, -0.12733525037765503, 0.33295077085494995, 0.2959097623825073, -0.1707545965909958, -0.2043396681547165, 1.0424811840057373, -0.7393388152122498, 0.9382216334342957, 0.8988701701164246, -3.0524697303771973, -0.5221969485282898, 0.42297473549842834, 0.5532718300819397, 0.44417858123779297, -0.530009925365448, -0.4873564541339874, 0.5323998928070068, 0.663009524345398, 1.1391382217407227, -0.012771755456924438, 0.41983410716056824, -1.425897479057312, -0.7784661054611206, -0.32087019085884094, 0.5021637082099915, 0.7177658081054688, 1.0, 1.0, 1.0, 1.0, 1.0, 1.0, 1.0, 1.0, 1.0, 1.0, 1.0, 1.0]"
74,0.0,0.0,0.0,3.472765820333734e-05,0.0,258.4694519042969,3.4087417589034885e-05,0.0,253.70431518554688,0.0,0.0,0.0,0.7129966020584106,0.05911731719970703,0.030812526121735573,-0.34008270502090454,-0.32334932684898376,0.2713395357131958,0.4419454038143158,0.8804900646209717,-0.7410614490509033,0.8353553414344788,-0.9671210050582886,-1.1531327962875366,0.9005897045135498,-0.9092018008232117,1.1232705116271973,"[0.7129966020584106, 0.05911731719970703, 0.030812526121735573, -0.11306332051753998, -0.1020880937576294, 0.0218349602073431, 0.01580263487994671, 0.006196073722094297, -0.9998557567596436, 0.699999988079071, 0.0, 0.0, -0.34008270502090454, -0.32334932684898376, 0.2713395357131958, 0.4419454038143158, 0.4804900586605072, -0.34106144309043884, 0.4353553354740143, -0.5671210289001465, -0.35313278436660767, 0.10058969259262085, -0.10920178890228271, 0.3232704997062683, 0.7489079236984253, 0.013244345784187317, -0.020955650135874748, 0.04060843214392662, -0.8132614493370056, 0.9441911578178406, 0.6929029822349548, -1.893225908279419, 1.3990319967269897, 0.5587076544761658, 0.9958325624465942, -1.3311808109283447, -0.41695114970207214, -0.5993375778198242, 0.44668594002723694, 0.6554975509643555, 1.0364855527877808, 0.016067862510681152, 0.41676411032676697, -1.3617981672286987, -0.6027559041976929, -0.2810567319393158, 0.49699026346206665, 0.49935367703437805, 1.0, 1.0, 1.0, 1.0, 1.0, 1.0, 1.0, 1.0, 1.0, 1.0, 1.0, 1.0]"
75,0.0,0.0,0.0,3.205293614882976e-05,0.0,238.56214904785156,3.192945587215945e-05,0.0,237.64312744140625,0.0,0.0,0.0,0.7331639528274536,0.06813875585794449,0.031124310567975044,-0.31868574023246765,-0.3227844536304474,0.2713683247566223,0.4304302930831909,0.8615543246269226,-0.7181432843208313,0.8468015789985657,-0.9920335412025452,-1.1138107776641846,0.9083682894706726,-0.884830117225647,1.0784955024719238,"[0.7331639528274536, 0.06813875585794449, 0.031124310567975044, -0.13442905247211456, -0.12955324351787567, 0.0033928726334124804, 0.013284450396895409, 0.009246150963008404, -0.9998688697814941, 0.699999988079071, 0.0, 0.0, -0.31868574023246765, -0.3227844536304474, 0.2713683247566223, 0.4304302930831909, 0.46155431866645813, -0.3181432783603668, 0.4468015730381012, -0.5920335054397583, -0.3138107657432556, 0.10836827754974365, -0.08483010530471802, 0.2784954905509949, 1.2426519393920898, -0.0026348051615059376, 0.0037085488438606262, -0.9193023443222046, -1.0727413892745972, 1.0270732641220093, 0.5901813507080078, -0.8694636821746826, 2.3559622764587402, 0.5333937406539917, 1.1804463863372803, -2.8985819816589355, -0.35741838812828064, -0.6640593409538269, 0.3766687214374542, 0.6718714237213135, 0.9478383660316467, 0.01391705870628357, 0.44548553228378296, -1.2521001100540161, -0.4064851999282837, -0.2735123932361603, 0.4318154454231262, 0.26023563742637634, 1.0, 1.0, 1.0, 1.0, 1.0, 1.0, 1.0, 1.0, 1.0, 1.0, 1.0, 1.0]"
76,0.0,0.0,0.0,2.9248294595163316e-05,0.0,217.6879119873047,2.6512969270697795e-05,0.0,197.32955932617188,0.0,0.0,0.0,0.7555295825004578,0.0754566639661789,0.012867791578173637,-0.2904520332813263,-0.32423508167266846,0.26976248621940613,0.4056439697742462,0.8371254205703735,-0.6932869553565979,0.8584330677986145,-0.9994300603866577,-1.0599639415740967,0.9142613410949707,-0.8601206541061401,1.007678508758545,"[0.7555295825004578, 0.0754566639661789, 0.012867791578173637, -0.007772259414196014, -0.10666131973266602, 0.0035513252951204777, 0.010840840637683868, 0.010623014532029629, -0.9998849034309387, 0.699999988079071, 0.0, 0.0, -0.2904520332813263, -0.32423508167266846, 0.26976248621940613, 0.4056439697742462, 0.43712541460990906, -0.2932869493961334, 0.45843306183815, -0.5994300842285156, -0.2599639296531677, 0.11426132917404175, -0.06012064218521118, 0.20767849683761597, 1.4739973545074463, -0.13977301120758057, -0.06798093765974045, -1.422028660774231, -1.3557077646255493, 1.1426594257354736, 0.6718477010726929, -0.024299997836351395, 3.155562162399292, 0.38825827836990356, 1.0179754495620728, -4.058865547180176, -0.3792571723461151, -0.6113522052764893, 0.37628188729286194, 0.6358804702758789, 0.8262231349945068, -0.06143003702163696, 0.50819331407547, -1.032613754272461, -0.11553370952606201, -0.2830648422241211, 0.2795020341873169, 0.018794797360897064, 1.0, 1.0, 1.0, 1.0, 1.0, 1.0, 1.0, 1.0, 1.0, 1.0, 1.0, 1.0]"
77,0.0,0.0,0.0,2.3816872271709144e-05,0.0,177.26316833496094,1.6696934835636057e-05,0.0,124.27120208740234,0.0,0.0,0.0,0.7808151841163635,0.08085663616657257,-0.033457834273576736,-0.2625281512737274,-0.32860615849494934,0.26523318886756897,0.373283326625824,0.8066096901893616,-0.6673545837402344,0.8733313083648682,-0.9879958629608154,-0.983765721321106,0.9173962473869324,-0.8410105109214783,0.9209545850753784,"[0.7808151841163635, 0.08085663616657257, -0.033457834273576736, 0.12889456748962402, -0.016431694850325584, 0.04299534857273102, 0.009724237024784088, 0.00893799215555191, -0.9999127984046936, 0.699999988079071, 0.0, 0.0, -0.2625281512737274, -0.32860615849494934, 0.26523318886756897, 0.373283326625824, 0.4066096842288971, -0.2673545777797699, 0.4733313024044037, -0.5879958868026733, -0.183765709400177, 0.11739623546600342, -0.041010499000549316, 0.12095457315444946, 1.3189396858215332, -0.25474676489830017, -0.16389882564544678, -1.7467900514602661, -1.6796550750732422, 1.2030001878738403, 0.9583643078804016, 1.0133068561553955, 4.452342510223389, 0.22017225623130798, 0.635807991027832, -4.639962196350098, -0.4868520200252533, -0.49364104866981506, 0.4839271605014801, 0.5680364370346069, 0.610831618309021, -0.2618964612483978, 0.6304095983505249, -0.7305629253387451, 0.3002309799194336, -0.2168223261833191, -0.008057698607444763, -0.22914591431617737, 1.0, 1.0, 1.0, 1.0, 1.0, 1.0, 1.0, 1.0, 1.0, 1.0, 1.0, 1.0]"
78,1.590223837411031e-05,0.0,118.3564682006836,1.008267281576991e-05,0.0,75.04287719726562,0.0,0.0,0.0,0.0,0.0,0.0,0.8108907341957092,0.08241400867700577,-0.0975208654999733,-0.25717511773109436,-0.33688366413116455,0.25959447026252747,0.33259594440460205,0.8027288317680359,-0.6421253085136414,0.893135130405426,-0.9527921080589294,-0.9345524907112122,0.9206802248954773,-0.8483037948608398,0.8286499977111816,"[0.8108907341957092, 0.08241400867700577, -0.0975208654999733, 0.45283880829811096, -0.038606997579336166, 0.042874936014413834, 0.009911115281283855, 0.0031838761642575264, -0.9999459981918335, 0.699999988079071, 0.0, 0.0, -0.25717511773109436, -0.33688366413116455, 0.25959447026252747, 0.33259594440460205, 0.4027288258075714, -0.24212530255317688, 0.49313512444496155, -0.5527920722961426, -0.1345524787902832, 0.12068021297454834, -0.04830378293991089, 0.028649985790252686, -0.6891114711761475, -0.6010676026344299, -0.18668150901794434, -2.272292375564575, 1.7558735609054565, 1.285083293914795, 0.9723634123802185, 2.2378008365631104, -0.4456497132778168, 0.2614075541496277, -2.000230550765991, -4.630310535430908, -0.6382029056549072, -0.449832946062088, 0.7317899465560913, 0.5302129983901978, 0.35293883085250854, -0.6957374811172485, 0.7890632152557373, -0.5014283657073975, 0.6327565908432007, 0.10663353651762009, -0.5160683393478394, -0.45248711109161377, 1.0, 1.0, 1.0, 1.0, 1.0, 1.0, 1.0, 1.0, 1.0, 1.0, 1.0, 1.0]"
79,4.092860399396159e-05,0.0,304.6216125488281,0.0,0.0,0.0,0.0,0.0,0.0,3.2029485737439245e-05,0.0,238.38763427734375,0.7498794198036194,0.02259085513651371,-0.1135314553976059,-0.26426267623901367,-0.34175747632980347,0.2769163250923157,0.31093335151672363,0.8284326791763306,-0.6242173910140991,0.9058153033256531,-0.9207929968833923,-0.9277719855308533,0.9361410737037659,-0.9160611033439636,0.7969565391540527,"[0.7498794198036194, 0.02259085513651371, -0.1135314553976059, -0.025011228397488594, -0.19369924068450928, 0.02390671707689762, 0.006684024352580309, -0.0015307293506339192, -0.999976634979248, 0.699999988079071, 0.0, 0.0, -0.26426267623901367, -0.34175747632980347, 0.2769163250923157, 0.31093335151672363, 0.4284326732158661, -0.22421738505363464, 0.5058152675628662, -0.5207929611206055, -0.12777197360992432, 0.13614106178283691, -0.11606109142303467, -0.0030434727668762207, -0.0627245083451271, 0.12586542963981628, 1.672603964805603, 0.0915013775229454, 1.4647421836853027, 0.42013120651245117, 0.4115341007709503, -0.2187754213809967, 0.0726081058382988, 1.2602354288101196, -4.024760723114014, 2.4698116779327393, -0.7027634978294373, -0.5444700717926025, 0.7537932395935059, 0.485330194234848, 0.43870681524276733, -1.0833159685134888, 1.1523538827896118, -0.3302833139896393, 0.5780161023139954, 0.5833874344825745, -1.0471209287643433, -0.5087037086486816, 1.0, 1.0, 1.0, 1.0, 1.0, 1.0, 1.0, 1.0, 1.0, 1.0, 1.0, 1.0]"
80,3.750162068172358e-05,0.0,279.1153869628906,0.0,0.0,0.0,0.0,0.0,0.0,5.0468141125747934e-05,0.0,375.6220397949219,0.7077027559280396,0.022677576169371605,-0.07981014996767044,-0.26389962434768677,-0.34259456396102905,0.3212928771972656,0.31352710723876953,0.8527032732963562,-0.639193594455719,0.9139963388442993,-0.9202640056610107,-0.9215273261070251,1.0000131130218506,-1.0191446542739868,0.8374279141426086,"[0.7077027559280396, 0.022677576169371605, -0.07981014996767044, -0.0041781519539654255, -0.14040125906467438, 0.027624621987342834, 0.0033535815309733152, 0.00030550913652405143, -0.9999943971633911, 0.699999988079071, 0.0, 0.0, -0.26389962434768677, -0.34259456396102905, 0.3212928771972656, 0.31352710723876953, 0.4527032673358917, -0.23919358849525452, 0.5139963626861572, -0.5202640295028687, -0.12152731418609619, 0.20001310110092163, -0.21914464235305786, 0.03742790222167969, -0.07341203093528748, -0.35222622752189636, 2.2246384620666504, 0.03152478486299515, 1.1656681299209595, -1.411115288734436, 0.4099087119102478, 0.1187831312417984, 0.3185483515262604, 4.1187334060668945, -5.630629539489746, 1.8242287635803223, -0.6961345076560974, -0.6370700001716614, 0.6301748156547546, 0.40803295373916626, 0.57651686668396, -1.2075777053833008, 1.1108713150024414, -0.21344587206840515, 0.5047352910041809, 0.87071692943573, -1.2425750494003296, -0.3069145381450653, 1.0, 1.0, 1.0, 1.0, 1.0, 1.0, 1.0, 1.0, 1.0, 1.0, 1.0, 1.0]"
81,3.2731579267419875e-05,0.0,243.61314392089844,0.0,0.0,0.0,0.0,0.0,0.0,4.281559813534841e-05,0.0,318.666015625,0.6830965876579285,0.04188861697912216,-0.06506920605897903,-0.2705245018005371,-0.36030250787734985,0.3539140522480011,0.308916300535202,0.8707352876663208,-0.6824774742126465,0.9185333847999573,-0.9185717701911926,-0.9095984101295471,1.0802794694900513,-1.1305452585220337,0.8731434345245361,"[0.6830965876579285, 0.04188861697912216, -0.06506920605897903, 0.33822306990623474, -0.09017104655504227, 0.03827052563428879, 0.0012770661851391196, -0.004728539846837521, -0.999987781047821, 0.699999988079071, 0.0, 0.0, -0.2705245018005371, -0.36030250787734985, 0.3539140522480011, 0.308916300535202, 0.4707352817058563, -0.282477468252182, 0.5185333490371704, -0.5185717344284058, -0.10959839820861816, 0.2802794575691223, -0.33054524660110474, 0.07314342260360718, -0.4246858060359955, -1.0698853731155396, 1.2873690128326416, -0.3261139988899231, 0.8470160365104675, -2.5319461822509766, 0.04478759318590164, 0.0495002418756485, 0.6380164623260498, 3.6982405185699463, -5.262707710266113, 1.7874701023101807, -0.6138246655464172, -0.6577824950218201, 0.6637516021728516, 0.4953346848487854, 0.5531527400016785, -1.2672864198684692, 1.1007438898086548, -0.17884059250354767, 0.4968474507331848, 0.8979001045227051, -1.2303047180175781, -0.2668241858482361, 1.0, 1.0, 1.0, 1.0, 1.0, 1.0, 1.0, 1.0, 1.0, 1.0, 1.0, 1.0]"
82,3.423707312322222e-05,0.0,254.81814575195312,0.0,0.0,0.0,0.0,0.0,0.0,4.028476178064011e-05,0.0,299.8296203613281,0.6731420159339905,0.04013782739639282,-0.05839557200670242,-0.2768957316875458,-0.37882304191589355,0.373445987701416,0.3046444058418274,0.8869624137878418,-0.7412720322608948,0.9106151461601257,-0.9142816662788391,-0.8963556885719299,1.138680100440979,-1.2107229232788086,0.904377818107605,"[0.6731420159339905, 0.04013782739639282, -0.05839557200670242, 0.12058652192354202, -0.09191765636205673, 0.04407569020986557, -0.0005239854217506945, -0.009228643961250782, -0.9999573230743408, 0.699999988079071, 0.0, 0.0, -0.2768957316875458, -0.37882304191589355, 0.373445987701416, 0.3046444058418274, 0.4869624078273773, -0.3412720263004303, 0.5106151103973389, -0.5142816305160522, -0.09635567665100098, 0.33868008852005005, -0.41072291135787964, 0.10437780618667603, -0.21604984998703003, -0.787670373916626, 0.8079478740692139, -0.11802627891302109, 0.8325175046920776, -3.121018171310425, -0.6941511631011963, 0.23049946129322052, 0.6324558258056641, 2.3913776874542236, -2.9960856437683105, 1.522554874420166, -0.5352367758750916, -0.6875730156898499, 0.60102379322052, 0.490103155374527, 0.4972895085811615, -1.290183424949646, 1.0720211267471313, -0.23600304126739502, 0.49411875009536743, 0.9027633666992188, -1.1479151248931885, -0.3043549060821533, 1.0, 1.0, 1.0, 1.0, 1.0, 1.0, 1.0, 1.0, 1.0, 1.0, 1.0, 1.0]"
83,3.7608366255881265e-05,0.0,279.9098815917969,0.0,0.0,0.0,0.0,0.0,0.0,4.0851649828255177e-05,0.0,304.0488586425781,0.6719968318939209,0.04000185430049896,-0.03978021442890167,-0.2793967127799988,-0.3917994201183319,0.3824418783187866,0.30386221408843994,0.902206540107727,-0.8056877851486206,0.8896563649177551,-0.9057276248931885,-0.8816450834274292,1.1711806058883667,-1.242106318473816,0.9297639727592468,"[0.6719968318939209, 0.04000185430049896, -0.03978021442890167, 0.0022254218347370625, -0.10345359891653061, 0.03214437887072563, -0.00253011891618371, -0.009869850240647793, -0.9999484419822693, 0.699999988079071, 0.0, 0.0, -0.2793967127799988, -0.3917994201183319, 0.3824418783187866, 0.30386221408843994, 0.502206563949585, -0.40568777918815613, 0.48965635895729065, -0.5057276487350464, -0.08164507150650024, 0.37118059396743774, -0.44210630655288696, 0.12976396083831787, -0.0889507457613945, -0.5977288484573364, 0.20240670442581177, -0.01882641389966011, 0.7395133376121521, -3.2218613624572754, -1.2262595891952515, 0.43767714500427246, 0.7832155227661133, 1.2731168270111084, -0.7423746585845947, 1.248847484588623, -0.5019176602363586, -0.6948856115341187, 0.5359837412834167, 0.5279029607772827, 0.4316749572753906, -1.2861340045928955, 1.0485608577728271, -0.27022862434387207, 0.5129582285881042, 0.9016889333724976, -1.0159635543823242, -0.31670182943344116, 1.0, 1.0, 1.0, 1.0, 1.0, 1.0, 1.0, 1.0, 1.0, 1.0, 1.0, 1.0]"
84,3.868558269459754e-05,0.0,287.92730712890625,0.0,0.0,0.0,0.0,0.0,0.0,4.063394226250239e-05,0.0,302.42852783203125,0.6810507774353027,0.04093405604362488,-0.014777897857129574,-0.28112348914146423,-0.4015766978263855,0.37878724932670593,0.30314314365386963,0.9145017266273499,-0.8659364581108093,0.8630490899085999,-0.8935997486114502,-0.8622245192527771,1.188846230506897,-1.241981029510498,0.9505284428596497,"[0.6810507774353027, 0.04093405604362488, -0.014777897857129574, 0.009156030602753162, -0.10427137464284897, 0.015751181170344353, -0.004648714791983366, -0.010032190941274166, -0.9999388456344604, 0.699999988079071, 0.0, 0.0, -0.28112348914146423, -0.4015766978263855, 0.37878724932670593, 0.30314314365386963, 0.514501690864563, -0.46593645215034485, 0.4630490839481354, -0.4935997426509857, -0.062224507331848145, 0.388846218585968, -0.4419810175895691, 0.1505284309387207, -0.07740943133831024, -0.3909187614917755, -0.40580177307128906, -0.043307285755872726, 0.5691738128662109, -2.814267873764038, -1.3817050457000732, 0.6117734313011169, 1.0519587993621826, 0.6083561778068542, 0.48234623670578003, 1.027197241783142, -0.49246785044670105, -0.7194456458091736, 0.47872141003608704, 0.5865321159362793, 0.38624998927116394, -1.2505589723587036, 1.0090116262435913, -0.29540008306503296, 0.5315989255905151, 0.8680829405784607, -0.8745051026344299, -0.3360583782196045, 1.0, 1.0, 1.0, 1.0, 1.0, 1.0, 1.0, 1.0, 1.0, 1.0, 1.0, 1.0]"
85,3.831776120932773e-05,0.0,285.1897277832031,0.0,0.0,0.0,0.0,0.0,0.0,3.975447179982439e-05,0.0,295.8828125,0.6980198621749878,0.03999398648738861,0.012728823348879814,-0.2826029062271118,-0.40504559874534607,0.3646618127822876,0.30186939239501953,0.9234039187431335,-0.9126259684562683,0.8353739976882935,-0.8776527643203735,-0.8375450968742371,1.192141056060791,-1.2220427989959717,0.9662253856658936,"[0.6980198621749878, 0.03999398648738861, 0.012728823348879814, 0.012011955492198467, -0.08459420502185822, 0.0006299291853792965, -0.006546493154019117, -0.010327868163585663, -0.9999252557754517, 0.699999988079071, 0.0, 0.0, -0.2826029062271118, -0.40504559874534607, 0.3646618127822876, 0.30186939239501953, 0.5234038829803467, -0.5126259326934814, 0.435373991727829, -0.47765275835990906, -0.037545084953308105, 0.39214104413986206, -0.4220427870750427, 0.1662253737449646, -0.06142006069421768, -0.025694716721773148, -0.8768848776817322, -0.06433698534965515, 0.3962022066116333, -1.9998669624328613, -1.4036589860916138, 0.7977428436279297, 1.3101119995117188, -0.2540971338748932, 1.410499930381775, 0.7726866006851196, -0.5280908346176147, -0.7367035746574402, 0.43753597140312195, 0.6746411323547363, 0.3503117561340332, -1.206695318222046, 0.9397331476211548, -0.3023757040500641, 0.5454919338226318, 0.7603716850280762, -0.7163744568824768, -0.35610663890838623, 1.0, 1.0, 1.0, 1.0, 1.0, 1.0, 1.0, 1.0, 1.0, 1.0, 1.0, 1.0]"
86,3.745160938706249e-05,0.0,278.7431640625,0.0,0.0,0.0,0.0,0.0,0.0,3.878036659443751e-05,0.0,288.6327819824219,0.718244194984436,0.038196057081222534,0.040532320737838745,-0.2835211455821991,-0.40136396884918213,0.34300559759140015,0.30036699771881104,0.9291402101516724,-0.9410979747772217,0.8070134520530701,-0.8574948906898499,-0.8085236549377441,1.1725749969482422,-1.1826773881912231,0.9756361842155457,"[0.718244194984436, 0.038196057081222534, 0.040532320737838745, -0.016557924449443817, -0.03667471557855606, -0.010234296321868896, -0.007711425889283419, -0.01036759465932846, -0.9999164342880249, 0.699999988079071, 0.0, 0.0, -0.2835211455821991, -0.40136396884918213, 0.34300559759140015, 0.30036699771881104, 0.5291402339935303, -0.5410979986190796, 0.4070134460926056, -0.4574948847293854, -0.008523643016815186, 0.37257498502731323, -0.3826773762702942, 0.1756361722946167, -0.019128037616610527, 0.3316313326358795, -1.1906694173812866, -0.05832744762301445, 0.24548593163490295, -1.039417028427124, -1.4725316762924194, 1.0073590278625488, 1.5011531114578247, -1.688586711883545, 2.499589681625366, 0.44251763820648193, -0.5920395255088806, -0.7383829951286316, 0.4154745638370514, 0.7746250629425049, 0.31601661443710327, -1.1176353693008423, 0.8303027153015137, -0.3016480505466461, 0.5600878596305847, 0.5573922395706177, -0.4958391785621643, -0.4074305593967438, 1.0, 1.0, 1.0, 1.0, 1.0, 1.0, 1.0, 1.0, 1.0, 1.0, 1.0, 1.0]"
87,3.6009401810588315e-05,0.0,268.0091552734375,0.0,0.0,0.0,0.0,0.0,0.0,3.634754102677107e-05,0.0,270.5258483886719,0.7398563027381897,0.03409989923238754,0.06542834639549255,-0.2830132842063904,-0.3909759223461151,0.3178580105304718,0.29955706000328064,0.9323382377624512,-0.9498803615570068,0.7758180499076843,-0.8327213525772095,-0.7767685055732727,1.1213126182556152,-1.1192251443862915,0.9772747755050659,"[0.7398563027381897, 0.03409989923238754, 0.06542834639549255, -0.093397356569767, 0.03085530363023281, -0.016120778396725655, -0.007641933858394623, -0.009174454025924206, -0.9999286532402039, 0.699999988079071, 0.0, 0.0, -0.2830132842063904, -0.3909759223461151, 0.3178580105304718, 0.29955706000328064, 0.5323382616043091, -0.5498803853988647, 0.37581804394721985, -0.432721346616745, 0.02323150634765625, 0.3213126063346863, -0.31922513246536255, 0.17727476358413696, 0.06698457896709442, 0.669499397277832, -1.2738242149353027, -0.005076135043054819, 0.13707321882247925, -0.029299769550561905, -1.656653642654419, 1.2347029447555542, 1.606497049331665, -3.323188066482544, 3.743072271347046, 0.04877854138612747, -0.704642117023468, -0.6909383535385132, 0.4298540949821472, 0.8512585163116455, 0.29068470001220703, -0.9817548990249634, 0.688995361328125, -0.32999902963638306, 0.554618239402771, 0.28470292687416077, -0.1990358680486679, -0.46270230412483215, 1.0, 1.0, 1.0, 1.0, 1.0, 1.0, 1.0, 1.0, 1.0, 1.0, 1.0, 1.0]"
88,3.192000076523982e-05,0.0,237.57276916503906,0.0,0.0,0.0,0.0,0.0,0.0,3.205698885722086e-05,0.0,238.59231567382812,0.762753963470459,0.025831734761595726,0.07420201599597931,-0.28063616156578064,-0.3730345368385315,0.2945118844509125,0.3001319169998169,0.934077262878418,-0.9376013278961182,0.7402820587158203,-0.8039621114730835,-0.7441036105155945,1.0418950319290161,-1.0335637331008911,0.9715391397476196,"[0.762753963470459, 0.025831734761595726, 0.07420201599597931, -0.18633292615413666, 0.10836490988731384, -0.019059758633375168, -0.006117957644164562, -0.00623959768563509, -0.999961793422699, 0.699999988079071, 0.0, 0.0, -0.28063616156578064, -0.3730345368385315, 0.2945118844509125, 0.3001319169998169, 0.5340772867202759, -0.5376013517379761, 0.34028205275535583, -0.403962105512619, 0.05589640140533447, 0.24189502000808716, -0.23356372117996216, 0.17153912782669067, 0.16186285018920898, 1.0802353620529175, -1.0517795085906982, 0.07356036454439163, 0.12616802752017975, 1.0355427265167236, -1.854158878326416, 1.4363563060760498, 1.5599679946899414, -4.420830726623535, 4.597046852111816, -0.33032166957855225, -0.8202036023139954, -0.5848655104637146, 0.504814863204956, 0.8314074277877808, 0.3168167471885681, -0.808539867401123, 0.58014976978302, -0.45152920484542847, 0.4483843445777893, 0.026746384799480438, 0.08115871250629425, -0.43993282318115234, 1.0, 1.0, 1.0, 0.0, 1.0, 1.0, 1.0, 1.0, 1.0, 1.0, 1.0, 1.0]"
89,1.8669103155843914e-05,0.0,138.94956970214844,0.0,0.0,0.0,4.044857632834464e-05,0.0,301.04888916015625,1.918282578117214e-05,0.0,142.7730712890625,0.7930412292480469,0.005015903152525425,0.0504889115691185,-0.2755315899848938,-0.34325048327445984,0.28268665075302124,0.30346986651420593,0.9377917647361755,-0.9026409983634949,0.7053871154785156,-0.7731654047966003,-0.7156878709793091,0.9481595754623413,-0.9439411163330078,0.9606927633285522,"[0.7930412292480469, 0.005015903152525425, 0.0504889115691185, -0.4753202199935913, 0.14750178158283234, -0.008062937296926975, -0.0028425429482012987, -0.0005628238432109356, -0.9999957084655762, 0.699999988079071, 0.0, 0.0, -0.2755315899848938, -0.34325048327445984, 0.28268665075302124, 0.30346986651420593, 0.5377917289733887, -0.502640962600708, 0.30538710951805115, -0.37316539883613586, 0.08431214094161987, 0.14815956354141235, -0.14394110441207886, 0.1606927514076233, 0.4438703656196594, 2.0629818439483643, 0.2925836443901062, 0.37163758277893066, 0.3132586181163788, 2.384981632232666, -0.2833597660064697, 1.6445720195770264, 1.2997539043426514, -5.50746488571167, 2.209108352661133, -0.6454330682754517, -0.7599309682846069, -0.42318442463874817, 0.7230381965637207, 0.8220380544662476, 0.5755259990692139, -0.1042746901512146, 0.39571234583854675, -0.7674605846405029, 0.1886972337961197, -0.6123150587081909, 0.4605655074119568, -0.14374569058418274, 1.0, 1.0, 1.0, 1.0, 1.0, 1.0, 1.0, 1.0, 1.0, 1.0, 1.0, 1.0]"
90,0.0,0.0,0.0,2.7643302018987015e-05,0.0,205.74234008789062,4.3520722101675346e-05,0.0,323.9140930175781,1.859220901678782e-06,0.0,13.837726593017578,0.7680335640907288,0.02561347931623459,0.06360310316085815,-0.27035558223724365,-0.31956177949905396,0.2945808470249176,0.3150930106639862,0.9439353346824646,-0.8695340156555176,0.7279826998710632,-0.7405027151107788,-0.7275059223175049,0.913971483707428,-0.9404777884483337,0.9439563751220703,"[0.7680335640907288, 0.02561347931623459, 0.06360310316085815, -0.5722002387046814, 0.21631093323230743, 0.0725143551826477, 0.00036594539415091276, 0.012475415132939816, -0.9999220967292786, 0.699999988079071, 0.0, 0.0, -0.27035558223724365, -0.31956177949905396, 0.2945808470249176, 0.3150930106639862, 0.5439352989196777, -0.4695340096950531, 0.32798269391059875, -0.34050270915031433, 0.07249408960342407, 0.11397147178649902, -0.14047777652740479, 0.14395636320114136, -0.42293068766593933, 0.5612922310829163, 0.4687103033065796, 0.5497868657112122, 0.26168304681777954, 0.9263108372688293, 1.0253552198410034, 1.4600012302398682, -3.672370433807373, 0.30073675513267517, 0.20348894596099854, -0.679953396320343, -0.9936907887458801, -0.33921942114830017, 0.393066942691803, 0.7229095697402954, 0.7363889217376709, -0.3356054723262787, 0.4246236979961395, -1.2614864110946655, -0.47455042600631714, -0.5516479015350342, 0.4923391342163086, 0.15470361709594727, 1.0, 1.0, 1.0, 1.0, 1.0, 1.0, 1.0, 1.0, 1.0, 1.0, 1.0, 1.0]"
91,0.0,0.0,0.0,3.90615823562257e-05,0.0,290.72576904296875,3.603885852498934e-05,0.0,268.2284240722656,0.0,0.0,0.0,0.7186731696128845,0.038068611174821854,0.08628726750612259,-0.3014390766620636,-0.31557682156562805,0.29475101828575134,0.3300543427467346,0.933979868888855,-0.8458906412124634,0.7470880150794983,-0.7371599674224854,-0.8045475482940674,0.9098988175392151,-0.9364920258522034,0.952659010887146,"[0.7186731696128845, 0.038068611174821854, 0.08628726750612259, 0.1122148334980011, 0.201222226023674, 0.137482151389122, 0.0046855006366968155, 0.015328398905694485, -0.9998713135719299, 0.699999988079071, 0.0, 0.0, -0.3014390766620636, -0.31557682156562805, 0.29475101828575134, 0.3300543427467346, 0.5339798927307129, -0.4458906352519989, 0.3470880091190338, -0.3371599614620209, -0.004547536373138428, 0.10989880561828613, -0.13649201393127441, 0.15265899896621704, -2.013951301574707, -0.03400092571973801, -0.23688164353370667, 1.0281111001968384, -0.8599610328674316, 1.2054998874664307, 1.0748926401138306, -0.9381864070892334, -3.8797290325164795, -0.3099367022514343, 0.006090369075536728, 2.8189027309417725, -0.5107272267341614, -0.7574263215065002, 0.35138702392578125, 0.8499906063079834, 1.1591296195983887, -0.1644868552684784, 0.5242805480957031, -1.71066415309906, -1.1171441078186035, -0.37572622299194336, 0.529728353023529, 0.7315381765365601, 1.0, 1.0, 1.0, 1.0, 1.0, 1.0, 1.0, 1.0, 1.0, 1.0, 1.0, 1.0]"
92,0.0,0.0,0.0,3.132594429189339e-05,0.0,233.15133666992188,3.3949454518733546e-05,0.0,252.67745971679688,0.0,0.0,0.0,0.6895825266838074,0.02906852774322033,0.05912984535098076,-0.33574560284614563,-0.31754761934280396,0.2890663146972656,0.36316895484924316,0.9176519513130188,-0.820894181728363,0.7668896317481995,-0.783944308757782,-0.9225972294807434,0.9013097286224365,-0.9358628988265991,1.0290242433547974,"[0.6895825266838074, 0.02906852774322033, 0.05912984535098076, 0.1511223018169403, 0.21698914468288422, 0.10079938918352127, 0.009089025668799877, 0.011703366413712502, -0.9998902082443237, 0.699999988079071, 0.0, 0.0, -0.33574560284614563, -0.31754761934280396, 0.2890663146972656, 0.36316895484924316, 0.5176519155502319, -0.42089417576789856, 0.366889625787735, -0.3839443027973175, -0.12259721755981445, 0.10130971670150757, -0.13586288690567017, 0.2290242314338684, -1.311348795890808, -0.08363804966211319, -0.22292158007621765, 1.9780781269073486, -0.7432223558425903, 1.0915029048919678, 1.0440934896469116, -2.9398903846740723, -6.763802528381348, -0.2625059485435486, -0.07437215745449066, 3.432546377182007, -0.5300872325897217, -0.6800185441970825, 0.3710312843322754, 0.7758351564407349, 1.2709293365478516, -0.22676381468772888, 0.502265453338623, -1.5280805826187134, -1.2893997430801392, -0.3563377261161804, 0.5720091462135315, 0.8469691276550293, 1.0, 1.0, 1.0, 1.0, 1.0, 1.0, 1.0, 1.0, 1.0, 1.0, 1.0, 1.0]"
93,0.0,0.0,0.0,3.0702780350111425e-05,0.0,228.5132598876953,3.4049189707729965e-05,0.0,253.41978454589844,0.0,0.0,0.0,0.6854333281517029,0.032631952315568924,0.024141907691955566,-0.3501230776309967,-0.31981319189071655,0.2849881052970886,0.4048990309238434,0.9060704112052917,-0.7987461090087891,0.786920428276062,-0.8534145355224609,-1.0562368631362915,0.8985477089881897,-0.9346848726272583,1.0907535552978516,"[0.6854333281517029, 0.032631952315568924, 0.024141907691955566, 0.16820509731769562, 0.11324937641620636, 0.040000125765800476, 0.012230264022946358, 0.008827242068946362, -0.9998859167098999, 0.699999988079071, 0.0, 0.0, -0.3501230776309967, -0.31981319189071655, 0.2849881052970886, 0.4048990309238434, 0.5060703754425049, -0.3987461030483246, 0.38692042231559753, -0.45341452956199646, -0.25623685121536255, 0.09854769706726074, -0.13468486070632935, 0.2907535433769226, -0.48143693804740906, -0.16321660578250885, -0.2124512493610382, 1.9966156482696533, -0.4884527921676636, 0.9695090055465698, 1.0669225454330444, -3.6210451126098633, -6.312292575836182, 0.09201686084270477, 0.02953672781586647, 2.885446310043335, -0.5617127418518066, -0.5318517684936523, 0.46089062094688416, 0.7196918725967407, 1.260607123374939, -0.12948748469352722, 0.5349353551864624, -1.4411433935165405, -1.1324712038040161, -0.3438512682914734, 0.5323401689529419, 0.843598484992981, 1.0, 1.0, 1.0, 1.0, 1.0, 1.0, 1.0, 1.0, 1.0, 1.0, 1.0, 1.0]"
94,0.0,0.0,0.0,3.468301292741671e-05,0.0,258.1371765136719,3.379343979759142e-05,0.0,251.51629638671875,0.0,0.0,0.0,0.6998159289360046,0.044397883117198944,0.021068710833787918,-0.35445594787597656,-0.3237535357475281,0.2803865373134613,0.4339769184589386,0.8972877264022827,-0.777165412902832,0.8064343929290771,-0.9187220931053162,-1.146571397781372,0.9010441303253174,-0.9288298487663269,1.1250091791152954,"[0.6998159289360046, 0.044397883117198944, 0.021068710833787918, 0.14508196711540222, 0.0005730910925194621, 0.016448626294732094, 0.013053666800260544, 0.005573872942477465, -0.99989914894104, 0.699999988079071, 0.0, 0.0, -0.35445594787597656, -0.3237535357475281, 0.2803865373134613, 0.4339769184589386, 0.49728772044181824, -0.37716540694236755, 0.40643438696861267, -0.5187220573425293, -0.3465713858604431, 0.10104411840438843, -0.12882983684539795, 0.32500916719436646, -0.03163504600524902, -0.19320908188819885, -0.21374472975730896, 1.0643455982208252, -0.5131625533103943, 0.9801496267318726, 0.9826791882514954, -2.9200260639190674, -2.8080458641052246, 0.32089340686798096, 0.37500444054603577, 0.911206066608429, -0.5741229057312012, -0.4403931796550751, 0.4847278296947479, 0.6867512464523315, 1.1763983964920044, -0.073356032371521, 0.4561130702495575, -1.3904485702514648, -0.8880252838134766, -0.33875301480293274, 0.5035657286643982, 0.7694864869117737, 1.0, 1.0, 1.0, 1.0, 1.0, 1.0, 1.0, 1.0, 1.0, 1.0, 1.0, 1.0]"
95,0.0,0.0,0.0,3.54191470250953e-05,0.0,263.61602783203125,3.3750664442777634e-05,0.0,251.1979522705078,0.0,0.0,0.0,0.7181408405303955,0.05099301412701607,0.03200923651456833,-0.34913912415504456,-0.32582491636276245,0.2776636481285095,0.4432332217693329,0.8852752447128296,-0.7548550367355347,0.8225941061973572,-0.9636204838752747,-1.1581997871398926,0.9064707159996033,-0.9141620993614197,1.1286791563034058,"[0.7181408405303955, 0.05099301412701607, 0.03200923651456833, -0.03576350957155228, -0.0748915821313858, 0.01734127104282379, 0.012002869509160519, 0.004952374845743179, -0.999916136264801, 0.699999988079071, 0.0, 0.0, -0.34913912415504456, -0.32582491636276245, 0.2776636481285095, 0.4432332217693329, 0.4852752387523651, -0.3548550307750702, 0.4225941002368927, -0.5636204481124878, -0.3581997752189636, 0.10647070407867432, -0.11416208744049072, 0.3286791443824768, 0.45349884033203125, -0.043530046939849854, -0.0729389488697052, 0.08817508816719055, -0.6769066452980042, 0.993693470954895, 0.7885557413101196, -1.8039733171463013, 0.5434712171554565, 0.46740642189979553, 0.8248679041862488, -0.4436571002006531, -0.4666247069835663, -0.5549666285514832, 0.43590107560157776, 0.6527062654495239, 1.0865986347198486, -0.03832453489303589, 0.426241010427475, -1.367794156074524, -0.672187864780426, -0.29679813981056213, 0.4955604076385498, 0.6037842035293579, 1.0, 1.0, 1.0, 1.0, 1.0, 1.0, 1.0, 1.0, 1.0, 1.0, 1.0, 1.0]"
96,0.0,0.0,0.0,3.269050648668781e-05,0.0,243.3074493408203,3.2888816349441186e-05,0.0,244.78343200683594,0.0,0.0,0.0,0.7349533438682556,0.05773407593369484,0.034321945160627365,-0.3335976004600525,-0.32572779059410095,0.27708950638771057,0.4339514970779419,0.8694512844085693,-0.7315242886543274,0.835567057132721,-0.9877228736877441,-1.1284395456314087,0.9129520654678345,-0.8925395607948303,1.1016509532928467,"[0.7349533438682556, 0.05773407593369484, 0.034321945160627365, -0.10682770609855652, -0.10780216008424759, 0.00840807519853115, 0.009983138181269169, 0.007006139028817415, -0.9999258518218994, 0.699999988079071, 0.0, 0.0, -0.3335976004600525, -0.32572779059410095, 0.27708950638771057, 0.4339514970779419, 0.46945127844810486, -0.3315242826938629, 0.43556705117225647, -0.587722897529602, -0.32843953371047974, 0.11295205354690552, -0.09253954887390137, 0.3016509413719177, 0.9680783748626709, -0.00026495615020394325, -0.01096867024898529, -0.773543655872345, -0.8999108076095581, 1.047857403755188, 0.6616239547729492, -0.8794536590576172, 1.9791852235794067, 0.4724612236022949, 1.0632939338684082, -2.032893180847168, -0.3911980092525482, -0.6490193605422974, 0.3716641962528229, 0.6731194257736206, 0.9944055080413818, -0.0241488516330719, 0.42498108744621277, -1.3274883031845093, -0.5122992992401123, -0.279970645904541, 0.46623408794403076, 0.38443723320961, 1.0, 1.0, 1.0, 1.0, 1.0, 1.0, 1.0, 1.0, 1.0, 1.0, 1.0, 1.0]"
97,0.0,0.0,0.0,3.0328368666232564e-05,0.0,225.72662353515625,3.045788616873324e-05,0.0,226.6905975341797,0.0,0.0,0.0,0.7512934803962708,0.06422680616378784,0.021394159644842148,-0.3091993033885956,-0.3266790509223938,0.2758435904979706,0.41272270679473877,0.8487522602081299,-0.7066555023193359,0.8478785753250122,-0.9983211159706116,-1.0833061933517456,0.9183816313743591,-0.8691537380218506,1.0465483665466309,"[0.7512934803962708, 0.06422680616378784, 0.021394159644842148, -0.026583606377243996, -0.10479020327329636, -0.0006329972529783845, 0.007755483500659466, 0.008396121673285961, -0.9999345541000366, 0.699999988079071, 0.0, 0.0, -0.3091993033885956, -0.3266790509223938, 0.2758435904979706, 0.41272270679473877, 0.4487522542476654, -0.30665549635887146, 0.44787856936454773, -0.5983210802078247, -0.28330618143081665, 0.11838161945343018, -0.06915372610092163, 0.2465483546257019, 1.3455424308776855, -0.1017281636595726, -0.05964034050703049, -1.2207059860229492, -1.1499037742614746, 1.135377287864685, 0.6772037744522095, -0.288389652967453, 2.5758955478668213, 0.3849855661392212, 1.0212156772613525, -3.367027759552002, -0.37163981795310974, -0.6538431644439697, 0.35156896710395813, 0.6602959632873535, 0.9122565388679504, -0.037463992834091187, 0.45168712735176086, -1.1779736280441284, -0.2915780544281006, -0.2868179976940155, 0.3796554207801819, 0.15678086876869202, 1.0, 1.0, 1.0, 1.0, 1.0, 1.0, 1.0, 1.0, 1.0, 1.0, 1.0, 1.0]"
98,0.0,0.0,0.0,2.7532385502127e-05,0.0,204.91680908203125,2.4477507395204157e-05,0.0,182.1800994873047,0.0,0.0,0.0,0.7727175354957581,0.06997839361429214,-0.006205708719789982,-0.28105825185775757,-0.33000022172927856,0.2724968194961548,0.3853531777858734,0.82328861951828,-0.6803365349769592,0.8617010712623596,-0.9956037402153015,-1.0229997634887695,0.9215840101242065,-0.8481119871139526,0.9702215194702148,"[0.7727175354957581, 0.06997839361429214, -0.006205708719789982, 0.08637787401676178, -0.059894051402807236, 0.016010383144021034, 0.006122054997831583, 0.007544018793851137, -0.9999529719352722, 0.699999988079071, 0.0, 0.0, -0.28105825185775757, -0.33000022172927856, 0.2724968194961548, 0.3853531777858734, 0.42328861355781555, -0.28033652901649475, 0.46170106530189514, -0.5956037044525146, -0.22299975156784058, 0.12158399820327759, -0.04811197519302368, 0.1702215075492859, 1.4075031280517578, -0.210592120885849, -0.1129131019115448, -1.4771629571914673, -1.389182448387146, 1.2194324731826782, 0.827845573425293, 0.47811588644981384, 3.5359997749328613, 0.24475964903831482, 0.7675169706344604, -4.179895877838135, -0.4281505048274994, -0.5592665076255798, 0.401044636964798, 0.6060812473297119, 0.7642494440078735, -0.14681869745254517, 0.5146076679229736, -0.9281595945358276, 0.02725757658481598, -0.2786223292350769, 0.196859672665596, -0.06389100104570389, 1.0, 1.0, 1.0, 1.0, 1.0, 1.0, 1.0, 1.0, 1.0, 1.0, 1.0, 1.0]"
99,0.0,0.0,0.0,2.0048282749485224e-05,0.0,149.21446228027344,1.3893145478505176e-05,0.0,103.40328216552734,0.0,0.0,0.0,0.7948805093765259,0.0735943391919136,-0.06693236529827118,-0.2559492588043213,-0.33460965752601624,0.26783761382102966,0.35323792695999146,0.7921673059463501,-0.6544254422187805,0.8794143795967102,-0.9730930924415588,-0.9389603734016418,0.9233293533325195,-0.8342132568359375,0.8833315968513489,"[0.7948805093765259, 0.0735943391919136, -0.06693236529827118, 0.12197624891996384, 0.05667600408196449, 0.07527816295623779, 0.006278482731431723, 0.005089611746370792, -0.9999673366546631, 0.699999988079071, 0.0, 0.0, -0.2559492588043213, -0.33460965752601624, 0.26783761382102966, 0.35323792695999146, 0.3921672999858856, -0.25442543625831604, 0.4794143736362457, -0.573093056678772, -0.1389603614807129, 0.12332934141159058, -0.034213244915008545, 0.08333158493041992, 1.1531951427459717, -0.21916136145591736, -0.20231463015079498, -1.684135913848877, -1.7182053327560425, 1.189990758895874, 1.1323766708374023, 1.5919854640960693, 4.8209967613220215, 0.1646254062652588, 0.36861807107925415, -4.630931854248047, -0.5475425720214844, -0.46555963158607483, 0.5463250875473022, 0.5454286336898804, 0.5017175674438477, -0.39705348014831543, 0.6650745868682861, -0.6416651010513306, 0.4499337077140808, -0.14510908722877502, -0.14875827729701996, -0.32392579317092896, 1.0, 1.0, 1.0, 1.0, 1.0, 1.0, 1.0, 1.0, 1.0, 1.0, 1.0, 1.0]"
100,3.480123632471077e-05,0.0,259.01708984375,3.3263659133808687e-06,0.0,24.757328033447266,0.0,0.0,0.0,0.0,0.0,0.0,0.8039787411689758,0.05403169244527817,-0.11977510154247284,-0.2645001709461212,-0.34363433718681335,0.2657010555267334,0.31370437145233154,0.8095600605010986,-0.6291583180427551,0.8995190262794495,-0.9264447093009949,-0.9213747978210449,0.927582859992981,-0.8636831045150757,0.792306125164032,"[0.8039787411689758, 0.05403169244527817, -0.11977510154247284, 0.37948253750801086, -0.10753895342350006, 0.0639733299612999, 0.005787968635559082, -0.0018587883096188307, -0.9999810457229614, 0.699999988079071, 0.0, 0.0, -0.2645001709461212, -0.34363433718681335, 0.2657010555267334, 0.31370437145233154, 0.40956005454063416, -0.22915831208229065, 0.499519020318985, -0.526444673538208, -0.12137478590011597, 0.127582848072052, -0.06368309259414673, -0.007693886756896973, -0.5105018019676208, -0.3558526337146759, 0.3228033781051636, -1.9132359027862549, 1.2605849504470825, 1.2569589614868164, 0.9193698167800903, 2.7507622241973877, 0.3459213376045227, -0.08627128601074219, -3.4692962169647217, -4.4935760498046875, -0.7020158171653748, -0.5108038783073425, 0.8483534455299377, 0.551964282989502, 0.2643149197101593, -0.9148457050323486, 0.8301512002944946, -0.4456097483634949, 0.666694700717926, 0.26265349984169006, -0.7335535883903503, -0.4900476336479187, 1.0, 1.0, 1.0, 1.0, 1.0, 1.0, 1.0, 1.0, 1.0, 1.0, 1.0, 1.0]"
101,5.335336390999146e-05,0.0,397.0960693359375,2.1381558212851814e-07,0.0,1.5913771390914917,0.0,0.0,0.0,2.7673670047079213e-05,0.0,205.96835327148438,0.7371072173118591,-0.14231188595294952,-0.11230895668268204,-0.21930913627147675,-0.29388782382011414,0.3471142649650574,0.45844605565071106,0.8539607524871826,-0.6340849995613098,0.8981653451919556,-0.8953016400337219,-0.9456482529640198,0.9724336862564087,-0.9370886087417603,0.7821570634841919,"[0.7371072173118591, -0.14231188595294952, -0.11230895668268204, -2.7785937786102295, -0.23935458064079285, 0.311152845621109, 0.0024167904630303383, 0.04575285315513611, -0.9989498853683472, 0.699999988079071, 0.0, 0.0, -0.21930913627147675, -0.29388782382011414, 0.3471142649650574, -0.11705830693244934, 0.45396074652671814, -0.23408499360084534, 0.4981653392314911, -0.49530163407325745, -0.14564824104309082, 0.17243367433547974, -0.1370885968208313, -0.01784294843673706, 2.6458375453948975, 2.6859185695648193, 4.446437358856201, 7.629693508148193, 2.4854214191436768, -0.8087729215621948, -0.25012457370758057, 1.5731884241104126, -1.5428483486175537, 2.081699848175049, -4.445252418518066, -0.7056070566177368, -0.7470012903213501, -0.6006762385368347, 0.7063284516334534, 0.4031066298484802, 0.5313841104507446, -1.1447653770446777, 1.1765650510787964, -0.2806437015533447, 0.5512639284133911, 0.690427303314209, -1.1123011112213135, -0.5384460687637329, 1.0, 1.0, 1.0, 1.0, 1.0, 1.0, 1.0, 1.0, 1.0, 1.0, 1.0, 1.0]"
102,4.363956395536661e-05,0.0,324.79864501953125,0.0,0.0,0.0,0.0,0.0,0.0,0.00013197161024436355,0.0,982.2324829101562,0.681115448474884,-0.03863535821437836,-0.10416122525930405,-0.17816472053527832,-0.2752315402030945,0.4116573631763458,0.5761618614196777,0.893438994884491,-0.6701140999794006,0.8990011811256409,-0.8603795766830444,-0.9606736302375793,1.0333257913589478,-1.0534348487854004,0.754397988319397,"[0.681115448474884, -0.03863535821437836, -0.10416122525930405, -0.7586519122123718, -0.3780735433101654, 0.2794395983219147, -0.0040168859995901585, 0.08899395167827606, -0.9960241913795471, 0.699999988079071, 0.0, 0.0, -0.17816472053527832, -0.2752315402030945, 0.4116573631763458, 0.000657498836517334, 0.4934389889240265, -0.27011409401893616, 0.4990011751651764, -0.46037957072257996, -0.1606736183166504, 0.2333257794380188, -0.25343483686447144, -0.04560202360153198, 0.6210304498672485, -1.7011799812316895, 1.3363062143325806, -0.3983043432235718, 1.4806607961654663, -2.136075735092163, 0.3675665557384491, -0.15011811256408691, 0.04904063045978546, 2.3397388458251953, -6.422199249267578, 1.4077696800231934, -0.6583723425865173, -1.20765221118927, 1.0754575729370117, 0.2718995213508606, -0.20160484313964844, -2.022381067276001, 1.4529333114624023, -0.19179241359233856, 0.36911821365356445, 0.43856707215309143, -1.127876877784729, -0.8717728853225708, 1.0, 1.0, 1.0, 1.0, 1.0, 1.0, 1.0, 1.0, 1.0, 1.0, 1.0, 1.0]"
103,4.038948463858105e-05,0.0,300.60906982421875,0.0,0.0,0.0,0.0,0.0,0.0,5.2621151553466916e-05,0.0,391.6463928222656,0.6446858048439026,-0.05497369542717934,-0.03798108920454979,-0.1828763484954834,-0.3460043966770172,0.42818135023117065,0.5759532451629639,0.9076429605484009,-0.732449471950531,0.9153859615325928,-0.8647832274436951,-0.9420946836471558,1.056358814239502,-1.1535816192626953,0.8033370971679688,"[0.6446858048439026, -0.05497369542717934, -0.03798108920454979, 0.5353911519050598, -0.2731053829193115, 0.36597806215286255, -0.009641922079026699, 0.08583199232816696, -0.996262788772583, 0.699999988079071, 0.0, 0.0, -0.1828763484954834, -0.3460043966770172, 0.42818135023117065, 0.0004488825798034668, 0.5076429843902588, -0.33244946599006653, 0.5153859853744507, -0.4647832214832306, -0.1420946717262268, 0.256358802318573, -0.35358160734176636, 0.003337085247039795, -0.6008719205856323, -4.124057292938232, 0.8446524739265442, -0.1903092861175537, 0.6363590359687805, -3.6658616065979004, 0.9670326709747314, 0.025066174566745758, 0.9596011638641357, 1.3333821296691895, -3.566526412963867, 1.941781997680664, -1.1662617921829224, -0.34263876080513, 0.936630368232727, -0.25213661789894104, 0.27068892121315, -1.328588843345642, 1.1416581869125366, -0.02496497333049774, 0.3565448522567749, 0.7869210839271545, -1.0046939849853516, -0.7485410571098328, 1.0, 1.0, 1.0, 1.0, 1.0, 1.0, 1.0, 1.0, 1.0, 1.0, 1.0, 1.0]"
104,3.197114710928872e-05,0.0,237.9534454345703,0.0,0.0,0.0,0.0,0.0,0.0,5.217126090428792e-05,0.0,388.29791259765625,0.635815441608429,-0.10978619754314423,0.01775803416967392,-0.19042420387268066,-0.40507009625434875,0.45561254024505615,0.5759372711181641,0.9142907857894897,-0.8107539415359497,0.9290023446083069,-0.8562489151954651,-0.9179385900497437,1.0910202264785767,-1.1879527568817139,0.8281600475311279,"[0.635815441608429, -0.10978619754314423, 0.01775803416967392, 0.5611313581466675, -0.15502969920635223, 0.4937689006328583, -0.012984281405806541, 0.07862202823162079, -0.9968195557594299, 0.699999988079071, 0.0, 0.0, -0.19042420387268066, -0.40507009625434875, 0.45561254024505615, 0.0004329085350036621, 0.5142908096313477, -0.41075393557548523, 0.52900230884552, -0.4562489092350006, -0.1179385781288147, 0.2910202145576477, -0.3879527449607849, 0.028160035610198975, -0.5660432577133179, -2.3888533115386963, 1.1741936206817627, -0.1946822702884674, 0.25977715849876404, -3.6838998794555664, 0.4339890480041504, 0.3765915036201477, 1.2232694625854492, 1.5054866075515747, -0.8197347521781921, 1.1397686004638672, -0.7129769921302795, -0.6364661455154419, 0.9409821033477783, -0.09779362380504608, 0.5099589228630066, -1.186455249786377, 1.1360187530517578, -0.33053576946258545, 0.3838295340538025, 0.8570834398269653, -0.8932603001594543, -0.7077696323394775, 1.0, 1.0, 1.0, 0.0, 1.0, 1.0, 1.0, 1.0, 1.0, 1.0, 1.0, 1.0]"
105,2.471531115588732e-05,0.0,183.95001220703125,0.0,0.0,0.0,0.0,0.0,0.0,4.067257032147609e-05,0.0,302.71600341796875,0.6480638980865479,-0.15074382722377777,0.04599544033408165,-0.19872356951236725,-0.424261212348938,0.47360432147979736,0.5757012367248535,0.9165249466896057,-0.8662320971488953,0.9250112175941467,-0.8414085507392883,-0.891755998134613,1.1080808639526367,-1.1747965812683105,0.8408066034317017,"[0.6480638980865479, -0.15074382722377777, 0.04599544033408165, 0.537886381149292, -0.03126030042767525, 0.5903481245040894, -0.013918165117502213, 0.0697740986943245, -0.9974659085273743, 0.699999988079071, 0.0, 0.0, -0.19872356951236725, -0.424261212348938, 0.47360432147979736, 0.00019687414169311523, 0.5165249109268188, -0.4662320911884308, 0.5250111818313599, -0.44140854477882385, -0.09175598621368408, 0.30808085203170776, -0.3747965693473816, 0.040806591510772705, -0.49185308814048767, -0.38176238536834717, 0.4150490164756775, -0.10708659142255783, 0.06389093399047852, -1.9107621908187866, -0.636258065700531, 0.7444284558296204, 1.2996162176132202, -0.612155020236969, 1.8346960544586182, 0.48158401250839233, -0.46190145611763, -0.9487014412879944, 0.7250571250915527, 0.45500704646110535, 0.6693278551101685, -0.4777917265892029, 0.964777946472168, -0.3726549446582794, 0.28633183240890503, 0.4380160868167877, -0.5558075308799744, -0.895372748374939, 1.0, 1.0, 1.0, 0.0, 1.0, 1.0, 1.0, 1.0, 1.0, 1.0, 1.0, 1.0]"
106,1.6259660696960054e-05,0.0,121.01667785644531,0.0,0.0,0.0,0.0,0.0,0.0,3.381480564712547e-05,0.0,251.67532348632812,0.6658915281295776,-0.1614059954881668,0.0465053915977478,-0.20664110779762268,-0.4231269359588623,0.46769750118255615,0.5756123065948486,0.9185053706169128,-0.8748958706855774,0.8973930478096008,-0.822087287902832,-0.8699349761009216,1.0541025400161743,-1.1083406209945679,0.8424500823020935,"[0.6658915281295776, -0.1614059954881668, 0.0465053915977478, 0.47253772616386414, 0.17552100121974945, 0.6037973761558533, -0.011380761861801147, 0.06098004803061485, -0.9980740547180176, 0.699999988079071, 0.0, 0.0, -0.20664110779762268, -0.4231269359588623, 0.46769750118255615, 0.00010794401168823242, 0.518505334854126, -0.4748958647251129, 0.49739304184913635, -0.42208728194236755, -0.06993496417999268, 0.25410252809524536, -0.3083406090736389, 0.04245007038116455, -0.41913777589797974, 0.014524895697832108, -0.908397376537323, -0.0502154640853405, 0.11005252599716187, 0.4411601424217224, -1.9632940292358398, 0.966769814491272, 0.9604820013046265, -4.065662860870361, 4.581898212432861, -0.06724462658166885, -0.3454304039478302, -1.0706558227539062, 0.6163866519927979, 0.4363628029823303, 1.0666837692260742, -0.43091100454330444, 0.38597825169563293, -0.5255971550941467, 0.1971554011106491, -0.03345043212175369, -0.02244947850704193, -0.5559976100921631, 1.0, 1.0, 1.0, 0.0, 1.0, 1.0, 1.0, 1.0, 1.0, 1.0, 1.0, 1.0]"
107,5.8756718317454215e-06,0.0,43.7311897277832,-35.58280563354492,53.85279846191406,8.40218734741211,0.0,0.0,0.0,35.58282470703125,-53.85279846191406,137.2673797607422,0.6811609268188477,-0.16708524525165558,-0.019739195704460144,-0.21323774755001068,-0.4185461699962616,0.4374157786369324,0.5757675766944885,0.9257200956344604,-0.838915228843689,0.8392186164855957,-0.8030033111572266,-0.8609331846237183,0.9983281493186951,-0.9930974245071411,0.8374170660972595,"[0.6811609268188477, -0.16708524525165558, -0.019739195704460144, 0.4012967646121979, 0.37661808729171753, 0.5421344041824341, -0.004649217240512371, 0.053601086139678955, -0.9985516667366028, 0.699999988079071, 0.0, 0.0, -0.21323774755001068, -0.4185461699962616, 0.4374157786369324, 0.000263214111328125, 0.5257201194763184, -0.4389152228832245, 0.4392186105251312, -0.4030033051967621, -0.06093317270278931, 0.1983281373977661, -0.19309741258621216, 0.037417054176330566, -0.3687455356121063, 0.9396262168884277, -1.8027886152267456, -0.014551892876625061, 0.5194246768951416, 2.9658203125, -3.4157021045684814, 0.8434794545173645, 0.14773984253406525, -2.728775978088379, 6.256967544555664, -0.2152833342552185, -0.5723570585250854, -1.1088255643844604, 0.7582905292510986, 0.620394229888916, 1.1905237436294556, 0.0480538010597229, -0.06406977772712708, -0.9390254020690918, -0.12283098697662354, -0.5784801244735718, 0.5823755264282227, 0.17424339056015015, 1.0, 1.0, 1.0, 0.0, 1.0, 1.0, 1.0, 1.0, 1.0, 1.0, 1.0, 1.0]"
108,0.0,0.0,0.0,-28.9732723236084,42.003089904785156,201.47239685058594,7.800072489771992e-05,0.0,580.5403442382812,28.973299026489258,-42.003089904785156,0.6399252414703369,0.7025903463363647,-0.1552964746952057,-0.03937510401010513,-0.23239070177078247,-0.4133702218532562,0.4098820388317108,0.5754909515380859,0.9412333369255066,-0.8004388809204102,0.8112896680831909,-0.7990942597389221,-0.883553683757782,0.9564038515090942,-0.9318386316299438,0.847123920917511,"[0.7025903463363647, -0.1552964746952057, -0.03937510401010513, 0.5865791440010071, 0.377715528011322, 0.5497689247131348, 0.005059652496129274, 0.04046270623803139, -0.9991680383682251, 0.699999988079071, 0.0, 0.0, -0.23239070177078247, -0.4133702218532562, 0.4098820388317108, -1.341104507446289e-05, 0.5412333011627197, -0.4004388749599457, 0.41128966212272644, -0.39909425377845764, -0.08355367183685303, 0.15640383958816528, -0.1318386197090149, 0.04712390899658203, -1.4182754755020142, 0.06301327794790268, -0.18318258225917816, -0.03741897642612457, 1.0716166496276855, 1.0129806995391846, 3.418975830078125, -0.21544507145881653, -2.5908493995666504, -0.34454092383384705, -3.7055881023406982, 2.2054712772369385, -0.6502575874328613, -1.0127463340759277, 0.7076600790023804, 0.31389304995536804, 1.279972791671753, 0.4258655607700348, -0.3118828535079956, -1.4389393329620361, -0.5739856362342834, -0.6060343980789185, 0.5781154036521912, 1.0044351816177368, 1.0, 1.0, 1.0, 1.0, 1.0, 1.0, 1.0, 1.0, 1.0, 1.0, 1.0, 1.0]"
109,0.0,0.0,0.0,4.191869811620563e-05,0.0,311.9906311035156,5.310699270921759e-05,0.0,395.26239013671875,0.0,0.0,0.0,0.6659912467002869,-0.12893320620059967,0.05273905396461487,-0.2770598232746124,-0.41918352246284485,0.3949001431465149,0.5755046010017395,0.960368275642395,-0.772001326084137,0.8394955992698669,-0.8324427604675293,-0.9484199285507202,0.9361193180084229,-0.9476410150527954,0.942622184753418,"[0.6659912467002869, -0.12893320620059967, 0.05273905396461487, 1.0701429843902588, 0.3241906464099884, 0.3698476254940033, 0.01243287418037653, 0.022309336811304092, -0.9996740221977234, 0.699999988079071, 0.0, 0.0, -0.2770598232746124, -0.41918352246284485, 0.3949001431465149, 2.384185791015625e-07, 0.5603682994842529, -0.3720013201236725, 0.43949559330940247, -0.4324427545070648, -0.14841991662979126, 0.1361193060874939, -0.14764100313186646, 0.142622172832489, -2.588520050048828, -0.47286996245384216, -0.885699987411499, -0.007891448214650154, 0.7766689658164978, 1.3923367261886597, 1.5917431116104126, -2.2294998168945312, -3.671867847442627, -0.9672135710716248, -1.0146726369857788, 6.608198642730713, -0.6298708319664001, -1.0900189876556396, 0.6950855255126953, 0.6702935695648193, 1.05820894241333, 0.14364686608314514, 0.016461104154586792, -1.7324167490005493, -1.1401352882385254, -0.14905333518981934, 0.41033804416656494, 1.0319501161575317, 1.0, 1.0, 1.0, 1.0, 1.0, 1.0, 1.0, 1.0, 1.0, 1.0, 1.0, 1.0]"
110,0.0,0.0,0.0,2.421505814709235e-05,0.0,180.2267608642578,4.721415098174475e-05,0.0,351.4034118652344,0.0,0.0,0.0,0.6390910148620605,-0.11773625761270523,0.09115312993526459,-0.3223259150981903,-0.4271272122859955,0.379275381565094,0.5754987001419067,0.9688623547554016,-0.7389470934867859,0.8603203296661377,-0.8857565522193909,-1.0527220964431763,0.9104593396186829,-0.951609194278717,1.0541424751281738,"[0.6390910148620605, -0.11773625761270523, 0.09115312993526459, 0.8057955503463745, 0.1935785412788391, 0.22052548825740814, 0.01762285828590393, 0.0035191169008612633, -0.9998387098312378, 0.699999988079071, 0.0, 0.0, -0.3223259150981903, -0.4271272122859955, 0.379275381565094, -5.662441253662109e-06, 0.5688623189926147, -0.3389470875263214, 0.4603203237056732, -0.4857565462589264, -0.2527220845222473, 0.1104593276977539, -0.15160918235778809, 0.2541424632072449, -1.9787654876708984, -0.35043030977249146, -0.6494521498680115, -0.0018023252487182617, 0.2138531357049942, 1.4079583883285522, 1.0895216464996338, -2.8278064727783203, -5.610538005828857, -0.7974621653556824, -0.15757280588150024, 4.387575149536133, -0.7356403470039368, -1.1513797044754028, 0.6471360325813293, 0.9761277437210083, 1.4304829835891724, 0.026225298643112183, 0.19675856828689575, -1.6297053098678589, -1.0609416961669922, -0.1978854238986969, 0.5855199694633484, 0.8797451257705688, 1.0, 1.0, 1.0, 1.0, 1.0, 1.0, 1.0, 1.0, 1.0, 1.0, 1.0, 1.0]"
111,0.0,0.0,0.0,2.3497006623074412e-05,0.0,174.88247680664062,4.007515963166952e-05,0.0,298.26959228515625,0.0,0.0,0.0,0.630219042301178,-0.10611247271299362,0.0750257819890976,-0.35605788230895996,-0.43271970748901367,0.3686962425708771,0.5754932761192322,0.9711179733276367,-0.7088532447814941,0.8757385611534119,-0.9466922879219055,-1.1382893323898315,0.8955031037330627,-0.9421178102493286,1.1120905876159668,"[0.630219042301178, -0.10611247271299362, 0.0750257819890976, 0.6091693639755249, -0.043319523334503174, 0.11086365580558777, 0.018437806516885757, -0.009749088436365128, -0.9997823238372803, 0.699999988079071, 0.0, 0.0, -0.35605788230895996, -0.43271970748901367, 0.3686962425708771, -1.1086463928222656e-05, 0.5711179971694946, -0.30885323882102966, 0.4757385551929474, -0.5466922521591187, -0.3382893204689026, 0.09550309181213379, -0.14211779832839966, 0.31209057569503784, -1.5292974710464478, -0.3120839297771454, -0.4802468717098236, -0.0018858667463064194, 0.045477185398340225, 1.271100640296936, 0.8075688481330872, -3.0639736652374268, -2.814873695373535, -0.23709554970264435, 0.5667613744735718, 1.9489572048187256, -0.670768678188324, -1.0214686393737793, 0.4891878664493561, 0.9854550361633301, 1.3565003871917725, 0.132572740316391, 0.26571449637413025, -1.4380102157592773, -0.8323270678520203, -0.22009184956550598, 0.6271740794181824, 0.7814361453056335, 1.0, 1.0, 1.0, 1.0, 1.0, 1.0, 1.0, 1.0, 1.0, 1.0, 1.0, 1.0]"
112,0.0,0.0,0.0,2.9865441319998354e-05,0.0,222.2811737060547,3.814287265413441e-05,0.0,283.8880615234375,0.0,0.0,0.0,0.6472809314727783,-0.10601028800010681,0.07479064911603928,-0.3777059316635132,-0.43715551495552063,0.36131682991981506,0.5754914879798889,0.9708811640739441,-0.6802353262901306,0.8874412775039673,-0.9986904859542847,-1.1473791599273682,0.8898952007293701,-0.9213570356369019,1.1224017143249512,"[0.6472809314727783, -0.10601028800010681, 0.07479064911603928, 0.4122869074344635, -0.1900932639837265, 0.0491432286798954, 0.015463581308722496, -0.01947987824678421, -0.9996907711029053, 0.699999988079071, 0.0, 0.0, -0.3777059316635132, -0.43715551495552063, 0.36131682991981506, -1.2874603271484375e-05, 0.5708811283111572, -0.28023532032966614, 0.4874412715435028, -0.5986905097961426, -0.3473791480064392, 0.08989518880844116, -0.1213570237159729, 0.3224017024040222, -0.7214405536651611, -0.20779044926166534, -0.29990413784980774, -0.00320521742105484, -0.12493762373924255, 1.2359812259674072, 0.5759218335151672, -2.1785356998443604, 1.0158263444900513, 0.05581054091453552, 1.1499805450439453, -0.18448664247989655, -0.5847629904747009, -1.000309705734253, 0.43301764130592346, 0.9760667085647583, 1.2918415069580078, 0.20808932185173035, 0.1914893090724945, -1.2586966753005981, -0.5576357841491699, -0.25263407826423645, 0.6164183616638184, 0.6666144728660583, 1.0, 1.0, 1.0, 0.0, 1.0, 1.0, 1.0, 1.0, 1.0, 1.0, 1.0, 1.0]"
113,0.0,0.0,0.0,3.930475577362813e-05,0.0,292.5356750488281,4.174024434178136e-05,0.0,310.6624450683594,0.0,0.0,0.0,0.6758155822753906,-0.11065752804279327,0.10253185778856277,-0.3788107931613922,-0.43873316049575806,0.35785403847694397,0.5754887461662292,0.9635930061340332,-0.6501615643501282,0.8939927816390991,-1.0266735553741455,-1.1003570556640625,0.886774480342865,-0.8895347714424133,1.1374390125274658,"[0.6758155822753906, -0.11065752804279327, 0.10253185778856277, 0.25153231620788574, -0.25626859068870544, -0.004882405046373606, 0.010623996146023273, -0.02515488862991333, -0.9996270537376404, 0.699999988079071, 0.0, 0.0, -0.3788107931613922, -0.43873316049575806, 0.35785403847694397, -1.5616416931152344e-05, 0.5635930299758911, -0.2501615583896637, 0.49399277567863464, -0.6266735792160034, -0.30035704374313354, 0.08677446842193604, -0.08953475952148438, 0.33743900060653687, 0.2944842278957367, -0.08048556745052338, -0.1479434221982956, -0.005337866954505444, -0.604792058467865, 1.3414503335952759, 0.3312778174877167, -0.9950518608093262, 2.9198176860809326, 0.06161606311798096, 1.6546496152877808, 2.5646612644195557, -0.564449667930603, -0.5693899393081665, 0.429494172334671, 0.27007487416267395, 1.0340185165405273, 0.5482155084609985, -0.13493090867996216, -1.0438579320907593, -0.42992883920669556, -0.53031325340271, 0.4698246717453003, 1.3417564630508423, 1.0, 1.0, 1.0, 0.0, 1.0, 1.0, 1.0, 1.0, 1.0, 1.0, 1.0, 1.0]"
114,0.0,0.0,0.0,4.0897921280702576e-05,0.0,304.39324951171875,4.167625229456462e-05,0.0,310.1861572265625,0.0,0.0,0.0,0.7083804607391357,-0.11677192151546478,0.16698160767555237,-0.3626851439476013,-0.4355291724205017,0.35874536633491516,0.575497567653656,0.9431129693984985,-0.6156074404716492,0.8926580548286438,-1.0282583236694336,-1.0451266765594482,0.8778656721115112,-0.8454545736312866,1.224584937095642,"[0.7083804607391357, -0.11677192151546478, 0.16698160767555237, -0.058523040264844894, -0.19896425306797028, -0.01562747359275818, 0.006016666069626808, -0.026009613648056984, -0.9996433854103088, 0.699999988079071, 0.0, 0.0, -0.3626851439476013, -0.4355291724205017, 0.35874536633491516, -6.794929504394531e-06, 0.5431129932403564, -0.2156074345111847, 0.4926580488681793, -0.6282583475112915, -0.2451266646385193, 0.07786566019058228, -0.045454561710357666, 0.42458492517471313, 0.8971751928329468, 0.268009752035141, 0.1674691140651703, -0.00852829497307539, -1.2469360828399658, 1.5914113521575928, -0.061918407678604126, 0.39846521615982056, 2.4402551651000977, -0.3583543002605438, 2.2027487754821777, 4.997215747833252, -0.7974227070808411, -0.2945326268672943, 0.438738077878952, -0.009676128625869751, 0.9755856394767761, 0.3494403064250946, -0.19906416535377502, -1.3810392618179321, -0.3532886505126953, -0.5913522839546204, 0.3600349426269531, 1.6250731945037842, 1.0, 1.0, 1.0, 0.0, 1.0, 1.0, 1.0, 1.0, 1.0, 1.0, 1.0, 1.0]"
115,0.0,0.0,0.0,3.399649722268805e-05,0.0,253.02760314941406,3.591281711123884e-05,0.0,267.2903137207031,0.0,0.0,0.0,0.7248214483261108,-0.10557260364294052,0.18853279948234558,-0.3547172546386719,-0.42918241024017334,0.36108529567718506,0.57550048828125,0.9142218828201294,-0.5766286849975586,0.8860070705413818,-1.0190787315368652,-1.0022506713867188,0.858746349811554,-0.7958142161369324,1.3390026092529297,"[0.7248214483261108, -0.10557260364294052, 0.18853279948234558, -0.004076521378010511, -0.07724818587303162, 0.021640125662088394, 0.003479475388303399, -0.024690162390470505, -0.9996888041496277, 0.699999988079071, 0.0, 0.0, -0.3547172546386719, -0.42918241024017334, 0.36108529567718506, -3.874301910400391e-06, 0.5142219066619873, -0.17662867903709412, 0.48600706458091736, -0.6190787553787231, -0.2022506594657898, 0.058746337890625, 0.004185795783996582, 0.5390025973320007, -0.014416495338082314, 0.2729603946208954, 0.0976332426071167, -0.014278782531619072, -1.6121176481246948, 1.8672170639038086, -0.15489012002944946, 0.2944774031639099, 2.4981420040130615, -0.9795527458190918, 2.1933813095092773, 6.081453800201416, -0.8910456299781799, -0.21100503206253052, 0.3876705467700958, -0.05925759673118591, 0.868711531162262, 0.203232079744339, -0.19782257080078125, -1.5941025018692017, -0.1188226193189621, -0.6112211346626282, 0.22372941672801971, 1.8245124816894531, 1.0, 1.0, 1.0, 1.0, 1.0, 1.0, 1.0, 1.0, 1.0, 1.0, 1.0, 1.0]"
116,0.0,0.0,0.0,1.725393667584285e-05,0.0,128.4168243408203,2.3020917069516145e-05,0.0,171.3390655517578,0.0,0.0,0.0,0.7214280962944031,-0.09959354996681213,0.14800938963890076,-0.3649972081184387,-0.42392680048942566,0.361106812953949,0.5755042433738708,0.8769319653511047,-0.5363137722015381,0.8815208673477173,-1.0225169658660889,-0.9342533349990845,0.8304442763328552,-0.754200279712677,1.432719349861145,"[0.7214280962944031, -0.09959354996681213, 0.14800938963890076, 0.012441948056221008, 0.12304818630218506, 0.08392681181430817, 0.004326229449361563, -0.02572409249842167, -0.9996593594551086, 0.699999988079071, 0.0, 0.0, -0.3649972081184387, -0.42392680048942566, 0.361106812953949, -1.1920928955078125e-07, 0.47693195939064026, -0.1363137662410736, 0.4815208613872528, -0.6225169897079468, -0.13425332307815552, 0.03044426441192627, 0.04579973220825195, 0.6327193379402161, -0.5805215835571289, 0.3200618028640747, 0.07395514845848083, -0.016606921330094337, -2.1102421283721924, 1.9130620956420898, 0.01165682077407837, -0.29817458987236023, 4.48954963684082, -1.428362250328064, 1.6205503940582275, 2.357790231704712, -0.7997713088989258, -0.5594313144683838, 0.5037859678268433, 0.5484302043914795, 0.6816757917404175, -0.28134885430336, 0.2255660891532898, -1.4904190301895142, 0.4275519847869873, -0.34577223658561707, -0.04569338262081146, 1.1462061405181885, 1.0, 1.0, 1.0, 1.0, 1.0, 1.0, 1.0, 1.0, 1.0, 1.0, 1.0, 1.0]"
117,0.0,0.0,0.0,2.5536294856465247e-07,0.0,1.900604009628296,2.2716267267242074e-05,0.0,169.07162475585938,0.0,0.0,0.0,0.6860979199409485,-0.10934746265411377,-0.006971771828830242,-0.36953192949295044,-0.4176293611526489,0.3593207597732544,0.5755670070648193,0.8261913657188416,-0.5092870593070984,0.8787447810173035,-1.0324221849441528,-0.818461000919342,0.8070234060287476,-0.762108564376831,1.4118599891662598,"[0.6860979199409485, -0.10934746265411377, -0.006971771828830242, -0.14669817686080933, 0.3004029393196106, 0.13440300524234772, 0.009506605565547943, -0.02453131414949894, -0.9996540546417236, 0.699999988079071, 0.0, 0.0, -0.36953192949295044, -0.4176293611526489, 0.3593207597732544, 6.264448165893555e-05, 0.4261913597583771, -0.10928705334663391, 0.478744775056839, -0.6324222087860107, -0.018460988998413086, 0.0070233941078186035, 0.0378914475440979, 0.6118599772453308, 0.29656916856765747, 0.21968558430671692, 0.31986671686172485, 0.012428312562406063, -2.9140305519104004, 0.6144042015075684, 0.6818782091140747, -0.49087050557136536, 6.6001057624816895, -0.8189688324928284, 1.2311614751815796, -2.223064661026001, -0.046428680419921875, -1.3988451957702637, 0.19613702595233917, 1.1229009628295898, 0.07646378874778748, -1.6263294219970703, 0.6834242343902588, -1.170336127281189, 0.7998117804527283, -0.058186955749988556, -0.6278972625732422, 0.8775928020477295, 1.0, 1.0, 1.0, 0.0, 1.0, 1.0, 1.0, 1.0, 1.0, 1.0, 1.0, 1.0]"
118,5.530089765670709e-05,0.0,411.591064453125,0.0,0.0,0.0,0.0,0.0,0.0,0.0,0.0,0.0,0.6246984601020813,-0.08761034905910492,-0.10171978920698166,-0.3796076476573944,-0.4509141743183136,0.33468273282051086,0.5754966139793396,0.8340981006622314,-0.5399778485298157,0.8890156149864197,-1.0466644763946533,-0.8041570782661438,0.8342658281326294,-0.8659206628799438,1.428227186203003,"[0.6246984601020813, -0.08761034905910492, -0.10171978920698166, 1.057061791419983, 0.06038891524076462, 0.0791485384106636, 0.012986320070922375, -0.03621619939804077, -0.9992595314979553, 0.699999988079071, 0.0, 0.0, -0.3796076476573944, -0.4509141743183136, 0.33468273282051086, -7.748603820800781e-06, 0.43409809470176697, -0.1399778425693512, 0.4890156090259552, -0.6466645002365112, -0.004157066345214844, 0.03426581621170044, -0.06592065095901489, 0.628227174282074, -0.9294301867485046, -2.909076690673828, -2.5391714572906494, 0.022381113842129707, 0.6584977507591248, -2.823438882827759, -0.07277482748031616, -0.7417609095573425, 0.5245188474655151, 1.0326482057571411, -5.458284854888916, 4.519091606140137, 0.31862351298332214, -2.475745916366577, -0.18994133174419403, 1.4446196556091309, -0.5006697177886963, -2.132464647293091, 0.6416990756988525, -0.4834865629673004, 0.6591759920120239, -0.15412908792495728, -0.8959822058677673, 2.3880114555358887, 1.0, 1.0, 1.0, 1.0, 1.0, 1.0, 1.0, 1.0, 1.0, 1.0, 1.0, 1.0]"
119,4.381250619189814e-05,0.0,326.0857849121094,0.0,0.0,0.0,0.0,0.0,0.0,0.0,0.0,0.0,0.5603853464126587,-0.08990998566150665,-0.1507488340139389,-0.4026724100112915,-0.5424389243125916,0.256488174200058,0.5754888653755188,0.8416409492492676,-0.6322973370552063,0.8654767274856567,-1.0377644300460815,-0.7827209234237671,0.82619309425354,-0.9458341598510742,1.5625934600830078,"[0.5603853464126587, -0.08990998566150665, -0.1507488340139389, 1.3565077781677246, -0.22522327303886414, 0.04664244130253792, 0.010638630948960781, -0.06258183717727661, -0.9979829788208008, 0.699999988079071, 0.0, 0.0, -0.4026724100112915, -0.5424389243125916, 0.256488174200058, -1.5497207641601562e-05, 0.4416409432888031, -0.23229733109474182, 0.46547672152519226, -0.6377644538879395, 0.017279088497161865, 0.026193082332611084, -0.14583414793014526, 0.7625934481620789, -1.275639295578003, -5.447676181793213, -4.403870105743408, 0.051346708089113235, 0.4746670722961426, -5.494373798370361, -1.7616256475448608, 1.1656414270401, 1.0945812463760376, -0.12803509831428528, -3.9321155548095703, 6.876102447509766, -0.28655508160591125, -1.9122847318649292, -0.32387280464172363, 1.122875690460205, 0.49660754203796387, -1.0271371603012085, 0.1089307963848114, -1.3743549585342407, 0.17578795552253723, 0.034324221312999725, -0.5729745626449585, 2.893209218978882, 1.0, 1.0, 1.0, 1.0, 1.0, 1.0, 1.0, 1.0, 1.0, 1.0, 1.0, 1.0]"
120,0.0,0.0,0.0,0.0,0.0,0.0,0.00015897904813755304,0.0,1183.2421875,0.0,0.0,0.0,0.6017260551452637,-0.15062665939331055,-0.19331681728363037,-0.41647499799728394,-0.6448571681976318,0.17990142107009888,0.5756878852844238,0.8524020910263062,-0.7186411023139954,0.8209868669509888,-1.0073009729385376,-0.7757815718650818,0.7802496552467346,-0.9397510886192322,1.7056418657302856,"[0.6017260551452637, -0.15062665939331055, -0.19331681728363037, 0.27320942282676697, -0.7098182439804077, -0.0034985134843736887, 0.0028288878966122866, -0.08324442058801651, -0.9965248703956604, 0.699999988079071, 0.0, 0.0, -0.41647499799728394, -0.6448571681976318, 0.17990142107009888, 0.00018352270126342773, 0.4524020850658417, -0.3186410963535309, 0.4209868609905243, -0.6073009967803955, 0.024218440055847168, -0.019750356674194336, -0.13975107669830322, 0.9056418538093567, 0.16609583795070648, -3.2225520610809326, 1.6234245300292969, -0.17026031017303467, 0.8329170346260071, -2.279843807220459, 2.842125177383423, 2.1233768463134766, -1.2406169176101685, -5.505789756774902, -1.9789462089538574, 6.622803211212158, -0.8560345768928528, -0.2524094879627228, 0.0851748138666153, 0.13574384152889252, 1.098010540008545, 1.1070019006729126, -0.34068378806114197, -1.7221112251281738, -0.28147274255752563, -0.6492668390274048, 0.8805684447288513, 3.818868398666382, 1.0, 1.0, 1.0, 1.0, 1.0, 1.0, 1.0, 1.0, 1.0, 1.0, 1.0, 1.0]"
121,0.0,0.0,0.0,6.004608439980075e-05,0.0,446.9083251953125,5.15841857122723e-05,0.0,383.9284973144531,0.0,0.0,0.0,0.5834711194038391,-0.10855468362569809,-0.16913995146751404,-0.4168679416179657,-0.6601552367210388,0.18444226682186127,0.5754920840263367,0.872501790523529,-0.7300063967704773,0.8525012731552124,-0.985966145992279,-0.8569492101669312,0.7969300150871277,-0.9301279783248901,1.8541882038116455,"[0.5834711194038391, -0.10855468362569809, -0.16913995146751404, 0.04989062249660492, -0.8149420022964478, 0.014271469786763191, -0.013658009469509125, -0.08342776447534561, -0.9964200854301453, 0.699999988079071, 0.0, 0.0, -0.4168679416179657, -0.6601552367210388, 0.18444226682186127, -1.2278556823730469e-05, 0.4725017845630646, -0.3300063908100128, 0.4525012671947479, -0.5859661102294922, -0.0569491982460022, -0.0030699968338012695, -0.13012796640396118, 1.0541882514953613, -0.3453124761581421, -0.34511077404022217, 0.2091224193572998, -0.00656156986951828, 0.8809792995452881, -0.7688921093940735, 1.434408187866211, 0.320154070854187, -4.123737335205078, 3.900186777114868, 0.5132279396057129, 7.376132011413574, -0.4165897071361542, -0.2806728184223175, 0.13003943860530853, 0.39500242471694946, 0.9691828489303589, 0.8845926523208618, -0.07997503876686096, -1.8939083814620972, -0.9244389533996582, -0.4223954975605011, 0.4814727306365967, 4.4325947761535645, 1.0, 1.0, 1.0, 1.0, 1.0, 1.0, 1.0, 1.0, 1.0, 1.0, 1.0, 1.0]"
122,0.0,0.0,0.0,7.206857117125764e-05,0.0,536.3887329101562,4.5757646148558706e-05,0.0,340.56298828125,0.0,0.0,0.0,0.5753061175346375,-0.0485224649310112,-0.04965994134545326,-0.4146033525466919,-0.6624786257743835,0.19088952243328094,0.5754765868186951,0.8857977390289307,-0.7281782627105713,0.8659295439720154,-1.0013195276260376,-0.9546933174133301,0.8458654284477234,-0.9013252854347229,2.0024805068969727,"[0.5753061175346375, -0.0485224649310112, -0.04965994134545326, -0.4502088725566864, -0.5649859309196472, -0.16943250596523285, -0.026757529005408287, -0.07992041856050491, -0.9964422583580017, 0.699999988079071, 0.0, 0.0, -0.4146033525466919, -0.6624786257743835, 0.19088952243328094, -2.777576446533203e-05, 0.4857977330684662, -0.3281782567501068, 0.4659295380115509, -0.6013195514678955, -0.15469330549240112, 0.045865416526794434, -0.10132527351379395, 1.2024805545806885, 0.7490711212158203, 0.11230146884918213, 0.591016411781311, -0.006227606907486916, 0.4423639476299286, -0.1137700229883194, 0.6023343205451965, -1.3085805177688599, -5.506894111633301, 2.4731202125549316, 1.330470085144043, 7.392301082611084, -0.44978371262550354, -0.08612000942230225, 0.3134499192237854, -0.031708091497421265, 0.8888248205184937, 0.7777725458145142, -0.19840070605278015, -2.266433000564575, -0.9345167875289917, -0.4559086859226227, 0.4828717112541199, 5.307705402374268, 1.0, 1.0, 1.0, 1.0, 1.0, 1.0, 1.0, 1.0, 1.0, 1.0, 1.0, 1.0]"
123,0.0,0.0,0.0,6.613832374569029e-05,0.0,492.2513427734375,3.96367468056269e-05,0.0,295.0066223144531,0.0,0.0,0.0,0.5726818442344666,-0.011047715321183205,0.0474683903157711,-0.372189462184906,-0.650600016117096,0.21155044436454773,0.5754958987236023,0.8797286152839661,-0.7192327380180359,0.8643372654914856,-1.0447286367416382,-1.0461398363113403,0.8761751055717468,-0.8595389723777771,2.1507728099823,"[0.5726818442344666, -0.011047715321183205, 0.0474683903157711, -1.100725769996643, -0.358943909406662, -0.30528131127357483, -0.03498704731464386, -0.06101846322417259, -0.9975231289863586, 0.699999988079071, 0.0, 0.0, -0.372189462184906, -0.650600016117096, 0.21155044436454773, -8.463859558105469e-06, 0.4797286093235016, -0.3192327320575714, 0.4643372595310211, -0.6447286605834961, -0.24613982439041138, 0.07617509365081787, -0.059538960456848145, 1.3507728576660156, 2.675663709640503, 0.7346567511558533, 1.3657110929489136, -0.010217562317848206, -0.8543779253959656, 0.2513478696346283, -0.07005947828292847, -2.7212963104248047, -3.0035271644592285, 1.5769572257995605, 1.7893002033233643, 7.400947570800781, -0.519703209400177, -0.011388328857719898, -0.2332872897386551, 0.08825835585594177, 1.0114109516143799, 0.6975730657577515, 0.1741105020046234, -2.2518668174743652, -0.6409956216812134, -0.5034864544868469, 0.4600522518157959, 6.224833965301514, 1.0, 1.0, 1.0, 0.0, 1.0, 1.0, 1.0, 1.0, 1.0, 1.0, 1.0, 1.0]"
124,0.0,0.0,0.0,6.191415741341189e-05,0.0,460.81195068359375,3.056344576179981e-05,0.0,227.4762420654297,0.0,0.0,0.0,0.5969299077987671,0.04259533807635307,0.10728610306978226,-0.3245978355407715,-0.638042151927948,0.22972172498703003,0.5755073428153992,0.8544811606407166,-0.7004621028900146,0.856035053730011,-1.118440866470337,-1.059739589691162,0.8861232995986938,-0.8131017088890076,2.2994184494018555,"[0.5969299077987671, 0.04259533807635307, 0.10728610306978226, -0.7765932083129883, -0.17061227560043335, -0.2639790177345276, -0.039515819400548935, -0.04256468638777733, -0.9983121752738953, 0.699999988079071, 0.0, 0.0, -0.3245978355407715, -0.638042151927948, 0.22972172498703003, 2.9802322387695312e-06, 0.4544811546802521, -0.30046209692955017, 0.4560350477695465, -0.7184408903121948, -0.25973957777023315, 0.08612328767776489, -0.013101696968078613, 1.4994184970855713, 1.9720906019210815, 0.5112578868865967, 0.9322642087936401, -0.0019803084433078766, -1.4299681186676025, 0.8004251718521118, -0.19296638667583466, -4.170614719390869, 0.6950286030769348, 0.5023066997528076, 2.1681413650512695, 7.4171857833862305, -0.6049851775169373, 0.30708569288253784, -0.05436007305979729, -0.27149611711502075, 0.863725483417511, 0.8413547277450562, 0.04782441258430481, -2.3636646270751953, -0.36708778142929077, -0.7363958954811096, 0.3863891363143921, 7.565292835235596, 1.0, 1.0, 1.0, 1.0, 1.0, 1.0, 1.0, 1.0, 1.0, 1.0, 1.0, 1.0]"
125,0.0,0.0,0.0,5.830368536408059e-05,0.0,433.9400634765625,2.4766854039626196e-05,0.0,184.33363342285156,0.0,0.0,0.0,0.635910153388977,0.0893288180232048,0.14837989211082458,-0.2998233735561371,-0.6300943493843079,0.23886512219905853,0.5754815936088562,0.8235969543457031,-0.6715962886810303,0.8483244776725769,-1.21149480342865,-1.011303424835205,0.8758569359779358,-0.7711840867996216,2.4480671882629395,"[0.635910153388977, 0.0893288180232048, 0.14837989211082458, -0.46159523725509644, 0.04274870827794075, -0.17160768806934357, -0.04020744934678078, -0.03121880628168583, -0.9987035393714905, 0.699999988079071, 0.0, 0.0, -0.2998233735561371, -0.6300943493843079, 0.23886512219905853, -2.276897430419922e-05, 0.42359694838523865, -0.2715962827205658, 0.4483244717121124, -0.8114948272705078, -0.21130341291427612, 0.07585692405700684, 0.028815925121307373, 1.6480672359466553, 0.8842357993125916, 0.3152288794517517, 0.35073322057724, -0.012380879372358322, -1.693852186203003, 1.224404215812683, -0.31598731875419617, -4.846358299255371, 3.721745729446411, -0.4133363962173462, 1.8564114570617676, 7.424201965332031, -0.5266721844673157, 0.041761238127946854, -0.15278466045856476, -0.3754178285598755, 0.8219447135925293, 0.8848206996917725, 0.15303204953670502, -2.5234086513519287, 0.0442572683095932, -0.7223024368286133, 0.36516499519348145, 7.899151802062988, 1.0, 1.0, 1.0, 1.0, 1.0, 1.0, 1.0, 1.0, 1.0, 1.0, 1.0, 1.0]"
126,0.0,0.0,0.0,5.500383485923521e-05,0.0,409.3800964355469,2.2354795873980038e-05,0.0,166.38128662109375,0.0,0.0,0.0,0.6812745928764343,0.11662847548723221,0.17798173427581787,-0.28654995560646057,-0.6221767663955688,0.24385230243206024,0.5755124092102051,0.7872916460037231,-0.6354998350143433,0.8399564027786255,-1.310441255569458,-0.9153304100036621,0.8490532040596008,-0.7322282791137695,2.5967466831207275,"[0.6812745928764343, 0.11662847548723221, 0.17798173427581787, -0.4655139446258545, 0.27213358879089355, -0.09898857027292252, -0.036587052047252655, -0.02212861366569996, -0.9990858435630798, 0.699999988079071, 0.0, 0.0, -0.28654995560646057, -0.6221767663955688, 0.24385230243206024, 8.046627044677734e-06, 0.38729164004325867, -0.23549982905387878, 0.439956396818161, -0.9104412794113159, -0.11533039808273315, 0.049053192138671875, 0.06777173280715942, 1.7967467308044434, 0.6138144135475159, 0.46095460653305054, 0.4500364065170288, -0.01248430460691452, -1.9652748107910156, 1.5464071035385132, -0.27715158462524414, -4.942806720733643, 5.379923343658447, -1.252285361289978, 1.5291353464126587, 7.42646598815918, -0.49129197001457214, 0.06618471443653107, 0.03152595832943916, -0.42326152324676514, 0.5474488139152527, 1.0250519514083862, 0.15185143053531647, -2.61242413520813, 0.412528932094574, -0.9910796880722046, 0.2899518609046936, 8.023752212524414, 1.0, 1.0, 1.0, 1.0, 1.0, 1.0, 1.0, 1.0, 1.0, 1.0, 1.0, 1.0]"
127,0.0,0.0,0.0,5.233687988948077e-05,0.0,389.5306091308594,1.687387157289777e-05,0.0,125.58809661865234,0.0,0.0,0.0,0.7249788045883179,0.12986645102500916,0.1944875419139862,-0.2716892659664154,-0.6098108887672424,0.24982210993766785,0.5755537748336792,0.7418269515037537,-0.5953828692436218,0.8310099840164185,-1.406976342201233,-0.8010502457618713,0.8075894117355347,-0.6983867287635803,2.745532512664795,"[0.7249788045883179, 0.12986645102500916, 0.1944875419139862, -0.626645565032959, 0.5810628533363342, -0.04262956604361534, -0.027473870664834976, -0.010921219363808632, -0.9995629787445068, 0.699999988079071, 0.0, 0.0, -0.2716892659664154, -0.6098108887672424, 0.24982210993766785, 4.941225051879883e-05, 0.3418269455432892, -0.19538286328315735, 0.431009978055954, -1.0069763660430908, -0.0010502338409423828, 0.007589399814605713, 0.10161328315734863, 1.9455325603485107, 0.8808753490447998, 0.6652677655220032, 0.6711019277572632, 0.008027803152799606, -2.5694420337677, 1.6459468603134155, -0.0674203634262085, -4.662640571594238, 6.019772529602051, -1.7735326290130615, 1.3013060092926025, 7.431142807006836, -0.4063251316547394, -0.017821703106164932, 0.3207971751689911, -0.41860827803611755, 0.19665250182151794, 1.1158403158187866, 0.3581337630748749, -2.593980312347412, 0.749096155166626, -1.3098108768463135, 0.07040871679782867, 7.872430324554443, 1.0, 1.0, 1.0, 1.0, 1.0, 1.0, 1.0, 1.0, 1.0, 1.0, 1.0, 1.0]"
128,3.2996482332237065e-05,0.0,245.58474731445312,3.819706762442365e-05,0.0,284.29144287109375,0.0,0.0,0.0,0.0,0.0,0.0,0.7619213461875916,0.1205575168132782,0.2518945634365082,-0.26598528027534485,-0.5989642143249512,0.25011545419692993,0.5754130482673645,0.7386930584907532,-0.5470985770225525,0.8125001788139343,-1.4946287870407104,-0.7764434218406677,0.7478419542312622,-0.7210484743118286,2.893789291381836,"[0.7619213461875916, 0.1205575168132782, 0.2518945634365082, -0.25162073969841003, 0.6395004391670227, -0.11435835808515549, -0.014770597219467163, -0.00316572654992342, -0.9998862147331238, 0.699999988079071, 0.0, 0.0, -0.26598528027534485, -0.5989642143249512, 0.25011545419692993, -9.131431579589844e-05, 0.3386930525302887, -0.147098571062088, 0.41250017285346985, -1.0946288108825684, 0.02355659008026123, -0.05215805768966675, 0.07895153760910034, 2.0937893390655518, 0.1325172334909439, 0.41128021478652954, -0.15224841237068176, 0.04619394987821579, 0.221152663230896, 2.35144305229187, -1.3585519790649414, -4.071483612060547, 0.6342043876647949, -2.9764444828033447, -2.322359323501587, 7.4765238761901855, -0.49215251207351685, 0.002524907700717449, 0.48194971680641174, -0.3307906687259674, -0.14150646328926086, 0.6734675168991089, 0.39196649193763733, -2.4663734436035156, 0.8228139877319336, -1.3714542388916016, -0.2148270457983017, 7.634732246398926, 1.0, 1.0, 1.0, 1.0, 1.0, 1.0, 1.0, 1.0, 1.0, 1.0, 1.0, 1.0]"
129,4.918927152175456e-05,0.0,366.1037292480469,1.1911819456145167e-05,0.0,88.65676879882812,0.0,0.0,0.0,0.0,0.0,0.0,0.7470290064811707,0.07554855197668076,0.2992153465747833,-0.2613576650619507,-0.5881434082984924,0.25365832448005676,0.5754263997077942,0.74176424741745,-0.4929506480693817,0.7745262384414673,-1.555672287940979,-0.7598517537117004,0.6785116791725159,-0.7753835320472717,3.0414280891418457,"[0.7470290064811707, 0.07554855197668076, 0.2992153465747833, -0.2903350591659546, 0.5094512104988098, -0.08829103410243988, -0.0034733270294964314, 0.0028595319017767906, -0.9999901056289673, 0.699999988079071, 0.0, 0.0, -0.2613576650619507, -0.5881434082984924, 0.25365832448005676, -7.796287536621094e-05, 0.3417642414569855, -0.09295064210891724, 0.3745262324810028, -1.155672311782837, 0.040148258209228516, -0.12148833274841309, 0.024616479873657227, 2.2414281368255615, 0.23661935329437256, 0.647819459438324, 0.2364913523197174, 0.09659099578857422, 0.2443334013223648, 2.88090443611145, -2.1023690700531006, -2.55177640914917, 0.7785969376564026, -3.839103937149048, -3.3382155895233154, 7.479611396789551, -0.5597421526908875, -0.04024437442421913, 0.018768567591905594, -0.2786608040332794, -0.30085158348083496, -1.0756756067276, 0.44026193022727966, -2.4863312244415283, 0.7021564245223999, -0.923433244228363, -0.44258826971054077, 7.8828582763671875, 1.0, 1.0, 1.0, 1.0, 1.0, 1.0, 1.0, 1.0, 1.0, 1.0, 1.0, 1.0]"
130,4.822168193641119e-05,0.0,358.9021911621094,4.864282914240903e-07,0.0,3.6203668117523193,0.0,0.0,0.0,0.0,0.0,0.0,0.6630263924598694,0.04069911688566208,0.25238311290740967,-0.261443167924881,-0.5717888474464417,0.24026165902614594,0.5754507780075073,0.7389678359031677,-0.4596673548221588,0.7245754599571228,-1.595524549484253,-0.7337530851364136,0.6259744763374329,-0.8508668541908264,3.190054416656494,"[0.6630263924598694, 0.04069911688566208, 0.25238311290740967, 0.11788208782672882, 0.3348712921142578, 0.13726337254047394, 0.004932301118969917, 0.003766917157918215, -0.999980628490448, 0.699999988079071, 0.0, 0.0, -0.261443167924881, -0.5717888474464417, 0.24026165902614594, -5.358457565307617e-05, 0.33896782994270325, -0.059667348861694336, 0.3245754539966583, -1.1955245733261108, 0.06624692678451538, -0.1740255355834961, -0.05086684226989746, 2.39005446434021, -0.19158971309661865, 1.1820347309112549, -1.3509877920150757, 0.05887080729007721, -0.04097810015082359, 0.3786349594593048, -2.814270257949829, -1.751537561416626, 1.1831015348434448, -1.4877355098724365, -3.6086502075195312, 7.475549697875977, -0.5805978775024414, -0.36517006158828735, -0.02842281386256218, -0.10882458090782166, -0.21167296171188354, -2.2040138244628906, 0.18810370564460754, -2.3411428928375244, 0.8586705327033997, -0.37701335549354553, -0.5415388941764832, 8.43227767944336, 1.0, 1.0, 1.0, 0.0, 1.0, 1.0, 1.0, 1.0, 1.0, 1.0, 1.0, 1.0]"
131,4.66360870632343e-05,0.0,347.1009826660156,0.0,0.0,0.0,0.0,0.0,0.0,0.0,0.0,0.0,0.5501805543899536,0.0014552926877513528,0.1673833578824997,-0.27010849118232727,-0.5408313274383545,0.19385799765586853,0.5754716992378235,0.7323436737060547,-0.5121617317199707,0.6563405394554138,-1.620057225227356,-0.702375054359436,0.6612981557846069,-0.9085330367088318,3.33882212638855,"[0.5501805543899536, 0.0014552926877513528, 0.1673833578824997, 0.4453226327896118, 0.10153955966234207, 0.34302571415901184, 0.008894533850252628, -0.0033386503346264362, -0.9999549984931946, 0.699999988079071, 0.0, 0.0, -0.27010849118232727, -0.5408313274383545, 0.19385799765586853, -3.266334533691406e-05, 0.3323436677455902, -0.11216172575950623, 0.25634053349494934, -1.2200572490692139, 0.09762495756149292, -0.13870185613632202, -0.10853302478790283, 2.5388221740722656, -0.5171269774436951, 1.7089111804962158, -2.686835289001465, 0.0505058690905571, -0.24833667278289795, -4.199866771697998, -3.7689907550811768, -0.8649598360061646, 1.5038566589355469, 2.4565725326538086, -1.7220897674560547, 7.459423065185547, -0.2318750023841858, -0.5701428055763245, 0.08663566410541534, 0.12224391102790833, -0.20813587307929993, -1.619087815284729, 0.3152121603488922, -2.1929938793182373, 0.9328776597976685, -0.213169664144516, -0.24918608367443085, 9.362874031066895, 1.0, 1.0, 1.0, 0.0, 1.0, 1.0, 1.0, 1.0, 1.0, 1.0, 1.0, 1.0]"
132,2.99798102787463e-05,0.0,223.1324005126953,6.2085737226880156e-06,0.0,46.20889663696289,0.0,0.0,0.0,0.0,0.0,0.0,0.5401630997657776,-0.05300990119576454,0.09548310190439224,-0.27711227536201477,-0.49214112758636475,0.14759182929992676,0.5754914879798889,0.7252291440963745,-0.5962123870849609,0.5780996680259705,-1.6202821731567383,-0.6630842685699463,0.6566270589828491,-0.8783722519874573,3.4869821071624756,"[0.5401630997657776, -0.05300990119576454, 0.09548310190439224, 0.22382356226444244, -0.29022836685180664, 0.3004631996154785, 0.006256578955799341, -0.010229050181806087, -0.99992835521698, 0.699999988079071, 0.0, 0.0, -0.27711227536201477, -0.49214112758636475, 0.14759182929992676, -1.2874603271484375e-05, 0.32522913813591003, -0.19621238112449646, 0.17809966206550598, -1.2202821969985962, 0.13691574335098267, -0.14337295293807983, -0.07837224006652832, 2.6869821548461914, -0.1814240962266922, 2.8632190227508545, -1.8596904277801514, 0.03805823251605034, -0.2851085066795349, -3.214381217956543, -3.9218618869781494, 0.414093941450119, 2.1534197330474854, 0.0018520355224609375, 4.295424461364746, 7.4165825843811035, -0.4793368875980377, -0.2091105878353119, 0.37592586874961853, 0.03175058960914612, 0.41319137811660767, 1.2035566568374634, 0.20604118704795837, -2.424154043197632, 0.60007643699646, -0.6393518447875977, 0.6875703930854797, 10.735466957092285, 1.0, 1.0, 1.0, 0.0, 1.0, 1.0, 1.0, 1.0, 1.0, 1.0, 1.0, 1.0]"
133,0.0,0.0,0.0,3.1356899853562936e-05,0.0,233.38172912597656,0.0,0.0,0.0,0.0,0.0,0.0,0.6174924373626709,-0.04325277358293533,0.0018942084861919284,-0.27838075160980225,-0.45444780588150024,0.128526508808136,0.5754826068878174,0.7257855534553528,-0.6104535460472107,0.5081612467765808,-1.6098934412002563,-0.6576023697853088,0.6915842890739441,-0.7549729943275452,3.6369998455047607,"[0.6174924373626709, -0.04325277358293533, 0.0018942084861919284, 0.13665293157100677, -0.21416981518268585, 0.08087468147277832, -0.0001802531915018335, -0.012712630443274975, -0.9999193549156189, 0.699999988079071, 0.0, 0.0, -0.27838075160980225, -0.45444780588150024, 0.128526508808136, -2.1755695343017578e-05, 0.3257855474948883, -0.21045354008674622, 0.10816124081611633, -1.2098934650421143, 0.14239764213562012, -0.10841572284698486, 0.04502701759338379, 2.8369998931884766, -0.1597694605588913, 0.4242406487464905, -0.49374639987945557, 0.006086749956011772, 0.45904216170310974, 0.8006176948547363, -3.2205562591552734, 0.29355353116989136, -3.394124746322632, 0.988916277885437, 6.423028469085693, 7.461431980133057, -0.47993630170822144, -0.5271952748298645, 0.7345152497291565, 0.14354190230369568, 0.7084159851074219, 0.9091306924819946, 0.04935184121131897, -2.87892746925354, -0.5425857305526733, -0.821220874786377, 1.1687277555465698, 11.867578506469727, 1.0, 1.0, 1.0, 0.0, 1.0, 1.0, 1.0, 1.0, 1.0, 1.0, 1.0, 1.0]"
134,0.0,0.0,0.0,5.9254773077555e-05,0.0,441.0187683105469,0.0001317909045610577,0.0,980.8873901367188,0.0,0.0,0.0,0.6915052533149719,-0.020369671285152435,0.03666166588664055,-0.2869205176830292,-0.4600830674171448,0.12300659716129303,0.5758070945739746,0.7366915941238403,-0.5866146683692932,0.46876195073127747,-1.6198257207870483,-0.7680209279060364,0.6867778301239014,-0.6555382013320923,3.7857778072357178,"[0.6915052533149719, -0.020369671285152435, 0.03666166588664055, 0.16724607348442078, 0.012123733758926392, 0.08947101980447769, 0.0007986511336639524, -0.020153209567070007, -0.9997965097427368, 0.699999988079071, 0.0, 0.0, -0.2869205176830292, -0.4600830674171448, 0.12300659716129303, 0.000302731990814209, 0.33669158816337585, -0.18661466240882874, 0.06876194477081299, -1.2198257446289062, 0.03197908401489258, -0.11322218179702759, 0.14446181058883667, 2.9857778549194336, -0.31109246611595154, -0.07536420226097107, -0.10762941837310791, -0.04741952195763588, 0.39093151688575745, 0.9664405584335327, 2.221266746520996, -0.6186480522155762, -4.576254367828369, 0.19215133786201477, -1.8249479532241821, 7.010395526885986, -0.473442941904068, -0.47441935539245605, 0.3836159408092499, 0.18359920382499695, 0.7149419784545898, 0.6269317865371704, -0.12687337398529053, -2.9527299404144287, -0.7006595134735107, -0.9617371559143066, 0.9102330803871155, 12.5198335647583, 1.0, 1.0, 1.0, 1.0, 1.0, 1.0, 1.0, 1.0, 1.0, 1.0, 1.0, 1.0]"
135,0.0,0.0,0.0,5.059488830738701e-05,0.0,376.5653991699219,5.2948162192478776e-05,0.0,394.0802001953125,0.0,0.0,0.0,0.6890301704406738,0.007496373262256384,0.08449660241603851,-0.2890015244483948,-0.45906710624694824,0.12280227243900299,0.5755831599235535,0.7434621453285217,-0.5593453645706177,0.49948737025260925,-1.643186330795288,-0.8738322854042053,0.6771600842475891,-0.6686319708824158,3.935006856918335,"[0.6890301704406738, 0.007496373262256384, 0.08449660241603851, -0.010903758928179741, 0.09982496500015259, -0.0012456561671569943, 0.002149896463379264, -0.020650560036301613, -0.9997843503952026, 0.699999988079071, 0.0, 0.0, -0.2890015244483948, -0.45906710624694824, 0.12280227243900299, 7.87973403930664e-05, 0.34346213936805725, -0.1593453586101532, 0.09948736429214478, -1.243186354637146, -0.07383227348327637, -0.12283992767333984, 0.13136804103851318, 3.135006904602051, 0.023029599338769913, 0.0465262345969677, -0.0008993203518912196, -0.0039007244631648064, 0.23711331188678741, 1.2166637182235718, 1.0778433084487915, -1.4819484949111938, -5.846724033355713, -0.35653823614120483, -0.10344880819320679, 7.371907711029053, -0.2168019711971283, -0.8856438398361206, 0.33259260654449463, 0.17105036973953247, 0.700396716594696, 0.5562677383422852, 0.004977554082870483, -3.170837640762329, -0.678616464138031, -0.8748162388801575, 0.8285990953445435, 12.283049583435059, 1.0, 1.0, 1.0, 1.0, 1.0, 1.0, 1.0, 1.0, 1.0, 1.0, 1.0, 1.0]"
136,0.0,0.0,0.0,4.292237645131536e-05,0.0,319.4607849121094,3.471640593488701e-05,0.0,258.3857421875,0.0,0.0,0.0,0.6899755597114563,0.038949720561504364,0.11983373761177063,-0.27850067615509033,-0.4597293436527252,0.12087544053792953,0.5755298733711243,0.7352933287620544,-0.5258495211601257,0.5164525508880615,-1.685558557510376,-0.945578396320343,0.6560395359992981,-0.6639049053192139,4.084128379821777,"[0.6899755597114563, 0.038949720561504364, 0.11983373761177063, 0.19903935492038727, 0.10074935853481293, -0.051261987537145615, 0.003959891851991415, -0.022186491638422012, -0.9997459053993225, 0.699999988079071, 0.0, 0.0, -0.27850067615509033, -0.4597293436527252, 0.12087544053792953, 2.5510787963867188e-05, 0.33529332280158997, -0.12584951519966125, 0.11645254492759705, -1.2855585813522339, -0.14557838439941406, -0.14396047592163086, 0.1360951066017151, 3.284128427505493, 0.7736244201660156, -0.1746436059474945, -0.23188436031341553, -0.008029612712562084, -0.8906017541885376, 1.6097806692123413, 0.929847776889801, -2.4830715656280518, -1.5365893840789795, -1.0641212463378906, 0.10821513831615448, 7.433218479156494, -0.4068372845649719, -0.5809898972511292, 0.1833006888628006, 0.1755792796611786, 0.6570428609848022, 0.5234341621398926, -0.009418874979019165, -3.1250264644622803, -0.3499335050582886, -1.0876799821853638, 0.8588501811027527, 12.260645866394043, 1.0, 1.0, 1.0, 0.0, 1.0, 1.0, 1.0, 1.0, 1.0, 1.0, 1.0, 1.0]"
137,0.0,0.0,0.0,4.3470536184031516e-05,0.0,323.5405578613281,3.11038238578476e-05,0.0,231.49813842773438,0.0,0.0,0.0,0.7039984464645386,0.06372570246458054,0.1300680935382843,-0.2607327401638031,-0.46450474858283997,0.11446037143468857,0.5755239725112915,0.7111675143241882,-0.486615389585495,0.532565712928772,-1.7414647340774536,-0.9420937895774841,0.6237185001373291,-0.6589810252189636,4.233224391937256,"[0.7039984464645386, 0.06372570246458054, 0.1300680935382843, 0.27569815516471863, 0.1675059050321579, -0.0500655472278595, 0.006704580970108509, -0.02765045501291752, -0.9995952844619751, 0.699999988079071, 0.0, 0.0, -0.2607327401638031, -0.46450474858283997, 0.11446037143468857, 1.9609928131103516e-05, 0.31116750836372375, -0.08661538362503052, 0.1325657069683075, -1.3414647579193115, -0.14209377765655518, -0.17628151178359985, 0.14101898670196533, 3.4332244396209717, 0.8824970722198486, -0.25995081663131714, -0.34171077609062195, -0.0100277503952384, -1.3482396602630615, 1.7879096269607544, 0.8925933241844177, -2.843635082244873, 1.1512165069580078, -1.4224481582641602, 0.09052133560180664, 7.431461811065674, -0.42506322264671326, -0.4069572985172272, 0.3205100893974304, -0.046157658100128174, 0.6495659351348877, 0.7137614488601685, -0.06413114070892334, -3.169764280319214, -0.13303999602794647, -1.2189891338348389, 0.8155108094215393, 12.418082237243652, 1.0, 1.0, 1.0, 0.0, 1.0, 1.0, 1.0, 1.0, 1.0, 1.0, 1.0, 1.0]"
138,0.0,0.0,0.0,4.1189632611349225e-05,0.0,306.5643615722656,3.301601464045234e-05,0.0,245.73013305664062,0.0,0.0,0.0,0.7201156616210938,0.07728120684623718,0.1528497338294983,-0.2424803227186203,-0.464962899684906,0.11184628307819366,0.5755263566970825,0.6844402551651001,-0.44459229707717896,0.5447162389755249,-1.7946001291275024,-0.8952509760856628,0.5850101113319397,-0.6489933729171753,4.382185935974121,"[0.7201156616210938, 0.07728120684623718, 0.1528497338294983, -0.08955077826976776, 0.2331637591123581, -0.042159274220466614, 0.010793010704219341, -0.028456363826990128, -0.9995368123054504, 0.699999988079071, 0.0, 0.0, -0.2424803227186203, -0.464962899684906, 0.11184628307819366, 2.199411392211914e-05, 0.2844402492046356, -0.04459229111671448, 0.14471623301506042, -1.3946001529693604, -0.09525096416473389, -0.21498990058898926, 0.15100663900375366, 3.582185983657837, 0.8554090857505798, 0.11618553102016449, -0.01495189405977726, -0.015479112043976784, -1.3457995653152466, 1.959834098815918, 0.6491249799728394, -2.507018804550171, 3.043081760406494, -1.8407793045043945, 0.4247037172317505, 7.419435977935791, -0.5037608742713928, -0.35366931557655334, 0.303834468126297, -0.15380620956420898, 0.5682364106178284, 0.779018759727478, -0.1608937680721283, -3.228936195373535, 0.11441241204738617, -1.3436293601989746, 0.7833945155143738, 12.454449653625488, 1.0, 1.0, 1.0, 0.0, 1.0, 1.0, 1.0, 1.0, 1.0, 1.0, 1.0, 1.0]"
139,0.0,0.0,0.0,3.9945298340171576e-05,0.0,297.3030700683594,3.080509486608207e-05,0.0,229.2747802734375,0.0,0.0,0.0,0.7379568815231323,0.09397324919700623,0.1788448542356491,-0.2292158007621765,-0.4586907923221588,0.11509956419467926,0.5755228400230408,0.658554196357727,-0.4000298082828522,0.5514861345291138,-1.8415011167526245,-0.8238795399665833,0.5390733480453491,-0.6320475339889526,4.531139373779297,"[0.7379568815231323, 0.09397324919700623, 0.1788448542356491, -0.37258702516555786, 0.3234691023826599, -0.027542533352971077, 0.016499634832143784, -0.022513525560498238, -0.9996101260185242, 0.699999988079071, 0.0, 0.0, -0.2292158007621765, -0.4586907923221588, 0.11509956419467926, 1.8477439880371094e-05, 0.2585541903972626, -2.9802322387695312e-05, 0.1514861285686493, -1.4415011405944824, -0.023879528045654297, -0.26092666387557983, 0.16795247793197632, 3.7311394214630127, 0.5031735301017761, 0.397172212600708, 0.22072017192840576, -0.01697288639843464, -1.3668134212493896, 2.146517753601074, 0.4121183156967163, -2.2593417167663574, 4.161985874176025, -2.2965281009674072, 0.7102805972099304, 7.421536922454834, -0.5181541442871094, -0.2828269302845001, 0.32826223969459534, -0.25292372703552246, 0.4141692519187927, 0.8965369462966919, -0.13669902086257935, -3.2913014888763428, 0.46024638414382935, -1.5198264122009277, 0.7314265370368958, 12.34242057800293, 1.0, 1.0, 1.0, 0.0, 1.0, 1.0, 1.0, 1.0, 1.0, 1.0, 1.0, 1.0]"
140,0.0,0.0,0.0,3.988987373304553e-05,0.0,296.8905334472656,2.2800604710937478e-05,0.0,169.69932556152344,0.0,0.0,0.0,0.757635235786438,0.10492293536663055,0.1892005205154419,-0.22210320830345154,-0.44795429706573486,0.12171803414821625,0.5755148530006409,0.627484142780304,-0.3512763977050781,0.5555644035339355,-1.885240912437439,-0.7275102734565735,0.4817315936088562,-0.6135765910148621,4.6802449226379395,"[0.757635235786438, 0.10492293536663055, 0.1892005205154419, -0.5486080050468445, 0.4766230881214142, -0.009269374422729015, 0.024575920775532722, -0.01247343234717846, -0.9996200799942017, 0.699999988079071, 0.0, 0.0, -0.22210320830345154, -0.44795429706573486, 0.12171803414821625, 1.049041748046875e-05, 0.22748413681983948, 0.04872360825538635, 0.15556439757347107, -1.4852409362792969, 0.07248973846435547, -0.31826841831207275, 0.1864234209060669, 3.8802449703216553, 0.2932104468345642, 0.5888807773590088, 0.3701484799385071, -0.01339059416204691, -1.7725659608840942, 2.320037603378296, 0.32079023122787476, -2.1228790283203125, 5.3067240715026855, -2.854459524154663, 0.6540865302085876, 7.4401068687438965, -0.43219292163848877, -0.1809552013874054, 0.37739109992980957, -0.3047817051410675, 0.1644289195537567, 1.0152345895767212, 0.005776315927505493, -3.2904982566833496, 0.8193427324295044, -1.7792870998382568, 0.5759071707725525, 12.056610107421875, 1.0, 1.0, 1.0, 0.0, 1.0, 1.0, 1.0, 1.0, 1.0, 1.0, 1.0, 1.0]"
141,0.00011579510464798659,0.0,861.8345947265625,3.363465657457709e-05,0.0,250.3345184326172,4.309977612138027e-06,0.0,32.07810974121094,0.0,0.0,0.0,0.8109534978866577,0.09194933623075485,0.216152623295784,-0.21306274831295013,-0.4341861307621002,0.1313866227865219,0.5752123594284058,0.6013668775558472,-0.2970088720321655,0.5613007545471191,-1.925005555152893,-0.6512705683708191,0.40960627794265747,-0.6024169921875,4.829949855804443,"[0.8109534978866577, 0.09194933623075485, 0.216152623295784, -0.3583776652812958, 0.5047697424888611, -0.11858391761779785, 0.03601234033703804, 0.00014412435120902956, -0.999351441860199, 0.699999988079071, 0.0, 0.0, -0.21306274831295013, -0.4341861307621002, 0.1313866227865219, -0.00029200315475463867, 0.2013668715953827, 0.10299113392829895, 0.16130074858665466, -1.525005578994751, 0.14872944355010986, -0.3903937339782715, 0.19758301973342896, 4.02994966506958, 0.1538434624671936, 0.39102232456207275, 0.31780314445495605, 0.11096574366092682, 1.8404488563537598, 2.9445431232452393, 0.36004185676574707, -2.0368576049804688, -1.5261510610580444, -3.8596739768981934, 0.4171057343482971, 7.521172046661377, -0.3871132433414459, -0.1863207221031189, 0.49618199467658997, -0.28239190578460693, -0.012722998857498169, 0.8590337038040161, 0.10394543409347534, -3.1939826011657715, 0.9029948711395264, -1.8888415098190308, 0.31627029180526733, 11.77344036102295, 1.0, 1.0, 1.0, 1.0, 1.0, 1.0, 1.0, 1.0, 1.0, 1.0, 1.0, 1.0]"
142,4.535752668743953e-05,0.0,337.5849914550781,9.082888936973177e-06,0.0,67.60172271728516,0.0,0.0,0.0,0.0,0.0,0.0,0.7857746481895447,0.0503392368555069,0.1975700855255127,-0.2080508917570114,-0.42693132162094116,0.14676527678966522,0.5754844546318054,0.6168526411056519,-0.23300009965896606,0.5642908215522766,-1.957013726234436,-0.6474897265434265,0.32335954904556274,-0.6319628357887268,4.978033542633057,"[0.7857746481895447, 0.0503392368555069, 0.1975700855255127, -0.20103812217712402, 0.4110644459724426, -0.133620485663414, 0.04558814689517021, 0.0060656145215034485, -0.9989421367645264, 0.699999988079071, 0.0, 0.0, -0.2080508917570114, -0.42693132162094116, 0.14676527678966522, -1.990795135498047e-05, 0.21685263514518738, 0.1669999063014984, 0.16429081559181213, -1.557013750076294, 0.15251028537750244, -0.4766404628753662, 0.16803717613220215, 4.178033351898193, 0.18771152198314667, 0.24467337131500244, 0.9704601168632507, 0.019111499190330505, 0.6351929306983948, 3.1560170650482178, 0.12206871807575226, -1.3088370561599731, 0.4250790774822235, -3.783686637878418, -3.105041027069092, 7.450509548187256, -0.5810721516609192, -0.1539699137210846, 0.1840948611497879, 0.08942195773124695, -0.2754404842853546, -0.7931626439094543, 0.11453747749328613, -2.9086813926696777, 0.9279308319091797, -1.487513542175293, -0.1947447508573532, 11.447976112365723, 1.0, 1.0, 1.0, 1.0, 1.0, 1.0, 1.0, 1.0, 1.0, 1.0, 1.0, 1.0]"
143,4.6309283789014444e-05,0.0,344.668701171875,0.0,0.0,0.0,0.0,0.0,0.0,0.0,0.0,0.0,0.6691880822181702,0.007634931243956089,0.14077988266944885,-0.20749743282794952,-0.4116376042366028,0.15954118967056274,0.5754750370979309,0.6233617663383484,-0.21599453687667847,0.5581318140029907,-1.9689466953277588,-0.629414975643158,0.30391013622283936,-0.702258288860321,5.124027252197266,"[0.6691880822181702, 0.007634931243956089, 0.14077988266944885, 0.15898576378822327, 0.16386857628822327, 0.0728021040558815, 0.050657980144023895, 0.0066278246231377125, -0.9986941814422607, 0.699999988079071, 0.0, 0.0, -0.20749743282794952, -0.4116376042366028, 0.15954118967056274, -2.9325485229492188e-05, 0.2233617603778839, 0.184005469083786, 0.15813180804252625, -1.5689467191696167, 0.170585036277771, -0.4960898756980896, 0.09774172306060791, 4.324027061462402, -0.18410956859588623, 0.9347243309020996, 0.17961904406547546, 0.037366870790719986, 0.2958208918571472, -1.2434747219085693, -0.585951030254364, -0.25203636288642883, 0.984790027141571, 2.8862733840942383, -3.8625431060791016, 7.492519855499268, -0.4575665295124054, -0.4179074168205261, -0.10284395515918732, 0.07995054125785828, -0.20616888999938965, -2.0021300315856934, 0.07542857527732849, -2.8309836387634277, 1.0223206281661987, -0.6890534162521362, -0.4606725573539734, 11.260641098022461, 1.0, 1.0, 1.0, 0.0, 1.0, 1.0, 1.0, 1.0, 1.0, 1.0, 1.0, 1.0]"
144,4.0660099330125377e-05,0.0,302.6231994628906,0.0,0.0,0.0,0.0,0.0,0.0,0.0,0.0,0.0,0.5648877024650574,-0.008552327752113342,0.07106290757656097,-0.22050568461418152,-0.3963540196418762,0.14099210500717163,0.5755026340484619,0.622866153717041,-0.29698386788368225,0.5373548269271851,-1.9626750946044922,-0.6029040813446045,0.379309743642807,-0.7947518825531006,5.269599914550781,"[0.5648877024650574, -0.008552327752113342, 0.07106290757656097, 0.8203409910202026, 0.015879075974225998, 0.225597083568573, 0.05241311714053154, -0.005824457388371229, -0.9986087679862976, 0.699999988079071, 0.0, 0.0, -0.22050568461418152, -0.3963540196418762, 0.14099210500717163, -1.7285346984863281e-06, 0.22286614775657654, 0.10301613807678223, 0.13735482096672058, -1.56267511844635, 0.19709593057632446, -0.42069026827812195, 0.005248129367828369, 4.469599723815918, -0.9222644567489624, 0.6318572163581848, -1.4630032777786255, 0.06057197228074074, -0.08756150305271149, -5.249282360076904, -1.3866462707519531, 0.5992153286933899, 1.3235220909118652, 3.0726399421691895, -4.09266996383667, 7.484609127044678, -0.036101728677749634, -0.6365142464637756, 0.06871135532855988, 0.2742362320423126, -0.16123542189598083, -1.355876088142395, 0.06568560004234314, -2.768584728240967, 1.031558871269226, -0.30998721718788147, -0.28490179777145386, 11.698163032531738, 1.0, 1.0, 1.0, 1.0, 1.0, 1.0, 1.0, 1.0, 1.0, 1.0, 1.0, 1.0]"
145,1.9679422621265985e-05,0.0,146.46913146972656,0.0,0.0,0.0,0.0,0.0,0.0,0.0,0.0,0.0,0.5385697484016418,-0.04898478090763092,-0.029481323435902596,-0.23466739058494568,-0.38322025537490845,0.11155802756547928,0.5754755139350891,0.6208542585372925,-0.41526657342910767,0.4965594410896301,-1.9363588094711304,-0.5678955316543579,0.44084635376930237,-0.8003689646720886,5.415742874145508,"[0.5385697484016418, -0.04898478090763092, -0.029481323435902596, 0.5955841541290283, -0.342473566532135, 0.15013936161994934, 0.04845123365521431, -0.021025700494647026, -0.9986040592193604, 0.699999988079071, 0.0, 0.0, -0.23466739058494568, -0.38322025537490845, 0.11155802756547928, -2.8848648071289062e-05, 0.220854252576828, -0.015266567468643188, 0.09655943512916565, -1.5363588333129883, 0.23210448026657104, -0.3591536581516266, -0.00036895275115966797, 4.6157426834106445, -0.6775961518287659, 0.8731266856193542, -1.2540870904922485, 0.037791624665260315, 0.1191345602273941, -5.488724231719971, -2.4842395782470703, 1.6375222206115723, 1.6674275398254395, 2.091219902038574, 3.1767048835754395, 7.50384521484375, -0.42447081208229065, -0.4737328290939331, 0.22342588007450104, 0.13225260376930237, 0.5425331592559814, 0.9989228248596191, -0.15789008140563965, -2.8971917629241943, 0.614676833152771, -0.6165857315063477, 0.7313601970672607, 12.3881254196167, 1.0, 1.0, 1.0, 1.0, 1.0, 1.0, 1.0, 1.0, 1.0, 1.0, 1.0, 1.0]"
146,0.0,0.0,0.0,1.2604479707079008e-05,0.0,93.81205749511719,0.0,0.0,0.0,0.0,0.0,0.0,0.6169947385787964,-0.08369795233011246,-0.21350912749767303,-0.2350972592830658,-0.3484721779823303,0.10444297641515732,0.5754787921905518,0.6363140344619751,-0.4769977331161499,0.44237780570983887,-1.8986624479293823,-0.5878501534461975,0.4311172068119049,-0.6832199096679688,5.564925193786621,"[0.6169947385787964, -0.08369795233011246, -0.21350912749767303, 0.03916512802243233, -0.483575701713562, -0.03699935972690582, 0.03922557085752487, -0.025229142978787422, -0.99891197681427, 0.699999988079071, 0.0, 0.0, -0.2350972592830658, -0.3484721779823303, 0.10444297641515732, -2.5570392608642578e-05, 0.23631402850151062, -0.07699772715568542, 0.04237779974937439, -1.4986624717712402, 0.21214985847473145, -0.36888280510902405, 0.1167801022529602, 4.764925003051758, 0.06371822208166122, 1.8046151399612427, 0.22215165197849274, -0.01808933913707733, 1.5021038055419922, -1.7555160522460938, -2.6827542781829834, 1.8315428495407104, -4.710411071777344, 3.0168960094451904, 6.549980640411377, 7.4899516105651855, -0.4728650748729706, -0.42905792593955994, 0.8035036325454712, 0.48651400208473206, 0.6057530641555786, 1.0718106031417847, -0.014499872922897339, -3.1629648208618164, -0.41696697473526, -1.0270799398422241, 1.3076783418655396, 13.283820152282715, 1.0, 1.0, 1.0, 1.0, 1.0, 1.0, 1.0, 1.0, 1.0, 1.0, 1.0, 1.0]"
147,0.0,0.0,0.0,7.76799934101291e-05,0.0,578.1531982421875,4.6305744035635144e-05,0.0,344.642333984375,0.0,0.0,0.0,0.6962442398071289,-0.03613540902733803,-0.1077638790011406,-0.24634337425231934,-0.34959977865219116,0.10397391766309738,0.5754421353340149,0.668458878993988,-0.4842672049999237,0.4449399709701538,-1.8709214925765991,-0.6938410401344299,0.4884491264820099,-0.6394180059432983,5.7134318351745605,"[0.6962442398071289, -0.03613540902733803, -0.1077638790011406, 0.22096802294254303, -0.35282379388809204, -0.008797052316367626, 0.03201136365532875, -0.029973726719617844, -0.9990376830101013, 0.699999988079071, 0.0, 0.0, -0.24634337425231934, -0.34959977865219116, 0.10397391766309738, -6.222724914550781e-05, 0.26845887303352356, -0.08426719903945923, 0.04493996500968933, -1.470921516418457, 0.10615897178649902, -0.31155088543891907, 0.16058200597763062, 4.913431644439697, -0.8086700439453125, -0.28044620156288147, 0.18569305539131165, -0.093815378844738, 1.3354511260986328, -0.18986475467681885, 3.331592321395874, 1.3505595922470093, -4.317882537841797, 2.601999282836914, -2.708963632583618, 7.393102645874023, -0.456561416387558, -0.38977155089378357, 0.6448793411254883, 0.4934016168117523, 0.5607646107673645, 0.712505578994751, -0.29900795221328735, -3.311722755432129, -0.5013072490692139, -1.1879541873931885, 1.063219666481018, 13.922272682189941, 1.0, 1.0, 1.0, 0.0, 1.0, 1.0, 1.0, 1.0, 1.0, 1.0, 1.0, 1.0]"
148,0.0,0.0,0.0,5.784669338027015e-05,0.0,430.5387878417969,4.943791645928286e-05,0.0,367.9543151855469,0.0,0.0,0.0,0.6904000639915466,-0.023906856775283813,0.006540088448673487,-0.2584472894668579,-0.3520277738571167,0.10463175922632217,0.5755404829978943,0.6884163022041321,-0.4716755151748657,0.47222650051116943,-1.8502845764160156,-0.8000991940498352,0.5098611116409302,-0.6433861255645752,5.861766815185547,"[0.6904000639915466, -0.023906856775283813, 0.006540088448673487, -0.052187178283929825, -0.11648928374052048, -0.07949834316968918, 0.02864624187350273, -0.031293343752622604, -0.9990997910499573, 0.699999988079071, 0.0, 0.0, -0.2584472894668579, -0.3520277738571167, 0.10463175922632217, 3.612041473388672e-05, 0.2884162962436676, -0.07167550921440125, 0.07222649455070496, -1.4502846002578735, -9.918212890625e-05, -0.2901389002799988, 0.15661388635635376, 5.061766624450684, -0.4267283082008362, 0.01989743486046791, 0.16151435673236847, -0.031111663207411766, 0.7005358934402466, 0.6594504117965698, 1.5792148113250732, 0.864018976688385, -5.800541400909424, 0.8387743234634399, -0.6188620924949646, 7.39977502822876, -0.2934322655200958, -0.5921494960784912, 0.5438296794891357, 0.35253778100013733, 0.4644356966018677, 0.7061449289321899, -0.0465565025806427, -3.564817190170288, -0.7008175849914551, -0.967915952205658, 0.7883062958717346, 13.885468482971191, 1.0, 1.0, 1.0, 1.0, 1.0, 1.0, 1.0, 1.0, 1.0, 1.0, 1.0, 1.0]"
149,0.0,0.0,0.0,3.89412853110116e-05,0.0,289.8304748535156,3.39506113959942e-05,0.0,252.68609619140625,0.0,0.0,0.0,0.6931747794151306,-0.005687568336725235,0.037748321890830994,-0.25843241810798645,-0.35210150480270386,0.10681755095720291,0.5755382776260376,0.6868820786476135,-0.449250191450119,0.4933352768421173,-1.8481755256652832,-0.8914675712585449,0.5113949179649353,-0.6412474513053894,6.010507106781006,"[0.6931747794151306, -0.005687568336725235, 0.037748321890830994, 0.09048667550086975, -0.04072463512420654, -0.09171706438064575, 0.027476053684949875, -0.030631646513938904, -0.9991532564163208, 0.699999988079071, 0.0, 0.0, -0.25843241810798645, -0.35210150480270386, 0.10681755095720291, 3.3915042877197266e-05, 0.28688207268714905, -0.04925018548965454, 0.09333527088165283, -1.4481755495071411, -0.09146755933761597, -0.28860509395599365, 0.15875256061553955, 5.210506916046143, 0.11637292802333832, -0.11995243281126022, -0.01962733082473278, -0.015676207840442657, -0.6024930477142334, 1.1066800355911255, 1.2294541597366333, -0.4056510627269745, -2.986351728439331, -0.006905205547809601, -0.1789676398038864, 7.4320197105407715, -0.4846947491168976, -0.5759888887405396, 0.3683328926563263, 0.4463176131248474, 0.5982398390769958, 0.47348931431770325, -0.07490234076976776, -3.505159616470337, -0.36945968866348267, -1.2007651329040527, 1.003183364868164, 13.909931182861328, 1.0, 1.0, 1.0, 1.0, 1.0, 1.0, 1.0, 1.0, 1.0, 1.0, 1.0, 1.0]"
150,0.0,0.0,0.0,4.1329771192977205e-05,0.0,307.607421875,3.975513027398847e-05,0.0,295.8876953125,0.0,0.0,0.0,0.7069746255874634,0.024276604875922203,0.049822285771369934,-0.25913700461387634,-0.3585805892944336,0.10159073024988174,0.5755446553230286,0.6675664186477661,-0.4196566343307495,0.5154944658279419,-1.8715747594833374,-0.9076055288314819,0.500523030757904,-0.6407988667488098,6.1593546867370605,"[0.7069746255874634, 0.024276604875922203, 0.049822285771369934, 0.38884639739990234, -0.03609495237469673, -0.061993952840566635, 0.026751965284347534, -0.03649405017495155, -0.9989755153656006, 0.699999988079071, 0.0, 0.0, -0.25913700461387634, -0.3585805892944336, 0.10159073024988174, 4.029273986816406e-05, 0.26756641268730164, -0.019656628370285034, 0.11549445986747742, -1.4715747833251953, -0.10760551691055298, -0.2994769811630249, 0.15920114517211914, 5.359354496002197, -0.1690274178981781, -0.41637274622917175, -0.37872543931007385, -0.021064605563879013, -1.0989314317703247, 1.4649053812026978, 1.2293576002120972, -1.506245493888855, 0.4615434408187866, -0.5809028148651123, -0.1316882073879242, 7.425065994262695, -0.4166664183139801, -0.5216103196144104, 0.3995174169540405, 0.3626273274421692, 0.6136026382446289, 0.5989309549331665, -0.13136716187000275, -3.5805304050445557, -0.12225519120693207, -1.3173942565917969, 1.0204976797103882, 13.836508750915527, 1.0, 1.0, 1.0, 0.0, 1.0, 1.0, 1.0, 1.0, 1.0, 1.0, 1.0, 1.0]"
151,0.0,0.0,0.0,4.667583925765939e-05,0.0,347.3968811035156,4.3526004446903244e-05,0.0,323.9533996582031,0.0,0.0,0.0,0.7227635383605957,0.042148806154727936,0.09710864722728729,-0.26147422194480896,-0.36472266912460327,0.09575734287500381,0.5755482912063599,0.6471959948539734,-0.3839426040649414,0.533316969871521,-1.9069361686706543,-0.8749935626983643,0.4794253706932068,-0.6327947974205017,6.308083534240723,"[0.7227635383605957, 0.042148806154727936, 0.09710864722728729, 0.1656026840209961, -0.0019002443877980113, -0.054063327610492706, 0.026345452293753624, -0.04186554253101349, -0.9987760782241821, 0.699999988079071, 0.0, 0.0, -0.26147422194480896, -0.36472266912460327, 0.09575734287500381, 4.392862319946289e-05, 0.2471959888935089, 0.01605740189552307, 0.13331696391105652, -1.5069361925125122, -0.0749935507774353, -0.32057464122772217, 0.16720521450042725, 5.508083343505859, -0.0735132023692131, -0.19838044047355652, -0.19877101480960846, -0.024761388078331947, -0.9668291211128235, 1.69258713722229, 0.8947179913520813, -1.8432542085647583, 2.1614372730255127, -0.9971467852592468, 0.40659695863723755, 7.423098564147949, -0.5042893290519714, -0.2842388451099396, 0.45625999569892883, 0.1330401599407196, 0.5893632173538208, 0.7864409685134888, -0.2358323633670807, -3.65669322013855, 0.028039291501045227, -1.4017295837402344, 0.9941837787628174, 13.951672554016113, 1.0, 1.0, 1.0, 0.0, 1.0, 1.0, 1.0, 1.0, 1.0, 1.0, 1.0, 1.0]"
152,0.0,0.0,0.0,4.876321690971963e-05,0.0,362.9327392578125,4.215241642668843e-05,0.0,313.7301330566406,0.0,0.0,0.0,0.7429726123809814,0.053688328713178635,0.15127067267894745,-0.2603538930416107,-0.3629709482192993,0.09701479971408844,0.5755458474159241,0.6315017342567444,-0.3438663184642792,0.5422421097755432,-1.9461555480957031,-0.8276193141937256,0.4492724537849426,-0.6112885475158691,6.4568939208984375,"[0.7429726123809814, 0.053688328713178635, 0.15127067267894745, -0.23751375079154968, 0.07427335530519485, -0.042256180197000504, 0.027097126469016075, -0.03928331285715103, -0.9988605976104736, 0.699999988079071, 0.0, 0.0, -0.2603538930416107, -0.3629709482192993, 0.09701479971408844, 4.1484832763671875e-05, 0.2315017282962799, 0.0561336874961853, 0.14224210381507874, -1.546155571937561, -0.02761930227279663, -0.35072755813598633, 0.18871146440505981, 5.656893730163574, 0.02526213973760605, 0.19843438267707825, 0.16007891297340393, -0.024963652715086937, -0.745721697807312, 1.8498727083206177, 0.44524434208869934, -2.0429365634918213, 2.590667963027954, -1.3429365158081055, 1.0661057233810425, 7.426172256469727, -0.5235530138015747, -0.31911957263946533, 0.3836002051830292, 0.033532172441482544, 0.5600419640541077, 0.8313738107681274, -0.285927414894104, -3.741246461868286, 0.18684245645999908, -1.4976162910461426, 1.0421180725097656, 13.97807502746582, 1.0, 1.0, 1.0, 0.0, 1.0, 1.0, 1.0, 1.0, 1.0, 1.0, 1.0, 1.0]"
153,0.0,0.0,0.0,4.107743734493852e-05,0.0,305.7293395996094,3.9064350858097896e-05,0.0,290.74639892578125,0.0,0.0,0.0,0.7682758569717407,0.06855170428752899,0.19007815420627594,-0.2609346807003021,-0.3553082346916199,0.10308737307786942,0.5755376815795898,0.6186211705207825,-0.2976751923561096,0.5436996817588806,-1.9916499853134155,-0.7723863124847412,0.4071744382381439,-0.5786949992179871,6.605947017669678,"[0.7682758569717407, 0.06855170428752899, 0.19007815420627594, -0.45993462204933167, 0.13881860673427582, -0.0126932542771101, 0.029247412458062172, -0.030920961871743202, -0.999093770980835, 0.699999988079071, 0.0, 0.0, -0.2609346807003021, -0.3553082346916199, 0.10308737307786942, 3.331899642944336e-05, 0.218621164560318, 0.10232481360435486, 0.14369967579841614, -1.5916500091552734, 0.027613699436187744, -0.39282557368278503, 0.2213050127029419, 5.8059468269348145, -0.11295555531978607, 0.4432060420513153, 0.3258059322834015, -0.029848765581846237, -0.6830140352249146, 2.2712008953094482, 0.10046923160552979, -2.408930778503418, 3.1114261150360107, -2.160773754119873, 1.5873531103134155, 7.448646545410156, -0.491668701171875, -0.29562637209892273, 0.3380844295024872, -0.07574158906936646, 0.45397329330444336, 0.8932229280471802, -0.2657237648963928, -3.8167197704315186, 0.4085795283317566, -1.6501225233078003, 1.0601216554641724, 13.867270469665527, 1.0, 1.0, 1.0, 0.0, 1.0, 1.0, 1.0, 1.0, 1.0, 1.0, 1.0, 1.0]"
154,0.0,0.0,0.0,3.819344419753179e-05,0.0,284.26446533203125,2.9778433599858545e-05,0.0,221.63360595703125,0.0,0.0,0.0,0.791459858417511,0.07493191212415695,0.20695728063583374,-0.2616629898548126,-0.34380480647087097,0.11146782338619232,0.5755266547203064,0.6020011305809021,-0.24496033787727356,0.5402956604957581,-2.043907642364502,-0.6976752877235413,0.3509964942932129,-0.5393667817115784,6.755191326141357,"[0.791459858417511, 0.07493191212415695, 0.20695728063583374, -0.6037053465843201, 0.23590096831321716, 0.022133387625217438, 0.03292493894696236, -0.01938788779079914, -0.9992696046829224, 0.699999988079071, 0.0, 0.0, -0.2616629898548126, -0.34380480647087097, 0.11146782338619232, 2.2292137145996094e-05, 0.20200112462043762, 0.15503966808319092, 0.14029565453529358, -1.6439076662063599, 0.1023247241973877, -0.44900351762771606, 0.2606332302093506, 5.955191135406494, 0.03581947460770607, 0.6094083786010742, 0.4362277388572693, -0.022852782160043716, -1.0882699489593506, 2.5892908573150635, -0.1210084855556488, -2.6869521141052246, 4.551650524139404, -2.8561205863952637, 1.8451228141784668, 7.453864574432373, -0.43705853819847107, -0.23679718375205994, 0.41829636693000793, -0.14464691281318665, 0.15744638442993164, 0.9937807321548462, -0.06911461055278778, -3.7760074138641357, 0.8215394020080566, -1.9198732376098633, 0.9327134490013123, 13.584446907043457, 1.0, 1.0, 1.0, 0.0, 1.0, 1.0, 1.0, 1.0, 1.0, 1.0, 1.0, 1.0]"
155,0.0,0.0,0.0,2.748807310126722e-05,0.0,204.58700561523438,1.1103415999969002e-05,0.0,82.6400146484375,0.0,0.0,0.0,0.8119734525680542,0.05904066190123558,0.16575917601585388,-0.25355806946754456,-0.3281259834766388,0.12321601808071136,0.5755223631858826,0.570626974105835,-0.18708281219005585,0.5376152396202087,-2.096827507019043,-0.5930161476135254,0.28024616837501526,-0.5055718421936035,6.904437065124512,"[0.8119734525680542, 0.05904066190123558, 0.16575917601585388, -0.8108663558959961, 0.4550967216491699, 0.03875306248664856, 0.039929721504449844, -0.0044751944951713085, -0.999192476272583, 0.699999988079071, 0.0, 0.0, -0.25355806946754456, -0.3281259834766388, 0.12321601808071136, 1.800060272216797e-05, 0.17062696814537048, 0.21291719377040863, 0.13761523365974426, -1.6968275308609009, 0.20698386430740356, -0.5197538137435913, 0.29442816972732544, 6.104436874389648, 0.6239619255065918, 0.8593530654907227, 0.6701862215995789, -0.01578780636191368, -1.8974428176879883, 2.8492088317871094, 0.0994366705417633, -2.5335144996643066, 5.3535027503967285, -3.668363332748413, 1.1716474294662476, 7.458807945251465, -0.37569811940193176, -0.3069836497306824, 0.5101135969161987, -0.05575430393218994, -0.10123845934867859, 0.6341403722763062, 0.129640132188797, -3.5921361446380615, 1.0133366584777832, -1.9794096946716309, 0.5470072627067566, 13.32966136932373, 1.0, 1.0, 1.0, 0.0, 1.0, 1.0, 1.0, 1.0, 1.0, 1.0, 1.0, 1.0]"
156,5.6333850807277486e-05,0.0,419.27911376953125,0.0,0.0,0.0,0.0,0.0,0.0,0.0,0.0,0.0,0.7989537119865417,0.020081408321857452,0.13735322654247284,-0.24471504986286163,-0.3174503445625305,0.14270098507404327,0.5754581093788147,0.5843592286109924,-0.13075251877307892,0.5434581637382507,-2.1410951614379883,-0.5834454894065857,0.2052105814218521,-0.5376351475715637,7.0513014793396,"[0.7989537119865417, 0.020081408321857452, 0.13735322654247284, -0.3256663680076599, 0.22001495957374573, -0.020554836839437485, 0.046316906809806824, 0.00514286570250988, -0.998913586139679, 0.699999988079071, 0.0, 0.0, -0.24471504986286163, -0.3174503445625305, 0.14270098507404327, -4.6253204345703125e-05, 0.18435922265052795, 0.26924747228622437, 0.14345815777778625, -1.7410951852798462, 0.21655452251434326, -0.594789445400238, 0.26236486434936523, 6.251301288604736, 0.3006657361984253, 0.4692133367061615, 1.049200415611267, 0.04639013856649399, 0.8175913095474243, 2.028290271759033, 0.3975718915462494, -1.8684616088867188, 0.38912439346313477, -3.641718626022339, -3.5491161346435547, 7.094826698303223, -0.3969587981700897, -0.5349184274673462, 0.07000274956226349, 0.12630638480186462, -0.5532540082931519, -1.350645899772644, 0.12633225321769714, -3.2826077938079834, 1.1391692161560059, -1.3320252895355225, -0.10730306804180145, 13.028223991394043, 1.0, 1.0, 1.0, 1.0, 1.0, 1.0, 1.0, 1.0, 1.0, 1.0, 1.0, 1.0]"
157,5.0827686209231615e-05,0.0,378.29803466796875,0.0,0.0,0.0,0.0,0.0,0.0,0.0,0.0,0.0,0.6460237503051758,0.016085583716630936,0.1088968887925148,-0.2485775202512741,-0.32095351815223694,0.14632093906402588,0.5754741430282593,0.5889856219291687,-0.16097800433635712,0.541562020778656,-2.1549904346466064,-0.5597334504127502,0.2518843710422516,-0.6153414249420166,7.111167907714844,"[0.6460237503051758, 0.016085583716630936, 0.1088968887925148, 0.5432748794555664, 0.07503572106361389, 0.10308678448200226, 0.04866402596235275, 0.0015729606384411454, -0.9988137483596802, 0.699999988079071, 0.0, 0.0, -0.2485775202512741, -0.32095351815223694, 0.14632093906402588, -3.0219554901123047e-05, 0.18898561596870422, 0.23902200162410736, 0.14156201481819153, -1.7549904584884644, 0.2402665615081787, -0.548115611076355, 0.18465858697891235, 6.3111677169799805, -0.5554845333099365, -0.6904861927032471, -0.5108327269554138, 0.04508386179804802, 0.06746170669794083, -3.531578540802002, -0.40368372201919556, -0.017289428040385246, 1.382108211517334, 4.214106559753418, -4.230903625488281, 0.03356839716434479, -0.28745344281196594, -0.8170302510261536, -0.1189921647310257, 0.14697059988975525, -0.1886022388935089, -1.9199720621109009, 0.09127780795097351, -3.2979185581207275, 1.1097720861434937, -0.7015736103057861, -0.28599315881729126, 12.508684158325195, 1.0, 1.0, 1.0, 1.0, 1.0, 1.0, 1.0, 1.0, 1.0, 1.0, 1.0, 1.0]"
158,3.695081977639347e-05,0.0,275.0158996582031,0.0,0.0,0.0,0.0,0.0,0.0,0.0,0.0,0.0,0.5747483372688293,0.015476401895284653,0.029790319502353668,-0.26984676718711853,-0.3505578637123108,0.11589621007442474,0.575488269329071,0.5826459527015686,-0.2685698866844177,0.5259920954704285,-2.148852586746216,-0.5202151536941528,0.3165584206581116,-0.7124022841453552,7.119011402130127,"[0.5747483372688293, 0.015476401895284653, 0.029790319502353668, 1.2078512907028198, -0.11496157944202423, 0.1558503657579422, 0.048230987042188644, -0.01968245953321457, -0.9986423850059509, 0.699999988079071, 0.0, 0.0, -0.26984676718711853, -0.3505578637123108, 0.11589621007442474, -1.609325408935547e-05, 0.18264594674110413, 0.13143011927604675, 0.125992089509964, -1.7488526105880737, 0.2797848582267761, -0.4834415912628174, 0.08759772777557373, 6.319011211395264, -1.2344576120376587, -1.7777793407440186, -1.8711647987365723, 0.049938686192035675, -0.32476961612701416, -6.155515193939209, -1.0830320119857788, 0.3032086193561554, 2.0700793266296387, 3.230983257293701, -4.373495578765869, 2.136662006378174, -0.044887155294418335, -0.7105984091758728, 0.05165781453251839, 0.36799582839012146, -0.09725037217140198, -0.8557981252670288, -0.061545342206954956, -3.3978679180145264, 1.155836582183838, -0.4648628234863281, -0.2088577002286911, 13.013382911682129, 1.0, 1.0, 1.0, 0.0, 1.0, 1.0, 1.0, 1.0, 1.0, 1.0, 1.0, 1.0]"
159,1.2978965060028713e-05,0.0,96.5992660522461,0.0,0.0,0.0,0.0,0.0,0.0,0.0,0.0,0.0,0.5755660533905029,-0.03211313858628273,-0.10019473731517792,-0.28715407848358154,-0.37896013259887695,0.084860660135746,0.5754973292350769,0.5801266431808472,-0.3916037976741791,0.4880647659301758,-2.137962579727173,-0.47771552205085754,0.37762364745140076,-0.7230715751647949,7.209101676940918,"[0.5755660533905029, -0.03211313858628273, -0.10019473731517792, 0.6304701566696167, -0.4727226793766022, 0.07090618461370468, 0.04144466668367386, -0.038211967796087265, -0.9984100461006165, 0.699999988079071, 0.0, 0.0, -0.28715407848358154, -0.37896013259887695, 0.084860660135746, -7.033348083496094e-06, 0.1801266372203827, 0.0083962082862854, 0.0880647599697113, -1.7379626035690308, 0.3222844898700714, -0.4223763644695282, 0.07692843675613403, 6.409101486206055, -0.6258513927459717, -0.8513616323471069, -1.2074908018112183, 0.026465408504009247, 0.17935015261173248, -5.230509281158447, -2.5091629028320312, 0.6468188166618347, 1.8972485065460205, 0.7611279487609863, 3.1872615814208984, 6.3857011795043945, -0.29625722765922546, -0.403827041387558, 0.04242812469601631, 0.16449877619743347, 0.27023935317993164, 1.0999857187271118, -0.24608159065246582, -3.3515431880950928, 0.6941072940826416, -0.8745731115341187, 0.9086465239524841, 13.934382438659668, 1.0, 1.0, 1.0, 0.0, 1.0, 1.0, 1.0, 1.0, 1.0, 1.0, 1.0, 1.0]"
160,0.0,0.0,0.0,2.5441124307690188e-05,0.0,189.35208129882812,0.0,0.0,0.0,0.0,0.0,0.0,0.6365912556648254,-0.07971322536468506,-0.28199338912963867,-0.28320199251174927,-0.3717183768749237,0.07877634465694427,0.5754990577697754,0.5988275408744812,-0.4512481987476349,0.42903587222099304,-2.1175718307495117,-0.5094103813171387,0.3791063725948334,-0.6058598160743713,7.358022212982178,"[0.6365912556648254, -0.07971322536468506, -0.28199338912963867, -0.19066989421844482, -0.56300950050354, -0.09555459022521973, 0.030012547969818115, -0.039467740803956985, -0.9987698793411255, 0.699999988079071, 0.0, 0.0, -0.28320199251174927, -0.3717183768749237, 0.07877634465694427, -5.304813385009766e-06, 0.19882753491401672, -0.05124819278717041, 0.029035866260528564, -1.7175718545913696, 0.2905896306037903, -0.4208936393260956, 0.19414019584655762, 6.5580220222473145, 0.5239629745483398, 0.17476829886436462, 0.25392934679985046, -0.0067833890207111835, 1.4714336395263672, -2.0792813301086426, -2.9910969734191895, 1.234684705734253, -5.083795547485352, 5.666482925415039, 6.233898639678955, 7.415150165557861, -0.5488777756690979, -0.2934548854827881, 0.6796785593032837, 0.5064091682434082, 0.5812662839889526, 1.034321665763855, 0.033752650022506714, -3.368680238723755, -0.2832266092300415, -1.122915506362915, 1.2397489547729492, 14.733642578125, 1.0, 1.0, 1.0, 0.0, 1.0, 1.0, 1.0, 1.0, 1.0, 1.0, 1.0, 1.0]"
161,0.0,0.0,0.0,8.176810661097988e-05,0.0,608.580078125,1.8955804989673197e-05,0.0,141.0834197998047,0.0,0.0,0.0,0.706885814666748,-0.05322729051113129,-0.12906111776828766,-0.28186729550361633,-0.3728907108306885,0.08480996638536453,0.5753516554832458,0.6252667307853699,-0.4702313542366028,0.4327079951763153,-2.089477062225342,-0.6116169095039368,0.45978280901908875,-0.5679599046707153,7.506586074829102,"[0.706885814666748, -0.05322729051113129, -0.12906111776828766, -0.10311438888311386, -0.3732060492038727, 0.010740862227976322, 0.02175110951066017, -0.03770000487565994, -0.9990527629852295, 0.699999988079071, 0.0, 0.0, -0.28186729550361633, -0.3728907108306885, 0.08480996638536453, -0.00015270709991455078, 0.2252667248249054, -0.0702313482761383, 0.03270798921585083, -1.6894770860671997, 0.1883831024169922, -0.3402172029018402, 0.23204010725021362, 6.706585884094238, -0.23559989035129547, 0.017066892236471176, 0.3368416428565979, -0.062179818749427795, 1.0576808452606201, -0.5925468802452087, 2.808040142059326, 1.5799049139022827, -4.571732521057129, 3.376677989959717, -1.8512494564056396, 7.365877151489258, -0.4892190992832184, -0.14272376894950867, 0.6025784611701965, 0.5240824222564697, 0.30709731578826904, 0.767561674118042, -0.36464279890060425, -3.695634126663208, -0.429207444190979, -1.2918739318847656, 1.0478901863098145, 15.549601554870605, 1.0, 1.0, 1.0, 0.0, 1.0, 1.0, 1.0, 1.0, 1.0, 1.0, 1.0, 1.0]"
162,0.0,0.0,0.0,6.609747651964426e-05,0.0,491.9473571777344,4.529320722213015e-05,0.0,337.10626220703125,0.0,0.0,0.0,0.7019186615943909,-0.036097075790166855,0.011173862963914871,-0.28454944491386414,-0.36847367882728577,0.09164086729288101,0.5754998922348022,0.6380457282066345,-0.46289268136024475,0.4537992477416992,-2.0614864826202393,-0.7263116240501404,0.4911336600780487,-0.5607026815414429,7.655219078063965,"[0.7019186615943909, -0.036097075790166855, 0.011173862963914871, -0.3562709391117096, -0.14274252951145172, -0.032018665224313736, 0.017728911712765694, -0.032290536910295486, -0.9993214011192322, 0.699999988079071, 0.0, 0.0, -0.28454944491386414, -0.36847367882728577, 0.09164086729288101, -4.470348358154297e-06, 0.23804572224617004, -0.06289267539978027, 0.05379924178123474, -1.6614865064620972, 0.07368838787078857, -0.30886635184288025, 0.23929733037948608, 6.855218887329102, -0.022144589573144913, 0.326339453458786, 0.43653151392936707, -0.034443199634552, 0.2567209303379059, 0.4340348541736603, 1.225557565689087, 1.1869468688964844, -5.997073173522949, 1.3129593133926392, 0.04282534122467041, 7.4426703453063965, -0.2862723171710968, -0.6197106242179871, 0.6135846972465515, 0.4319498836994171, 0.40357738733291626, 0.7662643194198608, 0.00575748085975647, -3.945053815841675, -0.558529794216156, -1.0528290271759033, 0.9182301163673401, 15.611197471618652, 1.0, 1.0, 1.0, 0.0, 1.0, 1.0, 1.0, 1.0, 1.0, 1.0, 1.0, 1.0]"
163,0.0,0.0,0.0,4.723801976069808e-05,0.0,351.5810546875,2.7808628146885894e-05,0.0,206.97280883789062,0.0,0.0,0.0,0.7237561345100403,-0.018869146704673767,0.0384635254740715,-0.27762168645858765,-0.36357611417770386,0.09804410487413406,0.5755181908607483,0.6294860243797302,-0.4418524205684662,0.47127750515937805,-2.058061122894287,-0.8225651979446411,0.49488964676856995,-0.5525753498077393,7.804447174072266,"[0.7237561345100403, -0.018869146704673767, 0.0384635254740715, -0.09982749074697495, 0.03360815346240997, -0.07368671894073486, 0.01713571697473526, -0.02716444991528988, -0.9994842410087585, 0.699999988079071, 0.0, 0.0, -0.27762168645858765, -0.36357611417770386, 0.09804410487413406, 1.3828277587890625e-05, 0.22948601841926575, -0.04185241460800171, 0.07127749919891357, -1.658061146736145, -0.022565186023712158, -0.305110365152359, 0.2474246621131897, 7.004446983337402, 0.4553569555282593, 0.08859912306070328, 0.1780063360929489, -0.005755007732659578, -0.853511393070221, 1.0289602279663086, 1.080912709236145, -0.4978894293308258, -3.4279258251190186, 0.10142584145069122, -0.0035172775387763977, 7.458923816680908, -0.4578528106212616, -0.44269487261772156, 0.44084417819976807, 0.44898536801338196, 0.48628032207489014, 0.5923560857772827, -0.03814864158630371, -3.9262616634368896, -0.2876594662666321, -1.2713918685913086, 1.065186619758606, 15.732370376586914, 1.0, 1.0, 1.0, 1.0, 1.0, 1.0, 1.0, 1.0, 1.0, 1.0, 1.0, 1.0]"
164,0.0,0.0,0.0,4.764894401887432e-05,0.0,354.63946533203125,3.79055090888869e-05,0.0,282.1214294433594,0.0,0.0,0.0,0.7530347108840942,0.006250409875065088,0.05201205983757973,-0.26898038387298584,-0.3650258481502533,0.0976334884762764,0.5755109190940857,0.6075561046600342,-0.4117529094219208,0.4924090504646301,-2.086143970489502,-0.8447529673576355,0.48134857416152954,-0.5526126027107239,7.953883647918701,"[0.7530347108840942, 0.006250409875065088, 0.05201205983757973, 0.17214715480804443, 0.09391993284225464, -0.06679019331932068, 0.018627287819981575, -0.028628423810005188, -0.9994164705276489, 0.699999988079071, 0.0, 0.0, -0.26898038387298584, -0.3650258481502533, 0.0976334884762764, 6.556510925292969e-06, 0.2075560986995697, -0.011752903461456299, 0.09240904450416565, -1.6861439943313599, -0.04475295543670654, -0.3186514377593994, 0.24738740921020508, 7.153883457183838, 0.33210939168930054, -0.17299602925777435, -0.13376188278198242, -0.0024048276245594025, -1.188230276107788, 1.462161898612976, 1.1416873931884766, -1.8252171277999878, 0.40925803780555725, -0.6602423191070557, -0.12534624338150024, 7.463621139526367, -0.42083457112312317, -0.48793914914131165, 0.38520365953445435, 0.41026434302330017, 0.5666358470916748, 0.6592611074447632, -0.10562583804130554, -4.008055210113525, 0.03049752116203308, -1.3834210634231567, 1.1806284189224243, 15.375460624694824, 1.0, 1.0, 1.0, 1.0, 1.0, 1.0, 1.0, 1.0, 1.0, 1.0, 1.0, 1.0]"
165,0.0,0.0,0.0,4.88729820062872e-05,0.0,363.7496643066406,4.356869976618327e-05,0.0,324.2712097167969,0.0,0.0,0.0,0.7773573994636536,0.03047945164144039,0.10285691171884537,-0.26409175992012024,-0.36722323298454285,0.09539836645126343,0.5755093693733215,0.5883980989456177,-0.3740171194076538,0.5091190934181213,-2.13008713722229,-0.8101886510848999,0.45569702982902527,-0.5441093444824219,8.100454330444336,"[0.7773573994636536, 0.03047945164144039, 0.10285691171884537, 0.06861720234155655, 0.08949611335992813, -0.043446410447359085, 0.020300718024373055, -0.030810603871941566, -0.9993192553520203, 0.699999988079071, 0.0, 0.0, -0.26409175992012024, -0.36722323298454285, 0.09539836645126343, 5.0067901611328125e-06, 0.1883980929851532, 0.02598288655281067, 0.10911908745765686, -1.730087161064148, -0.010188639163970947, -0.3443029820919037, 0.2558906674385071, 7.300454139709473, 0.16701780259609222, -0.07245848327875137, -0.09435847401618958, -0.004201121628284454, -0.8323169946670532, 1.7881497144699097, 0.7806717753410339, -2.346388101577759, 2.416548013687134, -1.1620852947235107, 0.5517579913139343, 6.883185386657715, -0.4859597980976105, -0.29024538397789, 0.32537147402763367, 0.2579018771648407, 0.55174720287323, 0.7798702716827393, -0.19678771495819092, -4.092658042907715, 0.24244694411754608, -1.4800083637237549, 1.2194846868515015, 14.99609088897705, 1.0, 1.0, 1.0, 0.0, 1.0, 1.0, 1.0, 1.0, 1.0, 1.0, 1.0, 1.0]"
166,0.0,0.0,0.0,4.478801565710455e-05,0.0,333.34625244140625,4.137996438657865e-05,0.0,307.98095703125,0.0,0.0,0.0,0.7937806844711304,0.044137947261333466,0.15623800456523895,-0.25982287526130676,-0.3641413152217865,0.09744571149349213,0.5755078196525574,0.5767905116081238,-0.33036935329437256,0.5162761211395264,-2.1784005165100098,-0.7510047554969788,0.4200063645839691,-0.51952064037323,8.171432495117188,"[0.7937806844711304, 0.044137947261333466, 0.15623800456523895, -0.2594645321369171, 0.12229667603969574, -0.021589746698737144, 0.022295914590358734, -0.027607765048742294, -0.9993699789047241, 0.699999988079071, 0.0, 0.0, -0.25982287526130676, -0.3641413152217865, 0.09744571149349213, 3.4570693969726562e-06, 0.1767905056476593, 0.06963065266609192, 0.11627611517906189, -1.7784005403518677, 0.048995256423950195, -0.37999364733695984, 0.280479371547699, 7.371432304382324, 0.19767388701438904, 0.267881840467453, 0.1824323832988739, -0.008646287024021149, -0.5236344337463379, 2.126894474029541, 0.2815842926502228, -2.4888737201690674, 3.333496570587158, -1.795683741569519, 1.3572578430175781, 1.7247886657714844, -0.46329647302627563, -0.17721599340438843, 0.3498402535915375, 0.06471988558769226, 0.424987256526947, 0.9227968454360962, -0.23828724026679993, -4.207678318023682, 0.4344877600669861, -1.62614107131958, 1.1649988889694214, 14.932929039001465, 1.0, 1.0, 1.0, 0.0, 1.0, 1.0, 1.0, 1.0, 1.0, 1.0, 1.0, 1.0]"
167,0.0,0.0,0.0,4.32965716754552e-05,0.0,322.2458190917969,2.709630280151032e-05,0.0,201.671142578125,0.0,0.0,0.0,0.8165606260299683,0.04685636982321739,0.18290583789348602,-0.25414717197418213,-0.3550540804862976,0.10394337773323059,0.5755079388618469,0.5650726556777954,-0.2804219722747803,0.5158764123916626,-2.233278512954712,-0.6754286885261536,0.3710114657878876,-0.48385071754455566,8.183215141296387,"[0.8165606260299683, 0.04685636982321739, 0.18290583789348602, -0.4916186034679413, 0.24481859803199768, 0.01979728601872921, 0.025817975401878357, -0.019005637615919113, -0.9994858503341675, 0.699999988079071, 0.0, 0.0, -0.25414717197418213, -0.3550540804862976, 0.10394337773323059, 3.5762786865234375e-06, 0.16507264971733093, 0.1195780336856842, 0.11587640643119812, -1.8332785367965698, 0.12457132339477539, -0.4289885461330414, 0.3161492943763733, 7.383214950561523, 0.3765605092048645, 0.5344375371932983, 0.38843393325805664, -0.006973551586270332, -0.8575884699821472, 2.4352424144744873, 0.012516573071479797, -2.818453073501587, 4.635315895080566, -2.5061748027801514, 1.6666932106018066, -0.4530693292617798, -0.4159803092479706, -0.1012784019112587, 0.4030733108520508, -0.05542841553688049, 0.045815229415893555, 0.9555715322494507, -0.01826748251914978, -4.086474895477295, 0.9160646796226501, -1.880065679550171, 0.943296492099762, 14.610908508300781, 1.0, 1.0, 1.0, 0.0, 1.0, 1.0, 1.0, 1.0, 1.0, 1.0, 1.0, 1.0]"
168,0.0,0.0,0.0,1.7910389942699112e-05,0.0,133.30264282226562,0.0,0.0,0.0,0.0,0.0,0.0,0.8210618495941162,0.022516170516610146,0.12212999165058136,-0.23907732963562012,-0.3404276967048645,0.11508454382419586,0.5755088925361633,0.5354193449020386,-0.22730647027492523,0.5175858736038208,-2.285623788833618,-0.5656841397285461,0.3074980676174164,-0.46637454628944397,8.140432357788086,"[0.8210618495941162, 0.022516170516610146, 0.12212999165058136, -0.7227464914321899, 0.5352568626403809, 0.03446980565786362, 0.034019120037555695, -0.006197408773005009, -0.9994022846221924, 0.699999988079071, 0.0, 0.0, -0.23907732963562012, -0.3404276967048645, 0.11508454382419586, 4.5299530029296875e-06, 0.1354193389415741, 0.17269353568553925, 0.11758586764335632, -1.885623812675476, 0.2343158721923828, -0.4925019443035126, 0.333625465631485, 7.340432167053223, 1.0070395469665527, 0.8263972997665405, 0.7146458625793457, 0.005187251139432192, -1.8905118703842163, 2.6492979526519775, 0.3357301652431488, -2.3420462608337402, 5.587749481201172, -3.394152879714966, -0.9105950593948364, -3.113901138305664, -0.3164040744304657, -0.3345849812030792, 0.14918245375156403, 0.1493084728717804, -0.3106808066368103, -0.15963611006736755, 0.18163368105888367, -3.723970413208008, 1.090009093284607, -1.6561346054077148, 0.32795149087905884, 14.278181076049805, 1.0, 1.0, 1.0, 0.0, 1.0, 1.0, 1.0, 1.0, 1.0, 1.0, 1.0, 1.0]"
169,6.574920553248376e-05,0.0,489.355224609375,0.0,0.0,0.0,0.0,0.0,0.0,0.0,0.0,0.0,0.7572245001792908,-0.0016253937501460314,0.09494393318891525,-0.23176224529743195,-0.33124396204948425,0.12443213909864426,0.5754235982894897,0.5496593117713928,-0.1926322877407074,0.5262922644615173,-2.317509889602661,-0.5606042742729187,0.26492300629615784,-0.5292945504188538,8.062372207641602,"[0.7572245001792908, -0.0016253937501460314, 0.09494393318891525, -0.13665464520454407, 0.24352572858333588, 0.026542050763964653, 0.04119100421667099, 0.0008229364175349474, -0.9991509914398193, 0.699999988079071, 0.0, 0.0, -0.23176224529743195, -0.33124396204948425, 0.12443213909864426, -8.07642936706543e-05, 0.14965930581092834, 0.20736771821975708, 0.12629225850105286, -1.917509913444519, 0.23939573764801025, -0.5350769758224487, 0.2707054615020752, 7.262372016906738, 0.11575790494680405, 0.2029256820678711, 0.13504952192306519, 0.052837058901786804, 1.0212318897247314, 0.09804646670818329, 0.313357949256897, -0.9890360236167908, -0.10192080587148666, 0.7553563714027405, -3.7885615825653076, -4.8501877784729, -0.15956518054008484, -0.6804764866828918, -0.15461917221546173, 0.022943943738937378, -0.5547351837158203, -1.87142813205719, 0.08903279900550842, -3.539559841156006, 1.1031599044799805, -0.9655539989471436, -0.3547094464302063, 13.818708419799805, 1.0, 1.0, 1.0, 1.0, 1.0, 1.0, 1.0, 1.0, 1.0, 1.0, 1.0, 1.0]"
170,4.928632915834896e-05,0.0,366.8261413574219,0.0,0.0,0.0,0.0,0.0,0.0,0.0,0.0,0.0,0.6194025278091431,-0.007555255200713873,0.06346642971038818,-0.23966088891029358,-0.34364640712738037,0.10686398297548294,0.5754737257957458,0.5566084980964661,-0.2528221905231476,0.5251207947731018,-2.317324161529541,-0.5433809161186218,0.3325260281562805,-0.6293557286262512,7.9519219398498535,"[0.6194025278091431, -0.007555255200713873, 0.06346642971038818, 0.6705610156059265, 0.06809891760349274, 0.09777027368545532, 0.04391274228692055, -0.006950074341148138, -0.9990115761756897, 0.699999988079071, 0.0, 0.0, -0.23966088891029358, -0.34364640712738037, 0.10686398297548294, -3.063678741455078e-05, 0.1566084921360016, 0.1471778154373169, 0.12512078881263733, -1.917324185371399, 0.25661909580230713, -0.46747398376464844, 0.17064428329467773, 7.15192174911499, -0.660784125328064, -1.0967744588851929, -1.4177348613739014, 0.0472140870988369, 0.21214061975479126, -4.560540199279785, -0.30880922079086304, 0.5415985584259033, 1.0810213088989258, 3.2896173000335693, -5.595675945281982, -5.822422504425049, -0.15332993865013123, -0.7783693671226501, -0.1054774671792984, 0.21810385584831238, -0.033784449100494385, -1.280545711517334, 0.07808664441108704, -3.535527467727661, 1.072047233581543, -0.6090223789215088, -0.3441358208656311, 13.384778022766113, 1.0, 1.0, 1.0, 1.0, 1.0, 1.0, 1.0, 1.0, 1.0, 1.0, 1.0, 1.0]"
171,2.8750961064361036e-05,0.0,213.9863739013672,0.0,0.0,0.0,0.0,0.0,0.0,0.0,0.0,0.0,0.5627241730690002,-0.03496788442134857,-0.03402631729841232,-0.2545888423919678,-0.3723479211330414,0.07228905707597733,0.575488805770874,0.5579805970191956,-0.3692803382873535,0.5083921551704407,-2.2921109199523926,-0.5144204497337341,0.38756418228149414,-0.7246465682983398,7.828892230987549,"[0.5627241730690002, -0.03496788442134857, -0.03402631729841232, 0.7497711181640625, -0.21436725556850433, 0.0681426003575325, 0.04218682274222374, -0.022999556735157967, -0.998845100402832, 0.699999988079071, 0.0, 0.0, -0.2545888423919678, -0.3723479211330414, 0.07228905707597733, -1.5556812286376953e-05, 0.15798059105873108, 0.030719667673110962, 0.1083921492099762, -1.8921109437942505, 0.2855795621871948, -0.4124358296394348, 0.07535344362258911, 7.0288920402526855, -0.6752827167510986, -1.3965076208114624, -1.7055442333221436, 0.02600545808672905, 0.16066627204418182, -6.136448860168457, -1.2453649044036865, 1.520758032798767, 1.4875476360321045, 2.697136163711548, -2.9897797107696533, -5.022789001464844, -0.1988571584224701, -0.5230986475944519, 0.01993357017636299, 0.3580493628978729, 0.03681480884552002, 0.06695005297660828, -0.0569244921207428, -3.6251657009124756, 1.1087678670883179, -0.5498688817024231, 0.061019256711006165, 13.929003715515137, 1.0, 1.0, 1.0, 0.0, 1.0, 1.0, 1.0, 1.0, 1.0, 1.0, 1.0, 1.0]"
172,0.0,0.0,0.0,0.0,0.0,0.0,0.0,0.0,0.0,0.0,0.0,0.0,0.6175630688667297,-0.087845079600811,-0.18584218621253967,-0.26050519943237305,-0.38038575649261475,0.04928096756339073,0.5755042433738708,0.5669788122177124,-0.4583369195461273,0.47028252482414246,-2.26285719871521,-0.487623929977417,0.39632895588874817,-0.6842041015625,7.82767391204834,"[0.6175630688667297, -0.087845079600811, -0.18584218621253967, 0.14813755452632904, -0.6009482145309448, 0.0025944956578314304, 0.03263765946030617, -0.03168755769729614, -0.9989650249481201, 0.699999988079071, 0.0, 0.0, -0.26050519943237305, -0.38038575649261475, 0.04928096756339073, -1.1920928955078125e-07, 0.16697880625724792, -0.05833691358566284, 0.07028251886367798, -1.8628572225570679, 0.31237608194351196, -0.4036710560321808, 0.11579591035842896, 7.027673721313477, 0.01767023093998432, 0.535804033279419, -0.6417639255523682, 0.00028602435486391187, 0.7518208026885986, -2.8595945835113525, -2.3220324516296387, 1.3749867677688599, 0.5483174920082092, -1.9189448356628418, 5.470555782318115, 2.7134745121002197, -0.5202551484107971, -0.15555879473686218, 0.34095892310142517, 0.19486883282661438, 0.3793853521347046, 1.3572242259979248, -0.22015029191970825, -3.7503530979156494, 0.2773565649986267, -1.0500237941741943, 1.33883798122406, 14.663959503173828, 1.0, 1.0, 1.0, 1.0, 1.0, 1.0, 1.0, 1.0, 1.0, 1.0, 1.0, 1.0]"
173,0.0,0.0,0.0,4.686761531047523e-05,0.0,348.82421875,0.0,0.0,0.0,0.0,0.0,0.0,0.6754927039146423,-0.09479308128356934,-0.2796262800693512,-0.2611275315284729,-0.37064382433891296,0.051231544464826584,0.5754801630973816,0.594022810459137,-0.4866589605808258,0.4178592264652252,-2.2398297786712646,-0.5602608919143677,0.4368223249912262,-0.5440068244934082,7.915920734405518,"[0.6754927039146423, -0.09479308128356934, -0.2796262800693512, 0.17135339975357056, -0.3859585225582123, -0.11634841561317444, 0.021863514557480812, -0.031766682863235474, -0.9992561936378479, 0.699999988079071, 0.0, 0.0, -0.2611275315284729, -0.37064382433891296, 0.051231544464826584, -2.4199485778808594e-05, 0.19402280449867249, -0.08665895462036133, 0.017859220504760742, -1.8398298025131226, 0.23973912000656128, -0.36317768692970276, 0.25599318742752075, 7.115920543670654, -0.38635730743408203, -0.29652881622314453, 0.3202148675918579, 0.013371063396334648, 1.435222864151001, -1.3668380975723267, -2.7035303115844727, 0.9870573878288269, -4.91057825088501, 4.581692695617676, 6.6775665283203125, 5.137569904327393, -0.6271947622299194, -0.42361557483673096, 0.6349794268608093, 0.6155010461807251, 0.6069634556770325, 0.9257532358169556, -0.1603274643421173, -3.56408953666687, -0.16714215278625488, -1.202284812927246, 1.2538894414901733, 15.019354820251465, 1.0, 1.0, 1.0, 1.0, 1.0, 1.0, 1.0, 1.0, 1.0, 1.0, 1.0, 1.0]"
174,0.0,0.0,0.0,7.124397961888462e-05,0.0,530.2515258789062,1.784555752237793e-05,0.0,132.8201141357422,0.0,0.0,0.0,0.7276628017425537,-0.06110309064388275,-0.09446436166763306,-0.2797321379184723,-0.37529876828193665,0.05385401099920273,0.575510561466217,0.6198570728302002,-0.4927367866039276,0.4369378685951233,-2.2147300243377686,-0.6512593626976013,0.49400594830513,-0.5289838910102844,8.035204887390137,"[0.7276628017425537, -0.06110309064388275, -0.09446436166763306, 0.044562388211488724, -0.25737637281417847, 0.001942889648489654, 0.0158974751830101, -0.03517713397741318, -0.9992544651031494, 0.699999988079071, 0.0, 0.0, -0.2797321379184723, -0.37529876828193665, 0.05385401099920273, 6.198883056640625e-06, 0.21985706686973572, -0.09273678064346313, 0.036937862634658813, -1.8147300481796265, 0.14874064922332764, -0.30599406361579895, 0.27101612091064453, 7.235204696655273, -1.0626370906829834, -0.06730792671442032, 0.1831773817539215, 0.0590144619345665, 1.165190577507019, -0.038285087794065475, 2.2819337844848633, 1.5549007654190063, -4.82948112487793, 2.3287196159362793, -5.041157245635986, 6.26699686050415, -0.4992469847202301, -0.18176516890525818, 0.35879090428352356, 0.5284863710403442, 0.34722810983657837, 0.7057628631591797, -0.4066910147666931, -3.7421562671661377, -0.2199064940214157, -1.3800321817398071, 1.1026356220245361, 15.466347694396973, 1.0, 1.0, 1.0, 1.0, 1.0, 1.0, 1.0, 1.0, 1.0, 1.0, 1.0, 1.0]"
175,0.0,0.0,0.0,6.002269219607115e-05,0.0,446.7342529296875,3.193060547346249e-05,0.0,237.6516876220703,0.0,0.0,0.0,0.713586688041687,-0.04722416028380394,0.0366370864212513,-0.29285481572151184,-0.37165701389312744,0.05901721864938736,0.5754907131195068,0.6313753128051758,-0.4792286157608032,0.45383724570274353,-2.1800341606140137,-0.7409184575080872,0.5146455764770508,-0.5158366560935974,8.165904998779297,"[0.713586688041687, -0.04722416028380394, 0.0366370864212513, -0.24580147862434387, -0.10708004981279373, -0.020938463509082794, 0.012617784552276134, -0.031665388494729996, -0.9994189739227295, 0.699999988079071, 0.0, 0.0, -0.29285481572151184, -0.37165701389312744, 0.05901721864938736, -1.3649463653564453e-05, 0.2313753068447113, -0.07922860980033875, 0.05383723974227905, -1.7800341844558716, 0.0590815544128418, -0.2853544354438782, 0.28416335582733154, 7.365904808044434, -0.3575359880924225, 0.266730397939682, 0.33395740389823914, -0.00041853636503219604, 0.13588102161884308, 0.7169944643974304, 0.7635273933410645, 1.5923573970794678, -3.991621494293213, 0.8226775527000427, 0.7422617077827454, 6.522622585296631, -0.174412339925766, -0.6423049569129944, 0.5028335452079773, 0.4717464745044708, 0.5086667537689209, 0.6992024183273315, 0.157602459192276, -4.083649158477783, -0.38304537534713745, -1.0939605236053467, 1.0937005281448364, 15.343955039978027, 1.0, 1.0, 1.0, 1.0, 1.0, 1.0, 1.0, 1.0, 1.0, 1.0, 1.0, 1.0]"
176,0.0,0.0,0.0,4.8311751015717164e-05,0.0,359.5725402832031,2.6411285944050178e-05,0.0,196.57273864746094,0.0,0.0,0.0,0.7437306046485901,-0.03540342301130295,0.059814151376485825,-0.28773370385169983,-0.3669295608997345,0.06431930512189865,0.5755044221878052,0.6247830390930176,-0.4540226459503174,0.4693041145801544,-2.1665756702423096,-0.8061481714248657,0.5110638737678528,-0.5048475861549377,8.274778366088867,"[0.7437306046485901, -0.03540342301130295, 0.059814151376485825, -0.069117471575737, 0.08188286423683167, -0.05083445832133293, 0.012790371663868427, -0.027924126014113426, -0.9995283484458923, 0.699999988079071, 0.0, 0.0, -0.28773370385169983, -0.3669295608997345, 0.06431930512189865, 5.960464477539063e-08, 0.2247830331325531, -0.054022639989852905, 0.06930410861968994, -1.7665756940841675, -0.006148159503936768, -0.28893613815307617, 0.2951524257659912, 7.474778175354004, 0.5080997943878174, 0.11776626110076904, 0.16081152856349945, 0.0027344897389411926, -0.6377368569374084, 1.220871925354004, 0.8958460688591003, 0.02656787633895874, -2.09511399269104, -0.2478296309709549, 0.2736765742301941, 4.742949485778809, -0.4883880317211151, -0.44648340344429016, 0.36887848377227783, 0.4820285141468048, 0.5011780858039856, 0.6219888925552368, -0.09058704972267151, -4.048090934753418, -0.14344261586666107, -1.3130137920379639, 1.2350664138793945, 15.472758293151855, 1.0, 1.0, 1.0, 1.0, 1.0, 1.0, 1.0, 1.0, 1.0, 1.0, 1.0, 1.0]"
177,0.0,0.0,0.0,4.918122067465447e-05,0.0,366.0437927246094,3.856316834571771e-05,0.0,287.0162353515625,0.0,0.0,0.0,0.773253858089447,-0.010474075563251972,0.08801345527172089,-0.27688321471214294,-0.36615198850631714,0.06485579162836075,0.5755032300949097,0.6089090704917908,-0.4203300476074219,0.48660215735435486,-2.1834001541137695,-0.8105827569961548,0.49114635586738586,-0.49877452850341797,8.345438003540039,"[0.773253858089447, -0.010474075563251972, 0.08801345527172089, 0.0763520672917366, 0.139213427901268, -0.027722220867872238, 0.015100136399269104, -0.028481651097536087, -0.999480128288269, 0.699999988079071, 0.0, 0.0, -0.27688321471214294, -0.36615198850631714, 0.06485579162836075, -1.1324882507324219e-06, 0.2089090645313263, -0.020330041646957397, 0.08660215139389038, -1.7834001779556274, -0.01058274507522583, -0.3088536560535431, 0.301225483417511, 7.545437812805176, 0.45474380254745483, -0.011585750617086887, -0.025367259979248047, -0.003941796720027924, -0.8508775234222412, 1.6251169443130493, 0.8650161027908325, -1.2315024137496948, 0.8103349804878235, -0.9643604755401611, 0.3162898123264313, 2.490917682647705, -0.40484586358070374, -0.44264957308769226, 0.36965683102607727, 0.34187042713165283, 0.5577170848846436, 0.7215527296066284, -0.1795138120651245, -4.1307244300842285, 0.11033515632152557, -1.4415173530578613, 1.22858726978302, 15.26323413848877, 1.0, 1.0, 1.0, 1.0, 1.0, 1.0, 1.0, 1.0, 1.0, 1.0, 1.0, 1.0]"
178,0.0,0.0,0.0,4.804529817192815e-05,0.0,357.5893859863281,4.0535724110668525e-05,0.0,301.6974792480469,0.0,0.0,0.0,0.7913960814476013,0.0106212068349123,0.1414581835269928,-0.26814955472946167,-0.3636416792869568,0.06589727103710175,0.5755038857460022,0.5940647125244141,-0.37959444522857666,0.49682143330574036,-2.2150795459747314,-0.7692337036132812,0.4594491720199585,-0.4803813397884369,8.356204986572266,"[0.7913960814476013, 0.0106212068349123, 0.1414581835269928, -0.11133415997028351, 0.14550067484378815, 0.0038137224037200212, 0.017787659540772438, -0.02735583670437336, -0.9994677305221558, 0.699999988079071, 0.0, 0.0, -0.26814955472946167, -0.3636416792869568, 0.06589727103710175, -4.76837158203125e-07, 0.19406470656394958, 0.020405560731887817, 0.09682142734527588, -1.8150795698165894, 0.030766308307647705, -0.34055083990097046, 0.31961867213249207, 7.556204795837402, 0.39297664165496826, 0.183798685669899, 0.1074533760547638, -0.036373384296894073, -0.756138801574707, 1.939125657081604, 0.42225006222724915, -1.738338589668274, 3.0843582153320312, -1.5233368873596191, 1.0851092338562012, -0.7716729640960693, -0.5059128403663635, -0.2455936074256897, 0.3133948743343353, 0.1568516492843628, 0.48119962215423584, 0.8292230367660522, -0.3185218274593353, -4.173048496246338, 0.4141717553138733, -1.6038599014282227, 1.2033771276474, 14.908541679382324, 1.0, 1.0, 1.0, 0.0, 1.0, 1.0, 1.0, 1.0, 1.0, 1.0, 1.0, 1.0]"
179,0.0,0.0,0.0,4.5227028749650344e-05,0.0,336.6137390136719,2.8394564651534893e-05,0.0,211.33380126953125,0.0,0.0,0.0,0.8111225366592407,0.021766258403658867,0.17682769894599915,-0.2602786123752594,-0.3565688133239746,0.07003700733184814,0.5755258798599243,0.578584611415863,-0.33284154534339905,0.49848005175590515,-2.255119800567627,-0.6870855689048767,0.41602838039398193,-0.44824928045272827,8.315160751342773,"[0.8111225366592407, 0.021766258403658867, 0.17682769894599915, -0.31326884031295776, 0.23638653755187988, 0.04468606412410736, 0.02135283127427101, -0.022006135433912277, -0.9995301365852356, 0.699999988079071, 0.0, 0.0, -0.2602786123752594, -0.3565688133239746, 0.07003700733184814, 2.1517276763916016e-05, 0.17858460545539856, 0.06715846061706543, 0.09848004579544067, -1.8551198244094849, 0.11291444301605225, -0.383971631526947, 0.3517507314682007, 7.51516056060791, 0.40461188554763794, 0.4104618728160858, 0.2586558759212494, -0.010570473037660122, -0.9810745716094971, 2.2350549697875977, 0.10359346866607666, -2.1106226444244385, 5.009539604187012, -2.1327853202819824, 1.5662662982940674, -2.8321053981781006, -0.4114627540111542, -0.11343494802713394, 0.4016212224960327, -0.03623136878013611, 0.08461391925811768, 0.923355221748352, -0.12679171562194824, -4.121851921081543, 0.8582063913345337, -1.7918325662612915, 0.9570992588996887, 14.677572250366211, 1.0, 1.0, 1.0, 0.0, 1.0, 1.0, 1.0, 1.0, 1.0, 1.0, 1.0, 1.0]"
180,0.0,0.0,0.0,2.3344335204456e-05,0.0,173.74618530273438,0.0,0.0,0.0,0.0,0.0,0.0,0.8204784393310547,-0.0008861604728735983,0.12208550423383713,-0.24548165500164032,-0.34491297602653503,0.07871986925601959,0.5755035877227783,0.5481052398681641,-0.2820107340812683,0.500026285648346,-2.296849489212036,-0.5725888609886169,0.3574918508529663,-0.4359758794307709,8.242274284362793,"[0.8204784393310547, -0.0008861604728735983, 0.12208550423383713, -0.49908050894737244, 0.5530762672424316, 0.03799296170473099, 0.02942229062318802, -0.013099045492708683, -0.9994812607765198, 0.699999988079071, 0.0, 0.0, -0.24548165500164032, -0.34491297602653503, 0.07871986925601959, -7.748603820800781e-07, 0.14810523390769958, 0.11798927187919617, 0.10002627968788147, -1.896849513053894, 0.227411150932312, -0.44250816106796265, 0.3640241324901581, 7.44227409362793, 1.0006966590881348, 0.6530719995498657, 0.6020736694335938, 0.005960532464087009, -1.9276678562164307, 2.508751392364502, 0.19070297479629517, -1.9362233877182007, 5.832322597503662, -3.161057233810425, -1.297033667564392, -4.207525253295898, -0.2706967890262604, -0.31808093190193176, 0.1717817336320877, 0.14299502968788147, -0.2534218430519104, 0.06613853573799133, 0.14707344770431519, -3.7770049571990967, 1.0674936771392822, -1.6157667636871338, 0.3456764817237854, 14.416150093078613, 1.0, 1.0, 1.0, 0.0, 1.0, 1.0, 1.0, 1.0, 1.0, 1.0, 1.0, 1.0]"
181,4.767365680891089e-05,0.0,354.8233642578125,0.0,0.0,0.0,0.0,0.0,0.0,0.0,0.0,0.0,0.7835116386413574,-0.029871519654989243,0.09495297819375992,-0.2379208356142044,-0.3368082344532013,0.09116992354393005,0.5754342675209045,0.5509347319602966,-0.23983623087406158,0.5062546730041504,-2.323279619216919,-0.5499954223632812,0.30862700939178467,-0.5046389102935791,8.153166770935059,"[0.7835116386413574, -0.029871519654989243, 0.09495297819375992, -0.05866633355617523, 0.27650904655456543, -0.005940420553088188, 0.03783648833632469, -0.008093519136309624, -0.9992509484291077, 0.699999988079071, 0.0, 0.0, -0.2379208356142044, -0.3368082344532013, 0.09116992354393005, -7.009506225585938e-05, 0.15093472599983215, 0.1601637750864029, 0.10625466704368591, -1.9232796430587769, 0.2500045895576477, -0.4913730025291443, 0.29536110162734985, 7.353166580200195, 0.10498198866844177, 0.17372025549411774, 0.4459225535392761, 0.015093322843313217, 0.7380244731903076, 1.0610467195510864, 0.2779633700847626, -0.7823570370674133, 0.3441142439842224, -0.43751129508018494, -3.8944833278656006, -4.999709606170654, -0.09707143902778625, -0.653542160987854, -0.1855686455965042, 0.14645060896873474, -0.5136966109275818, -1.6938749551773071, 0.14857414364814758, -3.5160698890686035, 1.1027179956436157, -0.9603623151779175, -0.404996395111084, 14.043272018432617, 1.0, 1.0, 1.0, 1.0, 1.0, 1.0, 1.0, 1.0, 1.0, 1.0, 1.0, 1.0]"
182,4.956516931997612e-05,0.0,368.9014587402344,0.0,0.0,0.0,0.0,0.0,0.0,0.0,0.0,0.0,0.6574832797050476,-0.04189985617995262,0.05845927074551582,-0.24443167448043823,-0.3473309874534607,0.0835425853729248,0.5754714608192444,0.5581520199775696,-0.2766696810722351,0.509774386882782,-2.318993091583252,-0.5310359001159668,0.35633736848831177,-0.6120575666427612,8.044939994812012,"[0.6574832797050476, -0.04189985617995262, 0.05845927074551582, 0.6517125964164734, 0.059067048132419586, 0.06466293334960938, 0.04050830751657486, -0.015860147774219513, -0.9990534782409668, 0.699999988079071, 0.0, 0.0, -0.24443167448043823, -0.3473309874534607, 0.0835425853729248, -3.2901763916015625e-05, 0.1581520140171051, 0.12333032488822937, 0.1097743809223175, -1.9189931154251099, 0.26896411180496216, -0.4436626434326172, 0.18794244527816772, 7.244939804077148, -0.5749973058700562, -0.9941104054450989, -0.8969216346740723, 0.05019035562872887, 0.2445444017648697, -3.493485927581787, 0.050218623131513596, 0.7709508538246155, 1.1495914459228516, 3.2451884746551514, -6.0277276039123535, -5.753965854644775, -0.19815531373023987, -0.8141061663627625, -0.13061292469501495, 0.26479437947273254, -0.0656673014163971, -1.3339893817901611, 0.11319592595100403, -3.501835346221924, 1.0462960004806519, -0.661742091178894, -0.3550245761871338, 13.530901908874512, 1.0, 1.0, 1.0, 1.0, 1.0, 1.0, 1.0, 1.0, 1.0, 1.0, 1.0, 1.0]"
183,2.754042361630127e-05,0.0,204.97662353515625,0.0,0.0,0.0,0.0,0.0,0.0,0.0,0.0,0.0,0.5936571955680847,-0.06401626765727997,-0.037857506424188614,-0.2591472566127777,-0.37619826197624207,0.05602874606847763,0.5754888653755188,0.5598702430725098,-0.3785853981971741,0.5013822913169861,-2.2886221408843994,-0.5018731951713562,0.40735924243927,-0.7152431011199951,7.919564723968506,"[0.5936571955680847, -0.06401626765727997, -0.037857506424188614, 0.842644989490509, -0.15943141281604767, 0.05610473453998566, 0.03934501111507416, -0.032779186964035034, -0.9986878037452698, 0.699999988079071, 0.0, 0.0, -0.2591472566127777, -0.37619826197624207, 0.05602874606847763, -1.5497207641601562e-05, 0.1598702371120453, 0.021414607763290405, 0.1013822853565216, -1.8886221647262573, 0.29812681674957275, -0.39264076948165894, 0.08475691080093384, 7.119564533233643, -0.721917986869812, -1.4758470058441162, -1.4503920078277588, 0.029167670756578445, 0.18357473611831665, -5.481534481048584, -0.7996917366981506, 1.7909735441207886, 1.4388055801391602, 1.8259129524230957, -3.530153274536133, -5.263131618499756, -0.1863643229007721, -0.5757837891578674, 0.01276441290974617, 0.4170544147491455, 0.061213403940200806, -0.059750258922576904, -0.03440484404563904, -3.598281145095825, 1.0702879428863525, -0.610091507434845, 0.01316101849079132, 14.041472434997559, 1.0, 1.0, 1.0, 0.0, 1.0, 1.0, 1.0, 1.0, 1.0, 1.0, 1.0, 1.0]"
184,0.0,0.0,0.0,0.0,0.0,0.0,0.0,0.0,0.0,0.0,0.0,0.0,0.640232264995575,-0.11470155417919159,-0.19225244224071503,-0.26658207178115845,-0.3879867196083069,0.036709778010845184,0.5755041241645813,0.5700333714485168,-0.4610305428504944,0.4705848693847656,-2.2533013820648193,-0.4802694022655487,0.4077024757862091,-0.6827570796012878,7.910521030426025,"[0.640232264995575, -0.11470155417919159, -0.19225244224071503, 0.2553175389766693, -0.5060605406761169, -0.005044885911047459, 0.03149369731545448, -0.04361766204237938, -0.9985518455505371, 0.699999988079071, 0.0, 0.0, -0.26658207178115845, -0.3879867196083069, 0.036709778010845184, -2.384185791015625e-07, 0.17003336548805237, -0.06103053689002991, 0.07058486342430115, -1.8533014059066772, 0.31973060965538025, -0.39229753613471985, 0.11724293231964111, 7.110520839691162, -0.058083005249500275, 0.29672300815582275, -0.48265257477760315, 0.0004215595545247197, 0.9011688232421875, -2.691518545150757, -2.0426878929138184, 1.674006700515747, -0.1374312937259674, -1.9665160179138184, 5.2582526206970215, 2.3641412258148193, -0.5737856030464172, -0.1980195939540863, 0.3352605402469635, 0.18794888257980347, 0.440878689289093, 1.338415503501892, -0.31557151675224304, -3.74179744720459, 0.21119998395442963, -1.0493781566619873, 1.3123605251312256, 14.811272621154785, 1.0, 1.0, 1.0, 1.0, 1.0, 1.0, 1.0, 1.0, 1.0, 1.0, 1.0, 1.0]"
185,0.0,0.0,0.0,3.8746209611417726e-05,0.0,288.3785705566406,0.0,0.0,0.0,0.0,0.0,0.0,0.6975791454315186,-0.1237776055932045,-0.29067713022232056,-0.2689075171947479,-0.37986165285110474,0.04189762845635414,0.5754812955856323,0.600636899471283,-0.4863787591457367,0.4203539490699768,-2.2259998321533203,-0.5607787370681763,0.4416217505931854,-0.5453333854675293,7.994291305541992,"[0.6975791454315186, -0.1237776055932045, -0.29067713022232056, 0.26419293880462646, -0.31187403202056885, -0.12848541140556335, 0.022318903356790543, -0.04547085240483284, -0.9987159371376038, 0.699999988079071, 0.0, 0.0, -0.2689075171947479, -0.37986165285110474, 0.04189762845635414, -2.3066997528076172e-05, 0.20063689351081848, -0.08637875318527222, 0.02035394310951233, -1.8259998559951782, 0.23922127485275269, -0.35837826132774353, 0.25466662645339966, 7.194291114807129, -0.4807637333869934, -0.3440055251121521, 0.4672582149505615, 0.0013517579063773155, 1.5987095832824707, -0.9682374000549316, -2.7015998363494873, 1.1199816465377808, -4.926881790161133, 3.895770788192749, 6.553028583526611, 4.984822750091553, -0.6427552103996277, -0.4177742600440979, 0.6418554782867432, 0.6358814239501953, 0.5994127988815308, 0.8738728761672974, -0.23399260640144348, -3.6236255168914795, -0.22398866713047028, -1.2159059047698975, 1.2428345680236816, 15.168065071105957, 1.0, 1.0, 1.0, 1.0, 1.0, 1.0, 1.0, 1.0, 1.0, 1.0, 1.0, 1.0]"
186,0.0,0.0,0.0,6.938252772670239e-05,0.0,516.397216796875,2.374106043134816e-05,0.0,176.69891357421875,0.0,0.0,0.0,0.7340738773345947,-0.0799509584903717,-0.08721102029085159,-0.2900044918060303,-0.3827163875102997,0.04239974543452263,0.5754166841506958,0.6294825673103333,-0.4894348084926605,0.4574826657772064,-2.1992619037628174,-0.6568249464035034,0.49465325474739075,-0.5503491759300232,8.109893798828125,"[0.7340738773345947, -0.0799509584903717, -0.08721102029085159, 0.09823281317949295, -0.17752334475517273, -0.010582678020000458, 0.016274312511086464, -0.0480833575129509, -0.998711109161377, 0.699999988079071, 0.0, 0.0, -0.2900044918060303, -0.3827163875102997, 0.04239974543452263, -8.767843246459961e-05, 0.22948256134986877, -0.08943480253219604, 0.05748265981674194, -1.7992619276046753, 0.14317506551742554, -0.3053467571735382, 0.24965083599090576, 7.309893608093262, -1.1922698020935059, -0.07725901901721954, 0.057806216180324554, -0.008305620402097702, 1.299768090248108, 0.14066773653030396, 1.6099116802215576, 1.5059431791305542, -5.388518810272217, 1.9261078834533691, -0.4750549793243408, 5.9725446701049805, -0.5698180794715881, -0.21242842078208923, 0.3624963164329529, 0.5611000061035156, 0.38105982542037964, 0.6975090503692627, -0.4764065444469452, -3.749941110610962, -0.24850980937480927, -1.3880586624145508, 1.1117355823516846, 15.601913452148438, 1.0, 1.0, 1.0, 1.0, 1.0, 1.0, 1.0, 1.0, 1.0, 1.0, 1.0, 1.0]"
187,0.0,0.0,0.0,5.899837560718879e-05,0.0,439.1104736328125,4.24344943894539e-05,0.0,315.82958984375,0.0,0.0,0.0,0.7218671441078186,-0.06250214576721191,0.046060286462306976,-0.30613967776298523,-0.37849050760269165,0.04775995388627052,0.5755141973495483,0.6419426798820496,-0.47360900044441223,0.4776839017868042,-2.1679935455322266,-0.7449156045913696,0.510062038898468,-0.5433008074760437,8.239601135253906,"[0.7218671441078186, -0.06250214576721191, 0.046060286462306976, -0.23586204648017883, -0.06462375819683075, -0.005887365434318781, 0.014107285998761654, -0.04489396885037422, -0.9988924264907837, 0.699999988079071, 0.0, 0.0, -0.30613967776298523, -0.37849050760269165, 0.04775995388627052, 9.834766387939453e-06, 0.24194267392158508, -0.07360899448394775, 0.07768389582633972, -1.7679935693740845, 0.055084407329559326, -0.28993797302246094, 0.25669920444488525, 7.439600944519043, -0.5347093343734741, 0.30172279477119446, 0.3483964204788208, -0.026208898052573204, 0.11948005110025406, 0.8266230821609497, 0.9081264734268188, 1.4107367992401123, -3.540262460708618, 0.5880488157272339, 0.5080721378326416, 6.608854293823242, -0.27994653582572937, -0.62465900182724, 0.5025975704193115, 0.5171893835067749, 0.4697219133377075, 0.6576175689697266, -0.00010854005813598633, -4.069500923156738, -0.3071224093437195, -1.1839733123779297, 1.1263000965118408, 15.570958137512207, 1.0, 1.0, 1.0, 1.0, 1.0, 1.0, 1.0, 1.0, 1.0, 1.0, 1.0, 1.0]"
188,0.0,0.0,0.0,4.822998744202778e-05,0.0,358.9640197753906,3.219895006623119e-05,0.0,239.64889526367188,0.0,0.0,0.0,0.7401093244552612,-0.04738117754459381,0.08563925325870514,-0.3050062358379364,-0.3718412518501282,0.05435312166810036,0.5755044221878052,0.6334651708602905,-0.44690170884132385,0.49146223068237305,-2.156846523284912,-0.7987931966781616,0.5033762454986572,-0.5294904112815857,8.351962089538574,"[0.7401093244552612, -0.04738117754459381, 0.08563925325870514, -0.175032839179039, 0.0760289654135704, -0.025104738771915436, 0.014545769430696964, -0.040025725960731506, -0.9990927577018738, 0.699999988079071, 0.0, 0.0, -0.3050062358379364, -0.3718412518501282, 0.05435312166810036, 5.960464477539063e-08, 0.23346516489982605, -0.046901702880859375, 0.09146222472190857, -1.75684654712677, 0.001206815242767334, -0.29662376642227173, 0.27050960063934326, 7.551961898803711, 0.3130958378314972, 0.2595926523208618, 0.26983559131622314, -0.00016539543867111206, -0.7369753122329712, 1.2874270677566528, 0.7349392175674438, -0.03787962719798088, -1.7417620420455933, -0.3654519319534302, 0.5698251128196716, 4.770528793334961, -0.4747929275035858, -0.5136634707450867, 0.3597564399242401, 0.4850890040397644, 0.5282849073410034, 0.629246711730957, -0.06907162070274353, -4.077962398529053, -0.1514529287815094, -1.276932716369629, 1.2477164268493652, 15.56496524810791, 1.0, 1.0, 1.0, 1.0, 1.0, 1.0, 1.0, 1.0, 1.0, 1.0, 1.0, 1.0]"
189,0.0,0.0,0.0,4.902202999801375e-05,0.0,364.8589782714844,3.859202115563676e-05,0.0,287.23095703125,0.0,0.0,0.0,0.7682443857192993,-0.023865077644586563,0.11188840866088867,-0.2960307002067566,-0.36746928095817566,0.05790329724550247,0.5754995346069336,0.6164928078651428,-0.41263025999069214,0.504112958908081,-2.1753180027008057,-0.8048538565635681,0.4826532006263733,-0.5150259137153625,8.414031982421875,"[0.7682443857192993, -0.023865077644586563, 0.11188840866088867, -0.07494738698005676, 0.12018762528896332, -0.009027140215039253, 0.01647721417248249, -0.03760479763150215, -0.9991570711135864, 0.699999988079071, 0.0, 0.0, -0.2960307002067566, -0.36746928095817566, 0.05790329724550247, -4.827976226806641e-06, 0.21649280190467834, -0.012630254030227661, 0.10411295294761658, -1.7753180265426636, -0.00485384464263916, -0.31734681129455566, 0.2849740982055664, 7.614031791687012, 0.4181041121482849, 0.1658487617969513, 0.13080932199954987, -0.004265628755092621, -0.884801983833313, 1.6429743766784668, 0.6252086758613586, -1.356339931488037, 0.5731943845748901, -0.980593204498291, 0.7379168272018433, 1.89955735206604, -0.44016990065574646, -0.473159521818161, 0.366960734128952, 0.35467931628227234, 0.5721735954284668, 0.7184052467346191, -0.18429207801818848, -4.135216236114502, 0.0767059475183487, -1.4247454404830933, 1.2728172540664673, 15.342358589172363, 1.0, 1.0, 1.0, 1.0, 1.0, 1.0, 1.0, 1.0, 1.0, 1.0, 1.0, 1.0]"
190,0.0,0.0,0.0,4.456416718312539e-05,0.0,331.68023681640625,4.0671533497516066e-05,0.0,302.7082824707031,0.0,0.0,0.0,0.790410578250885,-0.003981700167059898,0.16145727038383484,-0.28722110390663147,-0.3618430197238922,0.06164178624749184,0.5755000114440918,0.6014688014984131,-0.3713032305240631,0.5102272033691406,-2.2108139991760254,-0.7704232931137085,0.45026659965515137,-0.4891832768917084,8.41468334197998,"[0.790410578250885, -0.003981700167059898, 0.16145727038383484, -0.23394934833049774, 0.1261730194091797, 0.018019597977399826, 0.018803240731358528, -0.033929549157619476, -0.9992471933364868, 0.699999988079071, 0.0, 0.0, -0.28722110390663147, -0.3618430197238922, 0.06164178624749184, -4.351139068603516e-06, 0.2014687955379486, 0.028696775436401367, 0.11022719740867615, -1.8108140230178833, 0.02957671880722046, -0.3497334122657776, 0.3108167350292206, 7.614683151245117, 0.4309917688369751, 0.3367711007595062, 0.23949101567268372, -0.040155086666345596, -0.7581163048744202, 2.0250444412231445, 0.2185909003019333, -1.943132758140564, 2.758216142654419, -1.6367881298065186, 1.4506202936172485, -1.2912261486053467, -0.5066094398498535, -0.2898350656032562, 0.3146473467350006, 0.1625494658946991, 0.4993346929550171, 0.8338958024978638, -0.3131451904773712, -4.176781177520752, 0.3964002728462219, -1.6064928770065308, 1.2366297245025635, 14.961215019226074, 1.0, 1.0, 1.0, 1.0, 1.0, 1.0, 1.0, 1.0, 1.0, 1.0, 1.0, 1.0]"
191,0.0,0.0,0.0,4.299455031286925e-05,0.0,319.9979553222656,2.5197899958584458e-05,0.0,187.54180908203125,0.0,0.0,0.0,0.809521496295929,0.0035686239134520292,0.19236816465854645,-0.2774628698825836,-0.35201969742774963,0.06827706098556519,0.5755253434181213,0.5855405330657959,-0.323528528213501,0.5080670118331909,-2.2541065216064453,-0.6911906599998474,0.40542006492614746,-0.4503396153450012,8.357213973999023,"[0.809521496295929, 0.0035686239134520292, 0.19236816465854645, -0.41542848944664, 0.22679267823696136, 0.045371122658252716, 0.022071363404393196, -0.026385240256786346, -0.9994084239006042, 0.699999988079071, 0.0, 0.0, -0.2774628698825836, -0.35201969742774963, 0.06827706098556519, 2.09808349609375e-05, 0.18554052710533142, 0.0764714777469635, 0.10806700587272644, -1.8541065454483032, 0.10880935192108154, -0.3945799469947815, 0.34966039657592773, 7.55721378326416, 0.5417723655700684, 0.5408242344856262, 0.38809841871261597, -0.007535400800406933, -1.0104446411132812, 2.3361282348632812, -0.07643061876296997, -2.210967540740967, 5.0110015869140625, -2.3234000205993652, 1.8710274696350098, -4.195162773132324, -0.41754820942878723, -0.2436925619840622, 0.3714531660079956, 0.10326048731803894, 0.12890982627868652, 0.884116530418396, -0.014841988682746887, -4.034576892852783, 0.8936824798583984, -1.775650978088379, 0.9064376950263977, 14.42409610748291, 1.0, 1.0, 1.0, 1.0, 1.0, 1.0, 1.0, 1.0, 1.0, 1.0, 1.0, 1.0]"
192,0.0,0.0,0.0,2.2414818886318244e-05,0.0,166.82801818847656,0.0,0.0,0.0,0.0,0.0,0.0,0.8209176659584045,-0.019418984651565552,0.1247631385922432,-0.26092174649238586,-0.3394981324672699,0.07876568287611008,0.5755013823509216,0.5548600554466248,-0.2710309624671936,0.5093909502029419,-2.295072555541992,-0.5735393762588501,0.34365493059158325,-0.447584331035614,8.249434471130371,"[0.8209176659584045, -0.019418984651565552, 0.1247631385922432, -0.4703671932220459, 0.5538924932479858, 0.02112501673400402, 0.030258648097515106, -0.01707652024924755, -0.9993962645530701, 0.699999988079071, 0.0, 0.0, -0.26092174649238586, -0.3394981324672699, 0.07876568287611008, -2.9802322387695312e-06, 0.15486004948616028, 0.12896904349327087, 0.10939094424247742, -1.89507257938385, 0.22646063566207886, -0.4563450813293457, 0.35241568088531494, 7.449434280395508, 1.0125774145126343, 0.6449477076530457, 0.6787793040275574, 0.004976759199053049, -1.8886828422546387, 2.6368277072906494, 0.26242634654045105, -1.823071002960205, 6.014081954956055, -3.3845560550689697, -2.4518961906433105, -5.877012729644775, -0.3786701261997223, -0.36177948117256165, 0.1228267103433609, 0.26739946007728577, -0.12877202033996582, 0.09271198511123657, 0.20634570717811584, -3.713970184326172, 1.1039228439331055, -1.5788567066192627, 0.2972297668457031, 14.08807373046875, 1.0, 1.0, 1.0, 0.0, 1.0, 1.0, 1.0, 1.0, 1.0, 1.0, 1.0, 1.0]"
193,4.4929238356417045e-05,0.0,334.3973388671875,0.0,0.0,0.0,0.0,0.0,0.0,0.0,0.0,0.0,0.7835913300514221,-0.03810032084584236,0.08218227326869965,-0.252938836812973,-0.3329591751098633,0.08881034702062607,0.5754998922348022,0.5572785139083862,-0.22991813719272614,0.515123724937439,-2.3176281452178955,-0.5470581650733948,0.29280221462249756,-0.5141401290893555,8.12812614440918,"[0.7835913300514221, -0.03810032084584236, 0.08218227326869965, -0.010367317125201225, 0.32685232162475586, -0.0006867749034427106, 0.03917061164975166, -0.013111388310790062, -0.9991464018821716, 0.699999988079071, 0.0, 0.0, -0.252938836812973, -0.3329591751098633, 0.08881034702062607, -4.470348358154297e-06, 0.15727850794792175, 0.17008186876773834, 0.11512371897697449, -1.9176281690597534, 0.2529418468475342, -0.5071977972984314, 0.2858598828315735, 7.328125953674316, 0.019878488034009933, 0.08651891350746155, 0.2680225372314453, 0.04576193168759346, 0.7668364644050598, 0.9139033555984497, 0.26758331060409546, -0.5952438712120056, 0.1319640725851059, -0.9364445209503174, -3.71293044090271, -6.39070463180542, -0.0556010901927948, -0.7017460465431213, -0.16039209067821503, 0.11170127987861633, -0.5051105618476868, -1.7703405618667603, 0.14264777302742004, -3.5338804721832275, 1.07239830493927, -0.9462785720825195, -0.4159699082374573, 13.831082344055176, 1.0, 1.0, 1.0, 1.0, 1.0, 1.0, 1.0, 1.0, 1.0, 1.0, 1.0, 1.0]"
194,4.762592652696185e-05,0.0,354.4681396484375,0.0,0.0,0.0,0.0,0.0,0.0,0.0,0.0,0.0,0.6583070755004883,-0.04870019853115082,0.044820550829172134,-0.2601860463619232,-0.3462197482585907,0.07873545587062836,0.5755003094673157,0.5657181739807129,-0.27362918853759766,0.518697202205658,-2.3110036849975586,-0.5314666628837585,0.3517029285430908,-0.6251403093338013,8.000322341918945,"[0.6583070755004883, -0.04870019853115082, 0.044820550829172134, 0.6674475073814392, 0.10212395340204239, 0.07282645255327225, 0.04272105544805527, -0.02175169065594673, -0.9988503456115723, 0.699999988079071, 0.0, 0.0, -0.2601860463619232, -0.3462197482585907, 0.07873545587062836, -4.0531158447265625e-06, 0.1657181680202484, 0.12637081742286682, 0.11869719624519348, -1.9110037088394165, 0.2685333490371704, -0.44829708337783813, 0.17485970258712769, 7.200322151184082, -0.7166611552238464, -1.1270064115524292, -0.97569340467453, 0.08519202470779419, 0.3129701018333435, -3.871015787124634, -0.010581453330814838, 0.8154892325401306, 0.7597089409828186, 3.857621669769287, -6.066051006317139, -6.437380313873291, -0.19742467999458313, -0.8708828687667847, -0.13728465139865875, 0.262946754693985, -0.04760175943374634, -1.3545399904251099, 0.10923996567726135, -3.516002655029297, 1.009664535522461, -0.6407568454742432, -0.36644935607910156, 13.403368949890137, 1.0, 1.0, 1.0, 1.0, 1.0, 1.0, 1.0, 1.0, 1.0, 1.0, 1.0, 1.0]"
195,2.8279318939894438e-05,0.0,210.47605895996094,0.0,0.0,0.0,0.0,0.0,0.0,0.0,0.0,0.0,0.5995287299156189,-0.07075880467891693,-0.04877292364835739,-0.2748144268989563,-0.3782622218132019,0.05034128203988075,0.5755059719085693,0.5691334009170532,-0.3812520205974579,0.507298469543457,-2.2820029258728027,-0.5060890316963196,0.4041703939437866,-0.7247737050056458,7.876824855804443,"[0.5995287299156189, -0.07075880467891693, -0.04877292364835739, 0.8395881056785583, -0.12639975547790527, 0.05879530683159828, 0.04235029220581055, -0.0388106033205986, -0.9983488321304321, 0.699999988079071, 0.0, 0.0, -0.2748144268989563, -0.3782622218132019, 0.05034128203988075, 1.6093254089355469e-06, 0.16913339495658875, 0.018747985363006592, 0.10729846358299255, -1.8820029497146606, 0.2939109802246094, -0.39582961797714233, 0.0752263069152832, 7.07682466506958, -0.8593573570251465, -1.6491297483444214, -1.4740701913833618, 0.06706523895263672, 0.29321834444999695, -5.723625659942627, -0.967675507068634, 1.6397950649261475, 1.0754032135009766, 1.8355381488800049, -3.4018914699554443, -4.689923286437988, -0.1654793918132782, -0.5776528716087341, -0.006730716675519943, 0.4300653636455536, 0.028147250413894653, -0.047220587730407715, -0.061963021755218506, -3.5929746627807617, 1.061959981918335, -0.5887476801872253, -0.0050711482763290405, 13.976140022277832, 1.0, 1.0, 1.0, 1.0, 1.0, 1.0, 1.0, 1.0, 1.0, 1.0, 1.0, 1.0]"
196,0.0,0.0,0.0,0.0,0.0,0.0,0.0,0.0,0.0,0.0,0.0,0.0,0.6396699547767639,-0.12620393931865692,-0.1985083520412445,-0.2811472713947296,-0.39367982745170593,0.030950110405683517,0.5755042433738708,0.5802196264266968,-0.46908286213874817,0.4721021056175232,-2.248591899871826,-0.48680493235588074,0.41068267822265625,-0.6894534826278687,7.868679523468018,"[0.6396699547767639, -0.12620393931865692, -0.1985083520412445, 0.23245765268802643, -0.4783789813518524, -0.014781481586396694, 0.035026915371418, -0.04934774339199066, -0.9981673359870911, 0.699999988079071, 0.0, 0.0, -0.2811472713947296, -0.39367982745170593, 0.030950110405683517, -1.1920928955078125e-07, 0.1802196204662323, -0.06908285617828369, 0.07210209965705872, -1.848591923713684, 0.3131950795650482, -0.3893173336982727, 0.1105465292930603, 7.068679332733154, 0.07736389338970184, 0.10126499086618423, -0.48405200242996216, 0.0002175212139263749, 0.8863506317138672, -3.010936737060547, -2.3080811500549316, 1.629114031791687, -0.18768846988677979, -1.5014736652374268, 5.500417232513428, 1.8382468223571777, -0.6385074853897095, -0.29445284605026245, 0.3381023108959198, 0.17566508054733276, 0.4576590061187744, 1.2459217309951782, -0.3601197302341461, -3.7452571392059326, 0.15804962813854218, -0.9766968488693237, 1.332231879234314, 14.632688522338867, 1.0, 1.0, 1.0, 0.0, 1.0, 1.0, 1.0, 1.0, 1.0, 1.0, 1.0, 1.0]"
197,0.0,0.0,0.0,7.212416676338762e-05,0.0,536.802490234375,2.2586942577618174e-05,0.0,168.10910034179688,0.0,0.0,0.0,0.6974412202835083,-0.12371651083230972,-0.29492875933647156,-0.2815178334712982,-0.3846343457698822,0.03590894863009453,0.5755617022514343,0.6111747622489929,-0.496574342250824,0.41765645146369934,-2.2227373123168945,-0.5709583759307861,0.4289155900478363,-0.5482111573219299,7.9396467208862305,"[0.6974412202835083, -0.12371651083230972, -0.29492875933647156, 0.2502036392688751, -0.29585325717926025, -0.09217603504657745, 0.02582373097538948, -0.050237856805324554, -0.9984033703804016, 0.699999988079071, 0.0, 0.0, -0.2815178334712982, -0.3846343457698822, 0.03590894863009453, 5.733966827392578e-05, 0.21117475628852844, -0.0965743362903595, 0.017656445503234863, -1.8227373361587524, 0.22904163599014282, -0.37108442187309265, 0.251788854598999, 7.139646530151367, -0.5242407917976379, -0.3285099267959595, -0.38825270533561707, 0.10306085646152496, 1.5978567600250244, -1.5227168798446655, -2.3900868892669678, 0.9206368923187256, -5.2589850425720215, 4.704924583435059, 6.7206830978393555, 4.7211689949035645, -0.6157869696617126, -0.3065836727619171, 0.6879589557647705, 0.5905159711837769, 0.6375086307525635, 0.9320191144943237, -0.2944977581501007, -3.693389892578125, -0.3365975618362427, -1.1885359287261963, 1.1841235160827637, 15.331409454345703, 1.0, 1.0, 1.0, 0.0, 1.0, 1.0, 1.0, 1.0, 1.0, 1.0, 1.0, 1.0]"
198,0.0,0.0,0.0,7.225522131193429e-05,0.0,537.7779541015625,4.092375093023293e-05,0.0,304.5854797363281,0.0,0.0,0.0,0.7347134351730347,-0.09165309369564056,-0.09314724802970886,-0.30028799176216125,-0.3848028779029846,0.039266232401132584,0.5754730105400085,0.6410072445869446,-0.5040475726127625,0.4622013568878174,-2.2004406452178955,-0.6728036999702454,0.48993468284606934,-0.5662989020347595,8.064704895019531,"[0.7347134351730347, -0.09165309369564056, -0.09314724802970886, -0.015010973438620567, -0.17900270223617554, -0.005741998087614775, 0.019077718257904053, -0.050283171236515045, -0.9985529184341431, 0.699999988079071, 0.0, 0.0, -0.30028799176216125, -0.3848028779029846, 0.039266232401132584, -3.135204315185547e-05, 0.2410072386264801, -0.10404756665229797, 0.062201350927352905, -1.8004406690597534, 0.1271963119506836, -0.3100653290748596, 0.23370110988616943, 7.264704704284668, -1.0352901220321655, 0.04555857926607132, 0.20943674445152283, -0.00952338520437479, 1.3190103769302368, -0.01192474365234375, 1.7601066827774048, 1.1680270433425903, -5.684041976928711, 2.169405937194824, -0.65613853931427, 6.719590663909912, -0.5772151350975037, -0.20381173491477966, 0.511332631111145, 0.48776212334632874, 0.3190910220146179, 0.6818195581436157, -0.5859700441360474, -3.883254051208496, -0.37323635816574097, -1.3288062810897827, 1.076642394065857, 15.960217475891113, 1.0, 1.0, 1.0, 1.0, 1.0, 1.0, 1.0, 1.0, 1.0, 1.0, 1.0, 1.0]"
199,0.0,0.0,0.0,6.028053758200258e-05,0.0,448.65325927734375,4.379255187814124e-05,0.0,325.937255859375,0.0,0.0,0.0,0.7160501480102539,-0.0742412656545639,0.04831697791814804,-0.3117029070854187,-0.37763091921806335,0.047802649438381195,0.5755324363708496,0.6515302062034607,-0.4911041855812073,0.48278796672821045,-2.178079843521118,-0.7693597674369812,0.5091796517372131,-0.5605657696723938,8.206372261047363,"[0.7160501480102539, -0.0742412656545639, 0.04831697791814804, -0.37463048100471497, -0.041757337749004364, -0.013672929257154465, 0.017277900129556656, -0.04430732876062393, -0.9988684058189392, 0.699999988079071, 0.0, 0.0, -0.3117029070854187, -0.37763091921806335, 0.047802649438381195, 2.8073787689208984e-05, 0.2515302002429962, -0.0911041796207428, 0.08278796076774597, -1.778079867362976, 0.030640244483947754, -0.2908203601837158, 0.23943424224853516, 7.4063720703125, -0.2843102514743805, 0.4500528872013092, 0.5094771981239319, -0.014484390616416931, -0.06722201406955719, 0.7178419828414917, 0.908561110496521, 0.9255868196487427, -3.829313039779663, 0.7127925157546997, 0.4699057638645172, 7.1564531326293945, -0.3224744498729706, -0.7053970098495483, 0.4612037241458893, 0.5294902324676514, 0.4818311333656311, 0.6402664184570312, 0.017496258020401, -4.053312301635742, -0.33225494623184204, -1.1362669467926025, 1.1190729141235352, 15.754029273986816, 1.0, 1.0, 1.0, 1.0, 1.0, 1.0, 1.0, 1.0, 1.0, 1.0, 1.0, 1.0]"
200,0.0,0.0,0.0,4.686282409238629e-05,0.0,348.78857421875,3.2966810977086425e-05,0.0,245.36392211914062,0.0,0.0,0.0,0.7308988571166992,-0.052517037838697433,0.09163638204336166,-0.30852437019348145,-0.36962661147117615,0.055853504687547684,0.5755007863044739,0.6377543807029724,-0.4660799503326416,0.496043860912323,-2.175804853439331,-0.8184051513671875,0.5049425959587097,-0.5461769700050354,8.340548515319824,"[0.7308988571166992, -0.052517037838697433, 0.09163638204336166, -0.1927037239074707, 0.057830195873975754, -0.02706051804125309, 0.01768539659678936, -0.038247138261795044, -0.9991119503974915, 0.699999988079071, 0.0, 0.0, -0.30852437019348145, -0.36962661147117615, 0.055853504687547684, -3.5762786865234375e-06, 0.23775437474250793, -0.06607994437217712, 0.09604385495185852, -1.775804877281189, -0.018405139446258545, -0.29505741596221924, 0.25382304191589355, 7.540548324584961, 0.3241458535194397, 0.28096550703048706, 0.29774874448776245, -0.002715904265642166, -0.998974084854126, 1.2247824668884277, 0.7045010328292847, -0.41327837109565735, -1.3370461463928223, -0.24917392432689667, 0.618904709815979, 6.124330520629883, -0.46739712357521057, -0.5477209687232971, 0.35543346405029297, 0.5064046382904053, 0.5268084406852722, 0.6000393629074097, -0.046240463852882385, -4.06166410446167, -0.15429002046585083, -1.257188320159912, 1.2482030391693115, 15.645106315612793, 1.0, 1.0, 1.0, 1.0, 1.0, 1.0, 1.0, 1.0, 1.0, 1.0, 1.0, 1.0]"
201,0.0,0.0,0.0,4.8742458602646366e-05,0.0,362.7781982421875,3.793943324126303e-05,0.0,282.3739013671875,0.0,0.0,0.0,0.7553519606590271,-0.0295917559415102,0.11939378827810287,-0.2999686300754547,-0.36522147059440613,0.0595669262111187,0.5754948854446411,0.616723358631134,-0.43307697772979736,0.5079606175422668,-2.19730806350708,-0.81764155626297,0.4867183268070221,-0.5302432775497437,8.421514511108398,"[0.7553519606590271, -0.0295917559415102, 0.11939378827810287, -0.07123776525259018, 0.09495219588279724, -0.019458074122667313, 0.01912393607199192, -0.03587007895112038, -0.9991735219955444, 0.699999988079071, 0.0, 0.0, -0.2999686300754547, -0.36522147059440613, 0.0595669262111187, -9.47713851928711e-06, 0.21672335267066956, -0.033076971769332886, 0.10796061158180237, -1.797308087348938, -0.017641544342041016, -0.31328168511390686, 0.2697567343711853, 7.621514320373535, 0.4073065221309662, 0.16352054476737976, 0.14350999891757965, -0.005857184529304504, -1.0472493171691895, 1.5830954313278198, 0.5794326663017273, -1.3721355199813843, 0.8115105032920837, -0.8607727289199829, 0.8051289319992065, 2.4974207878112793, -0.4408749043941498, -0.5089119672775269, 0.33907783031463623, 0.3927857279777527, 0.5777187943458557, 0.697712779045105, -0.12538468837738037, -4.1077470779418945, 0.04898159205913544, -1.3698883056640625, 1.277938723564148, 15.40483283996582, 1.0, 1.0, 1.0, 1.0, 1.0, 1.0, 1.0, 1.0, 1.0, 1.0, 1.0, 1.0]"
202,0.0,0.0,0.0,4.8125741159310564e-05,0.0,358.1881408691406,4.013294164906256e-05,0.0,298.6996765136719,0.0,0.0,0.0,0.7774705290794373,-0.010746392421424389,0.16835765540599823,-0.29137107729911804,-0.36005163192749023,0.06314059346914291,0.5754974484443665,0.5997856259346008,-0.3926456570625305,0.5139790773391724,-2.230484962463379,-0.7840843796730042,0.4558681845664978,-0.5045673251152039,8.428825378417969,"[0.7774705290794373, -0.010746392421424389, 0.16835765540599823, -0.1885216236114502, 0.1201920434832573, 0.00021048536291345954, 0.021189000457525253, -0.032728467136621475, -0.9992397427558899, 0.699999988079071, 0.0, 0.0, -0.29137107729911804, -0.36005163192749023, 0.06314059346914291, -6.9141387939453125e-06, 0.19978561997413635, 0.00735434889793396, 0.11397907137870789, -1.8304849863052368, 0.015915632247924805, -0.34413182735443115, 0.2954326868057251, 7.6288251876831055, 0.40775617957115173, 0.292572557926178, 0.21825477480888367, -0.03626358509063721, -0.804155170917511, 1.9423788785934448, 0.22861424088478088, -1.779089331626892, 2.485193967819214, -1.5185731649398804, 1.3904485702514648, -0.9301564693450928, -0.5027662515640259, -0.32033801078796387, 0.2937968671321869, 0.2090408205986023, 0.5355716943740845, 0.7899905443191528, -0.28024736046791077, -4.161590576171875, 0.3253031373023987, -1.548524260520935, 1.251326084136963, 15.052464485168457, 1.0, 1.0, 1.0, 1.0, 1.0, 1.0, 1.0, 1.0, 1.0, 1.0, 1.0, 1.0]"
203,0.0,0.0,0.0,4.455262387637049e-05,0.0,331.59429931640625,2.9862343581044115e-05,0.0,222.25811767578125,0.0,0.0,0.0,0.7954703569412231,-0.0007929757121019065,0.20628058910369873,-0.28217294812202454,-0.3510255515575409,0.06939134746789932,0.5755138993263245,0.5848767161369324,-0.3458758592605591,0.5118277072906494,-2.2694194316864014,-0.7138938307762146,0.41300278902053833,-0.4658595621585846,8.378618240356445,"[0.7954703569412231, -0.0007929757121019065, 0.20628058910369873, -0.37343618273735046, 0.19499383866786957, 0.029008807614445686, 0.024074524641036987, -0.025979049503803253, -0.999372661113739, 0.699999988079071, 0.0, 0.0, -0.28217294812202454, -0.3510255515575409, 0.06939134746789932, 9.5367431640625e-06, 0.1848767101764679, 0.054124146699905396, 0.11182770133018494, -1.8694194555282593, 0.08610618114471436, -0.3869972229003906, 0.33414044976234436, 7.578618049621582, 0.49360665678977966, 0.49412161111831665, 0.3604620099067688, -0.024252284318208694, -0.9051044583320618, 2.254429578781128, -0.10251769423484802, -1.9781038761138916, 4.551015377044678, -2.1222188472747803, 1.8516173362731934, -3.893711566925049, -0.4375954568386078, -0.2473190873861313, 0.3343426287174225, 0.10712608695030212, 0.2143954038619995, 0.8618243932723999, -0.07449471950531006, -4.075952053070068, 0.8041909337043762, -1.7331657409667969, 0.9919146299362183, 14.54055404663086, 1.0, 1.0, 1.0, 1.0, 1.0, 1.0, 1.0, 1.0, 1.0, 1.0, 1.0, 1.0]"
204,0.0,0.0,0.0,2.7612424673861824e-05,0.0,205.5125274658203,0.0,0.0,0.0,0.0,0.0,0.0,0.811447262763977,-0.01599668152630329,0.16084453463554382,-0.26762062311172485,-0.33919909596443176,0.07822906970977783,0.5754968523979187,0.5584663152694702,-0.29344379901885986,0.5112742185592651,-2.307253122329712,-0.6037856340408325,0.3535056412220001,-0.4441393315792084,8.276284217834473,"[0.811447262763977, -0.01599668152630329, 0.16084453463554382, -0.42877188324928284, 0.4764738082885742, 0.020017284899950027, 0.030928824096918106, -0.017232637852430344, -0.9993727803230286, 0.699999988079071, 0.0, 0.0, -0.26762062311172485, -0.33919909596443176, 0.07822906970977783, -7.510185241699219e-06, 0.15846630930900574, 0.10655620694160461, 0.11127421259880066, -1.9072531461715698, 0.19621437788009644, -0.44649437069892883, 0.3558606803417206, 7.476284027099609, 0.8637484312057495, 0.598728597164154, 0.528756856918335, 0.0062276036478579044, -1.6411831378936768, 2.6116201877593994, 0.2636127769947052, -1.7375142574310303, 5.7904486656188965, -3.226191282272339, -0.8914657235145569, -5.629188060760498, -0.3899056017398834, -0.31164005398750305, 0.19837795197963715, 0.2429559826850891, -0.045848965644836426, 0.3712550699710846, 0.21176764369010925, -3.7898285388946533, 1.0820976495742798, -1.6237643957138062, 0.41045165061950684, 14.19575023651123, 1.0, 1.0, 1.0, 1.0, 1.0, 1.0, 1.0, 1.0, 1.0, 1.0, 1.0, 1.0]"
205,5.480717845784966e-06,0.0,40.79164123535156,0.0,0.0,0.0,0.0,0.0,0.0,0.0,0.0,0.0,0.8010415434837341,-0.040280621498823166,0.09453772753477097,-0.2572794556617737,-0.33022698760032654,0.08969935774803162,0.5755946040153503,0.5538039803504944,-0.24359336495399475,0.5191740989685059,-2.32995343208313,-0.5590325593948364,0.2934683561325073,-0.5078532695770264,8.159887313842773,"[0.8010415434837341, -0.040280621498823166, 0.09453772753477097, -0.14735637605190277, 0.3796415328979492, -0.03816479071974754, 0.04053275287151337, -0.01145175565034151, -0.9991125464439392, 0.699999988079071, 0.0, 0.0, -0.2572794556617737, -0.33022698760032654, 0.08969935774803162, 9.02414321899414e-05, 0.1538039743900299, 0.15640664100646973, 0.11917409300804138, -1.9299534559249878, 0.24096745252609253, -0.5065316557884216, 0.2921467423439026, 7.35988712310791, 0.3957522511482239, 0.2807786762714386, 0.45480769872665405, 0.02324141561985016, 0.8614282608032227, 1.9471135139465332, 0.3908088207244873, -0.6426819562911987, 1.734261393547058, -1.8284027576446533, -3.666353464126587, -6.1552019119262695, -0.20897892117500305, -0.5705174207687378, -0.20565210282802582, 0.21964511275291443, -0.27513188123703003, -1.0993139743804932, 0.1568680703639984, -3.540158271789551, 1.1517833471298218, -1.06331205368042, -0.23647741973400116, 13.825165748596191, 1.0, 1.0, 1.0, 1.0, 1.0, 1.0, 1.0, 1.0, 1.0, 1.0, 1.0, 1.0]"
206,5.088888792670332e-05,0.0,378.7535705566406,0.0,0.0,0.0,0.0,0.0,0.0,0.0,0.0,0.0,0.6872283816337585,-0.04684998467564583,0.04780539125204086,-0.2610403299331665,-0.3355162739753723,0.08254885673522949,0.5754755139350891,0.5661104917526245,-0.25542446970939636,0.523966372013092,-2.324089288711548,-0.5493795275688171,0.3287196159362793,-0.6031942367553711,8.029428482055664,"[0.6872283816337585, -0.04684998467564583, 0.04780539125204086, 0.5192355513572693, 0.13472244143486023, 0.047219857573509216, 0.044954314827919006, -0.016498209908604622, -0.9988529682159424, 0.699999988079071, 0.0, 0.0, -0.2610403299331665, -0.3355162739753723, 0.08254885673522949, -2.8848648071289062e-05, 0.16611048579216003, 0.14457553625106812, 0.12396636605262756, -1.9240893125534058, 0.2506204843521118, -0.47128039598464966, 0.19680577516555786, 7.229428291320801, -0.44140905141830444, -0.6885223388671875, -0.8950512409210205, 0.040477827191352844, 0.4704059958457947, -2.1868114471435547, 0.09307737648487091, 0.8168931603431702, 0.757533609867096, 3.2979326248168945, -5.453029632568359, -6.730774402618408, -0.17593100666999817, -0.7884177565574646, -0.1420431286096573, 0.20501217246055603, -0.15782639384269714, -1.4893302917480469, 0.11071261763572693, -3.497257947921753, 1.0536290407180786, -0.7909033894538879, -0.3532779812812805, 13.396276473999023, 1.0, 1.0, 1.0, 1.0, 1.0, 1.0, 1.0, 1.0, 1.0, 1.0, 1.0, 1.0]"
207,3.703438414959237e-05,0.0,275.63787841796875,0.0,0.0,0.0,0.0,0.0,0.0,0.0,0.0,0.0,0.6051362156867981,-0.06582902371883392,-0.022703230381011963,-0.27505433559417725,-0.36017557978630066,0.05305491387844086,0.5754873752593994,0.5701979994773865,-0.3372619152069092,0.5162838101387024,-2.293046712875366,-0.5250105261802673,0.3815475106239319,-0.7092268466949463,7.892928123474121,"[0.6051362156867981, -0.06582902371883392, -0.022703230381011963, 0.8651074171066284, -0.08976460993289948, 0.05400028079748154, 0.045122794806957245, -0.03267062082886696, -0.9984468221664429, 0.699999988079071, 0.0, 0.0, -0.27505433559417725, -0.36017557978630066, 0.05305491387844086, -1.6987323760986328e-05, 0.170197993516922, 0.0627380907535553, 0.11628380417823792, -1.8930467367172241, 0.2749894857406616, -0.41845250129699707, 0.09077316522598267, 7.092927932739258, -0.74494469165802, -1.40336012840271, -1.5977810621261597, 0.04128275439143181, 0.22698655724525452, -4.905901908874512, -0.746113657951355, 1.8712584972381592, 1.2831671237945557, 2.3108153343200684, -4.388538360595703, -6.028594493865967, -0.1263168752193451, -0.7027153372764587, -0.01851443573832512, 0.45378848910331726, -0.02980738878250122, -0.5728250741958618, 0.020435482263565063, -3.550175428390503, 1.099979043006897, -0.5784878730773926, -0.15787820518016815, 13.76980972290039, 1.0, 1.0, 1.0, 1.0, 1.0, 1.0, 1.0, 1.0, 1.0, 1.0, 1.0, 1.0]"
208,1.2593911378644407e-05,0.0,93.7333984375,0.0,0.0,0.0,0.0,0.0,0.0,0.0,0.0,0.0,0.6173363327980042,-0.1091475784778595,-0.14780989289283752,-0.2850082814693451,-0.381022185087204,0.028118327260017395,0.5754975080490112,0.5774335861206055,-0.4296016991138458,0.487167090177536,-2.2534053325653076,-0.4958551824092865,0.40871462225914,-0.7155242562294006,7.852346897125244,"[0.6173363327980042, -0.1091475784778595, -0.14780989289283752, 0.4995691776275635, -0.45561665296554565, -0.0001640913396840915, 0.0386909656226635, -0.046368181705474854, -0.998174786567688, 0.699999988079071, 0.0, 0.0, -0.2850082814693451, -0.381022185087204, 0.028118327260017395, -6.854534149169922e-06, 0.177433580160141, -0.029601693153381348, 0.08716708421707153, -1.8534053564071655, 0.30414482951164246, -0.39128538966178894, 0.08447575569152832, 7.052346706390381, -0.29000869393348694, -0.5521250367164612, -0.9431813359260559, 0.021631356328725815, 0.6136142015457153, -3.749249219894409, -2.0066633224487305, 1.903077483177185, 1.2834550142288208, -0.31023889780044556, 3.2649295330047607, 0.7567655444145203, -0.44646385312080383, -0.440728098154068, 0.07202640175819397, 0.24366962909698486, 0.36912310123443604, 1.017738938331604, -0.34781643748283386, -3.7079215049743652, 0.5905004739761353, -0.8776887655258179, 0.918754518032074, 14.505034446716309, 1.0, 1.0, 1.0, 0.0, 1.0, 1.0, 1.0, 1.0, 1.0, 1.0, 1.0, 1.0]"
209,0.0,0.0,0.0,5.4624608310405165e-05,0.0,406.5576171875,0.0,0.0,0.0,0.0,0.0,0.0,0.6772319674491882,-0.1275649219751358,-0.29141104221343994,-0.2860671877861023,-0.37667953968048096,0.023100392892956734,0.5754815340042114,0.6043457388877869,-0.4653611183166504,0.4356813132762909,-2.22029447555542,-0.5341693758964539,0.4117756187915802,-0.6020699143409729,7.91151762008667,"[0.6772319674491882, -0.1275649219751358, -0.29141104221343994, 0.23849041759967804, -0.40198227763175964, -0.13529404997825623, 0.028290607035160065, -0.05035894364118576, -0.9983306527137756, 0.699999988079071, 0.0, 0.0, -0.2860671877861023, -0.37667953968048096, 0.023100392892956734, -2.282857894897461e-05, 0.2043457329273224, -0.06536111235618591, 0.035681307315826416, -1.8202944993972778, 0.2658306360244751, -0.38822439312934875, 0.19793009757995605, 7.111517429351807, -0.22497659921646118, -0.640575647354126, -0.015946023166179657, 0.030831798911094666, 1.7744457721710205, -1.343741536140442, -2.851330280303955, 1.4494569301605225, -5.075885772705078, 5.0551347732543945, 5.963050842285156, 4.1588311195373535, -0.6399234533309937, -0.2714514434337616, 0.6249902248382568, 0.498323529958725, 0.6552187204360962, 0.9618761539459229, -0.1519024670124054, -3.5125391483306885, -0.3058566451072693, -1.1874908208847046, 1.1955900192260742, 15.2097806930542, 1.0, 1.0, 1.0, 0.0, 1.0, 1.0, 1.0, 1.0, 1.0, 1.0, 1.0, 1.0]"
210,0.0,0.0,0.0,7.699587877141312e-05,0.0,573.0614624023438,4.506193727138452e-05,0.0,335.3849792480469,0.0,0.0,0.0,0.743929922580719,-0.10098190605640411,-0.10999563336372375,-0.30082157254219055,-0.38326165080070496,0.023203091695904732,0.5754263997077942,0.6377109289169312,-0.4720414876937866,0.4401251971721649,-2.19002628326416,-0.6356960535049438,0.46776822209358215,-0.5714093446731567,8.030378341674805,"[0.743929922580719, -0.10098190605640411, -0.10999563336372375, 0.10999906808137894, -0.2543841004371643, 0.034196220338344574, 0.023916468024253845, -0.056677598506212234, -0.9981061220169067, 0.699999988079071, 0.0, 0.0, -0.30082157254219055, -0.38326165080070496, 0.023203091695904732, -7.796287536621094e-05, 0.23771092295646667, -0.07204148173332214, 0.04012519121170044, -1.790026307106018, 0.1643039584159851, -0.3322317898273468, 0.22859066724777222, 7.230378150939941, -0.8979355692863464, -0.06145409494638443, 0.27923405170440674, -0.07138019055128098, 1.4737950563430786, -0.14273753762245178, 3.581902027130127, 1.7772161960601807, -4.525900363922119, 2.5001132488250732, -3.042907238006592, 6.8894195556640625, -0.5754314064979553, -0.13117793202400208, 0.543487548828125, 0.5668820142745972, 0.3532993793487549, 0.6882452964782715, -0.5579878091812134, -3.8395304679870605, -0.4427559971809387, -1.3310656547546387, 1.05623197555542, 15.897195816040039, 1.0, 1.0, 1.0, 0.0, 1.0, 1.0, 1.0, 1.0, 1.0, 1.0, 1.0, 1.0]"
211,0.0,0.0,0.0,6.091137765906751e-05,0.0,453.3484802246094,5.087631507194601e-05,0.0,378.65997314453125,0.0,0.0,0.0,0.7190694212913513,-0.08537055552005768,0.02759602852165699,-0.3110218644142151,-0.37736594676971436,0.031144052743911743,0.5755000710487366,0.6575721502304077,-0.4604667127132416,0.4651051163673401,-2.1544482707977295,-0.7469706535339355,0.48987239599227905,-0.5722819566726685,8.170334815979004,"[0.7190694212913513, -0.08537055552005768, 0.02759602852165699, -0.41724035143852234, -0.06950581818819046, -0.011873845010995865, 0.021893199533224106, -0.05194712057709694, -0.9984100461006165, 0.699999988079071, 0.0, 0.0, -0.3110218644142151, -0.37736594676971436, 0.031144052743911743, -4.291534423828125e-06, 0.25757214426994324, -0.0604667067527771, 0.06510511040687561, -1.7544482946395874, 0.05302935838699341, -0.3101276159286499, 0.2277180552482605, 7.370334625244141, -0.256533682346344, 0.49714478850364685, 0.5698806047439575, -0.046015363186597824, 0.5452688336372375, 0.6044984459877014, 1.3781551122665405, 1.6237021684646606, -5.659881114959717, 0.904728889465332, -0.2669893503189087, 7.006114482879639, -0.3216066062450409, -0.6892731785774231, 0.6344407200813293, 0.43842265009880066, 0.41302990913391113, 0.7680971622467041, -0.06856915354728699, -4.0510406494140625, -0.5568822622299194, -1.059370994567871, 0.9509716033935547, 15.906397819519043, 1.0, 1.0, 1.0, 1.0, 1.0, 1.0, 1.0, 1.0, 1.0, 1.0, 1.0, 1.0]"
212,0.0,0.0,0.0,4.227165482006967e-05,0.0,314.6175842285156,3.3156433346448466e-05,0.0,246.7752227783203,0.0,0.0,0.0,0.7292701005935669,-0.06515789031982422,0.06700383871793747,-0.30503082275390625,-0.36698856949806213,0.042421188205480576,0.5755078196525574,0.6521446704864502,-0.43857961893081665,0.48057791590690613,-2.1417508125305176,-0.8335772752761841,0.4915633499622345,-0.560955286026001,8.313626289367676,"[0.7292701005935669, -0.06515789031982422, 0.06700383871793747, -0.33579230308532715, 0.026038143783807755, -0.04029765725135803, 0.021845275536179543, -0.04318142309784889, -0.9988282322883606, 0.699999988079071, 0.0, 0.0, -0.30503082275390625, -0.36698856949806213, 0.042421188205480576, 3.4570693969726562e-06, 0.2521446645259857, -0.03857961297035217, 0.08057790994644165, -1.7417508363723755, -0.03357726335525513, -0.30843666195869446, 0.23904472589492798, 7.5136260986328125, 0.47807151079177856, 0.4101642370223999, 0.45717790722846985, -0.01936064474284649, -0.76444011926651, 1.0829936265945435, 0.8962956666946411, -0.03320159763097763, -2.827202320098877, -0.013175375759601593, 0.3509507179260254, 7.104673862457275, -0.5424953699111938, -0.5574644207954407, 0.37305283546447754, 0.5573347806930542, 0.5169485211372375, 0.5472652912139893, -0.07814930379390717, -4.033895015716553, -0.24124519526958466, -1.2584271430969238, 1.2297569513320923, 15.790019035339355, 1.0, 1.0, 1.0, 1.0, 1.0, 1.0, 1.0, 1.0, 1.0, 1.0, 1.0, 1.0]"
213,0.0,0.0,0.0,4.431945126270875e-05,0.0,329.8588562011719,3.93032532883808e-05,0.0,292.5245056152344,0.0,0.0,0.0,0.7518060207366943,-0.034902919083833694,0.08989889174699783,-0.296510249376297,-0.36176207661628723,0.0477384477853775,0.5755057334899902,0.6311507225036621,-0.4084819555282593,0.4958743155002594,-2.1607437133789062,-0.8464409112930298,0.4792107045650482,-0.5494770407676697,8.425116539001465,"[0.7518060207366943, -0.034902919083833694, 0.08989889174699783, -0.10146204382181168, 0.04573546350002289, -0.022834382951259613, 0.02254297211766243, -0.03956761211156845, -0.9989625215530396, 0.699999988079071, 0.0, 0.0, -0.296510249376297, -0.36176207661628723, 0.0477384477853775, 1.3709068298339844e-06, 0.23115071654319763, -0.0084819495677948, 0.09587430953979492, -1.7607437372207642, -0.04644089937210083, -0.32078930735588074, 0.2505229711532593, 7.625116348266602, 0.33083465695381165, 0.17814278602600098, 0.16352735459804535, -0.0027069449424743652, -1.1399768590927124, 1.496717929840088, 0.7910169363021851, -1.353445053100586, 0.5902872085571289, -0.6846501231193542, 0.5548396706581116, 4.095345497131348, -0.41666796803474426, -0.5419275164604187, 0.391815185546875, 0.4401113986968994, 0.5664130449295044, 0.7193549871444702, -0.10575395822525024, -4.087186336517334, 0.000122949481010437, -1.3709807395935059, 1.2746108770370483, 15.526071548461914, 1.0, 1.0, 1.0, 0.0, 1.0, 1.0, 1.0, 1.0, 1.0, 1.0, 1.0, 1.0]"
214,0.0,0.0,0.0,4.72854299005121e-05,0.0,351.93389892578125,4.1810006223386154e-05,0.0,311.1816711425781,0.0,0.0,0.0,0.7763221263885498,-0.014504257589578629,0.13971339166164398,-0.2895740866661072,-0.35684189200401306,0.05176207050681114,0.5755082964897156,0.6111729741096497,-0.370447039604187,0.5060248374938965,-2.195240020751953,-0.8117262125015259,0.4535593092441559,-0.5292044281959534,8.463155746459961,"[0.7763221263885498, -0.014504257589578629, 0.13971339166164398, -0.2057654857635498, 0.08207064867019653, -0.004896985832601786, 0.023774731904268265, -0.03623606264591217, -0.9990602731704712, 0.699999988079071, 0.0, 0.0, -0.2895740866661072, -0.35684189200401306, 0.05176207050681114, 3.933906555175781e-06, 0.21117296814918518, 0.029552966356277466, 0.106024831533432, -1.795240044593811, -0.011726200580596924, -0.34644070267677307, 0.2707955837249756, 7.663155555725098, 0.32903021574020386, 0.291433185338974, 0.22167357802391052, -0.006570775061845779, -0.9556035995483398, 1.846698522567749, 0.47300270199775696, -1.9203600883483887, 2.499342918395996, -1.2941665649414062, 1.084932565689087, 1.043687105178833, -0.5658248066902161, -0.2539580166339874, 0.4229000508785248, 0.1823156774044037, 0.5055131316184998, 0.8738933801651001, -0.30985382199287415, -4.196770668029785, 0.24509365856647491, -1.521229863166809, 1.2291293144226074, 15.445895195007324, 1.0, 1.0, 1.0, 0.0, 1.0, 1.0, 1.0, 1.0, 1.0, 1.0, 1.0, 1.0]"
215,0.0,0.0,0.0,4.802183320862241e-05,0.0,357.41473388671875,3.7659465306205675e-05,0.0,280.2901916503906,0.0,0.0,0.0,0.7974423766136169,-0.0025221616961061954,0.19243207573890686,-0.2826620042324066,-0.34706079959869385,0.059323154389858246,0.5755087733268738,0.5933674573898315,-0.32574018836021423,0.5072361826896667,-2.239344358444214,-0.7449308633804321,0.4156663119792938,-0.4942876398563385,8.463607788085938,"[0.7974423766136169, -0.0025221616961061954, 0.19243207573890686, -0.4802190661430359, 0.13943611085414886, 0.03633023798465729, 0.025801660493016243, -0.028298402205109596, -0.9992663860321045, 0.699999988079071, 0.0, 0.0, -0.2826620042324066, -0.34706079959869385, 0.059323154389858246, 4.410743713378906e-06, 0.19336745142936707, 0.07425981760025024, 0.10723617672920227, -1.8393443822860718, 0.055069148540496826, -0.38433369994163513, 0.30571237206459045, 7.663607597351074, 0.33895739912986755, 0.5827886462211609, 0.44714999198913574, -0.008984692394733429, -1.0342782735824585, 2.1442947387695312, 0.007540427148342133, -2.329172134399414, 4.273644924163818, -1.8666831254959106, 1.8202892541885376, -1.1569315195083618, -0.5215253233909607, -0.1758885383605957, 0.38344454765319824, 0.018376082181930542, 0.24560225009918213, 0.9460408687591553, -0.25571855902671814, -4.183829307556152, 0.6949072480201721, -1.7397940158843994, 1.1229069232940674, 15.102686882019043, 1.0, 1.0, 1.0, 0.0, 1.0, 1.0, 1.0, 1.0, 1.0, 1.0, 1.0, 1.0]"
216,0.0,0.0,0.0,3.689000732265413e-05,0.0,274.5633239746094,1.5802208508830518e-05,0.0,117.61198425292969,0.0,0.0,0.0,0.8141508102416992,-0.010149378329515457,0.19225414097309113,-0.27311941981315613,-0.3318336009979248,0.07087421417236328,0.5755195617675781,0.5653468370437622,-0.27489209175109863,0.5033589601516724,-2.2879586219787598,-0.6409977674484253,0.36238452792167664,-0.4544976055622101,8.409890174865723,"[0.8141508102416992, -0.010149378329515457, 0.19225414097309113, -0.6614745259284973, 0.34522199630737305, 0.06199701130390167, 0.030583079904317856, -0.015822578221559525, -0.999407172203064, 0.699999988079071, 0.0, 0.0, -0.27311941981315613, -0.3318336009979248, 0.07087421417236328, 1.519918441772461e-05, 0.16534683108329773, 0.12510791420936584, 0.10335895419120789, -1.8879586458206177, 0.15900224447250366, -0.4376154839992523, 0.34550240635871887, 7.609889984130859, 0.5876843929290771, 0.8165870308876038, 0.6235149502754211, -0.014356285333633423, -1.7334964275360107, 2.482551097869873, -0.00928136333823204, -2.3787505626678467, 5.620617389678955, -2.8020620346069336, 1.5475271940231323, -3.7652597427368164, -0.35204747319221497, -0.24259144067764282, 0.3365754783153534, 0.051802247762680054, -0.08876270055770874, 0.6854426860809326, 0.10884878039360046, -3.9482638835906982, 1.0143835544586182, -1.7848955392837524, 0.696488082408905, 14.664917945861816, 1.0, 1.0, 1.0, 0.0, 1.0, 1.0, 1.0, 1.0, 1.0, 1.0, 1.0, 1.0]"
217,2.3119513571145944e-05,0.0,172.07289123535156,0.0,0.0,0.0,0.0,0.0,0.0,0.0,0.0,0.0,0.8282862305641174,-0.041401807218790054,0.13953889906406403,-0.2596934735774994,-0.3169783353805542,0.08588556200265884,0.5756014585494995,0.5537664890289307,-0.22200269997119904,0.5102077126502991,-2.327087163925171,-0.5849675536155701,0.29653555154800415,-0.4849121868610382,8.315183639526367,"[0.8282862305641174, -0.041401807218790054, 0.13953889906406403, -0.4037194848060608, 0.34062930941581726, -0.032931137830019, 0.03915460780262947, -0.004254185128957033, -0.9992240071296692, 0.699999988079071, 0.0, 0.0, -0.2596934735774994, -0.3169783353805542, 0.08588556200265884, 9.709596633911133e-05, 0.1537664830684662, 0.17799730598926544, 0.1102077066898346, -1.9270871877670288, 0.2150324583053589, -0.5034644603729248, 0.31508782505989075, 7.515183448791504, 0.4559670090675354, 0.5983034372329712, 0.7699306011199951, 0.08419608324766159, 1.3297749757766724, 2.5802576541900635, 0.6318873763084412, -1.5875498056411743, -0.5351947546005249, -4.332942008972168, -4.082703590393066, -5.182040691375732, -0.21031543612480164, -0.5930967926979065, -0.17878933250904083, 0.21120807528495789, -0.4577270746231079, -1.1590163707733154, 0.1657778024673462, -3.540041208267212, 1.1014915704727173, -1.2580811977386475, -0.06353633105754852, 14.345538139343262, 1.0, 1.0, 1.0, 0.0, 1.0, 1.0, 1.0, 1.0, 1.0, 1.0, 1.0, 1.0]"
218,5.245412830845453e-05,0.0,390.40325927734375,0.0,0.0,0.0,0.0,0.0,0.0,0.0,0.0,0.0,0.687442421913147,-0.04312465339899063,0.09655895829200745,-0.25842657685279846,-0.31931111216545105,0.08388929814100266,0.5754653811454773,0.5644435882568359,-0.23133307695388794,0.5157577395439148,-2.336987018585205,-0.5717306733131409,0.3187321126461029,-0.5652715563774109,8.206406593322754,"[0.687442421913147, -0.04312465339899063, 0.09655895829200745, 0.29632753133773804, 0.12274262309074402, 0.06580473482608795, 0.04327772557735443, -0.004224241245537996, -0.9990541934967041, 0.699999988079071, 0.0, 0.0, -0.25842657685279846, -0.31931111216545105, 0.08388929814100266, -3.898143768310547e-05, 0.16444358229637146, 0.16866692900657654, 0.11575773358345032, -1.936987042427063, 0.22826933860778809, -0.48126789927482605, 0.23472845554351807, 7.406406402587891, -0.22799932956695557, -0.6963827013969421, -0.6978869438171387, 0.04301832988858223, 0.4487404525279999, -2.4531586170196533, 0.07634680718183517, 0.13174496591091156, 0.8197125792503357, 3.9421911239624023, -4.253670692443848, -5.845832347869873, -0.14835157990455627, -0.8538244366645813, -0.11184574663639069, 0.05250617861747742, -0.25258761644363403, -1.8523732423782349, 0.0910848081111908, -3.6015264987945557, 0.9458505511283875, -0.7709022760391235, -0.3754308819770813, 13.59171199798584, 1.0, 1.0, 1.0, 1.0, 1.0, 1.0, 1.0, 1.0, 1.0, 1.0, 1.0, 1.0]"
219,3.8316462450893596e-05,0.0,285.1800537109375,0.0,0.0,0.0,0.0,0.0,0.0,0.0,0.0,0.0,0.5871613025665283,-0.05467381328344345,0.030633259564638138,-0.26994788646698,-0.3489363193511963,0.05711071193218231,0.5754817128181458,0.5666887164115906,-0.32593515515327454,0.5119506120681763,-2.3171029090881348,-0.5462196469306946,0.3754558265209198,-0.6798626184463501,8.06332778930664,"[0.5871613025665283, -0.05467381328344345, 0.030633259564638138, 0.7708095908164978, -0.03620953485369682, 0.06765784323215485, 0.04418066516518593, -0.017563920468091965, -0.9988691210746765, 0.699999988079071, 0.0, 0.0, -0.26994788646698, -0.3489363193511963, 0.05711071193218231, -2.2649765014648438e-05, 0.1666887104511261, 0.07406485080718994, 0.11195060610771179, -1.9171029329299927, 0.2537803649902344, -0.42454418540000916, 0.12013739347457886, 7.263327598571777, -0.664076566696167, -1.7853128910064697, -1.5128694772720337, 0.04186740890145302, 0.13178113102912903, -5.7061944007873535, -0.5015921592712402, 1.3987125158309937, 1.3102344274520874, 2.1964991092681885, -5.450892448425293, -7.298617839813232, -0.18832466006278992, -0.7107415795326233, -0.02862362191081047, 0.3709712326526642, -0.0731462836265564, -0.6510781049728394, -0.015371531248092651, -3.5927186012268066, 1.1399805545806885, -0.5317146182060242, -0.20663021504878998, 13.859166145324707, 1.0, 1.0, 1.0, 1.0, 1.0, 1.0, 1.0, 1.0, 1.0, 1.0, 1.0, 1.0]"
220,2.1088328139740042e-05,0.0,156.9552764892578,0.0,0.0,0.0,0.0,0.0,0.0,0.0,0.0,0.0,0.5876155495643616,-0.09300120919942856,-0.0844951644539833,-0.2797504663467407,-0.3806192874908447,0.03183506056666374,0.5754886269569397,0.5697996020317078,-0.43851539492607117,0.48704177141189575,-2.2834575176239014,-0.5130292773246765,0.41330477595329285,-0.7164086699485779,7.969232559204102,"[0.5876155495643616, -0.09300120919942856, -0.0844951644539833, 0.5270913243293762, -0.44739657640457153, 0.015137695707380772, 0.038495734333992004, -0.030681656673550606, -0.9987874627113342, 0.699999988079071, 0.0, 0.0, -0.2797504663467407, -0.3806192874908447, 0.03183506056666374, -1.5735626220703125e-05, 0.1697995960712433, -0.03851538896560669, 0.08704176545143127, -1.8834575414657593, 0.28697073459625244, -0.3866952359676361, 0.08359134197235107, 7.169232368469238, -0.33608028292655945, -1.1710394620895386, -1.0224123001098633, 0.015035796910524368, 0.2971073091030121, -4.812621593475342, -1.719319462776184, 1.6651725769042969, 1.7437463998794556, 0.6368476748466492, 1.2182360887527466, -2.0757768154144287, -0.36267533898353577, -0.44949910044670105, -0.0021102242171764374, 0.2670007646083832, 0.2511531114578247, 0.8922585248947144, -0.13421303033828735, -3.726464033126831, 0.854653000831604, -0.7559769153594971, 0.6230477690696716, 14.416708946228027, 1.0, 1.0, 1.0, 0.0, 1.0, 1.0, 1.0, 1.0, 1.0, 1.0, 1.0, 1.0]"
221,0.0,0.0,0.0,1.3786919225822203e-05,0.0,102.6126708984375,0.0,0.0,0.0,0.0,0.0,0.0,0.661709725856781,-0.13740408420562744,-0.26208361983299255,-0.2803070843219757,-0.3779434561729431,0.024952759966254234,0.5754801630973816,0.587656557559967,-0.4870017170906067,0.4455856382846832,-2.2541403770446777,-0.5138035416603088,0.3913290500640869,-0.6351584792137146,7.993428707122803,"[0.661709725856781, -0.13740408420562744, -0.26208361983299255, -0.004228469915688038, -0.6830700039863586, -0.06764940917491913, 0.025807807222008705, -0.03492008522152901, -0.9990570545196533, 0.699999988079071, 0.0, 0.0, -0.2803070843219757, -0.3779434561729431, 0.024952759966254234, -2.4199485778808594e-05, 0.18765655159950256, -0.08700171113014221, 0.04558563232421875, -1.8541404008865356, 0.2861964702606201, -0.40867096185684204, 0.16484153270721436, 7.1934285163879395, 0.09015481173992157, 0.6917154788970947, 0.16229048371315002, -0.019381599500775337, 1.51952064037323, -1.1681952476501465, -2.2351064682006836, 1.3903319835662842, -3.254019021987915, 3.1793763637542725, 5.454207897186279, 2.9428532123565674, -0.6678614020347595, -0.223896324634552, 0.5511211156845093, 0.3727820813655853, 0.5792190432548523, 1.0318719148635864, -0.13470155000686646, -3.5494937896728516, -0.18858446180820465, -1.142633080482483, 1.2885918617248535, 15.107760429382324, 1.0, 1.0, 1.0, 0.0, 1.0, 1.0, 1.0, 1.0, 1.0, 1.0, 1.0, 1.0]"
222,0.0,0.0,0.0,7.407803786918521e-05,0.0,551.3446655273438,3.418189589865506e-05,0.0,254.407470703125,0.0,0.0,0.0,0.7145255208015442,-0.11842909455299377,-0.21194212138652802,-0.2924773693084717,-0.38665154576301575,0.029958518221974373,0.5756009221076965,0.6193229556083679,-0.4997466802597046,0.39455822110176086,-2.2281789779663086,-0.6219831109046936,0.45694392919540405,-0.5065544247627258,8.087215423583984,"[0.7145255208015442, -0.11842909455299377, -0.21194212138652802, 0.6447088718414307, -0.010323072783648968, -0.14728862047195435, 0.02040969952940941, -0.04295545816421509, -0.9988687038421631, 0.699999988079071, 0.0, 0.0, -0.2924773693084717, -0.38665154576301575, 0.029958518221974373, 9.655952453613281e-05, 0.21932294964790344, -0.09974667429924011, -0.005441784858703613, -1.8281790018081665, 0.17801690101623535, -0.3430560827255249, 0.2934455871582031, 7.287215232849121, -0.9841708540916443, -0.6208979487419128, -0.9531025290489197, 0.10828734934329987, 1.3279697895050049, -0.20274809002876282, -1.962458610534668, 1.1728774309158325, -4.993010520935059, 2.1575982570648193, 6.458466529846191, 5.85396146774292, -0.5432891845703125, -0.19872191548347473, 0.6863014698028564, 0.6102935075759888, 0.4355791211128235, 0.7723128795623779, -0.3569369912147522, -3.8104054927825928, -0.40394383668899536, -1.2691874504089355, 1.0956617593765259, 15.773488998413086, 1.0, 1.0, 1.0, 1.0, 1.0, 1.0, 1.0, 1.0, 1.0, 1.0, 1.0, 1.0]"
223,0.0,0.0,0.0,6.334370118565857e-05,0.0,471.45166015625,5.3516509069595486e-05,0.0,398.3102722167969,0.0,0.0,0.0,0.7286221981048584,-0.10201329737901688,-0.02938253805041313,-0.3073643445968628,-0.3873022496700287,0.02899373322725296,0.5756089091300964,0.6405786275863647,-0.4919336140155792,0.43142396211624146,-2.1974453926086426,-0.7263563871383667,0.48422354459762573,-0.5326650738716125,8.221019744873047,"[0.7286221981048584, -0.10201329737901688, -0.02938253805041313, -0.09189867228269577, 0.0024446456227451563, -0.05219592899084091, 0.019209418445825577, -0.04503093287348747, -0.9988006949424744, 0.699999988079071, 0.0, 0.0, -0.3073643445968628, -0.3873022496700287, 0.02899373322725296, 0.00010454654693603516, 0.24057862162590027, -0.09193360805511475, 0.03142395615577698, -1.7974454164505005, 0.07364362478256226, -0.3157764673233032, 0.2673349380493164, 7.421019554138184, -0.602100670337677, 0.1826419234275818, 0.2834644317626953, 0.015204079449176788, 0.7880775332450867, 0.5174616575241089, 1.435461163520813, 1.5727053880691528, -5.543349266052246, 0.9953258037567139, -0.5447744131088257, 6.743345737457275, -0.7617807388305664, -0.4020199477672577, 0.38298505544662476, 0.5634204149246216, 0.41865384578704834, 0.5745619535446167, -0.5127958059310913, -3.9182724952697754, -0.21509285271167755, -1.3502966165542603, 1.2706785202026367, 16.042226791381836, 1.0, 1.0, 1.0, 1.0, 1.0, 1.0, 1.0, 1.0, 1.0, 1.0, 1.0, 1.0]"
224,0.0,0.0,0.0,5.253711060504429e-05,0.0,391.0208435058594,4.754509427584708e-05,0.0,353.86651611328125,0.0,0.0,0.0,0.7162083983421326,-0.05840521678328514,0.08548558503389359,-0.3203903138637543,-0.3823429346084595,0.03424347564578056,0.5755475759506226,0.6398545503616333,-0.47018787264823914,0.4517127573490143,-2.177077054977417,-0.7864704132080078,0.4855724275112152,-0.5298917889595032,8.360713958740234,"[0.7162083983421326, -0.05840521678328514, 0.08548558503389359, -0.08789262920618057, 0.00740071851760149, 0.005924912169575691, 0.01924397051334381, -0.042287178337574005, -0.9989203810691833, 0.699999988079071, 0.0, 0.0, -0.3203903138637543, -0.3823429346084595, 0.03424347564578056, 4.32133674621582e-05, 0.23985454440116882, -0.07018786668777466, 0.051712751388549805, -1.777077078819275, 0.013529598712921143, -0.31442758440971375, 0.2701082229614258, 7.560713768005371, -0.6886628270149231, 0.20301148295402527, 0.17429274320602417, -0.017113283276557922, -0.4708344638347626, 1.1719216108322144, 0.9639232158660889, 0.5573628544807434, -1.7377400398254395, -0.1237310916185379, 0.26493823528289795, 6.914986610412598, -0.2605108320713043, -0.6832281947135925, 0.4048478901386261, 0.5369125008583069, 0.517928957939148, 0.5899356603622437, 0.056175410747528076, -4.119929790496826, -0.2199649065732956, -1.2270927429199219, 1.212846279144287, 15.77062702178955, 1.0, 1.0, 1.0, 0.0, 1.0, 1.0, 1.0, 1.0, 1.0, 1.0, 1.0, 1.0]"
225,0.0,0.0,0.0,4.728236308437772e-05,0.0,351.91107177734375,3.296288923593238e-05,0.0,245.334716796875,0.0,0.0,0.0,0.7324618697166443,-0.04025593772530556,0.10856467485427856,-0.3243527412414551,-0.37786784768104553,0.03774958476424217,0.5755061507225037,0.6258790493011475,-0.43968769907951355,0.4654999077320099,-2.1830108165740967,-0.8107728958129883,0.4714192748069763,-0.5167235732078552,8.472589492797852,"[0.7324618697166443, -0.04025593772530556, 0.10856467485427856, -0.09141958504915237, 0.07268835604190826, -0.009808514267206192, 0.019959188997745514, -0.040163345634937286, -0.9989938139915466, 0.699999988079071, 0.0, 0.0, -0.3243527412414551, -0.37786784768104553, 0.03774958476424217, 1.7881393432617188e-06, 0.22587904334068298, -0.03968769311904907, 0.06549990177154541, -1.7830108404159546, -0.010772883892059326, -0.32858073711395264, 0.28327643871307373, 7.672589302062988, 0.11887958645820618, 0.19261234998703003, 0.15746857225894928, 0.0020183660089969635, -0.84926438331604, 1.4078418016433716, 0.7099728584289551, -0.7975435853004456, -0.49241989850997925, -0.5931243896484375, 0.5925037860870361, 4.748895645141602, -0.5309830904006958, -0.4614594876766205, 0.4261924624443054, 0.3658619523048401, 0.5185291767120361, 0.7187751531600952, -0.09831461310386658, -4.150439262390137, -0.10010659694671631, -1.2855281829833984, 1.2608022689819336, 15.889117240905762, 1.0, 1.0, 1.0, 0.0, 1.0, 1.0, 1.0, 1.0, 1.0, 1.0, 1.0, 1.0]"
226,0.0,0.0,0.0,5.1350674766581506e-05,0.0,382.19049072265625,3.7250232708174735e-05,0.0,277.2443542480469,0.0,0.0,0.0,0.7616578340530396,-0.026477564126253128,0.13322162628173828,-0.31546324491500854,-0.37253105640411377,0.041962943971157074,0.5755078196525574,0.6091897487640381,-0.40411898493766785,0.4767962694168091,-2.2121074199676514,-0.8027429580688477,0.44767120480537415,-0.5006261467933655,8.546792030334473,"[0.7616578340530396, -0.026477564126253128, 0.13322162628173828, -0.16924093663692474, 0.1441999226808548, -0.007976135239005089, 0.022066598758101463, -0.036985866725444794, -0.9990718960762024, 0.699999988079071, 0.0, 0.0, -0.31546324491500854, -0.37253105640411377, 0.041962943971157074, 3.4570693969726562e-06, 0.2091897428035736, -0.004118978977203369, 0.0767962634563446, -1.8121074438095093, -0.002742946147918701, -0.3523288071155548, 0.2993738651275635, 7.746791839599609, 0.5001040101051331, 0.2760098874568939, 0.2105361521244049, 0.0002773068845272064, -0.8592554330825806, 1.680835247039795, 0.5605307817459106, -1.7766164541244507, 1.03558349609375, -1.1175122261047363, 0.7909542918205261, 2.9635863304138184, -0.49003204703330994, -0.43697378039360046, 0.39095088839530945, 0.25637951493263245, 0.5082687735557556, 0.7715696096420288, -0.19469457864761353, -4.195158958435059, 0.1321001499891281, -1.4426515102386475, 1.2674744129180908, 15.776615142822266, 1.0, 1.0, 1.0, 0.0, 1.0, 1.0, 1.0, 1.0, 1.0, 1.0, 1.0, 1.0]"
227,0.0,0.0,0.0,4.48868922831025e-05,0.0,334.0821838378906,3.866977567668073e-05,0.0,287.8096923828125,0.0,0.0,0.0,0.7818362712860107,-0.011906463652849197,0.18267075717449188,-0.30405083298683167,-0.36399897933006287,0.04839299991726875,0.5755094885826111,0.5920323729515076,-0.3614829480648041,0.4815366268157959,-2.2538676261901855,-0.7594997882843018,0.41068223118782043,-0.4745740592479706,8.574326515197754,"[0.7818362712860107, -0.011906463652849197, 0.18267075717449188, -0.37034690380096436, 0.19310438632965088, 0.020632833242416382, 0.025423172861337662, -0.030788986012339592, -0.9992026090621948, 0.699999988079071, 0.0, 0.0, -0.30405083298683167, -0.36399897933006287, 0.04839299991726875, 5.125999450683594e-06, 0.1920323669910431, 0.0385170578956604, 0.08153662085533142, -1.8538676500320435, 0.0405002236366272, -0.3893177807331085, 0.3254259526729584, 7.774326324462891, 0.5720906853675842, 0.5027111768722534, 0.36497074365615845, -0.008301373571157455, -0.9856184720993042, 2.1162493228912354, 0.18266165256500244, -2.223926544189453, 3.289393901824951, -1.936901330947876, 1.3947539329528809, 0.24306495487689972, -0.5635576844215393, -0.2581215500831604, 0.36910659074783325, 0.06880071759223938, 0.3395437002182007, 0.8642357587814331, -0.24825969338417053, -4.227884769439697, 0.5034427046775818, -1.6372430324554443, 1.228822112083435, 15.500149726867676, 1.0, 1.0, 1.0, 0.0, 1.0, 1.0, 1.0, 1.0, 1.0, 1.0, 1.0, 1.0]"
228,0.0,0.0,0.0,4.14082060160581e-05,0.0,308.191162109375,2.320412932022009e-05,0.0,172.70265197753906,0.0,0.0,0.0,0.7958127856254578,-0.009592275135219097,0.20463339984416962,-0.2915802001953125,-0.35093533992767334,0.057897794991731644,0.5755149126052856,0.5674939155578613,-0.31176838278770447,0.4795199930667877,-2.3010146617889404,-0.6704280972480774,0.3585759401321411,-0.43918582797050476,8.546932220458984,"[0.7958127856254578, -0.009592275135219097, 0.20463339984416962, -0.55452561378479, 0.32662829756736755, 0.05372805893421173, 0.03045879490673542, -0.020693013444542885, -0.9993219375610352, 0.699999988079071, 0.0, 0.0, -0.2915802001953125, -0.35093533992767334, 0.057897794991731644, 1.055002212524414e-05, 0.16749390959739685, 0.08823162317276001, 0.07951998710632324, -1.9010146856307983, 0.12957191467285156, -0.44142407178878784, 0.3608141839504242, 7.746932029724121, 0.6941274404525757, 0.7184756398200989, 0.5238045454025269, -0.013454213738441467, -1.5188908576965332, 2.4545440673828125, -0.02982761338353157, -2.3425238132476807, 5.295578956604004, -2.738424062728882, 1.5646761655807495, -2.8869786262512207, -0.40421244502067566, -0.20678973197937012, 0.3560292422771454, -0.015336543321609497, -0.0025220513343811035, 0.8572514057159424, 0.03858768939971924, -4.0804762840271, 0.9645839929580688, -1.8144664764404297, 0.9061373472213745, 14.988079071044922, 1.0, 1.0, 1.0, 0.0, 1.0, 1.0, 1.0, 1.0, 1.0, 1.0, 1.0, 1.0]"
229,9.69194807112217e-05,0.0,721.3480224609375,8.217627510020975e-06,0.0,61.16178512573242,0.0,0.0,0.0,0.0,0.0,0.0,0.8214097619056702,-0.0346912257373333,0.15739861130714417,-0.27226802706718445,-0.3347683548927307,0.07139337807893753,0.5749037861824036,0.53155118227005,-0.2587013244628906,0.4834430515766144,-2.341972827911377,-0.5652775168418884,0.2917596399784088,-0.44373634457588196,8.458661079406738,"[0.8214097619056702, -0.0346912257373333, 0.15739861130714417, -0.38529014587402344, 0.4248239994049072, -0.015706423670053482, 0.04021991416811943, -0.008367209695279598, -0.9991558194160461, 0.699999988079071, 0.0, 0.0, -0.27226802706718445, -0.3347683548927307, 0.07139337807893753, -0.0006005764007568359, 0.13155117630958557, 0.14129868149757385, 0.0834430456161499, -1.9419728517532349, 0.23472249507904053, -0.5082403421401978, 0.356263667345047, 7.658660888671875, 0.5828086137771606, 0.5551975965499878, 0.686887264251709, -0.15664762258529663, 0.5286954641342163, 2.919452428817749, 0.5912935733795166, -1.79330313205719, 0.45213866233825684, -3.6222879886627197, -2.722668409347534, -4.880302429199219, -0.27441534399986267, -0.47330793738365173, -0.08431784808635712, 0.2286204993724823, -0.32024085521698, -0.5072557926177979, 0.20333963632583618, -3.6539642810821533, 1.1162407398223877, -1.3778892755508423, 0.16690661013126373, 14.619366645812988, 1.0, 1.0, 1.0, 1.0, 1.0, 1.0, 1.0, 1.0, 1.0, 1.0, 1.0, 1.0]"
230,5.123126902617514e-05,0.0,381.30181884765625,0.0,0.0,0.0,0.0,0.0,0.0,0.0,0.0,0.0,0.7257921099662781,-0.04795794561505318,0.09747597575187683,-0.26823750138282776,-0.3282190263271332,0.0775555893778801,0.575478196144104,0.5510656833648682,-0.23460271954536438,0.49558237195014954,-2.3595128059387207,-0.564121425151825,0.2798544466495514,-0.5203855037689209,8.357754707336426,"[0.7257921099662781, -0.04795794561505318, 0.09747597575187683, 0.027927130460739136, 0.1500294804573059, 0.05285985395312309, 0.04520160332322121, -0.004994168411940336, -0.9989651441574097, 0.699999988079071, 0.0, 0.0, -0.26823750138282776, -0.3282190263271332, 0.0775555893778801, -2.6166439056396484e-05, 0.1510656774044037, 0.1653972864151001, 0.09558236598968506, -1.9595128297805786, 0.235878586769104, -0.5201455354690552, 0.27961450815200806, 7.5577545166015625, 0.03291991353034973, 0.005010472610592842, -0.134414404630661, 0.04087865725159645, 0.6950048208236694, -0.4556063711643219, 0.46424341201782227, -0.22601549327373505, 0.4813813269138336, 2.958766222000122, -3.9078755378723145, -5.681683540344238, -0.2681194245815277, -0.6879093050956726, -0.18095658719539642, 0.07744523882865906, -0.1520310640335083, -1.2925959825515747, 0.07574966549873352, -3.646047353744507, 1.072921872138977, -0.9028403759002686, -0.2247888296842575, 13.725192070007324, 1.0, 1.0, 1.0, 1.0, 1.0, 1.0, 1.0, 1.0, 1.0, 1.0, 1.0, 1.0]"
231,4.1450144635746256e-05,0.0,308.5032958984375,0.0,0.0,0.0,0.0,0.0,0.0,0.0,0.0,0.0,0.6267873644828796,-0.0538705438375473,0.041222114115953445,-0.27590256929397583,-0.34175434708595276,0.058310773223638535,0.5754871368408203,0.5560479164123535,-0.2841692864894867,0.5000356435775757,-2.3459596633911133,-0.5405745506286621,0.33557572960853577,-0.6232219338417053,8.216202735900879,"[0.6267873644828796, -0.0538705438375473, 0.041222114115953445, 0.6543218493461609, -0.04075045511126518, 0.07926031947135925, 0.04595005884766579, -0.014375433325767517, -0.9988405108451843, 0.699999988079071, 0.0, 0.0, -0.27590256929397583, -0.34175434708595276, 0.058310773223638535, -1.722574234008789e-05, 0.15604791045188904, 0.11583071947097778, 0.1000356376171112, -1.9459596872329712, 0.25942546129226685, -0.4644242823123932, 0.17677807807922363, 7.416202545166016, -0.54899662733078, -0.9887516498565674, -1.2980384826660156, 0.03646809235215187, 0.1766972690820694, -3.465733528137207, 0.006753501016646624, 1.1379716396331787, 1.3528858423233032, 2.1494991779327393, -5.474300384521484, -7.381618499755859, -0.11824449896812439, -0.7081487774848938, -0.050410281866788864, 0.3297440707683563, -0.060484111309051514, -0.848731279373169, 0.059496909379959106, -3.5833070278167725, 1.1541682481765747, -0.6816550493240356, -0.1854831427335739, 13.76841926574707, 1.0, 1.0, 1.0, 0.0, 1.0, 1.0, 1.0, 1.0, 1.0, 1.0, 1.0, 1.0]"
232,2.7309504730510525e-05,0.0,203.25796508789062,0.0,0.0,0.0,0.0,0.0,0.0,0.0,0.0,0.0,0.5836712718009949,-0.08583245426416397,-0.062389858067035675,-0.28552836179733276,-0.3631097078323364,0.03361005708575249,0.5754923820495605,0.559507429599762,-0.3732174038887024,0.4885503351688385,-2.3106751441955566,-0.509099006652832,0.3880417048931122,-0.6946393847465515,8.077359199523926,"[0.5836712718009949, -0.08583245426416397, -0.062389858067035675, 0.5458001494407654, -0.3567172884941101, 0.032432153820991516, 0.041398126631975174, -0.026975419372320175, -0.9987785816192627, 0.699999988079071, 0.0, 0.0, -0.28552836179733276, -0.3631097078323364, 0.03361005708575249, -1.1980533599853516e-05, 0.15950742363929749, 0.026782602071762085, 0.08855032920837402, -1.9106751680374146, 0.2909010052680969, -0.4119583070278168, 0.10536062717437744, 7.2773590087890625, -0.39102447032928467, -0.994666576385498, -1.08578622341156, 0.029578471556305885, 0.2811296582221985, -4.60853385925293, -0.9569658041000366, 2.0211777687072754, 1.582098126411438, 2.4421586990356445, -1.514004111289978, -5.9148173332214355, -0.12396809458732605, -0.7828637957572937, -0.08524121344089508, 0.4850505292415619, 0.03938812017440796, -0.10872310400009155, 0.06729426980018616, -3.5909533500671387, 0.9805145859718323, -0.641501784324646, 0.24155153334140778, 14.374909400939941, 1.0, 1.0, 1.0, 0.0, 1.0, 1.0, 1.0, 1.0, 1.0, 1.0, 1.0, 1.0]"
233,0.0,0.0,0.0,0.0,0.0,0.0,0.0,0.0,0.0,0.0,0.0,0.0,0.6318566203117371,-0.1219056025147438,-0.22097255289554596,-0.2886721193790436,-0.3734360337257385,0.019111011177301407,0.5755041241645813,0.5718007683753967,-0.4392426311969757,0.4611964821815491,-2.2712056636810303,-0.48852190375328064,0.38785168528556824,-0.6483556628227234,8.059884071350098,"[0.6318566203117371, -0.1219056025147438, -0.22097255289554596, 0.1590847223997116, -0.6371269226074219, -0.042544614523649216, 0.03036186285316944, -0.034345537424087524, -0.9989490509033203, 0.699999988079071, 0.0, 0.0, -0.2886721193790436, -0.3734360337257385, 0.019111011177301407, -2.384185791015625e-07, 0.17180076241493225, -0.03924262523651123, 0.061196476221084595, -1.8712056875228882, 0.3114781081676483, -0.4121483266353607, 0.15164434909820557, 7.259883880615234, 0.0759444460272789, 0.07562121003866196, -0.3569771945476532, 0.0004682551370933652, 1.026960015296936, -2.0559818744659424, -1.7365467548370361, 1.902175784111023, -0.7530587315559387, -2.1586344242095947, 5.336887836456299, 1.9972634315490723, -0.6425113677978516, -0.21075937151908875, 0.39599308371543884, 0.2218138873577118, 0.45147305727005005, 1.2433322668075562, -0.3779277205467224, -3.7256505489349365, 0.13995014131069183, -1.1049891710281372, 1.366454839706421, 15.068587303161621, 1.0, 1.0, 1.0, 1.0, 1.0, 1.0, 1.0, 1.0, 1.0, 1.0, 1.0, 1.0]"
234,0.0,0.0,0.0,7.09159139660187e-05,0.0,527.8097534179688,0.0,0.0,0.0,0.0,0.0,0.0,0.6827013492584229,-0.1270141750574112,-0.24841806292533875,-0.291646271944046,-0.37636739015579224,0.02127331681549549,0.5754901170730591,0.5996094346046448,-0.4576207399368286,0.4136625826358795,-2.2376041412353516,-0.5774739980697632,0.43782514333724976,-0.5050655007362366,8.129576683044434,"[0.6827013492584229, -0.1270141750574112, -0.24841806292533875, 0.5513812303543091, -0.17055895924568176, -0.1751600056886673, 0.02161603607237339, -0.03868049755692482, -0.9990177154541016, 0.699999988079071, 0.0, 0.0, -0.291646271944046, -0.37636739015579224, 0.02127331681549549, -1.424551010131836e-05, 0.1996094286441803, -0.057620733976364136, 0.013662576675415039, -1.8376041650772095, 0.22252601385116577, -0.3621748685836792, 0.2949345111846924, 7.32957649230957, -0.6141330599784851, -0.5804216265678406, 0.159699484705925, 0.01700274460017681, 1.2388547658920288, -0.6250738501548767, -2.6787314414978027, 1.469368577003479, -4.757619380950928, 3.0211243629455566, 6.915207386016846, 4.164837837219238, -0.6506324410438538, -0.4123305380344391, 0.590652585029602, 0.6475776433944702, 0.5861228704452515, 0.8499976396560669, -0.1993420124053955, -3.6229710578918457, -0.18362291157245636, -1.255806803703308, 1.252303957939148, 15.32528018951416, 1.0, 1.0, 1.0, 1.0, 1.0, 1.0, 1.0, 1.0, 1.0, 1.0, 1.0, 1.0]"
235,0.0,0.0,0.0,5.69818657822907e-05,0.0,424.10211181640625,2.2777518097427674e-05,0.0,169.52749633789062,0.0,0.0,0.0,0.7309387922286987,-0.08772528171539307,-0.07532422244548798,-0.3124573826789856,-0.3827753961086273,0.018472354859113693,0.5754428505897522,0.624078631401062,-0.45200487971305847,0.440507709980011,-2.204477071762085,-0.67005455493927,0.47136640548706055,-0.5038233399391174,8.231954574584961,"[0.7309387922286987, -0.08772528171539307, -0.07532422244548798, 0.22028379142284393, -0.06639023125171661, -0.04662391543388367, 0.018741171807050705, -0.0456068329513073, -0.9987837672233582, 0.699999988079071, 0.0, 0.0, -0.3124573826789856, -0.3827753961086273, 0.018472354859113693, -6.151199340820312e-05, 0.22407862544059753, -0.052004873752593994, 0.04050770401954651, -1.8044770956039429, 0.12994545698165894, -0.3286336064338684, 0.2961766719818115, 7.431954383850098, -1.1275148391723633, -0.16561362147331238, -0.06376871466636658, 0.01083441823720932, 1.1914582252502441, 0.5044319033622742, 1.4572563171386719, 1.8106275796890259, -5.214950084686279, 1.1258915662765503, -0.529732882976532, 5.428683280944824, -0.6366001963615417, -0.24311551451683044, 0.2595009505748749, 0.5272741317749023, 0.42254316806793213, 0.5971089601516724, -0.5148704051971436, -3.754669427871704, -0.19243739545345306, -1.4375563859939575, 1.1607868671417236, 15.693964958190918, 1.0, 1.0, 1.0, 1.0, 1.0, 1.0, 1.0, 1.0, 1.0, 1.0, 1.0, 1.0]"
236,0.0,0.0,0.0,5.2357125241542235e-05,0.0,389.6812744140625,4.6116667363094166e-05,0.0,343.2350769042969,0.0,0.0,0.0,0.72102290391922,-0.06170184910297394,0.05036424100399017,-0.3282480835914612,-0.37981897592544556,0.022329870611429214,0.5755350589752197,0.6364411115646362,-0.4318682849407196,0.4613887071609497,-2.168915271759033,-0.7466666102409363,0.47755831480026245,-0.5001713633537292,8.346903800964355,"[0.72102290391922, -0.06170184910297394, 0.05036424100399017, -0.16495399177074432, -0.032499030232429504, 0.0007773021934553981, 0.017692113295197487, -0.04415257275104523, -0.9988681077957153, 0.699999988079071, 0.0, 0.0, -0.3282480835914612, -0.37981897592544556, 0.022329870611429214, 3.069639205932617e-05, 0.23644110560417175, -0.03186827898025513, 0.06138870120048523, -1.7689152956008911, 0.053333401679992676, -0.3224416971206665, 0.2998286485671997, 7.546903610229492, -0.5282469987869263, 0.2554790675640106, 0.28082260489463806, -0.028648411855101585, 0.17525242269039154, 1.0590417385101318, 0.9195526242256165, 1.5570746660232544, -2.7769808769226074, 0.10774534195661545, 0.4078986644744873, 5.653430461883545, -0.28190430998802185, -0.6294196248054504, 0.4635232985019684, 0.49787962436676025, 0.48802661895751953, 0.6609588861465454, -0.02710692584514618, -4.108684062957764, -0.2310226708650589, -1.2667280435562134, 1.1963212490081787, 15.636059761047363, 1.0, 1.0, 1.0, 1.0, 1.0, 1.0, 1.0, 1.0, 1.0, 1.0, 1.0, 1.0]"
237,0.0,0.0,0.0,4.5021566620562226e-05,0.0,335.08453369140625,3.298185038147494e-05,0.0,245.47584533691406,0.0,0.0,0.0,0.7412163019180298,-0.0454806312918663,0.08259913325309753,-0.325533390045166,-0.3733541667461395,0.028361495584249496,0.5755036473274231,0.6307738423347473,-0.4029849171638489,0.4748154878616333,-2.1568307876586914,-0.7877697944641113,0.46612802147865295,-0.4865674078464508,8.434062957763672,"[0.7412163019180298, -0.0454806312918663, 0.08259913325309753, -0.19794011116027832, 0.09259452670812607, -0.009261984378099442, 0.018547285348176956, -0.03968481346964836, -0.9990404844284058, 0.699999988079071, 0.0, 0.0, -0.325533390045166, -0.3733541667461395, 0.028361495584249496, -7.152557373046875e-07, 0.23077383637428284, -0.0029849112033843994, 0.07481548190116882, -1.7568308115005493, 0.012230217456817627, -0.333871990442276, 0.31343260407447815, 7.634062767028809, 0.46562525629997253, 0.2960718870162964, 0.2816653549671173, -0.0025031380355358124, -0.5624562501907349, 1.4110310077667236, 0.7036238312721252, -0.04185338318347931, -1.1640336513519287, -0.6597817540168762, 0.5982768535614014, 3.3822524547576904, -0.49635329842567444, -0.4906148612499237, 0.36825764179229736, 0.39630916714668274, 0.5361866354942322, 0.6975255012512207, -0.1294872760772705, -4.135389804840088, -0.0653388649225235, -1.3488215208053589, 1.3146157264709473, 15.57424259185791, 1.0, 1.0, 1.0, 1.0, 1.0, 1.0, 1.0, 1.0, 1.0, 1.0, 1.0, 1.0]"
238,0.0,0.0,0.0,4.675158197642304e-05,0.0,347.9606018066406,3.881917291437276e-05,0.0,288.9216003417969,0.0,0.0,0.0,0.7730517387390137,-0.02255687490105629,0.11157456785440445,-0.311591774225235,-0.36739733815193176,0.03316018730401993,0.5755003094673157,0.6169876456260681,-0.367056280374527,0.48617497086524963,-2.1769959926605225,-0.782665491104126,0.4414069652557373,-0.47073450684547424,8.467869758605957,"[0.7730517387390137, -0.02255687490105629, 0.11157456785440445, -0.17548717558383942, 0.15083013474941254, 0.008267352357506752, 0.021005652844905853, -0.03578786551952362, -0.9991389513015747, 0.699999988079071, 0.0, 0.0, -0.311591774225235, -0.36739733815193176, 0.03316018730401993, -4.0531158447265625e-06, 0.21698763966560364, 0.0329437255859375, 0.08617496490478516, -1.7769960165023804, 0.01733452081680298, -0.35859304666519165, 0.3292655050754547, 7.667869567871094, 0.7145689725875854, 0.2814408540725708, 0.21788841485977173, -0.028662199154496193, -0.7508381605148315, 1.7688065767288208, 0.5429322123527527, -1.4739742279052734, 1.1845494508743286, -1.3007155656814575, 0.8432421088218689, 0.4101946949958801, -0.45021459460258484, -0.44095930457115173, 0.36625996232032776, 0.24624988436698914, 0.5534792542457581, 0.8106886148452759, -0.2578411400318146, -4.17944860458374, 0.19744426012039185, -1.5333746671676636, 1.3140153884887695, 15.27028751373291, 1.0, 1.0, 1.0, 0.0, 1.0, 1.0, 1.0, 1.0, 1.0, 1.0, 1.0, 1.0]"
239,0.0,0.0,0.0,4.772234024130739e-05,0.0,355.18572998046875,3.57121170964092e-05,0.0,265.7965393066406,0.0,0.0,0.0,0.7979605197906494,-0.0037152282893657684,0.1604691743850708,-0.2960301339626312,-0.35910114645957947,0.03904774785041809,0.5755084753036499,0.6018452048301697,-0.32361137866973877,0.49035462737083435,-2.2162747383117676,-0.7296905517578125,0.40337637066841125,-0.4428081810474396,8.447731971740723,"[0.7979605197906494, -0.0037152282893657684, 0.1604691743850708, -0.35213080048561096, 0.19234444200992584, 0.045673880726099014, 0.02423243038356304, -0.029705319553613663, -0.9992651343345642, 0.699999988079071, 0.0, 0.0, -0.2960301339626312, -0.35910114645957947, 0.03904774785041809, 4.112720489501953e-06, 0.2018451988697052, 0.07638862729072571, 0.09035462141036987, -1.8162747621536255, 0.07030946016311646, -0.3966236412525177, 0.3571918308734894, 7.647731781005859, 0.7911108136177063, 0.4702833294868469, 0.3398537039756775, -0.002600237727165222, -0.9557855725288391, 2.102882146835327, 0.12778453528881073, -2.1778512001037598, 4.132497310638428, -1.9027340412139893, 1.5546733140945435, -1.7545868158340454, -0.5631874203681946, -0.14651823043823242, 0.45338836312294006, -0.014782935380935669, 0.21068626642227173, 0.9543601274490356, -0.2834779918193817, -4.181647777557373, 0.688011884689331, -1.7608349323272705, 1.148855447769165, 15.057437896728516, 1.0, 1.0, 1.0, 0.0, 1.0, 1.0, 1.0, 1.0, 1.0, 1.0, 1.0, 1.0]"
240,0.0,0.0,0.0,3.652486338978633e-05,0.0,271.84564208984375,1.3997846508573275e-05,0.0,104.18255615234375,0.0,0.0,0.0,0.8144482374191284,-0.008799425326287746,0.15977518260478973,-0.2779255509376526,-0.3459836542606354,0.0482054129242897,0.5755270719528198,0.573921263217926,-0.2739659547805786,0.4896664023399353,-2.263009548187256,-0.620697557926178,0.3503493666648865,-0.40993252396583557,8.391060829162598,"[0.8144482374191284, -0.008799425326287746, 0.15977518260478973, -0.5732941627502441, 0.4012966752052307, 0.0760209709405899, 0.030011961236596107, -0.01956554688513279, -0.9993579387664795, 0.699999988079071, 0.0, 0.0, -0.2779255509376526, -0.3459836542606354, 0.0482054129242897, 2.2709369659423828e-05, 0.17392125725746155, 0.12603405117988586, 0.08966639637947083, -1.8630095720291138, 0.17930245399475098, -0.4496506452560425, 0.3900674879550934, 7.591060638427734, 1.0125324726104736, 0.7414870262145996, 0.5162253379821777, -0.008078834041953087, -1.7688111066818237, 2.4229419231414795, 0.17761020362377167, -2.30501127243042, 5.934823989868164, -2.7955541610717773, 1.2134920358657837, -3.9705958366394043, -0.32270392775535583, -0.25489774346351624, 0.3388625383377075, 0.04983225464820862, -0.1426956057548523, 0.6042361259460449, 0.0798318088054657, -3.9268527030944824, 1.0249210596084595, -1.7620240449905396, 0.6334120631217957, 14.6204195022583, 1.0, 1.0, 1.0, 0.0, 1.0, 1.0, 1.0, 1.0, 1.0, 1.0, 1.0, 1.0]"
241,9.298292752646375e-06,0.0,69.20491790771484,0.0,0.0,0.0,0.0,0.0,0.0,0.0,0.0,0.0,0.8180162310600281,-0.04238748550415039,0.10391300171613693,-0.26058560609817505,-0.3319675922393799,0.06702253967523575,0.5755711793899536,0.5624641180038452,-0.2245042622089386,0.49598363041877747,-2.301741123199463,-0.5625375509262085,0.28671976923942566,-0.4620102047920227,8.293890953063965,"[0.8180162310600281, -0.04238748550415039, 0.10391300171613693, -0.3639031946659088, 0.3710853159427643, -0.005877218674868345, 0.03949214518070221, -0.009340940974652767, -0.9991762638092041, 0.699999988079071, 0.0, 0.0, -0.26058560609817505, -0.3319675922393799, 0.06702253967523575, 6.681680679321289e-05, 0.16246411204338074, 0.17549574375152588, 0.09598362445831299, -1.9017411470413208, 0.23746246099472046, -0.5132802724838257, 0.33798980712890625, 7.493890762329102, 0.4722229540348053, 0.6224749088287354, 0.9849750995635986, 0.03343675658106804, 1.0098040103912354, 2.1732101440429688, 0.46294987201690674, -1.5881576538085938, 0.0353756844997406, -3.642763137817383, -4.417123794555664, -5.202146530151367, -0.17668339610099792, -0.5878909230232239, -0.19400452077388763, 0.21349409222602844, -0.508736252784729, -1.3583160638809204, 0.14543721079826355, -3.5302138328552246, 1.0965043306350708, -1.1625630855560303, -0.2257808893918991, 14.294821739196777, 1.0, 1.0, 1.0, 0.0, 1.0, 1.0, 1.0, 1.0, 1.0, 1.0, 1.0, 1.0]"
242,5.4672618716722354e-05,0.0,406.9149475097656,0.0,0.0,0.0,0.0,0.0,0.0,0.0,0.0,0.0,0.6840030550956726,-0.04881740361452103,0.07131807506084442,-0.26103535294532776,-0.3333766758441925,0.06981124728918076,0.5754716992378235,0.5735897421836853,-0.24374330043792725,0.5004053711891174,-2.3135342597961426,-0.550550103187561,0.3254092335700989,-0.5558245182037354,8.184959411621094,"[0.6840030550956726, -0.04881740361452103, 0.07131807506084442, 0.3710612654685974, 0.1173856109380722, 0.09441514313220978, 0.043507128953933716, -0.010751668363809586, -0.9989951252937317, 0.699999988079071, 0.0, 0.0, -0.26103535294532776, -0.3333766758441925, 0.06981124728918076, -3.266334533691406e-05, 0.17358973622322083, 0.15625670552253723, 0.10040536522865295, -1.9135342836380005, 0.24944990873336792, -0.4745907783508301, 0.2441754937171936, 7.3849592208862305, -0.313628226518631, -0.6302008032798767, -0.4460051953792572, 0.05133901908993721, 0.42370718717575073, -2.8764963150024414, 0.098749078810215, 0.0014402177184820175, 0.8339349627494812, 4.199137210845947, -5.150839328765869, -5.900766849517822, -0.12275239825248718, -0.9179723858833313, -0.10009939968585968, 0.11918625235557556, -0.22800472378730774, -1.7923587560653687, 0.1286117136478424, -3.561206102371216, 0.9280937910079956, -0.7040843963623047, -0.4053342938423157, 13.562914848327637, 1.0, 1.0, 1.0, 1.0, 1.0, 1.0, 1.0, 1.0, 1.0, 1.0, 1.0, 1.0]"
243,3.684901457745582e-05,0.0,274.2582092285156,0.0,0.0,0.0,0.0,0.0,0.0,0.0,0.0,0.0,0.5949420928955078,-0.062413252890110016,0.0007816384895704687,-0.27367860078811646,-0.36216211318969727,0.04863715171813965,0.5754848718643188,0.5760824680328369,-0.3434099853038788,0.4982282817363739,-2.2964227199554443,-0.5251049399375916,0.38548344373703003,-0.6784763932228088,8.04173469543457,"[0.5949420928955078, -0.062413252890110016, 0.0007816384895704687, 0.8107733130455017, -0.05281350761651993, 0.0865081325173378, 0.0441279336810112, -0.025243347510695457, -0.9987066984176636, 0.699999988079071, 0.0, 0.0, -0.27367860078811646, -0.36216211318969727, 0.04863715171813965, -1.9490718841552734e-05, 0.17608246207237244, 0.05659002065658569, 0.09822827577590942, -1.8964227437973022, 0.2748950719833374, -0.4145165681838989, 0.12152361869812012, 7.241734504699707, -0.7133817672729492, -1.7506072521209717, -1.2065542936325073, 0.044965632259845734, 0.1629137396812439, -5.850690841674805, -0.3796849548816681, 1.2505415678024292, 1.2864776849746704, 2.4388837814331055, -5.612656116485596, -7.150998592376709, -0.18924090266227722, -0.6914814710617065, -0.01942024752497673, 0.40577104687690735, -0.07817226648330688, -0.5257374048233032, -0.029013842344284058, -3.575627088546753, 1.1310280561447144, -0.5088585019111633, -0.21472124755382538, 13.906285285949707, 1.0, 1.0, 1.0, 1.0, 1.0, 1.0, 1.0, 1.0, 1.0, 1.0, 1.0, 1.0]"
244,1.7117487004725263e-05,0.0,127.4012680053711,0.0,0.0,0.0,0.0,0.0,0.0,0.0,0.0,0.0,0.6086590886116028,-0.10269525647163391,-0.11762907356023788,-0.2837643623352051,-0.39100202918052673,0.02985708974301815,0.5754863619804382,0.580556333065033,-0.4509531855583191,0.47548651695251465,-2.266613245010376,-0.49281787872314453,0.4177074730396271,-0.7069597840309143,7.96175479888916,"[0.6086590886116028, -0.10269525647163391, -0.11762907356023788, 0.5193468332290649, -0.45903658866882324, 0.026557764038443565, 0.03806611895561218, -0.03866153210401535, -0.9985275268554688, 0.699999988079071, 0.0, 0.0, -0.2837643623352051, -0.39100202918052673, 0.02985708974301815, -1.800060272216797e-05, 0.18055632710456848, -0.050953179597854614, 0.07548651099205017, -1.8666132688522339, 0.3071821331977844, -0.3822925388813019, 0.09304022789001465, 7.161754608154297, -0.3718208372592926, -0.9258853793144226, -0.6902971267700195, 0.019866736605763435, 0.42642706632614136, -4.313257694244385, -1.6593695878982544, 1.4462003707885742, 1.6013596057891846, -0.02768201008439064, 1.9898734092712402, -1.1800024509429932, -0.3929237425327301, -0.4154624044895172, 0.04125693812966347, 0.23063924908638, 0.30791711807250977, 1.0618747472763062, -0.21868640184402466, -3.7390029430389404, 0.716889500617981, -0.8157512545585632, 0.7844568490982056, 14.483649253845215, 1.0, 1.0, 1.0, 0.0, 1.0, 1.0, 1.0, 1.0, 1.0, 1.0, 1.0, 1.0]"
245,0.0,0.0,0.0,0.0,0.0,0.0,0.0,0.0,0.0,0.0,0.0,0.0,0.685124397277832,-0.15120509266853333,-0.3109760582447052,-0.28299689292907715,-0.38256821036338806,0.03028552234172821,0.5755427479743958,0.6014515161514282,-0.4879462718963623,0.43370047211647034,-2.241802930831909,-0.5135594606399536,0.39637646079063416,-0.6169061064720154,7.995737552642822,"[0.685124397277832, -0.15120509266853333, -0.3109760582447052, -0.1248975470662117, -0.6600130796432495, -0.06482118368148804, 0.02607627771794796, -0.04178299009799957, -0.9987861514091492, 0.699999988079071, 0.0, 0.0, -0.28299689292907715, -0.38256821036338806, 0.03028552234172821, 3.838539123535156e-05, 0.20145151019096375, -0.08794626593589783, 0.03370046615600586, -1.841802954673767, 0.28644055128097534, -0.4036235511302948, 0.18309390544891357, 7.195737361907959, 0.21335013210773468, 1.2585505247116089, 0.6224225163459778, 0.07679666578769684, 1.7091093063354492, -0.258442223072052, -2.2227699756622314, 1.1288541555404663, -4.567168712615967, -2.0831446647644043, 5.429281711578369, 3.304713010787964, -0.6423729658126831, -0.25447508692741394, 0.5856342911720276, 0.42633768916130066, 0.6328495740890503, 0.9923362731933594, -0.12905675172805786, -3.550473213195801, -0.2730337977409363, -1.1555482149124146, 1.2330162525177002, 15.153395652770996, 1.0, 1.0, 1.0, 1.0, 1.0, 1.0, 1.0, 1.0, 1.0, 1.0, 1.0, 1.0]"
246,0.0,0.0,0.0,8.986187458503991e-05,0.0,668.8199462890625,0.00015180831542238593,0.0,1129.8720703125,0.0,0.0,0.0,0.7401952743530273,-0.10533148050308228,-0.16531479358673096,-0.2954079508781433,-0.3897569477558136,0.033523716032505035,0.5759403705596924,0.6328465938568115,-0.5083266496658325,0.4092256724834442,-2.2198050022125244,-0.6227201819419861,0.47649580240249634,-0.5361839532852173,8.094943046569824,"[0.7401952743530273, -0.10533148050308228, -0.16531479358673096, 0.15746945142745972, -0.39303824305534363, 0.06258076429367065, 0.019940774887800217, -0.04788680747151375, -0.9986538290977478, 0.699999988079071, 0.0, 0.0, -0.2954079508781433, -0.3897569477558136, 0.033523716032505035, 0.0004360079765319824, 0.23284658789634705, -0.10832664370536804, 0.009225666522979736, -1.8198050260543823, 0.17727982997894287, -0.3235042095184326, 0.26381605863571167, 7.294942855834961, -0.9510000944137573, -0.14667195081710815, 0.18559977412223816, -0.0729234367609024, 1.383916974067688, -0.5961213111877441, 3.556342124938965, 1.4203736782073975, -4.290521621704102, 3.4786696434020996, -3.097752332687378, 5.946460247039795, -0.7025699019432068, -0.389067679643631, 0.6323039531707764, 0.6655246019363403, 0.5339053869247437, 0.8260899782180786, -0.3314466178417206, -3.631683826446533, -0.2306959480047226, -1.3501102924346924, 1.2143769264221191, 15.50732135772705, 1.0, 1.0, 1.0, 1.0, 1.0, 1.0, 1.0, 1.0, 1.0, 1.0, 1.0, 1.0]"
247,0.0,0.0,0.0,7.041212666081265e-05,0.0,524.0601806640625,6.725985440425575e-05,0.0,500.5986633300781,0.0,0.0,0.0,0.7244741916656494,-0.08969081938266754,-0.013806643895804882,-0.31426456570625305,-0.38893210887908936,0.037151701748371124,0.5756130218505859,0.6549510955810547,-0.5026281476020813,0.447373628616333,-2.184098720550537,-0.7207677960395813,0.5117746591567993,-0.5550175309181213,8.215899467468262,"[0.7244741916656494, -0.08969081938266754, -0.013806643895804882, -0.1584782600402832, -0.14598464965820312, -0.028691716492176056, 0.015889808535575867, -0.047891195863485336, -0.9987260699272156, 0.699999988079071, 0.0, 0.0, -0.31426456570625305, -0.38893210887908936, 0.037151701748371124, 0.00010865926742553711, 0.2549510896205902, -0.10262814164161682, 0.04737362265586853, -1.784098744392395, 0.07923221588134766, -0.28822535276412964, 0.24498248100280762, 7.415899276733398, -0.7703302502632141, 0.2074456512928009, 0.35705626010894775, -0.011473572812974453, 0.8276817202568054, 0.36018237471580505, 1.5883216857910156, 1.871351957321167, -5.2986345291137695, 1.4924399852752686, -0.40657109022140503, 5.951387882232666, -0.25671157240867615, -0.5236333012580872, 0.6016033887863159, 0.49218687415122986, 0.3658430576324463, 0.6903630495071411, -0.01837041974067688, -4.064937591552734, -0.5009930729866028, -1.0645848512649536, 1.066448450088501, 15.479719161987305, 1.0, 1.0, 1.0, 0.0, 1.0, 1.0, 1.0, 1.0, 1.0, 1.0, 1.0, 1.0]"
248,0.0,0.0,0.0,5.335358582669869e-05,0.0,397.09771728515625,3.557435411494225e-05,0.0,264.7712097167969,0.0,0.0,0.0,0.7282866835594177,-0.07761208713054657,0.05863935872912407,-0.3136568069458008,-0.3815602660179138,0.04630204662680626,0.5755256414413452,0.6545477509498596,-0.48378950357437134,0.4670651853084564,-2.1606364250183105,-0.8079810738563538,0.5205826163291931,-0.5491406917572021,8.328950881958008,"[0.7282866835594177, -0.07761208713054657, 0.05863935872912407, -0.2805645167827606, 0.00046352576464414597, -0.06266357749700546, 0.014828301034867764, -0.04193280637264252, -0.9990103244781494, 0.699999988079071, 0.0, 0.0, -0.3136568069458008, -0.3815602660179138, 0.04630204662680626, 2.1278858184814453e-05, 0.25454774498939514, -0.08378949761390686, 0.06706517934799194, -1.7606364488601685, -0.007981061935424805, -0.27941739559173584, 0.2508593201637268, 7.5289506912231445, 0.4056014120578766, 0.35421139001846313, 0.45102691650390625, -0.0073743462562561035, -0.5644543170928955, 0.9007882475852966, 0.9656079411506653, 0.5723831653594971, -3.419713258743286, 0.38294437527656555, 0.29420530796051025, 5.704869747161865, -0.5278952717781067, -0.4691027104854584, 0.4305564761161804, 0.5012892484664917, 0.4871888756752014, 0.6373469829559326, -0.09897786378860474, -4.061066627502441, -0.356162965297699, -1.1926283836364746, 1.0963019132614136, 15.843541145324707, 1.0, 1.0, 1.0, 0.0, 1.0, 1.0, 1.0, 1.0, 1.0, 1.0, 1.0, 1.0]"
249,0.0,0.0,0.0,4.970193549524993e-05,0.0,369.9193420410156,3.410410863580182e-05,0.0,253.82852172851562,0.0,0.0,0.0,0.7550421357154846,-0.052198223769664764,0.07995656132698059,-0.30311450362205505,-0.37663713097572327,0.0517955906689167,0.5755087733268738,0.6345970630645752,-0.4559246897697449,0.4847681522369385,-2.1712160110473633,-0.8466544151306152,0.5115988850593567,-0.5427429676055908,8.444103240966797,"[0.7550421357154846, -0.052198223769664764, 0.07995656132698059, -0.04141388460993767, 0.09677398204803467, -0.03887593746185303, 0.016046177595853806, -0.038922667503356934, -0.9991132616996765, 0.699999988079071, 0.0, 0.0, -0.30311450362205505, -0.37663713097572327, 0.0517955906689167, 4.410743713378906e-06, 0.23459705710411072, -0.055924683809280396, 0.084768146276474, -1.7712160348892212, -0.04665440320968628, -0.28840112686157227, 0.25725704431533813, 7.644103050231934, 0.4620593190193176, 0.1410784125328064, 0.15971997380256653, -0.021110713481903076, -1.2224780321121216, 1.3540985584259033, 0.972524881362915, -1.0852874517440796, -0.644622266292572, -0.4710765779018402, 0.1811528354883194, 5.503988742828369, -0.473826140165329, -0.46323278546333313, 0.43194329738616943, 0.4251084625720978, 0.5169875621795654, 0.6776366233825684, -0.14492154121398926, -4.11064338684082, -0.12389437854290009, -1.3140983581542969, 1.1596873998641968, 15.90783405303955, 1.0, 1.0, 1.0, 0.0, 1.0, 1.0, 1.0, 1.0, 1.0, 1.0, 1.0, 1.0]"
250,0.0,0.0,0.0,5.0226852181367576e-05,0.0,373.826171875,4.042817454319447e-05,0.0,300.8970642089844,0.0,0.0,0.0,0.7752982974052429,-0.029244504868984222,0.13029421865940094,-0.2949499785900116,-0.3726192116737366,0.054991934448480606,0.575506865978241,0.6106663346290588,-0.4198327660560608,0.4987688660621643,-2.203136920928955,-0.8324651718139648,0.48775315284729004,-0.5307604670524597,8.53028392791748,"[0.7752982974052429, -0.029244504868984222, 0.13029421865940094, -0.12143738567829132, 0.13797558844089508, -0.015009308233857155, 0.018440810963511467, -0.037111204117536545, -0.9991409778594971, 0.699999988079071, 0.0, 0.0, -0.2949499785900116, -0.3726192116737366, 0.054991934448480606, 2.5033950805664062e-06, 0.21066632866859436, -0.019832760095596313, 0.09876886010169983, -1.803136944770813, -0.03246515989303589, -0.3122468590736389, 0.26923954486846924, 7.730283737182617, 0.33830562233924866, 0.22946959733963013, 0.18681158125400543, -0.02777058817446232, -1.1839157342910767, 1.70497727394104, 0.6470373272895813, -1.8019800186157227, 1.5273784399032593, -1.0968436002731323, 0.7133379578590393, 3.3962271213531494, -0.5499149560928345, -0.369303435087204, 0.4022199809551239, 0.2851357161998749, 0.5050222873687744, 0.7632137537002563, -0.2538280487060547, -4.178481101989746, 0.12194119393825531, -1.4165089130401611, 1.1985681056976318, 15.76830768585205, 1.0, 1.0, 1.0, 0.0, 1.0, 1.0, 1.0, 1.0, 1.0, 1.0, 1.0, 1.0]"
251,0.0,0.0,0.0,4.462352080736309e-05,0.0,332.1219787597656,3.890343214152381e-05,0.0,289.5487060546875,0.0,0.0,0.0,0.792883574962616,-0.011807097122073174,0.18415172398090363,-0.28856196999549866,-0.3643629848957062,0.061247482895851135,0.5755041837692261,0.5894376635551453,-0.37738168239593506,0.5036198496818542,-2.2444369792938232,-0.7817237377166748,0.4529009759426117,-0.5034264922142029,8.564098358154297,"[0.792883574962616, -0.011807097122073174, 0.18415172398090363, -0.3637942671775818, 0.15777505934238434, 0.015509892255067825, 0.02127123437821865, -0.031112249940633774, -0.9992897510528564, 0.699999988079071, 0.0, 0.0, -0.28856196999549866, -0.3643629848957062, 0.061247482895851135, -1.7881393432617188e-07, 0.1894376575946808, 0.02261832356452942, 0.10361984372138977, -1.8444370031356812, 0.01827627420425415, -0.34709903597831726, 0.2965735197067261, 7.764098167419434, 0.26977407932281494, 0.48673564195632935, 0.37498804926872253, -0.036093536764383316, -1.0858876705169678, 2.0778369903564453, 0.16697491705417633, -2.1997628211975098, 3.411750555038452, -1.7709739208221436, 1.509785771369934, 0.4179498553276062, -0.5347062945365906, -0.26438024640083313, 0.3381391763687134, 0.10887607932090759, 0.41272956132888794, 0.8604499101638794, -0.30611076951026917, -4.2426323890686035, 0.44830071926116943, -1.60324227809906, 1.194936990737915, 15.473455429077148, 1.0, 1.0, 1.0, 0.0, 1.0, 1.0, 1.0, 1.0, 1.0, 1.0, 1.0, 1.0]"
252,0.0,0.0,0.0,4.311786688049324e-05,0.0,320.9157409667969,2.613347714941483e-05,0.0,194.5050811767578,0.0,0.0,0.0,0.81104975938797,-0.006279667839407921,0.21271741390228271,-0.2822572588920593,-0.3515307307243347,0.07069110125303268,0.5755112767219543,0.5663082003593445,-0.32841742038726807,0.5008080005645752,-2.2928426265716553,-0.695701539516449,0.40479540824890137,-0.46449044346809387,8.536641120910645,"[0.81104975938797, -0.006279667839407921, 0.21271741390228271, -0.5443940162658691, 0.26689302921295166, 0.047347672283649445, 0.02534695900976658, -0.021010518074035645, -0.9994578957557678, 0.699999988079071, 0.0, 0.0, -0.2822572588920593, -0.3515307307243347, 0.07069110125303268, 6.9141387939453125e-06, 0.16630819439888, 0.07158258557319641, 0.10080799460411072, -1.8928426504135132, 0.10429847240447998, -0.3952046036720276, 0.3355095684528351, 7.736640930175781, 0.3757246434688568, 0.6932383179664612, 0.5319474935531616, -0.023049093782901764, -1.3722585439682007, 2.385718584060669, -0.10589416325092316, -2.4680392742156982, 5.119234561920166, -2.4734625816345215, 1.7690911293029785, -2.857722520828247, -0.4261838495731354, -0.17774635553359985, 0.3229854106903076, -0.012298375368118286, 0.05517697334289551, 0.9056886434555054, -0.030584856867790222, -4.131863594055176, 0.9121060371398926, -1.7995027303695679, 0.9578549265861511, 14.982781410217285, 1.0, 1.0, 1.0, 0.0, 1.0, 1.0, 1.0, 1.0, 1.0, 1.0, 1.0, 1.0]"
253,0.0,0.0,0.0,1.8693097445066087e-05,0.0,139.12814331054688,0.0,0.0,0.0,0.0,0.0,0.0,0.8183329105377197,-0.02935788780450821,0.1429850310087204,-0.2676244378089905,-0.3355107009410858,0.08323872089385986,0.5755062699317932,0.5288652181625366,-0.2755780518054962,0.499281644821167,-2.3387374877929688,-0.5798332095146179,0.34132519364356995,-0.4504954218864441,8.449875831604004,"[0.8183329105377197, -0.02935788780450821, 0.1429850310087204, -0.6405609250068665, 0.573123037815094, 0.03100154735147953, 0.034077707678079605, -0.008662601001560688, -0.9993817210197449, 0.699999988079071, 0.0, 0.0, -0.2676244378089905, -0.3355107009410858, 0.08323872089385986, 1.9073486328125e-06, 0.12886521220207214, 0.12442195415496826, 0.09928163886070251, -1.9387375116348267, 0.22016680240631104, -0.458674818277359, 0.34950459003448486, 7.649875640869141, 0.9931206703186035, 0.8362378478050232, 0.7200130224227905, 0.004289364442229271, -2.2163639068603516, 2.6683907508850098, 0.06894884258508682, -2.037177801132202, 5.869421482086182, -3.474179744720459, -1.3912153244018555, -5.08452033996582, -0.29325804114341736, -0.40147992968559265, 0.06382550299167633, 0.18643251061439514, -0.25657081604003906, -0.08860036730766296, 0.1918715238571167, -3.7471745014190674, 1.0916001796722412, -1.5675910711288452, 0.3282530903816223, 14.606829643249512, 1.0, 1.0, 1.0, 0.0, 1.0, 1.0, 1.0, 1.0, 1.0, 1.0, 1.0, 1.0]"
254,6.336913793347776e-05,0.0,471.6410217285156,0.0,0.0,0.0,0.0,0.0,0.0,0.0,0.0,0.0,0.7726234793663025,-0.04829291254281998,0.1244795024394989,-0.26186394691467285,-0.3289310932159424,0.09130922704935074,0.5754274725914001,0.5445486307144165,-0.2328246682882309,0.5052540302276611,-2.3636374473571777,-0.577247679233551,0.29145118594169617,-0.5170225501060486,8.34169864654541,"[0.7726234793663025, -0.04829291254281998, 0.1244795024394989, -0.017853090539574623, 0.2660050392150879, -0.009427766315639019, 0.0414772629737854, -0.004493631422519684, -0.9991294741630554, 0.699999988079071, 0.0, 0.0, -0.26186394691467285, -0.3289310932159424, 0.09130922704935074, -7.68899917602539e-05, 0.14454862475395203, 0.16717533767223358, 0.10525402426719666, -1.9636374711990356, 0.22275233268737793, -0.5085488557815552, 0.28297746181488037, 7.541698455810547, 0.09796194732189178, 0.05672558769583702, 0.11367268860340118, 0.044141508638858795, 0.90618896484375, 0.9686427116394043, 0.2643854320049286, -0.6042706966400146, 0.10336139798164368, -0.9094586968421936, -3.848450183868408, -5.993980884552002, -0.14441242814064026, -0.7002288103103638, -0.16282598674297333, 0.04736849665641785, -0.4649643898010254, -1.5783358812332153, 0.1213325560092926, -3.6043758392333984, 1.1002657413482666, -0.9455724358558655, -0.3052870035171509, 14.132616996765137, 1.0, 1.0, 1.0, 1.0, 1.0, 1.0, 1.0, 1.0, 1.0, 1.0, 1.0, 1.0]"
255,4.707816697191447e-05,0.0,350.39129638671875,0.0,0.0,0.0,0.0,0.0,0.0,0.0,0.0,0.0,0.6425055861473083,-0.05453537032008171,0.07854520529508591,-0.267824649810791,-0.34276995062828064,0.07780418545007706,0.57547527551651,0.551108717918396,-0.2732369601726532,0.5068990588188171,-2.354935646057129,-0.5578485131263733,0.346517950296402,-0.6193015575408936,8.214057922363281,"[0.6425055861473083, -0.05453537032008171, 0.07854520529508591, 0.6291726231575012, 0.06208208203315735, 0.060251787304878235, 0.04423270374536514, -0.012358400039374828, -0.9989449381828308, 0.699999988079071, 0.0, 0.0, -0.267824649810791, -0.34276995062828064, 0.07780418545007706, -2.9087066650390625e-05, 0.15110871195793152, 0.12676304578781128, 0.10689905285835266, -1.9549356698989868, 0.24215149879455566, -0.453482061624527, 0.1806984543800354, 7.414057731628418, -0.5180591940879822, -1.1454846858978271, -1.121944785118103, 0.040645405650138855, 0.22716644406318665, -3.612025260925293, -0.0800284668803215, 0.9765636920928955, 1.1575467586517334, 3.6985387802124023, -5.6669793128967285, -6.597499370574951, -0.22166970372200012, -0.8081655502319336, -0.1485639065504074, 0.22646614909172058, -0.009463846683502197, -1.228151798248291, 0.11721882224082947, -3.577474355697632, 1.0488972663879395, -0.6699890494346619, -0.28203707933425903, 13.624930381774902, 1.0, 1.0, 1.0, 1.0, 1.0, 1.0, 1.0, 1.0, 1.0, 1.0, 1.0, 1.0]"
256,2.8085049052606337e-05,0.0,209.0301513671875,0.0,0.0,0.0,0.0,0.0,0.0,0.0,0.0,0.0,0.5839322805404663,-0.0762256607413292,-0.019165251404047012,-0.2807118594646454,-0.3726520836353302,0.04818068444728851,0.5754902362823486,0.5530988574028015,-0.37216347455978394,0.4957031011581421,-2.321704387664795,-0.5289396047592163,0.39609068632125854,-0.7108539342880249,8.070862770080566,"[0.5839322805404663, -0.0762256607413292, -0.019165251404047012, 0.7603011131286621, -0.18088147044181824, 0.04362035170197487, 0.042840760201215744, -0.028016986325383186, -0.9986892938613892, 0.699999988079071, 0.0, 0.0, -0.2807118594646454, -0.3726520836353302, 0.04818068444728851, -1.4126300811767578e-05, 0.15309885144233704, 0.027836531400680542, 0.09570309519767761, -1.9217044115066528, 0.27106040716171265, -0.4039093255996704, 0.08914607763290405, 7.270862579345703, -0.6024422645568848, -1.4689127206802368, -1.5008158683776855, 0.022983256727457047, 0.18301230669021606, -5.223343849182129, -0.9453921318054199, 1.943324327468872, 1.4714596271514893, 1.6917176246643066, -2.770735502243042, -6.655844211578369, -0.21878954768180847, -0.557054340839386, 0.004234958440065384, 0.40004947781562805, 0.04414850473403931, 0.010663092136383057, -0.04773750901222229, -3.6588518619537354, 1.0997153520584106, -0.6351734399795532, 0.08948357403278351, 14.18189525604248, 1.0, 1.0, 1.0, 0.0, 1.0, 1.0, 1.0, 1.0, 1.0, 1.0, 1.0, 1.0]"
257,6.175780981720891e-06,0.0,45.96482849121094,0.0,0.0,0.0,0.0,0.0,0.0,0.0,0.0,0.0,0.6314287781715393,-0.1250247061252594,-0.16619648039340973,-0.28667256236076355,-0.3844882845878601,0.028152674436569214,0.575481116771698,0.5624193549156189,-0.4501621723175049,0.46440035104751587,-2.283501625061035,-0.4991181492805481,0.39803412556648254,-0.6754086017608643,8.031737327575684,"[0.6314287781715393, -0.1250247061252594, -0.16619648039340973, 0.2639700770378113, -0.5678138136863708, -0.006241893395781517, 0.034165434539318085, -0.03793086111545563, -0.9986960887908936, 0.699999988079071, 0.0, 0.0, -0.28667256236076355, -0.3844882845878601, 0.028152674436569214, -2.3245811462402344e-05, 0.16241934895515442, -0.050162166357040405, 0.06440034508705139, -1.883501648902893, 0.30088186264038086, -0.4019658863544464, 0.1245914101600647, 7.23173713684082, -0.05993581563234329, 0.23864006996154785, -0.5646405816078186, 0.005587776657193899, 0.8471102714538574, -2.512451171875, -1.992606520652771, 1.7760895490646362, 1.1852247714996338, -1.9398131370544434, 5.088460922241211, 1.1823796033859253, -0.5511018633842468, -0.22322598099708557, 0.24566249549388885, 0.23181232810020447, 0.3780968189239502, 1.2446409463882446, -0.27203890681266785, -3.7943079471588135, 0.36537766456604004, -1.0736420154571533, 1.2822108268737793, 14.916523933410645, 1.0, 1.0, 1.0, 0.0, 1.0, 1.0, 1.0, 1.0, 1.0, 1.0, 1.0, 1.0]"
258,0.0,0.0,0.0,8.762678044149652e-05,0.0,652.1847534179688,0.0,0.0,0.0,0.0,0.0,0.0,0.6889283657073975,-0.12870962917804718,-0.216077521443367,-0.2885167896747589,-0.3768998682498932,0.028740650042891502,0.5754910111427307,0.5888527631759644,-0.4658428430557251,0.41841667890548706,-2.256800651550293,-0.558063805103302,0.4142492413520813,-0.5469442009925842,8.090198516845703,"[0.6889283657073975, -0.12870962917804718, -0.216077521443367, 0.5415938496589661, -0.15140315890312195, -0.12585721909999847, 0.024810725823044777, -0.04104715958237648, -0.9988492131233215, 0.699999988079071, 0.0, 0.0, -0.2885167896747589, -0.3768998682498932, 0.028740650042891502, -1.33514404296875e-05, 0.18885275721549988, -0.06584283709526062, 0.018416672945022583, -1.8568006753921509, 0.24193620681762695, -0.38575077056884766, 0.2530558109283447, 7.29019832611084, -0.656213104724884, -0.5724567174911499, -0.0928465723991394, 0.03591404855251312, 1.238004446029663, -0.9268366694450378, -2.452132225036621, 0.9263307452201843, -4.840003490447998, 3.508326768875122, 5.864360332489014, 3.8309991359710693, -0.6605088114738464, -0.34582701325416565, 0.6853991150856018, 0.5730874538421631, 0.6246991753578186, 0.8911044597625732, -0.23921898007392883, -3.6671831607818604, -0.2356920689344406, -1.210172176361084, 1.2168587446212769, 15.523894309997559, 1.0, 1.0, 1.0, 0.0, 1.0, 1.0, 1.0, 1.0, 1.0, 1.0, 1.0, 1.0]"
259,0.0,0.0,0.0,6.365394801832736e-05,0.0,473.7607421875,1.7543747162562795e-05,0.0,130.57382202148438,0.0,0.0,0.0,0.7407070398330688,-0.10061388462781906,-0.045700132846832275,-0.30762413144111633,-0.3830510973930359,0.026931313797831535,0.5754994750022888,0.6139446496963501,-0.4596199095249176,0.4348423182964325,-2.2348053455352783,-0.6546077132225037,0.4442889392375946,-0.532575249671936,8.210127830505371,"[0.7407070398330688, -0.10061388462781906, -0.045700132846832275, 0.12658245861530304, -0.058632515370845795, -0.013109646737575531, 0.023355673998594284, -0.048616379499435425, -0.9985446929931641, 0.699999988079071, 0.0, 0.0, -0.30762413144111633, -0.3830510973930359, 0.026931313797831535, -4.887580871582031e-06, 0.21394464373588562, -0.059619903564453125, 0.03484231233596802, -1.8348053693771362, 0.1453922986984253, -0.35571107268333435, 0.2674247622489929, 7.410127639770508, -0.949916660785675, -0.02821597084403038, 0.11645029485225677, 0.09410442411899567, 1.1962224245071411, 0.429504930973053, 2.096710443496704, 1.3267056941986084, -4.9596943855285645, 1.2533611059188843, -3.6079094409942627, 6.811696529388428, -0.6286784410476685, -0.23408719897270203, 0.44469842314720154, 0.5437244176864624, 0.38796019554138184, 0.5594021081924438, -0.517902135848999, -3.9198453426361084, -0.35541749000549316, -1.3564283847808838, 1.1583596467971802, 16.121932983398438, 1.0, 1.0, 1.0, 0.0, 1.0, 1.0, 1.0, 1.0, 1.0, 1.0, 1.0, 1.0]"
260,0.0,0.0,0.0,5.0802755140466616e-05,0.0,378.1124572753906,3.740646570804529e-05,0.0,278.40716552734375,0.0,0.0,0.0,0.7204360365867615,-0.07999731600284576,0.06645859032869339,-0.3204597234725952,-0.3768001198768616,0.033969275653362274,0.5755046010017395,0.6303043961524963,-0.44043979048728943,0.4531489908695221,-2.2077841758728027,-0.7573034167289734,0.45076605677604675,-0.5258827805519104,8.346807479858398,"[0.7204360365867615, -0.07999731600284576, 0.06645859032869339, -0.329611212015152, -0.0006342477863654494, -0.014710735529661179, 0.02296936698257923, -0.04443446174263954, -0.9987483024597168, 0.699999988079071, 0.0, 0.0, -0.3204597234725952, -0.3768001198768616, 0.033969275653362274, 2.384185791015625e-07, 0.23030439019203186, -0.04043978452682495, 0.05314898490905762, -1.8077841997146606, 0.042696595191955566, -0.3492339551448822, 0.27411723136901855, 7.546807289123535, -0.42728981375694275, 0.43449804186820984, 0.4702252447605133, 0.00038523226976394653, 0.4412091374397278, 0.9265249371528625, 0.8165525794029236, 1.1191855669021606, -4.693217754364014, 0.29542040824890137, 0.5250812768936157, 6.842972755432129, -0.30918148159980774, -0.7462823390960693, 0.5270379781723022, 0.43879804015159607, 0.46937650442123413, 0.6792110204696655, 0.0675971508026123, -4.120886325836182, -0.41740167140960693, -1.1431586742401123, 1.100204586982727, 16.10733985900879, 1.0, 1.0, 1.0, 1.0, 1.0, 1.0, 1.0, 1.0, 1.0, 1.0, 1.0, 1.0]"
261,0.0,0.0,0.0,4.23971978307236e-05,0.0,315.552001953125,2.9503511541406624e-05,0.0,219.58741760253906,0.0,0.0,0.0,0.7367044687271118,-0.06240127608180046,0.07766677439212799,-0.318167507648468,-0.36806294322013855,0.042743973433971405,0.5755025148391724,0.6272943019866943,-0.4149213135242462,0.46690863370895386,-2.203862428665161,-0.8196641206741333,0.44545111060142517,-0.5122286081314087,8.48275375366211,"[0.7367044687271118, -0.06240127608180046, 0.07766677439212799, -0.23869529366493225, 0.053059615194797516, -0.022100239992141724, 0.02340513840317726, -0.037833958864212036, -0.999009907245636, 0.699999988079071, 0.0, 0.0, -0.318167507648468, -0.36806294322013855, 0.042743973433971405, -1.8477439880371094e-06, 0.22729429602622986, -0.014921307563781738, 0.06690862774848938, -1.803862452507019, -0.019664108753204346, -0.3545489013195038, 0.28777140378952026, 7.682753562927246, 0.35289108753204346, 0.331870436668396, 0.3520408272743225, 0.0010168924927711487, -0.541110634803772, 1.2062915563583374, 0.7547167539596558, -0.3929040729999542, -1.5494180917739868, -0.21704667806625366, 0.5581932663917542, 6.398289680480957, -0.5498812794685364, -0.5468260645866394, 0.35923945903778076, 0.48954305052757263, 0.5078319907188416, 0.5470962524414062, -0.10018429160118103, -4.096775531768799, -0.09032140672206879, -1.3505120277404785, 1.3200513124465942, 15.929415702819824, 1.0, 1.0, 1.0, 1.0, 1.0, 1.0, 1.0, 1.0, 1.0, 1.0, 1.0, 1.0]"
262,0.0,0.0,0.0,4.8364512622356415e-05,0.0,359.9652404785156,3.8776644942117855e-05,0.0,288.6050720214844,0.0,0.0,0.0,0.7568313479423523,-0.0401618517935276,0.10505703091621399,-0.3085678815841675,-0.3622022867202759,0.04801292344927788,0.5754954218864441,0.6121420860290527,-0.38280215859413147,0.4801469147205353,-2.2249338626861572,-0.8119238018989563,0.42842912673950195,-0.4981605112552643,8.561331748962402,"[0.7568313479423523, -0.0401618517935276, 0.10505703091621399, -0.1561424434185028, 0.09244263172149658, -0.005395274609327316, 0.02473689615726471, -0.034111350774765015, -0.9991118907928467, 0.699999988079071, 0.0, 0.0, -0.3085678815841675, -0.3622022867202759, 0.04801292344927788, -8.940696716308594e-06, 0.21214208006858826, 0.017197847366333008, 0.0801469087600708, -1.8249338865280151, -0.011923789978027344, -0.371570885181427, 0.3018395006656647, 7.761331558227539, 0.46908047795295715, 0.2562314569950104, 0.23604406416416168, -0.005293622612953186, -0.8364893794059753, 1.5589070320129395, 0.6253337264060974, -1.3281396627426147, 1.3533722162246704, -0.8386488556861877, 0.7429558634757996, 1.9655693769454956, -0.42271777987480164, -0.5214411616325378, 0.36840271949768066, 0.3350253701210022, 0.5429708361625671, 0.752379298210144, -0.13149026036262512, -4.158485412597656, 0.1279144436120987, -1.4374562501907349, 1.3318045139312744, 15.58360481262207, 1.0, 1.0, 1.0, 1.0, 1.0, 1.0, 1.0, 1.0, 1.0, 1.0, 1.0, 1.0]"
263,0.0,0.0,0.0,4.923707456327975e-05,0.0,366.4595031738281,4.014620208181441e-05,0.0,298.79833984375,0.0,0.0,0.0,0.7766852974891663,-0.022580673918128014,0.16041122376918793,-0.2975001037120819,-0.35468098521232605,0.053889669477939606,0.5754970908164978,0.5968648791313171,-0.34249773621559143,0.4864383935928345,-2.256740093231201,-0.7629431486129761,0.3970184028148651,-0.4729185104370117,8.551183700561523,"[0.7766852974891663, -0.022580673918128014, 0.16041122376918793, -0.30015721917152405, 0.13164575397968292, 0.01696792058646679, 0.026850955560803413, -0.028837891295552254, -0.9992232322692871, 0.699999988079071, 0.0, 0.0, -0.2975001037120819, -0.35468098521232605, 0.053889669477939606, -7.271766662597656e-06, 0.19686487317085266, 0.05750226974487305, 0.08643838763237, -1.856740117073059, 0.03705686330795288, -0.40298160910606384, 0.32708150148391724, 7.75118350982666, 0.5674434304237366, 0.4184730648994446, 0.33692702651023865, -0.033011868596076965, -0.8102908134460449, 1.9614920616149902, 0.21707867085933685, -1.7010667324066162, 3.4084086418151855, -1.6041584014892578, 1.4007986783981323, -1.9928240776062012, -0.5331587791442871, -0.27338817715644836, 0.3304806053638458, 0.11604252457618713, 0.4588232636451721, 0.8662712574005127, -0.2986139953136444, -4.186062335968018, 0.46793246269226074, -1.6462212800979614, 1.2778233289718628, 15.123000144958496, 1.0, 1.0, 1.0, 1.0, 1.0, 1.0, 1.0, 1.0, 1.0, 1.0, 1.0, 1.0]"
264,0.0,0.0,0.0,4.262752190697938e-05,0.0,317.2662353515625,2.335047975066118e-05,0.0,173.7919158935547,0.0,0.0,0.0,0.7965611219406128,-0.016340836882591248,0.18993109464645386,-0.28481540083885193,-0.3431808054447174,0.062368594110012054,0.5755177140235901,0.5794293284416199,-0.29451844096183777,0.4850959777832031,-2.293747663497925,-0.6759993433952332,0.3501201272010803,-0.4363287091255188,8.478466987609863,"[0.7965611219406128, -0.016340836882591248, 0.18993109464645386, -0.46154284477233887, 0.25410225987434387, 0.04216659069061279, 0.030430641025304794, -0.020035091787576675, -0.999336302280426, 0.699999988079071, 0.0, 0.0, -0.28481540083885193, -0.3431808054447174, 0.062368594110012054, 1.33514404296875e-05, 0.1794293224811554, 0.10548156499862671, 0.08509597182273865, -1.8937476873397827, 0.1240006685256958, -0.44987988471984863, 0.36367130279541016, 7.678466796875, 0.6722165942192078, 0.6105475425720215, 0.4702994227409363, -0.019496697932481766, -1.0979934930801392, 2.366516351699829, 0.014337804168462753, -1.860785961151123, 5.197011470794678, -2.4791440963745117, 1.5496618747711182, -4.903381824493408, -0.4163472354412079, -0.28270986676216125, 0.38685837388038635, 0.1115541160106659, 0.07215148210525513, 0.8522332906723022, 0.06460320949554443, -4.0099778175354, 0.9624329209327698, -1.7934808731079102, 0.8599991202354431, 14.545502662658691, 1.0, 1.0, 1.0, 1.0, 1.0, 1.0, 1.0, 1.0, 1.0, 1.0, 1.0, 1.0]"
265,0.0,0.0,0.0,1.0929302334261592e-05,0.0,81.34413146972656,0.0,0.0,0.0,0.0,0.0,0.0,0.8044106364250183,-0.03944259509444237,0.09843886643648148,-0.26545873284339905,-0.329519122838974,0.07383838295936584,0.575512170791626,0.5465525388717651,-0.2416582852602005,0.49111831188201904,-2.3262152671813965,-0.5572059750556946,0.28542888164520264,-0.4461137056350708,8.35987377166748,"[0.8044106364250183, -0.03944259509444237, 0.09843886643648148, -0.534315288066864, 0.564153254032135, 0.023828189820051193, 0.03928288444876671, -0.009945955127477646, -0.9991782903671265, 0.699999988079071, 0.0, 0.0, -0.26545873284339905, -0.329519122838974, 0.07383838295936584, 7.808208465576172e-06, 0.14655253291130066, 0.15834172070026398, 0.09111830592155457, -1.9262152910232544, 0.24279403686523438, -0.5145711302757263, 0.35388630628585815, 7.559873580932617, 1.179944396018982, 0.7194696664810181, 0.7120141386985779, 0.004298175685107708, -1.9928170442581177, 2.6065731048583984, 0.6619675159454346, -1.3351390361785889, 6.026529312133789, -3.403505325317383, -3.5014185905456543, -6.317657470703125, -0.3548102080821991, -0.4634798467159271, -0.04496977850794792, 0.30816778540611267, -0.1577187180519104, -0.294565349817276, 0.22176161408424377, -3.6474239826202393, 1.1362963914871216, -1.4369486570358276, 0.1905083805322647, 14.208025932312012, 1.0, 1.0, 1.0, 1.0, 1.0, 1.0, 1.0, 1.0, 1.0, 1.0, 1.0, 1.0]"
266,5.5313004850177094e-05,0.0,411.6811828613281,0.0,0.0,0.0,0.0,0.0,0.0,0.0,0.0,0.0,0.7477222681045532,-0.0460318848490715,0.06685920059680939,-0.2631572484970093,-0.3268693685531616,0.07796031981706619,0.5754623413085938,0.5633347630500793,-0.21190795302391052,0.5047026872634888,-2.338216781616211,-0.5544819831848145,0.2622781991958618,-0.5205507278442383,8.235694885253906,"[0.7477222681045532, -0.0460318848490715, 0.06685920059680939, 0.16121047735214233, 0.21064774692058563, 0.02571638859808445, 0.04554764926433563, -0.008668570779263973, -0.998924732208252, 0.699999988079071, 0.0, 0.0, -0.2631572484970093, -0.3268693685531616, 0.07796031981706619, -4.202127456665039e-05, 0.16333475708961487, 0.18809205293655396, 0.10470268130302429, -1.9382168054580688, 0.2455180287361145, -0.5377218127250671, 0.2794492840766907, 7.435694694519043, -0.10006746649742126, -0.21324418485164642, -0.20630699396133423, 0.03763243928551674, 0.7672200798988342, -0.00011344021186232567, 0.5404032468795776, -0.009968873113393784, 0.3232504725456238, 1.5793293714523315, -3.639052391052246, -6.652115345001221, -0.20798036456108093, -0.7614083290100098, -0.13083551824092865, 0.09618678689002991, -0.25185826420783997, -1.4443683624267578, 0.09693995118141174, -3.513105869293213, 1.159002661705017, -0.8800494074821472, -0.2724081873893738, 13.670706748962402, 1.0, 1.0, 1.0, 1.0, 1.0, 1.0, 1.0, 1.0, 1.0, 1.0, 1.0, 1.0]"
267,4.656299279304221e-05,0.0,346.5569763183594,0.0,0.0,0.0,0.0,0.0,0.0,0.0,0.0,0.0,0.6361391544342041,-0.05614084750413895,0.020068464800715446,-0.27321657538414,-0.3460439145565033,0.05934962257742882,0.5754882097244263,0.569781482219696,-0.2641766369342804,0.5115450620651245,-2.319340467453003,-0.5342192649841309,0.33499735593795776,-0.6262204647064209,8.08954906463623,"[0.6361391544342041, -0.05614084750413895, 0.020068464800715446, 0.7847891449928284, 0.012471533380448818, 0.06291529536247253, 0.04732125997543335, -0.020462987944483757, -0.998670220375061, 0.699999988079071, 0.0, 0.0, -0.27321657538414, -0.3460439145565033, 0.05934962257742882, -1.615285873413086e-05, 0.16978147625923157, 0.13582336902618408, 0.11154505610466003, -1.9193404912948608, 0.2657807469367981, -0.4650026559829712, 0.17377954721450806, 7.289548873901367, -0.6777040958404541, -1.3257750272750854, -1.2539401054382324, 0.045973602682352066, 0.2178102433681488, -3.920081615447998, 0.112578384578228, 1.4275641441345215, 1.2172168493270874, 3.5321428775787354, -5.770386695861816, -7.369649410247803, -0.12970837950706482, -0.7689695954322815, -0.08530987799167633, 0.3017568290233612, -0.08320021629333496, -1.1574327945709229, 0.05157485604286194, -3.56915545463562, 1.074406623840332, -0.6739623546600342, -0.2986047863960266, 13.561159133911133, 1.0, 1.0, 1.0, 1.0, 1.0, 1.0, 1.0, 1.0, 1.0, 1.0, 1.0, 1.0]"
268,2.8213762561790645e-05,0.0,209.98814392089844,0.0,0.0,0.0,0.0,0.0,0.0,0.0,0.0,0.0,0.5910012125968933,-0.08917780965566635,-0.07844774425029755,-0.28647100925445557,-0.37520232796669006,0.03322414681315422,0.5754917860031128,0.5734205842018127,-0.3647683262825012,0.5009413361549377,-2.2807440757751465,-0.5053165555000305,0.3875136375427246,-0.7116132378578186,7.96024751663208,"[0.5910012125968933, -0.08917780965566635, -0.07844774425029755, 0.7363746762275696, -0.2746262550354004, 0.03551405668258667, 0.044298604130744934, -0.03674212470650673, -0.9983423948287964, 0.699999988079071, 0.0, 0.0, -0.28647100925445557, -0.37520232796669006, 0.03322414681315422, -1.2576580047607422e-05, 0.17342057824134827, 0.03523167967796326, 0.10094133019447327, -1.8807440996170044, 0.29468345642089844, -0.41248637437820435, 0.08838677406311035, 7.160247325897217, -0.5801610946655273, -1.3343570232391357, -1.1895437240600586, 0.030740637332201004, 0.30388161540031433, -5.207625389099121, -0.9733388423919678, 2.055018663406372, 1.4280169010162354, 2.0370497703552246, -2.4437732696533203, -4.85990047454834, -0.2288629114627838, -0.5917872786521912, -0.02648599073290825, 0.42110931873321533, 0.08980691432952881, 0.08432546257972717, -0.06960082054138184, -3.6245150566101074, 1.0377315282821655, -0.6405556201934814, 0.1090669184923172, 14.16703987121582, 1.0, 1.0, 1.0, 0.0, 1.0, 1.0, 1.0, 1.0, 1.0, 1.0, 1.0, 1.0]"
269,0.0,0.0,0.0,0.0,0.0,0.0,0.0,0.0,0.0,0.0,0.0,0.0,0.6397908329963684,-0.1379355639219284,-0.23712646961212158,-0.29141664505004883,-0.3840476870536804,0.019480686634778976,0.5755042433738708,0.5868935585021973,-0.4397735595703125,0.467571496963501,-2.243156909942627,-0.4881631135940552,0.38655605912208557,-0.6705225706100464,7.955570220947266,"[0.6397908329963684, -0.1379355639219284, -0.23712646961212158, 0.1758173704147339, -0.5974104404449463, -0.026711096987128258, 0.034346625208854675, -0.045740991830825806, -0.99836266040802, 0.699999988079071, 0.0, 0.0, -0.29141664505004883, -0.3840476870536804, 0.019480686634778976, -1.1920928955078125e-07, 0.1868935525417328, -0.03977355360984802, 0.0675714910030365, -1.8431569337844849, 0.3118368983268738, -0.4134439527988434, 0.12947744131088257, 7.155570030212402, 0.043829914182424545, 0.4045058488845825, -0.22031989693641663, 0.0003248663851991296, 1.1190606355667114, -2.351879835128784, -2.1662371158599854, 1.7608124017715454, -0.9180693626403809, -2.206432580947876, 5.44577169418335, 2.2555716037750244, -0.6591371893882751, -0.19724547863006592, 0.41117221117019653, 0.2128032147884369, 0.4800034761428833, 1.2910254001617432, -0.3618547022342682, -3.692657232284546, 0.050278082489967346, -1.103330135345459, 1.3606585264205933, 14.956042289733887, 1.0, 1.0, 1.0, 1.0, 1.0, 1.0, 1.0, 1.0, 1.0, 1.0, 1.0, 1.0]"
270,0.0,0.0,0.0,7.465048838639632e-05,0.0,555.6053466796875,3.3434422221034765e-05,0.0,248.84423828125,0.0,0.0,0.0,0.69937664270401,-0.12658606469631195,-0.2640065550804138,-0.29632723331451416,-0.38393276929855347,0.02457709051668644,0.5756847858428955,0.6183403134346008,-0.4621129631996155,0.41366153955459595,-2.2136247158050537,-0.583233118057251,0.43727612495422363,-0.5293104648590088,8.032038688659668,"[0.69937664270401, -0.12658606469631195, -0.2640065550804138, 0.452637642621994, -0.19045639038085938, -0.11864519119262695, 0.025921422988176346, -0.04957614839076996, -0.9984341859817505, 0.699999988079071, 0.0, 0.0, -0.29632723331451416, -0.38393276929855347, 0.02457709051668644, 0.00018042325973510742, 0.21834030747413635, -0.062112957239151, 0.01366153359413147, -1.8136247396469116, 0.21676689386367798, -0.3627238869667053, 0.27068954706192017, 7.232038497924805, -0.7488707900047302, -0.4752187728881836, -0.5010025501251221, 0.17820653319358826, 1.4395536184310913, -0.8278060555458069, -2.134502649307251, 1.1969574689865112, -5.0431599617004395, 3.409907102584839, 6.294013023376465, 4.647578716278076, -0.6617807149887085, -0.426137775182724, 0.6276581883430481, 0.6623128652572632, 0.60718834400177, 0.8848201036453247, -0.2715110182762146, -3.6098573207855225, -0.23867882788181305, -1.2367002964019775, 1.239980697631836, 15.27552318572998, 1.0, 1.0, 1.0, 1.0, 1.0, 1.0, 1.0, 1.0, 1.0, 1.0, 1.0, 1.0]"
271,0.0,0.0,0.0,6.347410089801997e-05,0.0,472.4222106933594,3.026432568731252e-05,0.0,225.24998474121094,0.0,0.0,0.0,0.7233294248580933,-0.08776303380727768,-0.05586734041571617,-0.317756325006485,-0.38622841238975525,0.02471024915575981,0.5755242109298706,0.644696831703186,-0.4591492712497711,0.4545930027961731,-2.1816298961639404,-0.6786171793937683,0.47905227541923523,-0.5499176979064941,8.140788078308105,"[0.7233294248580933, -0.08776303380727768, -0.05586734041571617, 0.04043245688080788, -0.16288653016090393, -0.029174255207180977, 0.0208031814545393, -0.0524146743118763, -0.9984089136123657, 0.699999988079071, 0.0, 0.0, -0.317756325006485, -0.38622841238975525, 0.02471024915575981, 1.9848346710205078e-05, 0.24469682574272156, -0.05914926528930664, 0.05459299683570862, -1.7816299200057983, 0.12138283252716064, -0.3209477365016937, 0.2500823140144348, 7.340787887573242, -1.1112682819366455, 0.0017759380862116814, -0.17475645244121552, -0.021466895937919617, 1.1746115684509277, 0.3942473530769348, 0.819707989692688, 1.7296231985092163, -5.365896224975586, 1.4444835186004639, 0.3046303987503052, 5.68193244934082, -0.6177241206169128, -0.2691458761692047, 0.381661057472229, 0.5375893115997314, 0.3647385835647583, 0.6272225379943848, -0.5164245367050171, -3.8736612796783447, -0.25632554292678833, -1.3788657188415527, 1.1826426982879639, 15.685312271118164, 1.0, 1.0, 1.0, 0.0, 1.0, 1.0, 1.0, 1.0, 1.0, 1.0, 1.0, 1.0]"
272,0.0,0.0,0.0,5.357195550459437e-05,0.0,398.7229919433594,4.720813376479782e-05,0.0,351.3586120605469,0.0,0.0,0.0,0.7195447683334351,-0.06426562368869781,0.06957710534334183,-0.3318616449832916,-0.38029444217681885,0.031649909913539886,0.575555145740509,0.6533986330032349,-0.44029656052589417,0.47202038764953613,-2.1524415016174316,-0.7596830725669861,0.4901658594608307,-0.5375548005104065,8.269240379333496,"[0.7195447683334351, -0.06426562368869781, 0.06957710534334183, -0.28396859765052795, -0.09722325950860977, 0.003408923279494047, 0.01803268864750862, -0.04782678186893463, -0.9986927509307861, 0.699999988079071, 0.0, 0.0, -0.3318616449832916, -0.38029444217681885, 0.031649909913539886, 5.078315734863281e-05, 0.2533986270427704, -0.04029655456542969, 0.07202038168907166, -1.7524415254592896, 0.04031693935394287, -0.30983415246009827, 0.26244521141052246, 7.469240188598633, -0.445298969745636, 0.36828121542930603, 0.37631872296333313, -0.016226917505264282, -0.08765716105699539, 1.0310746431350708, 0.7889003157615662, 1.09651517868042, -3.1547348499298096, 0.26447442173957825, 0.733357310295105, 6.797682762145996, -0.334512323141098, -0.5896922945976257, 0.500495433807373, 0.47695472836494446, 0.4696112275123596, 0.6841742992401123, -0.0420093834400177, -4.062825679779053, -0.30946773290634155, -1.2382310628890991, 1.096114158630371, 15.896492958068848, 1.0, 1.0, 1.0, 0.0, 1.0, 1.0, 1.0, 1.0, 1.0, 1.0, 1.0, 1.0]"
273,0.0,0.0,0.0,4.494500899454579e-05,0.0,334.51470947265625,3.163339351885952e-05,0.0,235.43960571289062,0.0,0.0,0.0,0.7425588965415955,-0.05095066875219345,0.09332920610904694,-0.32893484830856323,-0.3726635277271271,0.039004310965538025,0.5755099058151245,0.640807032585144,-0.4114561378955841,0.48401185870170593,-2.14984130859375,-0.8075855374336243,0.48047149181365967,-0.520042896270752,8.401545524597168,"[0.7425588965415955, -0.05095066875219345, 0.09332920610904694, -0.23078443109989166, 0.06085536256432533, -0.017607973888516426, 0.018024437129497528, -0.04213849827647209, -0.9989491701126099, 0.699999988079071, 0.0, 0.0, -0.32893484830856323, -0.3726635277271271, 0.039004310965538025, 5.543231964111328e-06, 0.24080702662467957, -0.011456131935119629, 0.08401185274124146, -1.749841332435608, -0.0075855255126953125, -0.3195285201072693, 0.279957115650177, 7.601545333862305, 0.42640572786331177, 0.33109650015830994, 0.3163532018661499, -0.019171759486198425, -0.9419847130775452, 1.4189822673797607, 0.7104828357696533, -0.47228527069091797, -1.4497618675231934, -0.6075274348258972, 0.6327307224273682, 6.3142266273498535, -0.5237861275672913, -0.4708820879459381, 0.4340800940990448, 0.39109674096107483, 0.4892776608467102, 0.7043427228927612, -0.13729378581047058, -4.1103715896606445, -0.143732488155365, -1.3124619722366333, 1.211142659187317, 15.981375694274902, 1.0, 1.0, 1.0, 0.0, 1.0, 1.0, 1.0, 1.0, 1.0, 1.0, 1.0, 1.0]"
274,0.0,0.0,0.0,4.6352339268196374e-05,0.0,344.9891357421875,3.905051198671572e-05,0.0,290.6434020996094,0.0,0.0,0.0,0.7735060453414917,-0.03245687112212181,0.11657916754484177,-0.31639909744262695,-0.36604222655296326,0.044862933456897736,0.5755078792572021,0.6192126870155334,-0.3755785822868347,0.49553757905960083,-2.1758084297180176,-0.8092062473297119,0.4565402865409851,-0.504069983959198,8.508755683898926,"[0.7735060453414917, -0.03245687112212181, 0.11657916754484177, -0.21826475858688354, 0.141810342669487, -0.012100045569241047, 0.020226644352078438, -0.03757978975772858, -0.9990888833999634, 0.699999988079071, 0.0, 0.0, -0.31639909744262695, -0.36604222655296326, 0.044862933456897736, 3.516674041748047e-06, 0.21921268105506897, 0.02442142367362976, 0.09553757309913635, -1.7758084535598755, -0.009206235408782959, -0.34345972537994385, 0.29593002796173096, 7.7087554931640625, 0.627254068851471, 0.32606270909309387, 0.26983025670051575, -0.0058447979390621185, -1.1338169574737549, 1.7538509368896484, 0.6021052598953247, -1.6954888105392456, 0.7671587467193604, -1.2478431463241577, 0.7535980939865112, 4.50157356262207, -0.4961712658405304, -0.44157305359840393, 0.41419532895088196, 0.26994672417640686, 0.5156618356704712, 0.7943359613418579, -0.23209929466247559, -4.179459095001221, 0.09363020956516266, -1.4566576480865479, 1.2458568811416626, 15.817660331726074, 1.0, 1.0, 1.0, 0.0, 1.0, 1.0, 1.0, 1.0, 1.0, 1.0, 1.0, 1.0]"
275,0.0,0.0,0.0,4.737340350402519e-05,0.0,352.5886535644531,4.117043863516301e-05,0.0,306.4215087890625,0.0,0.0,0.0,0.7958992719650269,-0.014317897148430347,0.1676047146320343,-0.30335742235183716,-0.35675227642059326,0.05233852192759514,0.5755071640014648,0.5978004932403564,-0.33263900876045227,0.500373125076294,-2.217806816101074,-0.7696847319602966,0.41975945234298706,-0.4772382080554962,8.555048942565918,"[0.7958992719650269, -0.014317897148430347, 0.1676047146320343, -0.4135182201862335, 0.17575079202651978, 0.017497971653938293, 0.023325959220528603, -0.030479710549116135, -0.999263346195221, 0.699999988079071, 0.0, 0.0, -0.30335742235183716, -0.35675227642059326, 0.05233852192759514, 2.8014183044433594e-06, 0.19780048727989197, 0.06736099720001221, 0.10037311911582947, -1.8178068399429321, 0.030315279960632324, -0.3802405595779419, 0.32276180386543274, 7.755048751831055, 0.6266335248947144, 0.5257214307785034, 0.4122355878353119, -0.008523572236299515, -1.1397820711135864, 2.0669262409210205, 0.1693369746208191, -2.2932538986206055, 3.10378360748291, -1.8091591596603394, 1.472862720489502, 0.7783890962600708, -0.5651331543922424, -0.2595158517360687, 0.3743366003036499, 0.07343748211860657, 0.3902788758277893, 0.895224928855896, -0.31838175654411316, -4.240128993988037, 0.44635123014450073, -1.6493887901306152, 1.2370802164077759, 15.499003410339355, 1.0, 1.0, 1.0, 0.0, 1.0, 1.0, 1.0, 1.0, 1.0, 1.0, 1.0, 1.0]"
276,0.0,0.0,0.0,4.2164083424722776e-05,0.0,313.8169860839844,2.631628558447119e-05,0.0,195.8656768798828,0.0,0.0,0.0,0.8152648210525513,-0.008642786182463169,0.19548185169696808,-0.2903772294521332,-0.34290164709091187,0.062913678586483,0.5755269527435303,0.5725396275520325,-0.28309351205825806,0.49714186787605286,-2.268815517425537,-0.6831679344177246,0.36984631419181824,-0.43799474835395813,8.530811309814453,"[0.8152648210525513, -0.008642786182463169, 0.19548185169696808, -0.6112681031227112, 0.28129249811172485, 0.056299660354852676, 0.027614809572696686, -0.019254814833402634, -0.9994332790374756, 0.699999988079071, 0.0, 0.0, -0.2903772294521332, -0.34290164709091187, 0.062913678586483, 2.2590160369873047e-05, 0.172539621591568, 0.11690649390220642, 0.09714186191558838, -1.868815541267395, 0.11683207750320435, -0.4301536977291107, 0.3620052635669708, 7.73081111907959, 0.6978623270988464, 0.7564245462417603, 0.6025572419166565, -0.009062224067747593, -1.5187184810638428, 2.4009459018707275, -0.1265585720539093, -2.61491060256958, 5.3068623542785645, -2.5484843254089355, 1.8632721900939941, -2.8534209728240967, -0.4194977581501007, -0.18710249662399292, 0.3907252550125122, -0.042559415102005005, 0.007961273193359375, 0.9226741790771484, -0.0371074378490448, -4.107345104217529, 0.9531826972961426, -1.8657653331756592, 0.9526423811912537, 14.944070816040039, 1.0, 1.0, 1.0, 0.0, 1.0, 1.0, 1.0, 1.0, 1.0, 1.0, 1.0, 1.0]"
277,6.295307684922591e-05,0.0,468.5443420410156,1.287258965021465e-05,0.0,95.80754089355469,0.0,0.0,0.0,0.0,0.0,0.0,0.8345872163772583,-0.03292893245816231,0.14035837352275848,-0.2708737850189209,-0.32550883293151855,0.0776861310005188,0.5751171708106995,0.5349421501159668,-0.2299882024526596,0.4971911311149597,-2.3173673152923584,-0.5736420154571533,0.30531951785087585,-0.43439170718193054,8.441283226013184,"[0.8345872163772583, -0.03292893245816231, 0.14035837352275848, -0.5526211857795715, 0.46029505133628845, 0.008032376877963543, 0.03646474704146385, -0.00539972260594368, -0.9993205070495605, 0.699999988079071, 0.0, 0.0, -0.2708737850189209, -0.32550883293151855, 0.0776861310005188, -0.0003871917724609375, 0.13494214415550232, 0.17001180350780487, 0.09719112515449524, -1.9173673391342163, 0.22635799646377563, -0.4946804940700531, 0.3656083047389984, 7.64128303527832, 0.8459361791610718, 0.7233311533927917, 0.7993254065513611, -0.09808395057916641, -0.49995219707489014, 2.847275495529175, 0.27919071912765503, -2.194643974304199, 1.9338562488555908, -3.561598539352417, -2.3952431678771973, -5.153659343719482, -0.29934510588645935, -0.4699230492115021, -0.002359669655561447, 0.19805583357810974, -0.37843358516693115, -0.495623379945755, 0.18329721689224243, -3.6683905124664307, 1.1097668409347534, -1.505706787109375, 0.2224382907152176, 14.495558738708496, 1.0, 1.0, 1.0, 1.0, 1.0, 1.0, 1.0, 1.0, 1.0, 1.0, 1.0, 1.0]"
278,5.741793574998155e-05,0.0,427.34765625,0.0,0.0,0.0,0.0,0.0,0.0,0.0,0.0,0.0,0.7507427930831909,-0.043493639677762985,0.11019892245531082,-0.26685619354248047,-0.3204587996006012,0.0848110020160675,0.5754551887512207,0.5547972321510315,-0.19850566983222961,0.5031402111053467,-2.344130039215088,-0.5727118253707886,0.26416462659835815,-0.5089970231056213,8.334799766540527,"[0.7507427930831909, -0.043493639677762985, 0.11019892245531082, 0.05865691602230072, 0.2101985067129135, 0.040310874581336975, 0.04224241152405739, -0.0021045145113021135, -0.9991051554679871, 0.699999988079071, 0.0, 0.0, -0.26685619354248047, -0.3204587996006012, 0.0848110020160675, -4.9173831939697266e-05, 0.15479722619056702, 0.20149433612823486, 0.1031402051448822, -1.9441300630569458, 0.22728818655014038, -0.5358353853225708, 0.2910029888153076, 7.534799575805664, -0.0018636430613696575, -0.10366469621658325, -0.08136317133903503, 0.04382055625319481, 0.7656955718994141, -0.05457466095685959, 0.1444079875946045, -0.6803925037384033, 0.34472519159317017, 0.468583881855011, -3.8739638328552246, -5.893712043762207, -0.27141061425209045, -0.7498458027839661, -0.17829559743404388, 0.026937872171401978, -0.26255226135253906, -1.506548285484314, 0.06602546572685242, -3.624518871307373, 1.072619915008545, -0.9514427185058594, -0.24314449727535248, 13.635239601135254, 1.0, 1.0, 1.0, 1.0, 1.0, 1.0, 1.0, 1.0, 1.0, 1.0, 1.0, 1.0]"
279,4.360155071481131e-05,0.0,324.51568603515625,0.0,0.0,0.0,0.0,0.0,0.0,0.0,0.0,0.0,0.6262339949607849,-0.04421720281243324,0.06013712286949158,-0.276283323764801,-0.3400057256221771,0.06522604078054428,0.5754798650741577,0.5592789649963379,-0.25888678431510925,0.5013121962547302,-2.3382585048675537,-0.5504376888275146,0.3329531252384186,-0.6127290725708008,8.194257736206055,"[0.6262339949607849, -0.04421720281243324, 0.06013712286949158, 0.7756823897361755, 0.04807358607649803, 0.10066661983728409, 0.04444747045636177, -0.012911583296954632, -0.9989284873008728, 0.699999988079071, 0.0, 0.0, -0.276283323764801, -0.3400057256221771, 0.06522604078054428, -2.4497509002685547e-05, 0.1592789590358734, 0.14111322164535522, 0.10131219029426575, -1.9382585287094116, 0.2495623230934143, -0.4670468866825104, 0.18727093935012817, 7.394257545471191, -0.6948093175888062, -1.432792067527771, -1.4025906324386597, 0.03763756528496742, 0.13581793010234833, -4.44923210144043, -0.2836375832557678, 0.7880976796150208, 1.2639012336730957, 3.3914966583251953, -5.701175689697266, -7.376095294952393, -0.15955433249473572, -0.8360686898231506, -0.09057553112506866, 0.2481326162815094, -0.06731647253036499, -1.1894114017486572, 0.06329980492591858, -3.5857431888580322, 1.0663865804672241, -0.683005690574646, -0.22644518315792084, 13.498822212219238, 1.0, 1.0, 1.0, 0.0, 1.0, 1.0, 1.0, 1.0, 1.0, 1.0, 1.0, 1.0]"
280,2.829536606441252e-05,0.0,210.59548950195312,0.0,0.0,0.0,0.0,0.0,0.0,0.0,0.0,0.0,0.5737859606742859,-0.07171650975942612,-0.042152151465415955,-0.2903951108455658,-0.3743853271007538,0.035218026489019394,0.5754899382591248,0.5612756609916687,-0.37154218554496765,0.48492807149887085,-2.309370279312134,-0.5212138295173645,0.3820224702358246,-0.695561945438385,8.047940254211426,"[0.5737859606742859, -0.07171650975942612, -0.042152151465415955, 0.7437947392463684, -0.22589774429798126, 0.05510704219341278, 0.042378850281238556, -0.029427241533994675, -0.9986678957939148, 0.699999988079071, 0.0, 0.0, -0.2903951108455658, -0.3743853271007538, 0.035218026489019394, -1.4424324035644531e-05, 0.16127565503120422, 0.028457820415496826, 0.08492806553840637, -1.9093703031539917, 0.27878618240356445, -0.41797754168510437, 0.10443806648254395, 7.2479400634765625, -0.6238183975219727, -1.7190130949020386, -1.381803274154663, 0.03288052976131439, 0.22526302933692932, -5.900055408477783, -1.2059235572814941, 1.756807804107666, 1.4224720001220703, 2.255709648132324, -2.170553207397461, -7.050580978393555, -0.10240092873573303, -0.7533981204032898, -0.09022088348865509, 0.4399873614311218, -0.04861485958099365, -0.16195932030677795, -0.004265695810317993, -3.6168763637542725, 0.9978921413421631, -0.5663462281227112, 0.16906245052814484, 14.204909324645996, 1.0, 1.0, 1.0, 0.0, 1.0, 1.0, 1.0, 1.0, 1.0, 1.0, 1.0, 1.0]"
281,0.0,0.0,0.0,0.0,0.0,0.0,0.0,0.0,0.0,0.0,0.0,0.0,0.6251893043518066,-0.11795996129512787,-0.19244350492954254,-0.29594898223876953,-0.3960326611995697,0.016732728108763695,0.5755041241645813,0.5705944895744324,-0.4606395959854126,0.45150133967399597,-2.2745208740234375,-0.49451056122779846,0.39360854029655457,-0.6563711166381836,8.006467819213867,"[0.6251893043518066, -0.11795996129512787, -0.19244350492954254, 0.2635974884033203, -0.5845457911491394, -0.013920202851295471, 0.03300516679883003, -0.03942926600575447, -0.9986770153045654, 0.699999988079071, 0.0, 0.0, -0.29594898223876953, -0.3960326611995697, 0.016732728108763695, -2.384185791015625e-07, 0.1705944836139679, -0.06063959002494812, 0.051501333713531494, -1.8745208978652954, 0.3054894506931305, -0.4063914716243744, 0.14362889528274536, 7.206467628479004, 0.04858589172363281, -0.33277031779289246, -0.5190688371658325, 0.00040215865010395646, 0.6750219464302063, -2.9670352935791016, -2.0352237224578857, 1.6280338764190674, 0.6856150031089783, -1.6483551263809204, 5.1231689453125, 1.4691959619522095, -0.5848596692085266, -0.2165936529636383, 0.2866401970386505, 0.18582966923713684, 0.3607185482978821, 1.333778738975525, -0.3288590610027313, -3.7684524059295654, 0.3532360792160034, -1.0114164352416992, 1.3328839540481567, 14.90131664276123, 1.0, 1.0, 1.0, 1.0, 1.0, 1.0, 1.0, 1.0, 1.0, 1.0, 1.0, 1.0]"
282,0.0,0.0,0.0,0.0001007136088446714,0.0,749.5867919921875,0.0,0.0,0.0,0.0,0.0,0.0,0.6760077476501465,-0.12518446147441864,-0.22604039311408997,-0.29504135251045227,-0.3946197032928467,0.017903881147503853,0.5754879117012024,0.588756263256073,-0.48081764578819275,0.40877535939216614,-2.2512974739074707,-0.5516126751899719,0.4193621575832367,-0.5363675951957703,8.059861183166504,"[0.6760077476501465, -0.12518446147441864, -0.22604039311408997, 0.5694261789321899, -0.14458170533180237, -0.1300564408302307, 0.023404518142342567, -0.04238571599125862, -0.9988272190093994, 0.699999988079071, 0.0, 0.0, -0.29504135251045227, -0.3946197032928467, 0.017903881147503853, -1.6450881958007812e-05, 0.18875625729560852, -0.08081763982772827, 0.00877535343170166, -1.8512974977493286, 0.24838733673095703, -0.38063785433769226, 0.2636324167251587, 7.259860992431641, -0.6199595332145691, -0.6149126291275024, -0.15888307988643646, 0.04294821619987488, 0.6746388673782349, -1.108575701713562, -2.1317877769470215, 0.6833774447441101, -4.282484531402588, 3.73677921295166, 5.153794288635254, 2.9516642093658447, -0.6631423830986023, -0.3963794410228729, 0.5678482055664062, 0.5803235769271851, 0.6263557076454163, 0.8889509439468384, -0.17152062058448792, -3.600733995437622, -0.1673528403043747, -1.210413932800293, 1.2680352926254272, 15.189203262329102, 1.0, 1.0, 1.0, 1.0, 1.0, 1.0, 1.0, 1.0, 1.0, 1.0, 1.0, 1.0]"
283,0.0,0.0,0.0,6.537746958201751e-05,0.0,486.5885314941406,1.3118869901518337e-05,0.0,97.64054107666016,0.0,0.0,0.0,0.7256346344947815,-0.092435322701931,-0.057233043015003204,-0.31537875533103943,-0.40181395411491394,0.01350763812661171,0.5753988027572632,0.6067048907279968,-0.47636041045188904,0.42471545934677124,-2.231583833694458,-0.6494327187538147,0.45139700174331665,-0.5226297378540039,8.1632719039917,"[0.7256346344947815, -0.092435322701931, -0.057233043015003204, 0.20961207151412964, -0.047773577272892, -0.04030228778719902, 0.022021330893039703, -0.0505642294883728, -0.9984781742095947, 0.699999988079071, 0.0, 0.0, -0.31537875533103943, -0.40181395411491394, 0.01350763812661171, -0.0001055598258972168, 0.20670488476753235, -0.07636040449142456, 0.024715453386306763, -1.831583857536316, 0.15056729316711426, -0.3486030101776123, 0.27737027406692505, 7.363271713256836, -1.0581634044647217, -0.13638867437839508, -0.017992950975894928, -0.009394962340593338, 0.9116266965866089, 0.36037471890449524, 1.682357907295227, 1.2787423133850098, -4.973208904266357, 1.311434268951416, -0.8830968141555786, 5.950309753417969, -0.5792836546897888, -0.2667199671268463, 0.3709113299846649, 0.5542844533920288, 0.43205952644348145, 0.6038134098052979, -0.4445609748363495, -3.925077199935913, -0.3030182719230652, -1.3119875192642212, 1.2421250343322754, 15.599137306213379, 1.0, 1.0, 1.0, 1.0, 1.0, 1.0, 1.0, 1.0, 1.0, 1.0, 1.0, 1.0]"
284,0.0,0.0,0.0,5.341111682355404e-05,0.0,397.52587890625,4.078571146237664e-05,0.0,303.5580749511719,0.0,0.0,0.0,0.7143425941467285,-0.07003746926784515,0.05618271231651306,-0.32834309339523315,-0.3972545862197876,0.0194193497300148,0.5755081176757812,0.6198911070823669,-0.4583572745323181,0.4459506869316101,-2.2060322761535645,-0.7456264495849609,0.4590133726596832,-0.5219190716743469,8.281373977661133,"[0.7143425941467285, -0.07003746926784515, 0.05618271231651306, -0.2719925343990326, 0.015553760342299938, -0.040381189435720444, 0.021968618035316467, -0.047604601830244064, -0.9986245036125183, 0.699999988079071, 0.0, 0.0, -0.32834309339523315, -0.3972545862197876, 0.0194193497300148, 3.7550926208496094e-06, 0.21989110112190247, -0.05835726857185364, 0.04595068097114563, -1.8060322999954224, 0.05437356233596802, -0.3409866392612457, 0.27808094024658203, 7.4813737869262695, -0.38176974654197693, 0.3532387316226959, 0.4206264317035675, -0.022733794525265694, 0.37003204226493835, 0.872015655040741, 0.9448431730270386, 1.0706309080123901, -4.280054569244385, 0.34594330191612244, 0.24722920358181, 5.778249263763428, -0.31860992312431335, -0.7060322165489197, 0.41556549072265625, 0.52852463722229, 0.528900146484375, 0.6294671297073364, 0.029792100191116333, -4.0763044357299805, -0.30580687522888184, -1.200452446937561, 1.2329508066177368, 15.630942344665527, 1.0, 1.0, 1.0, 1.0, 1.0, 1.0, 1.0, 1.0, 1.0, 1.0, 1.0, 1.0]"
285,0.0,0.0,0.0,4.64970653411001e-05,0.0,346.0662841796875,3.25652799801901e-05,0.0,242.37539672851562,0.0,0.0,0.0,0.7282447814941406,-0.048606470227241516,0.08699673414230347,-0.3240428566932678,-0.38898906111717224,0.028201080858707428,0.5754988193511963,0.6183407306671143,-0.4336452782154083,0.45965448021888733,-2.2010321617126465,-0.8001177310943604,0.4545404016971588,-0.5091280937194824,8.385720252990723,"[0.7282447814941406, -0.048606470227241516, 0.08699673414230347, -0.2758921980857849, 0.05640267953276634, -0.04091779887676239, 0.0225650817155838, -0.04094512388110161, -0.9989065527915955, 0.699999988079071, 0.0, 0.0, -0.3240428566932678, -0.38898906111717224, 0.028201080858707428, -5.543231964111328e-06, 0.21834072470664978, -0.03364527225494385, 0.05965447425842285, -1.8010321855545044, -0.00011771917343139648, -0.34545961022377014, 0.29087191820144653, 7.585720062255859, 0.47353777289390564, 0.3453013598918915, 0.38504186272621155, -0.0021933764219284058, -0.36989474296569824, 1.1742113828659058, 0.6898844242095947, -0.2829184830188751, -1.4226011037826538, -0.18588344752788544, 0.6127949357032776, 4.635400295257568, -0.4745520055294037, -0.526246964931488, 0.31220924854278564, 0.45893996953964233, 0.5331336855888367, 0.5938096046447754, -0.0380573570728302, -4.104115009307861, -0.09170283377170563, -1.3288073539733887, 1.3130598068237305, 15.614377975463867, 1.0, 1.0, 1.0, 1.0, 1.0, 1.0, 1.0, 1.0, 1.0, 1.0, 1.0, 1.0]"
286,0.0,0.0,0.0,5.021073593525216e-05,0.0,373.70623779296875,3.623129305196926e-05,0.0,269.66064453125,0.0,0.0,0.0,0.7535930871963501,-0.025150015950202942,0.11528560519218445,-0.31081077456474304,-0.3827863037586212,0.034042395651340485,0.5754972696304321,0.6078288555145264,-0.40152987837791443,0.47163310647010803,-2.2206220626831055,-0.7970083951950073,0.4367779493331909,-0.49418875575065613,8.444940567016602,"[0.7535930871963501, -0.025150015950202942, 0.11528560519218445, -0.17411427199840546, 0.12232975661754608, -0.024836508557200432, 0.024308178573846817, -0.03643045201897621, -0.9990405440330505, 0.699999988079071, 0.0, 0.0, -0.31081077456474304, -0.3827863037586212, 0.034042395651340485, -7.092952728271484e-06, 0.2078288495540619, -0.0015298724174499512, 0.07163310050964355, -1.8206220865249634, 0.002991616725921631, -0.36322206258773804, 0.3058112561702728, 7.644940376281738, 0.6740513443946838, 0.256504088640213, 0.24223220348358154, -0.023564957082271576, -0.6235387921333313, 1.571661353111267, 0.5879973769187927, -1.2935136556625366, 1.1604405641555786, -0.9128431081771851, 0.7334333062171936, 1.7278709411621094, -0.44272252917289734, -0.4862382113933563, 0.33203956484794617, 0.3141980469226837, 0.5371584296226501, 0.7405492067337036, -0.12939667701721191, -4.1391801834106445, 0.14295317232608795, -1.443528652191162, 1.3132812976837158, 15.401665687561035, 1.0, 1.0, 1.0, 1.0, 1.0, 1.0, 1.0, 1.0, 1.0, 1.0, 1.0, 1.0]"
287,0.0,0.0,0.0,4.559418812277727e-05,0.0,339.3464050292969,3.704344271682203e-05,0.0,275.7052917480469,0.0,0.0,0.0,0.7734135985374451,-0.005806059576570988,0.16497866809368134,-0.2959328889846802,-0.3754833936691284,0.039787355810403824,0.5755012035369873,0.5953125357627869,-0.360975444316864,0.47784483432769775,-2.2522330284118652,-0.7493768930435181,0.4036325216293335,-0.47046801447868347,8.4444580078125,"[0.7734135985374451, -0.005806059576570988, 0.16497866809368134, -0.31017911434173584, 0.17376242578029633, 0.0012423053849488497, 0.027232637628912926, -0.031009435653686523, -0.9991482496261597, 0.699999988079071, 0.0, 0.0, -0.2959328889846802, -0.3754833936691284, 0.039787355810403824, -3.159046173095703e-06, 0.1953125298023224, 0.039024561643600464, 0.07784482836723328, -1.8522330522537231, 0.05062311887741089, -0.39636749029159546, 0.3295319974422455, 7.644457817077637, 0.7511978149414062, 0.41751015186309814, 0.32821062207221985, -0.031297292560338974, -0.7267665266990662, 2.0260257720947266, 0.2380131483078003, -1.680592656135559, 3.4269397258758545, -1.7711158990859985, 1.2940877676010132, -1.3574036359786987, -0.5148623585700989, -0.2767626643180847, 0.3110549747943878, 0.12430950999259949, 0.40007251501083374, 0.8461645841598511, -0.22641193866729736, -4.161007881164551, 0.5071556568145752, -1.6414450407028198, 1.2276642322540283, 15.001513481140137, 1.0, 1.0, 1.0, 1.0, 1.0, 1.0, 1.0, 1.0, 1.0, 1.0, 1.0, 1.0]"
288,0.0,0.0,0.0,4.168164014117792e-05,0.0,310.22625732421875,1.9246408555773087e-05,0.0,143.24630737304688,0.0,0.0,0.0,0.7904758453369141,0.0001465315872337669,0.1843443363904953,-0.27995792031288147,-0.3644556701183319,0.04788200557231903,0.5755118727684021,0.5768644213676453,-0.31279245018959045,0.4782465696334839,-2.288170337677002,-0.659225583076477,0.35418009757995605,-0.4392905831336975,8.383713722229004,"[0.7904758453369141, 0.0001465315872337669, 0.1843443363904953, -0.4525377154350281, 0.3289066553115845, 0.02497793734073639, 0.03210579231381416, -0.02238672971725464, -0.9992338418960571, 0.699999988079071, 0.0, 0.0, -0.27995792031288147, -0.3644556701183319, 0.04788200557231903, 7.510185241699219e-06, 0.1768644154071808, 0.08720755577087402, 0.07824656367301941, -1.8881703615188599, 0.1407744288444519, -0.4458199143409729, 0.36070942878723145, 7.583713531494141, 0.8325364589691162, 0.5896939635276794, 0.4279846251010895, -0.014123847708106041, -1.1999857425689697, 2.4000213146209717, 0.13306193053722382, -1.7852766513824463, 5.336339473724365, -2.6562983989715576, 1.233211874961853, -4.315949440002441, -0.4220919907093048, -0.2607394754886627, 0.380941778421402, 0.133254736661911, 0.03064584732055664, 0.824344277381897, 0.12694936990737915, -3.971125364303589, 0.9753714799880981, -1.7748215198516846, 0.7866073250770569, 14.48767375946045, 1.0, 1.0, 1.0, 1.0, 1.0, 1.0, 1.0, 1.0, 1.0, 1.0, 1.0, 1.0]"
289,9.716146450955421e-05,0.0,723.1489868164062,7.664756594749633e-06,0.0,57.04690933227539,0.0,0.0,0.0,0.0,0.0,0.0,0.8221246004104614,-0.021240441128611565,0.13436052203178406,-0.2624492347240448,-0.3520709276199341,0.0614597424864769,0.5751244425773621,0.5493783354759216,-0.2598724961280823,0.48538869619369507,-2.318380117416382,-0.5617864727973938,0.28722333908081055,-0.4608888030052185,8.275930404663086,"[0.8221246004104614, -0.021240441128611565, 0.13436052203178406, -0.2610587477684021, 0.44336262345314026, -0.051923420280218124, 0.0421830378472805, -0.013258345425128937, -0.9990222454071045, 0.699999988079071, 0.0, 0.0, -0.2624492347240448, -0.3520709276199341, 0.0614597424864769, -0.00037992000579833984, 0.14937832951545715, 0.1401275098323822, 0.08538869023323059, -1.9183801412582397, 0.23821353912353516, -0.5127766728401184, 0.33911120891571045, 7.475930213928223, 0.20881083607673645, 0.4068116843700409, 0.8046481609344482, 0.04045508801937103, 0.8661471009254456, 2.9147098064422607, 0.7051100730895996, -1.318960428237915, -0.1716850996017456, -3.6386842727661133, -3.416781187057495, -5.606959342956543, -0.38665106892585754, -0.39952167868614197, -0.08173899352550507, 0.31406620144844055, -0.20084893703460693, -0.3685877323150635, 0.21160197257995605, -3.6106021404266357, 1.1275447607040405, -1.358893632888794, 0.12086363136768341, 14.154680252075195, 1.0, 1.0, 1.0, 1.0, 1.0, 1.0, 1.0, 1.0, 1.0, 1.0, 1.0, 1.0]"
290,4.701886427938007e-05,0.0,349.9499206542969,0.0,0.0,0.0,0.0,0.0,0.0,0.0,0.0,0.0,0.7322860956192017,-0.042867206037044525,0.07060451060533524,-0.2609037458896637,-0.3461816906929016,0.070006363093853,0.5755026340484619,0.5673079490661621,-0.23387527465820312,0.4988727867603302,-2.327261447906494,-0.5600013732910156,0.27590641379356384,-0.5363223552703857,8.160578727722168,"[0.7322860956192017, -0.042867206037044525, 0.07060451060533524, 0.16625651717185974, 0.16272911429405212, 0.03956073150038719, 0.047608304768800735, -0.012645833194255829, -0.9987859725952148, 0.699999988079071, 0.0, 0.0, -0.2609037458896637, -0.3461816906929016, 0.070006363093853, -1.7285346984863281e-06, 0.16730794310569763, 0.16612473130226135, 0.09887278079986572, -1.927261471748352, 0.23999863862991333, -0.5240936279296875, 0.2636776566505432, 7.360578536987305, -0.12996959686279297, 0.10773824155330658, 0.018292909488081932, 0.04721217602491379, 0.615166962146759, -0.22616298496723175, 0.566794753074646, 0.1106579452753067, 0.5552321076393127, 2.4486265182495117, -3.900594711303711, -6.246301174163818, -0.2176125943660736, -0.6093035340309143, -0.16638262569904327, 0.11461809277534485, -0.20226949453353882, -1.4100157022476196, 0.08407047390937805, -3.6212644577026367, 1.0378832817077637, -0.924476683139801, -0.26144665479660034, 13.458168983459473, 1.0, 1.0, 1.0, 1.0, 1.0, 1.0, 1.0, 1.0, 1.0, 1.0, 1.0, 1.0]"
291,4.070252180099487e-05,0.0,302.9389343261719,0.0,0.0,0.0,0.0,0.0,0.0,0.0,0.0,0.0,0.6336892247200012,-0.05570662394165993,0.011846348643302917,-0.2706548571586609,-0.3537168800830841,0.054853539913892746,0.5755085945129395,0.5731586217880249,-0.28266531229019165,0.5052514672279358,-2.3098862171173096,-0.5376995801925659,0.33346614241600037,-0.6412842273712158,8.015373229980469,"[0.6336892247200012, -0.05570662394165993, 0.011846348643302917, 0.7272211909294128, -0.03286260738968849, 0.09234058111906052, 0.04844601824879646, -0.024059219285845757, -0.9985357522964478, 0.699999988079071, 0.0, 0.0, -0.2706548571586609, -0.3537168800830841, 0.054853539913892746, 4.231929779052734e-06, 0.17315861582756042, 0.11733469367027283, 0.10525146126747131, -1.9098862409591675, 0.26230043172836304, -0.4665338695049286, 0.15871578454971313, 7.2153730392456055, -0.7508082985877991, -0.6165099740028381, -1.087759017944336, 0.07134091109037399, 0.24241428077220917, -3.6050403118133545, 0.059588298201560974, 1.2382668256759644, 1.052196741104126, 2.710231065750122, -5.4535393714904785, -7.375629425048828, -0.09743401408195496, -0.733686089515686, -0.05627630278468132, 0.3608975112438202, -0.061463624238967896, -1.0004862546920776, 0.07399174571037292, -3.5287420749664307, 1.1199841499328613, -0.6484664082527161, -0.24411897361278534, 13.578003883361816, 1.0, 1.0, 1.0, 1.0, 1.0, 1.0, 1.0, 1.0, 1.0, 1.0, 1.0, 1.0]"
292,2.6499486921238713e-05,0.0,197.22918701171875,0.0,0.0,0.0,0.0,0.0,0.0,0.0,0.0,0.0,0.5978439450263977,-0.08856261521577835,-0.09045509994029999,-0.28243038058280945,-0.36847904324531555,0.03308899328112602,0.5755141377449036,0.5778179168701172,-0.3753201961517334,0.49447324872016907,-2.2756879329681396,-0.5083602666854858,0.388613224029541,-0.7139742970466614,7.897897243499756,"[0.5978439450263977, -0.08856261521577835, -0.09045509994029999, 0.6591116189956665, -0.3435511589050293, 0.05725165456533432, 0.0441959872841835, -0.03874577209353447, -0.9982712864875793, 0.699999988079071, 0.0, 0.0, -0.28243038058280945, -0.36847904324531555, 0.03308899328112602, 9.775161743164062e-06, 0.1778179109096527, 0.02467980980873108, 0.09447324275970459, -1.8756879568099976, 0.2916397452354431, -0.41138678789138794, 0.08602571487426758, 7.097897052764893, -0.6535780429840088, -0.6581536531448364, -0.957895040512085, 0.06359484046697617, 0.34636539220809937, -4.69444465637207, -0.9320104718208313, 1.8116647005081177, 1.3438204526901245, 2.1581990718841553, -1.645176887512207, -3.6865785121917725, -0.20717301964759827, -0.6352469325065613, -0.020880769938230515, 0.43612346053123474, 0.16787385940551758, 0.22341254353523254, -0.031015336513519287, -3.5987322330474854, 1.0061169862747192, -0.6578261852264404, 0.18259616196155548, 14.151911735534668, 1.0, 1.0, 1.0, 0.0, 1.0, 1.0, 1.0, 1.0, 1.0, 1.0, 1.0, 1.0]"
293,0.0,0.0,0.0,0.0,0.0,0.0,0.0,0.0,0.0,0.0,0.0,0.0,0.6479493975639343,-0.1346825212240219,-0.25116828083992004,-0.28683584928512573,-0.3680427670478821,0.02393372356891632,0.5755041241645813,0.5923475623130798,-0.4389174282550812,0.4646504521369934,-2.2404415607452393,-0.49292659759521484,0.3842231333255768,-0.6674896478652954,7.908185005187988,"[0.6479493975639343, -0.1346825212240219, -0.25116828083992004, 0.1559945046901703, -0.6316747069358826, -0.04114370793104172, 0.03330102935433388, -0.04705437645316124, -0.9983370900154114, 0.699999988079071, 0.0, 0.0, -0.28683584928512573, -0.3680427670478821, 0.02393372356891632, -2.384185791015625e-07, 0.19234755635261536, -0.0389174222946167, 0.06465044617652893, -1.8404415845870972, 0.3070734143257141, -0.4157768785953522, 0.13251036405563354, 7.108184814453125, 0.04233071208000183, 0.7299606204032898, 0.0143172238022089, 0.00044219871051609516, 1.274086833000183, -1.8516852855682373, -1.926635980606079, 1.7302656173706055, -1.4395545721054077, -2.2325963973999023, 5.37748384475708, 2.706528663635254, -0.6536217331886292, -0.20508244633674622, 0.47710421681404114, 0.2477932572364807, 0.518620491027832, 1.2225390672683716, -0.35008153319358826, -3.626859426498413, -0.0627143532037735, -1.136116623878479, 1.339203953742981, 14.947102546691895, 1.0, 1.0, 1.0, 0.0, 1.0, 1.0, 1.0, 1.0, 1.0, 1.0, 1.0, 1.0]"
294,0.0,0.0,0.0,6.535713328048587e-05,0.0,486.4371337890625,0.00013984821271151304,0.0,1040.8560791015625,0.0,0.0,0.0,0.7092302441596985,-0.10374920815229416,-0.25158315896987915,-0.29266801476478577,-0.36941465735435486,0.02895553968846798,0.576081395149231,0.6260573267936707,-0.4626097083091736,0.42277535796165466,-2.2101733684539795,-0.5964632630348206,0.4573233127593994,-0.5374701023101807,7.996212959289551,"[0.7092302441596985, -0.10374920815229416, -0.25158315896987915, 0.14193415641784668, -0.452920138835907, -0.00851489882916212, 0.02427460066974163, -0.050522178411483765, -0.9984278082847595, 0.699999988079071, 0.0, 0.0, -0.29266801476478577, -0.36941465735435486, 0.02895553968846798, 0.0005770325660705566, 0.22605732083320618, -0.0626097023487091, 0.022775352001190186, -1.8101733922958374, 0.2035367488861084, -0.34267669916152954, 0.2625299096107483, 7.1962127685546875, -0.7041958570480347, -0.21848151087760925, -0.7846631407737732, 0.035184115171432495, 1.6035088300704956, -0.9415789842605591, 1.1274795532226562, 1.4128340482711792, -4.978433609008789, 4.130673408508301, -0.047779083251953125, 5.636508941650391, -0.6476520895957947, -0.32478389143943787, 0.746813178062439, 0.6454325914382935, 0.5893603563308716, 0.9081045389175415, -0.34394943714141846, -3.6686623096466064, -0.3233521580696106, -1.2486156225204468, 1.1467092037200928, 15.530539512634277, 1.0, 1.0, 1.0, 0.0, 1.0, 1.0, 1.0, 1.0, 1.0, 1.0, 1.0, 1.0]"
295,0.0,0.0,0.0,6.89519802108407e-05,0.0,513.1926879882812,5.739165499107912e-05,0.0,427.1520690917969,0.0,0.0,0.0,0.7257577180862427,-0.09233810752630234,-0.07438457012176514,-0.3101889193058014,-0.3685414493083954,0.034005992114543915,0.5755959749221802,0.6529386043548584,-0.46322065591812134,0.46679630875587463,-2.1773321628570557,-0.6951696872711182,0.5084186792373657,-0.5561636686325073,8.123529434204102,"[0.7257577180862427, -0.09233810752630234, -0.07438457012176514, -0.13632218539714813, -0.21857674419879913, -0.04181477800011635, 0.017163757234811783, -0.049298737198114395, -0.9986368417739868, 0.699999988079071, 0.0, 0.0, -0.3101889193058014, -0.3685414493083954, 0.034005992114543915, 9.161233901977539e-05, 0.2529385983943939, -0.06322064995765686, 0.06679630279541016, -1.7773321866989136, 0.10483032464981079, -0.29158133268356323, 0.24383634328842163, 7.323529243469238, -0.8525528907775879, 0.14613550901412964, 0.3153320550918579, -0.002369266003370285, 1.1257866621017456, 0.21056054532527924, 1.525011658668518, 1.6239711046218872, -5.6901326179504395, 1.8580738306045532, -0.29662764072418213, 6.533597469329834, -0.44029179215431213, -0.39922937750816345, 0.6363874673843384, 0.49639764428138733, 0.24434351921081543, 0.7674340009689331, -0.260553240776062, -3.966146469116211, -0.5116983652114868, -1.1666054725646973, 0.9634472727775574, 15.852113723754883, 1.0, 1.0, 1.0, 0.0, 1.0, 1.0, 1.0, 1.0, 1.0, 1.0, 1.0, 1.0]"
296,0.0,0.0,0.0,5.4362168157240376e-05,0.0,404.6043395996094,4.040084240841679e-05,0.0,300.693603515625,0.0,0.0,0.0,0.7292993068695068,-0.07906819880008698,0.031118251383304596,-0.31555524468421936,-0.3615732789039612,0.04337276518344879,0.5755397081375122,0.6568416357040405,-0.44670191407203674,0.48724254965782166,-2.154301643371582,-0.7957031726837158,0.5231425166130066,-0.5501436591148376,8.262575149536133,"[0.7292993068695068, -0.07906819880008698, 0.031118251383304596, -0.30750080943107605, -0.03455331549048424, -0.06279008835554123, 0.015079181641340256, -0.04304806888103485, -0.9989592432975769, 0.699999988079071, 0.0, 0.0, -0.31555524468421936, -0.3615732789039612, 0.04337276518344879, 3.534555435180664e-05, 0.25684162974357605, -0.046701908111572266, 0.08724254369735718, -1.75430166721344, 0.004296839237213135, -0.27685749530792236, 0.2498563528060913, 7.4625749588012695, 0.04129921644926071, 0.3662301003932953, 0.47024771571159363, -0.015517947264015675, -0.4774508774280548, 0.9087331295013428, 1.0542117357254028, 0.7116308212280273, -3.942612648010254, 0.39819490909576416, 0.17511782050132751, 7.2306108474731445, -0.4639035165309906, -0.5115448236465454, 0.457894891500473, 0.5021090507507324, 0.45590275526046753, 0.6696040630340576, -0.16182932257652283, -4.008302688598633, -0.3543524742126465, -1.226058006286621, 1.0205134153366089, 15.981644630432129, 1.0, 1.0, 1.0, 0.0, 1.0, 1.0, 1.0, 1.0, 1.0, 1.0, 1.0, 1.0]"
297,0.0,0.0,0.0,4.576865831040777e-05,0.0,340.6449279785156,3.6705165257444605e-05,0.0,273.18756103515625,0.0,0.0,0.0,0.7527598142623901,-0.05841793119907379,0.06662119925022125,-0.3090613782405853,-0.3560808002948761,0.0500565804541111,0.5755249261856079,0.6346325874328613,-0.4181050956249237,0.5047786831855774,-2.1584017276763916,-0.839619517326355,0.5128559470176697,-0.5439419746398926,8.40300178527832,"[0.7527598142623901, -0.05841793119907379, 0.06662119925022125, -0.10710079222917557, 0.10479894280433655, -0.06499017030000687, 0.016325145959854126, -0.03914407640695572, -0.9991002678871155, 0.699999988079071, 0.0, 0.0, -0.3090613782405853, -0.3560808002948761, 0.0500565804541111, 2.0563602447509766e-05, 0.23463258147239685, -0.01810508966445923, 0.10477867722511292, -1.7584017515182495, -0.039619505405426025, -0.2871440649032593, 0.2560580372810364, 7.603001594543457, 0.38523027300834656, 0.1945558488368988, 0.23514683544635773, -0.01815766468644142, -1.3868893384933472, 1.437841534614563, 0.9933044910430908, -0.7065516710281372, -0.8878568410873413, -0.6671648025512695, 0.09794111549854279, 6.563632488250732, -0.4811713993549347, -0.4409462511539459, 0.4203231930732727, 0.41188231110572815, 0.5024545788764954, 0.7168115377426147, -0.189336895942688, -4.094378471374512, -0.12651844322681427, -1.3270305395126343, 1.1321890354156494, 15.92444133758545, 1.0, 1.0, 1.0, 0.0, 1.0, 1.0, 1.0, 1.0, 1.0, 1.0, 1.0, 1.0]"
298,0.0,0.0,0.0,4.575830098474398e-05,0.0,340.5678405761719,4.341562089393847e-05,0.0,323.1318359375,0.0,0.0,0.0,0.7782691121101379,-0.03633302450180054,0.11091352999210358,-0.3004020154476166,-0.3514402508735657,0.054891228675842285,0.575509250164032,0.6077308654785156,-0.38122716546058655,0.5189894437789917,-2.184485912322998,-0.8278330564498901,0.48732560873031616,-0.5330978035926819,8.503031730651855,"[0.7782691121101379, -0.03633302450180054, 0.11091352999210358, -0.16885383427143097, 0.14140260219573975, -0.04570763185620308, 0.018942471593618393, -0.036275919526815414, -0.9991623163223267, 0.699999988079071, 0.0, 0.0, -0.3004020154476166, -0.3514402508735657, 0.054891228675842285, 4.887580871582031e-06, 0.20773085951805115, 0.01877284049987793, 0.11898943781852722, -1.784485936164856, -0.02783304452896118, -0.3126744031906128, 0.26690220832824707, 7.703031539916992, 0.38982149958610535, 0.26148703694343567, 0.24532338976860046, -0.03409130126237869, -1.2827404737472534, 1.77655029296875, 0.6939201951026917, -1.5845674276351929, 1.4527379274368286, -1.2548209428787231, 0.6030886173248291, 3.8008031845092773, -0.541830837726593, -0.3432682454586029, 0.3789374828338623, 0.2748119831085205, 0.5458196997642517, 0.8085936307907104, -0.30763646960258484, -4.178006172180176, 0.1148299127817154, -1.4491639137268066, 1.192436695098877, 15.706741333007812, 1.0, 1.0, 1.0, 0.0, 1.0, 1.0, 1.0, 1.0, 1.0, 1.0, 1.0, 1.0]"
299,0.0,0.0,0.0,4.730299406219274e-05,0.0,352.0646057128906,4.308067218516953e-05,0.0,320.638916015625,0.0,0.0,0.0,0.8018068075180054,-0.016944345086812973,0.1666766107082367,-0.2931785583496094,-0.3425947427749634,0.0626482293009758,0.5755064487457275,0.587219774723053,-0.338234543800354,0.5241174101829529,-2.2237164974212646,-0.7800562381744385,0.45169469714164734,-0.506144642829895,8.532856941223145,"[0.8018068075180054, -0.016944345086812973, 0.1666766107082367, -0.4201066195964813, 0.14778877794742584, -0.004055298399180174, 0.021670369431376457, -0.029251907020807266, -0.9993369579315186, 0.699999988079071, 0.0, 0.0, -0.2931785583496094, -0.3425947427749634, 0.0626482293009758, 2.086162567138672e-06, 0.1872197687625885, 0.061765462160110474, 0.1241174042224884, -1.8237165212631226, 0.01994377374649048, -0.3483053147792816, 0.29385536909103394, 7.732856750488281, 0.2972903549671173, 0.5120127201080322, 0.4308304786682129, -0.010734613984823227, -0.980021595954895, 2.041445732116699, 0.18225884437561035, -2.1635730266571045, 3.253948211669922, -1.6846446990966797, 1.5015605688095093, -0.030010953545570374, -0.5438745617866516, -0.22186103463172913, 0.3293824791908264, 0.09071823954582214, 0.4443156123161316, 0.9084116220474243, -0.3704903721809387, -4.246156692504883, 0.4422954320907593, -1.6430130004882812, 1.1941778659820557, 15.367973327636719, 1.0, 1.0, 1.0, 0.0, 1.0, 1.0, 1.0, 1.0, 1.0, 1.0, 1.0, 1.0]"
300,0.0,0.0,0.0,4.277575862943195e-05,0.0,318.3695373535156,2.9019309295108542e-05,0.0,215.98362731933594,0.0,0.0,0.0,0.8242446780204773,-0.010483400896191597,0.19804565608501434,-0.28661513328552246,-0.3289075791835785,0.07367810606956482,0.5755166411399841,0.5674697756767273,-0.2891387939453125,0.5206286311149597,-2.272857904434204,-0.6955453753471375,0.40455469489097595,-0.46497389674186707,8.49720287322998,"[0.8242446780204773, -0.010483400896191597, 0.19804565608501434, -0.6130796670913696, 0.23694302141666412, 0.03964753448963165, 0.02520374394953251, -0.01782102882862091, -0.9995234608650208, 0.699999988079071, 0.0, 0.0, -0.28661513328552246, -0.3289075791835785, 0.07367810606956482, 1.2278556823730469e-05, 0.16746976971626282, 0.11086121201515198, 0.12062862515449524, -1.872857928276062, 0.1044546365737915, -0.395445317029953, 0.3350261151790619, 7.697202682495117, 0.38545310497283936, 0.737316906452179, 0.5833442211151123, -0.022157296538352966, -1.2041195631027222, 2.3486108779907227, -0.14580541849136353, -2.5396602153778076, 5.124619960784912, -2.351961374282837, 1.9507824182510376, -3.267976999282837, -0.42201903462409973, -0.17353352904319763, 0.35333654284477234, -0.020503371953964233, 0.04045677185058594, 0.9380651712417603, -0.06383918225765228, -4.115242958068848, 0.9258655309677124, -1.8501651287078857, 0.9401405453681946, 14.843171119689941, 1.0, 1.0, 1.0, 0.0, 1.0, 1.0, 1.0, 1.0, 1.0, 1.0, 1.0, 1.0]"
301,8.375478500965983e-05,0.0,623.3663940429688,1.6099618733278476e-05,0.0,119.82551574707031,0.0,0.0,0.0,0.0,0.0,0.0,0.8506805896759033,-0.02891618385910988,0.16335073113441467,-0.273132860660553,-0.312336266040802,0.08777258545160294,0.5749828219413757,0.5375365018844604,-0.236184760928154,0.5182082056999207,-2.320495128631592,-0.59183669090271,0.3429771363735199,-0.45275887846946716,8.402864456176758,"[0.8506805896759033, -0.02891618385910988, 0.16335073113441467, -0.43034106492996216, 0.370346337556839, -0.019554879516363144, 0.032963573932647705, -0.00439420435577631, -0.9994471073150635, 0.699999988079071, 0.0, 0.0, -0.273132860660553, -0.312336266040802, 0.08777258545160294, -0.000521540641784668, 0.13753649592399597, 0.16381524503231049, 0.11820819973945618, -1.9204951524734497, 0.208163321018219, -0.45702287554740906, 0.3472411334514618, 7.6028642654418945, 0.06320258975028992, 0.5724997520446777, 0.664448618888855, -0.10402584075927734, 0.5057923793792725, 2.8829543590545654, 0.10547604411840439, -2.211901903152466, 0.3921499252319336, -3.4266202449798584, -1.6279016733169556, -5.218311786651611, -0.29107746481895447, -0.4578426480293274, 0.06432534754276276, 0.188663512468338, -0.3496953248977661, -0.3224995732307434, 0.18233361840248108, -3.6989667415618896, 1.0910749435424805, -1.6004912853240967, 0.28588032722473145, 14.424623489379883, 1.0, 1.0, 1.0, 1.0, 1.0, 1.0, 1.0, 1.0, 1.0, 1.0, 1.0, 1.0]"
302,5.551108188228682e-05,0.0,413.1554260253906,0.0,0.0,0.0,0.0,0.0,0.0,0.0,0.0,0.0,0.760519802570343,-0.04824748635292053,0.11103399842977524,-0.26739147305488586,-0.30702584981918335,0.09598900377750397,0.5754539966583252,0.5579903721809387,-0.20082619786262512,0.5204407572746277,-2.3467793464660645,-0.5883563160896301,0.29928159713745117,-0.5214756727218628,8.293939590454102,"[0.760519802570343, -0.04824748635292053, 0.11103399842977524, 0.010941572487354279, 0.15957096219062805, 0.008645382709801197, 0.038026418536901474, -0.0008049983298406005, -0.9992760419845581, 0.699999988079071, 0.0, 0.0, -0.26739147305488586, -0.30702584981918335, 0.09598900377750397, -5.036592483520508e-05, 0.15799036622047424, 0.19917380809783936, 0.12044075131416321, -1.9467793703079224, 0.21164369583129883, -0.5007184147834778, 0.27852433919906616, 7.493939399719238, 0.07332315295934677, -0.05619772523641586, 0.03486485779285431, 0.04105997085571289, 0.7962606549263, 0.16831162571907043, -0.012624641880393028, -0.672937273979187, 0.4225389063358307, 0.460634708404541, -3.7464346885681152, -5.958061218261719, -0.25581905245780945, -0.6840717196464539, -0.2047397941350937, 0.08752909302711487, -0.28865283727645874, -1.4516454935073853, 0.08200934529304504, -3.637493848800659, 1.0501946210861206, -1.0553102493286133, -0.21728496253490448, 13.62470531463623, 1.0, 1.0, 1.0, 1.0, 1.0, 1.0, 1.0, 1.0, 1.0, 1.0, 1.0, 1.0]"
303,4.4138530938653275e-05,0.0,328.5122985839844,0.0,0.0,0.0,0.0,0.0,0.0,0.0,0.0,0.0,0.6360397934913635,-0.04600720852613449,0.062086086720228195,-0.27573224902153015,-0.3250081539154053,0.0772404596209526,0.5754766464233398,0.5628823041915894,-0.25305816531181335,0.5150774717330933,-2.3412914276123047,-0.5645737648010254,0.342854380607605,-0.6201848983764648,8.152606964111328,"[0.6360397934913635, -0.04600720852613449, 0.062086086720228195, 0.7632419466972351, 0.013326779007911682, 0.07631806284189224, 0.03942905738949776, -0.010947202332317829, -0.9991623163223267, 0.699999988079071, 0.0, 0.0, -0.27573224902153015, -0.3250081539154053, 0.0772404596209526, -2.771615982055664e-05, 0.16288229823112488, 0.14694184064865112, 0.11507746577262878, -1.9412914514541626, 0.23542624711990356, -0.457145631313324, 0.1798151135444641, 7.352606773376465, -0.6636061668395996, -1.3621081113815308, -1.427111029624939, 0.038635026663541794, 0.16317178308963776, -4.038306713104248, -0.46599268913269043, 0.7733572125434875, 1.3163073062896729, 1.817578673362732, -5.445980072021484, -7.3795952796936035, -0.1466597616672516, -0.8823343515396118, -0.0927727073431015, 0.2771546542644501, -0.09869405627250671, -1.280081868171692, 0.07537475228309631, -3.5342013835906982, 1.061682105064392, -0.7507643103599548, -0.23119859397411346, 13.507101058959961, 1.0, 1.0, 1.0, 0.0, 1.0, 1.0, 1.0, 1.0, 1.0, 1.0, 1.0, 1.0]"
304,2.8744085284415632e-05,0.0,213.93521118164062,0.0,0.0,0.0,0.0,0.0,0.0,0.0,0.0,0.0,0.5712441802024841,-0.06803255528211594,-0.03802450746297836,-0.2901822626590729,-0.36128339171409607,0.04463457316160202,0.5754874348640442,0.5643724799156189,-0.36529284715652466,0.49540355801582336,-2.310979127883911,-0.5334487557411194,0.38511648774147034,-0.7039825916290283,8.007974624633789,"[0.5712441802024841, -0.06803255528211594, -0.03802450746297836, 0.8089491724967957, -0.2452382594347, 0.03909789025783539, 0.03686206415295601, -0.028035836294293404, -0.9989267587661743, 0.699999988079071, 0.0, 0.0, -0.2901822626590729, -0.36128339171409607, 0.04463457316160202, -1.6927719116210938e-05, 0.16437247395515442, 0.03470715880393982, 0.09540355205535889, -1.910979151725769, 0.26655125617980957, -0.4148835241794586, 0.09601742029190063, 7.207974433898926, -0.6836872100830078, -1.9639290571212769, -1.5759648084640503, 0.03487948700785637, 0.18791210651397705, -6.098093509674072, -1.3515957593917847, 1.8759450912475586, 1.5143214464187622, 2.4012534618377686, -2.4172871112823486, -6.7103047370910645, -0.09342184662818909, -0.908997118473053, -0.09932442009449005, 0.47534865140914917, -0.04470634460449219, -0.3673383593559265, 0.03294321894645691, -3.5517823696136475, 0.9601229429244995, -0.5568066835403442, 0.1253097802400589, 14.151707649230957, 1.0, 1.0, 1.0, 0.0, 1.0, 1.0, 1.0, 1.0, 1.0, 1.0, 1.0, 1.0]"
305,0.0,0.0,0.0,0.0,0.0,0.0,0.0,0.0,0.0,0.0,0.0,0.0,0.6173533201217651,-0.10813608020544052,-0.18790923058986664,-0.29766273498535156,-0.39387547969818115,0.020689738914370537,0.5755040645599365,0.5724419355392456,-0.46152201294898987,0.45881161093711853,-2.272214889526367,-0.5053514242172241,0.3982354998588562,-0.665995717048645,7.9772138595581055,"[0.6173533201217651, -0.10813608020544052, -0.18790923058986664, 0.3791086971759796, -0.5829015374183655, -0.04755532741546631, 0.027440859004855156, -0.040200959891080856, -0.9988146424293518, 0.699999988079071, 0.0, 0.0, -0.29766273498535156, -0.39387547969818115, 0.020689738914370537, -2.980232238769531e-07, 0.17244192957878113, -0.06152200698852539, 0.05881160497665405, -1.872214913368225, 0.29464858770370483, -0.40176451206207275, 0.13400429487228394, 7.177213668823242, -0.04535020887851715, -1.0151835680007935, -0.809851348400116, 0.0004909527488052845, 0.6356395483016968, -3.3822598457336426, -2.222400665283203, 1.8793823719024658, 0.6017123460769653, -1.4409724473953247, 5.296208381652832, 1.7810389995574951, -0.573198139667511, -0.22545048594474792, 0.25789299607276917, 0.14880165457725525, 0.3646746277809143, 1.3452931642532349, -0.37332281470298767, -3.7510299682617188, 0.34173303842544556, -0.9759355783462524, 1.3312404155731201, 14.884150505065918, 1.0, 1.0, 1.0, 1.0, 1.0, 1.0, 1.0, 1.0, 1.0, 1.0, 1.0, 1.0]"
306,0.0,0.0,0.0,8.132251969072968e-05,0.0,605.263671875,0.0,0.0,0.0,0.0,0.0,0.0,0.6849051713943481,-0.1267702281475067,-0.23052486777305603,-0.2967693507671356,-0.40219342708587646,0.01669347658753395,0.5754872560501099,0.5931679606437683,-0.48509159684181213,0.40417906641960144,-2.23885178565979,-0.569806694984436,0.45416319370269775,-0.5234735608100891,8.043272972106934,"[0.6849051713943481, -0.1267702281475067, -0.23052486777305603, 0.6114464402198792, -0.17361339926719666, -0.18544845283031464, 0.018550043925642967, -0.0460883192718029, -0.9987649917602539, 0.699999988079071, 0.0, 0.0, -0.2967693507671356, -0.40219342708587646, 0.01669347658753395, -1.710653305053711e-05, 0.19316795468330383, -0.08509159088134766, 0.004179060459136963, -1.838851809501648, 0.23019331693649292, -0.3458368182182312, 0.27652645111083984, 7.24327278137207, -0.3935296833515167, -0.6261515021324158, -0.17245891690254211, 0.019729837775230408, 1.022452712059021, -0.6094357967376709, -2.959334135055542, 1.4454017877578735, -4.544094562530518, 2.9489378929138184, 6.75364351272583, 3.8811776638031006, -0.6694142818450928, -0.33606091141700745, 0.5321656465530396, 0.5764889717102051, 0.6401304602622986, 0.8829120397567749, -0.14288508892059326, -3.5789711475372314, -0.1596541553735733, -1.2015280723571777, 1.2560819387435913, 15.168774604797363, 1.0, 1.0, 1.0, 1.0, 1.0, 1.0, 1.0, 1.0, 1.0, 1.0, 1.0, 1.0]"
307,0.0,0.0,0.0,5.782497828477062e-05,0.0,430.377197265625,0.0,0.0,0.0,0.0,0.0,0.0,0.7360571026802063,-0.08731682598590851,-0.060806818306446075,-0.3140961825847626,-0.40946444869041443,0.012281358242034912,0.575388491153717,0.6158904433250427,-0.47875601053237915,0.43218958377838135,-2.2058231830596924,-0.6602529883384705,0.487199991941452,-0.5182342529296875,8.143987655639648,"[0.7360571026802063, -0.08731682598590851, -0.060806818306446075, 0.26644599437713623, -0.10705773532390594, -0.04679620638489723, 0.01533528883010149, -0.05388699844479561, -0.9984292984008789, 0.699999988079071, 0.0, 0.0, -0.3140961825847626, -0.40946444869041443, 0.012281358242034912, -0.00011587142944335938, 0.21589043736457825, -0.07875600457191467, 0.03218957781791687, -1.8058232069015503, 0.1397470235824585, -0.31280001997947693, 0.28176575899124146, 7.343987464904785, -1.0240252017974854, -0.2137611210346222, -0.03530283272266388, -0.127510666847229, 1.180086374282837, 0.520110011100769, 1.6402571201324463, 1.8655685186386108, -5.001726150512695, 1.1861861944198608, 4.0097737312316895, 5.53465461730957, -0.6611331105232239, -0.2061561644077301, 0.28787529468536377, 0.5472332239151001, 0.4424248933792114, 0.5740333795547485, -0.5193198919296265, -3.769609212875366, -0.2236279994249344, -1.4156495332717896, 1.1877882480621338, 15.625463485717773, 1.0, 1.0, 1.0, 1.0, 1.0, 1.0, 1.0, 1.0, 1.0, 1.0, 1.0, 1.0]"
308,0.0,0.0,0.0,5.325825259205885e-05,0.0,396.38818359375,4.857094609178603e-05,0.0,361.501708984375,0.0,0.0,0.0,0.72550368309021,-0.06298802047967911,0.04954995587468147,-0.3290684223175049,-0.40716156363487244,0.015951961278915405,0.5755452513694763,0.6317786574363708,-0.45890459418296814,0.4570605754852295,-2.1702752113342285,-0.7449802160263062,0.49321168661117554,-0.522128701210022,8.267115592956543,"[0.72550368309021, -0.06298802047967911, 0.04954995587468147, -0.18976683914661407, -0.007185874041169882, -0.02285418100655079, 0.014989590272307396, -0.0530417300760746, -0.9984799027442932, 0.699999988079071, 0.0, 0.0, -0.3290684223175049, -0.40716156363487244, 0.015951961278915405, 4.088878631591797e-05, 0.23177865147590637, -0.05890458822250366, 0.057060569524765015, -1.7702752351760864, 0.0550197958946228, -0.3067883253097534, 0.277871310710907, 7.46711540222168, -0.49960842728614807, 0.27637842297554016, 0.3036932945251465, -0.02239125594496727, 0.3633473515510559, 1.010523796081543, 1.0819283723831177, 1.6124060153961182, -3.0268874168395996, 0.16537825763225555, 0.09125248342752457, 6.359017848968506, -0.36494120955467224, -0.5717030167579651, 0.4629867970943451, 0.5254515409469604, 0.4403616189956665, 0.6300526857376099, -0.17480683326721191, -4.063453674316406, -0.17919780313968658, -1.3246948719024658, 1.1882777214050293, 15.7355375289917, 1.0, 1.0, 1.0, 1.0, 1.0, 1.0, 1.0, 1.0, 1.0, 1.0, 1.0, 1.0]"
309,0.0,0.0,0.0,4.738150892080739e-05,0.0,352.64898681640625,3.7120240449439734e-05,0.0,276.2768859863281,0.0,0.0,0.0,0.7346065640449524,-0.039160970598459244,0.10297448188066483,-0.32730963826179504,-0.39941921830177307,0.023563621565699577,0.5755112171173096,0.627555787563324,-0.43086761236190796,0.4698304831981659,-2.1549742221832275,-0.7841030955314636,0.4830382168292999,-0.5079782009124756,8.383687973022461,"[0.7346065640449524, -0.039160970598459244, 0.10297448188066483, -0.2785756587982178, 0.09044811129570007, -0.023259632289409637, 0.015963714569807053, -0.047111619263887405, -0.9987624287605286, 0.699999988079071, 0.0, 0.0, -0.32730963826179504, -0.39941921830177307, 0.023563621565699577, 6.854534149169922e-06, 0.2275557816028595, -0.03086760640144348, 0.06983047723770142, -1.7549742460250854, 0.015896916389465332, -0.31696179509162903, 0.29202181100845337, 7.583687782287598, 0.34571054577827454, 0.3709322512149811, 0.347980797290802, -0.02511424757540226, -0.5091838240623474, 1.4078809022903442, 0.6674543619155884, 0.16472716629505157, -1.3260042667388916, -0.65482097864151, 0.6279177069664001, 5.167373180389404, -0.4649631083011627, -0.5365121960639954, 0.3083346486091614, 0.44121816754341125, 0.5388168096542358, 0.6424984931945801, -0.034848958253860474, -4.131630897521973, -0.09476108849048615, -1.2884256839752197, 1.282404899597168, 15.637722969055176, 1.0, 1.0, 1.0, 1.0, 1.0, 1.0, 1.0, 1.0, 1.0, 1.0, 1.0, 1.0]"
310,0.0,0.0,0.0,4.526432167040184e-05,0.0,336.8912658691406,3.67227585229557e-05,0.0,273.3185119628906,0.0,0.0,0.0,0.7636633515357971,-0.014336654916405678,0.1246282085776329,-0.3154824674129486,-0.3926734924316406,0.029271237552165985,0.5755049586296082,0.6142258644104004,-0.395161509513855,0.48027458786964417,-2.1717417240142822,-0.7867968082427979,0.45814573764801025,-0.49150848388671875,8.448877334594727,"[0.7636633515357971, -0.014336654916405678, 0.1246282085776329, -0.20646882057189941, 0.1632792204618454, -0.013317533768713474, 0.01863226853311062, -0.04226629063487053, -0.9989328980445862, 0.699999988079071, 0.0, 0.0, -0.3154824674129486, -0.3926734924316406, 0.029271237552165985, 5.960464477539062e-07, 0.2142258584499359, 0.004838496446609497, 0.08027458190917969, -1.7717417478561401, 0.013203203678131104, -0.3418542742729187, 0.3084915280342102, 7.648877143859863, 0.6500426530838013, 0.30275270342826843, 0.23063436150550842, -0.0024485327303409576, -0.7362662553787231, 1.7555019855499268, 0.5395987629890442, -1.3506134748458862, 0.7536787986755371, -1.307868480682373, 0.7905884385108948, 1.8629118204116821, -0.4474357068538666, -0.48518213629722595, 0.33677688241004944, 0.31801608204841614, 0.5513563752174377, 0.7432407140731812, -0.1614534556865692, -4.161428451538086, 0.11352621018886566, -1.4548970460891724, 1.3199498653411865, 15.400463104248047, 1.0, 1.0, 1.0, 0.0, 1.0, 1.0, 1.0, 1.0, 1.0, 1.0, 1.0, 1.0]"
311,0.0,0.0,0.0,4.81085226056166e-05,0.0,358.0599670410156,3.7967838579788804e-05,0.0,282.5853271484375,0.0,0.0,0.0,0.7900018095970154,0.00697473157197237,0.1645258665084839,-0.3007880747318268,-0.38491347432136536,0.034942660480737686,0.5755079984664917,0.6003808975219727,-0.3525335192680359,0.4858466386795044,-2.209744453430176,-0.7473416328430176,0.42091482877731323,-0.46692702174186707,8.45621395111084,"[0.7900018095970154, 0.00697473157197237, 0.1645258665084839, -0.32623833417892456, 0.200822651386261, 0.01961698569357395, 0.022181730717420578, -0.03643107786774635, -0.9990898370742798, 0.699999988079071, 0.0, 0.0, -0.3007880747318268, -0.38491347432136536, 0.034942660480737686, 3.635883331298828e-06, 0.20038089156150818, 0.04746648669242859, 0.08584663271903992, -1.8097444772720337, 0.05265837907791138, -0.3790851831436157, 0.3330729901790619, 7.656213760375977, 0.7460075616836548, 0.4290240406990051, 0.29778212308883667, -0.00528339296579361, -0.8270723223686218, 2.0535566806793213, 0.22725459933280945, -2.157397747039795, 3.3006434440612793, -1.8369358777999878, 1.3245164155960083, -0.27029693126678467, -0.5642992854118347, -0.20336511731147766, 0.3994870185852051, 0.04706254601478577, 0.30910027027130127, 0.9093774557113647, -0.2636202871799469, -4.213346004486084, 0.5363651514053345, -1.6811904907226562, 1.2014070749282837, 15.255302429199219, 1.0, 1.0, 1.0, 0.0, 1.0, 1.0, 1.0, 1.0, 1.0, 1.0, 1.0, 1.0]"
312,0.0,0.0,0.0,4.241970964358188e-05,0.0,315.71954345703125,2.3273199985851534e-05,0.0,173.2167510986328,0.0,0.0,0.0,0.8068541884422302,0.009585327468812466,0.18426887691020966,-0.2842012941837311,-0.3727065622806549,0.04350436106324196,0.5755256414413452,0.5772053599357605,-0.30371755361557007,0.4850846827030182,-2.2576792240142822,-0.6518052816390991,0.370379239320755,-0.4336802661418915,8.42776870727539,"[0.8068541884422302, 0.009585327468812466, 0.18426887691020966, -0.5585271120071411, 0.3510303199291229, 0.05680866912007332, 0.02745388075709343, -0.02667013369500637, -0.999267041683197, 0.699999988079071, 0.0, 0.0, -0.2842012941837311, -0.3727065622806549, 0.04350436106324196, 2.1278858184814453e-05, 0.17720535397529602, 0.09628245234489441, 0.08508467674255371, -1.8576792478561401, 0.14819473028182983, -0.42962077260017395, 0.3663197457790375, 7.627768516540527, 0.9049719572067261, 0.7002562880516052, 0.5067394375801086, -0.011368166655302048, -1.5076910257339478, 2.363950252532959, 0.06584175676107407, -2.4275550842285156, 5.617287635803223, -2.606781244277954, 1.3971352577209473, -2.8237664699554443, -0.3834262192249298, -0.17075291275978088, 0.359465628862381, -0.011656314134597778, -0.0510675311088562, 0.8622562885284424, 0.031517595052719116, -4.045765399932861, 0.964693009853363, -1.8193085193634033, 0.841871440410614, 14.809563636779785, 1.0, 1.0, 1.0, 0.0, 1.0, 1.0, 1.0, 1.0, 1.0, 1.0, 1.0, 1.0]"
313,0.00014306700904853642,0.0,1064.812744140625,7.95600499259308e-06,0.0,59.214599609375,0.0,0.0,0.0,0.0,0.0,0.0,0.8457168340682983,-0.014293251559138298,0.15887762606143951,-0.2633354067802429,-0.35704901814460754,0.058378659188747406,0.5751261711120605,0.5487630367279053,-0.2512979805469513,0.4891575872898102,-2.3020071983337402,-0.5575791001319885,0.30465036630630493,-0.44910192489624023,8.344903945922852,"[0.8457168340682983, -0.014293251559138298, 0.15887762606143951, -0.37700822949409485, 0.3927958905696869, -0.03768211975693703, 0.03766965493559837, -0.014389168471097946, -0.9991868734359741, 0.699999988079071, 0.0, 0.0, -0.2633354067802429, -0.35704901814460754, 0.058378659188747406, -0.0003781914710998535, 0.1487630307674408, 0.14870202541351318, 0.0891575813293457, -1.9020072221755981, 0.24242091178894043, -0.495349645614624, 0.3508980870246887, 7.544903755187988, 0.1013164222240448, 0.5122427940368652, 0.8575490117073059, 0.20424078404903412, 1.8418738842010498, 2.993881940841675, 0.5591928362846375, -2.1259090900421143, -1.9957256317138672, -3.6186413764953613, -3.339862823486328, -4.4025702476501465, -0.30760911107063293, -0.4386635720729828, -0.05664525553584099, 0.2164052426815033, -0.4306755065917969, -0.6898951530456543, 0.16929936408996582, -3.612870693206787, 1.086789846420288, -1.3650193214416504, 0.09507150948047638, 14.439173698425293, 1.0, 1.0, 1.0, 1.0, 1.0, 1.0, 1.0, 1.0, 1.0, 1.0, 1.0, 1.0]"
314,5.093285653856583e-05,0.0,379.080810546875,0.0,0.0,0.0,0.0,0.0,0.0,0.0,0.0,0.0,0.7270469665527344,-0.04056725651025772,0.09451285749673843,-0.2592232823371887,-0.3480779826641083,0.06768684089183807,0.5754958987236023,0.5649824142456055,-0.232023224234581,0.49726560711860657,-2.3234641551971436,-0.5534637570381165,0.29400500655174255,-0.5291526913642883,8.246603965759277,"[0.7270469665527344, -0.04056725651025772, 0.09451285749673843, 0.025977352634072304, 0.14972300827503204, 0.0724596455693245, 0.04297390580177307, -0.010699870064854622, -0.9990189671516418, 0.699999988079071, 0.0, 0.0, -0.2592232823371887, -0.3480779826641083, 0.06768684089183807, -8.463859558105469e-06, 0.164982408285141, 0.16797678172588348, 0.09726560115814209, -1.9234641790390015, 0.2465362548828125, -0.5059950351715088, 0.2708473205566406, 7.446603775024414, -0.008711807429790497, 0.19343195855617523, 0.03282249718904495, 0.05582290142774582, 0.5876798629760742, -0.8134557604789734, 0.2312297224998474, -0.45019328594207764, 0.5977572202682495, 3.009413003921509, -3.9403676986694336, -5.613921165466309, -0.27616044878959656, -0.610354483127594, -0.18823425471782684, 0.10918095707893372, -0.1993701457977295, -1.4414223432540894, 0.07786241173744202, -3.6498656272888184, 1.0096651315689087, -0.8939445614814758, -0.2836156487464905, 13.48702621459961, 1.0, 1.0, 1.0, 1.0, 1.0, 1.0, 1.0, 1.0, 1.0, 1.0, 1.0, 1.0]"
315,3.884770558215678e-05,0.0,289.1339416503906,0.0,0.0,0.0,0.0,0.0,0.0,0.0,0.0,0.0,0.6266664266586304,-0.050654321908950806,0.03577113896608353,-0.267473965883255,-0.35590890049934387,0.051663838326931,0.575504720211029,0.5690035223960876,-0.29262229800224304,0.498196005821228,-2.315871477127075,-0.5290594100952148,0.3490263819694519,-0.6381240487098694,8.104497909545898,"[0.6266664266586304, -0.050654321908950806, 0.03577113896608353, 0.652963399887085, -0.021500656381249428, 0.12324419617652893, 0.04389355704188347, -0.020247889682650566, -0.9988312125205994, 0.699999988079071, 0.0, 0.0, -0.267473965883255, -0.35590890049934387, 0.051663838326931, 3.5762786865234375e-07, 0.16900351643562317, 0.10737770795822144, 0.09819599986076355, -1.915871500968933, 0.2709406018257141, -0.45097362995147705, 0.16187596321105957, 7.304497718811035, -0.6818711161613464, -0.6646134853363037, -1.1468273401260376, 0.06722167134284973, 0.15902724862098694, -4.1165771484375, -0.16213102638721466, 0.7804253101348877, 1.1572949886322021, 2.0779294967651367, -5.714735507965088, -7.3780107498168945, -0.12163957953453064, -0.7353705763816833, -0.035209011286497116, 0.35444751381874084, -0.09904319047927856, -0.9455146789550781, 0.04667225480079651, -3.554270029067993, 1.1270956993103027, -0.6453791856765747, -0.21637623012065887, 13.645438194274902, 1.0, 1.0, 1.0, 1.0, 1.0, 1.0, 1.0, 1.0, 1.0, 1.0, 1.0, 1.0]"
316,2.4444514565402642e-05,0.0,181.93453979492188,0.0,0.0,0.0,0.0,0.0,0.0,0.0,0.0,0.0,0.592892587184906,-0.08382386714220047,-0.07075867801904678,-0.2776709794998169,-0.37122398614883423,0.030031468719244003,0.5755138397216797,0.5721791982650757,-0.39199522137641907,0.4830949008464813,-2.288731575012207,-0.49793741106987,0.39617714285850525,-0.7068625688552856,7.970210075378418,"[0.592892587184906, -0.08382386714220047, -0.07075867801904678, 0.5433310866355896, -0.345924437046051, 0.07144208252429962, 0.03969680517911911, -0.033008210361003876, -0.9986664652824402, 0.699999988079071, 0.0, 0.0, -0.2776709794998169, -0.37122398614883423, 0.030031468719244003, 9.47713851928711e-06, 0.1721791923046112, 0.00800478458404541, 0.08309489488601685, -1.888731598854065, 0.30206260085105896, -0.4038228690624237, 0.09313744306564331, 7.170209884643555, -0.5304532051086426, -0.6566946506500244, -0.8900615572929382, 0.057993099093437195, 0.2792781591415405, -4.899901866912842, -1.1323740482330322, 1.5419418811798096, 1.4498229026794434, 1.9506243467330933, -1.2308446168899536, -5.2995147705078125, -0.2514403760433197, -0.6274568438529968, 0.009665686637163162, 0.3919179141521454, 0.18177449703216553, 0.36447450518608093, -0.012191325426101685, -3.647310495376587, 0.9980747699737549, -0.6463070511817932, 0.25681638717651367, 14.196511268615723, 1.0, 1.0, 1.0, 1.0, 1.0, 1.0, 1.0, 1.0, 1.0, 1.0, 1.0, 1.0]"
317,0.0,0.0,0.0,0.0,0.0,0.0,0.0,0.0,0.0,0.0,0.0,0.0,0.6487752199172974,-0.12717632949352264,-0.2395343780517578,-0.2793242931365967,-0.3702298402786255,0.023383386433124542,0.5755043029785156,0.5844389796257019,-0.4565690755844116,0.45199811458587646,-2.2594780921936035,-0.4832778573036194,0.3904881775379181,-0.6566413640975952,7.955787658691406,"[0.6487752199172974, -0.12717632949352264, -0.2395343780517578, 0.06455297023057938, -0.622009813785553, -0.020508715882897377, 0.02879396453499794, -0.03911960870027542, -0.9988197684288025, 0.699999988079071, 0.0, 0.0, -0.2793242931365967, -0.3702298402786255, 0.023383386433124542, -5.960464477539063e-08, 0.18443897366523743, -0.056569069623947144, 0.05199810862541199, -1.8594781160354614, 0.31672215461730957, -0.40951183438301086, 0.14335864782333374, 7.155787467956543, 0.19614288210868835, 0.7262629270553589, 0.12896695733070374, 1.7599581042304635e-05, 1.0514363050460815, -1.8969151973724365, -1.9195728302001953, 1.3994642496109009, -1.5271848440170288, -2.1308562755584717, 5.406759738922119, 1.63871431350708, -0.6681787967681885, -0.3041837513446808, 0.4608658254146576, 0.2636316120624542, 0.45771515369415283, 1.0896364450454712, -0.3378809094429016, -3.684105396270752, -0.0004325062036514282, -1.100630521774292, 1.3861984014511108, 14.755692481994629, 1.0, 1.0, 1.0, 0.0, 1.0, 1.0, 1.0, 1.0, 1.0, 1.0, 1.0, 1.0]"
318,0.0,0.0,0.0,6.600913184229285e-05,0.0,491.289794921875,1.6815019989735447e-05,0.0,125.15008544921875,0.0,0.0,0.0,0.6965796947479248,-0.11598021537065506,-0.2864970862865448,-0.2845251262187958,-0.3725448548793793,0.03318541869521141,0.5754937529563904,0.6134839653968811,-0.4805696904659271,0.4024977684020996,-2.2356491088867188,-0.5829953551292419,0.4651862382888794,-0.5158931016921997,8.019599914550781,"[0.6965796947479248, -0.11598021537065506, -0.2864970862865448, 0.4307803511619568, -0.24080131947994232, -0.1266804039478302, 0.02008184790611267, -0.04275695979595184, -0.9988836050033569, 0.699999988079071, 0.0, 0.0, -0.2845251262187958, -0.3725448548793793, 0.03318541869521141, -1.0609626770019531e-05, 0.21348395943641663, -0.08056968450546265, 0.002497762441635132, -1.8356491327285767, 0.217004656791687, -0.33481377363204956, 0.28410691022872925, 7.219599723815918, -0.7109493017196655, -0.4980265498161316, -0.1299944519996643, 0.02266743592917919, 1.3399215936660767, -0.9047439098358154, -2.3983519077301025, 0.9720466732978821, -5.067388534545898, 3.645946741104126, 4.976449489593506, 4.416189670562744, -0.5960600972175598, -0.33891740441322327, 0.7349846363067627, 0.6139639616012573, 0.6200461387634277, 0.938363790512085, -0.28001856803894043, -3.6821248531341553, -0.29706263542175293, -1.2540138959884644, 1.1753180027008057, 15.405256271362305, 1.0, 1.0, 1.0, 1.0, 1.0, 1.0, 1.0, 1.0, 1.0, 1.0, 1.0, 1.0]"
319,0.0,0.0,0.0,6.529952952405438e-05,0.0,486.0084533691406,2.4715478502912447e-05,0.0,183.95126342773438,0.0,0.0,0.0,0.7222598195075989,-0.08266592025756836,-0.07363495975732803,-0.30292242765426636,-0.3735417127609253,0.036154285073280334,0.5755631327629089,0.6383527517318726,-0.4808916449546814,0.43918129801750183,-2.2089803218841553,-0.6834096908569336,0.5142430067062378,-0.5284430980682373,8.138891220092773,"[0.7222598195075989, -0.08266592025756836, -0.07363495975732803, -0.11218471080064774, -0.22381643950939178, -0.026980195194482803, 0.013864828273653984, -0.043501369655132294, -0.9989573955535889, 0.699999988079071, 0.0, 0.0, -0.30292242765426636, -0.3735417127609253, 0.036154285073280334, 5.8770179748535156e-05, 0.23835274577140808, -0.08089163899421692, 0.039181292057037354, -1.8089803457260132, 0.11659032106399536, -0.28575700521469116, 0.27155691385269165, 7.33889102935791, -0.8821676969528198, 0.11863356083631516, 0.22877539694309235, 0.02582387998700142, 1.1111657619476318, 0.20928293466567993, 0.7672437429428101, 1.5036674737930298, -5.686374187469482, 1.8578920364379883, 0.890878438949585, 6.229239463806152, -0.6101318001747131, -0.2589785158634186, 0.3678976595401764, 0.5657159090042114, 0.3586277961730957, 0.6646314859390259, -0.5151592493057251, -3.893170118331909, -0.2806299328804016, -1.3354313373565674, 1.1699122190475464, 15.713173866271973, 1.0, 1.0, 1.0, 1.0, 1.0, 1.0, 1.0, 1.0, 1.0, 1.0, 1.0, 1.0]"
320,0.0,0.0,0.0,5.468662493512966e-05,0.0,407.0191955566406,4.604430796462111e-05,0.0,342.696533203125,0.0,0.0,0.0,0.7188828587532043,-0.05759742483496666,0.056927867233753204,-0.31468072533607483,-0.3668065667152405,0.04394480586051941,0.575556755065918,0.6449146866798401,-0.4646216332912445,0.45612186193466187,-2.183363437652588,-0.7637691497802734,0.5315866470336914,-0.513716995716095,8.268345832824707,"[0.7188828587532043, -0.05759742483496666, 0.056927867233753204, -0.30369409918785095, -0.14803755283355713, 0.0125464191660285, 0.010081837885081768, -0.03754472732543945, -0.9992440342903137, 0.699999988079071, 0.0, 0.0, -0.31468072533607483, -0.3668065667152405, 0.04394480586051941, 5.239248275756836e-05, 0.2449146807193756, -0.06462162733078003, 0.05612185597419739, -1.7833634614944458, 0.03623086214065552, -0.26841336488723755, 0.286283016204834, 7.468345642089844, -0.38657066226005554, 0.36364418268203735, 0.37463879585266113, -0.01569671556353569, -0.2366100251674652, 0.9200296401977539, 0.7408082485198975, 0.9662637114524841, -2.6975162029266357, 0.5403353571891785, 0.8932650685310364, 6.498846530914307, -0.28043410181999207, -0.6196824908256531, 0.45825257897377014, 0.5442439317703247, 0.4713408350944519, 0.6930001974105835, -0.012946277856826782, -4.040136814117432, -0.22603048384189606, -1.2464473247528076, 1.1581686735153198, 15.651164054870605, 1.0, 1.0, 1.0, 1.0, 1.0, 1.0, 1.0, 1.0, 1.0, 1.0, 1.0, 1.0]"
321,0.0,0.0,0.0,4.779529990628362e-05,0.0,355.728759765625,3.113720958936028e-05,0.0,231.74664306640625,0.0,0.0,0.0,0.7447620034217834,-0.04420003667473793,0.09086214005947113,-0.3124137222766876,-0.3608418107032776,0.0495510958135128,0.5755093097686768,0.629567563533783,-0.4361739754676819,0.46839961409568787,-2.1807126998901367,-0.7969950437545776,0.5241481065750122,-0.4954741895198822,8.379125595092773,"[0.7447620034217834, -0.04420003667473793, 0.09086214005947113, -0.11762000620365143, 0.0384051613509655, -0.013767634518444538, 0.009362158365547657, -0.03331037983298302, -0.9994012117385864, 0.699999988079071, 0.0, 0.0, -0.3124137222766876, -0.3608418107032776, 0.0495510958135128, 4.947185516357422e-06, 0.22956755757331848, -0.03617396950721741, 0.06839960813522339, -1.7807127237319946, 0.0030049681663513184, -0.27585190534591675, 0.30452582240104675, 7.57912540435791, 0.3594833016395569, 0.20976543426513672, 0.18884240090847015, -0.018916409462690353, -1.039954662322998, 1.4418375492095947, 0.7284836173057556, -0.3641856014728546, -0.759722113609314, -0.587449312210083, 0.6386887431144714, 4.593184471130371, -0.4645693600177765, -0.47291162610054016, 0.3683711290359497, 0.4327062666416168, 0.5136854648590088, 0.7062457799911499, -0.09569421410560608, -4.077443599700928, -0.06536746025085449, -1.3168282508850098, 1.2599183320999146, 15.56207275390625, 1.0, 1.0, 1.0, 0.0, 1.0, 1.0, 1.0, 1.0, 1.0, 1.0, 1.0, 1.0]"
322,0.0,0.0,0.0,4.629799150279723e-05,0.0,344.58465576171875,3.780000770348124e-05,0.0,281.336181640625,0.0,0.0,0.0,0.7783504724502563,-0.02846720442175865,0.11681652069091797,-0.30096131563186646,-0.35689693689346313,0.05263683199882507,0.5755090713500977,0.6081053614616394,-0.3990771174430847,0.4806768596172333,-2.2013094425201416,-0.7892952561378479,0.4991283416748047,-0.4803396463394165,8.43956470489502,"[0.7783504724502563, -0.02846720442175865, 0.11681652069091797, -0.08640668541193008, 0.13049006462097168, -0.014278600923717022, 0.011342069134116173, -0.03142739459872246, -0.9994421005249023, 0.699999988079071, 0.0, 0.0, -0.30096131563186646, -0.35689693689346313, 0.05263683199882507, 4.708766937255859e-06, 0.20810535550117493, 0.0009228885173797607, 0.0806768536567688, -1.8013094663619995, 0.010704755783081055, -0.30087167024612427, 0.31966036558151245, 7.639564514160156, 0.5818243026733398, 0.1934182494878769, 0.13518092036247253, -0.005522973835468292, -1.0477999448776245, 1.792224645614624, 0.6432512402534485, -1.367606282234192, 1.0045253038406372, -1.2661393880844116, 0.7068403959274292, 2.309720754623413, -0.478844553232193, -0.35837242007255554, 0.43174996972084045, 0.23233866691589355, 0.5246365070343018, 0.8350709676742554, -0.277912974357605, -4.179363250732422, 0.12493415176868439, -1.482072114944458, 1.212763786315918, 15.542852401733398, 1.0, 1.0, 1.0, 0.0, 1.0, 1.0, 1.0, 1.0, 1.0, 1.0, 1.0, 1.0]"
323,0.0,0.0,0.0,4.750679727294482e-05,0.0,353.58148193359375,3.9220591133926064e-05,0.0,291.9092712402344,0.0,0.0,0.0,0.8043053150177002,-0.013027981854975224,0.15986113250255585,-0.2892048954963684,-0.3501570224761963,0.05756335332989693,0.5755271315574646,0.5900976061820984,-0.3559301793575287,0.48684340715408325,-2.236811876296997,-0.750711977481842,0.4630902111530304,-0.4551747143268585,8.466987609863281,"[0.8043053150177002, -0.013027981854975224, 0.15986113250255585, -0.2887224853038788, 0.16722555458545685, 0.016890179365873337, 0.014258300885558128, -0.026848798617720604, -0.9995377659797668, 0.699999988079071, 0.0, 0.0, -0.2892048954963684, -0.3501570224761963, 0.05756335332989693, 2.276897430419922e-05, 0.1900976002216339, 0.04406982660293579, 0.08684340119361877, -1.836811900138855, 0.049288034439086914, -0.33690980076789856, 0.34482529759407043, 7.666987419128418, 0.5426869988441467, 0.3997419774532318, 0.2912358045578003, -0.021126847714185715, -0.9549751877784729, 2.045661449432373, 0.2775396704673767, -1.968965768814087, 3.0115559101104736, -1.7187871932983398, 1.326994776725769, 0.4795115292072296, -0.571049153804779, -0.2117454707622528, 0.3737473487854004, 0.055217593908309937, 0.3704248070716858, 0.8878685235977173, -0.3687646687030792, -4.214956760406494, 0.48327332735061646, -1.671447515487671, 1.1805278062820435, 15.310403823852539, 1.0, 1.0, 1.0, 0.0, 1.0, 1.0, 1.0, 1.0, 1.0, 1.0, 1.0, 1.0]"
324,0.0,0.0,0.0,4.198775422992185e-05,0.0,312.5046081542969,2.631176175782457e-05,0.0,195.83201599121094,0.0,0.0,0.0,0.82244473695755,-0.008458448573946953,0.18202923238277435,-0.2786839008331299,-0.33876076340675354,0.06573326885700226,0.575522243976593,0.567909300327301,-0.3071450889110565,0.48615309596061707,-2.2811496257781982,-0.6668489575386047,0.4149682819843292,-0.42000919580459595,8.445124626159668,"[0.82244473695755, -0.008458448573946953, 0.18202923238277435, -0.48147034645080566, 0.29084110260009766, 0.05655503645539284, 0.018685465678572655, -0.018131917342543602, -0.9996609687805176, 0.699999988079071, 0.0, 0.0, -0.2786839008331299, -0.33876076340675354, 0.06573326885700226, 1.7881393432617188e-05, 0.16790929436683655, 0.09285491704940796, 0.08615309000015259, -1.8811496496200562, 0.13315105438232422, -0.38503172993659973, 0.379990816116333, 7.645124435424805, 0.5373848676681519, 0.6284980177879333, 0.4505821466445923, -0.024102088063955307, -1.3683748245239258, 2.337212562561035, 0.06093026325106621, -2.27486252784729, 5.062159061431885, -2.423823118209839, 1.5252373218536377, -2.493847131729126, -0.40833351016044617, -0.16537027060985565, 0.37185195088386536, -0.036467522382736206, 0.03249284625053406, 0.9034298658370972, -0.08633105456829071, -4.10263204574585, 0.918181300163269, -1.8307095766067505, 0.9243687987327576, 14.85353946685791, 1.0, 1.0, 1.0, 0.0, 1.0, 1.0, 1.0, 1.0, 1.0, 1.0, 1.0, 1.0]"
325,1.5929814253468066e-05,0.0,118.56170654296875,1.694672209850978e-05,0.0,126.13031005859375,0.0,0.0,0.0,0.0,0.0,0.0,0.8296087384223938,-0.024361450225114822,0.11292938143014908,-0.26218563318252563,-0.3235028386116028,0.07840731739997864,0.5753154754638672,0.5305516719818115,-0.2555863857269287,0.4888840913772583,-2.3233087062835693,-0.5601015686988831,0.352839857339859,-0.4216867685317993,8.36502742767334,"[0.8296087384223938, -0.024361450225114822, 0.11292938143014908, -0.5177708864212036, 0.5582877993583679, 0.04697632044553757, 0.028043806552886963, -0.006515246815979481, -0.9995854496955872, 0.699999988079071, 0.0, 0.0, -0.26218563318252563, -0.3235028386116028, 0.07840731739997864, -0.0001888871192932129, 0.13055166602134705, 0.14441362023353577, 0.08888408541679382, -1.9233087301254272, 0.2398984432220459, -0.44716015458106995, 0.37831324338912964, 7.565027236938477, 0.14556187391281128, 0.6970682740211487, 0.6810389757156372, -0.15033826231956482, -1.7493560314178467, 2.6025407314300537, 0.3362862765789032, -1.8721846342086792, 0.7269964218139648, -3.3335752487182617, -2.6136231422424316, -4.789498329162598, -0.28297385573387146, -0.44200748205184937, 0.10037137567996979, 0.17398402094841003, -0.3410639762878418, -0.2956523597240448, 0.1552070677280426, -3.709434747695923, 1.0954461097717285, -1.5674498081207275, 0.26352977752685547, 14.46544361114502, 1.0, 1.0, 1.0, 1.0, 1.0, 1.0, 1.0, 1.0, 1.0, 1.0, 1.0, 1.0]"
326,6.017073610564694e-05,0.0,447.8360595703125,0.0,0.0,0.0,0.0,0.0,0.0,0.0,0.0,0.0,0.7675012350082397,-0.05211323872208595,0.10365036875009537,-0.2584644854068756,-0.31890133023262024,0.0880904272198677,0.575462818145752,0.5449774861335754,-0.21675501763820648,0.49613046646118164,-2.3453316688537598,-0.5522226095199585,0.30557167530059814,-0.4937962591648102,8.265607833862305,"[0.7675012350082397, -0.05211323872208595, 0.10365036875009537, 0.0795137882232666, 0.16373880207538605, -0.0015269708819687366, 0.0339193195104599, -0.004239633679389954, -0.9994156360626221, 0.699999988079071, 0.0, 0.0, -0.2584644854068756, -0.31890133023262024, 0.0880904272198677, -4.1544437408447266e-05, 0.14497748017311096, 0.183244988322258, 0.09613046050071716, -1.9453316926956177, 0.24777740240097046, -0.4944283366203308, 0.3062037527561188, 7.465607643127441, 0.01396920159459114, -0.07423819601535797, 0.20420369505882263, 0.060098275542259216, 0.7705507278442383, 0.5056843161582947, 0.281644344329834, -0.4875035881996155, 0.48258277773857117, -0.008950626477599144, -3.9004921913146973, -5.652865409851074, -0.20137754082679749, -0.7195054888725281, -0.16409389674663544, 0.04196849465370178, -0.2787454426288605, -1.440452218055725, 0.0932130515575409, -3.6147842407226562, 1.1007909774780273, -0.9749814867973328, -0.22303782403469086, 13.63219928741455, 1.0, 1.0, 1.0, 1.0, 1.0, 1.0, 1.0, 1.0, 1.0, 1.0, 1.0, 1.0]"
327,4.124677798245102e-05,0.0,306.98968505859375,0.0,0.0,0.0,0.0,0.0,0.0,0.0,0.0,0.0,0.6452752947807312,-0.053341250866651535,0.05065486952662468,-0.26700252294540405,-0.33692997694015503,0.07511775195598602,0.5755019187927246,0.5495399236679077,-0.2640155851840973,0.49845317006111145,-2.3359951972961426,-0.5272116661071777,0.35985857248306274,-0.5994440913200378,8.126971244812012,"[0.6452752947807312, -0.053341250866651535, 0.05065486952662468, 0.7711138129234314, 0.005219516344368458, 0.05992254987359047, 0.035123951733112335, -0.014921333640813828, -0.9992718696594238, 0.699999988079071, 0.0, 0.0, -0.26700252294540405, -0.33692997694015503, 0.07511775195598602, -2.4437904357910156e-06, 0.14953991770744324, 0.1359844207763672, 0.09845316410064697, -1.9359952211380005, 0.2727883458137512, -0.4401414394378662, 0.2005559206008911, 7.326971054077148, -0.7308543920516968, -1.3437535762786865, -1.1136747598648071, 0.0684879720211029, 0.14967894554138184, -3.7762527465820312, -0.061847757548093796, 0.9549830555915833, 1.229597568511963, 2.318453311920166, -5.714454174041748, -7.343001842498779, -0.18901309370994568, -0.8547534346580505, -0.11146460473537445, 0.3001980483531952, -0.08657634258270264, -1.2948089838027954, 0.08049514889717102, -3.5125489234924316, 1.064967393875122, -0.7371355295181274, -0.2397756427526474, 13.489029884338379, 1.0, 1.0, 1.0, 1.0, 1.0, 1.0, 1.0, 1.0, 1.0, 1.0, 1.0, 1.0]"
328,2.5623274268582463e-05,0.0,190.70774841308594,0.0,0.0,0.0,0.0,0.0,0.0,0.0,0.0,0.0,0.587395429611206,-0.07556607574224472,-0.05712943524122238,-0.28165262937545776,-0.3712075650691986,0.04702838882803917,0.5755005478858948,0.5515569448471069,-0.36816656589508057,0.4868673086166382,-2.3028945922851562,-0.4967569410800934,0.39518973231315613,-0.6880260109901428,7.983219623565674,"[0.587395429611206, -0.07556607574224472, -0.05712943524122238, 0.8265190124511719, -0.22161449491977692, 0.0365467369556427, 0.03285597264766693, -0.03247980773448944, -0.9989321827888489, 0.699999988079071, 0.0, 0.0, -0.28165262937545776, -0.3712075650691986, 0.04702838882803917, -3.814697265625e-06, 0.15155693888664246, 0.03183344006538391, 0.0868673026561737, -1.9028946161270142, 0.30324307084083557, -0.4048102796077728, 0.11197400093078613, 7.1832194328308105, -0.7965958714485168, -1.741417407989502, -1.3785591125488281, 0.05262324586510658, 0.26444268226623535, -5.583554744720459, -0.9691089391708374, 1.9519762992858887, 1.276544451713562, 1.70333731174469, -2.6695432662963867, -6.574107646942139, -0.22547420859336853, -0.674165666103363, -0.006950538605451584, 0.4050257205963135, 0.0879688560962677, 0.010019242763519287, -0.06810355186462402, -3.619611978530884, 1.0457091331481934, -0.6562836170196533, 0.125714972615242, 14.084649085998535, 1.0, 1.0, 1.0, 1.0, 1.0, 1.0, 1.0, 1.0, 1.0, 1.0, 1.0, 1.0]"
329,0.0,0.0,0.0,0.0,0.0,0.0,0.0,0.0,0.0,0.0,0.0,0.0,0.6330231428146362,-0.12319868803024292,-0.21917611360549927,-0.28837618231773376,-0.3913547694683075,0.029012562707066536,0.5755042433738708,0.5633817315101624,-0.4536098539829254,0.45442819595336914,-2.2643799781799316,-0.47776299715042114,0.39511170983314514,-0.6514507532119751,7.946117401123047,"[0.6330231428146362, -0.12319868803024292, -0.21917611360549927, 0.2897566258907318, -0.5391345620155334, -0.031152794137597084, 0.024121984839439392, -0.043491438031196594, -0.9987626075744629, 0.699999988079071, 0.0, 0.0, -0.28837618231773376, -0.3913547694683075, 0.029012562707066536, -1.1920928955078125e-07, 0.16338172554969788, -0.05360984802246094, 0.05442818999290466, -1.8643800020217896, 0.3222370147705078, -0.4048883020877838, 0.14854925870895386, 7.146117210388184, -0.01255131233483553, -0.23315732181072235, -0.46632397174835205, 0.00022074702428653836, 1.0044007301330566, -2.941842794418335, -2.1095082759857178, 1.7939190864562988, -0.5159127712249756, -1.9300706386566162, 5.263835906982422, 1.1936880350112915, -0.6360875964164734, -0.26789888739585876, 0.3166610300540924, 0.19855505228042603, 0.4500093460083008, 1.1756250858306885, -0.386319100856781, -3.775761127471924, 0.17238394916057587, -1.0298795700073242, 1.3640655279159546, 14.705218315124512, 1.0, 1.0, 1.0, 0.0, 1.0, 1.0, 1.0, 1.0, 1.0, 1.0, 1.0, 1.0]"
330,0.0,0.0,0.0,7.761742745060474e-05,0.0,577.6875,0.0,0.0,0.0,0.0,0.0,0.0,0.694137454032898,-0.13338150084018707,-0.29205504059791565,-0.29160189628601074,-0.3953964114189148,0.031782910227775574,0.5754801034927368,0.5950963497161865,-0.48340561985969543,0.40113237500190735,-2.236163377761841,-0.5630670785903931,0.46524447202682495,-0.5102334022521973,8.00637149810791,"[0.694137454032898, -0.13338150084018707, -0.29205504059791565, 0.4476465582847595, -0.23846928775310516, -0.15188167989253998, 0.015320690348744392, -0.047703154385089874, -0.9987440705299377, 0.699999988079071, 0.0, 0.0, -0.29160189628601074, -0.3953964114189148, 0.031782910227775574, -2.4259090423583984e-05, 0.19509634375572205, -0.08340561389923096, 0.001132369041442871, -1.8361634016036987, 0.2369329333305359, -0.334755539894104, 0.2897666096687317, 7.206371307373047, -0.5591470003128052, -0.5015645027160645, 0.28650492429733276, 0.017848027870059013, 1.6090654134750366, -1.0194716453552246, -2.8758389949798584, 1.0948829650878906, -5.047877788543701, 3.775960683822632, 6.657044887542725, 4.123913288116455, -0.6059213876724243, -0.3076373040676117, 0.6833329200744629, 0.5751198530197144, 0.6531214714050293, 0.9364509582519531, -0.2529381513595581, -3.6950767040252686, -0.2794192433357239, -1.2078299522399902, 1.204872965812683, 15.391865730285645, 1.0, 1.0, 1.0, 1.0, 1.0, 1.0, 1.0, 1.0, 1.0, 1.0, 1.0, 1.0]"
331,0.0,0.0,0.0,6.472256063716486e-05,0.0,481.7141418457031,1.7830550859798677e-05,0.0,132.70843505859375,0.0,0.0,0.0,0.7273476123809814,-0.08949115872383118,-0.08475931733846664,-0.30893799662590027,-0.39743298292160034,0.03352322801947594,0.575504720211029,0.6273229718208313,-0.48459717631340027,0.4370758533477783,-2.2102670669555664,-0.664222002029419,0.5156804323196411,-0.5197924971580505,8.122864723205566,"[0.7273476123809814, -0.08949115872383118, -0.08475931733846664, -0.049468521028757095, -0.21936571598052979, -0.031769655644893646, 0.0092366524040699, -0.04945576563477516, -0.9987339377403259, 0.699999988079071, 0.0, 0.0, -0.30893799662590027, -0.39743298292160034, 0.03352322801947594, 3.5762786865234375e-07, 0.22732296586036682, -0.08459717035293579, 0.03707584738731384, -1.8102670907974243, 0.13577800989151, -0.28431957960128784, 0.2802075147628784, 7.322864532470703, -0.8611920475959778, 0.0561642050743103, 0.19214698672294617, -0.0401894748210907, 1.513358473777771, 0.18503037095069885, 0.7616599798202515, 1.4835515022277832, -5.57912015914917, 1.9054985046386719, 0.901350736618042, 6.209474086761475, -0.6379010677337646, -0.21030715107917786, 0.2997208833694458, 0.5539884567260742, 0.39556676149368286, 0.6543979644775391, -0.5983215570449829, -3.825841188430786, -0.243736132979393, -1.3894709348678589, 1.153117060661316, 15.763263702392578, 1.0, 1.0, 1.0, 1.0, 1.0, 1.0, 1.0, 1.0, 1.0, 1.0, 1.0, 1.0]"
332,0.0,0.0,0.0,5.4898806411074474e-05,0.0,408.598388671875,4.58905087725725e-05,0.0,341.55181884765625,0.0,0.0,0.0,0.7201222777366638,-0.06202440336346626,0.05245097354054451,-0.32032614946365356,-0.3903352916240692,0.04193858802318573,0.5755598545074463,0.6439023613929749,-0.4693740904331207,0.45390617847442627,-2.181760787963867,-0.7485842108726501,0.534869372844696,-0.5049420595169067,8.2550630569458,"[0.7201222777366638, -0.06202440336346626, 0.05245097354054451, -0.35962989926338196, -0.14893001317977905, 0.009748364798724651, 0.005482769571244717, -0.04307594895362854, -0.9990567564964294, 0.699999988079071, 0.0, 0.0, -0.32032614946365356, -0.3903352916240692, 0.04193858802318573, 5.549192428588867e-05, 0.24390235543251038, -0.06937408447265625, 0.05390617251396179, -1.781760811805725, 0.05141580104827881, -0.2651306390762329, 0.2950579524040222, 7.4550628662109375, -0.38245004415512085, 0.4169235825538635, 0.4379205107688904, -0.015489941462874413, 0.29297953844070435, 0.8661903142929077, 0.7113608121871948, 1.2013866901397705, -3.101595640182495, 0.6384850144386292, 0.9406072497367859, 6.749337196350098, -0.3078480064868927, -0.6189143657684326, 0.46477195620536804, 0.5393621921539307, 0.4477693438529968, 0.6720936298370361, -0.006227284669876099, -4.055890083312988, -0.23581339418888092, -1.2345178127288818, 1.158053994178772, 15.733174324035645, 1.0, 1.0, 1.0, 1.0, 1.0, 1.0, 1.0, 1.0, 1.0, 1.0, 1.0, 1.0]"
333,0.0,0.0,0.0,4.7639314288971946e-05,0.0,354.5677795410156,3.0114975743344985e-05,0.0,224.13839721679688,0.0,0.0,0.0,0.7434685230255127,-0.04569155350327492,0.08664751797914505,-0.3183392286300659,-0.38334980607032776,0.048638369888067245,0.5755106806755066,0.6366257667541504,-0.4421004056930542,0.465675950050354,-2.1749188899993896,-0.7885310649871826,0.5292644500732422,-0.4860779047012329,8.378504753112793,"[0.7434685230255127, -0.04569155350327492, 0.08664751797914505, -0.15657666325569153, 0.044823016971349716, -0.01267080195248127, 0.004827597178518772, -0.03780890628695488, -0.999273419380188, 0.699999988079071, 0.0, 0.0, -0.3183392286300659, -0.38334980607032776, 0.048638369888067245, 6.318092346191406e-06, 0.2366257607936859, -0.04210039973258972, 0.06567594408988953, -1.7749189138412476, 0.011468946933746338, -0.27073556184768677, 0.31392210721969604, 7.57850456237793, 0.34146514534950256, 0.2507407069206238, 0.22944997251033783, -0.018547795712947845, -0.7292238473892212, 1.3968919515609741, 0.7164024114608765, -0.21020938456058502, -1.0691757202148438, -0.5230001211166382, 0.6418364644050598, 5.468274116516113, -0.46923884749412537, -0.49747976660728455, 0.36431318521499634, 0.4484536349773407, 0.4926809072494507, 0.6791629791259766, -0.06951895356178284, -4.090142726898193, -0.0855756551027298, -1.3051409721374512, 1.2565819025039673, 15.66862964630127, 1.0, 1.0, 1.0, 0.0, 1.0, 1.0, 1.0, 1.0, 1.0, 1.0, 1.0, 1.0]"
334,0.0,0.0,0.0,4.6061977627687156e-05,0.0,342.82806396484375,3.648619895102456e-05,0.0,271.557861328125,0.0,0.0,0.0,0.7756904363632202,-0.028576619923114777,0.10780967026948929,-0.30675092339515686,-0.37907278537750244,0.05198102071881294,0.5755087733268738,0.6183966994285583,-0.4060179591178894,0.47851213812828064,-2.1947081089019775,-0.7871602177619934,0.50527423620224,-0.4725669324398041,8.457453727722168,"[0.7756904363632202, -0.028576619923114777, 0.10780967026948929, -0.08997123688459396, 0.15335528552532196, -0.014944702386856079, 0.007152562029659748, -0.03567983955144882, -0.9993377327919006, 0.699999988079071, 0.0, 0.0, -0.30675092339515686, -0.37907278537750244, 0.05198102071881294, 4.410743713378906e-06, 0.21839669346809387, -0.006017953157424927, 0.07851213216781616, -1.7947081327438354, 0.012839794158935547, -0.29472577571868896, 0.3274330794811249, 7.657453536987305, 0.6172725558280945, 0.2013472616672516, 0.14030314981937408, -0.004735905677080154, -0.9653005003929138, 1.7473866939544678, 0.6822152137756348, -1.3817172050476074, 0.7014980316162109, -1.234291672706604, 0.5946561098098755, 3.152865409851074, -0.47886893153190613, -0.38623473048210144, 0.42914050817489624, 0.2521246075630188, 0.5042043328285217, 0.8146519660949707, -0.23686835169792175, -4.186863899230957, 0.09167508780956268, -1.4494343996047974, 1.2129369974136353, 15.663864135742188, 1.0, 1.0, 1.0, 0.0, 1.0, 1.0, 1.0, 1.0, 1.0, 1.0, 1.0, 1.0]"
335,0.0,0.0,0.0,4.762400931213051e-05,0.0,354.453857421875,3.957870649173856e-05,0.0,294.57464599609375,0.0,0.0,0.0,0.800015926361084,-0.011856723576784134,0.15051217377185822,-0.2935181260108948,-0.3722468316555023,0.056941501796245575,0.5755288600921631,0.6002858877182007,-0.3641291856765747,0.48591184616088867,-2.2313005924224854,-0.7540669441223145,0.47022485733032227,-0.45059841871261597,8.497310638427734,"[0.800015926361084, -0.011856723576784134, 0.15051217377185822, -0.28553852438926697, 0.19858552515506744, 0.014484124258160591, 0.010640757158398628, -0.031106876209378242, -0.9994596838951111, 0.699999988079071, 0.0, 0.0, -0.2935181260108948, -0.3722468316555023, 0.056941501796245575, 2.4497509002685547e-05, 0.2002858817577362, 0.03587082028388977, 0.0859118402004242, -1.8313006162643433, 0.0459330677986145, -0.3297751545906067, 0.349401593208313, 7.697310447692871, 0.6252025365829468, 0.3950108289718628, 0.28856948018074036, -0.020235665142536163, -0.9942065477371216, 1.951339840888977, 0.3400341272354126, -2.041496992111206, 2.7391533851623535, -1.58505380153656, 1.1590943336486816, 1.02369225025177, -0.5775485634803772, -0.23604032397270203, 0.3698761761188507, 0.07521787285804749, 0.3807487487792969, 0.8794821500778198, -0.35534408688545227, -4.228296279907227, 0.4380289316177368, -1.6408624649047852, 1.1921309232711792, 15.437020301818848, 1.0, 1.0, 1.0, 0.0, 1.0, 1.0, 1.0, 1.0, 1.0, 1.0, 1.0, 1.0]"
336,0.0,0.0,0.0,3.966026270063594e-05,0.0,295.181640625,2.7409172616899014e-05,0.0,203.999755859375,0.0,0.0,0.0,0.8181299567222595,-0.004982799757272005,0.17660105228424072,-0.28146910667419434,-0.3607357144355774,0.06524229794740677,0.5755284428596497,0.5772395730018616,-0.31629860401153564,0.4860248267650604,-2.2774837017059326,-0.6745564937591553,0.4231950044631958,-0.4177365303039551,8.483930587768555,"[0.8181299567222595, -0.004982799757272005, 0.17660105228424072, -0.5017555356025696, 0.30239343643188477, 0.05437606945633888, 0.015507702715694904, -0.022227535024285316, -0.9996326565742493, 0.699999988079071, 0.0, 0.0, -0.28146910667419434, -0.3607357144355774, 0.06524229794740677, 2.4080276489257812e-05, 0.1772395670413971, 0.08370140194892883, 0.08602482080459595, -1.8774837255477905, 0.12544351816177368, -0.37680500745773315, 0.3822634816169739, 7.683930397033691, 0.6105959415435791, 0.6552663445472717, 0.4871019721031189, -0.024540729820728302, -1.4115614891052246, 2.342534065246582, 0.07228881120681763, -2.3827075958251953, 4.950131893157959, -2.4460110664367676, 1.4629020690917969, -2.1469504833221436, -0.4268912374973297, -0.14976662397384644, 0.36470094323158264, -0.04868003726005554, 0.04556608200073242, 0.9357563257217407, -0.10961884260177612, -4.14289665222168, 0.8948321342468262, -1.8205087184906006, 0.9662509560585022, 14.965104103088379, 1.0, 1.0, 1.0, 0.0, 1.0, 1.0, 1.0, 1.0, 1.0, 1.0, 1.0, 1.0]"
337,0.0,0.0,0.0,1.8051146980724297e-05,0.0,134.35028076171875,0.0,0.0,0.0,0.0,0.0,0.0,0.822277307510376,-0.028318384662270546,0.1113109141588211,-0.26314777135849,-0.34486156702041626,0.07811273634433746,0.5755072832107544,0.538214921951294,-0.2654413878917694,0.48722195625305176,-2.322960376739502,-0.5606809258460999,0.3616723120212555,-0.41373324394226074,8.408443450927734,"[0.822277307510376, -0.028318384662270546, 0.1113109141588211, -0.6524006724357605, 0.6181671619415283, 0.04044494777917862, 0.025076864287257195, -0.010127322748303413, -0.9996342062950134, 0.699999988079071, 0.0, 0.0, -0.26314777135849, -0.34486156702041626, 0.07811273634433746, 2.9206275939941406e-06, 0.13821491599082947, 0.13455861806869507, 0.08722195029258728, -1.9229604005813599, 0.2393190860748291, -0.43832769989967346, 0.3862667679786682, 7.608443260192871, 1.1713309288024902, 0.8546879291534424, 0.8062688112258911, 0.004101987928152084, -2.3193912506103516, 2.5438008308410645, 0.16058824956417084, -2.0475776195526123, 5.812072277069092, -3.3332529067993164, -2.067655324935913, -4.745178699493408, -0.3032034933567047, -0.40309107303619385, 0.14259763062000275, 0.14926865696907043, -0.3121480941772461, -0.0943727195262909, 0.15397650003433228, -3.759122371673584, 1.08738374710083, -1.6192952394485474, 0.32666659355163574, 14.529877662658691, 1.0, 1.0, 1.0, 0.0, 1.0, 1.0, 1.0, 1.0, 1.0, 1.0, 1.0, 1.0]"
338,5.2331120969029143e-05,0.0,389.48773193359375,0.0,0.0,0.0,0.0,0.0,0.0,0.0,0.0,0.0,0.7799349427223206,-0.04590591788291931,0.0891910120844841,-0.2551405429840088,-0.3367290198802948,0.0897497907280922,0.5755198001861572,0.5485848188400269,-0.22450290620326996,0.492281973361969,-2.3493547439575195,-0.5487479567527771,0.3043040931224823,-0.4833739697933197,8.302629470825195,"[0.7799349427223206, -0.04590591788291931, 0.0891910120844841, -0.08404293656349182, 0.3593747615814209, -0.003584690159186721, 0.034114159643650055, -0.004737556912004948, -0.9994064569473267, 0.699999988079071, 0.0, 0.0, -0.2551405429840088, -0.3367290198802948, 0.0897497907280922, 1.5437602996826172e-05, 0.14858481287956238, 0.17549709975719452, 0.09228196740150452, -1.9493547677993774, 0.25125205516815186, -0.49569591879844666, 0.31662604212760925, 7.502629280090332, 0.072593092918396, 0.1439817100763321, 0.32767799496650696, 0.07802344113588333, 0.9380272626876831, 0.8617296814918518, 0.23259460926055908, -0.7257829308509827, -0.2512790560722351, -1.6534373760223389, -4.051802635192871, -5.927614688873291, -0.14885786175727844, -0.7224186658859253, -0.1738480180501938, 0.06850263476371765, -0.533717155456543, -1.7711613178253174, 0.1298796832561493, -3.562778949737549, 1.095819354057312, -0.9413257837295532, -0.36642342805862427, 14.049410820007324, 1.0, 1.0, 1.0, 0.0, 1.0, 1.0, 1.0, 1.0, 1.0, 1.0, 1.0, 1.0]"
339,4.892094148090109e-05,0.0,364.1065979003906,0.0,0.0,0.0,0.0,0.0,0.0,0.0,0.0,0.0,0.6428913474082947,-0.05167601257562637,0.05488581582903862,-0.2619337737560272,-0.3517473638057709,0.07915496826171875,0.5754971504211426,0.5574095845222473,-0.2737586796283722,0.49541693925857544,-2.3428397178649902,-0.5357264876365662,0.36256274580955505,-0.5934736728668213,8.17400074005127,"[0.6428913474082947, -0.05167601257562637, 0.05488581582903862, 0.6574675440788269, 0.14293400943279266, 0.07553194463253021, 0.0384533517062664, -0.012918265536427498, -0.999177098274231, 0.699999988079071, 0.0, 0.0, -0.2619337737560272, -0.3517473638057709, 0.07915496826171875, -7.212162017822266e-06, 0.15740957856178284, 0.12624132633209229, 0.09541693329811096, -1.9428397417068481, 0.2642735242843628, -0.4374372661113739, 0.20652633905410767, 7.374000549316406, -0.686299204826355, -1.2686080932617188, -0.995932936668396, 0.08619567006826401, 0.3607065677642822, -4.278893947601318, 0.05374918133020401, 0.8646445870399475, 0.6041508913040161, 4.100728511810303, -6.110538005828857, -6.649412155151367, -0.07925978302955627, -0.9143381714820862, -0.10479561984539032, 0.23747149109840393, -0.12272888422012329, -1.5633577108383179, 0.16025468707084656, -3.5977237224578857, 0.918623685836792, -0.6137489080429077, -0.38778090476989746, 13.620987892150879, 1.0, 1.0, 1.0, 1.0, 1.0, 1.0, 1.0, 1.0, 1.0, 1.0, 1.0, 1.0]"
340,2.9970831747050397e-05,0.0,223.06556701660156,0.0,0.0,0.0,0.0,0.0,0.0,0.0,0.0,0.0,0.5837868452072144,-0.07568835467100143,-0.04125860705971718,-0.27560490369796753,-0.3859955966472626,0.05303327739238739,0.5754978656768799,0.5617919564247131,-0.3866398334503174,0.48986783623695374,-2.311760902404785,-0.5138935446739197,0.41293445229530334,-0.7045294642448425,8.033504486083984,"[0.5837868452072144, -0.07568835467100143, -0.04125860705971718, 0.776337742805481, -0.08719725906848907, 0.051302846521139145, 0.03893927484750748, -0.02905786596238613, -0.9988189339637756, 0.699999988079071, 0.0, 0.0, -0.27560490369796753, -0.3859955966472626, 0.05303327739238739, -6.496906280517578e-06, 0.16179195046424866, 0.013360172510147095, 0.08986783027648926, -1.911760926246643, 0.2861064672470093, -0.3870655596256256, 0.09547054767608643, 7.233504295349121, -0.7850977778434753, -1.761412501335144, -1.3128868341445923, 0.06056682765483856, 0.3724883496761322, -6.0794806480407715, -0.6073507070541382, 1.8104990720748901, 0.8464909791946411, 2.0685839653015137, -4.0377726554870605, -6.295663356781006, -0.24425539374351501, -0.5675292611122131, -0.033670227974653244, 0.3881024420261383, 0.0025850534439086914, -0.0012555122375488281, -0.07166364789009094, -3.6195037364959717, 1.1082110404968262, -0.5080803036689758, -0.0183245986700058, 14.152002334594727, 1.0, 1.0, 1.0, 1.0, 1.0, 1.0, 1.0, 1.0, 1.0, 1.0, 1.0, 1.0]"
341,6.5590434132900555e-06,0.0,48.81735610961914,0.0,0.0,0.0,0.0,0.0,0.0,0.0,0.0,0.0,0.6262539029121399,-0.12540505826473236,-0.17899005115032196,-0.28271666169166565,-0.4040692448616028,0.03408733010292053,0.575490415096283,0.5725849866867065,-0.4801469147205353,0.46199020743370056,-2.2751481533050537,-0.48955392837524414,0.4240463674068451,-0.6792600750923157,7.993706226348877,"[0.6262539029121399, -0.12540505826473236, -0.17899005115032196, 0.31362900137901306, -0.49092695116996765, -0.0031483210623264313, 0.03189569339156151, -0.03971176594495773, -0.9987019300460815, 0.699999988079071, 0.0, 0.0, -0.28271666169166565, -0.4040692448616028, 0.03408733010292053, -1.3947486877441406e-05, 0.17258498072624207, -0.0801469087600708, 0.061990201473236084, -1.8751481771469116, 0.3104460835456848, -0.37595364451408386, 0.12073993682861328, 7.193706035614014, -0.11813745647668839, -0.03861282393336296, -0.588178813457489, 0.012210276909172535, 0.8675699830055237, -3.1586966514587402, -1.9137349128723145, 1.725628137588501, 1.0203864574432373, -1.569602370262146, 4.894805908203125, 0.6434488296508789, -0.5644821524620056, -0.25297436118125916, 0.25798195600509644, 0.18634852766990662, 0.4158473014831543, 1.2478318214416504, -0.30175426602363586, -3.8097403049468994, 0.3117048740386963, -0.965613603591919, 1.2637646198272705, 14.6742582321167, 1.0, 1.0, 1.0, 0.0, 1.0, 1.0, 1.0, 1.0, 1.0, 1.0, 1.0, 1.0]"
342,0.0,0.0,0.0,0.00010671876952983439,0.0,794.2816772460938,0.0,0.0,0.0,0.0,0.0,0.0,0.680391252040863,-0.13500820100307465,-0.2874020040035248,-0.284524530172348,-0.3919406831264496,0.03735638037323952,0.5754926800727844,0.6040244102478027,-0.5055820345878601,0.41501373052597046,-2.2475030422210693,-0.5567684769630432,0.4320748746395111,-0.5494840741157532,8.043025016784668,"[0.680391252040863, -0.13500820100307465, -0.2874020040035248, 0.2957945168018341, -0.3093527555465698, -0.09517918527126312, 0.02187163755297661, -0.04112781584262848, -0.9989144802093506, 0.699999988079071, 0.0, 0.0, -0.284524530172348, -0.3919406831264496, 0.03735638037323952, -1.1682510375976562e-05, 0.20402440428733826, -0.10558202862739563, 0.015013724565505981, -1.8475030660629272, 0.24323153495788574, -0.36792513728141785, 0.2505159378051758, 7.243024826049805, -0.5456886291503906, -0.304226815700531, 0.22052952647209167, 0.04881162941455841, 1.6986113786697388, -1.8577080965042114, -2.6041510105133057, 1.046260952949524, -5.339860916137695, 5.297828674316406, 6.232093334197998, 3.6828155517578125, -0.6137821674346924, -0.31019535660743713, 0.6488920450210571, 0.5449155569076538, 0.6651889085769653, 0.9615200757980347, -0.24311110377311707, -3.7077770233154297, -0.3116151690483093, -1.1572211980819702, 1.2020798921585083, 15.362030982971191, 1.0, 1.0, 1.0, 0.0, 1.0, 1.0, 1.0, 1.0, 1.0, 1.0, 1.0, 1.0]"
343,0.0,0.0,0.0,6.847296026535332e-05,0.0,509.6274719238281,2.6201103537459858e-05,0.0,195.0084228515625,0.0,0.0,0.0,0.732043981552124,-0.09675098955631256,-0.10786698758602142,-0.30272141098976135,-0.39521610736846924,0.03938347473740578,0.5755364894866943,0.6357895135879517,-0.5143714547157288,0.44112512469291687,-2.226308822631836,-0.6546476483345032,0.49278321862220764,-0.5449928045272827,8.155841827392578,"[0.732043981552124, -0.09675098955631256, -0.10786698758602142, -0.015371094457805157, -0.22714044153690338, 0.020605484023690224, 0.01628730073571205, -0.044373080134391785, -0.9988822340965271, 0.699999988079071, 0.0, 0.0, -0.30272141098976135, -0.39521610736846924, 0.03938347473740578, 3.212690353393555e-05, 0.23578950762748718, -0.11437144875526428, 0.04112511873245239, -1.8263088464736938, 0.14535236358642578, -0.3072167932987213, 0.25500720739364624, 7.355841636657715, -0.9203802943229675, 0.05171665549278259, 0.16887646913528442, 0.09864505380392075, 1.4311100244522095, -0.08736739307641983, 2.395068407058716, 1.1828943490982056, -5.119949817657471, 2.346003770828247, -4.857972621917725, 6.384026050567627, -0.5243621468544006, -0.15851935744285583, 0.4895308315753937, 0.4994391202926636, 0.34884774684906006, 0.6826423406600952, -0.5574064254760742, -3.938978433609009, -0.41052424907684326, -1.3043622970581055, 1.080297589302063, 16.001956939697266, 1.0, 1.0, 1.0, 1.0, 1.0, 1.0, 1.0, 1.0, 1.0, 1.0, 1.0, 1.0]"
344,0.0,0.0,0.0,5.886363942408934e-05,0.0,438.107666015625,3.5557051887735724e-05,0.0,264.6424560546875,0.0,0.0,0.0,0.7099388837814331,-0.08026494085788727,0.03597738593816757,-0.31137990951538086,-0.388088196516037,0.04754764586687088,0.5755046010017395,0.6519723534584045,-0.5041772127151489,0.4591694474220276,-2.2024636268615723,-0.7619400024414062,0.5173217058181763,-0.5356407165527344,8.291590690612793,"[0.7099388837814331, -0.08026494085788727, 0.03597738593816757, -0.4014120399951935, -0.07742983102798462, -0.010792453773319721, 0.01377129927277565, -0.03836454078555107, -0.9991691708564758, 0.699999988079071, 0.0, 0.0, -0.31137990951538086, -0.388088196516037, 0.04754764586687088, 2.384185791015625e-07, 0.25197234749794006, -0.10417720675468445, 0.05916944146156311, -1.8024636507034302, 0.038060009479522705, -0.2826783061027527, 0.2643592953681946, 7.49159049987793, -0.11914046853780746, 0.4817018508911133, 0.5213953256607056, -4.83877956867218e-05, 0.29418882727622986, 0.629542887210846, 0.8465362787246704, 0.9895909428596497, -4.8399505615234375, 0.8629017472267151, 0.5652675032615662, 6.885860919952393, -0.28640785813331604, -0.7474890351295471, 0.49700668454170227, 0.49931856989860535, 0.5045650601387024, 0.6808946132659912, 0.1363045573234558, -4.086819171905518, -0.43985235691070557, -1.0387324094772339, 1.1168549060821533, 15.740221977233887, 1.0, 1.0, 1.0, 1.0, 1.0, 1.0, 1.0, 1.0, 1.0, 1.0, 1.0, 1.0]"
345,0.0,0.0,0.0,4.4221978896530345e-05,0.0,329.13336181640625,2.9180186174926348e-05,0.0,217.1809844970703,0.0,0.0,0.0,0.7283315658569336,-0.06011231616139412,0.0738399550318718,-0.30422013998031616,-0.3801191747188568,0.055793777108192444,0.5755062103271484,0.6440443396568298,-0.48158445954322815,0.47336986660957336,-2.1994550228118896,-0.8275167346000671,0.5176511406898499,-0.5225940942764282,8.413798332214355,"[0.7283315658569336, -0.06011231616139412, 0.0738399550318718, -0.16831912100315094, 0.049427784979343414, -0.03273618966341019, 0.013783815316855907, -0.03231840953230858, -0.9993824362754822, 0.699999988079071, 0.0, 0.0, -0.30422013998031616, -0.3801191747188568, 0.055793777108192444, 1.8477439880371094e-06, 0.24404433369636536, -0.08158445358276367, 0.07336986064910889, -1.7994550466537476, -0.027516722679138184, -0.2823488712310791, 0.27740591764450073, 7.613798141479492, 0.529705286026001, 0.2658887803554535, 0.2737678289413452, 0.00031680241227149963, -0.7836582064628601, 1.162091612815857, 0.8019877672195435, -0.39450788497924805, -1.882283329963684, -0.17456719279289246, 0.4506456255912781, 5.360660552978516, -0.4995976984500885, -0.521743893623352, 0.3687990605831146, 0.5314121246337891, 0.4933406710624695, 0.574270486831665, -0.048923999071121216, -4.065222263336182, -0.17065738141536713, -1.2732832431793213, 1.2536838054656982, 15.73647403717041, 1.0, 1.0, 1.0, 0.0, 1.0, 1.0, 1.0, 1.0, 1.0, 1.0, 1.0, 1.0]"
346,0.0,0.0,0.0,4.776647256221622e-05,0.0,355.5141906738281,3.738647865247913e-05,0.0,278.2584228515625,0.0,0.0,0.0,0.7543990015983582,-0.03490857407450676,0.10418668389320374,-0.2937220633029938,-0.3772490620613098,0.05806071683764458,0.5755080580711365,0.6237636208534241,-0.4498087167739868,0.4883843660354614,-2.2206778526306152,-0.8283975124359131,0.5010826587677002,-0.5124329924583435,8.492636680603027,"[0.7543990015983582, -0.03490857407450676, 0.10418668389320374, 0.0301175806671381, 0.11317474395036697, -0.01689542829990387, 0.015495629981160164, -0.031665604561567307, -0.9993785619735718, 0.699999988079071, 0.0, 0.0, -0.2937220633029938, -0.3772490620613098, 0.05806071683764458, 3.6954879760742188e-06, 0.2237636148929596, -0.04980871081352234, 0.08838436007499695, -1.8206778764724731, -0.02839750051498413, -0.29891735315322876, 0.28756701946258545, 7.692636489868164, 0.44354575872421265, 0.08877110481262207, 0.03240314871072769, -0.003249816596508026, -1.100008249282837, 1.597528338432312, 0.778827965259552, -1.3649111986160278, 0.9077889323234558, -0.9525331854820251, 0.4597588777542114, 3.228259325027466, -0.45344361662864685, -0.4437594711780548, 0.4467145502567291, 0.3284338116645813, 0.5160760879516602, 0.7581652402877808, -0.1436339020729065, -4.16005802154541, 0.037534117698669434, -1.369538426399231, 1.1911619901657104, 15.75667667388916, 1.0, 1.0, 1.0, 0.0, 1.0, 1.0, 1.0, 1.0, 1.0, 1.0, 1.0, 1.0]"
347,0.0,0.0,0.0,4.963835817761719e-05,0.0,369.4461364746094,4.065834218636155e-05,0.0,302.610107421875,0.0,0.0,0.0,0.7739262580871582,-0.016903076320886612,0.1578311026096344,-0.28490185737609863,-0.37309446930885315,0.06043585389852524,0.5755121111869812,0.603023886680603,-0.41063162684440613,0.4975019693374634,-2.2535948753356934,-0.7913925051689148,0.47109609842300415,-0.4929673373699188,8.537684440612793,"[0.7739262580871582, -0.016903076320886612, 0.1578311026096344, -0.15114860236644745, 0.1575445830821991, 0.006898193620145321, 0.018178023397922516, -0.029929151758551598, -0.9993867874145508, 0.699999988079071, 0.0, 0.0, -0.28490185737609863, -0.37309446930885315, 0.06043585389852524, 7.748603820800781e-06, 0.20302388072013855, -0.01063162088394165, 0.0975019633769989, -1.8535948991775513, 0.00860750675201416, -0.3289039134979248, 0.30703267455101013, 7.73768424987793, 0.40595653653144836, 0.2698558568954468, 0.16698719561100006, -0.00573122501373291, -1.0690302848815918, 1.8449735641479492, 0.4048043191432953, -1.7791635990142822, 2.6571097373962402, -1.3826066255569458, 1.062524437904358, 1.4830409288406372, -0.5716172456741333, -0.2872627079486847, 0.3804900050163269, 0.163996160030365, 0.4462893009185791, 0.8058432340621948, -0.29831662774086, -4.210566520690918, 0.315069317817688, -1.5227267742156982, 1.1999369859695435, 15.594051361083984, 1.0, 1.0, 1.0, 0.0, 1.0, 1.0, 1.0, 1.0, 1.0, 1.0, 1.0, 1.0]"
348,0.0,0.0,0.0,4.275405444786884e-05,0.0,318.2079772949219,3.340141483931802e-05,0.0,248.5985565185547,0.0,0.0,0.0,0.7910694479942322,-0.00508837541565299,0.19919453561306,-0.27767497301101685,-0.36411353945732117,0.06642929464578629,0.5755236744880676,0.5813639760017395,-0.364989310503006,0.49803563952445984,-2.2933201789855957,-0.7208131551742554,0.42885902523994446,-0.46020060777664185,8.53947925567627,"[0.7910694479942322, -0.00508837541565299, 0.19919453561306, -0.37633946537971497, 0.22967518866062164, 0.0428239069879055, 0.021946944296360016, -0.023583872243762016, -0.9994810223579407, 0.699999988079071, 0.0, 0.0, -0.27767497301101685, -0.36411353945732117, 0.06642929464578629, 1.9311904907226562e-05, 0.18136397004127502, 0.035010695457458496, 0.09803563356399536, -1.8933202028274536, 0.07918685674667358, -0.3711409866809845, 0.3397994041442871, 7.739479064941406, 0.32451045513153076, 0.5270957350730896, 0.3455566167831421, -0.021284379065036774, -1.2371128797531128, 2.2509961128234863, 0.026492640376091003, -2.074531316757202, 4.372039318084717, -2.202829122543335, 1.6166812181472778, -1.1191563606262207, -0.4822649657726288, -0.19736453890800476, 0.34478095173835754, 0.009669691324234009, 0.2030811309814453, 0.8880184888839722, -0.18459397554397583, -4.2082319259643555, 0.731360673904419, -1.7079339027404785, 1.0845286846160889, 15.229575157165527, 1.0, 1.0, 1.0, 0.0, 1.0, 1.0, 1.0, 1.0, 1.0, 1.0, 1.0, 1.0]"
349,0.0,0.0,0.0,3.2446834666188806e-05,0.0,241.4938507080078,1.2578314454003703e-05,0.0,93.61732482910156,0.0,0.0,0.0,0.8056018948554993,-0.013821693137288094,0.183394655585289,-0.2678705155849457,-0.3509058654308319,0.07542865723371506,0.5755218863487244,0.5494257807731628,-0.3135891854763031,0.4964515268802643,-2.335590362548828,-0.6173252463340759,0.37086427211761475,-0.4282771646976471,8.485316276550293,"[0.8056018948554993, -0.013821693137288094, 0.183394655585289, -0.5239740014076233, 0.45134443044662476, 0.05648161843419075, 0.02889120765030384, -0.013895357958972454, -0.9994860291481018, 0.699999988079071, 0.0, 0.0, -0.2678705155849457, -0.3509058654308319, 0.07542865723371506, 1.7523765563964844e-05, 0.14942577481269836, 0.08641082048416138, 0.0964515209197998, -1.935590386390686, 0.18267476558685303, -0.4291357398033142, 0.37172284722328186, 7.68531608581543, 0.6468603610992432, 0.7176318764686584, 0.503222644329071, -0.018787816166877747, -1.8993388414382935, 2.5735912322998047, 0.17291095852851868, -2.0163826942443848, 5.562160968780518, -3.1237399578094482, 1.0442014932632446, -3.8537893295288086, -0.32570478320121765, -0.24446094036102295, 0.27966171503067017, 0.06078562140464783, -0.0862131118774414, 0.6064344644546509, 0.1287318468093872, -3.9608261585235596, 1.044581651687622, -1.720777988433838, 0.6150592565536499, 14.807419776916504, 1.0, 1.0, 1.0, 0.0, 1.0, 1.0, 1.0, 1.0, 1.0, 1.0, 1.0, 1.0]"
350,1.8477741832612082e-05,0.0,137.5253143310547,0.0,0.0,0.0,0.0,0.0,0.0,0.0,0.0,0.0,0.8119115829467773,-0.04714609682559967,0.14038202166557312,-0.25652217864990234,-0.33878570795059204,0.08916135132312775,0.5756322145462036,0.5385032892227173,-0.2603161036968231,0.503543496131897,-2.366403102874756,-0.569578230381012,0.3015870451927185,-0.47457507252693176,8.389883995056152,"[0.8119115829467773, -0.04714609682559967, 0.14038202166557312, -0.23059001564979553, 0.3599904179573059, -0.04558783024549484, 0.038812778890132904, -0.0059674521908164024, -0.9992289543151855, 0.699999988079071, 0.0, 0.0, -0.25652217864990234, -0.33878570795059204, 0.08916135132312775, 0.0001278519630432129, 0.1385032832622528, 0.13968390226364136, 0.1035434901714325, -1.9664031267166138, 0.230421781539917, -0.49841296672821045, 0.3254249393939972, 7.589883804321289, 0.324308842420578, 0.51915442943573, 0.6884539723396301, 0.07131755352020264, 1.11029052734375, 2.532414436340332, 0.5433517098426819, -1.1226694583892822, -0.2389790415763855, -3.820758104324341, -4.072017669677734, -5.198981761932373, -0.1567421853542328, -0.509578287601471, -0.21721427142620087, 0.1926230490207672, -0.40593063831329346, -1.0890151262283325, 0.15705788135528564, -3.611586809158325, 1.1268173456192017, -1.148392915725708, -0.181125208735466, 14.482538223266602, 1.0, 1.0, 1.0, 0.0, 1.0, 1.0, 1.0, 1.0, 1.0, 1.0, 1.0, 1.0]"
351,4.916634497931227e-05,0.0,365.9330749511719,0.0,0.0,0.0,0.0,0.0,0.0,0.0,0.0,0.0,0.6825947165489197,-0.05785810947418213,0.09084215760231018,-0.256514310836792,-0.33738720417022705,0.08783560991287231,0.5754928588867188,0.5477554798126221,-0.265033483505249,0.509900689125061,-2.3671839237213135,-0.5539410710334778,0.3319195806980133,-0.5654768347740173,8.279540061950684,"[0.6825947165489197, -0.05785810947418213, 0.09084215760231018, 0.3249991238117218, 0.09093786031007767, 0.04842285066843033, 0.042476702481508255, -0.0077888090163469315, -0.9990671873092651, 0.699999988079071, 0.0, 0.0, -0.256514310836792, -0.33738720417022705, 0.08783560991287231, -1.150369644165039e-05, 0.1477554738521576, 0.13496652245521545, 0.10990068316459656, -1.9671839475631714, 0.24605894088745117, -0.46808043122291565, 0.23452317714691162, 7.47953987121582, -0.2775280475616455, -0.3331608772277832, -0.6001649498939514, 0.06726396083831787, 0.3997558355331421, -1.977655053138733, 0.16425976157188416, 0.5705644488334656, 0.8242454528808594, 3.8086154460906982, -4.96394681930542, -5.911673545837402, -0.1247532069683075, -0.7778026461601257, -0.13840137422084808, 0.10543748736381531, -0.1731007695198059, -1.6130048036575317, 0.13242074847221375, -3.6062262058258057, 0.9842928647994995, -0.7357965707778931, -0.37239038944244385, 13.816603660583496, 1.0, 1.0, 1.0, 1.0, 1.0, 1.0, 1.0, 1.0, 1.0, 1.0, 1.0, 1.0]"
352,3.396532338229008e-05,0.0,252.79559326171875,0.0,0.0,0.0,0.0,0.0,0.0,0.0,0.0,0.0,0.5937649607658386,-0.07113787531852722,0.013057923875749111,-0.26662367582321167,-0.35595282912254333,0.06293866038322449,0.5755050182342529,0.5509079098701477,-0.3443851172924042,0.507478654384613,-2.3386428356170654,-0.5281177163124084,0.38603317737579346,-0.6818400621414185,8.137877464294434,"[0.5937649607658386, -0.07113787531852722, 0.013057923875749111, 0.7074632048606873, -0.08097533881664276, 0.052262090146541595, 0.04251885041594505, -0.020436786115169525, -0.9988865256309509, 0.699999988079071, 0.0, 0.0, -0.26662367582321167, -0.35595282912254333, 0.06293866038322449, 6.556510925292969e-07, 0.15090790390968323, 0.0556148886680603, 0.10747864842414856, -1.9386428594589233, 0.2718822956085205, -0.4139668345451355, 0.1181599497795105, 7.33787727355957, -0.6720877289772034, -1.1421406269073486, -1.439077615737915, 0.06239389628171921, 0.20123881101608276, -4.825599670410156, -0.4221529960632324, 1.8192791938781738, 1.13133704662323, 2.2329673767089844, -5.226989269256592, -7.099470615386963, -0.1849938929080963, -0.6432880759239197, -0.040262620896101, 0.40899762511253357, -0.00296783447265625, -0.46065303683280945, 0.023818999528884888, -3.5957939624786377, 1.1708019971847534, -0.5505275726318359, -0.15922586619853973, 14.06714916229248, 1.0, 1.0, 1.0, 1.0, 1.0, 1.0, 1.0, 1.0, 1.0, 1.0, 1.0, 1.0]"
353,1.4976073543948587e-05,0.0,111.46324920654297,0.0,0.0,0.0,0.0,0.0,0.0,0.0,0.0,0.0,0.6016678214073181,-0.10704276710748672,-0.11011742055416107,-0.27492183446884155,-0.3731447160243988,0.03758910670876503,0.5755051970481873,0.5563425421714783,-0.4359085261821747,0.48474860191345215,-2.2969462871551514,-0.4969334304332733,0.41722533106803894,-0.705409049987793,8.054755210876465,"[0.6016678214073181, -0.10704276710748672, -0.11011742055416107, 0.47786277532577515, -0.4575941562652588, 0.0033408585004508495, 0.03625011071562767, -0.03250629082322121, -0.9988138675689697, 0.699999988079071, 0.0, 0.0, -0.27492183446884155, -0.3731447160243988, 0.03758910670876503, 8.344650268554688e-07, 0.1563425362110138, -0.035908520221710205, 0.08474859595298767, -1.8969463109970093, 0.30306658148765564, -0.38277468085289, 0.09459096193313599, 7.254755020141602, -0.3533848524093628, -0.4195927679538727, -1.0662785768508911, 0.030729282647371292, 0.4610537886619568, -3.7119011878967285, -1.6218749284744263, 2.048574209213257, 1.450884461402893, -0.05840212479233742, 2.081259250640869, -1.5411465167999268, -0.37563130259513855, -0.43747520446777344, 0.03224988654255867, 0.28006550669670105, 0.34440332651138306, 0.9515026807785034, -0.19453495740890503, -3.7672533988952637, 0.7423340082168579, -0.8593587875366211, 0.7634085416793823, 14.618618965148926, 1.0, 1.0, 1.0, 1.0, 1.0, 1.0, 1.0, 1.0, 1.0, 1.0, 1.0, 1.0]"
354,0.0,0.0,0.0,0.0,0.0,0.0,0.0,0.0,0.0,0.0,0.0,0.0,0.674233078956604,-0.1464320570230484,-0.30458134412765503,-0.2741782069206238,-0.3605745732784271,0.02929859049618244,0.5755441188812256,0.5785952806472778,-0.46718543767929077,0.44397780299186707,-2.2607531547546387,-0.5136755108833313,0.39348945021629333,-0.6137049198150635,8.077988624572754,"[0.674233078956604, -0.1464320570230484, -0.30458134412765503, -0.05875392258167267, -0.637029767036438, -0.09734969586133957, 0.02456376887857914, -0.036037154495716095, -0.9990485310554504, 0.699999988079071, 0.0, 0.0, -0.2741782069206238, -0.3605745732784271, 0.02929859049618244, 3.975629806518555e-05, 0.17859527468681335, -0.0671854317188263, 0.04397779703140259, -1.8607531785964966, 0.28632450103759766, -0.4065105617046356, 0.18629509210586548, 7.277988433837891, 0.15007908642292023, 1.2713161706924438, 0.14063403010368347, 0.08530279994010925, 1.8238556385040283, -0.10023897886276245, -2.185335159301758, 1.6771661043167114, -4.241837501525879, -2.772611618041992, 5.5787248611450195, 2.4987051486968994, -0.6860207915306091, -0.35579171776771545, 0.5279552340507507, 0.45080140233039856, 0.6080907583236694, 0.8853400945663452, -0.10784757137298584, -3.5236246585845947, -0.18099795281887054, -1.1847009658813477, 1.2768687009811401, 15.042120933532715, 1.0, 1.0, 1.0, 0.0, 1.0, 1.0, 1.0, 1.0, 1.0, 1.0, 1.0, 1.0]"
355,0.0,0.0,0.0,7.836733129806817e-05,0.0,583.2688598632812,0.00014896913489792496,0.0,1108.7408447265625,0.0,0.0,0.0,0.7296146154403687,-0.10280302911996841,-0.21373477578163147,-0.2896021008491516,-0.37100547552108765,0.02739591896533966,0.5761340260505676,0.6143043041229248,-0.48507994413375854,0.4028981029987335,-2.2294182777404785,-0.6198808550834656,0.46774113178253174,-0.5034735798835754,8.156167984008789,"[0.7296146154403687, -0.10280302911996841, -0.21373477578163147, 0.4778294265270233, -0.23492082953453064, -0.029606372117996216, 0.019547313451766968, -0.045224592089653015, -0.9987855553627014, 0.699999988079071, 0.0, 0.0, -0.2896021008491516, -0.37100547552108765, 0.02739591896533966, 0.0006296634674072266, 0.21430429816246033, -0.08507993817329407, 0.002898097038269043, -1.8294183015823364, 0.18011915683746338, -0.3322588801383972, 0.2965264320373535, 7.356167793273926, -1.2279258966445923, -0.47273361682891846, -1.069864273071289, 0.01464042067527771, 1.6496539115905762, -0.38065090775489807, 1.4397276639938354, 1.6341161727905273, -4.425302982330322, 2.8629088401794434, -0.9279298782348633, 5.266782283782959, -0.6829379200935364, -0.2957117259502411, 0.7194543480873108, 0.6207046508789062, 0.5677058100700378, 0.8286398649215698, -0.37999439239501953, -3.684279680252075, -0.24887962639331818, -1.3802766799926758, 1.1509965658187866, 15.707440376281738, 1.0, 1.0, 1.0, 0.0, 1.0, 1.0, 1.0, 1.0, 1.0, 1.0, 1.0, 1.0]"
356,0.0,0.0,0.0,6.693517207168043e-05,0.0,498.1820983886719,5.455192513181828e-05,0.0,406.0166320800781,0.0,0.0,0.0,0.7338402271270752,-0.09685622900724411,-0.053195275366306305,-0.3128874599933624,-0.37251099944114685,0.029742909595370293,0.5755908489227295,0.6436957716941833,-0.4785011112689972,0.45142725110054016,-2.189178228378296,-0.7182492017745972,0.5015666484832764,-0.5336192846298218,8.27953052520752,"[0.7338402271270752, -0.09685622900724411, -0.053195275366306305, 0.015989383682608604, -0.055920280516147614, -0.05422797426581383, 0.01587691344320774, -0.047614797949790955, -0.9987395405769348, 0.699999988079071, 0.0, 0.0, -0.3128874599933624, -0.37251099944114685, 0.029742909595370293, 8.64863395690918e-05, 0.24369576573371887, -0.07850110530853271, 0.051427245140075684, -1.7891782522201538, 0.08175081014633179, -0.2984333634376526, 0.2663807272911072, 7.479530334472656, -1.0367752313613892, 0.045330360531806946, 0.177638441324234, 0.0037929241079837084, 1.196351170539856, 0.4470522403717041, 1.605533480644226, 1.959434151649475, -5.483614444732666, 1.232041835784912, -0.7055108547210693, 6.365234375, -0.45665982365608215, -0.4435700476169586, 0.5751603841781616, 0.4681854546070099, 0.278886616230011, 0.6796561479568481, -0.2204844057559967, -4.066319465637207, -0.4554201364517212, -1.1652650833129883, 1.015498399734497, 15.967141151428223, 1.0, 1.0, 1.0, 0.0, 1.0, 1.0, 1.0, 1.0, 1.0, 1.0, 1.0, 1.0]"
357,0.0,0.0,0.0,5.30463621544186e-05,0.0,394.81109619140625,4.134299524594098e-05,0.0,307.705810546875,0.0,0.0,0.0,0.731812059879303,-0.07881690561771393,0.0381048247218132,-0.32134121656417847,-0.3677254915237427,0.036061033606529236,0.5755394101142883,0.6477630734443665,-0.4585449695587158,0.4747609496116638,-2.1642191410064697,-0.8005189895629883,0.5064913034439087,-0.5361048579216003,8.410933494567871,"[0.731812059879303, -0.07881690561771393, 0.0381048247218132, -0.15662014484405518, 0.061211761087179184, -0.04561328515410423, 0.016167547553777695, -0.04453247785568237, -0.998877227306366, 0.699999988079071, 0.0, 0.0, -0.32134121656417847, -0.3677254915237427, 0.036061033606529236, 3.504753112792969e-05, 0.24776306748390198, -0.05854496359825134, 0.07476094365119934, -1.7642191648483276, -0.0005189776420593262, -0.29350870847702026, 0.2638951539993286, 7.610933303833008, -0.12527036666870117, 0.25149792432785034, 0.3124511241912842, -0.013635488227009773, -0.4111969769001007, 0.9938044548034668, 1.1827150583267212, 0.6668686270713806, -3.12215518951416, 0.13024479150772095, -0.1842377483844757, 6.661252498626709, -0.474602073431015, -0.520662248134613, 0.443566232919693, 0.49895450472831726, 0.47885942459106445, 0.6289993524551392, -0.14755551517009735, -4.076135635375977, -0.3130227327346802, -1.2367901802062988, 1.075689435005188, 16.06556510925293, 1.0, 1.0, 1.0, 0.0, 1.0, 1.0, 1.0, 1.0, 1.0, 1.0, 1.0, 1.0]"
358,0.0,0.0,0.0,4.825592986890115e-05,0.0,359.1570739746094,3.8187881727935746e-05,0.0,284.22308349609375,0.0,0.0,0.0,0.7507739663124084,-0.05728905275464058,0.067391537129879,-0.31731727719306946,-0.3630842864513397,0.041024353355169296,0.575512170791626,0.6297892332077026,-0.4298497438430786,0.4941810965538025,-2.1714911460876465,-0.8360690474510193,0.4939687252044678,-0.5343880653381348,8.53304386138916,"[0.7507739663124084, -0.05728905275464058, 0.067391537129879, -0.07031470537185669, 0.1424493044614792, -0.03336803615093231, 0.01844424195587635, -0.04208679497241974, -0.9989439249038696, 0.699999988079071, 0.0, 0.0, -0.31731727719306946, -0.3630842864513397, 0.041024353355169296, 7.808208465576172e-06, 0.22978922724723816, -0.029849737882614136, 0.09418109059333801, -1.7714911699295044, -0.03606903553009033, -0.3060312867164612, 0.2656119465827942, 7.733043670654297, 0.29625943303108215, 0.17655855417251587, 0.1816590577363968, -0.023310303688049316, -1.1355023384094238, 1.3566633462905884, 1.036600947380066, -0.9010153412818909, -0.5546383857727051, -0.5729727745056152, -0.021368063986301422, 5.422610282897949, -0.4962150752544403, -0.4786342680454254, 0.4317229688167572, 0.3991668224334717, 0.5149604082107544, 0.7131298780441284, -0.1788061559200287, -4.149991035461426, -0.1107405424118042, -1.3109850883483887, 1.1843113899230957, 15.999070167541504, 1.0, 1.0, 1.0, 0.0, 1.0, 1.0, 1.0, 1.0, 1.0, 1.0, 1.0, 1.0]"
359,0.0,0.0,0.0,5.050621257396415e-05,0.0,375.9053955078125,4.3677398934960365e-05,0.0,325.0802001953125,0.0,0.0,0.0,0.7738333344459534,-0.03573654592037201,0.11850608885288239,-0.3092992305755615,-0.3577411472797394,0.04570323973894119,0.5755084753036499,0.608264148235321,-0.394009530544281,0.5085763931274414,-2.201425790786743,-0.8223687410354614,0.4689079821109772,-0.5244318246841431,8.60491943359375,"[0.7738333344459534, -0.03573654592037201, 0.11850608885288239, -0.18847744166851044, 0.1731596440076828, -0.013815545476973057, 0.0215525571256876, -0.03901449963450432, -0.9990063309669495, 0.699999988079071, 0.0, 0.0, -0.3092992305755615, -0.3577411472797394, 0.04570323973894119, 4.112720489501953e-06, 0.20826414227485657, 0.005990475416183472, 0.10857638716697693, -1.801425814628601, -0.02236872911453247, -0.3310920298099518, 0.2755681872367859, 7.804919242858887, 0.3820956349372864, 0.29812657833099365, 0.24819795787334442, -0.0044594332575798035, -1.0435518026351929, 1.6872984170913696, 0.6708970069885254, -1.7757031917572021, 1.4610198736190796, -1.1428018808364868, 0.5981078743934631, 2.311471939086914, -0.5427924990653992, -0.3828961253166199, 0.39572903513908386, 0.2622765004634857, 0.5280115008354187, 0.8078707456588745, -0.2896029055118561, -4.210946083068848, 0.13461728394031525, -1.440305233001709, 1.228415846824646, 15.780425071716309, 1.0, 1.0, 1.0, 0.0, 1.0, 1.0, 1.0, 1.0, 1.0, 1.0, 1.0, 1.0]"
360,0.0,0.0,0.0,4.4569518649950624e-05,0.0,331.72003173828125,4.1943425458157435e-05,0.0,312.1746826171875,0.0,0.0,0.0,0.7948662638664246,-0.018121283501386642,0.17721709609031677,-0.3013073205947876,-0.34821924567222595,0.05333958938717842,0.5755075812339783,0.5900062322616577,-0.35128840804100037,0.5133076906204224,-2.2437989711761475,-0.7705790400505066,0.43247562646865845,-0.49771401286125183,8.612749099731445,"[0.7948662638664246, -0.018121283501386642, 0.17721709609031677, -0.422687292098999, 0.17952755093574524, 0.024183563888072968, 0.024889327585697174, -0.031824465841054916, -0.9991834163665771, 0.699999988079071, 0.0, 0.0, -0.3013073205947876, -0.34821924567222595, 0.05333958938717842, 3.2186508178710938e-06, 0.19000622630119324, 0.04871159791946411, 0.11330768465995789, -1.8437989950180054, 0.029420971870422363, -0.3675243854522705, 0.3022859990596771, 7.812748908996582, 0.3745505213737488, 0.5513117909431458, 0.42178207635879517, -0.035051457583904266, -0.9743719100952148, 2.0958199501037598, 0.15963655710220337, -2.2845869064331055, 3.677208185195923, -1.8510901927947998, 1.4902361631393433, -0.9545594453811646, -0.5534953474998474, -0.23719587922096252, 0.3550731837749481, 0.07039543986320496, 0.3639465570449829, 0.906647801399231, -0.32663917541503906, -4.248659133911133, 0.5320242047309875, -1.6571093797683716, 1.1964304447174072, 15.409351348876953, 1.0, 1.0, 1.0, 0.0, 1.0, 1.0, 1.0, 1.0, 1.0, 1.0, 1.0, 1.0]"
