Time,LF_FOOT_X,LF_FOOT_Y,LF_FOOT_Z,LH_FOOT_X,LH_FOOT_Y,LH_FOOT_Z,RF_FOOT_X,RF_FOOT_Y,RF_FOOT_Z,RH_FOOT_X,RH_FOOT_Y,RH_FOOT_Z,Base_lin_vel_X,Base_lin_vel_Y,Base_lin_vel_Z,joint0_pos,joint1_pos,joint2_pos,joint3_pos,joint4_pos,joint5_pos,joint6_pos,joint7_pos,joint8_pos,joint9_pos,joint10_pos,joint11_pos,base_height,obs
1,2.9499855372705497e-05,0.0,219.56021118164062,0.0,0.0,0.0,3.5402164940023795e-05,0.0,263.4896545410156,0.0,0.0,0.0,0.378337025642395,-0.26201096177101135,0.21614187955856323,0.007627620827406645,-0.0329461544752121,0.0022832758259028196,0.004640555940568447,0.5414942502975464,-0.30506911873817444,0.5703299045562744,-0.29634419083595276,-0.723166823387146,1.0618388652801514,-0.8063615560531616,0.6805446743965149,"[0.378337025642395, -0.26201096177101135, 0.21614187955856323, 0.3106757402420044, 0.06991304457187653, -0.0964166596531868, 0.0035081012174487114, -0.004242877941578627, -0.9999851584434509, 0.699999988079071, 0.0, 0.0, 0.007627620827406645, -0.0329461544752121, 0.0022832758259028196, 0.004640555940568447, 0.1414942443370819, 0.09493088722229004, 0.17032989859580994, 0.10365581512451172, 0.07683318853378296, 0.2618388533592224, -0.006361544132232666, -0.11945533752441406, 0.18557210266590118, -3.1129097938537598, 0.26048168540000916, 0.11114180833101273, 2.583158493041992, -2.7560153007507324, 0.8548665046691895, -2.7770912647247314, -3.502849817276001, -5.738933086395264, -0.678876519203186, 2.4660255908966064, -0.11677412688732147, -1.4734256267547607, 0.5394223928451538, 0.15932753682136536, -0.4639018177986145, -2.7138705253601074, -0.6560204029083252, -1.3568917512893677, -0.749459981918335, -1.4802947044372559, 0.6911916732788086, 0.025669418275356293, 1.0, 1.0, 1.0, 1.0, 1.0, 1.0, 1.0, 1.0, 1.0, 1.0, 1.0, 1.0]"
2,0.0,0.0,0.0,0.0,0.0,0.0,3.4358650736976415e-05,0.0,255.72305297851562,0.0,0.0,0.0,0.18364042043685913,-0.2413332313299179,0.1764248013496399,0.015723157674074173,-0.11441759765148163,0.017807846888899803,0.05288747698068619,0.5871203541755676,-0.4133146405220032,0.5668061375617981,-0.4053288996219635,-0.8266857862472534,0.9223440885543823,-0.7910983562469482,0.7770419120788574,"[0.18364042043685913, -0.2413332313299179, 0.1764248013496399, -1.0752007961273193, -0.009580091573297977, 0.03141478821635246, 0.004916153382509947, 0.0024497308768332005, -0.9999846816062927, 0.699999988079071, 0.0, 0.0, 0.015723157674074173, -0.11441759765148163, 0.017807846888899803, 0.05288747698068619, 0.18712034821510315, -0.013314634561538696, 0.16680613160133362, -0.0053288936614990234, -0.026685774326324463, 0.12234407663345337, 0.008901655673980713, -0.022958099842071533, 0.4575144648551941, -3.947991371154785, 1.4190990924835205, 4.700950622558594, 2.516911745071411, -6.437142372131348, -0.25247055292129517, -6.661001205444336, -7.488851547241211, -6.922123908996582, 0.973507285118103, 7.463107585906982, -1.27920663356781, -0.8456264138221741, 0.02235456183552742, 2.128927707672119, 2.042153835296631, -0.6225887537002563, -0.12017634510993958, -2.981351613998413, -0.7098204493522644, -1.087875485420227, 0.7610018253326416, 1.2530949115753174, 1.0, 1.0, 1.0, 1.0, 1.0, 1.0, 1.0, 1.0, 1.0, 1.0, 1.0, 1.0]"
3,0.0,0.0,0.0,2.69013562501641e-05,0.0,200.22019958496094,2.1044108507339843e-05,0.0,156.62615966796875,0.0,0.0,0.0,0.23086412250995636,-0.23039966821670532,0.09295792877674103,-0.01327794324606657,-0.17944714426994324,0.048221390694379807,0.18201081454753876,0.6573715806007385,-0.5164312124252319,0.5559703707695007,-0.5440420508384705,-0.9379221796989441,0.902201235294342,-0.7511948943138123,0.9215025305747986,"[0.23086412250995636, -0.23039966821670532, 0.09295792877674103, -1.181600570678711, -0.4834500253200531, 0.08258555829524994, -0.0011600377038121223, 0.027498256415128708, -0.9996213316917419, 0.699999988079071, 0.0, 0.0, -0.01327794324606657, -0.17944714426994324, 0.048221390694379807, 0.18201081454753876, 0.25737157464027405, -0.11643120646476746, 0.15597036480903625, -0.14404204487800598, -0.13792216777801514, 0.10220122337341309, 0.0488051176071167, 0.12150251865386963, -2.6567561626434326, -1.9958930015563965, 1.4698010683059692, 7.035567760467529, 4.120737552642822, -2.9904704093933105, -0.4213440418243408, -6.874029159545898, -2.8374905586242676, 3.077626943588257, 2.210341453552246, 6.421444892883301, -0.3056250512599945, -0.8731639981269836, 1.5909528732299805, 1.1542493104934692, 1.2941445112228394, 1.2807400226593018, 0.7202242612838745, -1.3288445472717285, -0.2352926880121231, -0.6468210220336914, 1.0042967796325684, 0.3647559583187103, 1.0, 1.0, 1.0, 1.0, 1.0, 1.0, 1.0, 1.0, 1.0, 1.0, 1.0, 1.0]"
4,0.0,0.0,0.0,6.41265360172838e-05,0.0,477.27813720703125,1.7161570212920196e-05,0.0,127.7293701171875,0.0,0.0,0.0,0.35455557703971863,-0.25849780440330505,0.047114286571741104,-0.0866222158074379,-0.1607949435710907,0.07741625607013702,0.3275182545185089,0.7544638514518738,-0.5087795257568359,0.5508385300636292,-0.6688121557235718,-0.9398987293243408,0.9249486923217773,-0.7059829831123352,0.9452018737792969,"[0.35455557703971863, -0.25849780440330505, 0.047114286571741104, -0.7966191172599792, -0.5558393597602844, -0.026553716510534286, -0.01312260888516903, 0.04958684369921684, -0.9986836910247803, 0.699999988079071, 0.0, 0.0, -0.0866222158074379, -0.1607949435710907, 0.07741625607013702, 0.3275182545185089, 0.3544638454914093, -0.10877951979637146, 0.15083852410316467, -0.2688121497631073, -0.13989871740341187, 0.12494868040084839, 0.09401702880859375, 0.14520186185836792, -4.475797653198242, 1.0336233377456665, 1.15950608253479, 6.881168842315674, 5.016164302825928, 0.2540292739868164, -0.15885932743549347, -5.72062873840332, 0.47775304317474365, 0.9872551560401917, 2.105048418045044, -1.5916807651519775, -1.0517927408218384, -0.18198463320732117, 1.2109817266464233, 0.6153335571289062, 0.9697360396385193, 0.9728349447250366, 0.45512154698371887, -0.8816297054290771, -0.2538008689880371, -0.31290534138679504, 1.0388026237487793, 0.15417608618736267, 1.0, 1.0, 1.0, 1.0, 1.0, 1.0, 1.0, 1.0, 1.0, 1.0, 1.0, 1.0]"
5,0.0,0.0,0.0,4.528005592874251e-05,0.0,337.0083923339844,1.7083242710214108e-05,0.0,127.1463851928711,0.0,0.0,0.0,0.4512857496738434,-0.22522993385791779,0.04614076390862465,-0.19609765708446503,-0.14724119007587433,0.09291111677885056,0.42346206307411194,0.8435052633285522,-0.48790428042411804,0.5540809631347656,-0.7497442364692688,-0.9096607565879822,0.9372959733009338,-0.6712684035301208,0.9443081617355347,"[0.4512857496738434, -0.22522993385791779, 0.04614076390862465, -0.19280588626861572, -0.5314512848854065, -0.08181537687778473, -0.024532873183488846, 0.05755195394158363, -0.9980409145355225, 0.699999988079071, 0.0, 0.0, -0.19609765708446503, -0.14724119007587433, 0.09291111677885056, 0.42346206307411194, 0.44350525736808777, -0.08790427446365356, 0.15408095717430115, -0.3497442305088043, -0.10966074466705322, 0.13729596138000488, 0.1287316083908081, 0.1443081498146057, -5.847066402435303, 0.4081736207008362, 0.5444979667663574, 3.1101930141448975, 3.853116512298584, 0.9032584428787231, 0.16572000086307526, -2.3575594425201416, 1.9782317876815796, 1.2774391174316406, 1.7225205898284912, -4.357677936553955, -0.6497600674629211, -0.5747314691543579, 1.1825158596038818, 0.15304264426231384, 0.8518953323364258, 0.5468864440917969, 0.5141863822937012, -0.04597637057304382, -0.2528523802757263, -0.5264741778373718, 0.8308818936347961, -0.15434560179710388, 1.0, 1.0, 1.0, 1.0, 1.0, 1.0, 1.0, 1.0, 1.0, 1.0, 1.0, 1.0]"
6,0.0,0.0,0.0,2.607251371955499e-05,0.0,194.05133056640625,1.6778247299953364e-05,0.0,124.87638854980469,1.867972605396062e-05,0.0,139.02862548828125,0.5150200128555298,-0.22013074159622192,0.035205304622650146,-0.29958927631378174,-0.13796864449977875,0.10598834604024887,0.4432353973388672,0.8969425559043884,-0.4610505998134613,0.5605193376541138,-0.757145881652832,-0.8847413063049316,0.9399566054344177,-0.6431566476821899,0.9543169140815735,"[0.5150200128555298, -0.22013074159622192, 0.035205304622650146, -0.443523108959198, -0.32763412594795227, -0.16041958332061768, -0.03359809145331383, 0.06284224987030029, -0.9974576234817505, 0.699999988079071, 0.0, 0.0, -0.29958927631378174, -0.13796864449977875, 0.10598834604024887, 0.4432353973388672, 0.49694254994392395, -0.061050593852996826, 0.1605193316936493, -0.35714587569236755, -0.08474129438400269, 0.13995659351348877, 0.156843364238739, 0.15431690216064453, -4.375133991241455, 0.6184024214744568, 0.8444814085960388, 0.8085894584655762, 1.9459331035614014, 1.1743577718734741, 0.3215184509754181, 1.063645362854004, 0.7063280344009399, 0.2484125941991806, 1.252255916595459, 0.3961699604988098, -0.7529012560844421, -0.3797434866428375, 0.5822040438652039, 0.25741448998451233, 1.0804649591445923, 0.0016809403896331787, 0.4689873158931732, 0.08131352066993713, -0.21333910524845123, -0.35384371876716614, 0.8765483498573303, -0.2493343949317932, 1.0, 1.0, 1.0, 1.0, 1.0, 1.0, 1.0, 1.0, 1.0, 1.0, 1.0, 1.0]"
7,0.0,0.0,0.0,1.4486046893580351e-05,0.0,107.81610107421875,1.978022737603169e-05,0.0,147.21939086914062,2.787212360999547e-05,0.0,207.44540405273438,0.540661633014679,-0.2165321409702301,0.0323181189596653,-0.35690584778785706,-0.118309386074543,0.1301744133234024,0.46246853470802307,0.9170516133308411,-0.43418076634407043,0.5667943358421326,-0.7290853261947632,-0.8789808750152588,0.9317022562026978,-0.6253967881202698,0.9422746300697327,"[0.540661633014679, -0.2165321409702301, 0.0323181189596653, -0.8272152543067932, 0.049461424350738525, -0.19388751685619354, -0.03552517294883728, 0.07850243896245956, -0.9962807893753052, 0.699999988079071, 0.0, 0.0, -0.35690584778785706, -0.118309386074543, 0.1301744133234024, 0.46246853470802307, 0.5170515775680542, -0.03418076038360596, 0.1667943298816681, -0.3290853202342987, -0.07898086309432983, 0.1317022442817688, 0.17460322380065918, 0.1422746181488037, -2.250943660736084, 1.0141700506210327, 1.2565062046051025, 0.970971405506134, 0.5345293879508972, 1.3778953552246094, 0.42415502667427063, 1.3530981540679932, -0.11254489421844482, -0.7021852731704712, 0.49462324380874634, -0.706271231174469, -0.691906213760376, -0.5846467018127441, 0.18537279963493347, 0.49448132514953613, 0.8923556804656982, 0.012339025735855103, 0.5501506328582764, -0.45986631512641907, -0.30632108449935913, -0.45093345642089844, 0.8470316529273987, -0.16430872678756714, 1.0, 1.0, 1.0, 1.0, 1.0, 1.0, 1.0, 1.0, 1.0, 1.0, 1.0, 1.0]"
8,0.0,0.0,0.0,1.9238148524891585e-05,0.0,143.18482971191406,2.8801125154132023e-05,0.0,214.3597412109375,6.8507779360516e-06,0.0,50.98866653442383,0.5492024421691895,-0.1722501963376999,-0.0017286227084696293,-0.3961663246154785,-0.10685726255178452,0.1462998390197754,0.4724114239215851,0.9152149558067322,-0.40374016761779785,0.5814682841300964,-0.705122709274292,-0.8975822925567627,0.9084487557411194,-0.6286149621009827,0.928459107875824,"[0.5492024421691895, -0.1722501963376999, -0.0017286227084696293, -0.1232089251279831, 0.1967417448759079, -0.19271118938922882, -0.032548870891332626, 0.08645069599151611, -0.9957244992256165, 0.699999988079071, 0.0, 0.0, -0.3961663246154785, -0.10685726255178452, 0.1462998390197754, 0.4724114239215851, 0.5152149200439453, -0.003740161657333374, 0.18146827816963196, -0.3051227033138275, -0.09758228063583374, 0.10844874382019043, 0.1713850498199463, 0.12845909595489502, -1.844403624534607, 0.27596303820610046, 0.5206843018531799, 0.21683622896671295, -0.3824669420719147, 1.5303044319152832, 1.0001941919326782, 1.102262258529663, -1.514966368675232, -1.2289882898330688, -0.6429227590560913, -0.5766434669494629, -0.6002644300460815, -0.4973083436489105, 0.07437250018119812, 0.6835098266601562, 1.135054111480713, 0.0911741554737091, 0.3137958347797394, -0.848572850227356, -0.43737393617630005, -0.6935755014419556, 0.8698173761367798, 0.11498590558767319, 1.0, 1.0, 1.0, 1.0, 1.0, 1.0, 1.0, 1.0, 1.0, 1.0, 1.0, 1.0]"
9,0.0,0.0,0.0,2.779168789857067e-05,0.0,206.84674072265625,4.092922972631641e-05,0.0,304.6262512207031,0.0,0.0,0.0,0.5403279066085815,-0.1444636583328247,-0.04367794096469879,-0.4239345192909241,-0.10787146538496017,0.1507931351661682,0.4715258479118347,0.9042426943778992,-0.37184426188468933,0.6046274900436401,-0.6959973573684692,-0.9441186785697937,0.8821685910224915,-0.6456594467163086,0.9349377751350403,"[0.5403279066085815, -0.1444636583328247, -0.04367794096469879, 0.23229674994945526, 0.12577326595783234, -0.20318904519081116, -0.029592517763376236, 0.08317680656909943, -0.9960952997207642, 0.699999988079071, 0.0, 0.0, -0.4239345192909241, -0.10787146538496017, 0.1507931351661682, 0.4715258479118347, 0.5042426586151123, 0.028155744075775146, 0.20462748408317566, -0.29599735140800476, -0.14411866664886475, 0.0821685791015625, 0.15434056520462036, 0.13493776321411133, -1.037583827972412, -0.1712506115436554, 0.32479286193847656, 0.017435677349567413, -0.505096435546875, 1.3649009466171265, 1.4145563840866089, -0.1942785531282425, -3.1659908294677734, -0.8528092503547668, -1.4911011457443237, 1.6591904163360596, -0.5097617506980896, -0.5525964498519897, -0.06738309562206268, 0.8852355480194092, 1.2359241247177124, 0.2975161373615265, 0.2316504269838333, -1.2657749652862549, -0.7273032069206238, -0.7682815790176392, 0.8573021292686462, 0.42069533467292786, 1.0, 1.0, 1.0, 1.0, 1.0, 1.0, 1.0, 1.0, 1.0, 1.0, 1.0, 1.0]"
10,0.0,0.0,0.0,2.8846356144640595e-05,0.0,214.6963653564453,3.8074453186709434e-05,0.0,283.37884521484375,0.0,0.0,0.0,0.536162793636322,-0.13151484727859497,-0.06894433498382568,-0.4302683174610138,-0.11199919879436493,0.15319204330444336,0.47908052802085876,0.8971914052963257,-0.34179508686065674,0.6294420957565308,-0.7227896451950073,-1.0193058252334595,0.862241268157959,-0.6631636619567871,0.9899005889892578,"[0.536162793636322, -0.13151484727859497, -0.06894433498382568, 0.26335376501083374, 0.06415746361017227, -0.22039225697517395, -0.028250619769096375, 0.07800424098968506, -0.9965527057647705, 0.699999988079071, 0.0, 0.0, -0.4302683174610138, -0.11199919879436493, 0.15319204330444336, 0.47908052802085876, 0.4971913993358612, 0.05820491909980774, 0.22944208979606628, -0.32278963923454285, -0.21930581331253052, 0.06224125623703003, 0.13683634996414185, 0.18990057706832886, 0.0903458222746849, -0.26126745343208313, 0.21345335245132446, 0.5214739441871643, -0.2994861900806427, 1.3024070262908936, 1.3625808954238892, -1.8358267545700073, -3.7599711418151855, -0.6603087186813354, -1.2071993350982666, 2.3730661869049072, -0.5359889268875122, -0.3835505545139313, 0.04253299906849861, 0.8298519849777222, 1.2097996473312378, 0.3597427308559418, 0.25046396255493164, -1.2868642807006836, -0.8298723697662354, -0.7480829954147339, 0.7927566766738892, 0.5304899215698242, 1.0, 1.0, 1.0, 1.0, 1.0, 1.0, 1.0, 1.0, 1.0, 1.0, 1.0, 1.0]"
11,0.0,0.0,0.0,3.0950683139963076e-05,0.0,230.35836791992188,3.724194903043099e-05,0.0,277.1827087402344,0.0,0.0,0.0,0.5508847236633301,-0.1105545163154602,-0.08538662642240524,-0.4197239577770233,-0.11894507706165314,0.15321432054042816,0.4873209595680237,0.8919945359230042,-0.3116379380226135,0.6552297472953796,-0.7701844573020935,-1.0818480253219604,0.8445079326629639,-0.6796005368232727,1.0233625173568726,"[0.5508847236633301, -0.1105545163154602, -0.08538662642240524, 0.40911221504211426, 0.006611077580600977, -0.21087037026882172, -0.02804526500403881, 0.07095597684383392, -0.99708491563797, 0.699999988079071, 0.0, 0.0, -0.4197239577770233, -0.11894507706165314, 0.15321432054042816, 0.4873209595680237, 0.4919945299625397, 0.08836206793785095, 0.25522974133491516, -0.37018445134162903, -0.2818480134010315, 0.04450792074203491, 0.12039947509765625, 0.2233625054359436, 0.7602483630180359, -0.43895503878593445, -0.07737915962934494, 0.2415347397327423, -0.34146392345428467, 1.3030632734298706, 1.410466194152832, -2.522243022918701, -2.105872869491577, -0.48023396730422974, -0.9455874562263489, 1.038903832435608, -0.5724236369132996, -0.2961815595626831, 0.22379429638385773, 0.7647874355316162, 1.153637409210205, 0.43512091040611267, 0.2675532400608063, -1.1883790493011475, -0.6434473991394043, -0.7332475185394287, 0.7574687600135803, 0.39757415652275085, 1.0, 1.0, 1.0, 1.0, 1.0, 1.0, 1.0, 1.0, 1.0, 1.0, 1.0, 1.0]"
12,0.0,0.0,0.0,3.079425368923694e-05,0.0,229.194091796875,3.2288171496475115e-05,0.0,240.31298828125,0.0,0.0,0.0,0.5820777416229248,-0.09440528601408005,-0.09578698128461838,-0.39680245518684387,-0.12670743465423584,0.15196509659290314,0.48336291313171387,0.8828037977218628,-0.2804047465324402,0.6813269853591919,-0.8151599764823914,-1.0845118761062622,0.8283607959747314,-0.6929399371147156,1.0080996751785278,"[0.5820777416229248, -0.09440528601408005, -0.09578698128461838, 0.32940974831581116, -0.03540093079209328, -0.1780472844839096, -0.02888745814561844, 0.06356140971183777, -0.9975594878196716, 0.699999988079071, 0.0, 0.0, -0.39680245518684387, -0.12670743465423584, 0.15196509659290314, 0.48336291313171387, 0.4828037917613983, 0.11959525942802429, 0.2813269793987274, -0.4151599705219269, -0.28451186418533325, 0.02836078405380249, 0.10706007480621338, 0.20809966325759888, 1.3713364601135254, -0.3721695840358734, -0.014628954231739044, -0.5239368081092834, -0.5910542011260986, 1.3356990814208984, 1.3604142665863037, -1.8840943574905396, 1.2681306600570679, -0.383872926235199, -0.7346498370170593, -2.2169082164764404, -0.5247475504875183, -0.3672172427177429, 0.38287410140037537, 0.7059431076049805, 1.0440908670425415, 0.45820048451423645, 0.3019680976867676, -0.9550423622131348, -0.34622347354888916, -0.7362780570983887, 0.6765577793121338, 0.10180556029081345, 1.0, 1.0, 1.0, 1.0, 1.0, 1.0, 1.0, 1.0, 1.0, 1.0, 1.0, 1.0]"
13,0.0,0.0,0.0,2.5595130864530802e-05,0.0,190.49830627441406,2.50019074883312e-05,0.0,186.0830841064453,0.0,0.0,0.0,0.6213476061820984,-0.08022000640630722,-0.12040095776319504,-0.36337003111839294,-0.13176147639751434,0.1528063267469406,0.4625403583049774,0.8675770163536072,-0.24910619854927063,0.7067599296569824,-0.836277425289154,-1.0234225988388062,0.8147763013839722,-0.7021154165267944,0.9361557960510254,"[0.6213476061820984, -0.08022000640630722, -0.12040095776319504, 0.1837201714515686, -0.03909613937139511, -0.1551072746515274, -0.03005809336900711, 0.05918358266353607, -0.997794508934021, 0.699999988079071, 0.0, 0.0, -0.36337003111839294, -0.13176147639751434, 0.1528063267469406, 0.4625403583049774, 0.4675770103931427, 0.15089380741119385, 0.30675992369651794, -0.4362774193286896, -0.2234225869178772, 0.014776289463043213, 0.09788459539413452, 0.13615578413009644, 1.803701639175415, -0.24469110369682312, 0.06641913950443268, -1.447227954864502, -0.9608834981918335, 1.3869295120239258, 1.3615361452102661, -0.3713863492012024, 4.357851982116699, -0.351818323135376, -0.5430066585540771, -4.886763095855713, -0.5449709892272949, -0.4767344295978546, 0.5218698978424072, 0.6221292018890381, 0.8304349184036255, 0.3017113506793976, 0.47573643922805786, -0.4410909116268158, 0.07791268825531006, -0.6854778528213501, 0.47408950328826904, -0.37015867233276367, 1.0, 1.0, 1.0, 1.0, 1.0, 1.0, 1.0, 1.0, 1.0, 1.0, 1.0, 1.0]"
14,0.0,0.0,0.0,7.924008059490006e-06,0.0,58.9764518737793,8.337060535268392e-06,0.0,62.05070495605469,3.8619131373707205e-05,0.0,287.4327392578125,0.6401416063308716,-0.08581437915563583,-0.16072069108486176,-0.3228018879890442,-0.13270379602909088,0.157545268535614,0.4573580026626587,0.8414438366889954,-0.22090527415275574,0.7347232699394226,-0.836205005645752,-0.9157631397247314,0.8018668293952942,-0.7172282338142395,0.9429464340209961,"[0.6401416063308716, -0.08581437915563583, -0.16072069108486176, -0.12087752670049667, 0.21781611442565918, -0.12435899674892426, -0.028538543730974197, 0.05888138711452484, -0.9978571534156799, 0.699999988079071, 0.0, 0.0, -0.3228018879890442, -0.13270379602909088, 0.157545268535614, 0.4573580026626587, 0.4414438307285309, 0.17909473180770874, 0.33472326397895813, -0.4362049996852875, -0.11576312780380249, 0.0018668174743652344, 0.08277177810668945, 0.14294642210006714, 2.1554861068725586, 0.07643122971057892, 0.360693097114563, 0.26263535022735596, -1.6132858991622925, 1.2384034395217896, 1.5044536590576172, 0.38725489377975464, 5.914577960968018, -0.16283440589904785, -1.1361232995986938, 0.7605023980140686, -0.6266651749610901, -0.7300504446029663, 0.5932344198226929, 0.6965757608413696, 0.3540455102920532, -0.7963250875473022, 0.9526877403259277, 0.1449151337146759, 0.5575212836265564, -0.3825242817401886, -0.11535106599330902, -0.7848820686340332, 1.0, 1.0, 1.0, 1.0, 1.0, 1.0, 1.0, 1.0, 1.0, 1.0, 1.0, 1.0]"
15,5.413730104919523e-05,0.0,402.9306945800781,0.0,0.0,0.0,0.0,0.0,0.0,4.860300396103412e-05,0.0,361.74029541015625,0.6080523729324341,-0.0535876490175724,-0.09484508633613586,-0.32616862654685974,-0.15424615144729614,0.17022080719470978,0.4539589583873749,0.8642242550849915,-0.2300722301006317,0.7703582644462585,-0.8284341096878052,-0.9269305467605591,0.8058023452758789,-0.7735385298728943,0.9538936018943787,"[0.6080523729324341, -0.0535876490175724, -0.09484508633613586, 0.423328161239624, 0.4140282869338989, -0.12027667462825775, -0.021791530773043633, 0.053896889090538025, -0.9983086585998535, 0.699999988079071, 0.0, 0.0, -0.32616862654685974, -0.15424615144729614, 0.17022080719470978, 0.4539589583873749, 0.464224249124527, 0.16992777585983276, 0.37035825848579407, -0.4284341037273407, -0.12693053483963013, 0.005802333354949951, 0.026461482048034668, 0.1538935899734497, -0.39282944798469543, -1.8745077848434448, 1.1934218406677246, -0.35204067826271057, 1.2873592376708984, -2.242542266845703, 2.1029505729675293, 0.23649227619171143, -0.9121125340461731, 1.5050104856491089, -4.707446098327637, 0.5568495988845825, -0.9816530346870422, -0.6050488352775574, 1.0488728284835815, 0.3411712348461151, 0.0714154839515686, -2.1317036151885986, 1.091946005821228, 0.15273213386535645, 0.5346451997756958, 0.5046675801277161, -0.843545138835907, -0.2094549834728241, 1.0, 1.0, 1.0, 1.0, 1.0, 1.0, 1.0, 1.0, 1.0, 1.0, 1.0, 1.0]"
16,4.43037279183045e-05,0.0,329.7418212890625,0.0,0.0,0.0,0.0,0.0,0.0,4.707161133410409e-05,0.0,350.3424987792969,0.5527021884918213,-0.059206314384937286,-0.0225976575165987,-0.3360866904258728,-0.20711646974086761,0.2182968258857727,0.44423243403434753,0.880453884601593,-0.3304848372936249,0.8183989524841309,-0.8179095387458801,-0.9346700310707092,0.8872237205505371,-0.8766636252403259,0.9547609686851501,"[0.5527021884918213, -0.059206314384937286, -0.0225976575165987, 0.5750535726547241, 0.4196757376194, -0.03744244575500488, -0.013177906163036823, 0.04279562085866928, -0.998996913433075, 0.699999988079071, 0.0, 0.0, -0.3360866904258728, -0.20711646974086761, 0.2182968258857727, 0.44423243403434753, 0.48045387864112854, 0.0695151686668396, 0.4183989465236664, -0.41790953278541565, -0.13467001914978027, 0.08722370862960815, -0.07666361331939697, 0.1547609567642212, -0.5181349515914917, -2.886338949203491, 3.1002588272094727, -0.5038191080093384, 0.7983063459396362, -6.029505252838135, 2.52091908454895, 0.3675313889980316, -0.3637576401233673, 4.291885852813721, -5.090285301208496, 0.20592588186264038, -0.5102303624153137, -0.55433189868927, 0.6378258466720581, 0.4602198898792267, 0.616949737071991, -1.3380839824676514, 1.2643557786941528, 0.20642033219337463, 0.48167943954467773, 1.0379791259765625, -1.1773502826690674, -0.19820907711982727, 1.0, 1.0, 1.0, 1.0, 1.0, 1.0, 1.0, 1.0, 1.0, 1.0, 1.0, 1.0]"
17,3.5233504604548216e-05,0.0,262.2343444824219,0.0,0.0,0.0,0.0,0.0,0.0,4.037142207380384e-05,0.0,300.474609375,0.5508064031600952,-0.06519760936498642,-0.013048680499196053,-0.34578704833984375,-0.2667735815048218,0.29003217816352844,0.4347381889820099,0.8919531106948853,-0.464847207069397,0.8710821866989136,-0.8052264451980591,-0.933630108833313,0.9804961085319519,-0.994219183921814,0.9544504880905151,"[0.5508064031600952, -0.06519760936498642, -0.013048680499196053, 0.5229783654212952, 0.3033592700958252, -0.016782017424702644, -0.006237295921891928, 0.031186923384666443, -0.9994940757751465, 0.699999988079071, 0.0, 0.0, -0.34578704833984375, -0.2667735815048218, 0.29003217816352844, 0.4347381889820099, 0.4919531047344208, -0.0648472011089325, 0.4710821807384491, -0.4052264392375946, -0.13363009691238403, 0.18049609661102295, -0.194219172000885, 0.15445047616958618, -0.42518913745880127, -3.015705108642578, 3.6739156246185303, -0.41158682107925415, 0.5606589913368225, -7.0190110206604, 2.521453380584717, 0.3878226578235626, 0.14318935573101044, 5.271557807922363, -6.1736626625061035, 0.3679335117340088, -0.36773446202278137, -0.7197210192680359, 0.6608977317810059, 0.4824973940849304, 0.6436334252357483, -1.1567347049713135, 1.0742732286453247, 0.19146382808685303, 0.4631487727165222, 1.0867581367492676, -1.2106820344924927, -0.12765803933143616, 1.0, 1.0, 1.0, 1.0, 1.0, 1.0, 1.0, 1.0, 1.0, 1.0, 1.0, 1.0]"
18,3.2429947168566287e-05,0.0,241.36814880371094,0.0,0.0,0.0,0.0,0.0,0.0,4.1596649680286646e-05,0.0,309.59368896484375,0.56955486536026,-0.06011117249727249,-0.007448607590049505,-0.3518761694431305,-0.3271656036376953,0.3520933985710144,0.42853328585624695,0.9032716751098633,-0.6017589569091797,0.9059054255485535,-0.7910800576210022,-0.9277698397636414,1.0802825689315796,-1.0998995304107666,0.9563798904418945,"[0.56955486536026, -0.06011117249727249, -0.007448607590049505, 0.30966460704803467, 0.19637008011341095, -0.04369506239891052, -0.0017492057522758842, 0.022845204919576645, -0.9997372627258301, 0.699999988079071, 0.0, 0.0, -0.3518761694431305, -0.3271656036376953, 0.3520933985710144, 0.42853328585624695, 0.5032716989517212, -0.2017589509487152, 0.5059053897857666, -0.3910800516605377, -0.1277698278427124, 0.28028255701065063, -0.29989951848983765, 0.15637987852096558, -0.19975237548351288, -2.972161293029785, 2.5976996421813965, -0.2228594273328781, 0.5188632011413574, -6.62516450881958, 1.1041569709777832, 0.4937950670719147, 0.4134864807128906, 4.315445423126221, -4.372798442840576, 0.4149430990219116, -0.3571877181529999, -0.7304062843322754, 0.502795398235321, 0.5148943662643433, 0.679629921913147, -1.1940264701843262, 1.0175799131393433, 0.2158370316028595, 0.5172544121742249, 1.0585108995437622, -1.0925081968307495, -0.2031784951686859, 1.0, 1.0, 1.0, 1.0, 1.0, 1.0, 1.0, 1.0, 1.0, 1.0, 1.0, 1.0]"
19,3.460756488493644e-05,0.0,257.57562255859375,0.0,0.0,0.0,0.0,0.0,0.0,4.1846004023682326e-05,0.0,311.4495849609375,0.5958011150360107,-0.05204085260629654,0.012539899908006191,-0.3540380299091339,-0.3835862874984741,0.3806995749473572,0.4255068302154541,0.9142081141471863,-0.7243064641952515,0.9072235226631165,-0.7734549045562744,-0.917850911617279,1.142988681793213,-1.1555606126785278,0.956515371799469,"[0.5958011150360107, -0.05204085260629654, 0.012539899908006191, 0.14994049072265625, 0.1392357349395752, -0.040035344660282135, 0.0012785454746335745, 0.018467199057340622, -0.9998286366462708, 0.699999988079071, 0.0, 0.0, -0.3540380299091339, -0.3835862874984741, 0.3806995749473572, 0.4255068302154541, 0.5142080783843994, -0.324306458234787, 0.5072234869003296, -0.37345489859580994, -0.1178508996963501, 0.34298866987228394, -0.3555606007575989, 0.15651535987854004, -0.045700542628765106, -2.6778154373168945, 0.7095360159873962, -0.08776717633008957, 0.4987097382545471, -5.821741580963135, -0.5356492400169373, 0.6999261975288391, 0.599349856376648, 2.5313031673431396, -1.743729591369629, 0.2651718854904175, -0.3665526807308197, -0.740571916103363, 0.34819716215133667, 0.5017138719558716, 0.56597900390625, -1.2895867824554443, 0.9691393375396729, 0.07462558150291443, 0.487479567527771, 1.0166325569152832, -0.9807314276695251, -0.25369954109191895, 1.0, 1.0, 1.0, 1.0, 1.0, 1.0, 1.0, 1.0, 1.0, 1.0, 1.0, 1.0]"
20,3.6449917388381436e-05,0.0,271.2878112792969,0.0,0.0,0.0,0.0,0.0,0.0,3.936628854717128e-05,0.0,292.99365234375,0.6279729008674622,-0.04973147436976433,0.034429535269737244,-0.3555178642272949,-0.4293818175792694,0.37332838773727417,0.4230230152606964,0.9230290651321411,-0.8265690207481384,0.8846396803855896,-0.7526431679725647,-0.9022654294967651,1.1753253936767578,-1.168562889099121,0.9547027349472046,"[0.6279729008674622, -0.04973147436976433, 0.034429535269737244, 0.19629983603954315, 0.0988364964723587, -0.011321079917252064, 0.003416274208575487, 0.014858679845929146, -0.9998834729194641, 0.699999988079071, 0.0, 0.0, -0.3555178642272949, -0.4293818175792694, 0.37332838773727417, 0.4230230152606964, 0.523029088973999, -0.42656901478767395, 0.4846396744251251, -0.3526431620121002, -0.10226541757583618, 0.37532538175582886, -0.36856287717819214, 0.15470272302627563, -0.08320166170597076, -1.974327564239502, -0.9272529482841492, -0.12444537878036499, 0.3796353042125702, -4.620394706726074, -1.4211524724960327, 0.8805039525032043, 0.906306803226471, 1.0526903867721558, -0.024933503940701485, 0.15038420259952545, -0.40217897295951843, -0.7501075267791748, 0.28239986300468445, 0.49173375964164734, 0.5060814619064331, -1.2615264654159546, 0.9251459836959839, -0.025559693574905396, 0.47021782398223877, 0.9490848779678345, -0.8191781640052795, -0.32459983229637146, 1.0, 1.0, 1.0, 1.0, 1.0, 1.0, 1.0, 1.0, 1.0, 1.0, 1.0, 1.0]"
21,3.489943264867179e-05,0.0,259.7479248046875,0.0,0.0,0.0,0.0,0.0,0.0,3.893890243489295e-05,0.0,289.8127136230469,0.6654432415962219,-0.05424435809254646,0.05728842690587044,-0.35872021317481995,-0.4556244909763336,0.34130141139030457,0.4186905026435852,0.9284822344779968,-0.8988599181175232,0.851559579372406,-0.7291658520698547,-0.8796074390411377,1.1821057796478271,-1.1565358638763428,0.9513660073280334,"[0.6654432415962219, -0.05424435809254646, 0.05728842690587044, 0.31408509612083435, 0.09293987601995468, 0.007987932302057743, 0.00508734118193388, 0.009158913977444172, -0.999945342540741, 0.699999988079071, 0.0, 0.0, -0.35872021317481995, -0.4556244909763336, 0.34130141139030457, 0.4186905026435852, 0.52848219871521, -0.4988599121570587, 0.45155957341194153, -0.32916584610939026, -0.07960742712020874, 0.3821057677268982, -0.3565358519554138, 0.1513659954071045, -0.1761501580476761, -0.8482842445373535, -1.9369385242462158, -0.2274426966905594, 0.2092650681734085, -2.9398884773254395, -1.8269109725952148, 1.0414456129074097, 1.2416902780532837, -0.38049232959747314, 1.212010383605957, 0.017486289143562317, -0.43846872448921204, -0.796646773815155, 0.23874537646770477, 0.5285712480545044, 0.5028102397918701, -1.1290247440338135, 0.8195216655731201, -0.019602999091148376, 0.44499361515045166, 0.7434150576591492, -0.5921548008918762, -0.4485454857349396, 1.0, 1.0, 1.0, 1.0, 1.0, 1.0, 1.0, 1.0, 1.0, 1.0, 1.0, 1.0]"
22,3.108896635239944e-05,0.0,231.3875732421875,0.0,0.0,0.0,0.0,0.0,0.0,3.657784327515401e-05,0.0,272.2399597167969,0.7036029696464539,-0.059308718889951706,0.07648984342813492,-0.36301639676094055,-0.4590420722961426,0.29546454548835754,0.41268470883369446,0.9312462210655212,-0.9353991746902466,0.8105495572090149,-0.7023453116416931,-0.8525415062904358,1.1513638496398926,-1.1145403385162354,0.9433861970901489,"[0.7036029696464539, -0.059308718889951706, 0.07648984342813492, 0.35337167978286743, 0.15585997700691223, 0.008096745237708092, 0.007537010125815868, 0.001967865042388439, -0.9999696612358093, 0.699999988079071, 0.0, 0.0, -0.36301639676094055, -0.4590420722961426, 0.29546454548835754, 0.41268470883369446, 0.5312461853027344, -0.5353991985321045, 0.4105495512485504, -0.30234530568122864, -0.052541494369506836, 0.3513638377189636, -0.3145403265953064, 0.14338618516921997, -0.20146504044532776, 0.264628529548645, -2.447411060333252, -0.28140509128570557, 0.11556623131036758, -1.1285176277160645, -2.2662649154663086, 1.2198565006256104, 1.3700248003005981, -2.648430109024048, 2.992535352706909, -0.26768702268600464, -0.5499283075332642, -0.7748550772666931, 0.2281823307275772, 0.6276309490203857, 0.4936957359313965, -0.937322735786438, 0.6063249111175537, -0.05533616244792938, 0.3825104236602783, 0.3940620720386505, -0.22198887169361115, -0.5541207194328308, 1.0, 1.0, 1.0, 1.0, 1.0, 1.0, 1.0, 1.0, 1.0, 1.0, 1.0, 1.0]"
23,2.5874805942294188e-05,0.0,192.57986450195312,0.0,0.0,0.0,0.0,0.0,0.0,3.0319921279442497e-05,0.0,225.66375732421875,0.737139105796814,-0.07007694244384766,0.07317213714122772,-0.3658485412597656,-0.4420424699783325,0.24757790565490723,0.40759748220443726,0.9341517686843872,-0.9387903809547424,0.7592203617095947,-0.6721874475479126,-0.8268086314201355,1.0756807327270508,-1.0337224006652832,0.9284700155258179,"[0.737139105796814, -0.07007694244384766, 0.07317213714122772, 0.19812600314617157, 0.2617088556289673, -0.0019511362770572305, 0.011816740967333317, -0.0037479232996702194, -0.9999232292175293, 0.699999988079071, 0.0, 0.0, -0.3658485412597656, -0.4420424699783325, 0.24757790565490723, 0.40759748220443726, 0.5341517925262451, -0.5387903451919556, 0.35922035574913025, -0.2721874415874481, -0.026808619499206543, 0.2756807208061218, -0.23372238874435425, 0.12847000360488892, -0.05486191809177399, 1.2751502990722656, -2.222229242324829, -0.16075223684310913, 0.2561742663383484, 0.43163907527923584, -2.772855043411255, 1.4479485750198364, 1.0933769941329956, -4.722478866577148, 4.76909875869751, -0.7319192290306091, -0.7309808135032654, -0.6596782207489014, 0.37845340371131897, 0.6951961517333984, 0.4982074499130249, -0.6567443609237671, 0.4129352867603302, -0.2911182940006256, 0.19125041365623474, -0.03873647004365921, 0.24432499706745148, -0.5330224633216858, 1.0, 1.0, 1.0, 1.0, 1.0, 1.0, 1.0, 1.0, 1.0, 1.0, 1.0, 1.0]"
24,8.883383088686969e-06,0.0,66.1168441772461,0.0,0.0,0.0,9.890700312098488e-05,0.0,736.1406860351562,1.2121964573452715e-05,0.0,90.22081756591797,0.7838502526283264,-0.09728452563285828,0.05188138782978058,-0.3619425296783447,-0.3999466300010681,0.2297331988811493,0.4098171889781952,0.9418348670005798,-0.9123441576957703,0.7288946509361267,-0.6387881636619568,-0.8094040155410767,0.9681488275527954,-0.9612396359443665,0.9067872166633606,"[0.7838502526283264, -0.09728452563285828, 0.05188138782978058, -0.4285096824169159, 0.2069082260131836, 0.06765473634004593, 0.017650840803980827, -0.002125371713191271, -0.999841570854187, 0.699999988079071, 0.0, 0.0, -0.3619425296783447, -0.3999466300010681, 0.2297331988811493, 0.4098171889781952, 0.541834831237793, -0.5123441219329834, 0.32889464497566223, -0.2387881577014923, -0.009404003620147705, 0.16814881563186646, -0.1612396240234375, 0.10678720474243164, 0.6197296380996704, 2.91611909866333, 0.6178361177444458, 0.49521780014038086, 0.549399197101593, 1.9529902935028076, 2.8185298442840576, 1.9049572944641113, 1.357571005821228, -5.804157733917236, -2.6473546028137207, -1.250378966331482, -1.0201084613800049, -0.3691326081752777, 0.5275044441223145, 0.5518108606338501, 0.7146344780921936, -0.27202945947647095, 0.28105443716049194, -0.9076014757156372, -0.28719961643218994, -0.4781752824783325, 0.5471557378768921, -0.16626590490341187, 1.0, 1.0, 1.0, 1.0, 1.0, 1.0, 1.0, 1.0, 1.0, 1.0, 1.0, 1.0]"
25,0.0,0.0,0.0,2.1530838694161503e-06,0.0,16.024877548217773,4.628249007510021e-05,0.0,344.4692687988281,0.0,0.0,0.0,0.730901300907135,-0.048999104648828506,-0.026744473725557327,-0.3710567355155945,-0.3419691324234009,0.23918280005455017,0.4164937734603882,0.9500157237052917,-0.8580282330513,0.7559809684753418,-0.6136095523834229,-0.8704172372817993,0.8584429621696472,-0.9652511477470398,0.8942330479621887,"[0.730901300907135, -0.048999104648828506, -0.026744473725557327, -0.3295227885246277, -0.048024751245975494, 0.028399936854839325, 0.019728723913431168, 0.0053022573702037334, -0.9997914433479309, 0.699999988079071, 0.0, 0.0, -0.3710567355155945, -0.3419691324234009, 0.23918280005455017, 0.4164937734603882, 0.5500156879425049, -0.45802822709083557, 0.3559809625148773, -0.21360954642295837, -0.07041722536087036, 0.05844295024871826, -0.16525113582611084, 0.09423303604125977, -1.0766007900238037, 2.7709200382232666, 0.6250783205032349, 0.10762616991996765, 0.3193499743938446, 3.1002542972564697, 1.597711443901062, 0.5831708908081055, -4.71203088760376, -5.365303993225098, -0.2978232204914093, -0.16783644258975983, -0.7400693297386169, -0.5089265704154968, 0.09596739709377289, 0.5834661722183228, 1.089634895324707, -0.3629924952983856, 0.3415357172489166, -1.631706953048706, -1.0728836059570312, -0.4811294674873352, 0.5945298075675964, 0.4401914179325104, 1.0, 1.0, 1.0, 1.0, 1.0, 1.0, 1.0, 1.0, 1.0, 1.0, 1.0, 1.0]"
26,0.0,0.0,0.0,4.437374445842579e-05,0.0,330.262939453125,3.873776222462766e-05,0.0,288.3157043457031,0.0,0.0,0.0,0.6473031044006348,0.004041059873998165,-0.03484301641583443,-0.4034988582134247,-0.34669023752212524,0.2353609800338745,0.40823206305503845,0.9440149664878845,-0.8484217524528503,0.7811709642410278,-0.643343985080719,-0.9665431380271912,0.8798518776893616,-0.9668989777565002,0.9534168243408203,"[0.6473031044006348, 0.004041059873998165, -0.03484301641583443, 0.28544166684150696, -0.029998213052749634, 0.009899620898067951, 0.018917467445135117, 0.0009817196987569332, -0.9998207092285156, 0.699999988079071, 0.0, 0.0, -0.4034988582134247, -0.34669023752212524, 0.2353609800338745, 0.40823206305503845, 0.5440149307250977, -0.44842174649238586, 0.38117095828056335, -0.24334397912025452, -0.1665431261062622, 0.07985186576843262, -0.1668989658355713, 0.15341681241989136, -1.473272442817688, -0.2936484217643738, -0.26281213760375977, -0.380399614572525, -0.45137766003608704, 0.5971720814704895, 1.3623394966125488, -2.468451738357544, -5.344255447387695, 0.8149899840354919, -0.2816721796989441, 3.7506725788116455, -0.7188724875450134, -0.4525132477283478, 0.21267418563365936, 0.6899642944335938, 1.2084126472473145, -0.18094196915626526, 0.4305359721183777, -1.381602168083191, -1.1310445070266724, -0.5314330458641052, 0.709030032157898, 0.6365240216255188, 1.0, 1.0, 1.0, 1.0, 1.0, 1.0, 1.0, 1.0, 1.0, 1.0, 1.0, 1.0]"
27,0.0,0.0,0.0,4.216844536131248e-05,0.0,313.8494567871094,3.4833068639272824e-05,0.0,259.2540283203125,0.0,0.0,0.0,0.625187873840332,-0.0015865323366597295,-0.025422047823667526,-0.4195493161678314,-0.35043492913246155,0.23217329382896423,0.40679091215133667,0.9341614842414856,-0.8347600698471069,0.8041405081748962,-0.7108961343765259,-1.0855015516281128,0.8915473222732544,-0.9689546227455139,1.0141311883926392,"[0.625187873840332, -0.0015865323366597295, -0.025422047823667526, 0.16029983758926392, 0.03347347676753998, 0.006478059105575085, 0.0193552915006876, -0.002785051241517067, -0.9998089671134949, 0.699999988079071, 0.0, 0.0, -0.4195493161678314, -0.35043492913246155, 0.23217329382896423, 0.40679091215133667, 0.5341614484786987, -0.43476006388664246, 0.40414050221443176, -0.3108961284160614, -0.28550153970718384, 0.09154731035232544, -0.16895461082458496, 0.2141311764717102, -0.3788089156150818, -0.15854252874851227, -0.13216793537139893, 0.09991350024938583, -0.5947610139846802, 0.5885738730430603, 1.1611745357513428, -3.8316800594329834, -5.4998273849487305, 0.6729968786239624, -0.13468125462532043, 3.170121908187866, -0.6076125502586365, -0.6125250458717346, 0.36546650528907776, 0.6533005237579346, 1.191985845565796, -0.0870446264743805, 0.5768740177154541, -1.4493714570999146, -1.1218665838241577, -0.2751654088497162, 0.5662821531295776, 0.8824173212051392, 1.0, 1.0, 1.0, 1.0, 1.0, 1.0, 1.0, 1.0, 1.0, 1.0, 1.0, 1.0]"
28,0.0,0.0,0.0,3.732466939254664e-05,0.0,277.7983703613281,3.374163497937843e-05,0.0,251.13072204589844,0.0,0.0,0.0,0.6254307627677917,0.00016658150707371533,-0.03131065145134926,-0.4147263169288635,-0.35337111353874207,0.2301500290632248,0.4100930988788605,0.9185605049133301,-0.8210163116455078,0.8252393007278442,-0.7945671677589417,-1.1604316234588623,0.9043567180633545,-0.9672427773475647,1.084578037261963,"[0.6254307627677917, 0.00016658150707371533, -0.03131065145134926, 0.10838140547275543, -0.05343727394938469, -0.01173401903361082, 0.01898200251162052, -0.00536360451951623, -0.9998055696487427, 0.699999988079071, 0.0, 0.0, -0.4147263169288635, -0.35337111353874207, 0.2301500290632248, 0.4100930988788605, 0.518560528755188, -0.42101630568504333, 0.42523929476737976, -0.3945671617984772, -0.36043161153793335, 0.10435670614242554, -0.16724276542663574, 0.28457802534103394, 0.5638551115989685, -0.1485135853290558, -0.0861259177327156, 0.11817192286252975, -0.9011716246604919, 0.48819366097450256, 1.065855622291565, -4.198366641998291, -2.480154037475586, 0.9648792743682861, 0.139018252491951, 3.073894500732422, -0.6336387395858765, -0.568122386932373, 0.4067287743091583, 0.7022604942321777, 1.186347484588623, 0.0023055672645568848, 0.47803565859794617, -1.3440457582473755, -0.911575436592102, -0.2696007788181305, 0.6033763289451599, 0.8626940846443176, 1.0, 1.0, 1.0, 1.0, 1.0, 1.0, 1.0, 1.0, 1.0, 1.0, 1.0, 1.0]"
29,0.0,0.0,0.0,3.979366738349199e-05,0.0,296.1745300292969,3.506669236230664e-05,0.0,260.9927978515625,0.0,0.0,0.0,0.6422470808029175,0.006357253063470125,-0.023291384801268578,-0.39638251066207886,-0.35445788502693176,0.23028415441513062,0.4096675515174866,0.8996713757514954,-0.8073867559432983,0.8435391783714294,-0.8709698915481567,-1.1748727560043335,0.921364426612854,-0.9577279686927795,1.1194690465927124,"[0.6422470808029175, 0.006357253063470125, -0.023291384801268578, -0.064825139939785, -0.1431097686290741, -0.01198198739439249, 0.016660816967487335, -0.0052521852776408195, -0.9998475313186646, 0.699999988079071, 0.0, 0.0, -0.39638251066207886, -0.35445788502693176, 0.23028415441513062, 0.4096675515174866, 0.4996713697910309, -0.40738674998283386, 0.44353917241096497, -0.47096988558769226, -0.37487274408340454, 0.12136441469192505, -0.15772795677185059, 0.31946903467178345, 1.072450876235962, -0.014493310824036598, 0.05287500470876694, -0.11223400384187698, -0.9703420996665955, 0.4790300130844116, 0.9223472476005554, -3.5313363075256348, 0.17204611003398895, 1.1754555702209473, 0.5391362309455872, 1.0341509580612183, -0.5599647164344788, -0.6160602569580078, 0.4392641484737396, 0.6801779270172119, 1.1048426628112793, 0.04319539666175842, 0.433574914932251, -1.3539234399795532, -0.7906341552734375, -0.22202569246292114, 0.5687294602394104, 0.7378659248352051, 1.0, 1.0, 1.0, 1.0, 1.0, 1.0, 1.0, 1.0, 1.0, 1.0, 1.0, 1.0]"
30,0.0,0.0,0.0,4.053413067595102e-05,0.0,301.68560791015625,3.5422592191025615e-05,0.0,263.6416931152344,0.0,0.0,0.0,0.6649154424667358,0.01369434129446745,-0.003617345355451107,-0.3708895146846771,-0.3524567782878876,0.23329155147075653,0.40404409170150757,0.8808796405792236,-0.7924818992614746,0.8579722046852112,-0.9294339418411255,-1.159764289855957,0.9396849870681763,-0.939668595790863,1.120257019996643,"[0.6649154424667358, 0.01369434129446745, -0.003617345355451107, -0.23787976801395416, -0.18097460269927979, -0.006186334881931543, 0.013174609281122684, -0.0015097686555236578, -0.9999118447303772, 0.699999988079071, 0.0, 0.0, -0.3708895146846771, -0.3524567782878876, 0.23329155147075653, 0.40404409170150757, 0.48087963461875916, -0.39248189330101013, 0.4579721987247467, -0.5294339656829834, -0.3597642779350281, 0.13968497514724731, -0.13966858386993408, 0.3202570080757141, 1.3948993682861328, 0.13210469484329224, 0.18614411354064941, -0.41768866777420044, -0.9734520316123962, 0.5534442663192749, 0.7229453325271606, -2.4970951080322266, 1.1414254903793335, 1.1996867656707764, 0.949016809463501, -0.8340007662773132, -0.47844240069389343, -0.69032883644104, 0.40471911430358887, 0.7163429260253906, 1.0455665588378906, 0.06974932551383972, 0.3999541401863098, -1.3013319969177246, -0.6579177379608154, -0.17867031693458557, 0.5567865967750549, 0.5413128137588501, 1.0, 1.0, 1.0, 1.0, 1.0, 1.0, 1.0, 1.0, 1.0, 1.0, 1.0, 1.0]"
31,0.0,0.0,0.0,3.892783570336178e-05,0.0,289.7303466796875,3.4676417271839455e-05,0.0,258.08807373046875,0.0,0.0,0.0,0.6889940500259399,0.021930545568466187,0.014735070988535881,-0.33960098028182983,-0.34843048453330994,0.23788313567638397,0.3932214081287384,0.8608582615852356,-0.7749590277671814,0.8687586784362793,-0.9668509364128113,-1.129820704460144,0.9562759399414062,-0.9144936203956604,1.0864946842193604,"[0.6889940500259399, 0.021930545568466187, 0.014735070988535881, -0.2991001605987549, -0.19758029282093048, 7.915501191746444e-05, 0.0092382887378335, 0.004482954274863005, -0.9999474883079529, 0.699999988079071, 0.0, 0.0, -0.33960098028182983, -0.34843048453330994, 0.23788313567638397, 0.3932214081287384, 0.4608582556247711, -0.3749590218067169, 0.4687586724758148, -0.5668509006500244, -0.3298206925392151, 0.1562759280204773, -0.11449360847473145, 0.2864946722984314, 1.6299755573272705, 0.17765620350837708, 0.2154771238565445, -0.6141538619995117, -1.0545517206192017, 0.6913148760795593, 0.5384252667427063, -1.5002171993255615, 1.8164939880371094, 1.099102258682251, 1.2944209575653076, -2.2638261318206787, -0.4168439209461212, -0.7284785509109497, 0.354431688785553, 0.7303930521011353, 0.9902920722961426, 0.06710192561149597, 0.42891764640808105, -1.2399593591690063, -0.4943068027496338, -0.1773703694343567, 0.4882267713546753, 0.34698906540870667, 1.0, 1.0, 1.0, 1.0, 1.0, 1.0, 1.0, 1.0, 1.0, 1.0, 1.0, 1.0]"
32,0.0,0.0,0.0,3.695482882903889e-05,0.0,275.0457458496094,3.168624243699014e-05,0.0,235.83294677734375,0.0,0.0,0.0,0.7160684466362,0.03300558775663376,0.023172836750745773,-0.30679982900619507,-0.3450268507003784,0.24138003587722778,0.37998759746551514,0.8393502235412598,-0.7540271878242493,0.8774412870407104,-0.9863225817680359,-1.085334062576294,0.9694617390632629,-0.884874701499939,1.028957724571228,"[0.7160684466362, 0.03300558775663376, 0.023172836750745773, -0.21013018488883972, -0.1956213116645813, 0.012311688624322414, 0.005139915272593498, 0.009895277209579945, -0.9999377131462097, 0.699999988079071, 0.0, 0.0, -0.30679982900619507, -0.3450268507003784, 0.24138003587722778, 0.37998759746551514, 0.4393502175807953, -0.3540271818637848, 0.47744128108024597, -0.586322546005249, -0.285334050655365, 0.16946172714233398, -0.08487468957901001, 0.22895771265029907, 1.59413743019104, 0.08698758482933044, 0.10757695883512497, -0.7401655912399292, -1.1283607482910156, 0.8872543573379517, 0.47565633058547974, -0.6409589648246765, 2.651905059814453, 0.8811528086662292, 1.4373670816421509, -3.330789804458618, -0.39905497431755066, -0.6900169849395752, 0.3622875511646271, 0.678887128829956, 0.9188636541366577, 0.020429164171218872, 0.4559929370880127, -1.1176165342330933, -0.2805832624435425, -0.19931399822235107, 0.37675511837005615, 0.1580931842327118, 1.0, 1.0, 1.0, 1.0, 1.0, 1.0, 1.0, 1.0, 1.0, 1.0, 1.0, 1.0]"
33,0.0,0.0,0.0,3.364442818565294e-05,0.0,250.40724182128906,2.5029041353263892e-05,0.0,186.2850341796875,0.0,0.0,0.0,0.7469266057014465,0.04460560530424118,0.008433088660240173,-0.2781642973423004,-0.3448988199234009,0.2412729561328888,0.3621619939804077,0.8162405490875244,-0.7295844554901123,0.886989414691925,-0.988665759563446,-1.0222079753875732,0.9774435758590698,-0.8564653992652893,0.9584164619445801,"[0.7469266057014465, 0.04460560530424118, 0.008433088660240173, -0.020967060700058937, -0.1284986287355423, 0.0317540317773819, 0.0018959211884066463, 0.011887770146131516, -0.9999274015426636, 0.699999988079071, 0.0, 0.0, -0.2781642973423004, -0.3448988199234009, 0.2412729561328888, 0.3621619939804077, 0.41624054312705994, -0.3295844495296478, 0.48698940873146057, -0.5886657238006592, -0.2222079634666443, 0.17744356393814087, -0.05646538734436035, 0.15841645002365112, 1.3118430376052856, -0.08576661348342896, -0.056009724736213684, -1.030670166015625, -1.2167598009109497, 1.0836001634597778, 0.6186119914054871, 0.25327929854393005, 3.6127421855926514, 0.554938554763794, 1.1940144300460815, -3.7368173599243164, -0.43046870827674866, -0.6138095855712891, 0.3988812267780304, 0.6065065860748291, 0.805081844329834, -0.09658145904541016, 0.5052273273468018, -0.9266242980957031, -0.014736369252204895, -0.20656749606132507, 0.20679743587970734, -0.014315702021121979, 1.0, 1.0, 1.0, 1.0, 1.0, 1.0, 1.0, 1.0, 1.0, 1.0, 1.0, 1.0]"
34,7.375670247711241e-05,0.0,548.9530639648438,2.7171457986696623e-05,0.0,202.23052978515625,1.3486512216331903e-05,0.0,100.3768081665039,0.0,0.0,0.0,0.7911470532417297,0.06453514099121094,-0.014299815520644188,-0.2628679573535919,-0.3486112952232361,0.23713423311710358,0.3363041579723358,0.8008173704147339,-0.702864944934845,0.9003345370292664,-0.970705509185791,-0.957099199295044,0.9802871346473694,-0.8348620533943176,0.8839400410652161,"[0.7911470532417297, 0.06453514099121094, -0.014299815520644188, 0.3762526214122772, -0.10084974020719528, 0.02575714699923992, 0.0005850052111782134, 0.009776612743735313, -0.999951958656311, 0.699999988079071, 0.0, 0.0, -0.2628679573535919, -0.3486112952232361, 0.23713423311710358, 0.3363041579723358, 0.4008173644542694, -0.3028649389743805, 0.5003345012664795, -0.5707055330276489, -0.157099187374115, 0.18028712272644043, -0.03486204147338867, 0.08394002914428711, -0.8524922132492065, -0.48288267850875854, -0.471269428730011, -1.751770257949829, 1.7348620891571045, 1.3771235942840576, 0.853286623954773, 1.3634387254714966, -0.6125102639198303, 0.17467600107192993, 0.922136664390564, -3.78527569770813, -0.5183212757110596, -0.5293804407119751, 0.49899616837501526, 0.5533984899520874, 0.5821065902709961, -0.2876410186290741, 0.6269359588623047, -0.7151824235916138, 0.3402383327484131, -0.15694952011108398, -0.06921570003032684, -0.2235419750213623, 1.0, 1.0, 1.0, 1.0, 1.0, 1.0, 1.0, 1.0, 1.0, 1.0, 1.0, 1.0]"
35,3.6459325201576576e-05,0.0,271.35784912109375,1.171027724922169e-05,0.0,87.15673065185547,0.0,0.0,0.0,6.0216883866814896e-05,0.0,448.1795349121094,0.7686100006103516,0.018698515370488167,-0.02756514772772789,-0.27327412366867065,-0.3587646484375,0.23368030786514282,0.30818676948547363,0.8231653571128845,-0.6732663512229919,0.9128419160842896,-0.9387745261192322,-0.9467803835868835,0.9801402688026428,-0.8523972630500793,0.8314081430435181,"[0.7686100006103516, 0.018698515370488167, -0.02756514772772789, 0.31869563460350037, -0.07286782562732697, -0.0020909940358251333, -0.001184485969133675, 0.000912326097022742, -0.9999988675117493, 0.699999988079071, 0.0, 0.0, -0.27327412366867065, -0.3587646484375, 0.23368030786514282, 0.30818676948547363, 0.42316535115242004, -0.27326634526252747, 0.5128419399261475, -0.5387744903564453, -0.1467803716659546, 0.18014025688171387, -0.05239725112915039, 0.03140813112258911, -0.3477386236190796, -0.35922932624816895, 0.48462221026420593, -0.1127418577671051, 1.1144952774047852, 1.4604628086090088, 0.4561726450920105, 0.07998344302177429, 0.47417551279067993, -0.05328744277358055, -2.9856300354003906, 2.108613967895508, -0.6125567555427551, -0.39646250009536743, 0.7902660369873047, 0.5211158990859985, 0.3640483617782593, -0.6754213571548462, 1.0370488166809082, -0.3776649236679077, 0.6450892686843872, 0.12019670754671097, -0.605748176574707, -0.46855828166007996, 1.0, 1.0, 1.0, 1.0, 1.0, 1.0, 1.0, 1.0, 1.0, 1.0, 1.0, 1.0]"
36,3.669303623610176e-05,0.0,273.0972900390625,0.0,0.0,0.0,0.0,0.0,0.0,4.274457387509756e-05,0.0,318.1374206542969,0.7416072487831116,-0.015478847548365593,0.008741057477891445,-0.27067598700523376,-0.3559606969356537,0.2701806426048279,0.31055572628974915,0.8433955311775208,-0.6491643190383911,0.9170722365379333,-0.9292850494384766,-0.9356508255004883,0.9818068742752075,-0.9251803755760193,0.8571988940238953,"[0.7416072487831116, -0.015478847548365593, 0.008741057477891445, -0.2908934950828552, -0.05139722302556038, -0.014841183088719845, -0.0024335377383977175, 0.003249942325055599, -0.9999915957450867, 0.699999988079071, 0.0, 0.0, -0.27067598700523376, -0.3559606969356537, 0.2701806426048279, 0.31055572628974915, 0.4433955252170563, -0.24916431307792664, 0.5170722007751465, -0.5292850732803345, -0.13565081357955933, 0.18180686235427856, -0.12518036365509033, 0.05719888210296631, 0.3076431453227997, 0.37506765127182007, 2.428597927093506, 0.3338702917098999, 1.08578360080719, 0.8312631249427795, 0.16505904495716095, 0.7529032826423645, 0.44161176681518555, 0.335921049118042, -4.080711841583252, 0.9516534805297852, -0.8013178110122681, -0.6052201390266418, 0.6300842761993408, 0.41294780373573303, 0.607096791267395, -1.211918830871582, 1.1078431606292725, -0.3754675090312958, 0.5154122114181519, 0.6625247001647949, -1.078223705291748, -0.4222887456417084, 1.0, 1.0, 1.0, 1.0, 1.0, 1.0, 1.0, 1.0, 1.0, 1.0, 1.0, 1.0]"
37,3.2219897548202425e-05,0.0,239.8048095703125,0.0,0.0,0.0,0.0,0.0,0.0,4.064674794790335e-05,0.0,302.5238342285156,0.7002553343772888,0.007143354509025812,0.005684415344148874,-0.26963210105895996,-0.3608749508857727,0.31431177258491516,0.3114626109600067,0.8602170944213867,-0.6593736410140991,0.9216033816337585,-0.9173240065574646,-0.9229046106338501,1.0406208038330078,-1.0312596559524536,0.8766459822654724,"[0.7002553343772888, 0.007143354509025812, 0.005684415344148874, 0.1720019429922104, -0.0030437540262937546, 0.01639634184539318, -0.00280846212990582, 0.0041597806848585606, -0.9999873042106628, 0.699999988079071, 0.0, 0.0, -0.26963210105895996, -0.3608749508857727, 0.31431177258491516, 0.3114626109600067, 0.46021708846092224, -0.25937363505363464, 0.5216033458709717, -0.5173239707946777, -0.12290459871292114, 0.24062079191207886, -0.23125964403152466, 0.07664597034454346, -0.17901510000228882, -0.6925172805786133, 1.8244549036026, -0.1352386772632599, 0.7391158938407898, -1.2774068117141724, 0.1911722719669342, 0.5320908427238464, 0.7269078493118286, 4.123499393463135, -5.684980392456055, 1.068432331085205, -0.7010757327079773, -0.5640238523483276, 0.5957696437835693, 0.42393285036087036, 0.6488624811172485, -1.3171045780181885, 1.0998319387435913, -0.21691443026065826, 0.5100736618041992, 0.9003849029541016, -1.208195686340332, -0.3109096586704254, 1.0, 1.0, 1.0, 1.0, 1.0, 1.0, 1.0, 1.0, 1.0, 1.0, 1.0, 1.0]"
38,3.0093038731138222e-05,0.0,223.97512817382812,0.0,0.0,0.0,0.0,0.0,0.0,3.7811638321727514e-05,0.0,281.42279052734375,0.678411602973938,0.01762840896844864,-0.004896263126283884,-0.27603328227996826,-0.3775319457054138,0.3394802510738373,0.3058575987815857,0.8732596039772034,-0.7016700506210327,0.9189996123313904,-0.9076794385910034,-0.907760500907898,1.1135292053222656,-1.1371608972549438,0.8971922397613525,"[0.678411602973938, 0.01762840896844864, -0.004896263126283884, 0.257262647151947, 0.03356863930821419, 0.048261649906635284, -0.0023774730507284403, -0.0016535933827981353, -0.9999960064888, 0.699999988079071, 0.0, 0.0, -0.27603328227996826, -0.3775319457054138, 0.3394802510738373, 0.3058575987815857, 0.4732595980167389, -0.30167004466056824, 0.5189995765686035, -0.5076794624328613, -0.107760488986969, 0.31352919340133667, -0.3371608853340149, 0.09719222784042358, -0.3051761984825134, -0.7600343823432922, 1.0551245212554932, -0.23586076498031616, 0.6601717472076416, -2.5344138145446777, -0.3552130162715912, 0.47030526399612427, 0.7017466425895691, 3.201648473739624, -4.92097282409668, 1.0269355773925781, -0.5870527029037476, -0.682479202747345, 0.6387268900871277, 0.45636025071144104, 0.5935752391815186, -1.2978041172027588, 1.0954984426498413, -0.22619730234146118, 0.472833514213562, 0.9186394810676575, -1.2029929161071777, -0.29354074597358704, 1.0, 1.0, 1.0, 1.0, 1.0, 1.0, 1.0, 1.0, 1.0, 1.0, 1.0, 1.0]"
39,3.2909007131820545e-05,0.0,244.93370056152344,0.0,0.0,0.0,0.0,0.0,0.0,3.75159434042871e-05,0.0,279.22198486328125,0.6709996461868286,0.016098903492093086,-0.005926004610955715,-0.2792564332485199,-0.38914138078689575,0.3571932017803192,0.303732305765152,0.8869844675064087,-0.7613434195518494,0.9043307304382324,-0.8958349227905273,-0.8947446346282959,1.165346384048462,-1.210086464881897,0.9138848781585693,"[0.6709996461868286, 0.016098903492093086, -0.005926004610955715, 0.03362949565052986, 0.026887236163020134, 0.04360390082001686, -0.0017471970058977604, -0.003868918167427182, -0.9999908208847046, 0.699999988079071, 0.0, 0.0, -0.2792564332485199, -0.38914138078689575, 0.3571932017803192, 0.303732305765152, 0.4869844615459442, -0.3613434135913849, 0.5043307542800903, -0.49583491683006287, -0.09474462270736694, 0.36534637212753296, -0.410086452960968, 0.11388486623764038, -0.10293388366699219, -0.5029622316360474, 0.7400770783424377, -0.02747904509305954, 0.6898499131202698, -3.1560986042022705, -0.9734220504760742, 0.5953556299209595, 0.6231828331947327, 2.112034559249878, -2.559990406036377, 0.8304299712181091, -0.5290372967720032, -0.6833397746086121, 0.5758174657821655, 0.4790410101413727, 0.5342848300933838, -1.301707148551941, 1.0685592889785767, -0.25155383348464966, 0.4907689690589905, 0.9226492643356323, -1.1023058891296387, -0.3255138099193573, 1.0, 1.0, 1.0, 1.0, 1.0, 1.0, 1.0, 1.0, 1.0, 1.0, 1.0, 1.0]"
40,3.5280725569464266e-05,0.0,262.5858154296875,0.0,0.0,0.0,0.0,0.0,0.0,3.76583993784152e-05,0.0,280.2822265625,0.6741433143615723,0.018413115292787552,0.004903079010546207,-0.28050681948661804,-0.3982548713684082,0.36527931690216064,0.3031168282032013,0.8995707631111145,-0.824747622013092,0.8805904388427734,-0.8815320730209351,-0.8795585036277771,1.1915055513381958,-1.2345243692398071,0.92746502161026,"[0.6741433143615723, 0.018413115292787552, 0.004903079010546207, 0.016248973086476326, 0.00843143928796053, 0.0237874835729599, -0.001450392883270979, -0.004238738212734461, -0.9999904632568359, 0.699999988079071, 0.0, 0.0, -0.28050681948661804, -0.3982548713684082, 0.36527931690216064, 0.3031168282032013, 0.49957075715065, -0.42474761605262756, 0.48059043288230896, -0.4815320670604706, -0.07955849170684814, 0.39150553941726685, -0.4345243573188782, 0.12746500968933105, -0.08215411007404327, -0.42250099778175354, 0.18458177149295807, -0.025034241378307343, 0.5877107977867126, -3.120098114013672, -1.2868765592575073, 0.6977430582046509, 0.7953615188598633, 0.9655558466911316, -0.47779449820518494, 0.709226667881012, -0.4950798451900482, -0.6979976296424866, 0.516163170337677, 0.53562331199646, 0.45753681659698486, -1.2880232334136963, 1.0413076877593994, -0.28726476430892944, 0.5118765830993652, 0.9097855091094971, -0.9608855843544006, -0.3374689221382141, 1.0, 1.0, 1.0, 1.0, 1.0, 1.0, 1.0, 1.0, 1.0, 1.0, 1.0, 1.0]"
41,3.587568426155485e-05,0.0,267.013916015625,0.0,0.0,0.0,0.0,0.0,0.0,3.7149984564166516e-05,0.0,276.4982604980469,0.6861794590950012,0.01880866102874279,0.019701849669218063,-0.2817886173725128,-0.4037693440914154,0.36216670274734497,0.30189740657806396,0.9096758365631104,-0.8815540075302124,0.8540745973587036,-0.8650608062744141,-0.8598138093948364,1.2032088041305542,-1.2289557456970215,0.9388094544410706,"[0.6861794590950012, 0.01880866102874279, 0.019701849669218063, 0.0417977012693882, -0.004106741864234209, 0.009076117537915707, -0.0014852677704766393, -0.004945669788867235, -0.9999867677688599, 0.699999988079071, 0.0, 0.0, -0.2817886173725128, -0.4037693440914154, 0.36216670274734497, 0.30189740657806396, 0.5096758604049683, -0.4815540015697479, 0.45407459139823914, -0.4650608003139496, -0.05981379747390747, 0.40320879220962524, -0.42895573377609253, 0.1388094425201416, -0.09930214285850525, -0.15062682330608368, -0.36437568068504333, -0.0614280104637146, 0.4487045407295227, -2.6035168170928955, -1.3549882173538208, 0.8064255714416504, 1.0326684713363647, 0.2505212426185608, 0.7783706784248352, 0.5874962210655212, -0.49586817622184753, -0.7185747623443604, 0.4586133062839508, 0.6126434803009033, 0.415155291557312, -1.2441949844360352, 0.9912070035934448, -0.30034950375556946, 0.5334753394126892, 0.8531724214553833, -0.812263548374176, -0.3596138060092926, 1.0, 1.0, 1.0, 1.0, 1.0, 1.0, 1.0, 1.0, 1.0, 1.0, 1.0, 1.0]"
42,3.536331496434286e-05,0.0,263.20050048828125,0.0,0.0,0.0,0.0,0.0,0.0,3.64066545444075e-05,0.0,270.9658203125,0.7041313052177429,0.018547145649790764,0.03763602674007416,-0.28330546617507935,-0.40252089500427246,0.34881770610809326,0.2998718321323395,0.9169982075691223,-0.923401951789856,0.8270539045333862,-0.8459669947624207,-0.8353055715560913,1.1975566148757935,-1.2024959325790405,0.9470916986465454,"[0.7041313052177429, 0.018547145649790764, 0.03763602674007416, 0.06867789477109909, 0.006236313842236996, -0.0026567724999040365, -0.001515073119662702, -0.0062034279108047485, -0.9999797344207764, 0.699999988079071, 0.0, 0.0, -0.28330546617507935, -0.40252089500427246, 0.34881770610809326, 0.2998718321323395, 0.5169981718063354, -0.5234019756317139, 0.42705389857292175, -0.4459669888019562, -0.035305559635162354, 0.3975566029548645, -0.4024959206581116, 0.14709168672561646, -0.11557011306285858, 0.1966627538204193, -0.8510951399803162, -0.10141559690237045, 0.30284857749938965, -1.742247223854065, -1.3842074871063232, 0.9402470588684082, 1.2645072937011719, -0.7939990758895874, 1.7974510192871094, 0.40872088074684143, -0.5347034931182861, -0.7436693906784058, 0.41723519563674927, 0.7103121280670166, 0.3783451318740845, -1.1784732341766357, 0.8999553918838501, -0.298435777425766, 0.5468525886535645, 0.7075469493865967, -0.6306524276733398, -0.39276477694511414, 1.0, 1.0, 1.0, 1.0, 1.0, 1.0, 1.0, 1.0, 1.0, 1.0, 1.0, 1.0]"
43,3.444460526225157e-05,0.0,256.3627624511719,0.0,0.0,0.0,0.0,0.0,0.0,3.58814031642396e-05,0.0,267.0564880371094,0.7244501709938049,0.01823609322309494,0.058965183794498444,-0.28470611572265625,-0.39543864130973816,0.3273249864578247,0.2973424196243286,0.9216492176055908,-0.9462419152259827,0.7980272173881531,-0.8235868811607361,-0.8069844245910645,1.1644965410232544,-1.153280258178711,0.9504611492156982,"[0.7244501709938049, 0.01823609322309494, 0.058965183794498444, 0.05380227789282799, 0.05094122514128685, -0.012655342929065228, -0.0009350288892164826, -0.007563530933111906, -0.9999708533287048, 0.699999988079071, 0.0, 0.0, -0.28470611572265625, -0.39543864130973816, 0.3273249864578247, 0.2973424196243286, 0.5216492414474487, -0.5462418794631958, 0.3980272114276886, -0.4235868752002716, -0.006984412670135498, 0.36449652910232544, -0.353280246257782, 0.1504611372947693, -0.08699342608451843, 0.4718364179134369, -1.2027629613876343, -0.10961005091667175, 0.1775464415550232, -0.731758177280426, -1.5544424057006836, 1.1191521883010864, 1.4308781623840332, -2.497098445892334, 3.0830254554748535, 0.11466699093580246, -0.6161449551582336, -0.7473658919334412, 0.38392311334609985, 0.8178459405899048, 0.34673362970352173, -1.0574696063995361, 0.7531102895736694, -0.2876683473587036, 0.5568232536315918, 0.4495491087436676, -0.362959086894989, -0.4619894325733185, 1.0, 1.0, 1.0, 1.0, 1.0, 1.0, 1.0, 1.0, 1.0, 1.0, 1.0, 1.0]"
44,3.252886381233111e-05,0.0,242.10438537597656,0.0,0.0,0.0,0.0,0.0,0.0,3.364469012012705e-05,0.0,250.40919494628906,0.7461982369422913,0.015605648048222065,0.07733021676540375,-0.28488689661026,-0.38343605399131775,0.30161747336387634,0.29540523886680603,0.9243359565734863,-0.9481084942817688,0.7633786797523499,-0.7971635460853577,-0.776823878288269,1.0972516536712646,-1.077367901802063,0.9466020464897156,"[0.7461982369422913, 0.015605648048222065, 0.07733021676540375, -0.027342690154910088, 0.12408682703971863, -0.019269974902272224, 0.0009299989324063063, -0.00778594147413969, -0.9999691843986511, 0.699999988079071, 0.0, 0.0, -0.28488689661026, -0.38343605399131775, 0.30161747336387634, 0.29540523886680603, 0.5243359804153442, -0.5481084585189819, 0.3633786737918854, -0.3971635401248932, 0.023176133632659912, 0.2972516417503357, -0.27736788988113403, 0.14660203456878662, 0.01758567988872528, 0.7242138385772705, -1.2918119430541992, -0.05720443278551102, 0.11883507668972015, 0.33396509289741516, -1.8731064796447754, 1.3294034004211426, 1.4853395223617554, -4.036300182342529, 4.320671558380127, -0.27059802412986755, -0.7538424730300903, -0.6773861646652222, 0.43355563282966614, 0.851050615310669, 0.33830180764198303, -0.901429295539856, 0.6016985177993774, -0.3440181314945221, 0.5044910311698914, 0.1573610007762909, -0.03807000815868378, -0.4954333007335663, 1.0, 1.0, 1.0, 1.0, 1.0, 1.0, 1.0, 1.0, 1.0, 1.0, 1.0, 1.0]"
45,2.690839573915582e-05,0.0,200.27261352539062,0.0,0.0,0.0,0.0,0.0,0.0,2.7603426133282483e-05,0.0,205.445556640625,0.7691287398338318,0.006628891918808222,0.06980634480714798,-0.2830267548561096,-0.3641776740550995,0.27931681275367737,0.29524436593055725,0.9271097183227539,-0.9278588891029358,0.7228132486343384,-0.7674992680549622,-0.7483025193214417,1.0061582326889038,-0.982977569103241,0.9358444809913635,"[0.7691287398338318, 0.006628891918808222, 0.06980634480714798, -0.13846731185913086, 0.2177242785692215, -0.026265928521752357, 0.004506972152739763, -0.005897932220250368, -0.9999722838401794, 0.699999988079071, 0.0, 0.0, -0.2830267548561096, -0.3641776740550995, 0.27931681275367737, 0.29524436593055725, 0.5271097421646118, -0.5278588533401489, 0.3228132426738739, -0.3674992620944977, 0.051697492599487305, 0.20615822076797485, -0.182977557182312, 0.13584446907043457, 0.17910774052143097, 1.1620995998382568, -0.9506127238273621, 0.03880854323506355, 0.2117346227169037, 1.4482918977737427, -2.1069064140319824, 1.4854215383529663, 1.3372896909713745, -4.898716449737549, 4.89937162399292, -0.6065554618835449, -0.8865330815315247, -0.5449883341789246, 0.5228037238121033, 0.7975096702575684, 0.38895970582962036, -0.7040088176727295, 0.4943753182888031, -0.5284281373023987, 0.32163864374160767, -0.09850869327783585, 0.2206791788339615, -0.42690062522888184, 1.0, 1.0, 1.0, 1.0, 1.0, 1.0, 1.0, 1.0, 1.0, 1.0, 1.0, 1.0]"
46,1.5605097360094078e-05,0.0,116.1449203491211,0.0,0.0,0.0,1.678804801485967e-05,0.0,124.94932556152344,1.583330777066294e-05,0.0,117.84343719482422,0.790246844291687,-0.006407762877643108,0.057664889842271805,-0.2750758230686188,-0.3287821412086487,0.28119245171546936,0.30192920565605164,0.932704508304596,-0.8855602145195007,0.7274121642112732,-0.7346513271331787,-0.7227679491043091,0.9092473983764648,-0.9538009762763977,0.9212754368782043,"[0.790246844291687, -0.006407762877643108, 0.057664889842271805, -0.6172233819961548, 0.11497818678617477, 0.025188980624079704, 0.008067335933446884, 0.0024091105442494154, -0.9999648332595825, 0.699999988079071, 0.0, 0.0, -0.2750758230686188, -0.3287821412086487, 0.28119245171546936, 0.30192920565605164, 0.5327044725418091, -0.48556020855903625, 0.3274121582508087, -0.33465132117271423, 0.07723206281661987, 0.10924738645553589, -0.15380096435546875, 0.12127542495727539, 0.7080094814300537, 2.170147657394409, 0.7873386144638062, 0.5442550182342529, 0.3923340439796448, 2.5222902297973633, 1.307711124420166, 1.7664134502410889, 1.3696444034576416, -4.891142845153809, -2.205895185470581, -0.8000561594963074, -1.0156248807907104, -0.41285786032676697, 0.5877104997634888, 0.7218173742294312, 0.47303086519241333, -0.5119123458862305, 0.37024983763694763, -0.7481386661529541, 0.023243799805641174, -0.31124258041381836, 0.3856806755065918, -0.3279314935207367, 1.0, 1.0, 1.0, 1.0, 1.0, 1.0, 1.0, 1.0, 1.0, 1.0, 1.0, 1.0]"
47,0.0,0.0,0.0,5.361317744245753e-05,0.0,399.02978515625,3.274121991125867e-05,0.0,243.6848907470703,1.5815311371625285e-06,0.0,11.770950317382812,0.7379704117774963,0.041793014854192734,0.07609918713569641,-0.2812328338623047,-0.30696970224380493,0.29004231095314026,0.312383770942688,0.9381118416786194,-0.8482600450515747,0.7425329685211182,-0.7025966644287109,-0.7647508978843689,0.8794084787368774,-0.939091145992279,0.9055673480033875,"[0.7379704117774963, 0.041793014854192734, 0.07609918713569641, -0.3292587399482727, 0.14542019367218018, 0.13440145552158356, 0.00997311994433403, 0.01408426370471716, -0.9998511075973511, 0.699999988079071, 0.0, 0.0, -0.2812328338623047, -0.30696970224380493, 0.29004231095314026, 0.312383770942688, 0.5381118059158325, -0.44826003909111023, 0.3425329625606537, -0.30259665846824646, 0.03524911403656006, 0.07940846681594849, -0.1390911340713501, 0.1055673360824585, -1.365343451499939, 0.30243468284606934, 0.1549127697944641, 0.3342806398868561, 0.012663964182138443, 0.5657076239585876, 0.9347150325775146, 1.3717315196990967, -4.786930561065674, 0.6484371423721313, 0.3812730312347412, -0.7653152346611023, -0.85785973072052, -0.5318830013275146, 0.38442927598953247, 0.7387732267379761, 0.8887525200843811, -0.26740941405296326, 0.40544870495796204, -1.344802737236023, -0.7425349354743958, -0.5209372639656067, 0.5425235033035278, 0.216075599193573, 1.0, 1.0, 1.0, 1.0, 1.0, 1.0, 1.0, 1.0, 1.0, 1.0, 1.0, 1.0]"
48,0.0,0.0,0.0,3.7401230656541884e-05,0.0,278.36822509765625,3.3677810279186815e-05,0.0,250.65570068359375,0.0,0.0,0.0,0.6889691352844238,0.04172145575284958,0.07713434845209122,-0.31979960203170776,-0.30591875314712524,0.2865045964717865,0.3262682259082794,0.9228804111480713,-0.825249195098877,0.7599753737449646,-0.7053897380828857,-0.848349928855896,0.8759244680404663,-0.9318919777870178,0.9254347085952759,"[0.6889691352844238, 0.04172145575284958, 0.07713434845209122, 0.11651989072561264, 0.15567922592163086, 0.15603089332580566, 0.013072545640170574, 0.014050395227968693, -0.9998158812522888, 0.699999988079071, 0.0, 0.0, -0.31979960203170776, -0.30591875314712524, 0.2865045964717865, 0.3262682259082794, 0.5228804349899292, -0.4252491891384125, 0.3599753677845001, -0.30538973212242126, -0.04834991693496704, 0.07592445611953735, -0.13189196586608887, 0.12543469667434692, -1.9345749616622925, -0.04883947595953941, -0.2623487710952759, 1.1819922924041748, -0.9904590845108032, 1.1099638938903809, 0.9663575291633606, -1.345220923423767, -4.520634174346924, -0.20490509271621704, 0.16952331364154816, 3.599691867828369, -0.46120452880859375, -0.7685897946357727, 0.37005940079689026, 0.8309109210968018, 1.2151716947555542, -0.15653029084205627, 0.5684131383895874, -1.6671134233474731, -1.1366170644760132, -0.3542374074459076, 0.5605259537696838, 0.7854708433151245, 1.0, 1.0, 1.0, 1.0, 1.0, 1.0, 1.0, 1.0, 1.0, 1.0, 1.0, 1.0]"
49,0.0,0.0,0.0,3.150578777422197e-05,0.0,234.4898681640625,3.2942505640676245e-05,0.0,245.18301391601562,0.0,0.0,0.0,0.6669219136238098,0.025916749611496925,0.03632489964365959,-0.3437556028366089,-0.30551186203956604,0.28369322419166565,0.3650720715522766,0.9077783823013306,-0.8042385578155518,0.778045117855072,-0.7599818706512451,-0.9771028757095337,0.8733704090118408,-0.928213357925415,1.017162561416626,"[0.6669219136238098, 0.025916749611496925, 0.03632489964365959, 0.004839814733713865, 0.1581004559993744, 0.08883845061063766, 0.016394462436437607, 0.01338045671582222, -0.9997761845588684, 0.699999988079071, 0.0, 0.0, -0.3437556028366089, -0.30551186203956604, 0.28369322419166565, 0.3650720715522766, 0.5077784061431885, -0.4042385518550873, 0.37804511189460754, -0.35998186469078064, -0.17710286378860474, 0.07337039709091187, -0.12821334600448608, 0.21716254949569702, -0.7262279987335205, 0.02654898725450039, -0.07458877563476562, 2.1975903511047363, -0.642734169960022, 0.8682880997657776, 0.9473573565483093, -3.280059337615967, -6.826384544372559, 0.09227589517831802, 0.09826663136482239, 4.046034812927246, -0.549775242805481, -0.665891706943512, 0.41555461287498474, 0.75309157371521, 1.2754454612731934, -0.17284169793128967, 0.5180882811546326, -1.5108846426010132, -1.2234705686569214, -0.3691084682941437, 0.5923362374305725, 0.8622153997421265, 1.0, 1.0, 1.0, 1.0, 1.0, 1.0, 1.0, 1.0, 1.0, 1.0, 1.0, 1.0]"
50,0.0,0.0,0.0,3.267060674261302e-05,0.0,243.1593475341797,3.403321170480922e-05,0.0,253.30088806152344,0.0,0.0,0.0,0.6707378625869751,0.035727232694625854,0.00965222530066967,-0.3513469696044922,-0.3076384961605072,0.2803846001625061,0.40637215971946716,0.8983496427536011,-0.7848449349403381,0.7972940802574158,-0.8342556357383728,-1.0973559617996216,0.8756074905395508,-0.9249698519706726,1.0841152667999268,"[0.6707378625869751, 0.035727232694625854, 0.00965222530066967, 0.18303747475147247, 0.056749023497104645, 0.03146808221936226, 0.018350472673773766, 0.011270537972450256, -0.9997681379318237, 0.699999988079071, 0.0, 0.0, -0.3513469696044922, -0.3076384961605072, 0.2803846001625061, 0.40637215971946716, 0.4983496367931366, -0.38484492897987366, 0.3972940742969513, -0.4342556297779083, -0.2973559498786926, 0.07560747861862183, -0.12496984004974365, 0.2841152548789978, -0.2951664924621582, -0.2028741091489792, -0.22920937836170197, 1.8794625997543335, -0.3910086154937744, 0.862713098526001, 1.0283914804458618, -3.8317923545837402, -5.272499084472656, 0.2975230813026428, 0.13090190291404724, 3.0361287593841553, -0.588249683380127, -0.48569056391716003, 0.49213698506355286, 0.718543529510498, 1.2337719202041626, -0.06379872560501099, 0.5346047878265381, -1.4397151470184326, -1.0521806478500366, -0.3442326784133911, 0.532405436038971, 0.8432406187057495, 1.0, 1.0, 1.0, 1.0, 1.0, 1.0, 1.0, 1.0, 1.0, 1.0, 1.0, 1.0]"
51,0.0,0.0,0.0,3.5256485716672614e-05,0.0,262.4053955078125,3.414306047488935e-05,0.0,254.11846923828125,0.0,0.0,0.0,0.6873014569282532,0.04654129967093468,0.01287900097668171,-0.3537874221801758,-0.31221336126327515,0.27539217472076416,0.4339284896850586,0.8905717730522156,-0.7648525834083557,0.8159438967704773,-0.903931200504303,-1.1580110788345337,0.8814341425895691,-0.916820764541626,1.1188669204711914,"[0.6873014569282532, 0.04654129967093468, 0.01287900097668171, 0.1415146142244339, -0.052060142159461975, 0.019684864208102226, 0.01806723326444626, 0.007772559765726328, -0.9998065233230591, 0.699999988079071, 0.0, 0.0, -0.3537874221801758, -0.31221336126327515, 0.27539217472076416, 0.4339284896850586, 0.4905717670917511, -0.36485257744789124, 0.4159438908100128, -0.5039311647415161, -0.35801106691360474, 0.08143413066864014, -0.11682075262069702, 0.31886690855026245, 0.03778599947690964, -0.20670565962791443, -0.21903395652770996, 1.0317206382751465, -0.47574642300605774, 0.8890431523323059, 0.9199072122573853, -3.1444034576416016, -1.2890748977661133, 0.5062752962112427, 0.5160222053527832, 0.7896302342414856, -0.5648390650749207, -0.4623130261898041, 0.5175028443336487, 0.671441912651062, 1.1512672901153564, -0.025923818349838257, 0.4277269244194031, -1.4004851579666138, -0.8177798986434937, -0.3338041603565216, 0.5160382986068726, 0.7391520738601685, 1.0, 1.0, 1.0, 1.0, 1.0, 1.0, 1.0, 1.0, 1.0, 1.0, 1.0, 1.0]"
52,0.0,0.0,0.0,3.509651651256718e-05,0.0,261.21478271484375,3.420711072976701e-05,0.0,254.59515380859375,0.0,0.0,0.0,0.7073470950126648,0.05343898758292198,0.02325708419084549,-0.3475598394870758,-0.3141743838787079,0.2729491591453552,0.44312241673469543,0.8800126314163208,-0.7441776394844055,0.83083575963974,-0.9535830616950989,-1.1527612209320068,0.890188455581665,-0.8994417190551758,1.1173896789550781,"[0.7073470950126648, 0.05343898758292198, 0.02325708419084549, -0.057046759873628616, -0.1211475357413292, 0.016631120815873146, 0.016042908653616905, 0.007600839249789715, -0.9998424053192139, 0.699999988079071, 0.0, 0.0, -0.3475598394870758, -0.3141743838787079, 0.2729491591453552, 0.44312241673469543, 0.4800126254558563, -0.34417763352394104, 0.4308357536792755, -0.553583025932312, -0.3527612090110779, 0.09018844366073608, -0.09944170713424683, 0.31738966703414917, 0.4994937777519226, -0.03907313570380211, -0.05891866981983185, 0.07604844123125076, -0.6010206937789917, 0.9006152153015137, 0.7169034481048584, -2.038935422897339, 1.0209907293319702, 0.6427169442176819, 0.9658357501029968, -0.786893904209137, -0.4408245384693146, -0.5837801694869995, 0.4608187973499298, 0.6507668495178223, 1.0540143251419067, 0.012439459562301636, 0.41083645820617676, -1.3621079921722412, -0.637779951095581, -0.289091020822525, 0.517589807510376, 0.537476122379303, 1.0, 1.0, 1.0, 1.0, 1.0, 1.0, 1.0, 1.0, 1.0, 1.0, 1.0, 1.0]"
53,0.0,0.0,0.0,3.251969246775843e-05,0.0,242.0361328125,3.2573152566328645e-05,0.0,242.4340057373047,0.0,0.0,0.0,0.7266467809677124,0.06035790592432022,0.025404157117009163,-0.33017078042030334,-0.314319908618927,0.27246299386024475,0.43291494250297546,0.8648203015327454,-0.7222763895988464,0.8426124453544617,-0.9815634489059448,-1.118102788925171,0.8997830748558044,-0.87534099817276,1.0822688341140747,"[0.7266467809677124, 0.06035790592432022, 0.025404157117009163, -0.10436628758907318, -0.15098753571510315, 0.00034253322519361973, 0.013117559254169464, 0.009812003001570702, -0.9998660087585449, 0.699999988079071, 0.0, 0.0, -0.33017078042030334, -0.314319908618927, 0.27246299386024475, 0.43291494250297546, 0.4648202955722809, -0.32227638363838196, 0.4426124393939972, -0.5815634727478027, -0.31810277700424194, 0.09978306293487549, -0.07534098625183105, 0.28226882219314575, 1.0800596475601196, -0.02432263456285, -0.01174565777182579, -0.8321913480758667, -0.8923286199569702, 0.9743321537971497, 0.5952789187431335, -1.0391103029251099, 2.131225347518921, 0.6289139986038208, 1.187816858291626, -2.4173128604888916, -0.37696000933647156, -0.6585083603858948, 0.38323384523391724, 0.6811147928237915, 0.9737733602523804, 0.01543840765953064, 0.42367812991142273, -1.2785587310791016, -0.46791988611221313, -0.2785945534706116, 0.471931517124176, 0.32056912779808044, 1.0, 1.0, 1.0, 1.0, 1.0, 1.0, 1.0, 1.0, 1.0, 1.0, 1.0, 1.0]"
54,0.0,0.0,0.0,3.0182582122506574e-05,0.0,224.64158630371094,2.8609827495529316e-05,0.0,212.93594360351562,0.0,0.0,0.0,0.7474735975265503,0.06610357761383057,0.011445518583059311,-0.3036542534828186,-0.31583669781684875,0.2710045576095581,0.4105674624443054,0.8439950346946716,-0.6985074281692505,0.8539769053459167,-0.9934530854225159,-1.0704487562179565,0.9078356027603149,-0.8498969674110413,1.021490454673767,"[0.7474735975265503, 0.06610357761383057, 0.011445518583059311, -0.008702253922820091, -0.1378583014011383, -0.005313696805387735, 0.010130217298865318, 0.011001981794834137, -0.9998882412910461, 0.699999988079071, 0.0, 0.0, -0.3036542534828186, -0.31583669781684875, 0.2710045576095581, 0.4105674624443054, 0.44399502873420715, -0.298507422208786, 0.45397689938545227, -0.593453049659729, -0.2704487442970276, 0.10783559083938599, -0.049896955490112305, 0.22149044275283813, 1.4351304769515991, -0.13501077890396118, -0.06035717949271202, -1.2798471450805664, -1.167815923690796, 1.0839855670928955, 0.630459725856781, -0.2888440191745758, 2.754518747329712, 0.5069555640220642, 1.10469651222229, -3.5832903385162354, -0.37325701117515564, -0.6385190486907959, 0.3712215721607208, 0.6560584306716919, 0.8808032274246216, -0.02589350938796997, 0.4578001797199249, -1.1036845445632935, -0.22781141102313995, -0.2865423262119293, 0.3610789179801941, 0.09802260249853134, 1.0, 1.0, 1.0, 1.0, 1.0, 1.0, 1.0, 1.0, 1.0, 1.0, 1.0, 1.0]"
55,0.0,0.0,0.0,2.629665505082812e-05,0.0,195.71957397460938,2.2019508833182044e-05,0.0,163.88583374023438,0.0,0.0,0.0,0.7724503874778748,0.07167346775531769,-0.022312287241220474,-0.2749009132385254,-0.32000795006752014,0.26705196499824524,0.3815919756889343,0.8177804350852966,-0.6731647253036499,0.8674384951591492,-0.9888108968734741,-1.0046489238739014,0.9130746126174927,-0.8279563784599304,0.943122386932373,"[0.7724503874778748, 0.07167346775531769, -0.022312287241220474, 0.12238059192895889, -0.07312168926000595, 0.02154548279941082, 0.008086412213742733, 0.009520882740616798, -0.9999219179153442, 0.699999988079071, 0.0, 0.0, -0.2749009132385254, -0.32000795006752014, 0.26705196499824524, 0.3815919756889343, 0.41778042912483215, -0.2731647193431854, 0.4674384891986847, -0.588810920715332, -0.2046489119529724, 0.11307460069656372, -0.027956366539001465, 0.1431223750114441, 1.3986213207244873, -0.2526472210884094, -0.14814800024032593, -1.5657414197921753, -1.4387855529785156, 1.1747874021530151, 0.8618429899215698, 0.6228097081184387, 3.8505144119262695, 0.3337175250053406, 0.8727574348449707, -4.208980560302734, -0.45160552859306335, -0.5359476208686829, 0.4332491457462311, 0.5986675024032593, 0.7168253660202026, -0.1725214421749115, 0.5381084680557251, -0.8399513959884644, 0.11454099416732788, -0.2531854510307312, 0.1410662680864334, -0.11743950098752975, 1.0, 1.0, 1.0, 1.0, 1.0, 1.0, 1.0, 1.0, 1.0, 1.0, 1.0, 1.0]"
56,3.157605533488095e-05,0.0,235.0128631591797,1.6455765944556333e-05,0.0,122.47624206542969,0.0,0.0,0.0,0.0,0.0,0.0,0.8017981052398682,0.0928109735250473,-0.08521008491516113,-0.25525176525115967,-0.3259555995464325,0.26121363043785095,0.34723496437072754,0.7881284952163696,-0.648746132850647,0.8852803707122803,-0.9627678990364075,-0.9186395406723022,0.9171537160873413,-0.8193694353103638,0.8572624921798706,"[0.8017981052398682, 0.0928109735250473, -0.08521008491516113, 0.3783566653728485, -0.017032261937856674, 0.062148671597242355, 0.008185322396457195, 0.005914466921240091, -0.9999489784240723, 0.699999988079071, 0.0, 0.0, -0.25525176525115967, -0.3259555995464325, 0.26121363043785095, 0.34723496437072754, 0.38812848925590515, -0.2487461268901825, 0.4852803647518158, -0.5627678632736206, -0.11863952875137329, 0.11715370416641235, -0.019369423389434814, 0.05726248025894165, -1.1458897590637207, -0.5195844173431396, -0.49710553884506226, -2.092472553253174, -0.10190403461456299, 1.2372784614562988, 0.8786883354187012, 1.785857915878296, 3.7638323307037354, 0.243408203125, -0.23871231079101562, -4.427207946777344, -0.5796858668327332, -0.4564090073108673, 0.6190575361251831, 0.5474303960800171, 0.4256824254989624, -0.47777214646339417, 0.70549476146698, -0.5721570253372192, 0.5388256907463074, -0.05970378965139389, -0.26783818006515503, -0.3717842996120453, 1.0, 1.0, 1.0, 1.0, 1.0, 1.0, 1.0, 1.0, 1.0, 1.0, 1.0, 1.0]"
57,4.7369172534672543e-05,0.0,352.55718994140625,3.1046556614455767e-06,0.0,23.107194900512695,0.0,0.0,0.0,5.601254815701395e-05,0.0,416.8877258300781,0.7753973603248596,0.020885081961750984,-0.12682636082172394,-0.2666490077972412,-0.33574777841567993,0.2640182375907898,0.31150680780410767,0.8189445734024048,-0.6259883642196655,0.8971285820007324,-0.9158158898353577,-0.9207730889320374,0.926526665687561,-0.8705624938011169,0.7834293246269226,"[0.7753973603248596, 0.020885081961750984, -0.12682636082172394, 0.15761932730674744, -0.09339743107557297, 0.039727065712213516, 0.00658620148897171, -0.0018198264297097921, -0.999976634979248, 0.699999988079071, 0.0, 0.0, -0.2666490077972412, -0.33574777841567993, 0.2640182375907898, 0.31150680780410767, 0.4189445674419403, -0.22598835825920105, 0.49712857604026794, -0.5158158540725708, -0.1207730770111084, 0.12652665376663208, -0.07056248188018799, -0.016570687294006348, -0.25096818804740906, -0.14578303694725037, 0.9937939643859863, 0.8177626132965088, 1.5168166160583496, 0.9221383333206177, 0.43704307079315186, 0.4680349826812744, -0.09145864844322205, 0.560474693775177, -3.940126895904541, 4.877397060394287, -0.6894519329071045, -0.5182511210441589, 0.8737634420394897, 0.5041598081588745, 0.2767982482910156, -0.9663699865341187, 1.0222784280776978, -0.39155030250549316, 0.6505369544029236, 0.3554326295852661, -0.8680872321128845, -0.5391111969947815, 1.0, 1.0, 1.0, 1.0, 1.0, 1.0, 1.0, 1.0, 1.0, 1.0, 1.0, 1.0]"
58,4.0915172576205805e-05,0.0,304.52166748046875,0.0,0.0,0.0,0.0,0.0,0.0,4.641429768525995e-05,0.0,345.4502868652344,0.7228776812553406,0.013048910535871983,-0.07887107133865356,-0.2652052044868469,-0.33508026599884033,0.30623626708984375,0.3167584538459778,0.845500648021698,-0.6270291209220886,0.9019641280174255,-0.9144368171691895,-0.919307291507721,0.9621697068214417,-0.9615938067436218,0.8234749436378479,"[0.7228776812553406, 0.013048910535871983, -0.07887107133865356, -0.15346397459506989, -0.07461768388748169, -0.007597570773214102, 0.004823543597012758, 0.0009932301472872496, -0.9999881386756897, 0.699999988079071, 0.0, 0.0, -0.2652052044868469, -0.33508026599884033, 0.30623626708984375, 0.3167584538459778, 0.4455006420612335, -0.22702911496162415, 0.5019640922546387, -0.5144368410110474, -0.11930727958679199, 0.1621696949005127, -0.16159379482269287, 0.023474931716918945, 0.08752387762069702, -0.18108320236206055, 2.435534954071045, 0.22362665832042694, 1.325282335281372, -0.8328768610954285, 0.22807441651821136, 0.3096891939640045, 0.0346623919904232, 3.4972078800201416, -5.050779342651367, 1.597846508026123, -0.6862629055976868, -0.6374251246452332, 0.5931040048599243, 0.42844459414482117, 0.6022782325744629, -1.247584342956543, 1.125327706336975, -0.34020933508872986, 0.5217360854148865, 0.8046947717666626, -1.195855736732483, -0.34846624732017517, 1.0, 1.0, 1.0, 1.0, 1.0, 1.0, 1.0, 1.0, 1.0, 1.0, 1.0, 1.0]"
59,3.460466177784838e-05,0.0,257.55401611328125,0.0,0.0,0.0,0.0,0.0,0.0,4.026308670290746e-05,0.0,299.66827392578125,0.6897387504577637,0.0361495316028595,-0.06368602067232132,-0.26991137862205505,-0.3533107340335846,0.34438246488571167,0.3134574890136719,0.8653016686439514,-0.6640322208404541,0.906276524066925,-0.9116570949554443,-0.9114841222763062,1.0482738018035889,-1.077063798904419,0.8555944561958313,"[0.6897387504577637, 0.0361495316028595, -0.06368602067232132, 0.35015007853507996, -0.019077099859714508, 0.0070753199979662895, 0.00419743824750185, -0.0024405578151345253, -0.9999880790710449, 0.699999988079071, 0.0, 0.0, -0.26991137862205505, -0.3533107340335846, 0.34438246488571167, 0.3134574890136719, 0.46530166268348694, -0.2640322148799896, 0.5062764883041382, -0.5116571187973022, -0.1114841103553772, 0.2482737898826599, -0.27706378698349, 0.055594444274902344, -0.4203420877456665, -1.2240549325942993, 1.4872294664382935, -0.32763054966926575, 0.8892664313316345, -2.3072750568389893, 0.14682158827781677, 0.09272319078445435, 0.4960082769393921, 4.041660308837891, -5.8310441970825195, 1.659432291984558, -0.640333890914917, -0.6231297254562378, 0.6449096202850342, 0.5243997573852539, 0.5462130904197693, -1.2422099113464355, 1.108394980430603, -0.1584276705980301, 0.5138655304908752, 0.9119948148727417, -1.2504404783248901, -0.270332008600235, 1.0, 1.0, 1.0, 1.0, 1.0, 1.0, 1.0, 1.0, 1.0, 1.0, 1.0, 1.0]"
60,3.38781755999662e-05,0.0,252.14695739746094,0.0,0.0,0.0,0.0,0.0,0.0,3.7789672205690295e-05,0.0,281.25927734375,0.677686870098114,0.034505363553762436,-0.06462986767292023,-0.2774604558944702,-0.37548330426216125,0.36637309193611145,0.30778101086616516,0.8821935653686523,-0.7206019759178162,0.9029832482337952,-0.9082679748535156,-0.9006637930870056,1.1179362535476685,-1.1765989065170288,0.8863043785095215,"[0.677686870098114, 0.034505363553762436, -0.06462986767292023, 0.19221119582653046, -0.03627657890319824, 0.033717796206474304, 0.00363240297883749, -0.008380626328289509, -0.9999583959579468, 0.699999988079071, 0.0, 0.0, -0.2774604558944702, -0.37548330426216125, 0.36637309193611145, 0.30778101086616516, 0.48219355940818787, -0.3206019699573517, 0.5029832124710083, -0.5082679986953735, -0.10066378116607666, 0.3179362416267395, -0.37659889459609985, 0.08630436658859253, -0.27941590547561646, -0.9408859610557556, 0.9400264620780945, -0.18070010840892792, 0.8711758255958557, -3.0798561573028564, -0.3979334831237793, 0.18375325202941895, 0.5067067742347717, 3.173461675643921, -4.238268852233887, 1.508413314819336, -0.5388769507408142, -0.6879880428314209, 0.6044321060180664, 0.5048360824584961, 0.5173200368881226, -1.2898876667022705, 1.082838535308838, -0.2308676838874817, 0.49281442165374756, 0.9162576198577881, -1.1947681903839111, -0.30148234963417053, 1.0, 1.0, 1.0, 1.0, 1.0, 1.0, 1.0, 1.0, 1.0, 1.0, 1.0, 1.0]"
61,3.735224163392559e-05,0.0,278.00360107421875,0.0,0.0,0.0,0.0,0.0,0.0,3.895356712746434e-05,0.0,289.9218444824219,0.6752827763557434,0.03194887191057205,-0.04894240200519562,-0.2806202173233032,-0.3899729251861572,0.3784808814525604,0.3064662218093872,0.8987199068069458,-0.7852897644042969,0.8874316215515137,-0.9009649157524109,-0.8889676332473755,1.1621754169464111,-1.2299401760101318,0.9121376276016235,"[0.6752827763557434, 0.03194887191057205, -0.04894240200519562, 0.027626117691397667, -0.061818212270736694, 0.03117259591817856, 0.0025669471360743046, -0.009821870364248753, -0.999948263168335, 0.699999988079071, 0.0, 0.0, -0.2806202173233032, -0.3899729251861572, 0.3784808814525604, 0.3064662218093872, 0.4987199008464813, -0.3852897584438324, 0.4874316155910492, -0.500964879989624, -0.08896762132644653, 0.3621754050254822, -0.4299401640892029, 0.11213761568069458, -0.10890509188175201, -0.6458315849304199, 0.3549996614456177, -0.02431846782565117, 0.8063777089118958, -3.2631070613861084, -1.0005508661270142, 0.3891710937023163, 0.6337118148803711, 1.6331888437271118, -1.5908797979354858, 1.2631959915161133, -0.514569103717804, -0.6934613585472107, 0.5500358939170837, 0.5317327976226807, 0.44383397698402405, -1.296858549118042, 1.0526148080825806, -0.24884802103042603, 0.5062673687934875, 0.9126632213592529, -1.0697021484375, -0.31011202931404114, 1.0, 1.0, 1.0, 1.0, 1.0, 1.0, 1.0, 1.0, 1.0, 1.0, 1.0, 1.0]"
62,3.8866983231855556e-05,0.0,289.2774353027344,0.0,0.0,0.0,0.0,0.0,0.0,3.934277265216224e-05,0.0,292.8186340332031,0.6815665364265442,0.03261304646730423,-0.024779077619314194,-0.282649427652359,-0.401542067527771,0.37776312232017517,0.3056367039680481,0.9124215841293335,-0.8483059406280518,0.864130437374115,-0.8901450037956238,-0.8723764419555664,1.1852681636810303,-1.2409487962722778,0.9337990880012512,"[0.6815665364265442, 0.03261304646730423, -0.024779077619314194, 0.031713664531707764, -0.0789022371172905, 0.015976162627339363, 0.0010767385829240084, -0.010432586073875427, -0.9999449253082275, 0.699999988079071, 0.0, 0.0, -0.282649427652359, -0.401542067527771, 0.37776312232017517, 0.3056367039680481, 0.5124216079711914, -0.4483059346675873, 0.4641304314136505, -0.4901449978351593, -0.07237643003463745, 0.3852681517601013, -0.4409487843513489, 0.13379907608032227, -0.09255634248256683, -0.5134574770927429, -0.2607383131980896, -0.043621283024549484, 0.636487603187561, -3.017345905303955, -1.2427273988723755, 0.5534577369689941, 0.9212145805358887, 0.8934496641159058, 0.0438416562974453, 1.0683411359786987, -0.48549601435661316, -0.7198228240013123, 0.4876125156879425, 0.5697582960128784, 0.40178942680358887, -1.2667160034179688, 1.017961859703064, -0.2885226607322693, 0.5220734477043152, 0.8890340328216553, -0.9228900074958801, -0.3362199664115906, 1.0, 1.0, 1.0, 1.0, 1.0, 1.0, 1.0, 1.0, 1.0, 1.0, 1.0, 1.0]"
63,3.866626866511069e-05,0.0,287.7835693359375,0.0,0.0,0.0,0.0,0.0,0.0,3.8696511182934046e-05,0.0,288.0086669921875,0.6969451308250427,0.03105057030916214,0.002297045197337866,-0.2844417691230774,-0.40775540471076965,0.36622825264930725,0.30424657464027405,0.9226561188697815,-0.9002717733383179,0.8386552929878235,-0.8756956458091736,-0.8500492572784424,1.1934428215026855,-1.2276978492736816,0.9510218501091003,"[0.6969451308250427, 0.03105057030916214, 0.002297045197337866, 0.03913877159357071, -0.07374595105648041, 0.00046369200572371483, -0.0004942494560964406, -0.011241392232477665, -0.999936580657959, 0.699999988079071, 0.0, 0.0, -0.2844417691230774, -0.40775540471076965, 0.36622825264930725, 0.30424657464027405, 0.5226560831069946, -0.5002717971801758, 0.438655287027359, -0.4756956398487091, -0.05004924535751343, 0.3934428095817566, -0.4276978373527527, 0.1510218381881714, -0.07789216190576553, -0.1624060720205307, -0.7624574303627014, -0.06877725571393967, 0.45774033665657043, -2.29167103767395, -1.3062506914138794, 0.7344604730606079, 1.2060010433197021, 0.016122426837682724, 1.103576898574829, 0.8285208940505981, -0.5094367861747742, -0.7383642196655273, 0.43532055616378784, 0.6541398763656616, 0.3637810945510864, -1.2252997159957886, 0.9517796039581299, -0.2948513329029083, 0.5365612506866455, 0.80013108253479, -0.7682889103889465, -0.3523549437522888, 1.0, 1.0, 1.0, 1.0, 1.0, 1.0, 1.0, 1.0, 1.0, 1.0, 1.0, 1.0]"
64,3.780969564104453e-05,0.0,281.4083251953125,0.0,0.0,0.0,0.0,0.0,0.0,3.77664364350494e-05,0.0,281.08636474609375,0.7166616916656494,0.0290004163980484,0.029991338029503822,-0.28574511408805847,-0.40641510486602783,0.34591639041900635,0.3025525212287903,0.9296121001243591,-0.9348001480102539,0.8119186162948608,-0.8571810126304626,-0.822822093963623,1.181013822555542,-1.1947691440582275,0.9625916481018066,"[0.7166616916656494, 0.0290004163980484, 0.029991338029503822, 0.021545691415667534, -0.039295587688684464, -0.011166604235768318, -0.0016174342017620802, -0.011929725296795368, -0.9999276995658875, 0.699999988079071, 0.0, 0.0, -0.28574511408805847, -0.40641510486602783, 0.34591639041900635, 0.3025525212287903, 0.5296120643615723, -0.5348001718521118, 0.41191861033439636, -0.45718100666999817, -0.022822082042694092, 0.38101381063461304, -0.3947691321372986, 0.16259163618087769, -0.043749503791332245, 0.22333000600337982, -1.1607495546340942, -0.07280759513378143, 0.2983674108982086, -1.3435108661651611, -1.4000991582870483, 0.9389246702194214, 1.4282172918319702, -1.2818583250045776, 2.1643669605255127, 0.5177546739578247, -0.5625272393226624, -0.7526470422744751, 0.4010138213634491, 0.7494455575942993, 0.33560246229171753, -1.1434295177459717, 0.8465124368667603, -0.292425274848938, 0.5465880036354065, 0.6168131828308105, -0.560087263584137, -0.3993648886680603, 1.0, 1.0, 1.0, 1.0, 1.0, 1.0, 1.0, 1.0, 1.0, 1.0, 1.0, 1.0]"
65,3.648332130978815e-05,0.0,271.5364074707031,0.0,0.0,0.0,0.0,0.0,0.0,3.6476587411016226e-05,0.0,271.4862976074219,0.7381893396377563,0.025836165994405746,0.057699527591466904,-0.28579387068748474,-0.3980582654476166,0.31998851895332336,0.30133381485939026,0.9338211417198181,-0.9494612216949463,0.7816721796989441,-0.8340469598770142,-0.7923523187637329,1.1372007131576538,-1.1375139951705933,0.9666374325752258,"[0.7381893396377563, 0.025836165994405746, 0.057699527591466904, -0.05126621201634407, 0.026824217289686203, -0.01917966455221176, -0.001647174241952598, -0.011593715287744999, -0.9999313354492188, 0.699999988079071, 0.0, 0.0, -0.28579387068748474, -0.3980582654476166, 0.31998851895332336, 0.30133381485939026, 0.5338211059570312, -0.5494612455368042, 0.3816721737384796, -0.4340469539165497, 0.007647693157196045, 0.33720070123672485, -0.3375139832496643, 0.16663742065429688, 0.039481937885284424, 0.566983163356781, -1.357296347618103, -0.02844146080315113, 0.17879952490329742, -0.3191295266151428, -1.6325076818466187, 1.1773290634155273, 1.5519345998764038, -3.0023391246795654, 3.484229803085327, 0.10927298665046692, -0.6705780625343323, -0.7218675017356873, 0.3948226273059845, 0.8407560586929321, 0.30680274963378906, -1.015210509300232, 0.6977559328079224, -0.3052339553833008, 0.5482553839683533, 0.3456389307975769, -0.2636512517929077, -0.46360501646995544, 1.0, 1.0, 1.0, 1.0, 1.0, 1.0, 1.0, 1.0, 1.0, 1.0, 1.0, 1.0]"
66,3.3044740121113136e-05,0.0,245.94390869140625,0.0,0.0,0.0,0.0,0.0,0.0,3.26932713505812e-05,0.0,243.32801818847656,0.7610422968864441,0.019112566486001015,0.07300955057144165,-0.283945769071579,-0.38265538215637207,0.29351869225502014,0.30139708518981934,0.9362262487411499,-0.9429623484611511,0.7457119226455688,-0.8064607977867126,-0.7605523467063904,1.0621908903121948,-1.0550068616867065,0.9625771045684814,"[0.7610422968864441, 0.019112566486001015, 0.07300955057144165, -0.14657743275165558, 0.10577283799648285, -0.023252146318554878, -0.0001761403400450945, -0.009488030336797237, -0.9999551773071289, 0.699999988079071, 0.0, 0.0, -0.283945769071579, -0.38265538215637207, 0.29351869225502014, 0.30139708518981934, 0.5362262725830078, -0.5429623126983643, 0.34571191668510437, -0.40646079182624817, 0.039447665214538574, 0.26219087839126587, -0.2550068497657776, 0.1625770926475525, 0.13788585364818573, 0.9424205422401428, -1.24632728099823, 0.045584786683321, 0.14363783597946167, 0.7505755424499512, -1.9073916673660278, 1.392783284187317, 1.5385653972625732, -4.2895827293396, 4.531116962432861, -0.28587326407432556, -0.8033071160316467, -0.6238514184951782, 0.4706672132015228, 0.8364509344100952, 0.3203040659427643, -0.8514437675476074, 0.5753592252731323, -0.4064292013645172, 0.4595772624015808, 0.07501520961523056, 0.042691126465797424, -0.463103324174881, 1.0, 1.0, 1.0, 1.0, 1.0, 1.0, 1.0, 1.0, 1.0, 1.0, 1.0, 1.0]"
67,2.3760951080475934e-05,0.0,176.84695434570312,0.0,0.0,0.0,1.5666366380173713e-05,0.0,116.6009292602539,2.5790524887270294e-05,0.0,191.95257568359375,0.7878924608230591,-0.0014994676457718015,0.06111270189285278,-0.27978724241256714,-0.3573944568634033,0.2759897708892822,0.30364540219306946,0.9395473003387451,-0.9148501753807068,0.7069387435913086,-0.7760892510414124,-0.73175448179245,0.969957709312439,-0.9630035758018494,0.9520701766014099,"[0.7878924608230591, -0.0014994676457718015, 0.06111270189285278, -0.3389182686805725, 0.1724853664636612, -0.02244204841554165, 0.0031910696998238564, -0.005057798698544502, -0.9999818801879883, 0.699999988079071, 0.0, 0.0, -0.27978724241256714, -0.3573944568634033, 0.2759897708892822, 0.30364540219306946, 0.539547324180603, -0.5148501396179199, 0.3069387376308441, -0.3760892450809479, 0.068245530128479, 0.16995769739151, -0.1630035638809204, 0.15207016468048096, 0.3383561968803406, 1.6154825687408447, 0.2331751585006714, 0.2522401511669159, 0.26506054401397705, 1.8361159563064575, -1.271367073059082, 1.5738130807876587, 1.3320873975753784, -4.800309181213379, 2.8967928886413574, -0.5995162129402161, -0.9246714115142822, -0.4906821548938751, 0.5541335940361023, 0.7790838479995728, 0.3873007297515869, -0.6512508392333984, 0.4730178415775299, -0.6015456914901733, 0.24742387235164642, -0.16005933284759521, 0.2638424038887024, -0.38586828112602234, 1.0, 1.0, 1.0, 1.0, 1.0, 1.0, 1.0, 1.0, 1.0, 1.0, 1.0, 1.0]"
68,5.9588783187791705e-06,0.0,44.35047912597656,2.625977504067123e-05,0.0,195.44508361816406,3.417558764340356e-05,0.0,254.36053466796875,1.380384128424339e-05,0.0,102.73861694335938,0.7782237529754639,0.03188426047563553,0.06251904368400574,-0.26961690187454224,-0.320995956659317,0.2872927188873291,0.3142071068286896,0.9447612762451172,-0.8701243996620178,0.7279619574546814,-0.7417417764663696,-0.7083722949028015,0.8940173983573914,-0.955513596534729,0.9379777312278748,"[0.7782237529754639, 0.03188426047563553, 0.06251904368400574, -0.5976182222366333, 0.13675493001937866, 0.03343285992741585, 0.005428217351436615, 0.007321620360016823, -0.9999586343765259, 0.699999988079071, 0.0, 0.0, -0.26961690187454224, -0.320995956659317, 0.2872927188873291, 0.3142071068286896, 0.5447613000869751, -0.47012439370155334, 0.3279619514942169, -0.34174177050590515, 0.09162771701812744, 0.0940173864364624, -0.15551358461380005, 0.1379777193069458, 0.29095157980918884, -0.3170623779296875, 0.5019093155860901, 0.450945109128952, 0.25281673669815063, 1.2679990530014038, 0.941206693649292, 1.7627428770065308, 0.6606361269950867, 0.11902749538421631, 0.49114474654197693, -0.8543144464492798, -0.99851393699646, -0.38754919171333313, 0.5759381055831909, 0.7167632579803467, 0.49313783645629883, -0.46934857964515686, 0.4104613959789276, -0.8270512819290161, -0.08167485892772675, -0.40653032064437866, 0.4247628450393677, -0.26146891713142395, 1.0, 1.0, 1.0, 1.0, 1.0, 1.0, 1.0, 1.0, 1.0, 1.0, 1.0, 1.0]"
69,0.0,0.0,0.0,3.950621248804964e-05,0.0,294.0350646972656,3.5316075809532776e-05,0.0,262.8489074707031,7.017370684536672e-09,0.0,0.05222857743501663,0.7413223385810852,0.05008190497756004,0.0861656591296196,-0.28587138652801514,-0.31223076581954956,0.2927436828613281,0.3219059705734253,0.9482277631759644,-0.8513980507850647,0.7453197240829468,-0.7100374102592468,-0.7723181247711182,0.8987505435943604,-0.9463731050491333,0.918191134929657,"[0.7413223385810852, 0.05008190497756004, 0.0861656591296196, -0.2050393968820572, 0.19279135763645172, 0.1482112556695938, 0.008906195871531963, 0.016087396070361137, -0.9998307228088379, 0.699999988079071, 0.0, 0.0, -0.28587138652801514, -0.31223076581954956, 0.2927436828613281, 0.3219059705734253, 0.5482277870178223, -0.4513980448246002, 0.3453197181224823, -0.31003740429878235, 0.02768188714981079, 0.0987505316734314, -0.14637309312820435, 0.11819112300872803, -1.7558339834213257, 0.236795574426651, 0.024005983024835587, 0.29191854596138, -0.01985127292573452, 1.0677769184112549, 1.0034486055374146, 1.1899648904800415, -5.782444953918457, -0.030400682240724564, 0.2204269915819168, -1.3595116138458252, -0.8561432957649231, -0.5456919074058533, 0.4013150632381439, 0.6464860439300537, 1.082871675491333, -0.18308225274085999, 0.4057822823524475, -1.466431736946106, -1.143353819847107, -0.4102229177951813, 0.582038164138794, 0.4150308668613434, 1.0, 1.0, 1.0, 1.0, 1.0, 1.0, 1.0, 1.0, 1.0, 1.0, 1.0, 1.0]"
70,0.0,0.0,0.0,3.4467491786926985e-05,0.0,256.5331115722656,3.414399179746397e-05,0.0,254.12538146972656,0.0,0.0,0.0,0.6924670934677124,0.05173565447330475,0.07521367073059082,-0.3304576575756073,-0.31462523341178894,0.28580549359321594,0.3339519202709198,0.9347601532936096,-0.8262523412704468,0.7645164132118225,-0.7228218913078308,-0.8730039596557617,0.8918370008468628,-0.9422910213470459,0.9668150544166565,"[0.6924670934677124, 0.05173565447330475, 0.07521367073059082, 0.24465824663639069, 0.15969718992710114, 0.13925862312316895, 0.012323002330958843, 0.01258358359336853, -0.9998453259468079, 0.699999988079071, 0.0, 0.0, -0.3304576575756073, -0.31462523341178894, 0.28580549359321594, 0.3339519202709198, 0.5347601175308228, -0.4262523353099823, 0.36451640725135803, -0.32282188534736633, -0.07300394773483276, 0.09183698892593384, -0.14229100942611694, 0.16681504249572754, -2.0837242603302, -0.18752942979335785, -0.3869246542453766, 0.9685174226760864, -0.8525564670562744, 1.157131552696228, 1.0419106483459473, -1.671828269958496, -5.1350202560424805, -0.27214327454566956, 0.056407783180475235, 4.193862438201904, -0.42899802327156067, -0.7517042756080627, 0.25846853852272034, 0.834815502166748, 1.2054545879364014, -0.22271046042442322, 0.5637553930282593, -1.6029258966445923, -1.267555594444275, -0.35837993025779724, 0.548504650592804, 0.8144550919532776, 1.0, 1.0, 1.0, 1.0, 1.0, 1.0, 1.0, 1.0, 1.0, 1.0, 1.0, 1.0]"
71,0.0,0.0,0.0,3.133655263809487e-05,0.0,233.23028564453125,3.33380994561594e-05,0.0,248.1273193359375,0.0,0.0,0.0,0.6723081469535828,0.03492698818445206,0.03478330746293068,-0.35288262367248535,-0.31565311551094055,0.28183022141456604,0.3672529458999634,0.9215044975280762,-0.8043253421783447,0.7833966612815857,-0.7779919505119324,-1.0106486082077026,0.8884504437446594,-0.9395512342453003,1.0447522401809692,"[0.6723081469535828, 0.03492698818445206, 0.03478330746293068, 0.04158695042133331, 0.1547393649816513, 0.07890169322490692, 0.01562664844095707, 0.010823629796504974, -0.9998190402984619, 0.699999988079071, 0.0, 0.0, -0.35288262367248535, -0.31565311551094055, 0.28183022141456604, 0.3672529458999634, 0.5215045213699341, -0.40432533621788025, 0.3833966553211212, -0.3779919445514679, -0.21064859628677368, 0.08845043182373047, -0.13955122232437134, 0.24475222826004028, -0.5573046803474426, -0.024107079952955246, -0.11493317782878876, 1.9643532037734985, -0.6130052208900452, 0.9149333238601685, 0.9872602224349976, -3.2783756256103516, -7.1998162269592285, 0.05398380383849144, 0.05417584255337715, 3.599438190460205, -0.5503121018409729, -0.6589136719703674, 0.4501080811023712, 0.7392436265945435, 1.2815824747085571, -0.1560782492160797, 0.5306777954101562, -1.5407582521438599, -1.2377694845199585, -0.3529880940914154, 0.5702823400497437, 0.8745955228805542, 1.0, 1.0, 1.0, 1.0, 1.0, 1.0, 1.0, 1.0, 1.0, 1.0, 1.0, 1.0]"
72,0.0,0.0,0.0,3.349103280925192e-05,0.0,249.2655792236328,3.3695487218210474e-05,0.0,250.78726196289062,0.0,0.0,0.0,0.674708366394043,0.04140457883477211,0.015281522646546364,-0.3548203408718109,-0.3182765245437622,0.2779921889305115,0.40590229630470276,0.9090335965156555,-0.7839493751525879,0.802830159664154,-0.8521209955215454,-1.125616192817688,0.8895773887634277,-0.936264157295227,1.1084895133972168,"[0.674708366394043, 0.04140457883477211, 0.015281522646546364, 0.17881515622138977, 0.06115799769759178, 0.03358334302902222, 0.0175776407122612, 0.00838566105812788, -0.9998103976249695, 0.699999988079071, 0.0, 0.0, -0.3548203408718109, -0.3182765245437622, 0.2779921889305115, 0.40590229630470276, 0.5090335607528687, -0.3839493691921234, 0.4028301537036896, -0.45212098956108093, -0.32561618089675903, 0.08957737684249878, -0.1362641453742981, 0.30848950147628784, 0.04302055388689041, -0.20254161953926086, -0.23876997828483582, 1.7820320129394531, -0.645157516002655, 0.9159660935401917, 1.0219690799713135, -3.7697160243988037, -4.539655685424805, 0.22698163986206055, 0.1541372388601303, 2.591792106628418, -0.5939739942550659, -0.4739905297756195, 0.45898082852363586, 0.7447299957275391, 1.2158997058868408, -0.05284908413887024, 0.5376667976379395, -1.4414865970611572, -1.005354881286621, -0.3330744504928589, 0.5144912004470825, 0.8467827439308167, 1.0, 1.0, 1.0, 1.0, 1.0, 1.0, 1.0, 1.0, 1.0, 1.0, 1.0, 1.0]"
73,0.0,0.0,0.0,3.542529884725809e-05,0.0,263.6618347167969,3.3927102776942775e-05,0.0,252.51112365722656,0.0,0.0,0.0,0.6920574903488159,0.051396459341049194,0.021097786724567413,-0.3513178825378418,-0.32235634326934814,0.27313798666000366,0.43282008171081543,0.8956311345100403,-0.762763261795044,0.8210262656211853,-0.9198225140571594,-1.1686131954193115,0.8935770988464355,-0.927335262298584,1.132950782775879,"[0.6920574903488159, 0.051396459341049194, 0.021097786724567413, 0.10779327899217606, -0.039692796766757965, 0.03105108067393303, 0.017498893663287163, 0.005370620638132095, -0.9998323917388916, 0.699999988079071, 0.0, 0.0, -0.3513178825378418, -0.32235634326934814, 0.27313798666000366, 0.43282008171081543, 0.4956311285495758, -0.36276325583457947, 0.4210262596607208, -0.5198224782943726, -0.36861318349838257, 0.09357708692550659, -0.12733525037765503, 0.33295077085494995, 0.2959097623825073, -0.1707545965909958, -0.2043396681547165, 1.0424811840057373, -0.7393388152122498, 0.9382216334342957, 0.8988701701164246, -3.0524697303771973, -0.5221969485282898, 0.42297473549842834, 0.5532718300819397, 0.44417858123779297, -0.530009925365448, -0.4873564541339874, 0.5323998928070068, 0.663009524345398, 1.1391382217407227, -0.012771755456924438, 0.41983410716056824, -1.425897479057312, -0.7784661054611206, -0.32087019085884094, 0.5021637082099915, 0.7177658081054688, 1.0, 1.0, 1.0, 1.0, 1.0, 1.0, 1.0, 1.0, 1.0, 1.0, 1.0, 1.0]"
74,0.0,0.0,0.0,3.472765820333734e-05,0.0,258.4694519042969,3.4087417589034885e-05,0.0,253.70431518554688,0.0,0.0,0.0,0.7129966020584106,0.05911731719970703,0.030812526121735573,-0.34008270502090454,-0.32334932684898376,0.2713395357131958,0.4419454038143158,0.8804900646209717,-0.7410614490509033,0.8353553414344788,-0.9671210050582886,-1.1531327962875366,0.9005897045135498,-0.9092018008232117,1.1232705116271973,"[0.7129966020584106, 0.05911731719970703, 0.030812526121735573, -0.11306332051753998, -0.1020880937576294, 0.0218349602073431, 0.01580263487994671, 0.006196073722094297, -0.9998557567596436, 0.699999988079071, 0.0, 0.0, -0.34008270502090454, -0.32334932684898376, 0.2713395357131958, 0.4419454038143158, 0.4804900586605072, -0.34106144309043884, 0.4353553354740143, -0.5671210289001465, -0.35313278436660767, 0.10058969259262085, -0.10920178890228271, 0.3232704997062683, 0.7489079236984253, 0.013244345784187317, -0.020955650135874748, 0.04060843214392662, -0.8132614493370056, 0.9441911578178406, 0.6929029822349548, -1.893225908279419, 1.3990319967269897, 0.5587076544761658, 0.9958325624465942, -1.3311808109283447, -0.41695114970207214, -0.5993375778198242, 0.44668594002723694, 0.6554975509643555, 1.0364855527877808, 0.016067862510681152, 0.41676411032676697, -1.3617981672286987, -0.6027559041976929, -0.2810567319393158, 0.49699026346206665, 0.49935367703437805, 1.0, 1.0, 1.0, 1.0, 1.0, 1.0, 1.0, 1.0, 1.0, 1.0, 1.0, 1.0]"
75,0.0,0.0,0.0,3.205293614882976e-05,0.0,238.56214904785156,3.192945587215945e-05,0.0,237.64312744140625,0.0,0.0,0.0,0.7331639528274536,0.06813875585794449,0.031124310567975044,-0.31868574023246765,-0.3227844536304474,0.2713683247566223,0.4304302930831909,0.8615543246269226,-0.7181432843208313,0.8468015789985657,-0.9920335412025452,-1.1138107776641846,0.9083682894706726,-0.884830117225647,1.0784955024719238,"[0.7331639528274536, 0.06813875585794449, 0.031124310567975044, -0.13442905247211456, -0.12955324351787567, 0.0033928726334124804, 0.013284450396895409, 0.009246150963008404, -0.9998688697814941, 0.699999988079071, 0.0, 0.0, -0.31868574023246765, -0.3227844536304474, 0.2713683247566223, 0.4304302930831909, 0.46155431866645813, -0.3181432783603668, 0.4468015730381012, -0.5920335054397583, -0.3138107657432556, 0.10836827754974365, -0.08483010530471802, 0.2784954905509949, 1.2426519393920898, -0.0026348051615059376, 0.0037085488438606262, -0.9193023443222046, -1.0727413892745972, 1.0270732641220093, 0.5901813507080078, -0.8694636821746826, 2.3559622764587402, 0.5333937406539917, 1.1804463863372803, -2.8985819816589355, -0.35741838812828064, -0.6640593409538269, 0.3766687214374542, 0.6718714237213135, 0.9478383660316467, 0.01391705870628357, 0.44548553228378296, -1.2521001100540161, -0.4064851999282837, -0.2735123932361603, 0.4318154454231262, 0.26023563742637634, 1.0, 1.0, 1.0, 1.0, 1.0, 1.0, 1.0, 1.0, 1.0, 1.0, 1.0, 1.0]"
76,0.0,0.0,0.0,2.9248294595163316e-05,0.0,217.6879119873047,2.6512969270697795e-05,0.0,197.32955932617188,0.0,0.0,0.0,0.7555295825004578,0.0754566639661789,0.012867791578173637,-0.2904520332813263,-0.32423508167266846,0.26976248621940613,0.4056439697742462,0.8371254205703735,-0.6932869553565979,0.8584330677986145,-0.9994300603866577,-1.0599639415740967,0.9142613410949707,-0.8601206541061401,1.007678508758545,"[0.7555295825004578, 0.0754566639661789, 0.012867791578173637, -0.007772259414196014, -0.10666131973266602, 0.0035513252951204777, 0.010840840637683868, 0.010623014532029629, -0.9998849034309387, 0.699999988079071, 0.0, 0.0, -0.2904520332813263, -0.32423508167266846, 0.26976248621940613, 0.4056439697742462, 0.43712541460990906, -0.2932869493961334, 0.45843306183815, -0.5994300842285156, -0.2599639296531677, 0.11426132917404175, -0.06012064218521118, 0.20767849683761597, 1.4739973545074463, -0.13977301120758057, -0.06798093765974045, -1.422028660774231, -1.3557077646255493, 1.1426594257354736, 0.6718477010726929, -0.024299997836351395, 3.155562162399292, 0.38825827836990356, 1.0179754495620728, -4.058865547180176, -0.3792571723461151, -0.6113522052764893, 0.37628188729286194, 0.6358804702758789, 0.8262231349945068, -0.06143003702163696, 0.50819331407547, -1.032613754272461, -0.11553370952606201, -0.2830648422241211, 0.2795020341873169, 0.018794797360897064, 1.0, 1.0, 1.0, 1.0, 1.0, 1.0, 1.0, 1.0, 1.0, 1.0, 1.0, 1.0]"
77,0.0,0.0,0.0,2.3816872271709144e-05,0.0,177.26316833496094,1.6696934835636057e-05,0.0,124.27120208740234,0.0,0.0,0.0,0.7808151841163635,0.08085663616657257,-0.033457834273576736,-0.2625281512737274,-0.32860615849494934,0.26523318886756897,0.373283326625824,0.8066096901893616,-0.6673545837402344,0.8733313083648682,-0.9879958629608154,-0.983765721321106,0.9173962473869324,-0.8410105109214783,0.9209545850753784,"[0.7808151841163635, 0.08085663616657257, -0.033457834273576736, 0.12889456748962402, -0.016431694850325584, 0.04299534857273102, 0.009724237024784088, 0.00893799215555191, -0.9999127984046936, 0.699999988079071, 0.0, 0.0, -0.2625281512737274, -0.32860615849494934, 0.26523318886756897, 0.373283326625824, 0.4066096842288971, -0.2673545777797699, 0.4733313024044037, -0.5879958868026733, -0.183765709400177, 0.11739623546600342, -0.041010499000549316, 0.12095457315444946, 1.3189396858215332, -0.25474676489830017, -0.16389882564544678, -1.7467900514602661, -1.6796550750732422, 1.2030001878738403, 0.9583643078804016, 1.0133068561553955, 4.452342510223389, 0.22017225623130798, 0.635807991027832, -4.639962196350098, -0.4868520200252533, -0.49364104866981506, 0.4839271605014801, 0.5680364370346069, 0.610831618309021, -0.2618964612483978, 0.6304095983505249, -0.7305629253387451, 0.3002309799194336, -0.2168223261833191, -0.008057698607444763, -0.22914591431617737, 1.0, 1.0, 1.0, 1.0, 1.0, 1.0, 1.0, 1.0, 1.0, 1.0, 1.0, 1.0]"
78,1.590223837411031e-05,0.0,118.3564682006836,1.008267281576991e-05,0.0,75.04287719726562,0.0,0.0,0.0,0.0,0.0,0.0,0.8108907341957092,0.08241400867700577,-0.0975208654999733,-0.25717511773109436,-0.33688366413116455,0.25959447026252747,0.33259594440460205,0.8027288317680359,-0.6421253085136414,0.893135130405426,-0.9527921080589294,-0.9345524907112122,0.9206802248954773,-0.8483037948608398,0.8286499977111816,"[0.8108907341957092, 0.08241400867700577, -0.0975208654999733, 0.45283880829811096, -0.038606997579336166, 0.042874936014413834, 0.009911115281283855, 0.0031838761642575264, -0.9999459981918335, 0.699999988079071, 0.0, 0.0, -0.25717511773109436, -0.33688366413116455, 0.25959447026252747, 0.33259594440460205, 0.4027288258075714, -0.24212530255317688, 0.49313512444496155, -0.5527920722961426, -0.1345524787902832, 0.12068021297454834, -0.04830378293991089, 0.028649985790252686, -0.6891114711761475, -0.6010676026344299, -0.18668150901794434, -2.272292375564575, 1.7558735609054565, 1.285083293914795, 0.9723634123802185, 2.2378008365631104, -0.4456497132778168, 0.2614075541496277, -2.000230550765991, -4.630310535430908, -0.6382029056549072, -0.449832946062088, 0.7317899465560913, 0.5302129983901978, 0.35293883085250854, -0.6957374811172485, 0.7890632152557373, -0.5014283657073975, 0.6327565908432007, 0.10663353651762009, -0.5160683393478394, -0.45248711109161377, 1.0, 1.0, 1.0, 1.0, 1.0, 1.0, 1.0, 1.0, 1.0, 1.0, 1.0, 1.0]"
79,4.092860399396159e-05,0.0,304.6216125488281,0.0,0.0,0.0,0.0,0.0,0.0,3.2029485737439245e-05,0.0,238.38763427734375,0.7498794198036194,0.02259085513651371,-0.1135314553976059,-0.26426267623901367,-0.34175747632980347,0.2769163250923157,0.31093335151672363,0.8284326791763306,-0.6242173910140991,0.9058153033256531,-0.9207929968833923,-0.9277719855308533,0.9361410737037659,-0.9160611033439636,0.7969565391540527,"[0.7498794198036194, 0.02259085513651371, -0.1135314553976059, -0.025011228397488594, -0.19369924068450928, 0.02390671707689762, 0.006684024352580309, -0.0015307293506339192, -0.999976634979248, 0.699999988079071, 0.0, 0.0, -0.26426267623901367, -0.34175747632980347, 0.2769163250923157, 0.31093335151672363, 0.4284326732158661, -0.22421738505363464, 0.5058152675628662, -0.5207929611206055, -0.12777197360992432, 0.13614106178283691, -0.11606109142303467, -0.0030434727668762207, -0.0627245083451271, 0.12586542963981628, 1.672603964805603, 0.0915013775229454, 1.4647421836853027, 0.42013120651245117, 0.4115341007709503, -0.2187754213809967, 0.0726081058382988, 1.2602354288101196, -4.024760723114014, 2.4698116779327393, -0.7027634978294373, -0.5444700717926025, 0.7537932395935059, 0.485330194234848, 0.43870681524276733, -1.0833159685134888, 1.1523538827896118, -0.3302833139896393, 0.5780161023139954, 0.5833874344825745, -1.0471209287643433, -0.5087037086486816, 1.0, 1.0, 1.0, 1.0, 1.0, 1.0, 1.0, 1.0, 1.0, 1.0, 1.0, 1.0]"
80,3.750162068172358e-05,0.0,279.1153869628906,0.0,0.0,0.0,0.0,0.0,0.0,5.0468141125747934e-05,0.0,375.6220397949219,0.7077027559280396,0.022677576169371605,-0.07981014996767044,-0.26389962434768677,-0.34259456396102905,0.3212928771972656,0.31352710723876953,0.8527032732963562,-0.639193594455719,0.9139963388442993,-0.9202640056610107,-0.9215273261070251,1.0000131130218506,-1.0191446542739868,0.8374279141426086,"[0.7077027559280396, 0.022677576169371605, -0.07981014996767044, -0.0041781519539654255, -0.14040125906467438, 0.027624621987342834, 0.0033535815309733152, 0.00030550913652405143, -0.9999943971633911, 0.699999988079071, 0.0, 0.0, -0.26389962434768677, -0.34259456396102905, 0.3212928771972656, 0.31352710723876953, 0.4527032673358917, -0.23919358849525452, 0.5139963626861572, -0.5202640295028687, -0.12152731418609619, 0.20001310110092163, -0.21914464235305786, 0.03742790222167969, -0.07341203093528748, -0.35222622752189636, 2.2246384620666504, 0.03152478486299515, 1.1656681299209595, -1.411115288734436, 0.4099087119102478, 0.1187831312417984, 0.3185483515262604, 4.1187334060668945, -5.630629539489746, 1.8242287635803223, -0.6961345076560974, -0.6370700001716614, 0.6301748156547546, 0.40803295373916626, 0.57651686668396, -1.2075777053833008, 1.1108713150024414, -0.21344587206840515, 0.5047352910041809, 0.87071692943573, -1.2425750494003296, -0.3069145381450653, 1.0, 1.0, 1.0, 1.0, 1.0, 1.0, 1.0, 1.0, 1.0, 1.0, 1.0, 1.0]"
81,3.2731579267419875e-05,0.0,243.61314392089844,0.0,0.0,0.0,0.0,0.0,0.0,4.281559813534841e-05,0.0,318.666015625,0.6830965876579285,0.04188861697912216,-0.06506920605897903,-0.2705245018005371,-0.36030250787734985,0.3539140522480011,0.308916300535202,0.8707352876663208,-0.6824774742126465,0.9185333847999573,-0.9185717701911926,-0.9095984101295471,1.0802794694900513,-1.1305452585220337,0.8731434345245361,"[0.6830965876579285, 0.04188861697912216, -0.06506920605897903, 0.33822306990623474, -0.09017104655504227, 0.03827052563428879, 0.0012770661851391196, -0.004728539846837521, -0.999987781047821, 0.699999988079071, 0.0, 0.0, -0.2705245018005371, -0.36030250787734985, 0.3539140522480011, 0.308916300535202, 0.4707352817058563, -0.282477468252182, 0.5185333490371704, -0.5185717344284058, -0.10959839820861816, 0.2802794575691223, -0.33054524660110474, 0.07314342260360718, -0.4246858060359955, -1.0698853731155396, 1.2873690128326416, -0.3261139988899231, 0.8470160365104675, -2.5319461822509766, 0.04478759318590164, 0.0495002418756485, 0.6380164623260498, 3.6982405185699463, -5.262707710266113, 1.7874701023101807, -0.6138246655464172, -0.6577824950218201, 0.6637516021728516, 0.4953346848487854, 0.5531527400016785, -1.2672864198684692, 1.1007438898086548, -0.17884059250354767, 0.4968474507331848, 0.8979001045227051, -1.2303047180175781, -0.2668241858482361, 1.0, 1.0, 1.0, 1.0, 1.0, 1.0, 1.0, 1.0, 1.0, 1.0, 1.0, 1.0]"
82,3.423707312322222e-05,0.0,254.81814575195312,0.0,0.0,0.0,0.0,0.0,0.0,4.028476178064011e-05,0.0,299.8296203613281,0.6731420159339905,0.04013782739639282,-0.05839557200670242,-0.2768957316875458,-0.37882304191589355,0.373445987701416,0.3046444058418274,0.8869624137878418,-0.7412720322608948,0.9106151461601257,-0.9142816662788391,-0.8963556885719299,1.138680100440979,-1.2107229232788086,0.904377818107605,"[0.6731420159339905, 0.04013782739639282, -0.05839557200670242, 0.12058652192354202, -0.09191765636205673, 0.04407569020986557, -0.0005239854217506945, -0.009228643961250782, -0.9999573230743408, 0.699999988079071, 0.0, 0.0, -0.2768957316875458, -0.37882304191589355, 0.373445987701416, 0.3046444058418274, 0.4869624078273773, -0.3412720263004303, 0.5106151103973389, -0.5142816305160522, -0.09635567665100098, 0.33868008852005005, -0.41072291135787964, 0.10437780618667603, -0.21604984998703003, -0.787670373916626, 0.8079478740692139, -0.11802627891302109, 0.8325175046920776, -3.121018171310425, -0.6941511631011963, 0.23049946129322052, 0.6324558258056641, 2.3913776874542236, -2.9960856437683105, 1.522554874420166, -0.5352367758750916, -0.6875730156898499, 0.60102379322052, 0.490103155374527, 0.4972895085811615, -1.290183424949646, 1.0720211267471313, -0.23600304126739502, 0.49411875009536743, 0.9027633666992188, -1.1479151248931885, -0.3043549060821533, 1.0, 1.0, 1.0, 1.0, 1.0, 1.0, 1.0, 1.0, 1.0, 1.0, 1.0, 1.0]"
83,3.7608366255881265e-05,0.0,279.9098815917969,0.0,0.0,0.0,0.0,0.0,0.0,4.0851649828255177e-05,0.0,304.0488586425781,0.6719968318939209,0.04000185430049896,-0.03978021442890167,-0.2793967127799988,-0.3917994201183319,0.3824418783187866,0.30386221408843994,0.902206540107727,-0.8056877851486206,0.8896563649177551,-0.9057276248931885,-0.8816450834274292,1.1711806058883667,-1.242106318473816,0.9297639727592468,"[0.6719968318939209, 0.04000185430049896, -0.03978021442890167, 0.0022254218347370625, -0.10345359891653061, 0.03214437887072563, -0.00253011891618371, -0.009869850240647793, -0.9999484419822693, 0.699999988079071, 0.0, 0.0, -0.2793967127799988, -0.3917994201183319, 0.3824418783187866, 0.30386221408843994, 0.502206563949585, -0.40568777918815613, 0.48965635895729065, -0.5057276487350464, -0.08164507150650024, 0.37118059396743774, -0.44210630655288696, 0.12976396083831787, -0.0889507457613945, -0.5977288484573364, 0.20240670442581177, -0.01882641389966011, 0.7395133376121521, -3.2218613624572754, -1.2262595891952515, 0.43767714500427246, 0.7832155227661133, 1.2731168270111084, -0.7423746585845947, 1.248847484588623, -0.5019176602363586, -0.6948856115341187, 0.5359837412834167, 0.5279029607772827, 0.4316749572753906, -1.2861340045928955, 1.0485608577728271, -0.27022862434387207, 0.5129582285881042, 0.9016889333724976, -1.0159635543823242, -0.31670182943344116, 1.0, 1.0, 1.0, 1.0, 1.0, 1.0, 1.0, 1.0, 1.0, 1.0, 1.0, 1.0]"
84,3.868558269459754e-05,0.0,287.92730712890625,0.0,0.0,0.0,0.0,0.0,0.0,4.063394226250239e-05,0.0,302.42852783203125,0.6810507774353027,0.04093405604362488,-0.014777897857129574,-0.28112348914146423,-0.4015766978263855,0.37878724932670593,0.30314314365386963,0.9145017266273499,-0.8659364581108093,0.8630490899085999,-0.8935997486114502,-0.8622245192527771,1.188846230506897,-1.241981029510498,0.9505284428596497,"[0.6810507774353027, 0.04093405604362488, -0.014777897857129574, 0.009156030602753162, -0.10427137464284897, 0.015751181170344353, -0.004648714791983366, -0.010032190941274166, -0.9999388456344604, 0.699999988079071, 0.0, 0.0, -0.28112348914146423, -0.4015766978263855, 0.37878724932670593, 0.30314314365386963, 0.514501690864563, -0.46593645215034485, 0.4630490839481354, -0.4935997426509857, -0.062224507331848145, 0.388846218585968, -0.4419810175895691, 0.1505284309387207, -0.07740943133831024, -0.3909187614917755, -0.40580177307128906, -0.043307285755872726, 0.5691738128662109, -2.814267873764038, -1.3817050457000732, 0.6117734313011169, 1.0519587993621826, 0.6083561778068542, 0.48234623670578003, 1.027197241783142, -0.49246785044670105, -0.7194456458091736, 0.47872141003608704, 0.5865321159362793, 0.38624998927116394, -1.2505589723587036, 1.0090116262435913, -0.29540008306503296, 0.5315989255905151, 0.8680829405784607, -0.8745051026344299, -0.3360583782196045, 1.0, 1.0, 1.0, 1.0, 1.0, 1.0, 1.0, 1.0, 1.0, 1.0, 1.0, 1.0]"
85,3.831776120932773e-05,0.0,285.1897277832031,0.0,0.0,0.0,0.0,0.0,0.0,3.975447179982439e-05,0.0,295.8828125,0.6980198621749878,0.03999398648738861,0.012728823348879814,-0.2826029062271118,-0.40504559874534607,0.3646618127822876,0.30186939239501953,0.9234039187431335,-0.9126259684562683,0.8353739976882935,-0.8776527643203735,-0.8375450968742371,1.192141056060791,-1.2220427989959717,0.9662253856658936,"[0.6980198621749878, 0.03999398648738861, 0.012728823348879814, 0.012011955492198467, -0.08459420502185822, 0.0006299291853792965, -0.006546493154019117, -0.010327868163585663, -0.9999252557754517, 0.699999988079071, 0.0, 0.0, -0.2826029062271118, -0.40504559874534607, 0.3646618127822876, 0.30186939239501953, 0.5234038829803467, -0.5126259326934814, 0.435373991727829, -0.47765275835990906, -0.037545084953308105, 0.39214104413986206, -0.4220427870750427, 0.1662253737449646, -0.06142006069421768, -0.025694716721773148, -0.8768848776817322, -0.06433698534965515, 0.3962022066116333, -1.9998669624328613, -1.4036589860916138, 0.7977428436279297, 1.3101119995117188, -0.2540971338748932, 1.410499930381775, 0.7726866006851196, -0.5280908346176147, -0.7367035746574402, 0.43753597140312195, 0.6746411323547363, 0.3503117561340332, -1.206695318222046, 0.9397331476211548, -0.3023757040500641, 0.5454919338226318, 0.7603716850280762, -0.7163744568824768, -0.35610663890838623, 1.0, 1.0, 1.0, 1.0, 1.0, 1.0, 1.0, 1.0, 1.0, 1.0, 1.0, 1.0]"
86,3.745160938706249e-05,0.0,278.7431640625,0.0,0.0,0.0,0.0,0.0,0.0,3.878036659443751e-05,0.0,288.6327819824219,0.718244194984436,0.038196057081222534,0.040532320737838745,-0.2835211455821991,-0.40136396884918213,0.34300559759140015,0.30036699771881104,0.9291402101516724,-0.9410979747772217,0.8070134520530701,-0.8574948906898499,-0.8085236549377441,1.1725749969482422,-1.1826773881912231,0.9756361842155457,"[0.718244194984436, 0.038196057081222534, 0.040532320737838745, -0.016557924449443817, -0.03667471557855606, -0.010234296321868896, -0.007711425889283419, -0.01036759465932846, -0.9999164342880249, 0.699999988079071, 0.0, 0.0, -0.2835211455821991, -0.40136396884918213, 0.34300559759140015, 0.30036699771881104, 0.5291402339935303, -0.5410979986190796, 0.4070134460926056, -0.4574948847293854, -0.008523643016815186, 0.37257498502731323, -0.3826773762702942, 0.1756361722946167, -0.019128037616610527, 0.3316313326358795, -1.1906694173812866, -0.05832744762301445, 0.24548593163490295, -1.039417028427124, -1.4725316762924194, 1.0073590278625488, 1.5011531114578247, -1.688586711883545, 2.499589681625366, 0.44251763820648193, -0.5920395255088806, -0.7383829951286316, 0.4154745638370514, 0.7746250629425049, 0.31601661443710327, -1.1176353693008423, 0.8303027153015137, -0.3016480505466461, 0.5600878596305847, 0.5573922395706177, -0.4958391785621643, -0.4074305593967438, 1.0, 1.0, 1.0, 1.0, 1.0, 1.0, 1.0, 1.0, 1.0, 1.0, 1.0, 1.0]"
87,3.6009401810588315e-05,0.0,268.0091552734375,0.0,0.0,0.0,0.0,0.0,0.0,3.634754102677107e-05,0.0,270.5258483886719,0.7398563027381897,0.03409989923238754,0.06542834639549255,-0.2830132842063904,-0.3909759223461151,0.3178580105304718,0.29955706000328064,0.9323382377624512,-0.9498803615570068,0.7758180499076843,-0.8327213525772095,-0.7767685055732727,1.1213126182556152,-1.1192251443862915,0.9772747755050659,"[0.7398563027381897, 0.03409989923238754, 0.06542834639549255, -0.093397356569767, 0.03085530363023281, -0.016120778396725655, -0.007641933858394623, -0.009174454025924206, -0.9999286532402039, 0.699999988079071, 0.0, 0.0, -0.2830132842063904, -0.3909759223461151, 0.3178580105304718, 0.29955706000328064, 0.5323382616043091, -0.5498803853988647, 0.37581804394721985, -0.432721346616745, 0.02323150634765625, 0.3213126063346863, -0.31922513246536255, 0.17727476358413696, 0.06698457896709442, 0.669499397277832, -1.2738242149353027, -0.005076135043054819, 0.13707321882247925, -0.029299769550561905, -1.656653642654419, 1.2347029447555542, 1.606497049331665, -3.323188066482544, 3.743072271347046, 0.04877854138612747, -0.704642117023468, -0.6909383535385132, 0.4298540949821472, 0.8512585163116455, 0.29068470001220703, -0.9817548990249634, 0.688995361328125, -0.32999902963638306, 0.554618239402771, 0.28470292687416077, -0.1990358680486679, -0.46270230412483215, 1.0, 1.0, 1.0, 1.0, 1.0, 1.0, 1.0, 1.0, 1.0, 1.0, 1.0, 1.0]"
88,3.192000076523982e-05,0.0,237.57276916503906,0.0,0.0,0.0,0.0,0.0,0.0,3.205698885722086e-05,0.0,238.59231567382812,0.762753963470459,0.025831734761595726,0.07420201599597931,-0.28063616156578064,-0.3730345368385315,0.2945118844509125,0.3001319169998169,0.934077262878418,-0.9376013278961182,0.7402820587158203,-0.8039621114730835,-0.7441036105155945,1.0418950319290161,-1.0335637331008911,0.9715391397476196,"[0.762753963470459, 0.025831734761595726, 0.07420201599597931, -0.18633292615413666, 0.10836490988731384, -0.019059758633375168, -0.006117957644164562, -0.00623959768563509, -0.999961793422699, 0.699999988079071, 0.0, 0.0, -0.28063616156578064, -0.3730345368385315, 0.2945118844509125, 0.3001319169998169, 0.5340772867202759, -0.5376013517379761, 0.34028205275535583, -0.403962105512619, 0.05589640140533447, 0.24189502000808716, -0.23356372117996216, 0.17153912782669067, 0.16186285018920898, 1.0802353620529175, -1.0517795085906982, 0.07356036454439163, 0.12616802752017975, 1.0355427265167236, -1.854158878326416, 1.4363563060760498, 1.5599679946899414, -4.420830726623535, 4.597046852111816, -0.33032166957855225, -0.8202036023139954, -0.5848655104637146, 0.504814863204956, 0.8314074277877808, 0.3168167471885681, -0.808539867401123, 0.58014976978302, -0.45152920484542847, 0.4483843445777893, 0.026746384799480438, 0.08115871250629425, -0.43993282318115234, 1.0, 1.0, 1.0, 0.0, 1.0, 1.0, 1.0, 1.0, 1.0, 1.0, 1.0, 1.0]"
89,1.8669103155843914e-05,0.0,138.94956970214844,0.0,0.0,0.0,4.044857632834464e-05,0.0,301.04888916015625,1.918282578117214e-05,0.0,142.7730712890625,0.7930412292480469,0.005015903152525425,0.0504889115691185,-0.2755315899848938,-0.34325048327445984,0.28268665075302124,0.30346986651420593,0.9377917647361755,-0.9026409983634949,0.7053871154785156,-0.7731654047966003,-0.7156878709793091,0.9481595754623413,-0.9439411163330078,0.9606927633285522,"[0.7930412292480469, 0.005015903152525425, 0.0504889115691185, -0.4753202199935913, 0.14750178158283234, -0.008062937296926975, -0.0028425429482012987, -0.0005628238432109356, -0.9999957084655762, 0.699999988079071, 0.0, 0.0, -0.2755315899848938, -0.34325048327445984, 0.28268665075302124, 0.30346986651420593, 0.5377917289733887, -0.502640962600708, 0.30538710951805115, -0.37316539883613586, 0.08431214094161987, 0.14815956354141235, -0.14394110441207886, 0.1606927514076233, 0.4438703656196594, 2.0629818439483643, 0.2925836443901062, 0.37163758277893066, 0.3132586181163788, 2.384981632232666, -0.2833597660064697, 1.6445720195770264, 1.2997539043426514, -5.50746488571167, 2.209108352661133, -0.6454330682754517, -0.7599309682846069, -0.42318442463874817, 0.7230381965637207, 0.8220380544662476, 0.5755259990692139, -0.1042746901512146, 0.39571234583854675, -0.7674605846405029, 0.1886972337961197, -0.6123150587081909, 0.4605655074119568, -0.14374569058418274, 1.0, 1.0, 1.0, 1.0, 1.0, 1.0, 1.0, 1.0, 1.0, 1.0, 1.0, 1.0]"
90,0.0,0.0,0.0,2.7643302018987015e-05,0.0,205.74234008789062,4.3520722101675346e-05,0.0,323.9140930175781,1.859220901678782e-06,0.0,13.837726593017578,0.7680335640907288,0.02561347931623459,0.06360310316085815,-0.27035558223724365,-0.31956177949905396,0.2945808470249176,0.3150930106639862,0.9439353346824646,-0.8695340156555176,0.7279826998710632,-0.7405027151107788,-0.7275059223175049,0.913971483707428,-0.9404777884483337,0.9439563751220703,"[0.7680335640907288, 0.02561347931623459, 0.06360310316085815, -0.5722002387046814, 0.21631093323230743, 0.0725143551826477, 0.00036594539415091276, 0.012475415132939816, -0.9999220967292786, 0.699999988079071, 0.0, 0.0, -0.27035558223724365, -0.31956177949905396, 0.2945808470249176, 0.3150930106639862, 0.5439352989196777, -0.4695340096950531, 0.32798269391059875, -0.34050270915031433, 0.07249408960342407, 0.11397147178649902, -0.14047777652740479, 0.14395636320114136, -0.42293068766593933, 0.5612922310829163, 0.4687103033065796, 0.5497868657112122, 0.26168304681777954, 0.9263108372688293, 1.0253552198410034, 1.4600012302398682, -3.672370433807373, 0.30073675513267517, 0.20348894596099854, -0.679953396320343, -0.9936907887458801, -0.33921942114830017, 0.393066942691803, 0.7229095697402954, 0.7363889217376709, -0.3356054723262787, 0.4246236979961395, -1.2614864110946655, -0.47455042600631714, -0.5516479015350342, 0.4923391342163086, 0.15470361709594727, 1.0, 1.0, 1.0, 1.0, 1.0, 1.0, 1.0, 1.0, 1.0, 1.0, 1.0, 1.0]"
91,0.0,0.0,0.0,3.90615823562257e-05,0.0,290.72576904296875,3.603885852498934e-05,0.0,268.2284240722656,0.0,0.0,0.0,0.7186731696128845,0.038068611174821854,0.08628726750612259,-0.3014390766620636,-0.31557682156562805,0.29475101828575134,0.3300543427467346,0.933979868888855,-0.8458906412124634,0.7470880150794983,-0.7371599674224854,-0.8045475482940674,0.9098988175392151,-0.9364920258522034,0.952659010887146,"[0.7186731696128845, 0.038068611174821854, 0.08628726750612259, 0.1122148334980011, 0.201222226023674, 0.137482151389122, 0.0046855006366968155, 0.015328398905694485, -0.9998713135719299, 0.699999988079071, 0.0, 0.0, -0.3014390766620636, -0.31557682156562805, 0.29475101828575134, 0.3300543427467346, 0.5339798927307129, -0.4458906352519989, 0.3470880091190338, -0.3371599614620209, -0.004547536373138428, 0.10989880561828613, -0.13649201393127441, 0.15265899896621704, -2.013951301574707, -0.03400092571973801, -0.23688164353370667, 1.0281111001968384, -0.8599610328674316, 1.2054998874664307, 1.0748926401138306, -0.9381864070892334, -3.8797290325164795, -0.3099367022514343, 0.006090369075536728, 2.8189027309417725, -0.5107272267341614, -0.7574263215065002, 0.35138702392578125, 0.8499906063079834, 1.1591296195983887, -0.1644868552684784, 0.5242805480957031, -1.71066415309906, -1.1171441078186035, -0.37572622299194336, 0.529728353023529, 0.7315381765365601, 1.0, 1.0, 1.0, 1.0, 1.0, 1.0, 1.0, 1.0, 1.0, 1.0, 1.0, 1.0]"
92,0.0,0.0,0.0,3.132594429189339e-05,0.0,233.15133666992188,3.3949454518733546e-05,0.0,252.67745971679688,0.0,0.0,0.0,0.6895825266838074,0.02906852774322033,0.05912984535098076,-0.33574560284614563,-0.31754761934280396,0.2890663146972656,0.36316895484924316,0.9176519513130188,-0.820894181728363,0.7668896317481995,-0.783944308757782,-0.9225972294807434,0.9013097286224365,-0.9358628988265991,1.0290242433547974,"[0.6895825266838074, 0.02906852774322033, 0.05912984535098076, 0.1511223018169403, 0.21698914468288422, 0.10079938918352127, 0.009089025668799877, 0.011703366413712502, -0.9998902082443237, 0.699999988079071, 0.0, 0.0, -0.33574560284614563, -0.31754761934280396, 0.2890663146972656, 0.36316895484924316, 0.5176519155502319, -0.42089417576789856, 0.366889625787735, -0.3839443027973175, -0.12259721755981445, 0.10130971670150757, -0.13586288690567017, 0.2290242314338684, -1.311348795890808, -0.08363804966211319, -0.22292158007621765, 1.9780781269073486, -0.7432223558425903, 1.0915029048919678, 1.0440934896469116, -2.9398903846740723, -6.763802528381348, -0.2625059485435486, -0.07437215745449066, 3.432546377182007, -0.5300872325897217, -0.6800185441970825, 0.3710312843322754, 0.7758351564407349, 1.2709293365478516, -0.22676381468772888, 0.502265453338623, -1.5280805826187134, -1.2893997430801392, -0.3563377261161804, 0.5720091462135315, 0.8469691276550293, 1.0, 1.0, 1.0, 1.0, 1.0, 1.0, 1.0, 1.0, 1.0, 1.0, 1.0, 1.0]"
93,0.0,0.0,0.0,3.0702780350111425e-05,0.0,228.5132598876953,3.4049189707729965e-05,0.0,253.41978454589844,0.0,0.0,0.0,0.6854333281517029,0.032631952315568924,0.024141907691955566,-0.3501230776309967,-0.31981319189071655,0.2849881052970886,0.4048990309238434,0.9060704112052917,-0.7987461090087891,0.786920428276062,-0.8534145355224609,-1.0562368631362915,0.8985477089881897,-0.9346848726272583,1.0907535552978516,"[0.6854333281517029, 0.032631952315568924, 0.024141907691955566, 0.16820509731769562, 0.11324937641620636, 0.040000125765800476, 0.012230264022946358, 0.008827242068946362, -0.9998859167098999, 0.699999988079071, 0.0, 0.0, -0.3501230776309967, -0.31981319189071655, 0.2849881052970886, 0.4048990309238434, 0.5060703754425049, -0.3987461030483246, 0.38692042231559753, -0.45341452956199646, -0.25623685121536255, 0.09854769706726074, -0.13468486070632935, 0.2907535433769226, -0.48143693804740906, -0.16321660578250885, -0.2124512493610382, 1.9966156482696533, -0.4884527921676636, 0.9695090055465698, 1.0669225454330444, -3.6210451126098633, -6.312292575836182, 0.09201686084270477, 0.02953672781586647, 2.885446310043335, -0.5617127418518066, -0.5318517684936523, 0.46089062094688416, 0.7196918725967407, 1.260607123374939, -0.12948748469352722, 0.5349353551864624, -1.4411433935165405, -1.1324712038040161, -0.3438512682914734, 0.5323401689529419, 0.843598484992981, 1.0, 1.0, 1.0, 1.0, 1.0, 1.0, 1.0, 1.0, 1.0, 1.0, 1.0, 1.0]"
94,0.0,0.0,0.0,3.468301292741671e-05,0.0,258.1371765136719,3.379343979759142e-05,0.0,251.51629638671875,0.0,0.0,0.0,0.6998159289360046,0.044397883117198944,0.021068710833787918,-0.35445594787597656,-0.3237535357475281,0.2803865373134613,0.4339769184589386,0.8972877264022827,-0.777165412902832,0.8064343929290771,-0.9187220931053162,-1.146571397781372,0.9010441303253174,-0.9288298487663269,1.1250091791152954,"[0.6998159289360046, 0.044397883117198944, 0.021068710833787918, 0.14508196711540222, 0.0005730910925194621, 0.016448626294732094, 0.013053666800260544, 0.005573872942477465, -0.99989914894104, 0.699999988079071, 0.0, 0.0, -0.35445594787597656, -0.3237535357475281, 0.2803865373134613, 0.4339769184589386, 0.49728772044181824, -0.37716540694236755, 0.40643438696861267, -0.5187220573425293, -0.3465713858604431, 0.10104411840438843, -0.12882983684539795, 0.32500916719436646, -0.03163504600524902, -0.19320908188819885, -0.21374472975730896, 1.0643455982208252, -0.5131625533103943, 0.9801496267318726, 0.9826791882514954, -2.9200260639190674, -2.8080458641052246, 0.32089340686798096, 0.37500444054603577, 0.911206066608429, -0.5741229057312012, -0.4403931796550751, 0.4847278296947479, 0.6867512464523315, 1.1763983964920044, -0.073356032371521, 0.4561130702495575, -1.3904485702514648, -0.8880252838134766, -0.33875301480293274, 0.5035657286643982, 0.7694864869117737, 1.0, 1.0, 1.0, 1.0, 1.0, 1.0, 1.0, 1.0, 1.0, 1.0, 1.0, 1.0]"
95,0.0,0.0,0.0,3.54191470250953e-05,0.0,263.61602783203125,3.3750664442777634e-05,0.0,251.1979522705078,0.0,0.0,0.0,0.7181408405303955,0.05099301412701607,0.03200923651456833,-0.34913912415504456,-0.32582491636276245,0.2776636481285095,0.4432332217693329,0.8852752447128296,-0.7548550367355347,0.8225941061973572,-0.9636204838752747,-1.1581997871398926,0.9064707159996033,-0.9141620993614197,1.1286791563034058,"[0.7181408405303955, 0.05099301412701607, 0.03200923651456833, -0.03576350957155228, -0.0748915821313858, 0.01734127104282379, 0.012002869509160519, 0.004952374845743179, -0.999916136264801, 0.699999988079071, 0.0, 0.0, -0.34913912415504456, -0.32582491636276245, 0.2776636481285095, 0.4432332217693329, 0.4852752387523651, -0.3548550307750702, 0.4225941002368927, -0.5636204481124878, -0.3581997752189636, 0.10647070407867432, -0.11416208744049072, 0.3286791443824768, 0.45349884033203125, -0.043530046939849854, -0.0729389488697052, 0.08817508816719055, -0.6769066452980042, 0.993693470954895, 0.7885557413101196, -1.8039733171463013, 0.5434712171554565, 0.46740642189979553, 0.8248679041862488, -0.4436571002006531, -0.4666247069835663, -0.5549666285514832, 0.43590107560157776, 0.6527062654495239, 1.0865986347198486, -0.03832453489303589, 0.426241010427475, -1.367794156074524, -0.672187864780426, -0.29679813981056213, 0.4955604076385498, 0.6037842035293579, 1.0, 1.0, 1.0, 1.0, 1.0, 1.0, 1.0, 1.0, 1.0, 1.0, 1.0, 1.0]"
96,0.0,0.0,0.0,3.269050648668781e-05,0.0,243.3074493408203,3.2888816349441186e-05,0.0,244.78343200683594,0.0,0.0,0.0,0.7349533438682556,0.05773407593369484,0.034321945160627365,-0.3335976004600525,-0.32572779059410095,0.27708950638771057,0.4339514970779419,0.8694512844085693,-0.7315242886543274,0.835567057132721,-0.9877228736877441,-1.1284395456314087,0.9129520654678345,-0.8925395607948303,1.1016509532928467,"[0.7349533438682556, 0.05773407593369484, 0.034321945160627365, -0.10682770609855652, -0.10780216008424759, 0.00840807519853115, 0.009983138181269169, 0.007006139028817415, -0.9999258518218994, 0.699999988079071, 0.0, 0.0, -0.3335976004600525, -0.32572779059410095, 0.27708950638771057, 0.4339514970779419, 0.46945127844810486, -0.3315242826938629, 0.43556705117225647, -0.587722897529602, -0.32843953371047974, 0.11295205354690552, -0.09253954887390137, 0.3016509413719177, 0.9680783748626709, -0.00026495615020394325, -0.01096867024898529, -0.773543655872345, -0.8999108076095581, 1.047857403755188, 0.6616239547729492, -0.8794536590576172, 1.9791852235794067, 0.4724612236022949, 1.0632939338684082, -2.032893180847168, -0.3911980092525482, -0.6490193605422974, 0.3716641962528229, 0.6731194257736206, 0.9944055080413818, -0.0241488516330719, 0.42498108744621277, -1.3274883031845093, -0.5122992992401123, -0.279970645904541, 0.46623408794403076, 0.38443723320961, 1.0, 1.0, 1.0, 1.0, 1.0, 1.0, 1.0, 1.0, 1.0, 1.0, 1.0, 1.0]"
97,0.0,0.0,0.0,3.0328368666232564e-05,0.0,225.72662353515625,3.045788616873324e-05,0.0,226.6905975341797,0.0,0.0,0.0,0.7512934803962708,0.06422680616378784,0.021394159644842148,-0.3091993033885956,-0.3266790509223938,0.2758435904979706,0.41272270679473877,0.8487522602081299,-0.7066555023193359,0.8478785753250122,-0.9983211159706116,-1.0833061933517456,0.9183816313743591,-0.8691537380218506,1.0465483665466309,"[0.7512934803962708, 0.06422680616378784, 0.021394159644842148, -0.026583606377243996, -0.10479020327329636, -0.0006329972529783845, 0.007755483500659466, 0.008396121673285961, -0.9999345541000366, 0.699999988079071, 0.0, 0.0, -0.3091993033885956, -0.3266790509223938, 0.2758435904979706, 0.41272270679473877, 0.4487522542476654, -0.30665549635887146, 0.44787856936454773, -0.5983210802078247, -0.28330618143081665, 0.11838161945343018, -0.06915372610092163, 0.2465483546257019, 1.3455424308776855, -0.1017281636595726, -0.05964034050703049, -1.2207059860229492, -1.1499037742614746, 1.135377287864685, 0.6772037744522095, -0.288389652967453, 2.5758955478668213, 0.3849855661392212, 1.0212156772613525, -3.367027759552002, -0.37163981795310974, -0.6538431644439697, 0.35156896710395813, 0.6602959632873535, 0.9122565388679504, -0.037463992834091187, 0.45168712735176086, -1.1779736280441284, -0.2915780544281006, -0.2868179976940155, 0.3796554207801819, 0.15678086876869202, 1.0, 1.0, 1.0, 1.0, 1.0, 1.0, 1.0, 1.0, 1.0, 1.0, 1.0, 1.0]"
98,0.0,0.0,0.0,2.7532385502127e-05,0.0,204.91680908203125,2.4477507395204157e-05,0.0,182.1800994873047,0.0,0.0,0.0,0.7727175354957581,0.06997839361429214,-0.006205708719789982,-0.28105825185775757,-0.33000022172927856,0.2724968194961548,0.3853531777858734,0.82328861951828,-0.6803365349769592,0.8617010712623596,-0.9956037402153015,-1.0229997634887695,0.9215840101242065,-0.8481119871139526,0.9702215194702148,"[0.7727175354957581, 0.06997839361429214, -0.006205708719789982, 0.08637787401676178, -0.059894051402807236, 0.016010383144021034, 0.006122054997831583, 0.007544018793851137, -0.9999529719352722, 0.699999988079071, 0.0, 0.0, -0.28105825185775757, -0.33000022172927856, 0.2724968194961548, 0.3853531777858734, 0.42328861355781555, -0.28033652901649475, 0.46170106530189514, -0.5956037044525146, -0.22299975156784058, 0.12158399820327759, -0.04811197519302368, 0.1702215075492859, 1.4075031280517578, -0.210592120885849, -0.1129131019115448, -1.4771629571914673, -1.389182448387146, 1.2194324731826782, 0.827845573425293, 0.47811588644981384, 3.5359997749328613, 0.24475964903831482, 0.7675169706344604, -4.179895877838135, -0.4281505048274994, -0.5592665076255798, 0.401044636964798, 0.6060812473297119, 0.7642494440078735, -0.14681869745254517, 0.5146076679229736, -0.9281595945358276, 0.02725757658481598, -0.2786223292350769, 0.196859672665596, -0.06389100104570389, 1.0, 1.0, 1.0, 1.0, 1.0, 1.0, 1.0, 1.0, 1.0, 1.0, 1.0, 1.0]"
99,0.0,0.0,0.0,2.0048282749485224e-05,0.0,149.21446228027344,1.3893145478505176e-05,0.0,103.40328216552734,0.0,0.0,0.0,0.7948805093765259,0.0735943391919136,-0.06693236529827118,-0.2559492588043213,-0.33460965752601624,0.26783761382102966,0.35323792695999146,0.7921673059463501,-0.6544254422187805,0.8794143795967102,-0.9730930924415588,-0.9389603734016418,0.9233293533325195,-0.8342132568359375,0.8833315968513489,"[0.7948805093765259, 0.0735943391919136, -0.06693236529827118, 0.12197624891996384, 0.05667600408196449, 0.07527816295623779, 0.006278482731431723, 0.005089611746370792, -0.9999673366546631, 0.699999988079071, 0.0, 0.0, -0.2559492588043213, -0.33460965752601624, 0.26783761382102966, 0.35323792695999146, 0.3921672999858856, -0.25442543625831604, 0.4794143736362457, -0.573093056678772, -0.1389603614807129, 0.12332934141159058, -0.034213244915008545, 0.08333158493041992, 1.1531951427459717, -0.21916136145591736, -0.20231463015079498, -1.684135913848877, -1.7182053327560425, 1.189990758895874, 1.1323766708374023, 1.5919854640960693, 4.8209967613220215, 0.1646254062652588, 0.36861807107925415, -4.630931854248047, -0.5475425720214844, -0.46555963158607483, 0.5463250875473022, 0.5454286336898804, 0.5017175674438477, -0.39705348014831543, 0.6650745868682861, -0.6416651010513306, 0.4499337077140808, -0.14510908722877502, -0.14875827729701996, -0.32392579317092896, 1.0, 1.0, 1.0, 1.0, 1.0, 1.0, 1.0, 1.0, 1.0, 1.0, 1.0, 1.0]"
100,3.480123632471077e-05,0.0,259.01708984375,3.3263659133808687e-06,0.0,24.757328033447266,0.0,0.0,0.0,0.0,0.0,0.0,0.8039787411689758,0.05403169244527817,-0.11977510154247284,-0.2645001709461212,-0.34363433718681335,0.2657010555267334,0.31370437145233154,0.8095600605010986,-0.6291583180427551,0.8995190262794495,-0.9264447093009949,-0.9213747978210449,0.927582859992981,-0.8636831045150757,0.792306125164032,"[0.8039787411689758, 0.05403169244527817, -0.11977510154247284, 0.37948253750801086, -0.10753895342350006, 0.0639733299612999, 0.005787968635559082, -0.0018587883096188307, -0.9999810457229614, 0.699999988079071, 0.0, 0.0, -0.2645001709461212, -0.34363433718681335, 0.2657010555267334, 0.31370437145233154, 0.40956005454063416, -0.22915831208229065, 0.499519020318985, -0.526444673538208, -0.12137478590011597, 0.127582848072052, -0.06368309259414673, -0.007693886756896973, -0.5105018019676208, -0.3558526337146759, 0.3228033781051636, -1.9132359027862549, 1.2605849504470825, 1.2569589614868164, 0.9193698167800903, 2.7507622241973877, 0.3459213376045227, -0.08627128601074219, -3.4692962169647217, -4.4935760498046875, -0.7020158171653748, -0.5108038783073425, 0.8483534455299377, 0.551964282989502, 0.2643149197101593, -0.9148457050323486, 0.8301512002944946, -0.4456097483634949, 0.666694700717926, 0.26265349984169006, -0.7335535883903503, -0.4900476336479187, 1.0, 1.0, 1.0, 1.0, 1.0, 1.0, 1.0, 1.0, 1.0, 1.0, 1.0, 1.0]"
101,3.6018569517182186e-05,0.0,268.077392578125,0.0,0.0,0.0,3.7686986615881324e-05,0.0,280.4950256347656,4.670937414630316e-05,0.0,347.6464538574219,0.7347908616065979,0.030566878616809845,0.07952840626239777,-0.24621444940567017,-0.32328078150749207,0.2799646854400635,0.33260437846183777,0.8324611783027649,-0.6201671957969666,0.886808454990387,-0.9037876129150391,-0.9000977873802185,0.9613725543022156,-0.7879335284233093,0.8148679137229919,"[0.7347908616065979, 0.030566878616809845, 0.07952840626239777, -1.7793477773666382, -0.8692561388015747, 0.16709288954734802, -0.005490168463438749, 0.018895171582698822, -0.9998061656951904, 0.699999988079071, 0.0, 0.0, -0.24621444940567017, -0.32328078150749207, 0.2799646854400635, 0.33260437846183777, 0.4324611723423004, -0.22016718983650208, 0.4868084490299225, -0.503787636756897, -0.10009777545928955, 0.16137254238128662, -0.1860504150390625, 0.014867901802062988, 1.6547800302505493, 1.6768467426300049, 1.4015138149261475, 1.69209623336792, 1.0712686777114868, -0.07355865836143494, -1.219354271888733, 1.3378678560256958, 1.595474362373352, 2.4570813179016113, 4.968710422515869, 1.2827852964401245, -0.7470012903213501, -0.6006762385368347, 0.7063284516334534, 0.4031066298484802, 0.5313841104507446, -1.1447653770446777, 1.1765650510787964, -0.2806437015533447, 0.5512639284133911, 0.690427303314209, -1.1123011112213135, -0.5384460687637329, 1.0, 1.0, 1.0, 1.0, 1.0, 1.0, 1.0, 1.0, 1.0, 1.0, 1.0, 1.0]"
102,2.2692685888614506e-05,0.0,168.8961181640625,0.0,0.0,0.0,1.589984640304465e-05,0.0,118.33866882324219,4.400935358717106e-05,0.0,327.5508728027344,0.7013270854949951,0.07264930009841919,0.1386803835630417,-0.21837733685970306,-0.31019148230552673,0.3014318645000458,0.36069196462631226,0.8424860835075378,-0.6429769992828369,0.8556330800056458,-0.877248227596283,-0.8503944873809814,1.0309484004974365,-0.6759850382804871,0.8422957062721252,"[0.7013270854949951, 0.07264930009841919, 0.1386803835630417, -1.301246166229248, -1.052673101425171, 0.18392904102802277, -0.024667471647262573, 0.04912356287240982, -0.9984880089759827, 0.699999988079071, 0.0, 0.0, -0.21837733685970306, -0.31019148230552673, 0.3014318645000458, 0.36069196462631226, 0.44248607754707336, -0.24297699332237244, 0.4556330740451813, -0.4772482216358185, -0.05039447546005249, 0.23094838857650757, -0.07410192489624023, 0.04229569435119629, 1.1810381412506104, 0.03219100460410118, 0.8758618831634521, 1.1987392902374268, 0.2704051434993744, -1.6944202184677124, -1.8544378280639648, 1.4164249897003174, 2.906710624694824, 3.988663673400879, 5.930830478668213, 1.375142216682434, -0.8210245370864868, -0.5551972985267639, 0.6002039313316345, 0.1163942962884903, 0.48691707849502563, -1.1970279216766357, 1.1335591077804565, -0.2991243004798889, 0.5329574346542358, 0.9222198724746704, -1.162368893623352, -0.42991170287132263, 1.0, 1.0, 1.0, 1.0, 1.0, 1.0, 1.0, 1.0, 1.0, 1.0, 1.0, 1.0]"
103,1.7987789760809392e-05,0.0,133.87872314453125,0.0,0.0,0.0,0.0,0.0,0.0,4.155142596573569e-05,0.0,309.2571105957031,0.7008150815963745,0.11384762823581696,0.09248187392950058,-0.20732392370700836,-0.32759448885917664,0.30949464440345764,0.3736509084701538,0.8414279222488403,-0.6891852617263794,0.8296514749526978,-0.8553685545921326,-0.7850214838981628,1.1041799783706665,-0.6018811464309692,0.8772282004356384,"[0.7008150815963745, 0.11384762823581696, 0.09248187392950058, -0.327022910118103, -0.9131377935409546, 0.21043312549591064, -0.044334251433610916, 0.06366829574108124, -0.996985912322998, 0.699999988079071, 0.0, 0.0, -0.20732392370700836, -0.32759448885917664, 0.30949464440345764, 0.3736509084701538, 0.44142791628837585, -0.2891852557659149, 0.4296514689922333, -0.4553685486316681, 0.014978528022766113, 0.30417996644973755, 1.9669532775878906e-06, 0.07722818851470947, 0.13206148147583008, -1.3159905672073364, 0.224294513463974, 0.28873342275619507, -0.059766046702861786, -2.5516116619110107, -0.4954577386379242, 0.9914401173591614, 3.1461942195892334, 3.1545357704162598, -0.002248587319627404, 1.810360312461853, -0.687730610370636, -0.5511859059333801, 0.5312379598617554, 0.18191447854042053, 0.42562466859817505, -1.106937289237976, 1.1206237077713013, -0.32027652859687805, 0.6178178787231445, 0.9366085529327393, -1.2288386821746826, -0.4996461570262909, 1.0, 1.0, 1.0, 1.0, 1.0, 1.0, 1.0, 1.0, 1.0, 1.0, 1.0, 1.0]"
104,2.1180268959142268e-05,0.0,157.63955688476562,0.0,0.0,0.0,0.0,0.0,0.0,4.055958925164305e-05,0.0,301.8751220703125,0.7051980495452881,0.13041804730892181,0.047520287334918976,-0.20977023243904114,-0.35372841358184814,0.3076930046081543,0.3748784065246582,0.8382967710494995,-0.7428708076477051,0.8253189921379089,-0.8385854363441467,-0.7243489623069763,1.1530160903930664,-0.6018794775009155,0.9132630825042725,"[0.7051980495452881, 0.13041804730892181, 0.047520287334918976, 0.00015515281120315194, -0.676282525062561, 0.2181134968996048, -0.05918649584054947, 0.06576089560985565, -0.9960787296295166, 0.699999988079071, 0.0, 0.0, -0.20977023243904114, -0.35372841358184814, 0.3076930046081543, 0.3748784065246582, 0.43829676508903503, -0.3428708016872406, 0.42531898617744446, -0.43858543038368225, 0.07565104961395264, 0.35301607847213745, 3.635883331298828e-06, 0.1132630705833435, -0.24228331446647644, -1.2298049926757812, -0.1741470992565155, -0.028358079493045807, -0.04526280611753464, -2.7152042388916016, -0.126062273979187, 0.9159399271011353, 2.7548131942749023, 2.112516403198242, -0.0041860053315758705, 1.5960992574691772, -0.715785562992096, -0.6108054518699646, 0.6519209742546082, 0.11942359805107117, 0.3421478569507599, -1.2399389743804932, 1.0074331760406494, -0.3787483274936676, 0.5468740463256836, 0.9484062194824219, -1.1254338026046753, -0.44029098749160767, 1.0, 1.0, 1.0, 1.0, 1.0, 1.0, 1.0, 1.0, 1.0, 1.0, 1.0, 1.0]"
105,2.2849173547001556e-05,0.0,170.06082153320312,0.0,0.0,0.0,0.0,0.0,0.0,3.817776814685203e-05,0.0,284.1477966308594,0.7081785202026367,0.13694092631340027,0.016455020755529404,-0.2158077210187912,-0.37545421719551086,0.30691206455230713,0.37278029322624207,0.8365524411201477,-0.7978937029838562,0.8235090374946594,-0.8216820955276489,-0.6728158593177795,1.184195637702942,-0.6018792986869812,0.9423246383666992,"[0.7081785202026367, 0.13694092631340027, 0.016455020755529404, 0.10962527990341187, -0.44049403071403503, 0.18558065593242645, -0.06931663304567337, 0.06481608003377914, -0.9954871535301208, 0.699999988079071, 0.0, 0.0, -0.2158077210187912, -0.37545421719551086, 0.30691206455230713, 0.37278029322624207, 0.4365524351596832, -0.3978936970233917, 0.42350903153419495, -0.42168208956718445, 0.12718415260314941, 0.38419562578201294, 3.814697265625e-06, 0.14232462644577026, -0.3726319968700409, -1.0107996463775635, 0.07703493535518646, -0.16448716819286346, 0.05129523575305939, -2.7177395820617676, -0.06112195923924446, 0.9359463453292847, 2.26810884475708, 1.1696584224700928, -0.006157385651022196, 1.217869758605957, -0.6248407363891602, -0.6023178696632385, 0.64341801404953, 0.3006342649459839, 0.26981034874916077, -1.1715061664581299, 0.9893063306808472, -0.40840211510658264, 0.6108723878860474, 0.9235671758651733, -1.0362550020217896, -0.46804898977279663, 1.0, 1.0, 1.0, 1.0, 1.0, 1.0, 1.0, 1.0, 1.0, 1.0, 0.0, 1.0]"
106,3.2026109693106264e-05,0.0,238.3624725341797,0.0,0.0,0.0,0.0,0.0,0.0,3.8200869312277064e-05,0.0,284.3197021484375,0.7173304557800293,0.13904346525669098,0.0045089381746947765,-0.22329431772232056,-0.38938748836517334,0.3106803894042969,0.36881497502326965,0.8363118767738342,-0.846781849861145,0.8222028613090515,-0.8034482598304749,-0.6294128894805908,1.1937402486801147,-0.6018847823143005,0.9633169770240784,"[0.7173304557800293, 0.13904346525669098, 0.0045089381746947765, 0.18693919479846954, -0.24823807179927826, 0.15498937666416168, -0.07526162266731262, 0.06259923428297043, -0.9951969385147095, 0.699999988079071, 0.0, 0.0, -0.22329431772232056, -0.38938748836517334, 0.3106803894042969, 0.36881497502326965, 0.43631187081336975, -0.44678184390068054, 0.42220285534858704, -0.4034482538700104, 0.17058712244033813, 0.3937402367591858, -1.6689300537109375e-06, 0.16331696510314941, -0.4588439464569092, -0.4709708094596863, -0.02768523432314396, -0.27245068550109863, 0.04414486885070801, -2.100654125213623, -0.10898494720458984, 0.963915228843689, 2.0300583839416504, -0.2287907600402832, -0.013714844360947609, 0.8942450284957886, 0.031902700662612915, -0.5678582787513733, -0.18245472013950348, 0.5119522213935852, 0.027543962001800537, -0.9895024299621582, 1.000585913658142, -0.2947492301464081, 0.904500424861908, 0.7713169455528259, -1.4378840923309326, -0.4747946262359619, 1.0, 1.0, 1.0, 1.0, 1.0, 1.0, 1.0, 1.0, 1.0, 1.0, 0.0, 1.0]"
107,4.29897008871194e-05,0.0,319.9618225097656,0.0,0.0,0.0,0.0,0.0,0.0,3.9006612496450543e-05,0.0,290.3166809082031,0.7337246537208557,0.14407868683338165,0.026568572968244553,-0.23352357745170593,-0.3891181945800781,0.2902110815048218,0.36145487427711487,0.8327244520187378,-0.8732480406761169,0.8162475228309631,-0.782608151435852,-0.5841220617294312,1.1787402629852295,-0.6018891930580139,0.9775270223617554,"[0.7337246537208557, 0.14407868683338165, 0.026568572968244553, 0.32324570417404175, -0.1621498167514801, 0.1597764492034912, -0.07875261455774307, 0.0574679933488369, -0.995236337184906, 0.699999988079071, 0.0, 0.0, -0.23352357745170593, -0.3891181945800781, 0.2902110815048218, 0.36145487427711487, 0.4327244460582733, -0.47324803471565247, 0.41624751687049866, -0.3826081454753876, 0.2158779501914978, 0.37874025106430054, -6.079673767089844e-06, 0.17752701044082642, -0.6388834714889526, 0.22736519575119019, -1.7301456928253174, -0.4178310036659241, -0.25892773270606995, -0.8816205263137817, -0.38844725489616394, 1.0492717027664185, 2.395859956741333, -0.7422296404838562, -0.02133946120738983, 0.6773108243942261, 0.04157671332359314, -0.6930325031280518, -0.47922685742378235, 0.7343592643737793, -0.21985068917274475, -1.0207024812698364, 1.109684705734253, -0.2124364674091339, 0.9974693059921265, 0.7424699664115906, -1.9626262187957764, -0.5693472027778625, 1.0, 1.0, 1.0, 1.0, 1.0, 1.0, 1.0, 1.0, 1.0, 1.0, 0.0, 1.0]"
108,4.879701737081632e-05,0.0,363.1842956542969,0.0,0.0,0.0,0.0,0.0,0.0,3.85825005650986e-05,0.0,287.16009521484375,0.7538576126098633,0.14628866314888,0.06334108859300613,-0.24594062566757202,-0.38323232531547546,0.23269177973270416,0.35144495964050293,0.8222290873527527,-0.8804994821548462,0.8084020614624023,-0.7577460408210754,-0.5292389392852783,1.1606894731521606,-0.6018893718719482,0.9853740930557251,"[0.7538576126098633, 0.14628866314888, 0.06334108859300613, 0.4245705008506775, -0.11771729588508606, 0.18181009590625763, -0.08125133812427521, 0.04998195916414261, -0.9954395890235901, 0.699999988079071, 0.0, 0.0, -0.24594062566757202, -0.38323232531547546, 0.23269177973270416, 0.35144495964050293, 0.4222290813922882, -0.4804994761943817, 0.40840205550193787, -0.35774603486061096, 0.27076107263565063, 0.3606894612312317, -6.258487701416016e-06, 0.18537408113479614, -0.7027209401130676, 0.22902101278305054, -3.521484851837158, -0.5210410952568054, -0.6261903643608093, -0.11511947959661484, -0.357197642326355, 1.2266541719436646, 2.930647134780884, -1.2716656923294067, -0.02388928271830082, 0.39754995703697205, 0.22676262259483337, -0.8321244120597839, -0.839302659034729, 0.9210264682769775, -0.48693811893463135, -1.046492576599121, 1.139275074005127, -0.07557275891304016, 1.1525033712387085, 0.6085872054100037, -2.4810681343078613, -0.6748521327972412, 1.0, 1.0, 1.0, 1.0, 1.0, 1.0, 1.0, 1.0, 1.0, 1.0, 0.0, 1.0]"
109,5.324426820152439e-05,0.0,396.2840881347656,0.0,0.0,0.0,0.0,0.0,0.0,3.761928019230254e-05,0.0,279.9910888671875,0.7745460867881775,0.13784728944301605,0.10779258608818054,-0.25810566544532776,-0.3844621181488037,0.14657051861286163,0.34120526909828186,0.803821325302124,-0.8798447251319885,0.8033532500267029,-0.7273916602134705,-0.4625481069087982,1.1256591081619263,-0.6018877625465393,0.9848649501800537,"[0.7745460867881775, 0.13784728944301605, 0.10779258608818054, 0.3616117537021637, -0.08829602599143982, 0.20399002730846405, -0.08304621279239655, 0.042462460696697235, -0.9956404566764832, 0.699999988079071, 0.0, 0.0, -0.25810566544532776, -0.3844621181488037, 0.14657051861286163, 0.34120526909828186, 0.40382131934165955, -0.47984471917152405, 0.4033532440662384, -0.327391654253006, 0.33745190501213074, 0.3256590962409973, -4.649162292480469e-06, 0.18486493825912476, -0.5630684494972229, -0.21807445585727692, -4.705350875854492, -0.45990005135536194, -1.0300482511520386, 0.15682806074619293, -0.19664716720581055, 1.4973385334014893, 3.494650363922119, -2.468172550201416, -0.022424697875976562, -0.015492469072341919, 0.2529968321323395, -0.8874996900558472, -1.1639072895050049, 0.9991039037704468, -0.6774206161499023, -1.0031064748764038, 1.1303576231002808, 0.04723969101905823, 1.2739768028259277, 0.33746984601020813, -2.8013877868652344, -0.7721731662750244, 1.0, 1.0, 1.0, 1.0, 1.0, 1.0, 1.0, 1.0, 1.0, 1.0, 0.0, 1.0]"
110,5.585910184890963e-05,0.0,415.7456359863281,0.0,0.0,0.0,0.0,0.0,0.0,3.555087823770009e-05,0.0,264.59649658203125,0.7987402677536011,0.11520034819841385,0.16003668308258057,-0.2664315700531006,-0.3914565145969391,0.04367455095052719,0.33405864238739014,0.7758427858352661,-0.8719916939735413,0.7999085187911987,-0.6900553703308105,-0.38058072328567505,1.057430386543274,-0.601894199848175,0.9741601347923279,"[0.7987402677536011, 0.11520034819841385, 0.16003668308258057, 0.16189242899417877, -0.09584064036607742, 0.21457378566265106, -0.08466741442680359, 0.03799222409725189, -0.9956846237182617, 0.699999988079071, 0.0, 0.0, -0.2664315700531006, -0.3914565145969391, 0.04367455095052719, 0.33405864238739014, 0.37584277987480164, -0.4719916880130768, 0.39990851283073425, -0.29005536437034607, 0.4194192886352539, 0.25743037462234497, -1.1086463928222656e-05, 0.17416012287139893, -0.3329908847808838, -0.31816765666007996, -5.355901718139648, -0.2438202053308487, -1.534346342086792, 0.6763734817504883, -0.21959584951400757, 1.8529253005981445, 4.3322672843933105, -4.398290157318115, -0.03495170176029205, -0.5215280055999756, 0.2505674660205841, -0.8332023024559021, -1.3606352806091309, 1.010196566581726, -0.7997252941131592, -0.7945261001586914, 0.9418332576751709, 0.11752685904502869, 1.4424954652786255, -0.10503614693880081, -2.743399143218994, -0.847504734992981, 1.0, 1.0, 1.0, 1.0, 1.0, 1.0, 1.0, 1.0, 1.0, 1.0, 0.0, 1.0]"
111,4.862071727984585e-05,0.0,361.87213134765625,0.0,0.0,0.0,0.0,0.0,0.0,3.118434324278496e-05,0.0,232.09744262695312,0.8230031728744507,0.08207998424768448,0.2053404599428177,-0.26813188195228577,-0.39153897762298584,-0.06823302805423737,0.33240392804145813,0.7346382141113281,-0.8463824987411499,0.7894915342330933,-0.6452099680900574,-0.2751217484474182,0.9557245373725891,-0.601893961429596,0.9529455304145813,"[0.8230031728744507, 0.08207998424768448, 0.2053404599428177, -0.10782530903816223, -0.1317804753780365, 0.20526574552059174, -0.08680858463048935, 0.038752079010009766, -0.9954710006713867, 0.699999988079071, 0.0, 0.0, -0.26813188195228577, -0.39153897762298584, -0.06823302805423737, 0.33240392804145813, 0.33463820815086365, -0.4463824927806854, 0.3894915282726288, -0.2452099621295929, 0.5248782634735107, 0.15572452545166016, -1.0848045349121094e-05, 0.15294551849365234, -0.00740882009267807, 0.3415693938732147, -5.729977607727051, 0.04388173669576645, -2.243340492248535, 1.8548359870910645, -0.7747815251350403, 2.244497776031494, 5.611835479736328, -5.887880802154541, -0.03964187949895859, -1.0649304389953613, -0.14037594199180603, -0.5454170107841492, -1.31272292137146, 0.9865061044692993, -0.8542522192001343, -0.29895246028900146, 0.6868337392807007, 0.03306123614311218, 1.4712424278259277, -0.7291905879974365, -2.2768025398254395, -0.785720944404602, 1.0, 1.0, 1.0, 1.0, 1.0, 1.0, 1.0, 1.0, 1.0, 1.0, 0.0, 1.0]"
112,6.846077212685486e-06,0.0,50.95368194580078,5.029654494137503e-05,0.0,374.34490966796875,0.0,0.0,0.0,1.3486388525052462e-05,0.0,100.37589263916016,0.8471444845199585,0.0797748938202858,0.16434289515018463,-0.266849160194397,-0.3799551725387573,-0.18690362572669983,0.3354012966156006,0.7121206521987915,-0.8039268255233765,0.7625053524971008,-0.5960909128189087,-0.2511644661426544,0.896045446395874,-0.6018655896186829,0.9155349135398865,"[0.8471444845199585, 0.0797748938202858, 0.16434289515018463, -0.04890095442533493, 0.4422883093357086, 0.19726808369159698, -0.08364630490541458, 0.04501659423112869, -0.9954777956008911, 0.699999988079071, 0.0, 0.0, -0.266849160194397, -0.3799551725387573, -0.18690362572669983, 0.3354012966156006, 0.312120646238327, -0.403926819562912, 0.36250534653663635, -0.1960909068584442, 0.5488355159759521, 0.09604543447494507, 1.7523765563964844e-05, 0.11553490161895752, -0.41939234733581543, 0.15317083895206451, -6.3806562423706055, -0.18046928942203522, 0.10938360542058945, 1.5059140920639038, -1.709546446800232, 2.53352427482605, -4.490451335906982, -0.8666350841522217, 0.019387830048799515, -2.490290403366089, -1.8840560913085938, -0.1731564700603485, -0.807062029838562, 0.19491733610630035, -0.032719433307647705, 0.5998001098632812, 0.2560981214046478, -0.4623973071575165, -1.1635477542877197, -1.290818214416504, -1.6981713771820068, -0.08051995187997818, 1.0, 1.0, 1.0, 1.0, 1.0, 1.0, 1.0, 1.0, 1.0, 1.0, 0.0, 1.0]"
113,0.0,0.0,0.0,3.883141835103743e-05,0.0,289.01275634765625,0.0,0.0,0.0,0.0,0.0,0.0,0.8207123875617981,0.1085103303194046,0.12114238739013672,-0.30525511503219604,-0.38996103405952454,-0.3211917281150818,0.31402650475502014,0.710423469543457,-0.7607440948486328,0.7188953757286072,-0.5608587265014648,-0.3712926208972931,0.8515425324440002,-0.601882815361023,0.8802160024642944,"[0.8207123875617981, 0.1085103303194046, 0.12114238739013672, 1.033721685409546, 0.7528193593025208, 0.13350901007652283, -0.07002905756235123, 0.03149355202913284, -0.997047483921051, 0.699999988079071, 0.0, 0.0, -0.30525511503219604, -0.38996103405952454, -0.3211917281150818, 0.31402650475502014, 0.31042346358299255, -0.36074408888816833, 0.3188953697681427, -0.16085872054100037, 0.42870739102363586, 0.05154252052307129, 2.980232238769531e-07, 0.08021599054336548, -2.9287667274475098, -0.8312925100326538, -6.312038898468018, -1.629790186882019, -0.41285374760627747, 2.1802175045013428, -2.347670078277588, 1.0633190870285034, -6.994913578033447, -2.4678587913513184, 0.0008931832853704691, -0.4975414276123047, -1.7144591808319092, 0.07455762475728989, -0.03857402130961418, -0.7833340167999268, 0.300101637840271, 0.2859806716442108, 0.361716628074646, -1.0008926391601562, -2.507927656173706, -0.6145278811454773, -1.7257015705108643, 0.029729105532169342, 1.0, 1.0, 1.0, 1.0, 1.0, 1.0, 1.0, 1.0, 1.0, 1.0, 0.0, 1.0]"
114,0.0,0.0,0.0,4.017017636215314e-05,0.0,298.9767761230469,0.0,0.0,0.0,0.0,0.0,0.0,0.804964005947113,0.12130698561668396,0.08710171282291412,-0.3844672739505768,-0.40605828166007996,-0.3999170958995819,0.26547107100486755,0.6962248086929321,-0.7168878316879272,0.6747248768806458,-0.5587336421012878,-0.520151674747467,0.7995690703392029,-0.6018863320350647,0.8822606205940247,"[0.804964005947113, 0.12130698561668396, 0.08710171282291412, 0.7951129674911499, 0.8329169750213623, 0.04574510082602501, -0.05394381284713745, 0.012498034164309502, -0.998465359210968, 0.699999988079071, 0.0, 0.0, -0.3844672739505768, -0.40605828166007996, -0.3999170958995819, 0.26547107100486755, 0.29622480273246765, -0.31688782572746277, 0.2747248709201813, -0.15873363614082336, 0.2798483371734619, -0.0004309415817260742, -3.2186508178710938e-06, 0.0822606086730957, -4.349587440490723, -0.6856259703636169, -2.2594447135925293, -2.9072062969207764, -0.8498190641403198, 2.0071606636047363, -1.9802714586257935, -0.17806647717952728, -7.421328067779541, -2.4008889198303223, 0.0038791391998529434, -0.8256401419639587, -1.4673476219177246, -0.26556697487831116, 0.12331412732601166, -0.5080533027648926, 0.10788047313690186, 0.2549085319042206, 0.5746996998786926, -0.49896201491355896, -1.9921058416366577, -0.7975023984909058, -1.4717941284179688, 0.05844136327505112, 1.0, 1.0, 1.0, 1.0, 1.0, 1.0, 1.0, 1.0, 1.0, 1.0, 0.0, 1.0]"
115,0.0,0.0,0.0,3.221815495635383e-05,0.0,239.79183959960938,0.0,0.0,0.0,0.0,0.0,0.0,0.8158524036407471,0.09951357543468475,0.03745567798614502,-0.46803686022758484,-0.4128243625164032,-0.3917714059352875,0.19639287889003754,0.6694371104240417,-0.6788644790649414,0.6502759456634521,-0.5633679032325745,-0.6647706627845764,0.7539002299308777,-0.6018861532211304,0.8530845642089844,"[0.8158524036407471, 0.09951357543468475, 0.03745567798614502, 0.14087063074111938, 0.9174132943153381, 0.010541042312979698, -0.03645551577210426, 0.004223114810883999, -0.9993263483047485, 0.699999988079071, 0.0, 0.0, -0.46803686022758484, -0.4128243625164032, -0.3917714059352875, 0.19639287889003754, 0.26943710446357727, -0.27886447310447693, 0.25027593970298767, -0.16336789727210999, 0.13522934913635254, -0.04609978199005127, -3.039836883544922e-06, 0.05308455228805542, -3.59745717048645, -0.05432360619306564, 1.889630913734436, -3.5601019859313965, -1.9068753719329834, 1.6375634670257568, -0.6762425303459167, -0.1638781577348709, -6.747036933898926, -1.9961620569229126, 0.003364339005202055, -2.1491825580596924, -0.558201014995575, -0.6663768291473389, -0.13800464570522308, 0.016115128993988037, -0.2651499807834625, 0.20415183901786804, 1.0192697048187256, -0.6535496711730957, -0.7427178025245667, -0.6340594291687012, -1.7238402366638184, -0.26892852783203125, 1.0, 1.0, 1.0, 1.0, 1.0, 1.0, 1.0, 1.0, 1.0, 1.0, 0.0, 1.0]"
116,0.0,0.0,0.0,1.806608634069562e-05,0.0,134.46145629882812,0.0,0.0,0.0,0.0,0.0,0.0,0.8037098050117493,0.012625319883227348,-0.0449037067592144,-0.49261581897735596,-0.4019407033920288,-0.3170580267906189,0.14159150421619415,0.5974942445755005,-0.6527391076087952,0.6565535068511963,-0.5668214559555054,-0.7341307997703552,0.7211766839027405,-0.6018871068954468,0.7794387936592102,"[0.8037098050117493, 0.012625319883227348, -0.0449037067592144, -0.773883581161499, 1.0854880809783936, 0.01635248214006424, -0.015899857506155968, 0.013409524224698544, -0.9997837543487549, 0.699999988079071, 0.0, 0.0, -0.49261581897735596, -0.4019407033920288, -0.3170580267906189, 0.14159150421619415, 0.197494238615036, -0.2527391016483307, 0.2565535008907318, -0.1668214499950409, 0.06586921215057373, -0.07882332801818848, -3.993511199951172e-06, -0.02056121826171875, 0.5774173140525818, 0.8603283762931824, 4.518080234527588, -2.0171220302581787, -5.1990647315979, 0.9071678519248962, 0.8899708390235901, -0.2900720238685608, 2.5784566402435303, -1.1487795114517212, 0.002848416566848755, -4.466246604919434, 0.24411311745643616, -0.679347813129425, -0.49121013283729553, 0.5203585624694824, -0.9334348440170288, -0.25499120354652405, 1.2706507444381714, -0.6423929929733276, 0.901694118976593, -0.2889212965965271, -2.13187575340271, -0.5815097093582153, 1.0, 1.0, 1.0, 1.0, 1.0, 1.0, 1.0, 1.0, 1.0, 1.0, 0.0, 1.0]"
117,0.00015259423526003957,0.0,1135.7215576171875,0.0,0.0,0.0,0.0,0.0,0.0,0.0,0.0,0.0,0.8569343686103821,-0.009422334842383862,-0.0816434696316719,-0.4620040953159332,-0.38145720958709717,-0.2246720790863037,0.12236326932907104,0.5309582948684692,-0.6397311091423035,0.6925346255302429,-0.5786926746368408,-0.6685331463813782,0.709961473941803,-0.6017627716064453,0.6858562231063843,"[0.8569343686103821, -0.009422334842383862, -0.0816434696316719, -0.1696070432662964, 0.6085413694381714, -0.027380090206861496, 0.004584876354783773, 0.03179464116692543, -0.9994842410087585, 0.699999988079071, 0.0, 0.0, -0.4620040953159332, -0.38145720958709717, -0.2246720790863037, 0.12236326932907104, 0.13095828890800476, -0.239731103181839, 0.29253461956977844, -0.17869266867637634, 0.13146686553955078, -0.09003853797912598, 0.00012034177780151367, -0.11414378881454468, -0.5552489757537842, 0.26397037506103516, 3.90083384513855, -1.4906666278839111, 4.295936584472656, 1.0051908493041992, 2.4623360633850098, -0.45271027088165283, -6.872489929199219, -0.157653346657753, 0.012604322284460068, -4.386126518249512, 0.1266462504863739, -0.43152865767478943, -0.6853843331336975, 0.441798597574234, -0.8906511068344116, -0.6977801322937012, 1.2128777503967285, -0.3347363770008087, 0.9014822840690613, -0.22747647762298584, -2.3233981132507324, -0.6591688990592957, 1.0, 1.0, 1.0, 1.0, 1.0, 1.0, 1.0, 1.0, 1.0, 1.0, 0.0, 1.0]"
118,7.084512617439032e-05,0.0,527.282958984375,0.0,0.0,0.0,0.0,0.0,0.0,0.0,0.0,0.0,0.7753731608390808,-0.036924656480550766,-0.13034091889858246,-0.4650912284851074,-0.36757370829582214,-0.15442150831222534,0.1100054681301117,0.5894555449485779,-0.6317218542098999,0.7482364773750305,-0.5832705497741699,-0.732394814491272,0.7307649850845337,-0.6018731594085693,0.5915205478668213,"[0.7753731608390808, -0.036924656480550766, -0.13034091889858246, -0.1937248557806015, 0.19547808170318604, 0.15789128839969635, 0.01199816633015871, 0.036258019506931305, -0.9992707371711731, 0.699999988079071, 0.0, 0.0, -0.4650912284851074, -0.36757370829582214, -0.15442150831222534, 0.1100054681301117, 0.1894555389881134, -0.23172184824943542, 0.34823647141456604, -0.18327054381370544, 0.06760519742965698, -0.06923502683639526, 9.953975677490234e-06, -0.20847946405410767, -0.009219855070114136, 0.8634305596351624, 3.2303311824798584, -0.45107734203338623, 2.015810966491699, 0.02498679608106613, 2.8380496501922607, 0.15859778225421906, -1.5267372131347656, 2.0007200241088867, -0.021878182888031006, -5.4606547355651855, 0.1156182587146759, -0.6391538381576538, -0.2778457701206207, -0.15752319991588593, -0.4822169542312622, -0.5636591911315918, 0.9863110780715942, 0.02335900068283081, 0.868902325630188, 0.2814253866672516, -2.3908369541168213, -1.1024724245071411, 1.0, 1.0, 1.0, 1.0, 1.0, 1.0, 1.0, 1.0, 1.0, 1.0, 0.0, 1.0]"
119,5.584752943832427e-05,0.0,415.65948486328125,0.0,0.0,0.0,0.0,0.0,0.0,6.353110074996948e-05,0.0,472.8464660644531,0.7018467783927917,-0.028819778934121132,-0.12302841991186142,-0.47333794832229614,-0.35725343227386475,-0.10649380832910538,0.0880194753408432,0.6200480461120605,-0.6353655457496643,0.800740122795105,-0.5702248811721802,-0.7391892671585083,0.7919133901596069,-0.6018682718276978,0.5168583393096924,"[0.7018467783927917, -0.028819778934121132, -0.12302841991186142, 0.25028082728385925, -0.20780408382415771, 0.1682852804660797, 0.009496547281742096, 0.03064659610390663, -0.9994854927062988, 0.699999988079071, 0.0, 0.0, -0.47333794832229614, -0.35725343227386475, -0.10649380832910538, 0.0880194753408432, 0.22004804015159607, -0.23536553978919983, 0.4007401168346405, -0.1702248752117157, 0.060810744762420654, -0.008086621761322021, 1.4841556549072266e-05, -0.2831416726112366, -0.30754709243774414, 0.597665011882782, 2.3129515647888184, 0.5319435596466064, 1.4707825183868408, -0.3298410475254059, 2.3055880069732666, -0.7644906044006348, -0.10197547823190689, 3.4748241901397705, -0.0100483950227499, 3.873852014541626, -0.3439383804798126, -0.4317638576030731, -0.5403665900230408, 0.04656153917312622, -0.4034860134124756, -0.7887970209121704, 1.1958645582199097, 0.29951635003089905, 1.0756769180297852, 0.4758392870426178, -2.748689651489258, -0.8684929609298706, 1.0, 1.0, 1.0, 1.0, 1.0, 1.0, 1.0, 1.0, 1.0, 1.0, 0.0, 1.0]"
120,4.8007215809775516e-05,0.0,357.3059997558594,0.0,0.0,0.0,0.0,0.0,0.0,4.9356527597410604e-05,0.0,367.3485412597656,0.6743615865707397,0.03489469736814499,-0.06152021884918213,-0.4812988042831421,-0.3465999960899353,-0.07419141381978989,0.0833696573972702,0.640816867351532,-0.645172655582428,0.8388680815696716,-0.5728968977928162,-0.7287565469741821,0.867023229598999,-0.6018802523612976,0.5660423040390015,"[0.6743615865707397, 0.03489469736814499, -0.06152021884918213, 0.3292773962020874, -0.2217176854610443, 0.1284276843070984, 0.004564263392239809, 0.024206381291151047, -0.999696671962738, 0.699999988079071, 0.0, 0.0, -0.4812988042831421, -0.3465999960899353, -0.07419141381978989, 0.0833696573972702, 0.2408168613910675, -0.2451726496219635, 0.43886807560920715, -0.17289689183235168, 0.07124346494674683, 0.06702321767807007, 2.86102294921875e-06, -0.2339577078819275, -0.3988479971885681, 0.48804542422294617, 1.0947118997573853, -0.17796947062015533, 1.0424760580062866, -0.6134327054023743, 1.672762393951416, -0.027508238330483437, 0.5454563498497009, 3.747333288192749, -0.013506376184523106, 2.3983635902404785, -0.18339243531227112, -0.5522792339324951, -0.8618177175521851, 0.03593964874744415, -0.3794652819633484, -0.8828232288360596, 1.3795922994613647, 0.07431197166442871, 1.0476641654968262, 0.5481295585632324, -3.33445405960083, -0.7448462247848511, 1.0, 1.0, 1.0, 1.0, 1.0, 1.0, 1.0, 1.0, 1.0, 1.0, 0.0, 1.0]"
121,4.5686396333621815e-05,0.0,340.0326843261719,0.0,0.0,0.0,0.0,0.0,0.0,3.5927405406255275e-05,0.0,267.3988952636719,0.6537337899208069,0.09811481833457947,-0.03675385192036629,-0.494645357131958,-0.3423663377761841,-0.08217757940292358,0.07210098952054977,0.6532278060913086,-0.6623184680938721,0.8696324825286865,-0.5674504637718201,-0.7081607580184937,0.9302080273628235,-0.6018832921981812,0.599420964717865,"[0.6537337899208069, 0.09811481833457947, -0.03675385192036629, 0.635789155960083, -0.18711884319782257, 0.14130356907844543, 0.0007457121391780674, 0.01333313062787056, -0.9999111294746399, 0.699999988079071, 0.0, 0.0, -0.494645357131958, -0.3423663377761841, -0.08217757940292358, 0.07210098952054977, 0.2532278001308441, -0.2623184621334076, 0.46963247656822205, -0.1674504578113556, 0.0918392539024353, 0.13020801544189453, -1.7881393432617188e-07, -0.20057904720306396, -0.7538350224494934, 0.12891845405101776, -1.2524529695510864, -0.6561177968978882, 0.6218852996826172, -0.9513159990310669, 1.4808837175369263, 0.16921213269233704, 1.0763241052627563, 2.45969820022583, -0.014442654326558113, 1.8127696514129639, -0.2539161741733551, -0.46859362721443176, -1.0038338899612427, 0.1612476408481598, -0.38320744037628174, -0.8642585277557373, 1.3784269094467163, 0.2334311604499817, 1.1014673709869385, 0.46915438771247864, -3.615469217300415, -0.7567926049232483, 1.0, 1.0, 1.0, 1.0, 1.0, 1.0, 1.0, 1.0, 1.0, 1.0, 0.0, 1.0]"
122,4.666713721235283e-05,0.0,347.33209228515625,0.0,0.0,0.0,0.0,0.0,0.0,3.313258639536798e-05,0.0,246.59774780273438,0.6413863301277161,0.13107722997665405,-0.025665873661637306,-0.509024977684021,-0.33422520756721497,-0.12633362412452698,0.059877485036849976,0.6612159609794617,-0.6831774115562439,0.8978195786476135,-0.558251142501831,-0.6807558536529541,0.9578286409378052,-0.6018860340118408,0.6276280879974365,"[0.6413863301277161, 0.13107722997665405, -0.025665873661637306, 0.42063477635383606, -0.2414521723985672, 0.17746347188949585, -0.0036331010051071644, 0.002610716037452221, -0.9999900460243225, 0.699999988079071, 0.0, 0.0, -0.509024977684021, -0.33422520756721497, -0.12633362412452698, 0.059877485036849976, 0.2612159550189972, -0.2831774055957794, 0.49781957268714905, -0.15825113654136658, 0.11924415826797485, 0.15782862901687622, -2.9206275939941406e-06, -0.17237192392349243, -0.5942268371582031, 0.608657717704773, -2.656508207321167, -0.4902741611003876, 0.4763183891773224, -1.0439389944076538, 1.3343939781188965, 0.45301324129104614, 1.3379603624343872, 0.7997567653656006, -0.017366645857691765, 1.4062150716781616, -0.24268493056297302, -0.5390852093696594, -1.2333165407180786, 0.23487378656864166, -0.39844244718551636, -0.7710334062576294, 1.4352402687072754, 0.17447885870933533, 1.0978351831436157, 0.38662779331207275, -3.7864067554473877, -0.8005999326705933, 1.0, 1.0, 1.0, 1.0, 1.0, 1.0, 1.0, 1.0, 1.0, 1.0, 0.0, 1.0]"
123,4.651747440220788e-05,0.0,346.2181701660156,0.0,0.0,0.0,0.0,0.0,0.0,3.506105349515565e-05,0.0,260.95086669921875,0.6391737461090088,0.1644390970468521,-0.00016119382053148001,-0.5185709595680237,-0.318103551864624,-0.19358974695205688,0.05240732431411743,0.6666335463523865,-0.7011191248893738,0.9213759899139404,-0.5423237085342407,-0.6481711268424988,0.9584640264511108,-0.6018855571746826,0.6467925310134888,"[0.6391737461090088, 0.1644390970468521, -0.00016119382053148001, 0.15995237231254578, -0.2831757962703705, 0.17479847371578217, -0.009058332070708275, -0.0023298750165849924, -0.9999561905860901, 0.699999988079071, 0.0, 0.0, -0.5185709595680237, -0.318103551864624, -0.19358974695205688, 0.05240732431411743, 0.266633540391922, -0.3011191189289093, 0.5213760137557983, -0.14232370257377625, 0.15182888507843018, 0.15846401453018188, -2.4437904357910156e-06, -0.15320748090744019, -0.3671601116657257, 0.8939217925071716, -3.7657978534698486, -0.28990232944488525, 0.3144638240337372, -0.7140249609947205, 1.0630841255187988, 0.8061792850494385, 1.648714542388916, -0.6538901925086975, -0.01648690365254879, 0.9080905914306641, -0.3801058828830719, -0.45934489369392395, -1.3774173259735107, 0.24529962241649628, -0.40343016386032104, -0.7092793583869934, 1.4425655603408813, 0.23513096570968628, 1.2070369720458984, 0.23378196358680725, -3.774151563644409, -0.8232678174972534, 1.0, 1.0, 1.0, 1.0, 1.0, 1.0, 1.0, 1.0, 1.0, 1.0, 0.0, 1.0]"
124,4.6866247430443764e-05,0.0,348.81402587890625,0.0,0.0,0.0,0.0,0.0,0.0,2.9847211408196017e-05,0.0,222.14549255371094,0.6437509059906006,0.19301088154315948,0.03010023571550846,-0.5242075324058533,-0.29644957184791565,-0.2796443700790405,0.04799702763557434,0.6679868102073669,-0.7074862718582153,0.9390581250190735,-0.519568681716919,-0.6079820394515991,0.9275550246238708,-0.6018823981285095,0.6562948822975159,"[0.6437509059906006, 0.19301088154315948, 0.03010023571550846, -0.038410257548093796, -0.3428993821144104, 0.16216161847114563, -0.015322054736316204, -0.0029393623117357492, -0.9998781085014343, 0.699999988079071, 0.0, 0.0, -0.5242075324058533, -0.29644957184791565, -0.2796443700790405, 0.04799702763557434, 0.26798680424690247, -0.30748626589775085, 0.5390580892562866, -0.11956867575645447, 0.19201797246932983, 0.1275550127029419, 7.152557373046875e-07, -0.14370512962341309, -0.179546058177948, 1.2586400508880615, -4.552499771118164, -0.15008918941020966, 0.10246659070253372, 0.04441987723112106, 0.7592411041259766, 1.148526668548584, 2.0946133136749268, -2.4120943546295166, -0.012698318809270859, 0.4490354061126709, -0.5017248392105103, -0.34206947684288025, -1.483105182647705, 0.4049815237522125, -0.5753781199455261, -0.47316911816596985, 1.357238531112671, 0.056989699602127075, 1.4304587841033936, -0.011875413358211517, -3.5493741035461426, -0.71209716796875, 1.0, 1.0, 1.0, 1.0, 1.0, 1.0, 1.0, 1.0, 1.0, 1.0, 0.0, 1.0]"
125,4.754461406264454e-05,0.0,353.8629455566406,0.0,0.0,0.0,0.0,0.0,0.0,9.20679303817451e-06,0.0,68.52391052246094,0.6400775909423828,0.20073151588439941,0.03474018722772598,-0.5265299677848816,-0.263339102268219,-0.375705748796463,0.046240031719207764,0.6636125445365906,-0.6907860040664673,0.9494447708129883,-0.4937722384929657,-0.5547089576721191,0.8565206527709961,-0.6018804311752319,0.6652443408966064,"[0.6400775909423828, 0.20073151588439941, 0.03474018722772598, -0.096202053129673, -0.5590641498565674, 0.17409391701221466, -0.02431941032409668, -0.0004518331552390009, -0.9997045993804932, 0.699999988079071, 0.0, 0.0, -0.5265299677848816, -0.263339102268219, -0.375705748796463, 0.046240031719207764, 0.2636125385761261, -0.2907859981060028, 0.5494447946548462, -0.09377223253250122, 0.24529105424880981, 0.05652064085006714, 2.682209014892578e-06, -0.1347556710243225, -0.0883922427892685, 1.8785099983215332, -4.930520534515381, -0.12432032078504562, -0.21682614088058472, 1.54084312915802, 0.3643639087677002, 1.281557321548462, 2.938185930252075, -4.8184075355529785, -0.0099351666867733, 0.6668183207511902, -0.604664146900177, -0.3784199059009552, -1.4066178798675537, 0.8210564851760864, -0.8316702842712402, 0.19036433100700378, 1.1750162839889526, -0.501693844795227, 1.6335707902908325, -0.5324701070785522, -3.0865111351013184, -0.2517397701740265, 1.0, 1.0, 1.0, 1.0, 1.0, 1.0, 1.0, 1.0, 1.0, 1.0, 0.0, 1.0]"
126,4.388143861433491e-05,0.0,326.5988464355469,8.287311356980354e-05,0.0,616.8043212890625,0.0,0.0,0.0,0.0,0.0,0.0,0.595477283000946,0.18772386014461517,0.09048255532979965,-0.5301090478897095,-0.2462449073791504,-0.47080138325691223,0.058048855513334274,0.6486143469810486,-0.6525156497955322,0.9504583477973938,-0.4840182065963745,-0.47970205545425415,0.82381272315979,-0.6019051671028137,0.7049156427383423,"[0.595477283000946, 0.18772386014461517, 0.09048255532979965, 0.3598823845386505, -0.5670364499092102, 0.228647381067276, -0.037248022854328156, -0.00032927998108789325, -0.9993057250976562, 0.699999988079071, 0.0, 0.0, -0.5301090478897095, -0.2462449073791504, -0.47080138325691223, 0.058048855513334274, 0.2486143410205841, -0.25251564383506775, 0.5504583120346069, -0.08401820063591003, 0.3202979564666748, 0.023812711238861084, -2.205371856689453e-05, -0.09508436918258667, -0.49440762400627136, -0.5855766534805298, -4.773716926574707, 1.1979632377624512, -1.0604339838027954, 0.5317783355712891, -0.08794575929641724, -0.4885023534297943, 4.018918991088867, 1.3439570665359497, -0.010676179081201553, 3.6580686569213867, -0.49081793427467346, -0.5436468720436096, -1.0841540098190308, 0.5586172938346863, -0.5439921021461487, 0.961793065071106, 1.175506830215454, -1.4993559122085571, 0.8738349080085754, -1.1320996284484863, -2.4899041652679443, 0.6921408176422119, 1.0, 1.0, 1.0, 1.0, 1.0, 1.0, 1.0, 1.0, 1.0, 1.0, 0.0, 1.0]"
127,0.0,0.0,0.0,5.650543243973516e-05,0.0,420.5561218261719,0.0,0.0,0.0,0.0,0.0,0.0,0.585702121257782,0.1020466610789299,0.08220117539167404,-0.5214526653289795,-0.2512962520122528,-0.5341989398002625,0.11247455328702927,0.621711254119873,-0.6286511421203613,0.9515072107315063,-0.5311354994773865,-0.535712718963623,0.825314998626709,-0.6018918752670288,0.8258178234100342,"[0.585702121257782, 0.1020466610789299, 0.08220117539167404, 0.17540720105171204, -0.05221867561340332, 0.11672283709049225, -0.04263173043727875, -0.0027726541738957167, -0.9990867376327515, 0.699999988079071, 0.0, 0.0, -0.5214526653289795, -0.2512962520122528, -0.5341989398002625, 0.11247455328702927, 0.22171124815940857, -0.22865113615989685, 0.5515072345733643, -0.131135493516922, 0.2642872929573059, 0.02531498670578003, -8.761882781982422e-06, 0.025817811489105225, 1.1299275159835815, -0.24319085478782654, -2.3978350162506104, 2.9586639404296875, -1.830048680305481, 0.9385102987289429, 0.19780151546001434, -3.252995252609253, -6.546333312988281, -0.008500419557094574, 0.0014094538055360317, 6.217188835144043, -0.4965444505214691, -0.21202555298805237, -0.809377908706665, -0.5565247535705566, 0.2611469030380249, 1.106904149055481, 1.0699121952056885, -1.076540470123291, -1.710878849029541, -0.6769862174987793, -2.0178616046905518, 0.9788146018981934, 1.0, 1.0, 1.0, 1.0, 1.0, 1.0, 1.0, 1.0, 1.0, 1.0, 0.0, 1.0]"
128,0.0,0.0,0.0,5.0960319640580565e-05,0.0,379.2851867675781,0.0,0.0,0.0,0.0,0.0,0.0,0.6273137331008911,0.07552693039178848,0.05137716233730316,-0.4878759980201721,-0.26393046975135803,-0.5600000023841858,0.14568796753883362,0.5750142335891724,-0.5980034470558167,0.961526095867157,-0.6057338118553162,-0.6831099390983582,0.8043310642242432,-0.6018896698951721,0.9181021451950073,"[0.6273137331008911, 0.07552693039178848, 0.05137716233730316, 0.5960885286331177, 0.27130261063575745, -0.06056114286184311, -0.03965292498469353, -0.013685920275747776, -0.999119758605957, 0.699999988079071, 0.0, 0.0, -0.4878759980201721, -0.26393046975135803, -0.5600000023841858, 0.14568796753883362, 0.17501422762870789, -0.19800344109535217, 0.5615260601043701, -0.20573380589485168, 0.1168900728225708, 0.004331052303314209, -6.556510925292969e-06, 0.11810213327407837, 2.1212947368621826, -0.7246761322021484, -0.24371209740638733, 0.9778937101364136, -2.5204086303710938, 1.2700375318527222, 0.6965280175209045, -3.6412529945373535, -7.381324768066406, -0.6947872042655945, 0.005226841662079096, 2.533804416656494, -0.3105255663394928, 0.09893976897001266, -0.27461543679237366, 0.14103487133979797, -0.2189590334892273, 0.739402174949646, 1.0997167825698853, -0.8662426471710205, -0.3479003310203552, -0.7023634910583496, -2.0024116039276123, 0.09366967529058456, 1.0, 1.0, 1.0, 1.0, 1.0, 1.0, 1.0, 1.0, 1.0, 1.0, 0.0, 1.0]"
129,0.0,0.0,0.0,4.666822496801615e-05,0.0,347.3402099609375,0.0,0.0,0.0,0.0,0.0,0.0,0.6713680028915405,0.010138663463294506,0.057716306298971176,-0.412413090467453,-0.26414620876312256,-0.5084571242332458,0.16525642573833466,0.5066982507705688,-0.5676987171173096,0.981238067150116,-0.6607080698013306,-0.7140713930130005,0.7779554128646851,-0.6018903851509094,0.8835182785987854,"[0.6713680028915405, 0.010138663463294506, 0.057716306298971176, -0.3734038174152374, 0.49143731594085693, -0.047246769070625305, -0.0317382775247097, -0.013215895742177963, -0.9994089007377625, 0.699999988079071, 0.0, 0.0, -0.412413090467453, -0.26414620876312256, -0.5084571242332458, 0.16525642573833466, 0.10669824481010437, -0.1676987111568451, 0.5812380313873291, -0.2607080638408661, 0.08592861890792847, -0.022044599056243896, -7.271766662597656e-06, 0.08351826667785645, 4.746489524841309, 0.32014748454093933, 4.055823802947998, 1.1731674671173096, -4.061508655548096, 1.148236632347107, 1.1344512701034546, -2.1309571266174316, 2.9559812545776367, -0.7428431510925293, 0.007098847068846226, -3.804698944091797, 0.19361385703086853, -0.2566622793674469, -0.46564438939094543, 0.44419220089912415, 0.08069479465484619, 0.5666288137435913, 1.353493094444275, -0.3727457523345947, 0.9550910592079163, -0.771405041217804, -2.1343793869018555, -0.39924442768096924, 1.0, 1.0, 1.0, 1.0, 1.0, 1.0, 1.0, 1.0, 1.0, 1.0, 0.0, 1.0]"
130,2.5695570002426393e-05,0.0,191.245849609375,2.7949065042776056e-05,0.0,208.01806640625,0.0,0.0,0.0,0.0,0.0,0.0,0.7363231182098389,-0.022115139290690422,0.0031427100766450167,-0.30498772859573364,-0.24901187419891357,-0.40694984793663025,0.19625668227672577,0.4287238121032715,-0.5410605669021606,1.006670355796814,-0.6823346614837646,-0.6397660970687866,0.7502678036689758,-0.6017495393753052,0.7806651592254639,"[0.7363231182098389, -0.022115139290690422, 0.0031427100766450167, -0.5474542379379272, 0.7033734917640686, -0.014722095802426338, -0.018342075869441032, 0.0002769143902696669, -0.9998316764831543, 0.699999988079071, 0.0, 0.0, -0.30498772859573364, -0.24901187419891357, -0.40694984793663025, 0.19625668227672577, 0.028723806142807007, -0.14106056094169617, 0.6066703796386719, -0.28233465552330017, 0.16023391485214233, -0.049732208251953125, 0.0001335740089416504, -0.019334852695465088, 4.252991676330566, 0.6322275400161743, 5.052870750427246, 1.3937627077102661, -3.0277156829833984, 1.2482953071594238, 1.2985814809799194, -0.3486349284648895, 1.5059419870376587, -1.3074235916137695, 0.07893091440200806, -5.873300552368164, 0.05959931015968323, -0.27887383103370667, -0.5195798873901367, 0.5973497629165649, -0.32516729831695557, 0.07858514785766602, 1.3703891038894653, 0.06753334403038025, 1.1890283823013306, -0.5733875036239624, -2.3944990634918213, -0.6761689782142639, 1.0, 1.0, 1.0, 1.0, 1.0, 1.0, 1.0, 1.0, 1.0, 1.0, 0.0, 1.0]"
131,1.9530138160916977e-05,0.0,145.3580322265625,4.214384716760833e-07,0.0,3.1366634368896484,0.0,0.0,0.0,2.7223628421779722e-05,0.0,202.6188201904297,0.7481175661087036,0.010572344996035099,0.04165193438529968,-0.3046762943267822,-0.25378352403640747,-0.3197975158691406,0.20049479603767395,0.449419766664505,-0.5051820874214172,1.030962347984314,-0.6623021960258484,-0.6498638391494751,0.7247074842453003,-0.6018791794776917,0.6884247064590454,"[0.7481175661087036, 0.010572344996035099, 0.04165193438529968, 0.31972506642341614, -0.027950678020715714, -0.00641564279794693, -0.014461511746048927, -0.005875035189092159, -0.999878466129303, 0.699999988079071, 0.0, 0.0, -0.3046762943267822, -0.25378352403640747, -0.3197975158691406, 0.20049479603767395, 0.04941976070404053, -0.10518208146095276, 0.6309623718261719, -0.2623021900653839, 0.15013617277145386, -0.07529252767562866, 3.933906555175781e-06, -0.11157530546188354, -0.3470104932785034, -0.24707497656345367, 4.2946929931640625, -0.9835211634635925, 0.8842182159423828, 1.647929310798645, 1.0115907192230225, 1.49066960811615, 0.4132143557071686, -0.7703748345375061, 0.0028104688972234726, 0.2917337417602539, -0.11296543478965759, -0.43282395601272583, -0.5242784023284912, 0.6135400533676147, -0.08722841739654541, -0.6292237043380737, 1.351159930229187, 0.3580739200115204, 1.3307039737701416, 0.06943749636411667, -2.5887203216552734, -0.8910819888114929, 1.0, 1.0, 1.0, 1.0, 1.0, 1.0, 1.0, 1.0, 1.0, 1.0, 0.0, 1.0]"
132,3.759651735890657e-05,0.0,279.8216857910156,0.0,0.0,0.0,0.0,0.0,0.0,4.733070090878755e-05,0.0,352.2708435058594,0.6835677027702332,0.011129297316074371,0.08435475826263428,-0.2993195056915283,-0.25351524353027344,-0.23505721986293793,0.20442251861095428,0.4695967435836792,-0.497358113527298,1.03531813621521,-0.6377235054969788,-0.6434537172317505,0.772803544998169,-0.6018744111061096,0.6882360577583313,"[0.6835677027702332, 0.011129297316074371, 0.08435475826263428, -0.2351391613483429, -0.08308710157871246, -0.027355333790183067, -0.016103843227028847, -0.0012291878229007125, -0.9998692274093628, 0.699999988079071, 0.0, 0.0, -0.2993195056915283, -0.25351524353027344, -0.23505721986293793, 0.20442251861095428, 0.06959673762321472, -0.0973581075668335, 0.6353181600570679, -0.23772349953651428, 0.15654629468917847, -0.02719646692276001, 8.702278137207031e-06, -0.11176395416259766, 0.2606488764286041, -0.3116072416305542, 3.4584381580352783, 0.19006244838237762, 1.0869896411895752, -0.3886539340019226, -0.2615082561969757, 1.1997594833374023, 0.18039661645889282, 4.164310455322266, -0.0047134216874837875, -0.04904584214091301, -0.4557094871997833, -0.5042241215705872, -0.830808699131012, 0.2984253764152527, 0.10622799396514893, -0.8521978855133057, 1.480247139930725, 0.3541869819164276, 1.2195513248443604, 0.5451041460037231, -3.0859122276306152, -0.883898913860321, 1.0, 1.0, 1.0, 1.0, 1.0, 1.0, 1.0, 1.0, 1.0, 1.0, 0.0, 1.0]"
133,3.391780410311185e-05,0.0,252.44192504882812,0.0,0.0,0.0,0.0,0.0,0.0,4.8483536374988034e-05,0.0,360.85113525390625,0.6544933319091797,0.061062201857566833,0.09189730882644653,-0.30470848083496094,-0.27844250202178955,-0.2098522037267685,0.19711202383041382,0.48310205340385437,-0.5231373310089111,1.0222587585449219,-0.6146280169487,-0.6310232281684875,0.8601537942886353,-0.6018797159194946,0.6853160858154297,"[0.6544933319091797, 0.061062201857566833, 0.09189730882644653, 0.47121912240982056, 0.05883786082267761, -0.025829710066318512, -0.0158750768750906, -0.006689738482236862, -0.9998520016670227, 0.699999988079071, 0.0, 0.0, -0.30470848083496094, -0.27844250202178955, -0.2098522037267685, 0.19711202383041382, 0.08310204744338989, -0.12313732504844666, 0.6222587823867798, -0.21462801098823547, 0.1689767837524414, 0.0601537823677063, 3.3974647521972656e-06, -0.11468392610549927, -0.4926415681838989, -1.5720609426498413, 0.2865113914012909, -0.5650332570075989, 0.6397890448570251, -1.7192771434783936, -0.7381708025932312, 0.9494017958641052, 0.5916455984115601, 4.201875686645508, -0.0011963341385126114, 0.061048947274684906, -0.34938231110572815, -0.4070441424846649, -0.8330526351928711, 0.34835532307624817, 0.10048264265060425, -0.8721832036972046, 1.5675386190414429, 0.5016758441925049, 1.2037088871002197, 0.5884435176849365, -3.304276943206787, -0.8201135396957397, 1.0, 1.0, 1.0, 1.0, 1.0, 1.0, 1.0, 1.0, 1.0, 1.0, 0.0, 1.0]"
134,3.793996074819006e-05,0.0,282.3778381347656,0.0,0.0,0.0,0.0,0.0,0.0,4.052478107041679e-05,0.0,301.6160583496094,0.6551327109336853,0.06275224685668945,0.09594734013080597,-0.312387615442276,-0.30227339267730713,-0.21136027574539185,0.18814128637313843,0.49420979619026184,-0.5668973922729492,1.012160062789917,-0.5901210904121399,-0.6168020963668823,0.9384477734565735,-0.6018792986869812,0.6786121129989624,"[0.6551327109336853, 0.06275224685668945, 0.09594734013080597, 0.2209043651819229, 0.03637956455349922, 0.013960606418550014, -0.014823432080447674, -0.013467651791870594, -0.9997996091842651, 0.699999988079071, 0.0, 0.0, -0.312387615442276, -0.30227339267730713, -0.21136027574539185, 0.18814128637313843, 0.09420979022979736, -0.16689738631248474, 0.6121600866317749, -0.19012108445167542, 0.18319791555404663, 0.13844776153564453, 3.814697265625e-06, -0.12138789892196655, -0.2762564420700073, -0.9128480553627014, -0.21139834821224213, -0.3147513270378113, 0.6739842891693115, -2.3700459003448486, -0.37423619627952576, 1.1261323690414429, 0.5576271414756775, 3.5592052936553955, -0.0008733328431844711, -0.21111279726028442, -0.284373015165329, -0.5625824332237244, -1.0299019813537598, 0.45268943905830383, -0.06934398412704468, -0.8332463502883911, 1.5684609413146973, 0.33508846163749695, 1.1669373512268066, 0.6271771192550659, -3.458895206451416, -0.8178199529647827, 1.0, 1.0, 1.0, 1.0, 1.0, 1.0, 1.0, 1.0, 1.0, 1.0, 0.0, 1.0]"
135,4.0724709833739325e-05,0.0,303.1040954589844,0.0,0.0,0.0,0.0,0.0,0.0,3.7942456401651725e-05,0.0,282.39642333984375,0.6541222333908081,0.06918448954820633,0.09939845651388168,-0.318111389875412,-0.318229079246521,-0.23107081651687622,0.1815136969089508,0.5039550065994263,-0.6156909465789795,1.0072822570800781,-0.5637632012367249,-0.5989713072776794,0.9897064566612244,-0.6018794178962708,0.670676589012146,"[0.6541222333908081, 0.06918448954820633, 0.09939845651388168, 0.2628575563430786, -0.01919538341462612, 0.019776441156864166, -0.014822080731391907, -0.01798214018344879, -0.9997283816337585, 0.699999988079071, 0.0, 0.0, -0.318111389875412, -0.318229079246521, -0.23107081651687622, 0.1815136969089508, 0.10395500063896179, -0.21569094061851501, 0.607282280921936, -0.16376319527626038, 0.2010287046432495, 0.1897064447402954, 3.6954879760742188e-06, -0.12932342290878296, -0.314649760723114, -0.8376439809799194, -1.5170550346374512, -0.3510008156299591, 0.5529348850250244, -2.418470859527588, -0.20429553091526031, 1.1622298955917358, 0.842674970626831, 1.9920916557312012, -0.013679116033017635, -0.19301706552505493, -0.31319889426231384, -0.619344174861908, -1.1125409603118896, 0.42334774136543274, -0.06171494722366333, -0.8116151094436646, 1.593058705329895, 0.4224432408809662, 1.2101753950119019, 0.6112269163131714, -3.5408246517181396, -0.8404916524887085, 1.0, 1.0, 1.0, 1.0, 1.0, 1.0, 1.0, 1.0, 1.0, 1.0, 0.0, 1.0]"
136,4.004114089184441e-05,0.0,298.01641845703125,0.0,0.0,0.0,0.0,0.0,0.0,3.9099715650081635e-05,0.0,291.0096130371094,0.6616337299346924,0.07514107972383499,0.11147776991128922,-0.3245229125022888,-0.3358266055583954,-0.2747487425804138,0.17376524209976196,0.5102916955947876,-0.6614314913749695,1.0059237480163574,-0.5362570285797119,-0.573817789554596,1.0184459686279297,-0.601879894733429,0.6625261306762695,"[0.6616337299346924, 0.07514107972383499, 0.11147776991128922, 0.2553304433822632, -0.06673613935709, 0.009205005131661892, -0.01582929491996765, -0.023400023579597473, -0.9996011853218079, 0.699999988079071, 0.0, 0.0, -0.3245229125022888, -0.3358266055583954, -0.2747487425804138, 0.17376524209976196, 0.11029168963432312, -0.261431485414505, 0.6059237718582153, -0.13625702261924744, 0.226182222366333, 0.21844595670700073, 3.2186508178710938e-06, -0.13747388124465942, -0.2926974296569824, -0.8861392736434937, -2.4791195392608643, -0.35511860251426697, 0.37561944127082825, -2.1477320194244385, 0.023241927847266197, 1.2619227170944214, 1.224636435508728, 1.0339661836624146, -0.013028169982135296, -0.2702195942401886, -0.3483743965625763, -0.6765125393867493, -1.2836018800735474, 0.4638810157775879, -0.1287723183631897, -0.8082437515258789, 1.6346855163574219, 0.4304361045360565, 1.2693499326705933, 0.5554517507553101, -3.5823447704315186, -0.8706908226013184, 1.0, 1.0, 1.0, 1.0, 1.0, 1.0, 1.0, 1.0, 1.0, 1.0, 0.0, 1.0]"
137,3.958659362979233e-05,0.0,294.6333312988281,0.0,0.0,0.0,0.0,0.0,0.0,3.885400656145066e-05,0.0,289.18084716796875,0.6781373620033264,0.07683807611465454,0.12698540091514587,-0.32977497577667236,-0.3524405360221863,-0.33233049511909485,0.16665829718112946,0.5133568048477173,-0.6986442804336548,1.010940432548523,-0.5057923197746277,-0.5413695573806763,1.0274616479873657,-0.6018799543380737,0.6514197587966919,"[0.6781373620033264, 0.07683807611465454, 0.12698540091514587, 0.2115868180990219, -0.10434356331825256, 0.0029183311853557825, -0.01768346130847931, -0.027974100783467293, -0.9994523525238037, 0.699999988079071, 0.0, 0.0, -0.32977497577667236, -0.3524405360221863, -0.33233049511909485, 0.16665829718112946, 0.11335679888725281, -0.2986442744731903, 0.6109404563903809, -0.10579231381416321, 0.2586304545402527, 0.22746163606643677, 3.159046173095703e-06, -0.14858025312423706, -0.23434953391551971, -0.7856688499450684, -3.0809311866760254, -0.3183349370956421, 0.19664305448532104, -1.6389119625091553, 0.37336981296539307, 1.4174805879592896, 1.6095092296600342, -0.030432725325226784, -0.011672652326524258, -0.4314196705818176, -0.39990153908729553, -0.6806221008300781, -1.3937873840332031, 0.4391234815120697, -0.18203860521316528, -0.7737065553665161, 1.6447392702102661, 0.452679842710495, 1.3614225387573242, 0.44590574502944946, -3.5481109619140625, -0.9276564121246338, 1.0, 1.0, 1.0, 1.0, 1.0, 1.0, 1.0, 1.0, 1.0, 1.0, 0.0, 1.0]"
138,4.008051837445237e-05,0.0,298.3094787597656,0.0,0.0,0.0,0.0,0.0,0.0,3.794479926000349e-05,0.0,282.4138488769531,0.6981368064880371,0.07457597553730011,0.1458723098039627,-0.33369699120521545,-0.36480358242988586,-0.3993213176727295,0.16046598553657532,0.5125904679298401,-0.7236125469207764,1.0224368572235107,-0.4717811346054077,-0.5008125305175781,1.012607455253601,-0.6018800735473633,0.636340320110321,"[0.6981368064880371, 0.07457597553730011, 0.1458723098039627, 0.1408848762512207, -0.13924632966518402, -0.00019048195099458098, -0.02023826353251934, -0.03155280277132988, -0.999297022819519, 0.699999988079071, 0.0, 0.0, -0.33369699120521545, -0.36480358242988586, -0.3993213176727295, 0.16046598553657532, 0.11259046196937561, -0.3236125409603119, 0.6224368810653687, -0.07178112864494324, 0.29918748140335083, 0.21260744333267212, 3.039836883544922e-06, -0.1636596918106079, -0.14680302143096924, -0.47441211342811584, -3.4455008506774902, -0.24800226092338562, -0.006123535335063934, -0.9556723237037659, 0.6555911898612976, 1.6217414140701294, 2.0334084033966064, -1.4353641271591187, -0.011081947945058346, -0.6716068983078003, -0.4383746385574341, -0.6688162684440613, -1.512172818183899, 0.48507750034332275, -0.2752377986907959, -0.7307727336883545, 1.6100552082061768, 0.4837644398212433, 1.4813865423202515, 0.2596334218978882, -3.451525926589966, -0.9911739826202393, 1.0, 1.0, 1.0, 1.0, 1.0, 1.0, 1.0, 1.0, 1.0, 1.0, 0.0, 1.0]"
139,4.139589873375371e-05,0.0,308.09954833984375,0.0,0.0,0.0,0.0,0.0,0.0,3.558836397132836e-05,0.0,264.87548828125,0.7171377539634705,0.06842682510614395,0.17073817551136017,-0.33454737067222595,-0.36797553300857544,-0.46988701820373535,0.15700837969779968,0.5073873400688171,-0.733443558216095,1.0365720987319946,-0.4328305721282959,-0.450994074344635,0.9653400778770447,-0.6018805503845215,0.6150974631309509,"[0.7171377539634705, 0.06842682510614395, 0.17073817551136017, -0.027481772005558014, -0.18805232644081116, 0.0009510361705906689, -0.023631548509001732, -0.03238988295197487, -0.99919593334198, 0.699999988079071, 0.0, 0.0, -0.33454737067222595, -0.36797553300857544, -0.46988701820373535, 0.15700837969779968, 0.10738733410835266, -0.3334435522556305, 0.6365721225738525, -0.03283056616783142, 0.34900593757629395, 0.16534006595611572, 2.562999725341797e-06, -0.18490254878997803, 0.038870956748723984, 0.05698040500283241, -3.5432162284851074, -0.0740172415971756, -0.24455726146697998, -0.12618622183799744, 0.6723541021347046, 1.9102108478546143, 2.5340023040771484, -3.3057096004486084, -0.01122199185192585, -1.0382378101348877, -0.4385599195957184, -0.6607167720794678, -1.629450798034668, 0.5838944911956787, -0.4223717451095581, -0.5946894884109497, 1.5137256383895874, 0.4908822476863861, 1.6248958110809326, -0.05461839586496353, -3.2627670764923096, -1.0542486906051636, 1.0, 1.0, 1.0, 1.0, 1.0, 1.0, 1.0, 1.0, 1.0, 1.0, 0.0, 1.0]"
140,4.1146839066641405e-05,0.0,306.2458801269531,0.0,0.0,0.0,0.0,0.0,0.0,2.6205188987660222e-05,0.0,195.038818359375,0.7295359969139099,0.06105655059218407,0.18929071724414825,-0.3313181698322296,-0.36046794056892395,-0.5417142510414124,0.15740875899791718,0.4960870146751404,-0.7237322330474854,1.0460256338119507,-0.38901546597480774,-0.3884500563144684,0.8820188641548157,-0.6018824577331543,0.5882194638252258,"[0.7295359969139099, 0.06105655059218407, 0.18929071724414825, -0.18417783081531525, -0.28759080171585083, 0.0004636425292119384, -0.028460277244448662, -0.029507748782634735, -0.9991593360900879, 0.699999988079071, 0.0, 0.0, -0.3313181698322296, -0.36046794056892395, -0.5417142510414124, 0.15740875899791718, 0.0960870087146759, -0.3237322270870209, 0.6460256576538086, 0.010984539985656738, 0.41154995560646057, 0.08201885223388672, 6.556510925292969e-07, -0.21178054809570312, 0.2201019525527954, 0.5790848135948181, -3.608163595199585, 0.08151371777057648, -0.6123217344284058, 1.0395569801330566, 0.2909402847290039, 2.1453280448913574, 3.313760757446289, -5.268431663513184, -0.01248268410563469, -1.2108560800552368, -0.5088335275650024, -0.6459208130836487, -1.6116576194763184, 0.7460778951644897, -0.5869976282119751, -0.16171613335609436, 1.307482361793518, 0.2149626910686493, 1.5880699157714844, -0.6902109384536743, -2.8639347553253174, -0.9260607957839966, 1.0, 1.0, 1.0, 1.0, 1.0, 1.0, 1.0, 1.0, 1.0, 1.0, 0.0, 1.0]"
141,0.0,0.0,0.0,0.0,0.0,0.0,0.0,0.0,0.0,6.681955255771754e-07,0.0,4.973216533660889,0.7212658524513245,0.04103534296154976,0.113023541867733,-0.3251914381980896,-0.34075528383255005,-0.6091294884681702,0.16378653049468994,0.47905048727989197,-0.6839537024497986,1.0448150634765625,-0.3478150963783264,-0.3279334604740143,0.7618655562400818,-0.6018832921981812,0.567698061466217,"[0.7212658524513245, 0.04103534296154976, 0.113023541867733, -0.45370835065841675, -0.38449057936668396, 0.009480583481490612, -0.035892512649297714, -0.023345965892076492, -0.9990829825401306, 0.699999988079071, 0.0, 0.0, -0.3251914381980896, -0.34075528383255005, -0.6091294884681702, 0.16378653049468994, 0.07905048131942749, -0.2839536964893341, 0.6448150873184204, 0.05218490958213806, 0.4720665514469147, -0.03813445568084717, -1.7881393432617188e-07, -0.23230195045471191, 0.3273928761482239, 1.3662655353546143, -3.017716884613037, 0.7527865767478943, -0.7201662063598633, 2.5900254249572754, -0.25660011172294617, 1.6966601610183716, 0.48885172605514526, -6.443175315856934, 0.0002046295558102429, -0.7974268198013306, -1.2418982982635498, -0.41332635283470154, -1.202285885810852, 0.5389920473098755, -0.4651346206665039, 0.5021871328353882, 1.011975884437561, -0.6853656768798828, 0.27915364503860474, -1.2726422548294067, -2.448845386505127, -0.2448819875717163, 1.0, 1.0, 1.0, 1.0, 1.0, 1.0, 1.0, 1.0, 1.0, 1.0, 0.0, 1.0]"
142,0.0,0.0,0.0,0.0,0.0,0.0,0.0,0.0,0.0,0.0,0.0,0.0,0.6688166260719299,0.04517758637666702,-0.043580420315265656,-0.32192838191986084,-0.2925716042518616,-0.6108779311180115,0.2010439783334732,0.461256206035614,-0.6107265949249268,1.0418179035186768,-0.3500519394874573,-0.4271585941314697,0.6158651113510132,-0.6018831133842468,0.6300452351570129,"[0.6688166260719299, 0.04517758637666702, -0.043580420315265656, -0.7772345542907715, -0.4213962256908417, 0.00337025779299438, -0.044130049645900726, -0.002446188125759363, -0.9990227222442627, 0.699999988079071, 0.0, 0.0, -0.32192838191986084, -0.2925716042518616, -0.6108779311180115, 0.2010439783334732, 0.061256200075149536, -0.21072658896446228, 0.6418179273605347, 0.0499480664730072, 0.37284141778945923, -0.18413490056991577, 0.0, -0.16995477676391602, -0.6087470054626465, 2.269512414932251, 0.028401926159858704, 1.5192193984985352, -1.4623773097991943, 4.3213701248168945, -0.38305938243865967, -1.4520500898361206, -4.881683349609375, -7.452507019042969, 4.862436981056817e-06, 5.728994846343994, -1.2373263835906982, -0.07504693418741226, -0.6983663439750671, -0.07553744316101074, -0.40569204092025757, 0.6106225252151489, 0.9198968410491943, -1.3791424036026, -0.42392492294311523, -1.1135376691818237, -2.445369005203247, 0.425386518239975, 1.0, 1.0, 1.0, 1.0, 1.0, 1.0, 1.0, 1.0, 1.0, 1.0, 0.0, 1.0]"
143,0.0,0.0,0.0,5.376616172725335e-05,0.0,400.1683654785156,0.0,0.0,0.0,0.0,0.0,0.0,0.6001219153404236,0.09747321158647537,-0.0588005855679512,-0.3697357773780823,-0.29084864258766174,-0.6035178303718567,0.20224857330322266,0.4143158197402954,-0.5771352648735046,1.0306870937347412,-0.41548582911491394,-0.5408161878585815,0.5906445980072021,-0.6018801927566528,0.7382318377494812,"[0.6001219153404236, 0.09747321158647537, -0.0588005855679512, 0.5975721478462219, 0.15171098709106445, 0.014214832335710526, -0.04584483429789543, -0.005852838512510061, -0.9989311099052429, 0.699999988079071, 0.0, 0.0, -0.3697357773780823, -0.29084864258766174, -0.6035178303718567, 0.20224857330322266, 0.014315813779830933, -0.17713525891304016, 0.6306871175765991, -0.015485823154449463, 0.2591838240623474, -0.2093554139137268, 2.9206275939941406e-06, -0.061768174171447754, -3.167861223220825, -0.8108162879943848, 0.9348481297492981, -0.6645107269287109, -2.5873749256134033, 0.8269240856170654, -0.5206650495529175, -4.092391014099121, -6.921308517456055, 0.14138275384902954, 0.009902015328407288, 4.630868911743164, -0.9558075666427612, 0.10940506309270859, -0.32003477215766907, -0.14796900749206543, -0.1075257658958435, 0.6997108459472656, 1.2029410600662231, -0.8040460348129272, 0.07746216654777527, -1.2269892692565918, -2.2725894451141357, 0.5145032405853271, 1.0, 1.0, 1.0, 1.0, 1.0, 1.0, 1.0, 1.0, 1.0, 1.0, 0.0, 1.0]"
144,0.0,0.0,0.0,5.548446279135533e-05,0.0,412.957275390625,0.0,0.0,0.0,0.0,0.0,0.0,0.6297227144241333,0.04010923579335213,-0.04637067764997482,-0.4180413484573364,-0.2994876503944397,-0.5388837456703186,0.18654023110866547,0.3529927432537079,-0.5582128763198853,1.0282477140426636,-0.5022014379501343,-0.5859107971191406,0.5798607468605042,-0.6018844842910767,0.7978048324584961,"[0.6297227144241333, 0.04010923579335213, -0.04637067764997482, 0.018144309520721436, 0.4791368842124939, -0.003368062898516655, -0.03869505226612091, -0.013327760621905327, -0.9991621375083923, 0.699999988079071, 0.0, 0.0, -0.4180413484573364, -0.2994876503944397, -0.5388837456703186, 0.18654023110866547, -0.04700726270675659, -0.15821287035942078, 0.6282477378845215, -0.1022014319896698, 0.21408921480178833, -0.2201392650604248, -1.3709068298339844e-06, -0.0021951794624328613, -1.3489779233932495, -0.12819722294807434, 4.885577201843262, -0.5997658967971802, -3.3751397132873535, 0.7694914937019348, 0.15358589589595795, -3.9521896839141846, 2.218268871307373, -0.2712441384792328, 0.01270509883761406, 0.3114168643951416, 0.17702838778495789, -0.20604142546653748, -0.35173577070236206, 0.24901583790779114, 0.1521601676940918, 0.4440790116786957, 1.331870198249817, -0.28729718923568726, 1.0760587453842163, -0.7828279733657837, -2.0346150398254395, -0.3271220922470093, 1.0, 1.0, 1.0, 1.0, 1.0, 1.0, 1.0, 1.0, 1.0, 1.0, 0.0, 1.0]"
145,0.0,0.0,0.0,3.102247501374222e-05,0.0,230.89268493652344,0.0,0.0,0.0,0.0,0.0,0.0,0.6975657343864441,-0.039632562547922134,-0.12010252475738525,-0.4030422270298004,-0.2879296839237213,-0.4189807176589966,0.1842675507068634,0.2990618050098419,-0.5458896160125732,1.0319156646728516,-0.5571374297142029,-0.5065451860427856,0.5741758346557617,-0.6018894910812378,0.7350754737854004,"[0.6975657343864441, -0.039632562547922134, -0.12010252475738525, -0.8190359473228455, 0.7225964665412903, -0.13223333656787872, -0.026032302528619766, -0.001484864973463118, -0.9996600151062012, 0.699999988079071, 0.0, 0.0, -0.4030422270298004, -0.2879296839237213, -0.4189807176589966, 0.1842675507068634, -0.10093820095062256, -0.14588961005210876, 0.6319156885147095, -0.1571374237537384, 0.2934548258781433, -0.22582417726516724, -6.377696990966797e-06, -0.06492453813552856, 1.8681550025939941, 0.8125858306884766, 6.055495262145996, 0.1361597776412964, -2.320765256881714, 0.2566896378993988, 0.08866273611783981, -2.0485427379608154, 4.676178455352783, 0.18265663087368011, 0.0075647481717169285, -4.23571252822876, 0.2079414427280426, -0.47151580452919006, -0.5236114263534546, 0.47709494829177856, -0.31639647483825684, 0.21672692894935608, 1.3442708253860474, 0.04209676384925842, 1.3198375701904297, -0.7844883799552917, -2.2817280292510986, -0.6594765186309814, 1.0, 1.0, 1.0, 1.0, 1.0, 1.0, 1.0, 1.0, 1.0, 1.0, 0.0, 1.0]"
146,0.0001479970378568396,0.0,1101.5057373046875,1.580124990141485e-05,0.0,117.60484313964844,0.0,0.0,0.0,0.0,0.0,0.0,0.7565279603004456,-0.03325502946972847,-0.11659524589776993,-0.35959890484809875,-0.27237287163734436,-0.3086576759815216,0.18944989144802094,0.27221161127090454,-0.5410822033882141,1.0299335718154907,-0.5723134279251099,-0.43662822246551514,0.581142008304596,-0.6016901731491089,0.6305915117263794,"[0.7565279603004456, -0.03325502946972847, -0.11659524589776993, 0.06222514063119888, 0.3204066753387451, -0.19104361534118652, -0.011727547273039818, 0.014537201263010502, -0.9998258948326111, 0.699999988079071, 0.0, 0.0, -0.35959890484809875, -0.27237287163734436, -0.3086576759815216, 0.18944989144802094, -0.12778839468955994, -0.14108219742774963, 0.6299335956573486, -0.17231342196464539, 0.3633717894554138, -0.218858003616333, 0.00019294023513793945, -0.16940850019454956, -0.10129883885383606, -0.11147581040859222, 4.45091438293457, -0.7291852235794067, 2.3203659057617188, 0.679190993309021, -0.1828593611717224, 0.2569502592086792, -2.2810168266296387, 0.35375139117240906, -0.009638242423534393, -5.41284704208374, -0.033678025007247925, -0.3830372989177704, -0.46891260147094727, 0.6580569744110107, -0.3552265167236328, -0.24767649173736572, 1.3376924991607666, 0.5110294818878174, 1.4590119123458862, -0.6757785081863403, -2.377610445022583, -0.8487359881401062, 1.0, 1.0, 1.0, 1.0, 1.0, 1.0, 1.0, 1.0, 1.0, 1.0, 0.0, 1.0]"
147,4.6551780542358756e-05,0.0,346.4735412597656,1.986465122172376e-06,0.0,14.784773826599121,0.0,0.0,0.0,0.0,0.0,0.0,0.7019215226173401,-0.062137410044670105,-0.10685566067695618,-0.36627107858657837,-0.2811906635761261,-0.23475511372089386,0.17850825190544128,0.31862691044807434,-0.5258326530456543,1.019931435585022,-0.5409383177757263,-0.47350606322288513,0.5978839993476868,-0.6018443703651428,0.5218482613563538,"[0.7019215226173401, -0.062137410044670105, -0.10685566067695618, 0.39515483379364014, -0.28272977471351624, -0.05534949526190758, -0.013725364580750465, 0.005841453559696674, -0.9998892545700073, 0.699999988079071, 0.0, 0.0, -0.36627107858657837, -0.2811906635761261, -0.23475511372089386, 0.17850825190544128, -0.08137309551239014, -0.12583264708518982, 0.6199314594268799, -0.14093831181526184, 0.3264939486980438, -0.2021160125732422, 3.8743019104003906e-05, -0.2781517505645752, -0.19756624102592468, -0.3705311119556427, 3.4341354370117188, -0.107977494597435, 1.2601416110992432, 0.526837170124054, -0.7267680764198303, 2.2244396209716797, 0.21574541926383972, 1.434992790222168, 0.007878968492150307, -5.310456275939941, -0.36321821808815, -0.5311128497123718, -0.47551992535591125, 0.4504246115684509, 0.038355350494384766, -0.5192056894302368, 1.2454949617385864, 0.4176829755306244, 1.3290501832962036, 0.06060462445020676, -2.5021138191223145, -1.0556187629699707, 1.0, 1.0, 1.0, 1.0, 1.0, 1.0, 1.0, 1.0, 1.0, 1.0, 0.0, 1.0]"
148,3.4166474506491795e-05,0.0,254.29270935058594,0.0,0.0,0.0,0.0,0.0,0.0,6.446406041504815e-05,0.0,479.7902526855469,0.6450966000556946,-0.02907911129295826,-0.04498264566063881,-0.3642597496509552,-0.28639817237854004,-0.17442254722118378,0.17755737900733948,0.34617456793785095,-0.5303153395652771,0.9919225573539734,-0.5329752564430237,-0.4734804332256317,0.6630793809890747,-0.6018774509429932,0.5539947152137756,"[0.6450966000556946, -0.02907911129295826, -0.04498264566063881, -0.054267916828393936, -0.31141188740730286, -0.1057373583316803, -0.020629197359085083, 0.004408319015055895, -0.9997773170471191, 0.699999988079071, 0.0, 0.0, -0.3642597496509552, -0.28639817237854004, -0.17442254722118378, 0.17755737900733948, -0.053825438022613525, -0.13031533360481262, 0.5919225215911865, -0.1329752504825592, 0.32651957869529724, -0.13692063093185425, 5.662441253662109e-06, -0.24600529670715332, 0.2109479010105133, -0.33589014410972595, 2.52530574798584, 0.08901964873075485, 1.2151066064834595, -0.7531405687332153, -1.7095433473587036, 0.19767069816589355, 0.20894625782966614, 4.860896110534668, -0.00013800710439682007, 1.7704170942306519, -0.5353531837463379, -0.46071651577949524, -0.8010174036026001, 0.3535151779651642, 0.1954101324081421, -0.6397998332977295, 1.4730457067489624, 0.6886560916900635, 1.474723219871521, 0.4766954481601715, -2.8853065967559814, -0.9712544083595276, 1.0, 1.0, 1.0, 1.0, 1.0, 1.0, 1.0, 1.0, 1.0, 1.0, 0.0, 1.0]"
149,3.197557816747576e-05,0.0,237.9864044189453,0.0,0.0,0.0,0.0,0.0,0.0,5.294830407365225e-05,0.0,394.0812683105469,0.654697597026825,0.01962648704648018,-0.02137690968811512,-0.3646177649497986,-0.2991412580013275,-0.15226800739765167,0.1751238852739334,0.36829113960266113,-0.5533101558685303,0.958617627620697,-0.5219500064849854,-0.46920549869537354,0.7683262228965759,-0.6018786430358887,0.5758699774742126,"[0.654697597026825, 0.01962648704648018, -0.02137690968811512, 0.18411453068256378, -0.14416450262069702, -0.07809511572122574, -0.024817639961838722, 0.002158435760065913, -0.9996896982192993, 0.699999988079071, 0.0, 0.0, -0.3646177649497986, -0.2991412580013275, -0.15226800739765167, 0.1751238852739334, -0.031708866357803345, -0.1533101499080658, 0.5586175918579102, -0.12195000052452087, 0.3307945132255554, -0.03167378902435303, 4.470348358154297e-06, -0.2241300344467163, -0.13142305612564087, -0.6822376251220703, 0.32699036598205566, -0.22224648296833038, 1.0799599885940552, -1.2951743602752686, -1.5202281475067139, 0.4299503564834595, 0.15882658958435059, 4.902190685272217, -0.0005825124680995941, 1.1650104522705078, -0.41335389018058777, -0.3266458213329315, -0.9540227651596069, 0.32188233733177185, 0.029121041297912598, -0.8353605270385742, 1.5477629899978638, 0.35601142048835754, 1.3439801931381226, 0.46219196915626526, -3.1634204387664795, -0.9264196753501892, 1.0, 1.0, 1.0, 1.0, 1.0, 1.0, 1.0, 1.0, 1.0, 1.0, 0.0, 1.0]"
150,4.010713746538386e-05,0.0,298.50762939453125,0.0,0.0,0.0,0.0,0.0,0.0,4.118794095120393e-05,0.0,306.5517883300781,0.6618672013282776,0.035515617579221725,-0.03021739050745964,-0.36932137608528137,-0.3061940371990204,-0.16454236209392548,0.16985183954238892,0.38856634497642517,-0.5835866332054138,0.938755214214325,-0.5091935992240906,-0.4641401767730713,0.8519541621208191,-0.6018759608268738,0.5939765572547913,"[0.6618672013282776, 0.035515617579221725, -0.03021739050745964, 0.23026065528392792, -0.15488283336162567, -0.005398115608841181, -0.027611983940005302, -0.0026171659119427204, -0.9996151328086853, 0.699999988079071, 0.0, 0.0, -0.36932137608528137, -0.3061940371990204, -0.16454236209392548, 0.16985183954238892, -0.011433660984039307, -0.18358662724494934, 0.5387551784515381, -0.1091935932636261, 0.33585983514785767, 0.05195415019989014, 7.152557373046875e-06, -0.2060234546661377, -0.2500305771827698, -0.11675011366605759, -1.0510025024414062, -0.2474358081817627, 1.0941176414489746, -1.6173887252807617, -0.695722222328186, 0.4929214119911194, 0.16132980585098267, 3.708639621734619, -0.0013813413679599762, 1.1540729999542236, -0.3545001447200775, -0.46061959862709045, -1.0252277851104736, 0.38954588770866394, -0.035208940505981445, -0.729140043258667, 1.523563027381897, 0.3535859286785126, 1.3503003120422363, 0.4717133343219757, -3.3024632930755615, -0.9145455360412598, 1.0, 1.0, 1.0, 1.0, 1.0, 1.0, 1.0, 1.0, 1.0, 1.0, 0.0, 1.0]"
151,4.198225724394433e-05,0.0,312.4636535644531,0.0,0.0,0.0,0.0,0.0,0.0,4.1604092984925956e-05,0.0,309.64910888671875,0.6646413803100586,0.04771904647350311,-0.02577168308198452,-0.3745896518230438,-0.3036940395832062,-0.19851350784301758,0.1651667207479477,0.40634578466415405,-0.6162906885147095,0.9333418011665344,-0.4950818121433258,-0.45315200090408325,0.9046952724456787,-0.6018766760826111,0.6127400398254395,"[0.6646413803100586, 0.04771904647350311, -0.02577168308198452, 0.23189294338226318, -0.2197413295507431, 0.03005216084420681, -0.03154611960053444, -0.007069431245326996, -0.999477744102478, 0.699999988079071, 0.0, 0.0, -0.3745896518230438, -0.3036940395832062, -0.19851350784301758, 0.1651667207479477, 0.006345778703689575, -0.216290682554245, 0.5333417654037476, -0.09508180618286133, 0.3468480110168457, 0.10469526052474976, 6.4373016357421875e-06, -0.1872599720954895, -0.27269038558006287, 0.1559945046901703, -2.070136785507202, -0.24154958128929138, 0.9216489791870117, -1.585726022720337, -0.07177653908729553, 0.5792179703712463, 0.5620884895324707, 1.9926319122314453, -0.0019352361559867859, 1.1651065349578857, -0.37396642565727234, -0.5447397828102112, -1.1376683712005615, 0.3851941227912903, -0.08097821474075317, -0.7175858020782471, 1.5388013124465942, 0.3683722913265228, 1.3589380979537964, 0.44485658407211304, -3.396641492843628, -0.9168363213539124, 1.0, 1.0, 1.0, 1.0, 1.0, 1.0, 1.0, 1.0, 1.0, 1.0, 0.0, 1.0]"
152,4.060803621541709e-05,0.0,302.2356872558594,0.0,0.0,0.0,0.0,0.0,0.0,4.450661799637601e-05,0.0,331.25189208984375,0.6762807965278625,0.06670831143856049,-0.007956973277032375,-0.3805995583534241,-0.3029921054840088,-0.2510223388671875,0.1595921814441681,0.4196670353412628,-0.6456019878387451,0.9381666779518127,-0.4780683219432831,-0.43304863572120667,0.9333699345588684,-0.6018775701522827,0.6289636492729187,"[0.6762807965278625, 0.06670831143856049, -0.007956973277032375, 0.24580782651901245, -0.24483084678649902, 0.029734300449490547, -0.03631928935647011, -0.012003659270703793, -0.9992682933807373, 0.699999988079071, 0.0, 0.0, -0.3805995583534241, -0.3029921054840088, -0.2510223388671875, 0.1595921814441681, 0.01966702938079834, -0.24560198187828064, 0.5381666421890259, -0.0780683159828186, 0.3669513761997223, 0.13336992263793945, 5.543231964111328e-06, -0.17103636264801025, -0.29583343863487244, -0.05591105297207832, -2.8924832344055176, -0.28505465388298035, 0.6754851341247559, -1.3435825109481812, 0.4075448215007782, 0.7387847304344177, 1.0353312492370605, 1.0371544361114502, -0.0018790289759635925, 0.9877041578292847, -0.4264537990093231, -0.5634066462516785, -1.26975417137146, 0.3843369781970978, -0.11466622352600098, -0.7038587331771851, 1.585403323173523, 0.4146747887134552, 1.4205118417739868, 0.37906357645988464, -3.4419901371002197, -0.9529671669006348, 1.0, 1.0, 1.0, 1.0, 1.0, 1.0, 1.0, 1.0, 1.0, 1.0, 0.0, 1.0]"
153,4.1044866520678625e-05,0.0,305.4869079589844,0.0,0.0,0.0,0.0,0.0,0.0,4.469964551390149e-05,0.0,332.68853759765625,0.697117269039154,0.08132587373256683,0.017953995615243912,-0.38616377115249634,-0.30503174662590027,-0.3152689039707184,0.15397603809833527,0.42833247780799866,-0.6677966117858887,0.9527972936630249,-0.45618900656700134,-0.40397244691848755,0.9422590136528015,-0.6018778085708618,0.6388086080551147,"[0.697117269039154, 0.08132587373256683, 0.017953995615243912, 0.18324068188667297, -0.2577619254589081, 0.030849875882267952, -0.04139135405421257, -0.016330670565366745, -0.9990096092224121, 0.699999988079071, 0.0, 0.0, -0.38616377115249634, -0.30503174662590027, -0.3152689039707184, 0.15397603809833527, 0.02833247184753418, -0.2677966058254242, 0.5527973175048828, -0.056189000606536865, 0.3960275650024414, 0.14225900173187256, 5.304813385009766e-06, -0.1611914038658142, -0.24156175553798676, -0.09275703877210617, -3.334581136703491, -0.25166311860084534, 0.43235844373703003, -0.9296804666519165, 0.8983431458473206, 1.0019925832748413, 1.5002332925796509, -0.037775009870529175, -0.00185471773147583, 0.6370986700057983, -0.4835684895515442, -0.5315120816230774, -1.368849515914917, 0.3719801902770996, -0.1934340000152588, -0.686548113822937, 1.6009329557418823, 0.4003656804561615, 1.4871265888214111, 0.2678426206111908, -3.419363021850586, -0.9955825805664062, 1.0, 1.0, 1.0, 1.0, 1.0, 1.0, 1.0, 1.0, 1.0, 1.0, 0.0, 1.0]"
154,4.2290150304324925e-05,0.0,314.7552795410156,0.0,0.0,0.0,0.0,0.0,0.0,4.211797204334289e-05,0.0,313.4737854003906,0.7177647352218628,0.08930252492427826,0.047421641647815704,-0.3898533284664154,-0.30405762791633606,-0.3846606910228729,0.14989542961120605,0.4315590560436249,-0.6806029081344604,0.9759923815727234,-0.42853596806526184,-0.36434122920036316,0.9280598759651184,-0.6018778681755066,0.6410655975341797,"[0.7177647352218628, 0.08930252492427826, 0.047421641647815704, 0.07020166516304016, -0.2901681959629059, 0.038921136409044266, -0.04693497344851494, -0.018694400787353516, -0.998723030090332, 0.699999988079071, 0.0, 0.0, -0.3898533284664154, -0.30405762791633606, -0.3846606910228729, 0.14989542961120605, 0.0315590500831604, -0.28060290217399597, 0.5759923458099365, -0.028535962104797363, 0.4356587827205658, 0.12805986404418945, 5.245208740234375e-06, -0.15893441438674927, -0.12911181151866913, 0.1698811799287796, -3.493037223815918, -0.15392276644706726, 0.14217379689216614, -0.4043146073818207, 1.2705053091049194, 1.317279577255249, 2.0724000930786133, -1.359475016593933, -0.0023358389735221863, 0.22963306307792664, -0.5258951187133789, -0.4863620400428772, -1.455074429512024, 0.40385302901268005, -0.3119407892227173, -0.6115760803222656, 1.5949504375457764, 0.3723507821559906, 1.5880024433135986, 0.10013974457979202, -3.345386028289795, -1.0500532388687134, 1.0, 1.0, 1.0, 1.0, 1.0, 1.0, 1.0, 1.0, 1.0, 1.0, 0.0, 1.0]"
155,4.2829426092794165e-05,0.0,318.7689514160156,0.0,0.0,0.0,0.0,0.0,0.0,3.591395579860546e-05,0.0,267.2987976074219,0.7345111966133118,0.09146714210510254,0.07560526579618454,-0.39049065113067627,-0.29475831985473633,-0.4541511535644531,0.14863525331020355,0.42785099148750305,-0.6801894903182983,1.0036160945892334,-0.39497989416122437,-0.31119489669799805,0.8824455738067627,-0.6018786430358887,0.6358845233917236,"[0.7345111966133118, 0.09146714210510254, 0.07560526579618454, -0.08480391651391983, -0.3504239022731781, 0.04794025421142578, -0.053386759012937546, -0.018038492649793625, -0.9984113574028015, 0.699999988079071, 0.0, 0.0, -0.39049065113067627, -0.29475831985473633, -0.4541511535644531, 0.14863525331020355, 0.027850985527038574, -0.28018948435783386, 0.6036161184310913, 0.005020111799240112, 0.4888051152229309, 0.08244556188583374, 4.470348358154297e-06, -0.16411548852920532, 0.03470568731427193, 0.6711315512657166, -3.425248384475708, -0.002220417372882366, -0.23616459965705872, 0.40945714712142944, 1.3947596549987793, 1.6524405479431152, 2.826376438140869, -3.2712762355804443, -0.01601921021938324, -0.18137259781360626, -0.5756432414054871, -0.4255164861679077, -1.5041377544403076, 0.5286595821380615, -0.49207329750061035, -0.3766455054283142, 1.5238525867462158, 0.25082919001579285, 1.717612624168396, -0.21432426571846008, -3.1644580364227295, -1.0347954034805298, 1.0, 1.0, 1.0, 1.0, 1.0, 1.0, 1.0, 1.0, 1.0, 1.0, 0.0, 1.0]"
156,3.57614662789274e-05,0.0,266.163818359375,0.0,0.0,0.0,0.0,0.0,0.0,1.4201006706571206e-05,0.0,105.69461822509766,0.7396752238273621,0.08521809428930283,0.07064178586006165,-0.3877297341823578,-0.27401015162467957,-0.5196130871772766,0.15087634325027466,0.4149872660636902,-0.6574692726135254,1.029877781867981,-0.3580091595649719,-0.23942478001117706,0.7995284795761108,-0.6018812656402588,0.6286692023277283,"[0.7396752238273621, 0.08521809428930283, 0.07064178586006165, -0.20148572325706482, -0.4897240698337555, 0.05478857457637787, -0.06179806590080261, -0.01412014290690422, -0.9979885220527649, 0.699999988079071, 0.0, 0.0, -0.3877297341823578, -0.27401015162467957, -0.5196130871772766, 0.15087634325027466, 0.014987260103225708, -0.2574692666530609, 0.6298778057098389, 0.041990846395492554, 0.5605752468109131, -0.00047153234481811523, 1.8477439880371094e-06, -0.17133080959320068, 0.17215657234191895, 1.2440122365951538, -3.155346632003784, 0.13767682015895844, -0.7209081649780273, 1.789099097251892, 1.2526235580444336, 1.859420895576477, 3.86291766166687, -5.2942962646484375, -0.017772994935512543, -0.2665799856185913, -0.6387909650802612, -0.4465816617012024, -1.3495101928710938, 0.6851153373718262, -0.6263318061828613, 0.2579188048839569, 1.4004755020141602, -0.2930015027523041, 1.5036382675170898, -0.9088847041130066, -2.762500047683716, -0.6374645829200745, 1.0, 1.0, 1.0, 1.0, 1.0, 1.0, 1.0, 1.0, 1.0, 1.0, 0.0, 1.0]"
157,0.0,0.0,0.0,0.0,0.0,0.0,0.0,0.0,0.0,1.9452950539289304e-07,0.0,1.4478355646133423,0.7161048650741577,0.06378358602523804,-0.08301559835672379,-0.3782428205013275,-0.23905090987682343,-0.5692672729492188,0.16396279633045197,0.4011232554912567,-0.601702094078064,1.0519498586654663,-0.3342142701148987,-0.25034087896347046,0.6691361665725708,-0.6018832921981812,0.6326043009757996,"[0.7161048650741577, 0.06378358602523804, -0.08301559835672379, -0.7194480895996094, -0.38776177167892456, -0.016439856961369514, -0.07083577662706375, -0.003563142381608486, -0.9974818825721741, 0.699999988079071, 0.0, 0.0, -0.3782428205013275, -0.23905090987682343, -0.5692672729492188, 0.16396279633045197, 0.0011232495307922363, -0.2017020881175995, 0.6519498825073242, 0.0657857358455658, 0.5496591329574585, -0.13086384534835815, -1.7881393432617188e-07, -0.1673957109451294, 0.5705652236938477, 1.9425948858261108, -1.9990851879119873, 1.0715060234069824, -0.4031907320022583, 3.3513262271881104, 1.0105078220367432, 0.3051064610481262, -6.182909965515137, -6.884880542755127, 0.000208548444788903, 0.7388942837715149, -1.0370564460754395, -0.4303379952907562, -0.8834413886070251, 0.19710153341293335, -0.3281068205833435, 0.7753193378448486, 1.2143316268920898, -1.2242597341537476, -0.10105694830417633, -1.1187325716018677, -2.389793634414673, 0.17503705620765686, 1.0, 1.0, 1.0, 1.0, 1.0, 1.0, 1.0, 1.0, 1.0, 1.0, 0.0, 1.0]"
158,0.0,0.0,0.0,6.393968942575157e-05,0.0,475.887451171875,0.0,0.0,0.0,0.0,0.0,0.0,0.6406968832015991,0.0720108151435852,-0.10013949126005173,-0.38931575417518616,-0.24513845145702362,-0.6090642809867859,0.1730717122554779,0.37129077315330505,-0.5805854797363281,1.0701030492782593,-0.37830179929733276,-0.3691417872905731,0.671334445476532,-0.6018911004066467,0.7188330292701721,"[0.6406968832015991, 0.0720108151435852, -0.10013949126005173, 0.5380100011825562, 0.17737515270709991, -0.04492508992552757, -0.07137379795312881, -0.006981521844863892, -0.9974256157875061, 0.699999988079071, 0.0, 0.0, -0.38931575417518616, -0.24513845145702362, -0.6090642809867859, 0.1730717122554779, -0.028709232807159424, -0.18058547377586365, 0.6701030731201172, 0.021698206663131714, 0.43085822463035583, -0.12866556644439697, -7.987022399902344e-06, -0.08116698265075684, -0.9504876136779785, -0.6722307205200195, -1.270024061203003, 0.17785866558551788, -2.1451916694641113, 0.6171749830245972, 0.9794909954071045, -3.4392638206481934, -4.525485992431641, 0.3496898412704468, 0.0044903443194925785, 5.508663177490234, -0.6345298886299133, -0.098604716360569, -0.35268309712409973, -0.003903120756149292, -0.36883634328842163, 0.9521030187606812, 1.1485346555709839, -1.1043262481689453, 0.11703023314476013, -1.282890796661377, -2.233773708343506, 0.5305994153022766, 1.0, 1.0, 1.0, 1.0, 1.0, 1.0, 1.0, 1.0, 1.0, 1.0, 0.0, 1.0]"
159,0.0,0.0,0.0,5.4628799261990935e-05,0.0,406.58880615234375,0.0,0.0,0.0,0.0,0.0,0.0,0.6576240062713623,0.032065968960523605,-0.08195634186267853,-0.397288978099823,-0.2520487606525421,-0.5749751329421997,0.1796744167804718,0.3282727897167206,-0.5626572966575623,1.0930428504943848,-0.4639955163002014,-0.4831417202949524,0.6635823845863342,-0.6018863320350647,0.8010191321372986,"[0.6576240062713623, 0.032065968960523605, -0.08195634186267853, -0.00024600894539617, 0.5479759573936462, -0.10479702055454254, -0.06320380419492722, -0.012021297588944435, -0.9979283809661865, 0.699999988079071, 0.0, 0.0, -0.397288978099823, -0.2520487606525421, -0.5749751329421997, 0.1796744167804718, -0.0717272162437439, -0.16265729069709778, 0.6930428743362427, -0.06399551033973694, 0.31685829162597656, -0.13641762733459473, -3.2186508178710938e-06, 0.001019120216369629, 0.17050796747207642, -0.12305509299039841, 3.4388675689697266, 0.44370535016059875, -2.236759901046753, 0.7061647772789001, 1.1366043090820312, -4.4180121421813965, -5.100096225738525, -0.2228640615940094, 0.007072459906339645, 2.1986935138702393, -0.34636205434799194, 0.10750492662191391, -0.36430513858795166, 0.1340004801750183, -0.06698757410049438, 0.5306178331375122, 1.109386682510376, -0.5765992403030396, 0.49476826190948486, -0.8453209400177002, -2.161101818084717, -0.06999564915895462, 1.0, 1.0, 1.0, 1.0, 1.0, 1.0, 1.0, 1.0, 1.0, 1.0, 0.0, 1.0]"
160,0.0,0.0,0.0,4.1577499359846115e-05,0.0,309.451171875,0.0,0.0,0.0,0.0,0.0,0.0,0.6953749060630798,-0.015008258633315563,-0.09431008249521255,-0.36781471967697144,-0.24516050517559052,-0.4735828936100006,0.19009001553058624,0.2783646285533905,-0.5451489090919495,1.1055835485458374,-0.5398217439651489,-0.4780150353908539,0.6484376192092896,-0.601887583732605,0.777359664440155,"[0.6953749060630798, -0.015008258633315563, -0.09431008249521255, -0.5827348232269287, 0.8050716519355774, -0.16785068809986115, -0.04910552501678467, -0.004222881514579058, -0.9987848401069641, 0.699999988079071, 0.0, 0.0, -0.36781471967697144, -0.24516050517559052, -0.4735828936100006, 0.19009001553058624, -0.12163537740707397, -0.14514890313148499, 0.7055835723876953, -0.13982173800468445, 0.3219849765300751, -0.1515623927116394, -4.470348358154297e-06, -0.022640347480773926, 2.2335922718048096, 0.4859265685081482, 5.597265720367432, 0.5397288203239441, -2.5227646827697754, 0.6342071890830994, 0.250019371509552, -3.2063825130462646, 3.0353522300720215, -0.39428555965423584, 0.009809212759137154, -3.1080024242401123, 0.16748926043510437, -0.2519209086894989, -0.41495832800865173, 0.35322490334510803, -0.15812557935714722, 0.35296717286109924, 1.340619444847107, -0.1307424008846283, 1.3209954500198364, -0.8419702053070068, -2.227961540222168, -0.5085208415985107, 1.0, 1.0, 1.0, 1.0, 1.0, 1.0, 1.0, 1.0, 1.0, 1.0, 0.0, 1.0]"
161,8.249237907875795e-06,0.0,61.397056579589844,2.3634196622879244e-05,0.0,175.90354919433594,0.0,0.0,0.0,0.0,0.0,0.0,0.7504085898399353,-0.048451945185661316,-0.18189190328121185,-0.3011512756347656,-0.2289886623620987,-0.36091774702072144,0.2042604237794876,0.2368292212486267,-0.532940149307251,1.1005222797393799,-0.5787105560302734,-0.39067909121513367,0.6374378800392151,-0.6018224954605103,0.6825264692306519,"[0.7504085898399353, -0.048451945185661316, -0.18189190328121185, -0.8879300951957703, 0.9811145663261414, -0.2074839174747467, -0.030623948201537132, 0.012531185522675514, -0.9994522929191589, 0.699999988079071, 0.0, 0.0, -0.3011512756347656, -0.2289886623620987, -0.36091774702072144, 0.2042604237794876, -0.16317078471183777, -0.1329401433467865, 0.7005223035812378, -0.17871055006980896, 0.4093209207057953, -0.16256213188171387, 6.0617923736572266e-05, -0.1174735426902771, 3.4288747310638428, 0.8467991948127747, 5.364786148071289, 0.7601210474967957, -1.7306238412857056, 0.4281083643436432, -0.5118576288223267, -1.1105202436447144, 3.3810787200927734, -0.32217860221862793, 0.05521360784769058, -5.537918567657471, -0.027586905285716057, -0.24569883942604065, -0.40660369396209717, 0.6703265905380249, -0.365810751914978, -0.1132810115814209, 1.3250514268875122, 0.40103694796562195, 1.4830468893051147, -0.7991371154785156, -2.352436065673828, -0.7441306710243225, 1.0, 1.0, 1.0, 1.0, 1.0, 1.0, 1.0, 1.0, 1.0, 1.0, 0.0, 1.0]"
162,2.5803601602092385e-05,0.0,192.0498809814453,3.353882220835658e-06,0.0,24.96212387084961,0.0,0.0,0.0,0.0,0.0,0.0,0.745510458946228,-0.04280679672956467,-0.06389640271663666,-0.30497220158576965,-0.2351781576871872,-0.2763328552246094,0.19753026962280273,0.28774261474609375,-0.5098099708557129,1.0853865146636963,-0.5658655762672424,-0.44522738456726074,0.6320153474807739,-0.6018224358558655,0.5736767649650574,"[0.745510458946228, -0.04280679672956467, -0.06389640271663666, 0.36351293325424194, -0.007180195767432451, -0.11436750739812851, -0.025307971984148026, 0.006861315108835697, -0.9996563792228699, 0.699999988079071, 0.0, 0.0, -0.30497220158576965, -0.2351781576871872, -0.2763328552246094, 0.19753026962280273, -0.11225739121437073, -0.10980996489524841, 0.6853865385055542, -0.16586557030677795, 0.3547726273536682, -0.16798466444015503, 6.0677528381347656e-05, -0.22632324695587158, -0.47730371356010437, -0.37786123156547546, 4.0840253829956055, -0.030169501900672913, 2.3441736698150635, 1.1592774391174316, -0.9836070537567139, 1.5690585374832153, -4.7890448570251465, 0.1274304986000061, 0.0931415855884552, -5.855767726898193, -0.22023233771324158, -0.4237426817417145, -0.4741394519805908, 0.8682012557983398, -0.4389609098434448, -0.6307375431060791, 1.3712573051452637, 0.5981533527374268, 1.6026185750961304, -0.2286907434463501, -2.468209981918335, -1.021798849105835, 1.0, 1.0, 1.0, 1.0, 1.0, 1.0, 1.0, 1.0, 1.0, 1.0, 0.0, 1.0]"
163,3.661204027594067e-05,0.0,272.49444580078125,0.0,0.0,0.0,0.0,0.0,0.0,5.679337482433766e-05,0.0,422.69921875,0.6676329374313354,-0.03993330895900726,0.01326218992471695,-0.30039921402931213,-0.23712798953056335,-0.1974121332168579,0.19997775554656982,0.3135372996330261,-0.505118191242218,1.0530599355697632,-0.5493756532669067,-0.4487219452857971,0.6650958061218262,-0.6018883585929871,0.5868794322013855,"[0.6676329374313354, -0.03993330895900726, 0.01326218992471695, -0.1732596457004547, -0.21685802936553955, -0.09580051898956299, -0.028397446498274803, 0.008673773147165775, -0.9995590448379517, 0.699999988079071, 0.0, 0.0, -0.30039921402931213, -0.23712798953056335, -0.1974121332168579, 0.19997775554656982, -0.08646270632743835, -0.10511818528175354, 0.6530599594116211, -0.14937564730644226, 0.35127806663513184, -0.13490420579910278, -5.245208740234375e-06, -0.21312057971954346, 0.3018322288990021, -0.3314964175224304, 3.4909234046936035, 0.20753876864910126, 1.5870881080627441, -0.420614629983902, -1.9819142818450928, 0.7153470516204834, -0.45373550057411194, 3.4423882961273193, -0.004771243780851364, 0.8558022975921631, -0.4672918915748596, -0.6006993055343628, -0.6399446129798889, 0.43619152903556824, 0.29871422052383423, -0.5648044347763062, 1.4501250982284546, 0.6076524257659912, 1.3933812379837036, 0.385122150182724, -2.693789005279541, -1.0592989921569824, 1.0, 1.0, 1.0, 1.0, 1.0, 1.0, 1.0, 1.0, 1.0, 1.0, 0.0, 1.0]"
164,2.4005976229091175e-05,0.0,178.67062377929688,0.0,0.0,0.0,0.0,0.0,0.0,5.5143493227660656e-05,0.0,410.4195556640625,0.6599107980728149,0.011438222602009773,0.027673617005348206,-0.2997403144836426,-0.2603854835033417,-0.1615126132965088,0.19801229238510132,0.33381956815719604,-0.5283676385879517,1.0101022720336914,-0.5311371684074402,-0.4446122646331787,0.7584030032157898,-0.601883053779602,0.593934953212738,"[0.6599107980728149, 0.011438222602009773, 0.027673617005348206, 0.22245784103870392, -0.01836097240447998, -0.09854990243911743, -0.030441736802458763, 0.007123901508748531, -0.9995109438896179, 0.699999988079071, 0.0, 0.0, -0.2997403144836426, -0.2603854835033417, -0.1615126132965088, 0.19801229238510132, -0.06618043780326843, -0.12836763262748718, 0.6101022958755493, -0.1311371624469757, 0.35538774728775024, -0.04159700870513916, 5.960464477539063e-08, -0.20606505870819092, -0.15071645379066467, -1.5349160432815552, 0.8368411660194397, -0.27991217374801636, 1.0373586416244507, -1.4276491403579712, -2.1062064170837402, 0.7357369661331177, 0.04165127873420715, 4.5969157218933105, 1.648254692554474e-05, 0.465248703956604, -0.47187450528144836, -0.31799963116645813, -0.9172017574310303, 0.4543314576148987, 0.11141401529312134, -0.8747079372406006, 1.6103729009628296, 0.4345800578594208, 1.3704984188079834, 0.4892149269580841, -3.0528721809387207, -0.9854794144630432, 1.0, 1.0, 1.0, 1.0, 1.0, 1.0, 1.0, 1.0, 1.0, 1.0, 0.0, 1.0]"
165,3.278303120168857e-05,0.0,243.99609375,0.0,0.0,0.0,0.0,0.0,0.0,4.250522033544257e-05,0.0,316.35595703125,0.6745161414146423,0.025522079318761826,-0.001556663541123271,-0.30431896448135376,-0.28669068217277527,-0.16418005526065826,0.1920037567615509,0.3559699058532715,-0.5643172860145569,0.9778268933296204,-0.5123854279518127,-0.44856101274490356,0.8462046980857849,-0.6018803715705872,0.5961591601371765,"[0.6745161414146423, 0.025522079318761826, -0.001556663541123271, 0.20395150780677795, 0.05944832041859627, -0.04161606729030609, -0.029509151354432106, 0.0022295801900327206, -0.9995622634887695, 0.699999988079071, 0.0, 0.0, -0.30431896448135376, -0.28669068217277527, -0.16418005526065826, 0.1920037567615509, -0.04403010010719299, -0.1643172800540924, 0.5778268575668335, -0.11238542199134827, 0.3514389991760254, 0.04620468616485596, 2.7418136596679688e-06, -0.20384085178375244, -0.22014646232128143, -1.0621227025985718, -0.5597773790359497, -0.2525656521320343, 1.2438418865203857, -1.984803557395935, -1.3024137020111084, 0.7692247033119202, -0.4288002550601959, 4.2441205978393555, -0.0014495737850666046, 0.35201123356819153, -0.3085884153842926, -0.4726109206676483, -0.9850903749465942, 0.4641815423965454, 0.004323840141296387, -0.7781710028648376, 1.5741567611694336, 0.34502074122428894, 1.3508974313735962, 0.5185322761535645, -3.2304277420043945, -0.9587899446487427, 1.0, 1.0, 1.0, 1.0, 1.0, 1.0, 1.0, 1.0, 1.0, 1.0, 0.0, 1.0]"
166,4.1393228457309306e-05,0.0,308.0796813964844,0.0,0.0,0.0,0.0,0.0,0.0,4.0272549085784703e-05,0.0,299.73870849609375,0.6758120656013489,0.027707474306225777,-0.006438253913074732,-0.3095473349094391,-0.30157753825187683,-0.1893680989742279,0.18682506680488586,0.3782426416873932,-0.6055543422698975,0.9617104530334473,-0.49397677183151245,-0.45165741443634033,0.9120495319366455,-0.6018814444541931,0.6009702682495117,"[0.6758120656013489, 0.027707474306225777, -0.006438253913074732, 0.26213493943214417, -0.020852604880928993, -0.0016857109731063247, -0.029259582981467247, -0.00236542453058064, -0.9995688199996948, 0.699999988079071, 0.0, 0.0, -0.3095473349094391, -0.30157753825187683, -0.1893680989742279, 0.18682506680488586, -0.02175736427307129, -0.20555433630943298, 0.5617104768753052, -0.09397676587104797, 0.3483425974845886, 0.11204952001571655, 1.6689300537109375e-06, -0.19902974367141724, -0.29252541065216064, -0.6574497222900391, -1.6513348817825317, -0.2762417197227478, 1.1265230178833008, -2.0405983924865723, -0.5641786456108093, 0.7413649559020996, -0.09852825105190277, 2.6287543773651123, -0.018586931750178337, 0.5650805830955505, -0.35366150736808777, -0.5633395314216614, -1.034122347831726, 0.46232688426971436, -0.07869863510131836, -0.7752922773361206, 1.5543253421783447, 0.38154807686805725, 1.351850152015686, 0.5280359387397766, -3.3203108310699463, -0.9368329048156738, 1.0, 1.0, 1.0, 1.0, 1.0, 1.0, 1.0, 1.0, 1.0, 1.0, 0.0, 1.0]"
167,4.0942330088000745e-05,0.0,304.7237548828125,0.0,0.0,0.0,0.0,0.0,0.0,4.287285264581442e-05,0.0,319.0921630859375,0.6795195937156677,0.03445276990532875,0.011480932123959064,-0.31627947092056274,-0.31540215015411377,-0.23276790976524353,0.1801789253950119,0.3950490355491638,-0.6445719003677368,0.9577113389968872,-0.4749547839164734,-0.44246891140937805,0.9525656700134277,-0.6018822193145752,0.608217179775238,"[0.6795195937156677, 0.03445276990532875, 0.011480932123959064, 0.3263797461986542, -0.10510267317295074, 0.0051859584636986256, -0.030811186879873276, -0.008624282665550709, -0.9994882941246033, 0.699999988079071, 0.0, 0.0, -0.31627947092056274, -0.31540215015411377, -0.23276790976524353, 0.1801789253950119, -0.004950970411300659, -0.24457189440727234, 0.5577113628387451, -0.07495477795600891, 0.3575311005115509, 0.15256565809249878, 8.940696716308594e-07, -0.19178283214569092, -0.341363787651062, -0.7475139498710632, -2.406219959259033, -0.33867529034614563, 0.820820689201355, -1.8537266254425049, -0.005603955127298832, 0.8002482056617737, 0.5644410848617554, 1.6659009456634521, -0.01862463355064392, 0.6312004923820496, -0.35717830061912537, -0.6464776396751404, -1.184171199798584, 0.47381114959716797, -0.12102305889129639, -0.7692819833755493, 1.6016618013381958, 0.4307509958744049, 1.4001609086990356, 0.495919793844223, -3.402439594268799, -0.9538615345954895, 1.0, 1.0, 1.0, 1.0, 1.0, 1.0, 1.0, 1.0, 1.0, 1.0, 0.0, 1.0]"
168,3.9933976950123906e-05,0.0,297.21881103515625,0.0,0.0,0.0,0.0,0.0,0.0,4.423449354362674e-05,0.0,329.2265319824219,0.6948034763336182,0.04076269268989563,0.035896576941013336,-0.3232625126838684,-0.3317083418369293,-0.28781500458717346,0.17283068597316742,0.4060463309288025,-0.6771990060806274,0.964914083480835,-0.4528852105140686,-0.4209039807319641,0.9739165902137756,-0.6018823981285095,0.6133565902709961,"[0.6948034763336182, 0.04076269268989563, 0.035896576941013336, 0.3300689160823822, -0.15470543503761292, 0.007864405401051044, -0.03363305702805519, -0.015426854602992535, -0.999315083026886, 0.699999988079071, 0.0, 0.0, -0.3232625126838684, -0.3317083418369293, -0.28781500458717346, 0.17283068597316742, 0.006046324968338013, -0.27719900012016296, 0.5649141073226929, -0.052885204553604126, 0.37909603118896484, 0.17391657829284668, 7.152557373046875e-07, -0.18664342164993286, -0.33245500922203064, -0.8347612023353577, -2.910670280456543, -0.3508725166320801, 0.5219926834106445, -1.458528757095337, 0.5559845566749573, 0.9669384956359863, 1.1780352592468262, 0.587382435798645, -0.017158878967165947, 0.48639702796936035, -0.40993162989616394, -0.6555435657501221, -1.306609034538269, 0.4532076418399811, -0.17773199081420898, -0.7668849229812622, 1.6269742250442505, 0.4591224491596222, 1.4700496196746826, 0.40293651819229126, -3.429668426513672, -0.9915728569030762, 1.0, 1.0, 1.0, 1.0, 1.0, 1.0, 1.0, 1.0, 1.0, 1.0, 0.0, 1.0]"
169,3.98961674363818e-05,0.0,296.9374084472656,0.0,0.0,0.0,0.0,0.0,0.0,4.4005635572830215e-05,0.0,327.523193359375,0.7151561379432678,0.04256308451294899,0.06290066987276077,-0.32945504784584045,-0.3468391001224518,-0.3510381579399109,0.16593801975250244,0.4112938344478607,-0.7006636261940002,0.98250812292099,-0.42639613151550293,-0.3875861167907715,0.9726398587226868,-0.6018825769424438,0.6137430667877197,"[0.7151561379432678, 0.04256308451294899, 0.06290066987276077, 0.2698589861392975, -0.19363529980182648, 0.016083167865872383, -0.03732537105679512, -0.021656038239598274, -0.9990686774253845, 0.699999988079071, 0.0, 0.0, -0.32945504784584045, -0.3468391001224518, -0.3510381579399109, 0.16593801975250244, 0.01129382848739624, -0.30066362023353577, 0.5825080871582031, -0.026396125555038452, 0.41241389513015747, 0.1726398468017578, 5.364418029785156e-07, -0.18625694513320923, -0.26151177287101746, -0.6564920544624329, -3.248695135116577, -0.29351890087127686, 0.23196880519390106, -0.9583927392959595, 1.026050329208374, 1.2138595581054688, 1.763473629951477, -0.6832888722419739, -0.01656843163073063, 0.201639786362648, -0.4408426582813263, -0.648521363735199, -1.431103229522705, 0.46679213643074036, -0.2600669860839844, -0.739827036857605, 1.6258563995361328, 0.49540218710899353, 1.5653035640716553, 0.24968591332435608, -3.4047298431396484, -1.0573279857635498, 1.0, 1.0, 1.0, 1.0, 1.0, 1.0, 1.0, 1.0, 1.0, 1.0, 0.0, 1.0]"
170,4.055165845784359e-05,0.0,301.8160705566406,0.0,0.0,0.0,0.0,0.0,0.0,4.2928746552206576e-05,0.0,319.5081787109375,0.7361699938774109,0.04024548456072807,0.09501585364341736,-0.33294907212257385,-0.3547840118408203,-0.41879186034202576,0.16151510179042816,0.4107178747653961,-0.7127453684806824,1.006289005279541,-0.3939472436904907,-0.34276285767555237,0.9405307173728943,-0.6018835306167603,0.6064026355743408,"[0.7361699938774109, 0.04024548456072807, 0.09501585364341736, 0.1100640520453453, -0.22625696659088135, 0.024295534938573837, -0.041702624410390854, -0.025354916229844093, -0.9988082051277161, 0.699999988079071, 0.0, 0.0, -0.33294907212257385, -0.3547840118408203, -0.41879186034202576, 0.16151510179042816, 0.01071786880493164, -0.3127453625202179, 0.6062890291213989, 0.006052762269973755, 0.4572371542453766, 0.14053070545196533, -4.172325134277344e-07, -0.19359737634658813, -0.0921250730752945, -0.20351558923721313, -3.4278948307037354, -0.1345595419406891, -0.0702146515250206, -0.3181011974811554, 1.2145564556121826, 1.5482449531555176, 2.3523008823394775, -2.511549234390259, -0.017530422657728195, -0.2500329613685608, -0.4460112154483795, -0.6371670365333557, -1.5666799545288086, 0.5387653112411499, -0.391676664352417, -0.6458187103271484, 1.5704265832901, 0.5382355451583862, 1.6978734731674194, -0.015292592346668243, -3.299428701400757, -1.1272962093353271, 1.0, 1.0, 1.0, 1.0, 1.0, 1.0, 1.0, 1.0, 1.0, 1.0, 0.0, 1.0]"
171,4.051049836562015e-05,0.0,301.509765625,0.0,0.0,0.0,0.0,0.0,0.0,3.672538878163323e-05,0.0,273.33807373046875,0.7540558576583862,0.036194998770952225,0.12788262963294983,-0.3321937918663025,-0.35231488943099976,-0.4899069368839264,0.16107064485549927,0.402975857257843,-0.7091612815856934,1.0283836126327515,-0.35462114214897156,-0.2841302156448364,0.8695417046546936,-0.6018856167793274,0.5895673036575317,"[0.7540558576583862, 0.036194998770952225, 0.12788262963294983, -0.09950129687786102, -0.2798900604248047, 0.029389724135398865, -0.046887218952178955, -0.024989552795886993, -0.9985875487327576, 0.699999988079071, 0.0, 0.0, -0.3321937918663025, -0.35231488943099976, -0.4899069368839264, 0.16107064485549927, 0.00297585129737854, -0.3091612756252289, 0.6283836364746094, 0.04537886381149292, 0.5158697962760925, 0.06954169273376465, -2.5033950805664062e-06, -0.21043270826339722, 0.1283126026391983, 0.35976943373680115, -3.606145143508911, 0.07590808719396591, -0.47863635420799255, 0.6387925744056702, 0.9530378580093384, 1.930228590965271, 3.1351821422576904, -4.740560531616211, -0.01982482150197029, -0.7709581851959229, -0.4799048602581024, -0.6115286350250244, -1.6323692798614502, 0.7014843225479126, -0.5932937264442444, -0.32871633768081665, 1.4060230255126953, 0.4389478266239166, 1.7938309907913208, -0.5311545133590698, -3.0154244899749756, -1.1020565032958984, 1.0, 1.0, 1.0, 1.0, 1.0, 1.0, 1.0, 1.0, 1.0, 1.0, 0.0, 1.0]"
172,0.0,0.0,0.0,0.0,0.0,0.0,0.0,0.0,0.0,4.800800070370315e-06,0.0,35.73118209838867,0.7559733390808105,0.023206831887364388,0.0823347195982933,-0.3263939917087555,-0.336842805147171,-0.5622344613075256,0.16611678898334503,0.38677340745925903,-0.6808931827545166,1.0396336317062378,-0.3121614456176758,-0.21567685902118683,0.763624906539917,-0.6018832325935364,0.5694336891174316,"[0.7559733390808105, 0.023206831887364388, 0.0823347195982933, -0.40925973653793335, -0.32792598009109497, 0.041926898062229156, -0.053474828600883484, -0.01957899145781994, -0.9983773231506348, 0.699999988079071, 0.0, 0.0, -0.3263939917087555, -0.336842805147171, -0.5622344613075256, 0.16611678898334503, -0.013226598501205444, -0.2808931767940521, 0.6396336555480957, 0.0878385603427887, 0.5843231678009033, -0.03637510538101196, -1.1920928955078125e-07, -0.23056632280349731, 0.3910197615623474, 1.1360584497451782, -3.5067038536071777, 0.4948420524597168, -0.9073278903961182, 1.9759762287139893, 0.31605517864227295, 2.1018097400665283, 2.5396921634674072, -5.890131950378418, 0.00024832470808178186, -1.2771108150482178, -1.0620999336242676, -0.4645971953868866, -1.2918988466262817, 0.6288418769836426, -0.5752411484718323, 0.38994845747947693, 1.10796320438385, -0.3440307080745697, 0.8739175796508789, -1.3080955743789673, -2.545560359954834, -0.5504134893417358, 1.0, 1.0, 1.0, 1.0, 1.0, 1.0, 1.0, 1.0, 1.0, 1.0, 0.0, 1.0]"
173,0.0,0.0,0.0,0.0,0.0,0.0,0.0,0.0,0.0,0.0,0.0,0.0,0.7176939249038696,0.005414312705397606,-0.069735586643219,-0.3231014311313629,-0.29928815364837646,-0.6108767986297607,0.18974561989307404,0.37057051062583923,-0.6190791726112366,1.0401825904846191,-0.2974402904510498,-0.292390376329422,0.6179216504096985,-0.6018831729888916,0.5871114730834961,"[0.7176939249038696, 0.005414312705397606, -0.069735586643219, -1.2732962369918823, -0.3135289251804352, 0.0463218092918396, -0.058796707540750504, -0.004931094124913216, -0.9982579350471497, 0.699999988079071, 0.0, 0.0, -0.3231014311313629, -0.29928815364837646, -0.6108767986297607, 0.18974561989307404, -0.029429495334625244, -0.2190791666507721, 0.640182614326477, 0.10255971550941467, 0.5076096057891846, -0.18207836151123047, -5.960464477539063e-08, -0.21288853883743286, 0.30017557740211487, 2.666656255722046, 0.019481467083096504, 2.001995801925659, -0.9088339805603027, 3.677572250366211, 0.2155628651380539, -0.435501366853714, -5.818604469299316, -7.261204719543457, 4.929036367684603e-05, 3.2712292671203613, -1.238532304763794, -0.33423373103141785, -0.7284706830978394, 0.12779435515403748, -0.4556453227996826, 0.6242096424102783, 1.0034819841384888, -1.3785865306854248, -0.2625539302825928, -1.1094090938568115, -2.4432108402252197, 0.19973289966583252, 1.0, 1.0, 1.0, 1.0, 1.0, 1.0, 1.0, 1.0, 1.0, 1.0, 0.0, 1.0]"
174,0.0,0.0,0.0,5.5732532928232104e-05,0.0,414.8035888671875,0.0,0.0,0.0,0.0,0.0,0.0,0.6335875988006592,0.0637388676404953,-0.10249283909797668,-0.35375332832336426,-0.28824400901794434,-0.6082010865211487,0.20386631786823273,0.33388659358024597,-0.59091717004776,1.0408282279968262,-0.3534833788871765,-0.40369755029678345,0.5913333296775818,-0.6018844842910767,0.6916723251342773,"[0.6335875988006592, 0.0637388676404953, -0.10249283909797668, 0.37414172291755676, 0.20181891322135925, 0.02507760003209114, -0.059381697326898575, 0.0004126810235902667, -0.9982353448867798, 0.699999988079071, 0.0, 0.0, -0.35375332832336426, -0.28824400901794434, -0.6082010865211487, 0.20386631786823273, -0.0661134123802185, -0.19091716408729553, 0.6408282518386841, 0.046516627073287964, 0.3963024616241455, -0.20866668224334717, -1.3709068298339844e-06, -0.10832768678665161, -2.596940755844116, -0.47399047017097473, 0.3379526138305664, -0.20012298226356506, -2.1525802612304688, 0.561328113079071, 0.019756706431508064, -3.9330496788024902, -6.253371238708496, 0.4046168923377991, 0.005145412869751453, 5.094728946685791, -0.9686779379844666, 0.005082453601062298, -0.2793908417224884, -0.18712472915649414, -0.2985440492630005, 0.7499724626541138, 1.1639626026153564, -0.9134019613265991, 0.1384028196334839, -1.2373450994491577, -2.2443230152130127, 0.5024484395980835, 1.0, 1.0, 1.0, 1.0, 1.0, 1.0, 1.0, 1.0, 1.0, 1.0, 0.0, 1.0]"
175,0.0,0.0,0.0,5.595490074483678e-05,0.0,416.4586486816406,0.0,0.0,0.0,0.0,0.0,0.0,0.651980996131897,0.03205157816410065,-0.08928263932466507,-0.40459325909614563,-0.29807326197624207,-0.562078058719635,0.1900801658630371,0.28695186972618103,-0.5745390057563782,1.0464280843734741,-0.44598373770713806,-0.49869638681411743,0.5833612680435181,-0.601882815361023,0.7651749849319458,"[0.651980996131897, 0.03205157816410065, -0.08928263932466507, 0.17352214455604553, 0.5576608777046204, -0.02262982167303562, -0.05056340619921684, -0.008543740026652813, -0.9986838698387146, 0.699999988079071, 0.0, 0.0, -0.40459325909614563, -0.29807326197624207, -0.562078058719635, 0.1900801658630371, -0.11304813623428345, -0.1745389997959137, 0.646428108215332, -0.045983731746673584, 0.3013036251068115, -0.2166387438774109, 2.980232238769531e-07, -0.034825026988983154, -1.7876346111297607, -0.2722685933113098, 4.024347305297852, -0.5941581726074219, -2.624185800552368, 0.7328166961669922, 0.4849741756916046, -4.538820266723633, -1.1861435174942017, -0.289043664932251, 0.011252587661147118, 1.6492536067962646, -0.055252522230148315, -0.08941016346216202, -0.31488990783691406, 0.19657474756240845, 0.08054643869400024, 0.4297952950000763, 1.2570801973342896, -0.3242867588996887, 0.9316816926002502, -0.8321499824523926, -2.056042432785034, -0.25340673327445984, 1.0, 1.0, 1.0, 1.0, 1.0, 1.0, 1.0, 1.0, 1.0, 1.0, 0.0, 1.0]"
176,0.0,0.0,0.0,3.399589695618488e-05,0.0,253.0231475830078,0.0,0.0,0.0,0.0,0.0,0.0,0.7099913954734802,-0.040066637098789215,-0.13453125953674316,-0.3995495140552521,-0.28814876079559326,-0.4467373490333557,0.18809814751148224,0.24315586686134338,-0.5632036328315735,1.0543895959854126,-0.515939474105835,-0.4539032280445099,0.5779820084571838,-0.6018869876861572,0.7255345582962036,"[0.7099913954734802, -0.040066637098789215, -0.13453125953674316, -0.7463439106941223, 0.781079113483429, -0.14478260278701782, -0.03665580227971077, 0.0015151611296460032, -0.9993267059326172, 0.699999988079071, 0.0, 0.0, -0.3995495140552521, -0.28814876079559326, -0.4467373490333557, 0.18809814751148224, -0.1568441390991211, -0.163203626871109, 0.6543896198272705, -0.11593946814537048, 0.34609678387641907, -0.22201800346374512, -3.874301910400391e-06, -0.07446545362472534, 1.3503508567810059, 0.711368203163147, 5.966040134429932, 0.06721410155296326, -1.8387640714645386, 0.2771819829940796, 0.17408452928066254, -2.8239188194274902, 3.469193458557129, 0.15443576872348785, 0.009116056375205517, -3.515549898147583, 0.25494804978370667, -0.4639975130558014, -0.49349385499954224, 0.36974987387657166, -0.2822459936141968, 0.25626203417778015, 1.3357576131820679, -0.06801819801330566, 1.3511914014816284, -0.8070652484893799, -2.2475807666778564, -0.6130812168121338, 1.0, 1.0, 1.0, 1.0, 1.0, 1.0, 1.0, 1.0, 1.0, 1.0, 0.0, 1.0]"
177,7.947083213366568e-05,0.0,591.48193359375,2.2144420654512942e-05,0.0,164.81552124023438,0.0,0.0,0.0,0.0,0.0,0.0,0.7654942870140076,-0.03779257833957672,-0.18024496734142303,-0.3535284101963043,-0.2707293927669525,-0.33356407284736633,0.19329439103603363,0.21639223396778107,-0.5600733757019043,1.0515761375427246,-0.5484258532524109,-0.3725203275680542,0.5836768746376038,-0.6016262173652649,0.6307895183563232,"[0.7654942870140076, -0.03779257833957672, -0.18024496734142303, -0.43338650465011597, 0.6803717017173767, -0.18293951451778412, -0.019453641027212143, 0.01937614381313324, -0.9996230006217957, 0.699999988079071, 0.0, 0.0, -0.3535284101963043, -0.2707293927669525, -0.33356407284736633, 0.19329439103603363, -0.1836077719926834, -0.16007336974143982, 0.6515761613845825, -0.1484258472919464, 0.42747968435287476, -0.2163231372833252, 0.0002568960189819336, -0.1692104935646057, -0.14880812168121338, 0.38786715269088745, 4.8752593994140625, -0.2922099828720093, 0.4940597414970398, 0.29616355895996094, -0.31557387113571167, -0.7146281599998474, 1.9789787530899048, 0.37843406200408936, 0.05972619354724884, -5.149609088897705, -0.032427579164505005, -0.3398965299129486, -0.4331931471824646, 0.6371505260467529, -0.3726353049278259, -0.18707972764968872, 1.3173433542251587, 0.45399340987205505, 1.4739909172058105, -0.8020831346511841, -2.3301756381988525, -0.7785051465034485, 1.0, 1.0, 1.0, 1.0, 1.0, 1.0, 1.0, 1.0, 1.0, 1.0, 0.0, 1.0]"
178,3.306321377749555e-05,0.0,246.08140563964844,8.467618499707896e-06,0.0,63.02241134643555,0.0,0.0,0.0,0.0,0.0,0.0,0.740857720375061,-0.0685184970498085,-0.12404307723045349,-0.3585159480571747,-0.27747219800949097,-0.25506117939949036,0.18004459142684937,0.2823374271392822,-0.5446822047233582,1.0396780967712402,-0.5341777205467224,-0.4468284547328949,0.593422532081604,-0.6019009351730347,0.5292519927024841,"[0.740857720375061, -0.0685184970498085, -0.12404307723045349, 0.22136043012142181, 0.039713822305202484, -0.1247779056429863, -0.015975231304764748, 0.01285858266055584, -0.9997898936271667, 0.699999988079071, 0.0, 0.0, -0.3585159480571747, -0.27747219800949097, -0.25506117939949036, 0.18004459142684937, -0.11766257882118225, -0.14468219876289368, 0.6396781206130981, -0.13417771458625793, 0.35317155718803406, -0.20657747983932495, -1.7821788787841797e-05, -0.2707480192184448, -0.12677854299545288, -0.21585027873516083, 3.7777059078216553, -0.11157563328742981, 2.282227039337158, 0.6164783835411072, -0.8439853191375732, 1.4406543970108032, -2.0448293685913086, 0.897647500038147, -0.022256307303905487, -5.302249908447266, -0.18932971358299255, -0.5210093259811401, -0.4494055509567261, 0.5955325365066528, -0.2573311924934387, -0.45028120279312134, 1.2705329656600952, 0.4974575936794281, 1.4159492254257202, -0.32060903310775757, -2.420736074447632, -1.0100760459899902, 1.0, 1.0, 1.0, 1.0, 1.0, 1.0, 1.0, 1.0, 1.0, 1.0, 0.0, 1.0]"
179,4.419427568791434e-05,0.0,328.9272155761719,0.0,0.0,0.0,0.0,0.0,0.0,4.170990359853022e-05,0.0,310.4366455078125,0.681442379951477,-0.052830155938863754,-0.03528320789337158,-0.35491546988487244,-0.2785762548446655,-0.18580110371112823,0.18348130583763123,0.3180394172668457,-0.5388293862342834,1.0103366374969482,-0.5160799026489258,-0.4675728976726532,0.6259672045707703,-0.6018807291984558,0.5288625359535217,"[0.681442379951477, -0.052830155938863754, -0.03528320789337158, -0.12795668840408325, -0.1420910358428955, -0.13411666452884674, -0.018028277903795242, 0.013335284776985645, -0.9997484683990479, 0.699999988079071, 0.0, 0.0, -0.35491546988487244, -0.2785762548446655, -0.18580110371112823, 0.18348130583763123, -0.08196058869361877, -0.13882938027381897, 0.6103366613388062, -0.1160798966884613, 0.33242711424827576, -0.1740328073501587, 2.384185791015625e-06, -0.2711374759674072, 0.26811084151268005, -0.10576218366622925, 3.127399444580078, 0.17968307435512543, 1.900076150894165, 0.032482292503118515, -1.835360050201416, 0.6813805103302002, -1.0894304513931274, 2.328190565109253, -0.0037757568061351776, 0.8406562209129333, -0.493592232465744, -0.5263811945915222, -0.617926836013794, 0.40399396419525146, 0.14508789777755737, -0.5870890617370605, 1.3694195747375488, 0.5553929805755615, 1.4146690368652344, 0.3346475064754486, -2.6703848838806152, -1.0267388820648193, 1.0, 1.0, 1.0, 1.0, 1.0, 1.0, 1.0, 1.0, 1.0, 1.0, 0.0, 1.0]"
180,3.222525992896408e-05,0.0,239.8447265625,0.0,0.0,0.0,0.0,0.0,0.0,4.914274541079067e-05,0.0,365.7574157714844,0.6640589237213135,-0.0026055218186229467,-0.006917198188602924,-0.35248059034347534,-0.2912135124206543,-0.1487835794687271,0.1832285225391388,0.3452203869819641,-0.5531628131866455,0.9704875946044922,-0.500857949256897,-0.4752868711948395,0.7219970226287842,-0.6018796563148499,0.5400219559669495,"[0.6640589237213135, -0.0026055218186229467, -0.006917198188602924, 0.13814543187618256, -0.049221526831388474, -0.11599881947040558, -0.019711479544639587, 0.013289759866893291, -0.9997174143791199, 0.699999988079071, 0.0, 0.0, -0.35248059034347534, -0.2912135124206543, -0.1487835794687271, 0.1832285225391388, -0.054779618978500366, -0.15316280722618103, 0.5704876184463501, -0.1008579432964325, 0.3247131407260895, -0.07800298929214478, 3.4570693969726562e-06, -0.2599780559539795, -0.04837498068809509, -0.8961506485939026, 1.0200773477554321, -0.15465642511844635, 1.2935044765472412, -1.0348931550979614, -1.937319040298462, 0.5798856019973755, -0.3197910785675049, 5.605832099914551, 0.0002981852740049362, 0.7693638205528259, -0.4934617578983307, -0.3337218463420868, -0.8818970918655396, 0.3541563153266907, 0.09086406230926514, -0.8226865530014038, 1.527462363243103, 0.39685389399528503, 1.3719953298568726, 0.5000118017196655, -3.003661870956421, -0.9706195592880249, 1.0, 1.0, 1.0, 1.0, 1.0, 1.0, 1.0, 1.0, 1.0, 1.0, 0.0, 1.0]"
181,3.6350949812913314e-05,0.0,270.5512390136719,0.0,0.0,0.0,0.0,0.0,0.0,3.8794431020505726e-05,0.0,288.7374572753906,0.6683449149131775,0.016595790162682533,-0.02763451635837555,-0.3576083779335022,-0.30542343854904175,-0.150139719247818,0.17679157853126526,0.3683805763721466,-0.5786314010620117,0.9418030977249146,-0.48744502663612366,-0.4777677655220032,0.8206374049186707,-0.6018786430358887,0.5535796284675598,"[0.6683449149131775, 0.016595790162682533, -0.02763451635837555, 0.31726980209350586, -0.05640432983636856, -0.03776555508375168, -0.020627902820706367, 0.007283590268343687, -0.9997608661651611, 0.699999988079071, 0.0, 0.0, -0.3576083779335022, -0.30542343854904175, -0.150139719247818, 0.17679157853126526, -0.03161942958831787, -0.17863139510154724, 0.5418031215667725, -0.08744502067565918, 0.3222322463989258, 0.0206373929977417, 4.470348358154297e-06, -0.24642038345336914, -0.3012850880622864, -0.46515336632728577, -0.533274233341217, -0.3158629238605499, 1.2076702117919922, -1.3840222358703613, -1.1130995750427246, 0.4993758797645569, -0.1654193103313446, 4.39375114440918, -0.0007874090224504471, 0.9518879055976868, -0.3373543918132782, -0.43340274691581726, -0.9225547313690186, 0.37778839468955994, -0.013227462768554688, -0.7539447546005249, 1.5182520151138306, 0.3510063588619232, 1.3490294218063354, 0.49610236287117004, -3.200319290161133, -0.9460874795913696, 1.0, 1.0, 1.0, 1.0, 1.0, 1.0, 1.0, 1.0, 1.0, 1.0, 0.0, 1.0]"
182,4.173699926468544e-05,0.0,310.6382751464844,0.0,0.0,0.0,0.0,0.0,0.0,3.838688644464128e-05,0.0,285.7041931152344,0.6683681607246399,0.024889778345823288,-0.029638681560754776,-0.3639034032821655,-0.3074803054332733,-0.1725408434867859,0.17078907787799835,0.38951554894447327,-0.6084733605384827,0.930003821849823,-0.47434288263320923,-0.47468769550323486,0.8919649720191956,-0.6018804311752319,0.5710569024085999,"[0.6683681607246399, 0.024889778345823288, -0.029638681560754776, 0.3168732821941376, -0.1508706957101822, 0.014502397738397121, -0.022956816479563713, 0.0011390368454158306, -0.999735951423645, 0.699999988079071, 0.0, 0.0, -0.3639034032821655, -0.3074803054332733, -0.1725408434867859, 0.17078907787799835, -0.010484457015991211, -0.2084733545780182, 0.5300037860870361, -0.07434287667274475, 0.3253123164176941, 0.0919649600982666, 2.682209014892578e-06, -0.2289431095123291, -0.325706422328949, -0.0013408788945525885, -1.4721108675003052, -0.28861311078071594, 1.0707279443740845, -1.4968785047531128, -0.33223453164100647, 0.5312021374702454, 0.21874453127384186, 2.9368033409118652, -0.0027375519275665283, 1.09133780002594, -0.3417346179485321, -0.5547664761543274, -1.044693112373352, 0.40058931708335876, -0.07966482639312744, -0.7380423545837402, 1.5294203758239746, 0.3723439872264862, 1.3587740659713745, 0.48496416211128235, -3.3492753505706787, -0.9334781765937805, 1.0, 1.0, 1.0, 1.0, 1.0, 1.0, 1.0, 1.0, 1.0, 1.0, 0.0, 1.0]"
183,4.098369390703738e-05,0.0,305.0316162109375,0.0,0.0,0.0,0.0,0.0,0.0,4.077080302522518e-05,0.0,303.4471130371094,0.6728790402412415,0.04330125451087952,-0.012631630524992943,-0.3718678057193756,-0.3097951412200928,-0.21479161083698273,0.16320453584194183,0.4053095877170563,-0.6370543837547302,0.9308990836143494,-0.45978784561157227,-0.4600283205509186,0.9321415424346924,-0.601881742477417,0.5894173979759216,"[0.6728790402412415, 0.04330125451087952, -0.012631630524992943, 0.4067683815956116, -0.21236392855644226, 0.02471751533448696, -0.026829684153199196, -0.006500312592834234, -0.9996188282966614, 0.699999988079071, 0.0, 0.0, -0.3718678057193756, -0.3097951412200928, -0.21479161083698273, 0.16320453584194183, 0.005309581756591797, -0.23705437779426575, 0.5308990478515625, -0.05978783965110779, 0.3399716913700104, 0.13214153051376343, 1.3709068298339844e-06, -0.21058261394500732, -0.41768044233322144, -0.2310628592967987, -2.443021297454834, -0.39423149824142456, 0.7681314945220947, -1.362160563468933, 0.2422144114971161, 0.6240439414978027, 0.8321998715400696, 1.5395398139953613, -0.0033062808215618134, 1.066872477531433, -0.3716055452823639, -0.6100055575370789, -1.1786755323410034, 0.3969298303127289, -0.10635387897491455, -0.7289700508117676, 1.5783131122589111, 0.4292733371257782, 1.3926106691360474, 0.44224119186401367, -3.457231283187866, -0.9513593912124634, 1.0, 1.0, 1.0, 1.0, 1.0, 1.0, 1.0, 1.0, 1.0, 1.0, 0.0, 1.0]"
184,3.968734381487593e-05,0.0,295.3831787109375,0.0,0.0,0.0,0.0,0.0,0.0,4.18378331232816e-05,0.0,311.3887939453125,0.6888381838798523,0.05899803712964058,0.009476891718804836,-0.3802027404308319,-0.31690552830696106,-0.271822452545166,0.15484827756881714,0.41590580344200134,-0.6616498827934265,0.9430129528045654,-0.4414138197898865,-0.43481743335723877,0.9526263475418091,-0.6018818616867065,0.6038461923599243,"[0.6888381838798523, 0.05899803712964058, 0.009476891718804836, 0.36570367217063904, -0.24291087687015533, 0.030403416603803635, -0.031544625759124756, -0.01440192386507988, -0.9993984699249268, 0.699999988079071, 0.0, 0.0, -0.3802027404308319, -0.31690552830696106, -0.271822452545166, 0.15484827756881714, 0.015905797481536865, -0.26164987683296204, 0.5430129766464233, -0.041413813829422, 0.3651825785636902, 0.15262633562088013, 1.2516975402832031e-06, -0.19615381956100464, -0.38407421112060547, -0.391422837972641, -3.030700922012329, -0.37821096181869507, 0.5231831669807434, -1.1079658269882202, 0.8009845018386841, 0.8492515087127686, 1.3213046789169312, 0.5760647058486938, -0.0029448717832565308, 0.7984619736671448, -0.42986419796943665, -0.604718029499054, -1.3123140335083008, 0.37885141372680664, -0.16118431091308594, -0.7238943576812744, 1.6181129217147827, 0.4414629638195038, 1.456634521484375, 0.3576609492301941, -3.5048465728759766, -1.0013879537582397, 1.0, 1.0, 1.0, 1.0, 1.0, 1.0, 1.0, 1.0, 1.0, 1.0, 0.0, 1.0]"
185,3.976395964855328e-05,0.0,295.95343017578125,0.0,0.0,0.0,0.0,0.0,0.0,4.144783815718256e-05,0.0,308.48614501953125,0.709644615650177,0.06931494921445847,0.03387673571705818,-0.38701993227005005,-0.3236640691757202,-0.33767861127853394,0.14777106046676636,0.422027051448822,-0.6796993613243103,0.9654281735420227,-0.4175836145877838,-0.40070709586143494,0.9522640705108643,-0.6018815040588379,0.6112287044525146,"[0.709644615650177, 0.06931494921445847, 0.03387673571705818, 0.26075828075408936, -0.2623286545276642, 0.040004465728998184, -0.03671238198876381, -0.020593252032995224, -0.9991135001182556, 0.699999988079071, 0.0, 0.0, -0.38701993227005005, -0.3236640691757202, -0.33767861127853394, 0.14777106046676636, 0.022027045488357544, -0.2796993553638458, 0.5654281377792358, -0.017583608627319336, 0.399292916059494, 0.1522640585899353, 1.6093254089355469e-06, -0.1887713074684143, -0.2864862084388733, -0.26648974418640137, -3.398681640625, -0.2914528250694275, 0.2960764765739441, -0.7394500374794006, 1.271657109260559, 1.1404075622558594, 1.7723298072814941, -0.5222574472427368, -0.0025632455945014954, 0.4136403799057007, -0.4873385727405548, -0.5716893672943115, -1.4137266874313354, 0.3601132333278656, -0.23729342222213745, -0.6943371295928955, 1.635978102684021, 0.45272359251976013, 1.5355080366134644, 0.23171871900558472, -3.488783597946167, -1.0643764734268188, 1.0, 1.0, 1.0, 1.0, 1.0, 1.0, 1.0, 1.0, 1.0, 1.0, 0.0, 1.0]"
186,4.04679958592169e-05,0.0,301.1933898925781,0.0,0.0,0.0,0.0,0.0,0.0,3.966970689361915e-05,0.0,295.2519226074219,0.7302748560905457,0.07496426999568939,0.06286749243736267,-0.39120709896087646,-0.3246963918209076,-0.40821459889411926,0.14312468469142914,0.42309775948524475,-0.688728928565979,0.9947826266288757,-0.3875165581703186,-0.3568577170372009,0.9267054796218872,-0.6018816828727722,0.6100168824195862,"[0.7302748560905457, 0.07496426999568939, 0.06286749243736267, 0.10600181668996811, -0.28649723529815674, 0.04781881347298622, -0.04229035601019859, -0.024028515443205833, -0.9988162517547607, 0.699999988079071, 0.0, 0.0, -0.39120709896087646, -0.3246963918209076, -0.40821459889411926, 0.14312468469142914, 0.023097753524780273, -0.2887289226055145, 0.5947825908660889, 0.012483447790145874, 0.443142294883728, 0.12670546770095825, 1.430511474609375e-06, -0.18998312950134277, -0.1319853961467743, 0.11562517285346985, -3.5467967987060547, -0.14936362206935883, 0.020924821496009827, -0.20709264278411865, 1.5353764295578003, 1.4798264503479004, 2.3066961765289307, -2.0093846321105957, -0.015617339871823788, -0.057784341275691986, -0.5280598402023315, -0.5284918546676636, -1.512138843536377, 0.4080517590045929, -0.3683769702911377, -0.6006622314453125, 1.6188440322875977, 0.44368287920951843, 1.6537798643112183, 0.02934398502111435, -3.407456159591675, -1.1239731311798096, 1.0, 1.0, 1.0, 1.0, 1.0, 1.0, 1.0, 1.0, 1.0, 1.0, 0.0, 1.0]"
187,4.053951852256432e-05,0.0,301.7257385253906,0.0,0.0,0.0,0.0,0.0,0.0,3.2415111490990967e-05,0.0,241.2577667236328,0.7468000054359436,0.07605595141649246,0.09111066907644272,-0.39158186316490173,-0.3157028257846832,-0.47926390171051025,0.14206810295581818,0.41740795969963074,-0.6836276054382324,1.0254955291748047,-0.3510037660598755,-0.2999413311481476,0.8673467040061951,-0.6018831729888916,0.6000702381134033,"[0.7468000054359436, 0.07605595141649246, 0.09111066907644272, -0.08537827432155609, -0.34581759572029114, 0.05543025583028793, -0.04867411032319069, -0.023664500564336777, -0.9985345005989075, 0.699999988079071, 0.0, 0.0, -0.39158186316490173, -0.3157028257846832, -0.47926390171051025, 0.14206810295581818, 0.01740795373916626, -0.28362759947776794, 0.6254955530166626, 0.04899623990058899, 0.500058650970459, 0.06734669208526611, -5.960464477539063e-08, -0.19992977380752563, 0.06905283033847809, 0.6918084621429443, -3.5260186195373535, 0.03976426646113396, -0.3670632541179657, 0.6907762289047241, 1.4702541828155518, 1.8316701650619507, 3.0734379291534424, -4.093072891235352, -0.016583319753408432, -0.5117021799087524, -0.565473735332489, -0.4753294289112091, -1.5584193468093872, 0.5818561315536499, -0.5697645545005798, -0.2993205785751343, 1.4948173761367798, 0.2929585874080658, 1.7859159708023071, -0.387704461812973, -3.167926549911499, -1.065920114517212, 1.0, 1.0, 1.0, 1.0, 1.0, 1.0, 1.0, 1.0, 1.0, 1.0, 0.0, 1.0]"
188,3.0352279281942174e-05,0.0,225.9045867919922,0.0,0.0,0.0,0.0,0.0,0.0,5.89928913541371e-06,0.0,43.90696716308594,0.745915949344635,0.06819407641887665,0.0700279101729393,-0.3877604007720947,-0.29424965381622314,-0.547431468963623,0.1453847587108612,0.40271860361099243,-0.6542845368385315,1.049919843673706,-0.3120417594909668,-0.22423842549324036,0.7726277112960815,-0.6018709540367126,0.5899704098701477,"[0.745915949344635, 0.06819407641887665, 0.0700279101729393, -0.22293758392333984, -0.5199490785598755, 0.06136471405625343, -0.057362038642168045, -0.019356990233063698, -0.9981659650802612, 0.699999988079071, 0.0, 0.0, -0.3877604007720947, -0.29424965381622314, -0.547431468963623, 0.1453847587108612, 0.002718597650527954, -0.254284530878067, 0.649919867515564, 0.08795824646949768, 0.5757615566253662, -0.027372300624847412, 1.2159347534179688e-05, -0.21002960205078125, 0.1710357517004013, 1.269730567932129, -3.3024535179138184, 0.18392707407474518, -0.7455630898475647, 2.12161922454834, 1.068958044052124, 1.939153790473938, 3.9554293155670166, -5.560971736907959, -0.014237742871046066, -0.3201601505279541, -0.683821439743042, -0.5039253234863281, -1.3243721723556519, 0.6808507442474365, -0.6615114212036133, 0.4105634391307831, 1.3246711492538452, -0.4462449252605438, 1.3155015707015991, -1.1604652404785156, -2.676835536956787, -0.49064871668815613, 1.0, 1.0, 1.0, 1.0, 1.0, 1.0, 1.0, 1.0, 1.0, 1.0, 0.0, 1.0]"
189,0.0,0.0,0.0,0.0,0.0,0.0,0.0,0.0,0.0,0.0,0.0,0.0,0.7055396437644958,0.045173175632953644,-0.09522303938865662,-0.37780070304870605,-0.2583676874637604,-0.5967703461647034,0.16626565158367157,0.3938026428222656,-0.590376615524292,1.0660991668701172,-0.30135324597358704,-0.26764747500419617,0.629353404045105,-0.6018831729888916,0.6147419810295105,"[0.7055396437644958, 0.045173175632953644, -0.09522303938865662, -0.7205691933631897, -0.41114750504493713, -0.04313705116510391, -0.06663934141397476, -0.007774338126182556, -0.9977468848228455, 0.699999988079071, 0.0, 0.0, -0.37780070304870605, -0.2583676874637604, -0.5967703461647034, 0.16626565158367157, -0.0061973631381988525, -0.19037660956382751, 0.6660991907119751, 0.09864675998687744, 0.5323525667190552, -0.17064660787582397, -5.960464477539063e-08, -0.18525803089141846, 0.5207078456878662, 1.9062860012054443, -1.9054431915283203, 1.4817651510238647, -0.25565892457962036, 3.7687132358551025, 0.6815462112426758, -0.8411784172058105, -7.499999523162842, -7.499874591827393, 7.102744712028652e-05, 3.4524290561676025, -1.0908257961273193, -0.4312455952167511, -0.7883042097091675, 0.06550869345664978, -0.38340115547180176, 0.7880784273147583, 1.1912387609481812, -1.402225375175476, -0.2724795341491699, -1.0816724300384521, -2.4028475284576416, 0.31513887643814087, 1.0, 1.0, 1.0, 1.0, 1.0, 1.0, 1.0, 1.0, 1.0, 1.0, 0.0, 1.0]"
190,0.0,0.0,0.0,6.235075852600858e-05,0.0,464.06146240234375,0.0,0.0,0.0,0.0,0.0,0.0,0.6302385330200195,0.06253144890069962,-0.07673580199480057,-0.3890436589717865,-0.2625078856945038,-0.606415331363678,0.18195225298404694,0.3605939745903015,-0.5769476294517517,1.0842221975326538,-0.3660529851913452,-0.3813458979129791,0.6424857378005981,-0.6018902063369751,0.7219817042350769,"[0.6302385330200195, 0.06253144890069962, -0.07673580199480057, 0.4009556472301483, 0.15522000193595886, -0.0448334701359272, -0.06730160117149353, -0.00871796254068613, -0.9976949691772461, 0.699999988079071, 0.0, 0.0, -0.3890436589717865, -0.2625078856945038, -0.606415331363678, 0.18195225298404694, -0.039406031370162964, -0.17694762349128723, 0.6842222213745117, 0.03394702076911926, 0.41865411400794983, -0.1575142741203308, -7.092952728271484e-06, -0.07801830768585205, -1.089586853981018, -0.5137046575546265, 0.5615432262420654, 0.30206748843193054, -2.1327908039093018, 0.6028055548667908, 1.0564472675323486, -4.2735772132873535, -5.148437976837158, 0.38283830881118774, 0.0033205696381628513, 5.298314094543457, -0.7844248414039612, 0.010770882479846478, -0.3025941252708435, -0.01773756742477417, -0.3294174075126648, 0.885869026184082, 1.1495767831802368, -1.0156804323196411, 0.1531839668750763, -1.3516063690185547, -2.2026708126068115, 0.5629312992095947, 1.0, 1.0, 1.0, 1.0, 1.0, 1.0, 1.0, 1.0, 1.0, 1.0, 0.0, 1.0]"
191,0.0,0.0,0.0,5.5992870329646394e-05,0.0,416.7412414550781,0.0,0.0,0.0,0.0,0.0,0.0,0.650022566318512,0.03448742628097534,-0.07016129791736603,-0.40908071398735046,-0.2727901339530945,-0.5567088723182678,0.18117518723011017,0.31764471530914307,-0.5568716526031494,1.104048490524292,-0.46511825919151306,-0.4914397597312927,0.6313220858573914,-0.6018905639648438,0.7997115254402161,"[0.650022566318512, 0.03448742628097534, -0.07016129791736603, 0.216269850730896, 0.5125560760498047, -0.10251837223768234, -0.05957919359207153, -0.01738237589597702, -0.9980723857879639, 0.699999988079071, 0.0, 0.0, -0.40908071398735046, -0.2727901339530945, -0.5567088723182678, 0.18117518723011017, -0.08235529065132141, -0.15687164664268494, 0.7040485143661499, -0.06511825323104858, 0.30856025218963623, -0.1686779260635376, -7.450580596923828e-06, -0.0002884864807128906, -0.4325605034828186, -0.2747403085231781, 3.9218578338623047, 0.03479275479912758, -2.32838773727417, 0.8351266384124756, 0.8941063284873962, -4.927039623260498, -3.4947502613067627, -0.5138675570487976, 0.005718863569200039, 1.9703967571258545, -0.18395212292671204, 0.115118108689785, -0.35555151104927063, 0.14517676830291748, 0.00560915470123291, 0.4882211983203888, 1.1665767431259155, -0.47991955280303955, 0.6612330079078674, -0.8312497735023499, -2.1311428546905518, -0.1279006004333496, 1.0, 1.0, 1.0, 1.0, 1.0, 1.0, 1.0, 1.0, 1.0, 1.0, 0.0, 1.0]"
192,0.0,0.0,0.0,3.532564005581662e-05,0.0,262.92010498046875,0.0,0.0,0.0,0.0,0.0,0.0,0.6953249573707581,-0.02515464648604393,-0.09976061433553696,-0.3832182288169861,-0.2653847336769104,-0.4461195766925812,0.18991051614284515,0.27179452776908875,-0.5401851534843445,1.110546350479126,-0.544224202632904,-0.4692920446395874,0.6185819506645203,-0.6018920540809631,0.764568567276001,"[0.6953249573707581, -0.02515464648604393, -0.09976061433553696, -0.6845253109931946, 0.747840940952301, -0.1772628277540207, -0.046386994421482086, -0.009260101243853569, -0.9988807439804077, 0.699999988079071, 0.0, 0.0, -0.3832182288169861, -0.2653847336769104, -0.4461195766925812, 0.18991051614284515, -0.12820547819137573, -0.14018514752388, 0.7105463743209839, -0.14422419667243958, 0.33070796728134155, -0.1814180612564087, -8.940696716308594e-06, -0.03543144464492798, 2.248566150665283, 0.6428964138031006, 5.818551540374756, 0.5848360061645508, -2.130764961242676, 0.5680952072143555, -0.12613338232040405, -3.246126413345337, 3.067213296890259, -0.3246050775051117, 0.005757226143032312, -3.5206868648529053, 0.18280312418937683, -0.3264901340007782, -0.45072871446609497, 0.37195324897766113, -0.18148601055145264, 0.25781962275505066, 1.3297783136367798, -0.025971144437789917, 1.3338820934295654, -0.8148666620254517, -2.2636868953704834, -0.5395137071609497, 1.0, 1.0, 1.0, 1.0, 1.0, 1.0, 1.0, 1.0, 1.0, 1.0, 0.0, 1.0]"
193,9.594950824975967e-06,0.0,71.41287231445312,2.0205283362884074e-05,0.0,150.3829803466797,0.0,0.0,0.0,0.0,0.0,0.0,0.7456614375114441,-0.05416097864508629,-0.20503880083560944,-0.3140392601490021,-0.2476014494895935,-0.33581921458244324,0.20503178238868713,0.23644821345806122,-0.5322853922843933,1.0973886251449585,-0.5819650888442993,-0.37674739956855774,0.6165173053741455,-0.6018110513687134,0.6668714284896851,"[0.7456614375114441, -0.05416097864508629, -0.20503880083560944, -0.9400517344474792, 0.9041970372200012, -0.22177229821681976, -0.029254168272018433, 0.009388244710862637, -0.9995278716087341, 0.699999988079071, 0.0, 0.0, -0.3140392601490021, -0.2476014494895935, -0.33581921458244324, 0.20503178238868713, -0.16355179250240326, -0.13228538632392883, 0.6973886489868164, -0.18196508288383484, 0.4232526123523712, -0.18348270654678345, 7.206201553344727e-05, -0.1331285834312439, 3.46992826461792, 0.8807874321937561, 4.998006343841553, 0.7437738180160522, -1.4565562009811401, 0.2190760225057602, -0.9270663857460022, -0.9967622756958008, 3.147158145904541, 0.1389559954404831, 0.06329934298992157, -5.638744831085205, -0.06799325346946716, -0.2833434045314789, -0.4411928951740265, 0.6953213214874268, -0.33320921659469604, -0.21928131580352783, 1.3299329280853271, 0.507469654083252, 1.487992525100708, -0.7556614875793457, -2.3680951595306396, -0.7686487436294556, 1.0, 1.0, 1.0, 1.0, 1.0, 1.0, 1.0, 1.0, 1.0, 1.0, 0.0, 1.0]"
194,3.215332981199026e-05,0.0,239.30935668945312,3.4700240121310344e-06,0.0,25.826539993286133,0.0,0.0,0.0,0.0,0.0,0.0,0.7386175394058228,-0.041838716715574265,-0.10030268877744675,-0.31779393553733826,-0.25397998094558716,-0.26324981451034546,0.19703565537929535,0.2884027659893036,-0.5140743255615234,1.075142502784729,-0.5658974051475525,-0.4308260977268219,0.6210154294967651,-0.601793646812439,0.5579552054405212,"[0.7386175394058228, -0.041838716715574265, -0.10030268877744675, 0.3771498501300812, -0.08392521739006042, -0.10204258561134338, -0.025481291115283966, 0.0038403498474508524, -0.9996680021286011, 0.699999988079071, 0.0, 0.0, -0.31779393553733826, -0.25397998094558716, -0.26324981451034546, 0.19703565537929535, -0.11159723997116089, -0.11407431960105896, 0.6751425266265869, -0.165897399187088, 0.36917391419410706, -0.17898458242416382, 8.946657180786133e-05, -0.24204480648040771, -0.5499584674835205, -0.40887579321861267, 3.422628164291382, -0.10151420533657074, 2.3709919452667236, 0.8565232753753662, -1.2888036966323853, 1.737565279006958, -5.581052303314209, 0.7411456108093262, 0.11842110753059387, -5.739375591278076, -0.269083708524704, -0.43019211292266846, -0.5024323463439941, 0.8476797342300415, -0.38862621784210205, -0.6194846630096436, 1.3587678670883179, 0.5850392580032349, 1.587188482284546, -0.14399874210357666, -2.4828574657440186, -1.0365486145019531, 1.0, 1.0, 1.0, 1.0, 1.0, 1.0, 1.0, 1.0, 1.0, 1.0, 0.0, 1.0]"
195,3.3668966352706775e-05,0.0,250.5898895263672,0.0,0.0,0.0,0.0,0.0,0.0,5.941686322330497e-05,0.0,442.22515869140625,0.6617153286933899,-0.039768874645233154,-0.009412528946995735,-0.31239762902259827,-0.2542491853237152,-0.19314689934253693,0.20070487260818481,0.31508809328079224,-0.5141440033912659,1.038357138633728,-0.5538185238838196,-0.43405428528785706,0.6620464324951172,-0.6018896102905273,0.5801824927330017,"[0.6617153286933899, -0.039768874645233154, -0.009412528946995735, -0.25664404034614563, -0.27697160840034485, -0.08292436599731445, -0.02994849719107151, 0.006604826543480158, -0.9995296001434326, 0.699999988079071, 0.0, 0.0, -0.31239762902259827, -0.2542491853237152, -0.19314689934253693, 0.20070487260818481, -0.08491191267967224, -0.11414399743080139, 0.6383571624755859, -0.1538185179233551, 0.3659457266330719, -0.13795357942581177, -6.496906280517578e-06, -0.21981751918792725, 0.38066405057907104, -0.14928559958934784, 3.173755407333374, 0.305398166179657, 1.5224429368972778, -0.6041672825813293, -2.1334235668182373, 0.5694193840026855, -0.28576162457466125, 3.8004493713378906, -0.0037576593458652496, 1.178837776184082, -0.481063574552536, -0.5791701674461365, -0.6515790224075317, 0.36669275164604187, 0.3015338182449341, -0.5477854609489441, 1.4364427328109741, 0.6061378717422485, 1.4020576477050781, 0.427570641040802, -2.6879520416259766, -1.050384759902954, 1.0, 1.0, 1.0, 1.0, 1.0, 1.0, 1.0, 1.0, 1.0, 1.0, 0.0, 1.0]"
196,2.2791953597334214e-05,0.0,169.6349334716797,0.0,0.0,0.0,0.0,0.0,0.0,5.5248630815185606e-05,0.0,411.2020568847656,0.6609607338905334,0.011146550066769123,0.007052943576127291,-0.3101828098297119,-0.2719097137451172,-0.16076329350471497,0.20076440274715424,0.33636102080345154,-0.5381160378456116,0.9943702816963196,-0.5377708673477173,-0.42985379695892334,0.7603930234909058,-0.6018835306167603,0.5927340984344482,"[0.6609607338905334, 0.011146550066769123, 0.007052943576127291, 0.1398169994354248, -0.06913628429174423, -0.0891721099615097, -0.033146537840366364, 0.006802735850214958, -0.9994274377822876, 0.699999988079071, 0.0, 0.0, -0.3101828098297119, -0.2719097137451172, -0.16076329350471497, 0.20076440274715424, -0.06363898515701294, -0.1381160318851471, 0.5943702459335327, -0.1377708613872528, 0.3701462149620056, -0.03960698843002319, -4.172325134277344e-07, -0.2072659134864807, -0.07612331211566925, -1.2089028358459473, 0.7033150792121887, -0.18580016493797302, 1.0748989582061768, -1.3882704973220825, -2.1066503524780273, 0.6519390344619751, 0.05394665151834488, 4.73651647567749, 0.00028517283499240875, 0.6941746473312378, -0.48632529377937317, -0.3034045398235321, -0.9444233179092407, 0.4384855329990387, 0.09986680746078491, -0.868628978729248, 1.6052709817886353, 0.4120347201824188, 1.387237787246704, 0.4874192774295807, -3.037001132965088, -0.9654913544654846, 1.0, 1.0, 1.0, 1.0, 1.0, 1.0, 1.0, 1.0, 1.0, 1.0, 0.0, 1.0]"
197,3.318809831398539e-05,0.0,247.01089477539062,0.0,0.0,0.0,0.0,0.0,0.0,4.279170752852224e-05,0.0,318.4882507324219,0.6765995025634766,0.02648756466805935,-0.020516538992524147,-0.3142051696777344,-0.2919343113899231,-0.16669215261936188,0.19576744735240936,0.35923564434051514,-0.5717512965202332,0.9632190465927124,-0.5213815569877625,-0.43342939019203186,0.8472563028335571,-0.6018803119659424,0.6006285548210144,"[0.6765995025634766, 0.02648756466805935, -0.020516538992524147, 0.19034799933433533, 0.0124465711414814, -0.031875092536211014, -0.0331689789891243, 0.0026427116245031357, -0.9994460344314575, 0.699999988079071, 0.0, 0.0, -0.3142051696777344, -0.2919343113899231, -0.16669215261936188, 0.19576744735240936, -0.04076436161994934, -0.17175129055976868, 0.5632190704345703, -0.12138155102729797, 0.3665706217288971, 0.047256290912628174, 2.8014183044433594e-06, -0.19937145709991455, -0.2144615352153778, -0.7633215188980103, -0.7367920875549316, -0.225856751203537, 1.2642414569854736, -1.8424253463745117, -1.2165234088897705, 0.657608151435852, -0.38311338424682617, 4.130277156829834, -0.0014314241707324982, 0.6260219812393188, -0.3142237961292267, -0.47031018137931824, -0.9963545203208923, 0.4428795576095581, 0.004110217094421387, -0.7619918584823608, 1.5612207651138306, 0.3325093388557434, 1.3611867427825928, 0.5095562934875488, -3.212139844894409, -0.9429898262023926, 1.0, 1.0, 1.0, 1.0, 1.0, 1.0, 1.0, 1.0, 1.0, 1.0, 0.0, 1.0]"
198,4.122485188418068e-05,0.0,306.8265075683594,0.0,0.0,0.0,0.0,0.0,0.0,4.106907726963982e-05,0.0,305.6671142578125,0.6791844964027405,0.02987590618431568,-0.022092700004577637,-0.31933894753456116,-0.30129799246788025,-0.19460617005825043,0.19110172986984253,0.3817701041698456,-0.6098887324333191,0.9494230151176453,-0.5050397515296936,-0.4355233311653137,0.9104171991348267,-0.601881742477417,0.6105223298072815,"[0.6791844964027405, 0.02987590618431568, -0.022092700004577637, 0.24409784376621246, -0.05837158113718033, 0.007912794128060341, -0.033744994550943375, -0.001670394092798233, -0.9994292259216309, 0.699999988079071, 0.0, 0.0, -0.31933894753456116, -0.30129799246788025, -0.19460617005825043, 0.19110172986984253, -0.018229901790618896, -0.20988872647285461, 0.5494229793548584, -0.10503974556922913, 0.36447668075561523, 0.1104171872138977, 1.3709068298339844e-06, -0.18947768211364746, -0.28402402997016907, -0.39633888006210327, -1.7583407163619995, -0.24875710904598236, 1.1322202682495117, -1.8826370239257812, -0.4332490563392639, 0.658926784992218, -0.04371223598718643, 2.493457555770874, -0.019007939845323563, 0.7807552814483643, -0.3608458340167999, -0.5559638738632202, -1.0503630638122559, 0.4593309462070465, -0.08284533023834229, -0.7655170559883118, 1.544869065284729, 0.36735424399375916, 1.3615211248397827, 0.5123472809791565, -3.3058812618255615, -0.9179418087005615, 1.0, 1.0, 1.0, 1.0, 1.0, 1.0, 1.0, 1.0, 1.0, 1.0, 0.0, 1.0]"
199,4.052446092828177e-05,0.0,301.6136779785156,0.0,0.0,0.0,0.0,0.0,0.0,4.355205601314083e-05,0.0,324.1473083496094,0.6842700242996216,0.03843138739466667,-0.0022169258445501328,-0.32576262950897217,-0.3105931878089905,-0.23947285115718842,0.18514502048492432,0.39880895614624023,-0.6459363698959351,0.9482036828994751,-0.4873414933681488,-0.4257013201713562,0.9488436579704285,-0.6018824577331543,0.6212939023971558,"[0.6842700242996216, 0.03843138739466667, -0.0022169258445501328, 0.29551181197166443, -0.12735028564929962, 0.014088199473917484, -0.03585151955485344, -0.007361043244600296, -0.9993298649787903, 0.699999988079071, 0.0, 0.0, -0.32576262950897217, -0.3105931878089905, -0.23947285115718842, 0.18514502048492432, -0.0011910498142242432, -0.24593636393547058, 0.548203706741333, -0.08734148740768433, 0.37429869174957275, 0.1488436460494995, 6.556510925292969e-07, -0.1787061095237732, -0.32432660460472107, -0.5433380603790283, -2.4672348499298096, -0.30397799611091614, 0.8290355205535889, -1.7129732370376587, 0.1363285928964615, 0.7503790259361267, 0.590823233127594, 1.5802885293960571, -0.01887623965740204, 0.7727981805801392, -0.3652023375034332, -0.6319480538368225, -1.1922534704208374, 0.4627093970775604, -0.12303328514099121, -0.75773024559021, 1.5908355712890625, 0.4136604964733124, 1.4056049585342407, 0.4774216115474701, -3.3846771717071533, -0.9389907717704773, 1.0, 1.0, 1.0, 1.0, 1.0, 1.0, 1.0, 1.0, 1.0, 1.0, 0.0, 1.0]"
200,3.956783257308416e-05,0.0,294.4936828613281,0.0,0.0,0.0,0.0,0.0,0.0,4.461676871869713e-05,0.0,332.07171630859375,0.700170636177063,0.046347133815288544,0.023478040471673012,-0.3323513865470886,-0.32337450981140137,-0.29529237747192383,0.17854563891887665,0.4101109802722931,-0.6760696768760681,0.9581305980682373,-0.4660808742046356,-0.4041312336921692,0.9689245223999023,-0.6018825769424438,0.6286625266075134,"[0.700170636177063, 0.046347133815288544, 0.023478040471673012, 0.2916751801967621, -0.1626250147819519, 0.015365333296358585, -0.038921043276786804, -0.013423500582575798, -0.9991523027420044, 0.699999988079071, 0.0, 0.0, -0.3323513865470886, -0.32337450981140137, -0.29529237747192383, 0.17854563891887665, 0.010110974311828613, -0.27606967091560364, 0.5581306219100952, -0.06608086824417114, 0.39586877822875977, 0.1689245104789734, 5.364418029785156e-07, -0.17133748531341553, -0.31139758229255676, -0.6719100475311279, -2.934985876083374, -0.31439605355262756, 0.5361056327819824, -1.3449983596801758, 0.6885300874710083, 0.9407871961593628, 1.1720925569534302, 0.543360710144043, -0.017278607934713364, 0.5670608282089233, -0.42537596821784973, -0.6288161277770996, -1.3044509887695312, 0.4421740472316742, -0.18140369653701782, -0.7589989900588989, 1.6129322052001953, 0.43252310156822205, 1.4703857898712158, 0.3875560164451599, -3.404175281524658, -0.9752160310745239, 1.0, 1.0, 1.0, 1.0, 1.0, 1.0, 1.0, 1.0, 1.0, 1.0, 0.0, 1.0]"
201,4.036190148326568e-05,0.0,300.4037780761719,0.0,0.0,0.0,0.0,0.0,0.0,4.4032829464413226e-05,0.0,327.7255859375,0.7196645140647888,0.04944780096411705,0.05242113769054413,-0.3381085693836212,-0.33552083373069763,-0.358317494392395,0.17240148782730103,0.4155816435813904,-0.6976627111434937,0.978102445602417,-0.4401012361049652,-0.371010422706604,0.9674314856529236,-0.6018829345703125,0.6304637789726257,"[0.7196645140647888, 0.04944780096411705, 0.05242113769054413, 0.23478403687477112, -0.19727249443531036, 0.022810617461800575, -0.04266977310180664, -0.018824122846126556, -0.9989118576049805, 0.699999988079071, 0.0, 0.0, -0.3381085693836212, -0.33552083373069763, -0.358317494392395, 0.17240148782730103, 0.015581637620925903, -0.2976627051830292, 0.5781024694442749, -0.04010123014450073, 0.42898958921432495, 0.16743147373199463, 1.7881393432617188e-07, -0.16953623294830322, -0.24438945949077606, -0.5205872654914856, -3.2215874195098877, -0.2638983130455017, 0.2243141233921051, -0.8760617971420288, 1.1389135122299194, 1.1973586082458496, 1.7839113473892212, -0.6583617925643921, -0.016938935965299606, 0.2581104636192322, -0.4588422477245331, -0.6155841946601868, -1.4157230854034424, 0.45282724499702454, -0.2654622793197632, -0.7303260564804077, 1.6133633852005005, 0.4524080455303192, 1.5582786798477173, 0.24492314457893372, -3.374762535095215, -1.039088487625122, 1.0, 1.0, 1.0, 1.0, 1.0, 1.0, 1.0, 1.0, 1.0, 1.0, 0.0, 1.0]"
202,4.078556958120316e-05,0.0,303.5570068359375,0.0,0.0,0.0,0.0,0.0,0.0,4.2494397348491475e-05,0.0,316.2754211425781,0.738943338394165,0.04833980277180672,0.08680912107229233,-0.34141406416893005,-0.34105315804481506,-0.42466849088668823,0.16840964555740356,0.4142983853816986,-0.7083170413970947,1.0039280652999878,-0.40819957852363586,-0.32479989528656006,0.9365022778511047,-0.6018841862678528,0.6246703863143921,"[0.738943338394165, 0.04833980277180672, 0.08680912107229233, 0.08858109265565872, -0.23526015877723694, 0.03097469173371792, -0.04717477783560753, -0.021971067413687706, -0.9986447691917419, 0.699999988079071, 0.0, 0.0, -0.34141406416893005, -0.34105315804481506, -0.42466849088668823, 0.16840964555740356, 0.01429837942123413, -0.30831703543663025, 0.6039280891418457, -0.008199572563171387, 0.4752001166343689, 0.13650226593017578, -1.0728836059570312e-06, -0.17532962560653687, -0.0875864326953888, -0.08904007077217102, -3.3328492641448975, -0.11997435986995697, -0.12958253920078278, -0.25138068199157715, 1.3139822483062744, 1.530583143234253, 2.4593591690063477, -2.4381775856018066, -0.018570102751255035, -0.18416760861873627, -0.4642808437347412, -0.5961909294128418, -1.5431599617004395, 0.5314655303955078, -0.40030616521835327, -0.6322246789932251, 1.5600581169128418, 0.4809360206127167, 1.6888777017593384, -0.014843575656414032, -3.2683334350585938, -1.1025922298431396, 1.0, 1.0, 1.0, 1.0, 1.0, 1.0, 1.0, 1.0, 1.0, 1.0, 0.0, 1.0]"
203,4.022568464279175e-05,0.0,299.3899230957031,0.0,0.0,0.0,0.0,0.0,0.0,3.529137757141143e-05,0.0,262.6650695800781,0.755037248134613,0.045043013989925385,0.1184186041355133,-0.3406544029712677,-0.33626168966293335,-0.49304088950157166,0.16819949448108673,0.4049588739871979,-0.7033042311668396,1.027909517288208,-0.3696874678134918,-0.2632192373275757,0.8666659593582153,-0.6018871068954468,0.6099575161933899,"[0.755037248134613, 0.045043013989925385, 0.1184186041355133, -0.1102207824587822, -0.2941811978816986, 0.036485932767391205, -0.052586495876312256, -0.02123924344778061, -0.9983909130096436, 0.699999988079071, 0.0, 0.0, -0.3406544029712677, -0.33626168966293335, -0.49304088950157166, 0.16819949448108673, 0.0049588680267333984, -0.3033042252063751, 0.6279095411300659, 0.030312538146972656, 0.5367807745933533, 0.06666594743728638, -3.993511199951172e-06, -0.19004249572753906, 0.11714070290327072, 0.4773835241794586, -3.451718330383301, 0.08049246668815613, -0.5804600715637207, 0.721638560295105, 1.0511438846588135, 1.8975619077682495, 3.306519031524658, -4.714956760406494, -0.022796642035245895, -0.6713582873344421, -0.5001699924468994, -0.5645481944084167, -1.5948708057403564, 0.7012540102005005, -0.5959033966064453, -0.28844553232192993, 1.4047279357910156, 0.3438971936702728, 1.771582007408142, -0.5367459058761597, -2.9830946922302246, -1.0520821809768677, 1.0, 1.0, 1.0, 1.0, 1.0, 1.0, 1.0, 1.0, 1.0, 1.0, 0.0, 1.0]"
204,0.0,0.0,0.0,0.0,0.0,0.0,0.0,0.0,0.0,4.753670509671792e-06,0.0,35.38040542602539,0.7574729919433594,0.03255442529916763,0.06228019669651985,-0.3348422348499298,-0.31799957156181335,-0.5613674521446228,0.17373840510845184,0.3887908160686493,-0.6730595231056213,1.0413585901260376,-0.3286385238170624,-0.19902241230010986,0.7606510519981384,-0.6018832325935364,0.5922744870185852,"[0.7574729919433594, 0.03255442529916763, 0.06228019669651985, -0.4449614882469177, -0.3248428404331207, 0.03838551416993141, -0.05926128104329109, -0.015277317725121975, -0.9981256127357483, 0.699999988079071, 0.0, 0.0, -0.3348422348499298, -0.31799957156181335, -0.5613674521446228, 0.17373840510845184, -0.011209189891815186, -0.27305951714515686, 0.6413586139678955, 0.0713614821434021, 0.6009775996208191, -0.03934895992279053, -1.1920928955078125e-07, -0.20772552490234375, 0.3758629858493805, 1.2717105150222778, -3.285252809524536, 0.5015590190887451, -0.730265200138092, 2.0823352336883545, 0.4351654648780823, 1.9923970699310303, 1.395512342453003, -5.889444828033447, 0.00020381517242640257, -1.1115480661392212, -1.0641381740570068, -0.4387986361980438, -1.2493191957473755, 0.6110197305679321, -0.5603363513946533, 0.44025811553001404, 1.117663860321045, -0.43393972516059875, 0.786086916923523, -1.3001434803009033, -2.5170419216156006, -0.4675017297267914, 1.0, 1.0, 1.0, 1.0, 1.0, 1.0, 1.0, 1.0, 1.0, 1.0, 0.0, 1.0]"
205,0.0,0.0,0.0,0.0,0.0,0.0,0.0,0.0,0.0,0.0,0.0,0.0,0.7144596576690674,0.02294544316828251,-0.09440004080533981,-0.333083838224411,-0.2810632288455963,-0.6109021902084351,0.19416478276252747,0.37307149171829224,-0.6086378693580627,1.043436050415039,-0.3168962299823761,-0.2806997299194336,0.6144559979438782,-0.6018832325935364,0.6129584312438965,"[0.7144596576690674, 0.02294544316828251, -0.09440004080533981, -1.0490667819976807, -0.29518869519233704, 0.02278270199894905, -0.06443769484758377, -0.0020359824411571026, -0.9979194402694702, 0.699999988079071, 0.0, 0.0, -0.333083838224411, -0.2810632288455963, -0.6109021902084351, 0.19416478276252747, -0.02692851424217224, -0.20863786339759827, 0.643436074256897, 0.08310377597808838, 0.5193002820014954, -0.18554401397705078, -1.1920928955078125e-07, -0.18704158067703247, 0.11419305205345154, 2.436525583267212, -0.5258539915084839, 1.623645305633545, -1.0412061214447021, 3.8274295330047607, 0.19957248866558075, -0.5842710137367249, -5.175131797790527, -7.345129013061523, -5.116435931995511e-05, 3.1529922485351562, -1.1733745336532593, -0.2815392315387726, -0.6839063167572021, 0.07311835885047913, -0.4689241051673889, 0.6459252834320068, 1.008732557296753, -1.4097658395767212, -0.26570600271224976, -1.1079354286193848, -2.4319376945495605, 0.2605593800544739, 1.0, 1.0, 1.0, 1.0, 1.0, 1.0, 1.0, 1.0, 1.0, 1.0, 0.0, 1.0]"
206,0.0,0.0,0.0,6.471215601777658e-05,0.0,481.6367492675781,0.0,0.0,0.0,0.0,0.0,0.0,0.6390385031700134,0.06681807339191437,-0.09735675901174545,-0.3636563718318939,-0.27959248423576355,-0.6069595813751221,0.20469586551189423,0.3347017765045166,-0.5884024500846863,1.0463162660598755,-0.3754924535751343,-0.3961259424686432,0.6135895848274231,-0.601888120174408,0.715421199798584,"[0.6390385031700134, 0.06681807339191437, -0.09735675901174545, 0.41719889640808105, 0.2908848226070404, 0.014758717268705368, -0.0631142184138298, 0.000665212981402874, -0.9980058073997498, 0.699999988079071, 0.0, 0.0, -0.3636563718318939, -0.27959248423576355, -0.6069595813751221, 0.20469586551189423, -0.06529822945594788, -0.1884024441242218, 0.6463162899017334, 0.0245075523853302, 0.40387406945228577, -0.18641042709350586, -5.0067901611328125e-06, -0.08457881212234497, -2.4117610454559326, -0.4994696080684662, 0.49600520730018616, -0.2563064694404602, -2.1533262729644775, 0.5811446905136108, 0.12868449091911316, -3.9940264225006104, -6.808191299438477, 0.18647795915603638, 0.005256853066384792, 5.105011463165283, -0.8845460414886475, -0.04762110486626625, -0.2746700048446655, -0.13522854447364807, -0.2851608395576477, 0.7942405939102173, 1.1670887470245361, -0.8578922748565674, 0.13970346748828888, -1.2650666236877441, -2.230247735977173, 0.5017256736755371, 1.0, 1.0, 1.0, 1.0, 1.0, 1.0, 1.0, 1.0, 1.0, 1.0, 0.0, 1.0]"
207,0.0,0.0,0.0,5.4688956879545e-05,0.0,407.0365295410156,0.0,0.0,0.0,0.0,0.0,0.0,0.6629780530929565,0.030333811417222023,-0.08342743664979935,-0.40555906295776367,-0.2877953052520752,-0.5532898902893066,0.19231721758842468,0.28693780303001404,-0.570611834526062,1.0536181926727295,-0.46506431698799133,-0.4897410571575165,0.6018944382667542,-0.6018837094306946,0.7813370823860168,"[0.6629780530929565, 0.030333811417222023, -0.08342743664979935, 0.08275187015533447, 0.6165847182273865, -0.036915965378284454, -0.053025320172309875, -0.006677146535366774, -0.9985706806182861, 0.699999988079071, 0.0, 0.0, -0.40555906295776367, -0.2877953052520752, -0.5532898902893066, 0.19231721758842468, -0.11306220293045044, -0.17061182856559753, 0.6536182165145874, -0.06506431102752686, 0.3102589547634125, -0.1981055736541748, -5.960464477539062e-07, -0.01866292953491211, -1.2911871671676636, -0.15637941658496857, 4.364523887634277, -0.5280762910842896, -2.6598920822143555, 0.7675990462303162, 0.5275664329528809, -4.271312236785889, -1.0395187139511108, -0.4478920102119446, 0.010219709947705269, 0.9482508301734924, -0.020085779950022697, -0.09050367027521133, -0.3065561056137085, 0.23024612665176392, 0.0770455002784729, 0.41101065278053284, 1.2562155723571777, -0.31101930141448975, 0.9701534509658813, -0.8498198986053467, -2.0533010959625244, -0.2955755889415741, 1.0, 1.0, 1.0, 1.0, 1.0, 1.0, 1.0, 1.0, 1.0, 1.0, 0.0, 1.0]"
208,0.0,0.0,0.0,3.396982720005326e-05,0.0,252.8291015625,0.0,0.0,0.0,0.0,0.0,0.0,0.7219654321670532,-0.03900415077805519,-0.1315559595823288,-0.39262354373931885,-0.27740973234176636,-0.4367697238922119,0.19061793386936188,0.24307069182395935,-0.5571708083152771,1.0605106353759766,-0.5288189053535461,-0.4471072554588318,0.5917919874191284,-0.6018871068954468,0.7316951751708984,"[0.7219654321670532, -0.03900415077805519, -0.1315559595823288, -0.757623016834259, 0.8470097184181213, -0.15620926022529602, -0.037839263677597046, 0.0038059200160205364, -0.9992763996124268, 0.699999988079071, 0.0, 0.0, -0.39262354373931885, -0.27740973234176636, -0.4367697238922119, 0.19061793386936188, -0.15692931413650513, -0.15717080235481262, 0.6605106592178345, -0.12881889939308167, 0.35289275646209717, -0.20820802450180054, -3.993511199951172e-06, -0.06830483675003052, 1.7021292448043823, 0.7366435527801514, 5.9609527587890625, 0.09823980927467346, -1.857866644859314, 0.37509089708328247, 0.08988896757364273, -2.4977893829345703, 3.4032845497131348, -0.09837095439434052, 0.008584575727581978, -3.891686201095581, 0.23240408301353455, -0.4331195652484894, -0.4745289087295532, 0.3916301727294922, -0.3016955852508545, 0.22741106152534485, 1.3303653001785278, -0.020000487565994263, 1.358742356300354, -0.8262963891029358, -2.2484242916107178, -0.640958309173584, 1.0, 1.0, 1.0, 1.0, 1.0, 1.0, 1.0, 1.0, 1.0, 1.0, 0.0, 1.0]"
209,0.00015518373402301222,0.0,1154.9945068359375,1.8934684703708626e-05,0.0,140.9262237548828,0.0,0.0,0.0,0.0,0.0,0.0,0.7823188304901123,-0.0331878587603569,-0.1352078914642334,-0.345237135887146,-0.26110026240348816,-0.3248859941959381,0.19497820734977722,0.22254669666290283,-0.5508442521095276,1.0557124614715576,-0.5537260174751282,-0.3756731450557709,0.5923993587493896,-0.601681113243103,0.6303951144218445,"[0.7823188304901123, -0.0331878587603569, -0.1352078914642334, -0.04518388956785202, 0.536432683467865, -0.21496333181858063, -0.02025092951953411, 0.02047714591026306, -0.9995853900909424, 0.699999988079071, 0.0, 0.0, -0.345237135887146, -0.26110026240348816, -0.3248859941959381, 0.19497820734977722, -0.17745330929756165, -0.1508442461490631, 0.6557124853134155, -0.1537260115146637, 0.4243268668651581, -0.2076006531715393, 0.00020200014114379883, -0.16960489749908447, -0.06947076320648193, 0.0035732388496398926, 4.622359752655029, -0.7422247529029846, 2.356811046600342, 0.7072912454605103, -0.37221089005470276, -0.2670789659023285, -2.509861469268799, 0.023019012063741684, -0.0475827120244503, -5.207576274871826, -0.04204252362251282, -0.3273082673549652, -0.41907426714897156, 0.6430387496948242, -0.3811264634132385, -0.2421140968799591, 1.30840003490448, 0.4578433334827423, 1.4828078746795654, -0.7757516503334045, -2.32708477973938, -0.813165009021759, 1.0, 1.0, 1.0, 1.0, 1.0, 1.0, 1.0, 1.0, 1.0, 1.0, 0.0, 1.0]"
210,2.631714232848026e-05,0.0,195.87205505371094,2.4963537725852802e-06,0.0,18.57975196838379,0.0,0.0,0.0,0.0,0.0,0.0,0.725816547870636,-0.06448715180158615,-0.1113537847995758,-0.35204413533210754,-0.26937949657440186,-0.24683533608913422,0.18109306693077087,0.28106164932250977,-0.5329508781433105,1.0411348342895508,-0.5326222777366638,-0.4369661211967468,0.6001378297805786,-0.6018635630607605,0.5247986912727356,"[0.725816547870636, -0.06448715180158615, -0.1113537847995758, 0.27455630898475647, -0.0601537711918354, -0.0815339982509613, -0.018190918490290642, 0.012293622829020023, -0.9997590184211731, 0.699999988079071, 0.0, 0.0, -0.35204413533210754, -0.26937949657440186, -0.24683533608913422, 0.18109306693077087, -0.11893835663795471, -0.13295087218284607, 0.6411348581314087, -0.13262227177619934, 0.36303389072418213, -0.19986218214035034, 1.9550323486328125e-05, -0.27520132064819336, -0.0926700234413147, -0.2579711973667145, 3.801663398742676, -0.1054908037185669, 1.1133102178573608, 0.6710873246192932, -0.9996951222419739, 1.7314625978469849, -0.04842911660671234, 0.933085560798645, 0.010192949324846268, -5.484374523162842, -0.2976723611354828, -0.577752411365509, -0.4206908047199249, 0.5523491501808167, -0.051492512226104736, -0.5104823112487793, 1.240794062614441, 0.4215411841869354, 1.350434422492981, -0.06991732865571976, -2.426396369934082, -1.0884631872177124, 1.0, 1.0, 1.0, 1.0, 1.0, 1.0, 1.0, 1.0, 1.0, 1.0, 0.0, 1.0]"
211,3.1950141419656575e-05,0.0,237.79708862304688,0.0,0.0,0.0,0.0,0.0,0.0,4.9850958021124825e-05,0.0,371.02850341796875,0.6656056046485901,-0.0425693616271019,-0.05425717309117317,-0.35109758377075195,-0.2762504816055298,-0.1798311173915863,0.1802324801683426,0.31288236379623413,-0.5321940779685974,1.0087792873382568,-0.5195719003677368,-0.44559165835380554,0.6510006785392761,-0.6018824577331543,0.5455411672592163,"[0.6656056046485901, -0.0425693616271019, -0.05425717309117317, -0.008481642231345177, -0.2688676416873932, -0.11197462677955627, -0.023420996963977814, 0.009704971686005592, -0.9996785521507263, 0.699999988079071, 0.0, 0.0, -0.35109758377075195, -0.2762504816055298, -0.1798311173915863, 0.1802324801683426, -0.08711764216423035, -0.13219407200813293, 0.6087793111801147, -0.11957189440727234, 0.3544083535671234, -0.14899933338165283, 6.556510925292969e-07, -0.25445884466171265, 0.17631837725639343, -0.4561586380004883, 2.9311764240264893, 0.07662048935890198, 1.3976562023162842, -0.5409600734710693, -1.9533356428146362, 0.3959275484085083, -0.12713833153247833, 4.347810745239258, -0.0002316553145647049, 1.473320722579956, -0.5278488993644714, -0.45536231994628906, -0.7203335762023926, 0.41375038027763367, 0.16576296091079712, -0.6409989595413208, 1.4552652835845947, 0.6317925453186035, 1.4811352491378784, 0.40497151017189026, -2.7913763523101807, -0.994186520576477, 1.0, 1.0, 1.0, 1.0, 1.0, 1.0, 1.0, 1.0, 1.0, 1.0, 0.0, 1.0]"
212,3.0131426683510654e-05,0.0,224.26083374023438,0.0,0.0,0.0,0.0,0.0,0.0,5.234389755059965e-05,0.0,389.5828552246094,0.6687391996383667,0.003714732825756073,-0.028631286695599556,-0.35065874457359314,-0.29164040088653564,-0.14794126152992249,0.17849543690681458,0.33826133608818054,-0.5528524518013,0.9690766930580139,-0.5080381631851196,-0.44750916957855225,0.7524579763412476,-0.6018798351287842,0.565915048122406,"[0.6687391996383667, 0.003714732825756073, -0.028631286695599556, 0.15738508105278015, -0.10383650660514832, -0.09193823486566544, -0.026846740394830704, 0.007863950915634632, -0.9996084570884705, 0.699999988079071, 0.0, 0.0, -0.35065874457359314, -0.29164040088653564, -0.14794126152992249, 0.17849543690681458, -0.061738669872283936, -0.15285244584083557, 0.569076657295227, -0.10803815722465515, 0.3524908423423767, -0.047542035579681396, 3.2782554626464844e-06, -0.23408496379852295, -0.08762206882238388, -0.8358067870140076, 0.7933324575424194, -0.15937303006649017, 1.2652276754379272, -1.2028224468231201, -1.8653154373168945, 0.4826536774635315, -0.1916312426328659, 4.771379470825195, -0.0008227508515119553, 1.0487580299377441, -0.40468665957450867, -0.34206369519233704, -0.928504228591919, 0.3460792005062103, 0.04753684997558594, -0.8241573572158813, 1.5498589277267456, 0.3872710168361664, 1.3663783073425293, 0.4543502628803253, -3.1058874130249023, -0.982473611831665, 1.0, 1.0, 1.0, 1.0, 1.0, 1.0, 1.0, 1.0, 1.0, 1.0, 0.0, 1.0]"
213,3.951248436351307e-05,0.0,294.08172607421875,0.0,0.0,0.0,0.0,0.0,0.0,4.080843791598454e-05,0.0,303.72723388671875,0.6763357520103455,0.022504322230815887,-0.0380169078707695,-0.35499119758605957,-0.30290183424949646,-0.15315109491348267,0.17348317801952362,0.36232230067253113,-0.5819548964500427,0.942253828048706,-0.49465951323509216,-0.4500732123851776,0.8380559086799622,-0.6018757224082947,0.5816451907157898,"[0.6763357520103455, 0.022504322230815887, -0.0380169078707695, 0.24406543374061584, -0.09286368638277054, -0.02187047339975834, -0.02852862887084484, 0.003161911852657795, -0.9995881915092468, 0.699999988079071, 0.0, 0.0, -0.35499119758605957, -0.30290183424949646, -0.15315109491348267, 0.17348317801952362, -0.03767770528793335, -0.18195489048957825, 0.542253851890564, -0.09465950727462769, 0.34992679953575134, 0.0380558967590332, 7.3909759521484375e-06, -0.21835482120513916, -0.25292858481407166, -0.3529821038246155, -0.7604445815086365, -0.23947136104106903, 1.2836352586746216, -1.5825611352920532, -1.028302788734436, 0.5380271673202515, -0.23178428411483765, 3.980163335800171, -0.0014893710613250732, 0.9909297227859497, -0.34143319725990295, -0.44802024960517883, -0.9864413142204285, 0.3957594633102417, -0.04681670665740967, -0.7605143785476685, 1.526271939277649, 0.35861989855766296, 1.3598897457122803, 0.4675648510456085, -3.2591354846954346, -0.9506296515464783, 1.0, 1.0, 1.0, 1.0, 1.0, 1.0, 1.0, 1.0, 1.0, 1.0, 0.0, 1.0]"
214,4.283661473891698e-05,0.0,318.82244873046875,0.0,0.0,0.0,0.0,0.0,0.0,3.9367743738694116e-05,0.0,293.0044860839844,0.677632749080658,0.03392530232667923,-0.03284916281700134,-0.3606579005718231,-0.30466756224632263,-0.18206153810024261,0.1683943271636963,0.38365983963012695,-0.6147036552429199,0.9312307834625244,-0.4803319275379181,-0.4465418756008148,0.8969759941101074,-0.6018756628036499,0.5984480977058411,"[0.677632749080658, 0.03392530232667923, -0.03284916281700134, 0.2754034101963043, -0.1621515452861786, 0.01944311521947384, -0.03120480664074421, -0.0019150967709720135, -0.9995110630989075, 0.699999988079071, 0.0, 0.0, -0.3606579005718231, -0.30466756224632263, -0.18206153810024261, 0.1683943271636963, -0.016340166330337524, -0.21470364928245544, 0.5312308073043823, -0.08033192157745361, 0.35345813632011414, 0.09697598218917847, 7.450580596923828e-06, -0.2015519142150879, -0.30569881200790405, -0.03653956577181816, -1.8279170989990234, -0.2591627240180969, 1.1008751392364502, -1.609052300453186, -0.3154102563858032, 0.6142233610153198, 0.19583460688591003, 2.280480146408081, -0.0020181797444820404, 1.0121572017669678, -0.34066978096961975, -0.552219569683075, -1.086963415145874, 0.3973657786846161, -0.09592491388320923, -0.7351328730583191, 1.531219482421875, 0.36995312571525574, 1.3616611957550049, 0.4609694182872772, -3.36611270904541, -0.944996178150177, 1.0, 1.0, 1.0, 1.0, 1.0, 1.0, 1.0, 1.0, 1.0, 1.0, 0.0, 1.0]"
215,4.150688255322166e-05,0.0,308.9255676269531,0.0,0.0,0.0,0.0,0.0,0.0,4.140170494792983e-05,0.0,308.1427917480469,0.685709536075592,0.051395583897829056,-0.015242571011185646,-0.3673725724220276,-0.30735912919044495,-0.22974570095539093,0.16222722828388214,0.4000905454158783,-0.645419180393219,0.932073712348938,-0.4635809659957886,-0.43273207545280457,0.9316439032554626,-0.6018768548965454,0.6138636469841003,"[0.685709536075592, 0.051395583897829056, -0.015242571011185646, 0.3075862228870392, -0.20478494465351105, 0.024551529437303543, -0.034999556839466095, -0.00781612191349268, -0.9993569254875183, 0.699999988079071, 0.0, 0.0, -0.3673725724220276, -0.30735912919044495, -0.22974570095539093, 0.16222722828388214, 9.053945541381836e-05, -0.24541917443275452, 0.5320737361907959, -0.0635809600353241, 0.3672679364681244, 0.1316438913345337, 6.258487701416016e-06, -0.1861363649368286, -0.3433205783367157, -0.23327407240867615, -2.6691510677337646, -0.31342604756355286, 0.832817018032074, -1.4410853385925293, 0.23621925711631775, 0.7542760968208313, 0.7323846220970154, 1.384946346282959, -0.002049066126346588, 0.8839210867881775, -0.3894723951816559, -0.5919739603996277, -1.2234385013580322, 0.40056440234184265, -0.1279672384262085, -0.729446291923523, 1.5780216455459595, 0.4205363690853119, 1.4132461547851562, 0.4175199568271637, -3.439859628677368, -0.9695794582366943, 1.0, 1.0, 1.0, 1.0, 1.0, 1.0, 1.0, 1.0, 1.0, 1.0, 0.0, 1.0]"
216,4.139018346904777e-05,0.0,308.0570068359375,0.0,0.0,0.0,0.0,0.0,0.0,4.208770769764669e-05,0.0,313.24853515625,0.704086422920227,0.06591309607028961,0.009541417472064495,-0.3741437792778015,-0.31361839175224304,-0.29043492674827576,0.15556281805038452,0.4115050733089447,-0.6702501177787781,0.9439877271652222,-0.4425477385520935,-0.40894463658332825,0.9480315446853638,-0.6018773317337036,0.6242108941078186,"[0.704086422920227, 0.06591309607028961, 0.009541417472064495, 0.2756096422672272, -0.22730624675750732, 0.028439847752451897, -0.039370354264974594, -0.013670778833329678, -0.99913090467453, 0.699999988079071, 0.0, 0.0, -0.3741437792778015, -0.31361839175224304, -0.29043492674827576, 0.15556281805038452, 0.011505067348480225, -0.2702501118183136, 0.5439877510070801, -0.04254773259162903, 0.3910553753376007, 0.14803153276443481, 5.781650543212891e-06, -0.17578911781311035, -0.3172137141227722, -0.33292505145072937, -3.194410562515259, -0.3061671257019043, 0.5743279457092285, -1.0794906616210938, 0.7905078530311584, 0.9880975484848022, 1.2365986108779907, 0.37097859382629395, -0.001988779753446579, 0.5901002883911133, -0.45041927695274353, -0.573842465877533, -1.328809380531311, 0.37525060772895813, -0.18851029872894287, -0.7201429009437561, 1.6031757593154907, 0.42520567774772644, 1.474143624305725, 0.32549354434013367, -3.4493331909179688, -1.0145741701126099, 1.0, 1.0, 1.0, 1.0, 1.0, 1.0, 1.0, 1.0, 1.0, 1.0, 0.0, 1.0]"
217,4.231687853462063e-05,0.0,314.9541931152344,0.0,0.0,0.0,0.0,0.0,0.0,4.1015708120539784e-05,0.0,305.2698974609375,0.7247826457023621,0.0742918848991394,0.03902749344706535,-0.3795461356639862,-0.31819650530815125,-0.3579915463924408,0.14995339512825012,0.4175048768520355,-0.6867390275001526,0.9660437107086182,-0.41601231694221497,-0.3744979798793793,0.9432798027992249,-0.6018775105476379,0.6275330781936646,"[0.7247826457023621, 0.0742918848991394, 0.03902749344706535, 0.18311692774295807, -0.2578081786632538, 0.038457125425338745, -0.04427996650338173, -0.018091566860675812, -0.9988551735877991, 0.699999988079071, 0.0, 0.0, -0.3795461356639862, -0.31819650530815125, -0.3579915463924408, 0.14995339512825012, 0.017504870891571045, -0.2867390215396881, 0.5660437345504761, -0.01601231098175049, 0.4255020320415497, 0.1432797908782959, 5.602836608886719e-06, -0.1724669337272644, -0.22549036145210266, -0.1336730569601059, -3.4360430240631104, -0.22723104059696198, 0.28633934259414673, -0.6170865297317505, 1.250322937965393, 1.2861013412475586, 1.8037101030349731, -0.8168990612030029, -0.0022666901350021362, 0.20855101943016052, -0.4979685842990875, -0.5435171723365784, -1.4283641576766968, 0.3872719705104828, -0.2814522981643677, -0.6767128109931946, 1.613305926322937, 0.4277507960796356, 1.5637574195861816, 0.18349003791809082, -3.4136130809783936, -1.0786659717559814, 1.0, 1.0, 1.0, 1.0, 1.0, 1.0, 1.0, 1.0, 1.0, 1.0, 0.0, 1.0]"
218,4.3028343498008326e-05,0.0,320.24945068359375,0.0,0.0,0.0,0.0,0.0,0.0,3.802583523793146e-05,0.0,283.0169677734375,0.744028627872467,0.07792016118764877,0.07124253362417221,-0.38225191831588745,-0.31572166085243225,-0.4275342524051666,0.14679139852523804,0.4170173704624176,-0.6921609044075012,0.9945467710494995,-0.3832220137119293,-0.32749807834625244,0.9099246263504028,-0.6018778681755066,0.6225830316543579,"[0.744028627872467, 0.07792016118764877, 0.07124253362417221, 0.03287609666585922, -0.29789361357688904, 0.048291392624378204, -0.049886856228113174, -0.019830146804451942, -0.9985582232475281, 0.699999988079071, 0.0, 0.0, -0.38225191831588745, -0.31572166085243225, -0.4275342524051666, 0.14679139852523804, 0.017017364501953125, -0.29216089844703674, 0.5945467948913574, 0.016777992248535156, 0.4725019335746765, 0.10992461442947388, 5.245208740234375e-06, -0.17741698026657104, -0.070146344602108, 0.30268654227256775, -3.467226028442383, -0.08368933200836182, -0.056581199169158936, 0.03329511359333992, 1.4778456687927246, 1.6303730010986328, 2.4720005989074707, -2.529170036315918, -0.015718720853328705, -0.25053954124450684, -0.5322139859199524, -0.49890246987342834, -1.5211395025253296, 0.4726118743419647, -0.4344848394393921, -0.5379714965820312, 1.5751423835754395, 0.3949035108089447, 1.697775959968567, -0.0688997134566307, -3.300703525543213, -1.1220191717147827, 1.0, 1.0, 1.0, 1.0, 1.0, 1.0, 1.0, 1.0, 1.0, 1.0, 0.0, 1.0]"
219,4.159319360041991e-05,0.0,309.5679626464844,0.0,0.0,0.0,0.0,0.0,0.0,2.6235065888613462e-05,0.0,195.2611846923828,0.7562640309333801,0.07623545080423355,0.0919957086443901,-0.3813971281051636,-0.3027580976486206,-0.49638599157333374,0.14706198871135712,0.40814968943595886,-0.6801009178161621,1.0232067108154297,-0.34492555260658264,-0.26419833302497864,0.8387996554374695,-0.6018803715705872,0.6109746098518372,"[0.7562640309333801, 0.07623545080423355, 0.0919957086443901, -0.12044746428728104, -0.3861246109008789, 0.05731845274567604, -0.05671657621860504, -0.018116630613803864, -0.9982258081436157, 0.699999988079071, 0.0, 0.0, -0.3813971281051636, -0.3027580976486206, -0.49638599157333374, 0.14706198871135712, 0.008149683475494385, -0.28010091185569763, 0.6232067346572876, 0.055074453353881836, 0.5358016490936279, 0.03879964351654053, 2.7418136596679688e-06, -0.1890254020690918, 0.09958857297897339, 0.8759963512420654, -3.4154560565948486, 0.07640789449214935, -0.5421028733253479, 1.151190996170044, 1.349747657775879, 1.9266700744628906, 3.439143657684326, -4.8206892013549805, -0.017384609207510948, -0.5625464916229248, -0.577504575252533, -0.4698214530944824, -1.500710129737854, 0.6661796569824219, -0.6144983768463135, -0.0893314778804779, 1.4260278940200806, 0.09582182765007019, 1.7402187585830688, -0.6256458163261414, -2.9887630939483643, -0.9457556009292603, 1.0, 1.0, 1.0, 1.0, 1.0, 1.0, 1.0, 1.0, 1.0, 1.0, 0.0, 1.0]"
220,0.0,0.0,0.0,0.0,0.0,0.0,0.0,0.0,0.0,5.347337719285861e-06,0.0,39.798927307128906,0.7453902363777161,0.05885156989097595,0.011562139727175236,-0.37611040472984314,-0.27654024958610535,-0.559052050113678,0.1535414308309555,0.39314237236976624,-0.6392475962638855,1.045015811920166,-0.30888018012046814,-0.20117951929569244,0.7287237048149109,-0.6018832921981812,0.6040366291999817,"[0.7453902363777161, 0.05885156989097595, 0.011562139727175236, -0.47967034578323364, -0.4522852301597595, 0.04012108966708183, -0.06569855660200119, -0.011922752484679222, -0.997768223285675, 0.699999988079071, 0.0, 0.0, -0.37611040472984314, -0.27654024958610535, -0.559052050113678, 0.1535414308309555, -0.006857633590698242, -0.23924759030342102, 0.6450158357620239, 0.09111982583999634, 0.5988205075263977, -0.07127630710601807, -1.7881393432617188e-07, -0.19596338272094727, 0.40239155292510986, 1.6340420246124268, -2.808349847793579, 0.6513586640357971, -0.5758489370346069, 2.624812602996826, 0.9290532469749451, 1.4055819511413574, 0.7774223685264587, -5.989339351654053, 0.00020247171050868928, 0.409554123878479, -0.9095442295074463, -0.44652119278907776, -1.1335545778274536, 0.5532856583595276, -0.5563280582427979, 0.6168315410614014, 1.221896767616272, -0.8125365972518921, 0.6959850192070007, -1.2698400020599365, -2.507089614868164, -0.18185722827911377, 1.0, 1.0, 1.0, 1.0, 1.0, 1.0, 1.0, 1.0, 1.0, 1.0, 0.0, 1.0]"
221,0.0,0.0,0.0,0.00012511006207205355,0.0,931.16357421875,0.0,0.0,0.0,0.0,0.0,0.0,0.6458777785301208,0.06198485195636749,-0.08639799058437347,-0.3726869523525238,-0.2555721700191498,-0.6041966676712036,0.17731165885925293,0.37446919083595276,-0.5896792411804199,1.0577954053878784,-0.3234952688217163,-0.28597310185432434,0.6515347957611084,-0.6018960475921631,0.655556857585907,"[0.6458777785301208, 0.06198485195636749, -0.08639799058437347, 0.11890290677547455, -0.00014718316379003227, 0.020931163802742958, -0.07113000750541687, -0.0025815763510763645, -0.9974636435508728, 0.699999988079071, 0.0, 0.0, -0.3726869523525238, -0.2555721700191498, -0.6041966676712036, 0.17731165885925293, -0.02553081512451172, -0.18967923521995544, 0.6577954292297363, 0.07650473713874817, 0.5140268802642822, -0.14846521615982056, -1.2934207916259766e-05, -0.14444315433502197, -0.5731098651885986, -0.23058335483074188, -2.4563705921173096, 0.8941588997840881, -1.8085018396377563, -0.47032785415649414, 0.48376694321632385, -2.463204860687256, -4.45284366607666, 2.785646915435791, 0.029790233820676804, 4.840422630310059, -0.9485599398612976, -0.2295096218585968, -0.5908703804016113, -0.050880879163742065, -0.5163807272911072, 0.8161317110061646, 1.1179100275039673, -1.5236586332321167, -0.2123405784368515, -1.123335599899292, -2.417391777038574, 0.480314165353775, 1.0, 1.0, 1.0, 1.0, 1.0, 1.0, 1.0, 1.0, 1.0, 1.0, 0.0, 1.0]"
222,0.0,0.0,0.0,5.441016401164234e-05,0.0,404.9615478515625,0.0,0.0,0.0,0.0,0.0,0.0,0.6360617280006409,0.05727890506386757,-0.08809252828359604,-0.39011895656585693,-0.26101890206336975,-0.5986120104789734,0.19037850201129913,0.3297315239906311,-0.5754528045654297,1.0734015703201294,-0.4083330035209656,-0.40279558300971985,0.6543436646461487,-0.6018854379653931,0.762237012386322,"[0.6360617280006409, 0.05727890506386757, -0.08809252828359604, 0.3232719898223877, 0.41475436091423035, -0.05594627186655998, -0.06629865616559982, -0.006326046772301197, -0.9977798461914062, 0.699999988079071, 0.0, 0.0, -0.39011895656585693, -0.26101890206336975, -0.5986120104789734, 0.19037850201129913, -0.07026848196983337, -0.1754527986049652, 0.6734015941619873, -0.008332997560501099, 0.3972044289112091, -0.14565634727478027, -2.3245811462402344e-06, -0.037762999534606934, -1.0965980291366577, -0.44121575355529785, 1.397814154624939, 0.2649501860141754, -2.287905693054199, 0.7335881590843201, 0.785860002040863, -4.8668999671936035, -7.134759902954102, -0.15953971445560455, 0.005794566590338945, 4.048859596252441, -0.6487812399864197, 0.2248404324054718, -0.2924073338508606, 0.010571211576461792, -0.16844362020492554, 0.6155730485916138, 1.0323511362075806, -0.6342200636863708, 0.13084392249584198, -0.8257184028625488, -2.2142045497894287, 0.10504741221666336, 1.0, 1.0, 1.0, 1.0, 1.0, 1.0, 1.0, 1.0, 1.0, 1.0, 0.0, 1.0]"
223,0.0,0.0,0.0,5.006601713830605e-05,0.0,372.6291198730469,0.0,0.0,0.0,0.0,0.0,0.0,0.6713343262672424,0.019054414704442024,-0.07847055792808533,-0.39585044980049133,-0.2618919014930725,-0.526049017906189,0.19300790131092072,0.28208354115486145,-0.557440996170044,1.084299921989441,-0.49891197681427,-0.48760950565338135,0.6407609581947327,-0.6018866896629333,0.771460771560669,"[0.6713343262672424, 0.019054414704442024, -0.07847055792808533, -0.2885953485965729, 0.6691822409629822, -0.09573569148778915, -0.05465560406446457, -0.005975240841507912, -0.9984878301620483, 0.699999988079071, 0.0, 0.0, -0.39585044980049133, -0.2618919014930725, -0.526049017906189, 0.19300790131092072, -0.11791646480560303, -0.15744099020957947, 0.6842999458312988, -0.09891197085380554, 0.3123905062675476, -0.1592390537261963, -3.5762786865234375e-06, -0.02853924036026001, 0.5110520124435425, 0.12773793935775757, 4.885581970214844, 0.15210267901420593, -2.583087205886841, 0.630563497543335, 0.35986849665641785, -4.024722576141357, -0.17999054491519928, -0.16383838653564453, 0.012043713591992855, -1.6104228496551514, 0.04515084624290466, -0.1891857087612152, -0.3309597969055176, 0.1721954047679901, 0.06542766094207764, 0.49132081866264343, 1.2628649473190308, -0.23194867372512817, 1.0929737091064453, -0.8882485628128052, -2.128530740737915, -0.40652114152908325, 1.0, 1.0, 1.0, 1.0, 1.0, 1.0, 1.0, 1.0, 1.0, 1.0, 0.0, 1.0]"
224,0.0,0.0,0.0,3.5280401789350435e-05,0.0,262.5834045410156,0.0,0.0,0.0,0.0,0.0,0.0,0.739124596118927,-0.03403954207897186,-0.1358739137649536,-0.3557155430316925,-0.24894708395004272,-0.4096076786518097,0.1981648951768875,0.24266253411769867,-0.5435683131217957,1.0837255716323853,-0.5543960332870483,-0.43501120805740356,0.6311330199241638,-0.6018885374069214,0.7012116312980652,"[0.739124596118927, -0.03403954207897186, -0.1358739137649536, -0.8224809169769287, 0.8569992184638977, -0.19769923388957977, -0.039314109832048416, 0.007838032208383083, -0.9991961717605591, 0.699999988079071, 0.0, 0.0, -0.3557155430316925, -0.24894708395004272, -0.4096076786518097, 0.1981648951768875, -0.1573374718427658, -0.14356830716133118, 0.6837255954742432, -0.15439602732658386, 0.3649888038635254, -0.16886699199676514, -5.424022674560547e-06, -0.09878838062286377, 2.773142099380493, 0.7735186219215393, 5.905705451965332, 0.2867249846458435, -1.6112650632858276, 0.48062098026275635, -0.2625650465488434, -1.966042399406433, 3.709480047225952, -0.2393532246351242, 0.006371111609041691, -4.637042045593262, 0.12540677189826965, -0.2921869456768036, -0.43686577677726746, 0.5393173098564148, -0.294582724571228, 0.1276702582836151, 1.347490906715393, 0.1667349934577942, 1.4008831977844238, -0.8810391426086426, -2.2843480110168457, -0.6306264996528625, 1.0, 1.0, 1.0, 1.0, 1.0, 1.0, 1.0, 1.0, 1.0, 1.0, 0.0, 1.0]"
225,0.00014286117220763117,0.0,1063.2806396484375,1.714212521619629e-05,0.0,127.58463287353516,0.0,0.0,0.0,0.0,0.0,0.0,0.7983613610267639,-0.021525871008634567,-0.0923829898238182,-0.31376251578330994,-0.2386057823896408,-0.3067958950996399,0.20060667395591736,0.2370912879705429,-0.5300617218017578,1.0732754468917847,-0.5671602487564087,-0.4017956256866455,0.6232159733772278,-0.6017345786094666,0.6003232002258301,"[0.7983613610267639, -0.021525871008634567, -0.0923829898238182, 0.3768165707588196, 0.4018605947494507, -0.2139211744070053, -0.022815965116024017, 0.018729334697127342, -0.9995639324188232, 0.699999988079071, 0.0, 0.0, -0.31376251578330994, -0.2386057823896408, -0.3067958950996399, 0.20060667395591736, -0.16290871798992157, -0.13006171584129333, 0.6732754707336426, -0.1671602427959442, 0.39820438623428345, -0.17678403854370117, 0.00014853477478027344, -0.19967681169509888, -0.3755773901939392, -0.42297232151031494, 4.146315574645996, -0.874290943145752, 3.43094539642334, 1.2348910570144653, -0.6090468168258667, 0.3561525046825409, -4.6596879959106445, -0.5270141959190369, 0.00042661651968955994, -4.7611870765686035, -0.11379221081733704, -0.306200236082077, -0.42665228247642517, 0.6585109233856201, -0.39204299449920654, -0.33135437965393066, 1.324735164642334, 0.49348291754722595, 1.5138672590255737, -0.6625826954841614, -2.3722963333129883, -0.8628111481666565, 1.0, 1.0, 1.0, 1.0, 1.0, 1.0, 1.0, 1.0, 1.0, 1.0, 0.0, 1.0]"
226,6.800668052164838e-05,0.0,506.1571044921875,0.0,0.0,0.0,0.0,0.0,0.0,8.338667248608544e-05,0.0,620.6265869140625,0.721205472946167,-0.047567494213581085,-0.05216856673359871,-0.32110491394996643,-0.24698546528816223,-0.2310527116060257,0.19189229607582092,0.28532275557518005,-0.5092058181762695,1.0532171726226807,-0.5427216291427612,-0.44828182458877563,0.6257416605949402,-0.6018266677856445,0.5451164245605469,"[0.721205472946167, -0.047567494213581085, -0.05216856673359871, 0.047438692301511765, 0.017113015055656433, -0.1378783881664276, -0.020966822281479836, 0.010684422217309475, -0.9997233152389526, 0.699999988079071, 0.0, 0.0, -0.32110491394996643, -0.24698546528816223, -0.2310527116060257, 0.19189229607582092, -0.11467725038528442, -0.10920581221580505, 0.6532171964645386, -0.14272162318229675, 0.3517181873321533, -0.17425835132598877, 5.644559860229492e-05, -0.2548835873603821, 0.09258294105529785, -0.1710377186536789, 3.9191455841064453, 0.09246203303337097, 1.856305718421936, 0.6782006025314331, -1.4405217170715332, 0.14364171028137207, -1.2678630352020264, 0.6393688917160034, -0.003195510245859623, 1.4209301471710205, -0.3868694007396698, -0.6094996333122253, -0.4655752182006836, 0.6124494075775146, 0.05716592073440552, -0.5852361917495728, 1.2888447046279907, 0.3872694671154022, 1.3429652452468872, 0.13730266690254211, -2.5002646446228027, -1.100330114364624, 1.0, 1.0, 1.0, 1.0, 1.0, 1.0, 1.0, 1.0, 1.0, 1.0, 0.0, 1.0]"
227,3.695310078910552e-05,0.0,275.03289794921875,0.0,0.0,0.0,0.0,0.0,0.0,5.175031765247695e-05,0.0,385.1649475097656,0.6740898489952087,-0.012846417725086212,-0.002255264902487397,-0.3189363181591034,-0.259563684463501,-0.17078906297683716,0.19183017313480377,0.31788963079452515,-0.5167860388755798,1.0133692026138306,-0.5293967127799988,-0.4652504324913025,0.6992775797843933,-0.6018747687339783,0.5591579675674438,"[0.6740898489952087, -0.012846417725086212, -0.002255264902487397, 0.04461188614368439, -0.0253644660115242, -0.11699620634317398, -0.022004948928952217, 0.010450773872435093, -0.9997032880783081, 0.699999988079071, 0.0, 0.0, -0.3189363181591034, -0.259563684463501, -0.17078906297683716, 0.19183017313480377, -0.08211037516593933, -0.11678603291511536, 0.6133692264556885, -0.1293967068195343, 0.33474957942962646, -0.10072243213653564, 8.344650268554688e-06, -0.2408420443534851, 0.060011617839336395, -0.9771568775177002, 2.2451860904693604, -0.06014595925807953, 1.3518381118774414, -1.0014148950576782, -2.2204806804656982, 0.700465977191925, -0.4453830122947693, 5.235651969909668, 0.0006998572498559952, 0.5383836627006531, -0.5239329934120178, -0.34546205401420593, -0.7956220507621765, 0.44583839178085327, 0.11169397830963135, -0.8276560306549072, 1.5340543985366821, 0.41464927792549133, 1.391258955001831, 0.4567296802997589, -2.917410135269165, -0.9740198254585266, 1.0, 1.0, 1.0, 1.0, 1.0, 1.0, 1.0, 1.0, 1.0, 1.0, 0.0, 1.0]"
228,3.311937325634062e-05,0.0,246.4993896484375,0.0,0.0,0.0,0.0,0.0,0.0,4.2978394048986956e-05,0.0,319.877685546875,0.6695300340652466,0.01488236989825964,-0.009952862747013569,-0.3230743706226349,-0.283122181892395,-0.15311312675476074,0.18592017889022827,0.34320205450057983,-0.546876072883606,0.973770260810852,-0.5137725472450256,-0.47345900535583496,0.7991374135017395,-0.6018786430358887,0.5668511986732483,"[0.6695300340652466, 0.01488236989825964, -0.009952862747013569, 0.304021954536438, 0.04199254512786865, -0.060702841728925705, -0.021583659574389458, 0.005254491697996855, -0.9997531175613403, 0.699999988079071, 0.0, 0.0, -0.3230743706226349, -0.283122181892395, -0.15311312675476074, 0.18592017889022827, -0.056797951459884644, -0.14687606692314148, 0.57377028465271, -0.11377254128456116, 0.326541006565094, -0.0008625984191894531, 4.470348358154297e-06, -0.23314881324768066, -0.2834787368774414, -1.0886201858520508, 0.2718318998813629, -0.32642704248428345, 1.265750765800476, -1.7200990915298462, -1.7260639667510986, 0.6199362874031067, -0.43747103214263916, 4.553833961486816, -0.00039931759238243103, 0.5772799253463745, -0.30873969197273254, -0.41860559582710266, -0.8744827508926392, 0.41975846886634827, 0.048077166080474854, -0.7644883990287781, 1.5560225248336792, 0.3873758018016815, 1.352799892425537, 0.49105212092399597, -3.15317702293396, -0.979047417640686, 1.0, 1.0, 1.0, 1.0, 1.0, 1.0, 1.0, 1.0, 1.0, 1.0, 0.0, 1.0]"
229,4.015083686681464e-05,0.0,298.8328552246094,0.0,0.0,0.0,0.0,0.0,0.0,3.9525471947854385e-05,0.0,294.17840576171875,0.6727293133735657,0.019566234201192856,-0.016778163611888885,-0.32883673906326294,-0.29722654819488525,-0.1605006456375122,0.17995528876781464,0.36722642183303833,-0.5849899649620056,0.9507643580436707,-0.4984108507633209,-0.47904062271118164,0.8789035081863403,-0.6018807291984558,0.5765261054039001,"[0.6727293133735657, 0.019566234201192856, -0.016778163611888885, 0.2688785195350647, -0.02989187464118004, -0.010203826241195202, -0.021573958918452263, -0.00038597529055550694, -0.9997670650482178, 0.699999988079071, 0.0, 0.0, -0.32883673906326294, -0.29722654819488525, -0.1605006456375122, 0.17995528876781464, -0.03277358412742615, -0.18498995900154114, 0.5507643222808838, -0.09841084480285645, 0.3209593892097473, 0.07890349626541138, 2.384185791015625e-06, -0.2234739065170288, -0.2829315960407257, -0.5344367623329163, -0.7281025648117065, -0.2628651261329651, 1.2382123470306396, -1.949213981628418, -0.846280574798584, 0.6335102915763855, -0.26637980341911316, 3.5311408042907715, -0.017101027071475983, 0.7091564536094666, -0.31159713864326477, -0.5330869555473328, -0.9824317693710327, 0.4487367868423462, -0.05804860591888428, -0.7651314735412598, 1.545243263244629, 0.3577822148799896, 1.341544508934021, 0.5078761577606201, -3.2992618083953857, -0.9393801689147949, 1.0, 1.0, 1.0, 1.0, 1.0, 1.0, 1.0, 1.0, 1.0, 1.0, 0.0, 1.0]"
230,4.1653518564999104e-05,0.0,310.0169677734375,0.0,0.0,0.0,0.0,0.0,0.0,4.0064285713015124e-05,0.0,298.18865966796875,0.6740586757659912,0.03175170719623566,-0.0038037076592445374,-0.33598122000694275,-0.30788692831993103,-0.1896798014640808,0.17289260029792786,0.38677674531936646,-0.6227173209190369,0.942287027835846,-0.48257386684417725,-0.4741828143596649,0.929530143737793,-0.6018816828727722,0.5888001918792725,"[0.6740586757659912, 0.03175170719623566, -0.0038037076592445374, 0.3886786103248596, -0.1136196181178093, 0.0023673158138990402, -0.02326170913875103, -0.00726532656699419, -0.9997028708457947, 0.699999988079071, 0.0, 0.0, -0.33598122000694275, -0.30788692831993103, -0.1896798014640808, 0.17289260029792786, -0.013223260641098022, -0.2227173149585724, 0.5422869920730591, -0.08257386088371277, 0.32581719756126404, 0.129530131816864, 1.430511474609375e-06, -0.2111998200416565, -0.39617741107940674, -0.6063387989997864, -1.8638259172439575, -0.3826810419559479, 0.9629958271980286, -1.819709300994873, -0.20686344802379608, 0.6616640090942383, 0.3434307277202606, 2.011568069458008, -0.019170448184013367, 0.8160286545753479, -0.3251488506793976, -0.6176128387451172, -1.090620756149292, 0.4402768313884735, -0.08814936876296997, -0.7507351636886597, 1.5773779153823853, 0.4153963029384613, 1.3600584268569946, 0.4999413788318634, -3.4148619174957275, -0.9380960464477539, 1.0, 1.0, 1.0, 1.0, 1.0, 1.0, 1.0, 1.0, 1.0, 1.0, 0.0, 1.0]"
231,4.029766205349006e-05,0.0,299.9256286621094,0.0,0.0,0.0,0.0,0.0,0.0,4.121337769902311e-05,0.0,306.7410888671875,0.6841422915458679,0.04335737228393555,0.015859082341194153,-0.3442813754081726,-0.3222298324108124,-0.23722726106643677,0.16427798569202423,0.400770902633667,-0.6565792560577393,0.945760190486908,-0.46458810567855835,-0.45733773708343506,0.960565447807312,-0.6018820405006409,0.600503146648407,"[0.6841422915458679, 0.04335737228393555, 0.015859082341194153, 0.40125733613967896, -0.17313681542873383, 0.007262101862579584, -0.02634292282164097, -0.015433840453624725, -0.9995342493057251, 0.699999988079071, 0.0, 0.0, -0.3442813754081726, -0.3222298324108124, -0.23722726106643677, 0.16427798569202423, 0.0007708966732025146, -0.2565792500972748, 0.5457601547241211, -0.06458809971809387, 0.3426622748374939, 0.16056543588638306, 1.0728836059570312e-06, -0.19949686527252197, -0.4029938876628876, -0.7675662636756897, -2.6169440746307373, -0.40894055366516113, 0.6965970993041992, -1.5759706497192383, 0.3878062963485718, 0.8055675625801086, 0.911467969417572, 1.1850192546844482, -0.017938395962119102, 0.713365375995636, -0.3778027594089508, -0.6487454771995544, -1.2396001815795898, 0.4417479634284973, -0.1420896053314209, -0.7619503736495972, 1.6203314065933228, 0.439401239156723, 1.4122992753982544, 0.45017164945602417, -3.496396780014038, -0.9664134383201599, 1.0, 1.0, 1.0, 1.0, 1.0, 1.0, 1.0, 1.0, 1.0, 1.0, 0.0, 1.0]"
232,3.958927118219435e-05,0.0,294.65325927734375,0.0,0.0,0.0,0.0,0.0,0.0,4.155904025537893e-05,0.0,309.31378173828125,0.7016941905021667,0.050650857388973236,0.03764476627111435,-0.35189494490623474,-0.3373076021671295,-0.2967243790626526,0.1560801863670349,0.41000834107398987,-0.6839040517807007,0.96089106798172,-0.44253575801849365,-0.4304099678993225,0.9734147191047668,-0.6018818020820618,0.6080982089042664,"[0.7016941905021667, 0.050650857388973236, 0.03764476627111435, 0.34613367915153503, -0.2105512022972107, 0.01782461255788803, -0.030351202934980392, -0.022948503494262695, -0.9992759227752686, 0.699999988079071, 0.0, 0.0, -0.35189494490623474, -0.3373076021671295, -0.2967243790626526, 0.1560801863670349, 0.01000833511352539, -0.2839040458202362, 0.5608910322189331, -0.042535752058029175, 0.36959004402160645, 0.1734147071838379, 1.3113021850585938e-06, -0.1919018030166626, -0.3467042148113251, -0.7162285447120667, -3.1420516967773438, -0.3632529675960541, 0.46044474840164185, -1.205390214920044, 0.9470144510269165, 1.0260084867477417, 1.403632402420044, 0.20341356098651886, -0.016326438635587692, 0.4700997769832611, -0.43479809165000916, -0.6420965790748596, -1.3477344512939453, 0.40092214941978455, -0.19497042894363403, -0.7461675405502319, 1.6436933279037476, 0.46478089690208435, 1.4800015687942505, 0.354187548160553, -3.5133330821990967, -1.0201423168182373, 1.0, 1.0, 1.0, 1.0, 1.0, 1.0, 1.0, 1.0, 1.0, 1.0, 0.0, 1.0]"
233,3.976778680225834e-05,0.0,295.9819030761719,0.0,0.0,0.0,0.0,0.0,0.0,4.145347702433355e-05,0.0,308.5281066894531,0.7223572731018066,0.05380386859178543,0.0640641525387764,-0.35770198702812195,-0.3483108580112457,-0.36420100927352905,0.14950400590896606,0.41458263993263245,-0.702460765838623,0.9853424429893494,-0.4152217209339142,-0.3940739035606384,0.9642505049705505,-0.6018818616867065,0.6090990900993347,"[0.7223572731018066, 0.05380386859178543, 0.0640641525387764, 0.23232822120189667, -0.23532339930534363, 0.025606317445635796, -0.03494124114513397, -0.028667574748396873, -0.9989781379699707, 0.699999988079071, 0.0, 0.0, -0.35770198702812195, -0.3483108580112457, -0.36420100927352905, 0.14950400590896606, 0.014582633972167969, -0.30246075987815857, 0.5853424072265625, -0.015221714973449707, 0.4059261083602905, 0.16425049304962158, 1.2516975402832031e-06, -0.19090092182159424, -0.22924944758415222, -0.4146420657634735, -3.4543895721435547, -0.2573801875114441, 0.21725893020629883, -0.7092264890670776, 1.3408373594284058, 1.3152408599853516, 1.8876549005508423, -1.082023024559021, -0.015724249184131622, 0.09013492614030838, -0.4801541864871979, -0.625614583492279, -1.4642561674118042, 0.41225776076316833, -0.2804555892944336, -0.7094835042953491, 1.6431055068969727, 0.5048956871032715, 1.5771628618240356, 0.19791179895401, -3.477790355682373, -1.0896720886230469, 1.0, 1.0, 1.0, 1.0, 1.0, 1.0, 1.0, 1.0, 1.0, 1.0, 0.0, 1.0]"
234,4.0579820051789284e-05,0.0,302.02569580078125,0.0,0.0,0.0,0.0,0.0,0.0,3.9683272916590795e-05,0.0,295.3528747558594,0.7429742217063904,0.054186683148145676,0.09757791459560394,-0.3601853549480438,-0.3508749306201935,-0.43531349301338196,0.14595453441143036,0.4137209355831146,-0.7093394994735718,1.0141947269439697,-0.38129353523254395,-0.3472317159175873,0.9250256419181824,-0.6018823981285095,0.6008293032646179,"[0.7429742217063904, 0.054186683148145676, 0.09757791459560394, 0.04530812427401543, -0.2622242867946625, 0.029659368097782135, -0.040018897503614426, -0.03114117681980133, -0.9987134337425232, 0.699999988079071, 0.0, 0.0, -0.3601853549480438, -0.3508749306201935, -0.43531349301338196, 0.14595453441143036, 0.013720929622650146, -0.3093394935131073, 0.6141947507858276, 0.018706470727920532, 0.4527682960033417, 0.12502562999725342, 7.152557373046875e-07, -0.19917070865631104, -0.03482288494706154, 0.07709906250238419, -3.578655481338501, -0.0780184268951416, -0.07929718494415283, -0.03636538237333298, 1.4353828430175781, 1.6788091659545898, 2.4596827030181885, -2.879315137863159, -0.01612614467740059, -0.43096286058425903, -0.4894295036792755, -0.5993618369102478, -1.5892804861068726, 0.508955717086792, -0.4333425760269165, -0.5895802974700928, 1.5750271081924438, 0.5255551338195801, 1.720766305923462, -0.08756908029317856, -3.345756769180298, -1.1451557874679565, 1.0, 1.0, 1.0, 1.0, 1.0, 1.0, 1.0, 1.0, 1.0, 1.0, 0.0, 1.0]"
235,3.9819271478336304e-05,0.0,296.3650817871094,0.0,0.0,0.0,0.0,0.0,0.0,2.9360819098656066e-05,0.0,218.52540588378906,0.7572716474533081,0.05140974000096321,0.12503260374069214,-0.35815444588661194,-0.34246766567230225,-0.508471667766571,0.1466369926929474,0.4055250585079193,-0.6992329359054565,1.0393768548965454,-0.34074869751930237,-0.28612658381462097,0.84836745262146,-0.6018853187561035,0.5835422873497009,"[0.7572716474533081, 0.05140974000096321, 0.12503260374069214, -0.16166943311691284, -0.33737337589263916, 0.03395621478557587, -0.046071987599134445, -0.029244981706142426, -0.9985101819038391, 0.699999988079071, 0.0, 0.0, -0.35815444588661194, -0.34246766567230225, -0.508471667766571, 0.1466369926929474, 0.005525052547454834, -0.29923292994499207, 0.6393768787384033, 0.05925130844116211, 0.5138734579086304, 0.048367440700531006, -2.205371856689453e-06, -0.21645772457122803, 0.1855199933052063, 0.6548623442649841, -3.690173625946045, 0.13117608428001404, -0.5102062225341797, 1.0175411701202393, 1.0793794393539429, 2.028071165084839, 3.3079562187194824, -5.015279293060303, -0.018351316452026367, -0.8631624579429626, -0.5330261588096619, -0.5835058689117432, -1.5979183912277222, 0.6983689069747925, -0.6231078505516052, -0.17020216584205627, 1.3940622806549072, 0.27621814608573914, 1.764689564704895, -0.6802278161048889, -2.999084711074829, -1.0154728889465332, 1.0, 1.0, 1.0, 1.0, 1.0, 1.0, 1.0, 1.0, 1.0, 1.0, 0.0, 1.0]"
236,0.0,0.0,0.0,0.0,0.0,0.0,0.0,0.0,0.0,8.120389907162462e-07,0.0,6.043807506561279,0.7493866682052612,0.03378492593765259,0.054928772151470184,-0.35133129358291626,-0.32096388936042786,-0.5794752836227417,0.153709277510643,0.3906584680080414,-0.6615272164344788,1.0528746843338013,-0.3004993796348572,-0.22357691824436188,0.734882116317749,-0.6018832921981812,0.5677270293235779,"[0.7493866682052612, 0.03378492593765259, 0.054928772151470184, -0.5039377808570862, -0.4134167432785034, 0.0324661023914814, -0.054205648601055145, -0.022513117641210556, -0.99827641248703, 0.699999988079071, 0.0, 0.0, -0.35133129358291626, -0.32096388936042786, -0.5794752836227417, 0.153709277510643, -0.009341537952423096, -0.2615272104740143, 0.6528747081756592, 0.0995006263256073, 0.5764231085777283, -0.06511789560317993, -1.7881393432617188e-07, -0.23227298259735107, 0.44908812642097473, 1.4356895685195923, -3.275245189666748, 0.7418999671936035, -0.6347320675849915, 2.4539945125579834, 0.4397973418235779, 1.7616249322891235, 0.9757766723632812, -6.133299350738525, 0.00020382506772875786, -1.260911226272583, -1.072271704673767, -0.4552806317806244, -1.2014878988265991, 0.5743682384490967, -0.5556642413139343, 0.5221141576766968, 1.12160062789917, -0.6860183477401733, 0.6244756579399109, -1.330093502998352, -2.516852617263794, -0.2832253873348236, 1.0, 1.0, 1.0, 1.0, 1.0, 1.0, 1.0, 1.0, 1.0, 1.0, 0.0, 1.0]"
237,0.0,0.0,0.0,0.0,0.0,0.0,0.0,0.0,0.0,0.0,0.0,0.0,0.6913695335388184,0.02257929928600788,-0.10367198288440704,-0.34377720952033997,-0.2778984308242798,-0.6104720830917358,0.18796280026435852,0.3760109543800354,-0.5909613370895386,1.058203935623169,-0.3068101406097412,-0.3120046854019165,0.5886638164520264,-0.6018832325935364,0.6252192258834839,"[0.6913695335388184, 0.02257929928600788, -0.10367198288440704, -1.1419165134429932, -0.4050692021846771, -0.008447142317891121, -0.061746902763843536, -0.004366591572761536, -0.9980823397636414, 0.699999988079071, 0.0, 0.0, -0.34377720952033997, -0.2778984308242798, -0.6104720830917358, 0.18796280026435852, -0.023989051580429077, -0.1909613311290741, 0.6582039594650269, 0.09318986535072327, 0.48799532651901245, -0.2113361954689026, -1.1920928955078125e-07, -0.17478078603744507, 0.27693527936935425, 2.5209946632385254, 0.08053617179393768, 2.0862526893615723, -1.1198639869689941, 4.147863388061523, 0.3165237605571747, -1.7581133842468262, -4.917146682739258, -7.497772693634033, 0.00010547589045017958, 5.646866321563721, -1.0717917680740356, -0.23167839646339417, -0.6430677175521851, -0.03573256731033325, -0.5012072920799255, 0.7249451875686646, 1.052921175956726, -1.4988502264022827, -0.21501515805721283, -1.1029781103134155, -2.4339559078216553, 0.40718838572502136, 1.0, 1.0, 1.0, 1.0, 1.0, 1.0, 1.0, 1.0, 1.0, 1.0, 0.0, 1.0]"
238,0.0,0.0,0.0,6.187022518133745e-05,0.0,460.48492431640625,0.0,0.0,0.0,0.0,0.0,0.0,0.622311532497406,0.06998428702354431,-0.09546508640050888,-0.37655913829803467,-0.28285714983940125,-0.6080135107040405,0.19669345021247864,0.3333582580089569,-0.5820303559303284,1.0621849298477173,-0.3859328031539917,-0.42485201358795166,0.6040695905685425,-0.601888120174408,0.7359998226165771,"[0.622311532497406, 0.06998428702354431, -0.09546508640050888, 0.6049798727035522, 0.26858410239219666, -0.03667194023728371, -0.06038784235715866, -0.007003865670412779, -0.9981505274772644, 0.699999988079071, 0.0, 0.0, -0.37655913829803467, -0.28285714983940125, -0.6080135107040405, 0.19669345021247864, -0.06664174795150757, -0.1820303499698639, 0.6621849536895752, 0.014067202806472778, 0.3751479983329773, -0.19593042135238647, -5.0067901611328125e-06, -0.0640001893043518, -2.3681843280792236, -0.6982511878013611, 0.43667617440223694, -0.3663293719291687, -2.24493670463562, 0.643575131893158, 0.17197410762310028, -4.810906410217285, -6.970902442932129, 0.09357486665248871, 0.004135502967983484, 4.688388824462891, -0.8993803858757019, 0.05892994627356529, -0.2910313606262207, -0.09111711382865906, -0.2089759111404419, 0.8164126873016357, 1.1957223415374756, -0.8502172231674194, 0.1494954228401184, -1.3298040628433228, -2.24385929107666, 0.5544005036354065, 1.0, 1.0, 1.0, 1.0, 1.0, 1.0, 1.0, 1.0, 1.0, 1.0, 0.0, 1.0]"
239,0.0,0.0,0.0,5.846638305229135e-05,0.0,435.1510009765625,0.0,0.0,0.0,0.0,0.0,0.0,0.6550787687301636,0.02117111347615719,-0.07295827567577362,-0.411670058965683,-0.2912440299987793,-0.5475422739982605,0.1881161332130432,0.2846556305885315,-0.5640883445739746,1.0712707042694092,-0.4866909682750702,-0.5048449635505676,0.593357264995575,-0.6018893122673035,0.7976323962211609,"[0.6550787687301636, 0.02117111347615719, -0.07295827567577362, 0.009929461404681206, 0.5626092553138733, -0.05925017595291138, -0.05123703181743622, -0.014330469071865082, -0.9985836148262024, 0.699999988079071, 0.0, 0.0, -0.411670058965683, -0.2912440299987793, -0.5475422739982605, 0.1881161332130432, -0.11534437537193298, -0.16408833861351013, 0.6712707281112671, -0.08669096231460571, 0.29515504837036133, -0.206642746925354, -6.198883056640625e-06, -0.0023676156997680664, -0.8420465588569641, -0.02869313210248947, 4.811473369598389, -0.2108243703842163, -2.6555848121643066, 0.7131304740905762, 0.6009560823440552, -4.656123638153076, -0.0051745204254984856, -0.4139466881752014, 0.008522323332726955, 0.7113100290298462, 0.06439808011054993, -0.08479911834001541, -0.32536086440086365, 0.23607107996940613, 0.1194193959236145, 0.3983430564403534, 1.2485592365264893, -0.24659442901611328, 1.025992751121521, -0.8148880004882812, -2.0332539081573486, -0.29556378722190857, 1.0, 1.0, 1.0, 1.0, 1.0, 1.0, 1.0, 1.0, 1.0, 1.0, 0.0, 1.0]"
240,0.0,0.0,0.0,3.293494592071511e-05,0.0,245.1267547607422,0.0,0.0,0.0,0.0,0.0,0.0,0.7195929288864136,-0.04440000280737877,-0.12799155712127686,-0.3908620774745941,-0.2800838351249695,-0.43006065487861633,0.19155184924602509,0.24438196420669556,-0.551285445690155,1.0758072137832642,-0.5528796315193176,-0.45257797837257385,0.586105227470398,-0.6018920540809631,0.7377612590789795,"[0.7195929288864136, -0.04440000280737877, -0.12799155712127686, -0.8224750757217407, 0.7812508940696716, -0.176858589053154, -0.03719763085246086, -0.0028930443804711103, -0.9993036985397339, 0.699999988079071, 0.0, 0.0, -0.3908620774745941, -0.2800838351249695, -0.43006065487861633, 0.19155184924602509, -0.15561804175376892, -0.15128543972969055, 0.6758072376251221, -0.15287962555885315, 0.3474220335483551, -0.213894784450531, -8.940696716308594e-06, -0.06223875284194946, 2.079752206802368, 0.8010424375534058, 5.936996936798096, 0.36922603845596313, -1.6205694675445557, 0.319316029548645, -0.09055963158607483, -2.4953670501708984, 3.7330849170684814, 0.060266971588134766, 0.00594397122040391, -4.335202217102051, 0.17455855011940002, -0.4224049746990204, -0.48181405663490295, 0.4493315815925598, -0.28400295972824097, 0.20323476195335388, 1.3438717126846313, 0.09703925251960754, 1.37073814868927, -0.8044216632843018, -2.277965545654297, -0.647207498550415, 1.0, 1.0, 1.0, 1.0, 1.0, 1.0, 1.0, 1.0, 1.0, 1.0, 0.0, 1.0]"
241,0.00014924332208465785,0.0,1110.781494140625,1.7239286535186693e-05,0.0,128.3077850341797,0.0,0.0,0.0,0.0,0.0,0.0,0.7797026634216309,-0.03310391306877136,-0.13954663276672363,-0.3390163779258728,-0.26298442482948303,-0.3207724094390869,0.20108753442764282,0.2279333621263504,-0.5465601086616516,1.0668282508850098,-0.5747049450874329,-0.3770657479763031,0.5918911695480347,-0.6016860008239746,0.6325699687004089,"[0.7797026634216309, -0.03310391306877136, -0.13954663276672363, -0.09462926536798477, 0.4570935070514679, -0.21195800602436066, -0.021144842728972435, 0.01488642580807209, -0.9996652603149414, 0.699999988079071, 0.0, 0.0, -0.3390163779258728, -0.26298442482948303, -0.3207724094390869, 0.20108753442764282, -0.17206664383411407, -0.14656010270118713, 0.6668282747268677, -0.17470493912696838, 0.42293426394462585, -0.2081088423728943, 0.0001971125602722168, -0.16743004322052002, -0.018765464425086975, 0.032557085156440735, 4.408995628356934, -0.5044077634811401, 2.438237190246582, 0.6132162809371948, -0.5876997113227844, -0.03128364682197571, -2.513957977294922, 0.32041439414024353, -0.04581787437200546, -5.359570026397705, -0.0830206573009491, -0.3357808589935303, -0.44694334268569946, 0.671541690826416, -0.35946184396743774, -0.30685630440711975, 1.3223799467086792, 0.5369213819503784, 1.4926449060440063, -0.7128749489784241, -2.3640735149383545, -0.8194986581802368, 1.0, 1.0, 1.0, 1.0, 1.0, 1.0, 1.0, 1.0, 1.0, 1.0, 0.0, 1.0]"
242,3.526228465489112e-05,0.0,262.4485778808594,3.14441922455444e-06,0.0,23.40314292907715,0.0,0.0,0.0,2.8343124540697318e-06,0.0,21.095094680786133,0.7260236740112305,-0.061669159680604935,-0.12670475244522095,-0.34493330121040344,-0.2707465887069702,-0.24867363274097443,0.19107887148857117,0.2848697900772095,-0.5311898589134216,1.0488258600234985,-0.5473276376724243,-0.4332831799983978,0.6059737205505371,-0.6018608808517456,0.5273082256317139,"[0.7260236740112305, -0.061669159680604935, -0.12670475244522095, 0.30243903398513794, -0.1367364525794983, -0.07432185113430023, -0.02052297256886959, 0.007502672728151083, -0.9997614026069641, 0.699999988079071, 0.0, 0.0, -0.34493330121040344, -0.2707465887069702, -0.24867363274097443, 0.19107887148857117, -0.115130215883255, -0.13118985295295715, 0.6488258838653564, -0.14732763171195984, 0.36671683192253113, -0.19402629137039185, 2.2232532501220703e-05, -0.2726917862892151, -0.12975607812404633, -0.34841689467430115, 3.4079673290252686, -0.009891819208860397, 1.2814104557037354, 0.5037121772766113, -1.1293561458587646, 2.0080363750457764, -0.15804292261600494, 1.5791893005371094, -0.0006020818836987019, -4.051904678344727, -0.34123846888542175, -0.5634123682975769, -0.4660770893096924, 0.5498733520507812, -0.025242745876312256, -0.5134822130203247, 1.2678334712982178, 0.41897669434547424, 1.3612977266311646, 0.007223300635814667, -2.480288505554199, -1.0720912218093872, 1.0, 1.0, 1.0, 1.0, 1.0, 1.0, 1.0, 1.0, 1.0, 1.0, 0.0, 1.0]"
243,3.478419239399955e-05,0.0,258.8902587890625,0.0,0.0,0.0,0.0,0.0,0.0,6.0818645579274744e-05,0.0,452.65826416015625,0.6669220328330994,-0.03317216783761978,-0.04255086928606033,-0.34210699796676636,-0.2776273488998413,-0.18684880435466766,0.1911117285490036,0.3166590929031372,-0.5335906744003296,1.0130164623260498,-0.5407997965812683,-0.44256216287612915,0.6601357460021973,-0.6018774509429932,0.5589626431465149,"[0.6669220328330994, -0.03317216783761978, -0.04255086928606033, -0.07490028440952301, -0.23366732895374298, -0.12283090502023697, -0.025361347943544388, 0.006956619676202536, -0.9996541142463684, 0.699999988079071, 0.0, 0.0, -0.34210699796676636, -0.2776273488998413, -0.18684880435466766, 0.1911117285490036, -0.08334091305732727, -0.1335906684398651, 0.6130164861679077, -0.14079979062080383, 0.3574378490447998, -0.1398642659187317, 5.662441253662109e-06, -0.24103736877441406, 0.2307213842868805, -0.4812939763069153, 2.621605634689331, 0.10157061368227005, 1.3577842712402344, -0.6694582104682922, -2.0732109546661377, 0.33478644490242004, -0.11703220009803772, 4.4400129318237305, 0.00035643018782138824, 1.4736504554748535, -0.5327930450439453, -0.44918760657310486, -0.7809122204780579, 0.4072175920009613, 0.15645062923431396, -0.6827194690704346, 1.4843741655349731, 0.6193302869796753, 1.484594702720642, 0.4597800076007843, -2.866220235824585, -0.9832472801208496, 1.0, 1.0, 1.0, 1.0, 1.0, 1.0, 1.0, 1.0, 1.0, 1.0, 0.0, 1.0]"
244,3.088489029323682e-05,0.0,229.8686981201172,0.0,0.0,0.0,0.0,0.0,0.0,5.236187280388549e-05,0.0,389.71661376953125,0.6699819564819336,0.009176223538815975,-0.021255988627672195,-0.3417593538761139,-0.2938075363636017,-0.16166214644908905,0.18920715153217316,0.3415551483631134,-0.5567840337753296,0.9728022813796997,-0.5284139513969421,-0.44436705112457275,0.7653225660324097,-0.6018788814544678,0.577245831489563,"[0.6699819564819336, 0.009176223538815975, -0.021255988627672195, 0.15849295258522034, -0.08733522891998291, -0.09282699972391129, -0.028313301503658295, 0.005260049365460873, -0.9995851516723633, 0.699999988079071, 0.0, 0.0, -0.3417593538761139, -0.2938075363636017, -0.16166214644908905, 0.18920715153217316, -0.058444857597351074, -0.1567840278148651, 0.5728023052215576, -0.12841394543647766, 0.3556329607963562, -0.03467744588851929, 4.231929779052734e-06, -0.22275418043136597, -0.09634154289960861, -0.8524543046951294, 0.49484309554100037, -0.19217416644096375, 1.2229819297790527, -1.325778841972351, -1.8470805883407593, 0.4947178065776825, -0.14549294114112854, 4.932962417602539, -0.0005484092980623245, 0.9976418018341064, -0.4148615896701813, -0.33140769600868225, -0.9434788823127747, 0.37541231513023376, 0.03431135416030884, -0.838700532913208, 1.5636626482009888, 0.373874694108963, 1.3698452711105347, 0.46922680735588074, -3.12662935256958, -0.9485053420066833, 1.0, 1.0, 1.0, 1.0, 1.0, 1.0, 1.0, 1.0, 1.0, 1.0, 0.0, 1.0]"
245,3.931286482838914e-05,0.0,292.5960388183594,0.0,0.0,0.0,0.0,0.0,0.0,4.220869959681295e-05,0.0,314.1490478515625,0.676539421081543,0.02126239612698555,-0.030727790668606758,-0.34577324986457825,-0.3038918673992157,-0.17007601261138916,0.18453451991081238,0.3648342192173004,-0.5875630974769592,0.9471506476402283,-0.5148273706436157,-0.4457286298274994,0.8490934371948242,-0.6018758416175842,0.592583954334259,"[0.676539421081543, 0.02126239612698555, -0.030727790668606758, 0.21333137154579163, -0.09451133757829666, -0.019832974299788475, -0.0299247894436121, 0.0009178317850455642, -0.9995514750480652, 0.699999988079071, 0.0, 0.0, -0.34577324986457825, -0.3038918673992157, -0.17007601261138916, 0.18453451991081238, -0.03516578674316406, -0.18756309151649475, 0.5471506118774414, -0.11482736468315125, 0.35427138209342957, 0.049093425273895264, 7.271766662597656e-06, -0.20741605758666992, -0.21965883672237396, -0.26728934049606323, -0.8447491526603699, -0.22021536529064178, 1.2414250373840332, -1.6484705209732056, -0.9591395854949951, 0.5305778980255127, -0.1584944725036621, 3.805068254470825, -0.0012756139039993286, 1.018950343132019, -0.3509375751018524, -0.46428754925727844, -1.0025696754455566, 0.41624343395233154, -0.040505170822143555, -0.7538597583770752, 1.5351486206054688, 0.35004284977912903, 1.363101601600647, 0.48218682408332825, -3.259657382965088, -0.9281798601150513, 1.0, 1.0, 1.0, 1.0, 1.0, 1.0, 1.0, 1.0, 1.0, 1.0, 0.0, 1.0]"
246,4.1754414269234985e-05,0.0,310.7679138183594,0.0,0.0,0.0,0.0,0.0,0.0,4.210768747725524e-05,0.0,313.397216796875,0.6786380410194397,0.030882306396961212,-0.02482563443481922,-0.35080796480178833,-0.30471909046173096,-0.199690043926239,0.18000906705856323,0.38532692193984985,-0.6211161613464355,0.9374570846557617,-0.5002825856208801,-0.44070082902908325,0.9057101011276245,-0.6018762588500977,0.609093964099884,"[0.6786380410194397, 0.030882306396961212, -0.02482563443481922, 0.25384172797203064, -0.1596720665693283, 0.015518127009272575, -0.0326346680521965, -0.003650548867881298, -0.9994604587554932, 0.699999988079071, 0.0, 0.0, -0.35080796480178833, -0.30471909046173096, -0.199690043926239, 0.18000906705856323, -0.014673084020614624, -0.22111615538597107, 0.5374571084976196, -0.10028257966041565, 0.3592991828918457, 0.10571008920669556, 6.854534149169922e-06, -0.19090604782104492, -0.2755281329154968, -0.020707175135612488, -1.8455383777618408, -0.24774450063705444, 1.0458630323410034, -1.6314592361450195, -0.2549590766429901, 0.5933462381362915, 0.28389599919319153, 2.1876399517059326, -0.0017405003309249878, 1.0645380020141602, -0.35855767130851746, -0.561370313167572, -1.1046574115753174, 0.4193306863307953, -0.08587437868118286, -0.7415539026260376, 1.5468653440475464, 0.3716616928577423, 1.370429277420044, 0.47129788994789124, -3.3579020500183105, -0.9192432165145874, 1.0, 1.0, 1.0, 1.0, 1.0, 1.0, 1.0, 1.0, 1.0, 1.0, 0.0, 1.0]"
247,4.05154496547766e-05,0.0,301.5466003417969,0.0,0.0,0.0,0.0,0.0,0.0,4.4329717638902366e-05,0.0,329.9352722167969,0.6881805062294006,0.04669928923249245,-0.006723674945533276,-0.35715389251708984,-0.30783703923225403,-0.2473321110010147,0.17403768002986908,0.40080443024635315,-0.6517202258110046,0.9395871758460999,-0.48337528109550476,-0.4254269003868103,0.9386956095695496,-0.6018772125244141,0.6240488886833191,"[0.6881805062294006, 0.04669928923249245, -0.006723674945533276, 0.2971414029598236, -0.19380535185337067, 0.017343083396553993, -0.03629756718873978, -0.009396243840456009, -0.9992969036102295, 0.699999988079071, 0.0, 0.0, -0.35715389251708984, -0.30783703923225403, -0.2473321110010147, 0.17403768002986908, 0.0008044242858886719, -0.25172021985054016, 0.539587140083313, -0.08337527513504028, 0.37457311153411865, 0.1386955976486206, 5.900859832763672e-06, -0.17595112323760986, -0.32157865166664124, -0.2622154951095581, -2.6421940326690674, -0.3122097849845886, 0.7781305909156799, -1.4282262325286865, 0.29964980483055115, 0.7247028350830078, 0.8081111311912537, 1.314077377319336, -0.001768365502357483, 0.9442472457885742, -0.40027502179145813, -0.5996291637420654, -1.2351582050323486, 0.4227363169193268, -0.12529408931732178, -0.7383987903594971, 1.5900064706802368, 0.4143749177455902, 1.4198613166809082, 0.42396584153175354, -3.4227888584136963, -0.9437946677207947, 1.0, 1.0, 1.0, 1.0, 1.0, 1.0, 1.0, 1.0, 1.0, 1.0, 0.0, 1.0]"
248,4.070426075486466e-05,0.0,302.9518737792969,0.0,0.0,0.0,0.0,0.0,0.0,4.46901613031514e-05,0.0,332.6179504394531,0.7063956260681152,0.05860169604420662,0.017873521894216537,-0.36351943016052246,-0.3146851360797882,-0.3068348467350006,0.16761375963687897,0.4113110303878784,-0.6762703657150269,0.952768862247467,-0.4622316360473633,-0.4004196226596832,0.9540281891822815,-0.6018776297569275,0.6338714361190796,"[0.7063956260681152, 0.05860169604420662, 0.017873521894216537, 0.2633582055568695, -0.21361143887043, 0.02111130952835083, -0.04043988883495331, -0.015101466327905655, -0.9990679621696472, 0.699999988079071, 0.0, 0.0, -0.36351943016052246, -0.3146851360797882, -0.3068348467350006, 0.16761375963687897, 0.01131102442741394, -0.2762703597545624, 0.5527688264846802, -0.062231630086898804, 0.3995803892612457, 0.15402817726135254, 5.4836273193359375e-06, -0.16612857580184937, -0.2914116382598877, -0.35826942324638367, -3.1120641231536865, -0.2998836934566498, 0.5240350961685181, -1.069104552268982, 0.8454759120941162, 0.9541605114936829, 1.2993289232254028, 0.318913996219635, -0.0017638318240642548, 0.6567187905311584, -0.45760729908943176, -0.5830056667327881, -1.3342326879501343, 0.4015410840511322, -0.19053804874420166, -0.731622040271759, 1.6081680059432983, 0.41417452692985535, 1.4795476198196411, 0.3318358063697815, -3.424966812133789, -0.9862122535705566, 1.0, 1.0, 1.0, 1.0, 1.0, 1.0, 1.0, 1.0, 1.0, 1.0, 0.0, 1.0]"
249,4.197071393718943e-05,0.0,312.3777770996094,0.0,0.0,0.0,0.0,0.0,0.0,4.3420128349680454e-05,0.0,323.1654052734375,0.7256260514259338,0.06478314101696014,0.04708002135157585,-0.3684679865837097,-0.3198600113391876,-0.37241777777671814,0.16231270134449005,0.4163694679737091,-0.6926934123039246,0.9755281209945679,-0.4357459247112274,-0.3648064136505127,0.9483532905578613,-0.6018779277801514,0.6368674635887146,"[0.7256260514259338, 0.06478314101696014, 0.04708002135157585, 0.17333434522151947, -0.24434085190296173, 0.030847476795315742, -0.045096829533576965, -0.019366299733519554, -0.9987948536872864, 0.699999988079071, 0.0, 0.0, -0.3684679865837097, -0.3198600113391876, -0.37241777777671814, 0.16231270134449005, 0.01636946201324463, -0.2926934063434601, 0.5755281448364258, -0.03574591875076294, 0.43519359827041626, 0.14835327863693237, 5.185604095458984e-06, -0.16313254833221436, -0.1994154006242752, -0.16702795028686523, -3.3251423835754395, -0.221149742603302, 0.2281913459300995, -0.6194680333137512, 1.265764832496643, 1.2438212633132935, 1.8756576776504517, -0.8613192439079285, -0.0020623505115509033, 0.2871876358985901, -0.49840787053108215, -0.5575819611549377, -1.4315898418426514, 0.414774626493454, -0.28345608711242676, -0.6892719268798828, 1.6103957891464233, 0.4177710711956024, 1.566881775856018, 0.18901056051254272, -3.382397174835205, -1.0489909648895264, 1.0, 1.0, 1.0, 1.0, 1.0, 1.0, 1.0, 1.0, 1.0, 1.0, 0.0, 1.0]"
250,4.25004618591629e-05,0.0,316.3205261230469,0.0,0.0,0.0,0.0,0.0,0.0,4.051051291753538e-05,0.0,301.5098571777344,0.7433667778968811,0.06703800708055496,0.08015576750040054,-0.3707388937473297,-0.31834882497787476,-0.4396725594997406,0.1594204604625702,0.41456228494644165,-0.6982206702232361,1.0036239624023438,-0.4031580090522766,-0.3160344660282135,0.9138942360877991,-0.6018786430358887,0.6318623423576355,"[0.7433667778968811, 0.06703800708055496, 0.08015576750040054, 0.024185670539736748, -0.28556352853775024, 0.03969714045524597, -0.05048705264925957, -0.02102687954902649, -0.9985033869743347, 0.699999988079071, 0.0, 0.0, -0.3707388937473297, -0.31834882497787476, -0.4396725594997406, 0.1594204604625702, 0.014562278985977173, -0.2982206642627716, 0.6036239862442017, -0.003158003091812134, 0.48396554589271545, 0.11389422416687012, 4.470348358154297e-06, -0.16813766956329346, -0.04236047342419624, 0.24982315301895142, -3.3488926887512207, -0.07844139635562897, -0.13972555100917816, 0.02511342614889145, 1.4274780750274658, 1.5837925672531128, 2.5830492973327637, -2.612224578857422, -0.015595229342579842, -0.16335681080818176, -0.5170618891716003, -0.5192815661430359, -1.5327807664871216, 0.5038989186286926, -0.4347456693649292, -0.5562764406204224, 1.5605876445770264, 0.3982839286327362, 1.6979082822799683, -0.07477106899023056, -3.2592649459838867, -1.0936514139175415, 1.0, 1.0, 1.0, 1.0, 1.0, 1.0, 1.0, 1.0, 1.0, 1.0, 0.0, 1.0]"
251,4.065773464390077e-05,0.0,302.6055908203125,0.0,0.0,0.0,0.0,0.0,0.0,2.826449417625554e-05,0.0,210.36572265625,0.7553198933601379,0.06501306593418121,0.10177775472402573,-0.3692931532859802,-0.30675849318504333,-0.5065931677818298,0.16007287800312042,0.4040301442146301,-0.6865233778953552,1.030192494392395,-0.3648889660835266,-0.25051912665367126,0.8411717414855957,-0.6018815040588379,0.6198168396949768,"[0.7553198933601379, 0.06501306593418121, 0.10177775472402573, -0.13834495842456818, -0.3687487542629242, 0.04689681902527809, -0.05704646185040474, -0.01908579096198082, -0.998189389705658, 0.699999988079071, 0.0, 0.0, -0.3692931532859802, -0.30675849318504333, -0.5065931677818298, 0.16007287800312042, 0.004030138254165649, -0.28652337193489075, 0.6301925182342529, 0.035111039876937866, 0.5494809150695801, 0.04117172956466675, 1.6093254089355469e-06, -0.18018317222595215, 0.13152602314949036, 0.8015334010124207, -3.335514783859253, 0.08957895636558533, -0.6432567238807678, 1.127102255821228, 1.2092010974884033, 1.9043035507202148, 3.566500425338745, -4.906630039215088, -0.018450021743774414, -0.5328408479690552, -0.5626427531242371, -0.4906640350818634, -1.5141078233718872, 0.6901218891143799, -0.6128756999969482, -0.10149124264717102, 1.4055429697036743, 0.10728016495704651, 1.7170627117156982, -0.6554047465324402, -2.9322941303253174, -0.9259666800498962, 1.0, 1.0, 1.0, 1.0, 1.0, 1.0, 1.0, 1.0, 1.0, 1.0, 0.0, 1.0]"
252,0.0,0.0,0.0,0.0,0.0,0.0,0.0,0.0,0.0,3.4207155295007396e-06,0.0,25.459548950195312,0.7451997995376587,0.046727605164051056,0.0007082034717313945,-0.36185765266418457,-0.28085848689079285,-0.5680100321769714,0.16819801926612854,0.3865567147731781,-0.6469112634658813,1.0481798648834229,-0.328580379486084,-0.20260803401470184,0.7288352847099304,-0.6018832325935364,0.6097636818885803,"[0.7451997995376587, 0.046727605164051056, 0.0007082034717313945, -0.6087939739227295, -0.3473675847053528, 0.031491633504629135, -0.06482531130313873, -0.011335020884871483, -0.9978323578834534, 0.699999988079071, 0.0, 0.0, -0.36185765266418457, -0.28085848689079285, -0.5680100321769714, 0.16819801926612854, -0.013443291187286377, -0.24691125750541687, 0.6481798887252808, 0.0714196264743805, 0.5973919630050659, -0.07116472721099854, -1.1920928955078125e-07, -0.19023633003234863, 0.5493729710578918, 1.6725834608078003, -2.769141912460327, 0.7829882502555847, -0.7706573605537415, 2.5179975032806396, 0.7067775726318359, 1.4658366441726685, -1.0561124086380005, -6.085165500640869, 0.00020571393542923033, -0.33771705627441406, -1.0356528759002686, -0.4247516095638275, -1.1273846626281738, 0.5216820240020752, -0.5076618194580078, 0.5956170558929443, 1.1621545553207397, -0.7679548263549805, 0.5153732299804688, -1.2786140441894531, -2.4743807315826416, -0.19215258955955505, 1.0, 1.0, 1.0, 1.0, 1.0, 1.0, 1.0, 1.0, 1.0, 1.0, 0.0, 1.0]"
253,0.0,0.0,0.0,0.00015088662621565163,0.0,1123.01220703125,0.0,0.0,0.0,0.0,0.0,0.0,0.6551901698112488,0.047004103660583496,-0.06873568147420883,-0.36065873503685,-0.25507423281669617,-0.6109952926635742,0.19093511998653412,0.3637956380844116,-0.5914790034294128,1.0568684339523315,-0.33955061435699463,-0.29474031925201416,0.6343047022819519,-0.6019209623336792,0.6600003242492676,"[0.6551901698112488, 0.047004103660583496, -0.06873568147420883, -0.43307268619537354, -0.008356624282896519, 0.07008776813745499, -0.06933139264583588, -0.0008656557183712721, -0.9975932836532593, 0.699999988079071, 0.0, 0.0, -0.36065873503685, -0.25507423281669617, -0.6109952926635742, 0.19093511998653412, -0.036204367876052856, -0.19147899746894836, 0.6568684577941895, 0.06044939160346985, 0.5052596926689148, -0.16569530963897705, -3.784894943237305e-05, -0.13999968767166138, -0.31305986642837524, 0.35053402185440063, -0.0636453628540039, 1.4027676582336426, -1.9522429704666138, -0.46230024099349976, 0.7347581386566162, -2.027550458908081, -4.181817531585693, 2.5941052436828613, 0.03215493634343147, 4.605567932128906, -0.9599849581718445, -0.19652381539344788, -0.5523712635040283, -0.05362787842750549, -0.486553430557251, 0.7609790563583374, 1.0653574466705322, -1.4384297132492065, -0.16454501450061798, -1.1155674457550049, -2.4167377948760986, 0.4353567063808441, 1.0, 1.0, 1.0, 1.0, 1.0, 1.0, 1.0, 1.0, 1.0, 1.0, 0.0, 1.0]"
254,0.0,0.0,0.0,5.319772753864527e-05,0.0,395.9376525878906,0.0,0.0,0.0,0.0,0.0,0.0,0.6449506878852844,0.061633579432964325,-0.0934203565120697,-0.38760557770729065,-0.2613773047924042,-0.600184440612793,0.19738127291202545,0.3187210261821747,-0.5781052112579346,1.068591594696045,-0.4159872531890869,-0.41709572076797485,0.635678768157959,-0.6018841862678528,0.761351466178894,"[0.6449506878852844, 0.061633579432964325, -0.0934203565120697, 0.4424207806587219, 0.46552765369415283, -0.04695981368422508, -0.06351213902235031, -0.006040626671165228, -0.9979626536369324, 0.699999988079071, 0.0, 0.0, -0.38760557770729065, -0.2613773047924042, -0.600184440612793, 0.19738127291202545, -0.0812789797782898, -0.1781052052974701, 0.6685916185379028, -0.015987247228622437, 0.3829042911529541, -0.16432124376296997, -1.0728836059570312e-06, -0.03864854574203491, -1.5899503231048584, -0.5616269707679749, 1.3345155715942383, -0.16029709577560425, -2.256054639816284, 0.8020671606063843, 0.5074213743209839, -4.42975378036499, -7.410987854003906, -0.31087642908096313, 0.006532539613544941, 3.732189655303955, -0.5933845639228821, 0.19325074553489685, -0.26495566964149475, -0.03127622604370117, -0.17864996194839478, 0.6166373491287231, 1.09876549243927, -0.6260590553283691, 0.1913575828075409, -0.8291658163070679, -2.22837233543396, 0.07534640282392502, 1.0, 1.0, 1.0, 1.0, 1.0, 1.0, 1.0, 1.0, 1.0, 1.0, 0.0, 1.0]"
255,0.0,0.0,0.0,4.545511910691857e-05,0.0,338.31134033203125,0.0,0.0,0.0,0.0,0.0,0.0,0.6767145991325378,0.010527887381613255,-0.08446065336465836,-0.3954524099826813,-0.26110807061195374,-0.5208687782287598,0.19542285799980164,0.26851797103881836,-0.560856282711029,1.077466368675232,-0.4984239637851715,-0.4790154993534088,0.6221216320991516,-0.6018863320350647,0.7663009166717529,"[0.6767145991325378, 0.010527887381613255, -0.08446065336465836, -0.41821131110191345, 0.6977196335792542, -0.09092525392770767, -0.05108584091067314, -0.004819935653358698, -0.9986827373504639, 0.699999988079071, 0.0, 0.0, -0.3954524099826813, -0.26110807061195374, -0.5208687782287598, 0.19542285799980164, -0.13148203492164612, -0.16085627675056458, 0.6774663925170898, -0.09842395782470703, 0.32098451256752014, -0.17787837982177734, -3.2186508178710938e-06, -0.033699095249176025, 0.5998551249504089, 0.25579574704170227, 5.410701751708984, 0.01137198694050312, -2.710282802581787, 0.5657680034637451, 0.3730994760990143, -3.617861270904541, 1.1598029136657715, -0.09365673363208771, 0.011812121607363224, -1.8390926122665405, 0.11767175793647766, -0.24525967240333557, -0.3500126600265503, 0.1918584108352661, 0.02296656370162964, 0.3626042902469635, 1.3161605596542358, -0.1435874104499817, 1.2384434938430786, -0.8680233955383301, -2.134798765182495, -0.4562614858150482, 1.0, 1.0, 1.0, 1.0, 1.0, 1.0, 1.0, 1.0, 1.0, 1.0, 0.0, 1.0]"
256,0.0,0.0,0.0,3.2053940230980515e-05,0.0,238.56961059570312,0.0,0.0,0.0,0.0,0.0,0.0,0.7432409524917603,-0.04110705107450485,-0.16138458251953125,-0.3541002571582794,-0.24713313579559326,-0.40235358476638794,0.19577307999134064,0.2283831536769867,-0.5496326684951782,1.0782721042633057,-0.5458911657333374,-0.41529253125190735,0.6159309148788452,-0.6018880009651184,0.6902791261672974,"[0.7432409524917603, -0.04110705107450485, -0.16138458251953125, -0.8698959946632385, 0.8812628388404846, -0.20275521278381348, -0.03513386473059654, 0.009972634725272655, -0.9993330836296082, 0.699999988079071, 0.0, 0.0, -0.3541002571582794, -0.24713313579559326, -0.40235358476638794, 0.19577307999134064, -0.17161685228347778, -0.14963266253471375, 0.6782721281051636, -0.14589115977287292, 0.3847074806690216, -0.18406909704208374, -4.887580871582031e-06, -0.10972088575363159, 2.843195676803589, 0.822202742099762, 5.947758674621582, 0.06849291920661926, -1.6242122650146484, 0.33711135387420654, -0.14024601876735687, -1.5616437196731567, 4.047918796539307, -0.042820122092962265, 0.005629755090922117, -4.893725395202637, 0.07543632388114929, -0.2972237765789032, -0.4508540630340576, 0.56828773021698, -0.311808705329895, 0.0690363347530365, 1.3464146852493286, 0.23118725419044495, 1.4137667417526245, -0.8742850422859192, -2.2977166175842285, -0.6757709383964539, 1.0, 1.0, 1.0, 1.0, 1.0, 1.0, 1.0, 1.0, 1.0, 1.0, 0.0, 1.0]"
257,0.00012472512025851756,0.0,928.2984619140625,1.5013855772849638e-05,0.0,111.74446105957031,0.0,0.0,0.0,0.0,0.0,0.0,0.7864058613777161,-0.02571696788072586,-0.058527085930109024,-0.3252076506614685,-0.2412281334400177,-0.30224043130874634,0.18917138874530792,0.2372695654630661,-0.53600013256073,1.0704206228256226,-0.5491982698440552,-0.4040073752403259,0.6126543879508972,-0.6017842888832092,0.5885974764823914,"[0.7864058613777161, -0.02571696788072586, -0.058527085930109024, 0.731407642364502, 0.1230904683470726, -0.20718543231487274, -0.02161233313381672, 0.016459574922919273, -0.9996311068534851, 0.699999988079071, 0.0, 0.0, -0.3252076506614685, -0.2412281334400177, -0.30224043130874634, 0.18917138874530792, -0.16273044049739838, -0.1360001266002655, 0.6704206466674805, -0.1491982638835907, 0.395992636680603, -0.18734562397003174, 9.882450103759766e-05, -0.2114025354385376, -0.7680568695068359, -0.7669988870620728, 4.011216640472412, -1.390805959701538, 4.201332092285156, 1.3748301267623901, -0.5003563761711121, 0.8677740097045898, -5.383199691772461, -0.3141481578350067, -0.014126703143119812, -4.800909042358398, -0.13495728373527527, -0.3197382688522339, -0.4329124987125397, 0.6703147888183594, -0.4198133945465088, -0.36265239119529724, 1.331390142440796, 0.521357536315918, 1.533126950263977, -0.6166643500328064, -2.3817355632781982, -0.912983238697052, 1.0, 1.0, 1.0, 1.0, 1.0, 1.0, 1.0, 1.0, 1.0, 1.0, 0.0, 1.0]"
258,7.773230754537508e-05,0.0,578.5425415039062,0.0,0.0,0.0,0.0,0.0,0.0,4.5836517529096454e-05,0.0,341.1499938964844,0.699762225151062,-0.0524946004152298,-0.02737046219408512,-0.3298659026622772,-0.24890457093715668,-0.22382253408432007,0.18101736903190613,0.2754797637462616,-0.5173946619033813,1.0494840145111084,-0.5271071195602417,-0.42908671498298645,0.6240043044090271,-0.6018202900886536,0.5461291074752808,"[0.699762225151062, -0.0524946004152298, -0.02737046219408512, 0.15310336649417877, -0.16666363179683685, -0.12018340080976486, -0.02284609153866768, 0.008999684825539589, -0.9996985793113708, 0.699999988079071, 0.0, 0.0, -0.3298659026622772, -0.24890457093715668, -0.22382253408432007, 0.18101736903190613, -0.12452024221420288, -0.11739465594291687, 0.6494840383529663, -0.12710711359977722, 0.3709132969379425, -0.17599570751190186, 6.282329559326172e-05, -0.2538709044456482, 0.008119970560073853, -0.2654339671134949, 3.814506769180298, -0.07532212138175964, 1.8241243362426758, 0.6381732225418091, -1.4835644960403442, 0.19787926971912384, -0.9391636848449707, 1.263695478439331, -0.008960133418440819, 1.6552616357803345, -0.42586061358451843, -0.650976836681366, -0.5372424721717834, 0.5572788119316101, 0.1342390775680542, -0.5497453212738037, 1.3103666305541992, 0.44894352555274963, 1.3435667753219604, 0.19297361373901367, -2.5340945720672607, -1.1378130912780762, 1.0, 1.0, 1.0, 1.0, 1.0, 1.0, 1.0, 1.0, 1.0, 1.0, 0.0, 1.0]"
259,3.419203494559042e-05,0.0,254.4829559326172,0.0,0.0,0.0,0.0,0.0,0.0,5.555505049414933e-05,0.0,413.482666015625,0.668933629989624,-0.00947641022503376,0.00028203619876876473,-0.32926809787750244,-0.26406776905059814,-0.17063581943511963,0.17907185852527618,0.3034062385559082,-0.5240245461463928,1.0093402862548828,-0.5130359530448914,-0.4357146620750427,0.6994284987449646,-0.6018737554550171,0.5618119835853577,"[0.668933629989624, -0.00947641022503376, 0.00028203619876876473, 0.11894135922193527, -0.07553568482398987, -0.11246009916067123, -0.0257314033806324, 0.006778797134757042, -0.9996459484100342, 0.699999988079071, 0.0, 0.0, -0.32926809787750244, -0.26406776905059814, -0.17063581943511963, 0.17907185852527618, -0.09659376740455627, -0.12402454018592834, 0.6093403100967407, -0.11303594708442688, 0.36428534984588623, -0.10057151317596436, 9.357929229736328e-06, -0.2381880283355713, -0.01182213332504034, -1.1051958799362183, 1.8278920650482178, -0.14431187510490417, 1.290846347808838, -0.9236846566200256, -2.2015411853790283, 0.6482223868370056, -0.278037965297699, 5.297753810882568, -0.0011783372610807419, 0.7140250205993652, -0.5334389805793762, -0.3156110346317291, -0.8615217208862305, 0.41017961502075195, 0.144733726978302, -0.8350017070770264, 1.5596429109573364, 0.4395112693309784, 1.406598687171936, 0.4411807656288147, -2.9579126834869385, -0.9896996021270752, 1.0, 1.0, 1.0, 1.0, 1.0, 1.0, 1.0, 1.0, 1.0, 1.0, 0.0, 1.0]"
260,3.373299477971159e-05,0.0,251.06642150878906,0.0,0.0,0.0,0.0,0.0,0.0,4.46458398073446e-05,0.0,332.2880859375,0.6755832433700562,0.01783778890967369,-0.01911001279950142,-0.33307212591171265,-0.2869548797607422,-0.15966883301734924,0.17366556823253632,0.32956627011299133,-0.5523004531860352,0.971403956413269,-0.4967949390411377,-0.4450157880783081,0.8007804155349731,-0.6018767952919006,0.5691221952438354,"[0.6755832433700562, 0.01783778890967369, -0.01911001279950142, 0.23727360367774963, 0.03964763507246971, -0.05698351562023163, -0.025548089295625687, 0.0021245861425995827, -0.9996715188026428, 0.699999988079071, 0.0, 0.0, -0.33307212591171265, -0.2869548797607422, -0.15966883301734924, 0.17366556823253632, -0.07043373584747314, -0.15230044722557068, 0.571403980255127, -0.09679493308067322, 0.35498422384262085, 0.0007804036140441895, 6.318092346191406e-06, -0.2308778166770935, -0.23266160488128662, -0.9679648876190186, -0.019035736098885536, -0.27625250816345215, 1.3763307332992554, -1.5987621545791626, -1.623084545135498, 0.6454654335975647, -0.6240767240524292, 4.475009918212891, -0.0006724465638399124, 0.5740152597427368, -0.3177855908870697, -0.4088233411312103, -0.9168784618377686, 0.39992108941078186, 0.03257107734680176, -0.7559623718261719, 1.5473008155822754, 0.37489625811576843, 1.3636070489883423, 0.46042731404304504, -3.1726419925689697, -0.9958882331848145, 1.0, 1.0, 1.0, 1.0, 1.0, 1.0, 1.0, 1.0, 1.0, 1.0, 0.0, 1.0]"
261,4.238877954776399e-05,0.0,315.4893493652344,0.0,0.0,0.0,0.0,0.0,0.0,4.054389864904806e-05,0.0,301.7583312988281,0.67811518907547,0.022872820496559143,-0.025940999388694763,-0.337761789560318,-0.2975941598415375,-0.1727018654346466,0.1690680831670761,0.3553745150566101,-0.5874544382095337,0.9501976370811462,-0.4803648889064789,-0.4533352851867676,0.8751237392425537,-0.6018752455711365,0.5776522755622864,"[0.67811518907547, 0.022872820496559143, -0.025940999388694763, 0.2041030079126358, -0.040615227073431015, -0.003957918379455805, -0.0256397295743227, -0.002109966706484556, -0.9996691346168518, 0.699999988079071, 0.0, 0.0, -0.337761789560318, -0.2975941598415375, -0.1727018654346466, 0.1690680831670761, -0.04462549090385437, -0.1874544322490692, 0.5501976013183594, -0.0803648829460144, 0.3466647267341614, 0.07512372732162476, 7.867813110351562e-06, -0.22234773635864258, -0.23249545693397522, -0.358973890542984, -1.0001580715179443, -0.21270330250263214, 1.340905785560608, -1.797786831855774, -0.7775915861129761, 0.6596115827560425, -0.41739344596862793, 3.265132427215576, -0.0012501738965511322, 0.7308183312416077, -0.33971068263053894, -0.5217506289482117, -0.9995415210723877, 0.4246425926685333, -0.06680124998092651, -0.7466091513633728, 1.5314327478408813, 0.36071649193763733, 1.3554199934005737, 0.4789939224720001, -3.290961265563965, -0.9627525210380554, 1.0, 1.0, 1.0, 1.0, 1.0, 1.0, 1.0, 1.0, 1.0, 1.0, 0.0, 1.0]"
262,4.274960883776657e-05,0.0,318.1748962402344,0.0,0.0,0.0,0.0,0.0,0.0,4.210576298646629e-05,0.0,313.3829040527344,0.6789141297340393,0.03618226572871208,-0.01199332159012556,-0.3437703847885132,-0.3047772943973541,-0.20588070154190063,0.16343142092227936,0.376286119222641,-0.6223340630531311,0.9425922632217407,-0.4633729159832001,-0.4503222703933716,0.9223034977912903,-0.6018758416175842,0.5888144969940186,"[0.6789141297340393, 0.03618226572871208, -0.01199332159012556, 0.3099389374256134, -0.12492650747299194, 0.007794172503054142, -0.02755744196474552, -0.00751270167529583, -0.9995917081832886, 0.699999988079071, 0.0, 0.0, -0.3437703847885132, -0.3047772943973541, -0.20588070154190063, 0.16343142092227936, -0.023713886737823486, -0.22233405709266663, 0.5425922870635986, -0.0633729100227356, 0.3496777415275574, 0.12230348587036133, 7.271766662597656e-06, -0.2111855149269104, -0.33227238059043884, -0.43807125091552734, -2.014911651611328, -0.32155489921569824, 1.0460083484649658, -1.672635555267334, -0.1816832274198532, 0.6936987638473511, 0.23000234365463257, 1.8509610891342163, -0.0016578659415245056, 0.8370855450630188, -0.35351094603538513, -0.5995959043502808, -1.1154069900512695, 0.4182939827442169, -0.09269219636917114, -0.7354421615600586, 1.568887710571289, 0.41934338212013245, 1.3810383081436157, 0.4676661789417267, -3.3914074897766113, -0.9677163362503052, 1.0, 1.0, 1.0, 1.0, 1.0, 1.0, 1.0, 1.0, 1.0, 1.0, 0.0, 1.0]"
263,4.131199239054695e-05,0.0,307.4750671386719,0.0,0.0,0.0,0.0,0.0,0.0,4.376264405436814e-05,0.0,325.71466064453125,0.6901064515113831,0.0497354194521904,0.008060187101364136,-0.35090264678001404,-0.3160286843776703,-0.25535455346107483,0.15625067055225372,0.3915499448776245,-0.6533263325691223,0.9464677572250366,-0.4439682066440582,-0.4352871775627136,0.9505835771560669,-0.6018767356872559,0.5988009572029114,"[0.6901064515113831, 0.0497354194521904, 0.008060187101364136, 0.32551804184913635, -0.17643864452838898, 0.01158332359045744, -0.030758367851376534, -0.014123872853815556, -0.9994269609451294, 0.699999988079071, 0.0, 0.0, -0.35090264678001404, -0.3160286843776703, -0.25535455346107483, 0.15625067055225372, -0.008450061082839966, -0.25332632660865784, 0.5464677810668945, -0.04396820068359375, 0.36471283435821533, 0.15058356523513794, 6.377696990966797e-06, -0.20119905471801758, -0.3458457589149475, -0.6229817867279053, -2.684039831161499, -0.35437464714050293, 0.7710385322570801, -1.4326421022415161, 0.3994441032409668, 0.8382910490036011, 0.8014675378799438, 1.0487439632415771, -0.0015668533742427826, 0.7255775928497314, -0.4097346365451813, -0.6167203783988953, -1.2549760341644287, 0.41358447074890137, -0.1454741358757019, -0.7456969618797302, 1.610837697982788, 0.44067487120628357, 1.4385347366333008, 0.40933260321617126, -3.4555721282958984, -0.9996342062950134, 1.0, 1.0, 1.0, 1.0, 1.0, 1.0, 1.0, 1.0, 1.0, 1.0, 0.0, 1.0]"
264,4.1467257688054815e-05,0.0,308.6306457519531,0.0,0.0,0.0,0.0,0.0,0.0,4.3804946471937e-05,0.0,326.029541015625,0.7079809308052063,0.05851908400654793,0.03140167519450188,-0.35769498348236084,-0.32827141880989075,-0.3154565393924713,0.14912420511245728,0.40164101123809814,-0.6778754591941833,0.9619295597076416,-0.4204716384410858,-0.4094707667827606,0.9603029489517212,-0.6018770337104797,0.6045753955841064,"[0.7079809308052063, 0.05851908400654793, 0.03140167519450188, 0.2900545299053192, -0.21692493557929993, 0.023301519453525543, -0.03484683111310005, -0.02040744386613369, -0.9991843104362488, 0.699999988079071, 0.0, 0.0, -0.35769498348236084, -0.32827141880989075, -0.3154565393924713, 0.14912420511245728, 0.001641005277633667, -0.27787545323371887, 0.5619295835494995, -0.020471632480621338, 0.39052924513816833, 0.16030293703079224, 6.079673767089844e-06, -0.1954246163368225, -0.31057432293891907, -0.5724552869796753, -3.1410930156707764, -0.3284136950969696, 0.504700779914856, -1.0663936138153076, 0.958782434463501, 1.0597825050354004, 1.3469284772872925, 0.024573639035224915, -0.0016155913472175598, 0.4858682155609131, -0.462220162153244, -0.6030199527740479, -1.35685133934021, 0.3851276934146881, -0.20752179622650146, -0.7288451194763184, 1.632964015007019, 0.4572366178035736, 1.5060343742370605, 0.3075524866580963, -3.463623523712158, -1.055108666419983, 1.0, 1.0, 1.0, 1.0, 1.0, 1.0, 1.0, 1.0, 1.0, 1.0, 0.0, 1.0]"
265,4.188411548966542e-05,0.0,311.7332458496094,0.0,0.0,0.0,0.0,0.0,0.0,4.308050483814441e-05,0.0,320.6376647949219,0.7280237674713135,0.0624459832906723,0.05888931453227997,-0.36284080147743225,-0.33606427907943726,-0.38180822134017944,0.14348112046718597,0.40636512637138367,-0.6938581466674805,0.9866762161254883,-0.39171865582466125,-0.3728303909301758,0.947210967540741,-0.6018772125244141,0.603964626789093,"[0.7280237674713135, 0.0624459832906723, 0.05888931453227997, 0.18153221905231476, -0.250824511051178, 0.034053735435009, -0.039667174220085144, -0.02505984716117382, -0.998898446559906, 0.699999988079071, 0.0, 0.0, -0.36284080147743225, -0.33606427907943726, -0.38180822134017944, 0.14348112046718597, 0.0063651204109191895, -0.293858140707016, 0.5866762399673462, 0.008281350135803223, 0.4271696209907532, 0.147210955619812, 5.900859832763672e-06, -0.19603538513183594, -0.1993095874786377, -0.24934427440166473, -3.366391181945801, -0.2258966565132141, 0.2333572506904602, -0.5765222907066345, 1.349998950958252, 1.3563464879989624, 1.8900785446166992, -1.3211913108825684, -0.0019507147371768951, 0.10662248730659485, -0.4966466724872589, -0.5868753790855408, -1.4729009866714478, 0.4129602015018463, -0.3069409132003784, -0.675536036491394, 1.6340595483779907, 0.4857431948184967, 1.6089107990264893, 0.13806843757629395, -3.4278640747070312, -1.1265192031860352, 1.0, 1.0, 1.0, 1.0, 1.0, 1.0, 1.0, 1.0, 1.0, 1.0, 0.0, 1.0]"
266,4.282186637283303e-05,0.0,318.7126770019531,0.0,0.0,0.0,0.0,0.0,0.0,3.997559906565584e-05,0.0,297.5285949707031,0.7473102807998657,0.06361014395952225,0.09128810465335846,-0.36484575271606445,-0.3353158235549927,-0.45066580176353455,0.1407482624053955,0.40490975975990295,-0.6977674961090088,1.0156441926956177,-0.35652682185173035,-0.324194073677063,0.9022315144538879,-0.6018776297569275,0.5945992469787598,"[0.7473102807998657, 0.06361014395952225, 0.09128810465335846, 0.011868074536323547, -0.289579838514328, 0.041150595992803574, -0.045158833265304565, -0.026637641713023186, -0.9986242651939392, 0.699999988079071, 0.0, 0.0, -0.36484575271606445, -0.3353158235549927, -0.45066580176353455, 0.1407482624053955, 0.0049097537994384766, -0.2977674901485443, 0.6156442165374756, 0.04347318410873413, 0.47580593824386597, 0.10223150253295898, 5.4836273193359375e-06, -0.2054007649421692, -0.02251296117901802, 0.23754094541072845, -3.4577136039733887, -0.06124498322606087, -0.10168246924877167, 0.14745476841926575, 1.4342963695526123, 1.7128905057907104, 2.543088674545288, -3.2496659755706787, -0.014646116644144058, -0.3821239471435547, -0.5079591274261475, -0.5541173815727234, -1.58378005027771, 0.5373665690422058, -0.4809522032737732, -0.5097126960754395, 1.5556972026824951, 0.4751075208187103, 1.7596102952957153, -0.18453386425971985, -3.2808220386505127, -1.1598289012908936, 1.0, 1.0, 1.0, 1.0, 1.0, 1.0, 1.0, 1.0, 1.0, 1.0, 0.0, 1.0]"
267,4.047295078635216e-05,0.0,301.23028564453125,0.0,0.0,0.0,0.0,0.0,0.0,2.3369073460344225e-05,0.0,173.93031311035156,0.7571221590042114,0.05980341136455536,0.10731180757284164,-0.36279934644699097,-0.3237886428833008,-0.5209852457046509,0.14193929731845856,0.3950560986995697,-0.6826245188713074,1.0407066345214844,-0.3158622086048126,-0.25901004672050476,0.8196171522140503,-0.6018813252449036,0.5787422060966492,"[0.7571221590042114, 0.05980341136455536, 0.10731180757284164, -0.14533616602420807, -0.3973822593688965, 0.049410879611968994, -0.05202481523156166, -0.024318469688296318, -0.998349666595459, 0.699999988079071, 0.0, 0.0, -0.36279934644699097, -0.3237886428833008, -0.5209852457046509, 0.14193929731845856, -0.004943907260894775, -0.2826245129108429, 0.6407066583633423, 0.08413779735565186, 0.5409899950027466, 0.019617140293121338, 1.7881393432617188e-06, -0.22125780582427979, 0.1526658535003662, 0.780721127986908, -3.54416823387146, 0.10924292355775833, -0.6051364541053772, 1.3371485471725464, 1.0883123874664307, 2.015810251235962, 3.565342664718628, -5.2855401039123535, -0.017276735976338387, -0.6899223923683167, -0.5675230622291565, -0.5606768727302551, -1.5179482698440552, 0.7170150279998779, -0.6386601328849792, 0.02753576636314392, 1.378989815711975, 0.0651685893535614, 1.6865171194076538, -0.8742641806602478, -2.8913514614105225, -0.8935025334358215, 1.0, 1.0, 1.0, 1.0, 1.0, 1.0, 1.0, 1.0, 1.0, 1.0, 0.0, 1.0]"
268,0.0,0.0,0.0,0.0,0.0,0.0,0.0,0.0,0.0,0.0,0.0,0.0,0.7381862998008728,0.0364498645067215,-0.005762814544141293,-0.35566550493240356,-0.2984890341758728,-0.5849302411079407,0.15214218199253082,0.37983453273773193,-0.6367616653442383,1.0557423830032349,-0.28214964270591736,-0.22359855473041534,0.6937636733055115,-0.6018832921981812,0.5713583827018738,"[0.7381862998008728, 0.0364498645067215, -0.005762814544141293, -0.6321299076080322, -0.39635345339775085, 0.02599547803401947, -0.06073112040758133, -0.016645610332489014, -0.9980153441429138, 0.699999988079071, 0.0, 0.0, -0.35566550493240356, -0.2984890341758728, -0.5849302411079407, 0.15214218199253082, -0.020165473222732544, -0.2367616593837738, 0.6557424068450928, 0.11785036325454712, 0.5764014720916748, -0.10623633861541748, -1.7881393432617188e-07, -0.22864162921905518, 0.515727698802948, 1.6527154445648193, -2.739732027053833, 1.0543948411941528, -0.5333017706871033, 2.8343584537506104, 0.5597946047782898, 1.0326777696609497, -2.6236817836761475, -6.690532684326172, 0.00020676330314017832, -0.019057676196098328, -1.1347216367721558, -0.43182459473609924, -1.0514789819717407, 0.43620026111602783, -0.49302834272384644, 0.6262826919555664, 1.1385977268218994, -1.0249533653259277, 0.28138190507888794, -1.262175440788269, -2.4753026962280273, -0.06072307378053665, 1.0, 1.0, 1.0, 1.0, 1.0, 1.0, 1.0, 1.0, 1.0, 1.0, 0.0, 1.0]"
269,0.0,0.0,0.0,9.715196210891008e-05,0.0,723.0783081054688,0.0,0.0,0.0,0.0,0.0,0.0,0.6340322494506836,0.04459051415324211,-0.06568795442581177,-0.35516268014907837,-0.2752052843570709,-0.610874354839325,0.18167734146118164,0.3581620752811432,-0.5888093709945679,1.0646283626556396,-0.31096985936164856,-0.3280126452445984,0.6197559833526611,-0.6018832921981812,0.6499077081680298,"[0.6340322494506836, 0.04459051415324211, -0.06568795442581177, -0.34989914298057556, -0.03781900927424431, 0.05524008721113205, -0.06600214540958405, -0.004055997356772423, -0.9978111982345581, 0.699999988079071, 0.0, 0.0, -0.35516268014907837, -0.2752052843570709, -0.610874354839325, 0.18167734146118164, -0.04183793067932129, -0.1888093650341034, 0.6646283864974976, 0.08903014659881592, 0.47198736667633057, -0.18024402856826782, -1.7881393432617188e-07, -0.15009230375289917, -0.573628306388855, 0.20228300988674164, 0.15344937145709991, 1.406179428100586, -1.9826980829238892, -0.4461221694946289, 0.6059942841529846, -3.072125196456909, -4.136876106262207, 2.5555357933044434, 0.02506979927420616, 5.801115036010742, -0.9401867985725403, -0.11678663641214371, -0.505568265914917, -0.09936842322349548, -0.48249518871307373, 0.8077249526977539, 1.0476678609848022, -1.444237232208252, -0.06335802376270294, -1.1522090435028076, -2.3860199451446533, 0.5045088529586792, 1.0, 1.0, 1.0, 1.0, 1.0, 1.0, 1.0, 1.0, 1.0, 1.0, 0.0, 1.0]"
270,0.0,0.0,0.0,5.555500683840364e-05,0.0,413.4823303222656,0.0,0.0,0.0,0.0,0.0,0.0,0.6295673847198486,0.05719491094350815,-0.08464620262384415,-0.3864229917526245,-0.28294602036476135,-0.5967716574668884,0.18747766315937042,0.3138221800327301,-0.5737795829772949,1.0723110437393188,-0.4056895673274994,-0.44949963688850403,0.619428277015686,-0.6018838882446289,0.7551310062408447,"[0.6295673847198486, 0.05719491094350815, -0.08464620262384415, 0.38800257444381714, 0.437625527381897, -0.05691826343536377, -0.0606769397854805, -0.009979309514164925, -0.9981073141098022, 0.699999988079071, 0.0, 0.0, -0.3864229917526245, -0.28294602036476135, -0.5967716574668884, 0.18747766315937042, -0.08617782592773438, -0.17377957701683044, 0.6723110675811768, -0.005689561367034912, 0.3505003750324249, -0.18057173490524292, -7.748603820800781e-07, -0.04486900568008423, -1.6878271102905273, -0.5245972871780396, 1.6840366125106812, -0.08189785480499268, -2.2062902450561523, 0.7806033492088318, 0.32569703459739685, -5.227456092834473, -7.152271270751953, -0.23236267268657684, 0.008290670812129974, 3.6483726501464844, -0.6042218208312988, 0.2392670214176178, -0.27099716663360596, -0.02309003472328186, -0.13746154308319092, 0.5872406959533691, 1.1285020112991333, -0.6056463718414307, 0.25952833890914917, -0.8073685169219971, -2.2174370288848877, 0.07358697801828384, 1.0, 1.0, 1.0, 1.0, 1.0, 1.0, 1.0, 1.0, 1.0, 1.0, 0.0, 1.0]"
271,0.0,0.0,0.0,4.3443342292448506e-05,0.0,323.3381652832031,0.0,0.0,0.0,0.0,0.0,0.0,0.6661969423294067,0.001989673590287566,-0.0803837701678276,-0.3933255672454834,-0.2800094187259674,-0.5089384317398071,0.18970893323421478,0.26420968770980835,-0.5581102967262268,1.0784770250320435,-0.5000506043434143,-0.48706650733947754,0.6093144416809082,-0.6018864512443542,0.7601521611213684,"[0.6661969423294067, 0.001989673590287566, -0.0803837701678276, -0.5650966763496399, 0.6367624402046204, -0.08984804153442383, -0.04925757274031639, -0.006173373199999332, -0.9987668395042419, 0.699999988079071, 0.0, 0.0, -0.3933255672454834, -0.2800094187259674, -0.5089384317398071, 0.18970893323421478, -0.13579031825065613, -0.15811029076576233, 0.6784770488739014, -0.10005059838294983, 0.3129335045814514, -0.19068557024002075, -3.337860107421875e-06, -0.03984785079956055, 0.6854027509689331, 0.4122915267944336, 5.768271446228027, 0.25581657886505127, -2.604128360748291, 0.45455503463745117, 0.2496282458305359, -4.106649398803711, 2.2236926555633545, 0.1351393461227417, 0.01217042375355959, -1.8577228784561157, 0.19862189888954163, -0.33060523867607117, -0.39432936906814575, 0.22187945246696472, -0.0008886456489562988, 0.3609931170940399, 1.341526985168457, -0.12251487374305725, 1.2847939729690552, -0.8350542783737183, -2.1511199474334717, -0.4551791250705719, 1.0, 1.0, 1.0, 1.0, 1.0, 1.0, 1.0, 1.0, 1.0, 1.0, 0.0, 1.0]"
272,0.0,0.0,0.0,3.13810960506089e-05,0.0,233.56182861328125,0.0,0.0,0.0,0.0,0.0,0.0,0.7355682849884033,-0.046622518450021744,-0.16743281483650208,-0.35133352875709534,-0.2648376524448395,-0.39067381620407104,0.19372056424617767,0.227239727973938,-0.5491161346435547,1.0769740343093872,-0.5555732250213623,-0.4123091697692871,0.6081615090370178,-0.6018886566162109,0.6834511756896973,"[0.7355682849884033, -0.046622518450021744, -0.16743281483650208, -0.9100438952445984, 0.8228873610496521, -0.2110419124364853, -0.034495286643505096, 0.009929649531841278, -0.9993553757667542, 0.699999988079071, 0.0, 0.0, -0.35133352875709534, -0.2648376524448395, -0.39067381620407104, 0.19372056424617767, -0.1727602779865265, -0.1491161286830902, 0.6769740581512451, -0.15557321906089783, 0.38769084215164185, -0.19183850288391113, -5.543231964111328e-06, -0.11654883623123169, 2.866472005844116, 0.8580082654953003, 5.852667331695557, 0.2573736608028412, -1.4736226797103882, 0.2308707982301712, -0.2201758772134781, -1.9265086650848389, 4.482041358947754, 0.18845462799072266, 0.004954901058226824, -4.852691650390625, 0.06139293313026428, -0.33272936940193176, -0.4608706831932068, 0.6273363828659058, -0.2936832904815674, 0.0884806215763092, 1.3553942441940308, 0.27715298533439636, 1.419331669807434, -0.8796836733818054, -2.3189799785614014, -0.6691941022872925, 1.0, 1.0, 1.0, 1.0, 1.0, 1.0, 1.0, 1.0, 1.0, 1.0, 0.0, 1.0]"
273,0.00012754631461575627,0.0,949.2960815429688,1.6832111214171164e-05,0.0,125.27728271484375,0.0,0.0,0.0,0.0,0.0,0.0,0.7814483046531677,-0.030069740489125252,-0.06139209493994713,-0.32188495993614197,-0.2590654790401459,-0.2954300343990326,0.19106049835681915,0.23692817986011505,-0.5369318127632141,1.0680665969848633,-0.5648305416107178,-0.39692422747612,0.6081604957580566,-0.6017827987670898,0.5836665034294128,"[0.7814483046531677, -0.030069740489125252, -0.06139209493994713, 0.769390881061554, 0.0848936215043068, -0.21345190703868866, -0.02177395485341549, 0.016336791217327118, -0.999629557132721, 0.699999988079071, 0.0, 0.0, -0.32188495993614197, -0.2590654790401459, -0.2954300343990326, 0.19106049835681915, -0.16307182610034943, -0.13693180680274963, 0.6680666208267212, -0.1648305356502533, 0.40307578444480896, -0.19183951616287231, 0.00010031461715698242, -0.2163335084915161, -0.7861144542694092, -0.8030494451522827, 3.714082717895508, -1.2122784852981567, 4.177928924560547, 1.336679458618164, -0.5338143110275269, 0.623499870300293, -5.281416893005371, -0.20663148164749146, -0.01379342656582594, -4.705774784088135, -0.13931545615196228, -0.33784157037734985, -0.43967387080192566, 0.6908648014068604, -0.41317617893218994, -0.3288857340812683, 1.333991289138794, 0.5396978855133057, 1.5348540544509888, -0.632624626159668, -2.3932223320007324, -0.8973520398139954, 1.0, 1.0, 1.0, 1.0, 1.0, 1.0, 1.0, 1.0, 1.0, 1.0, 0.0, 1.0]"
274,7.727163756499067e-05,0.0,575.1138916015625,0.0,0.0,0.0,0.0,0.0,0.0,9.10101953195408e-05,0.0,677.3666381835938,0.6953104138374329,-0.05838963761925697,-0.026868373155593872,-0.32740336656570435,-0.2674485743045807,-0.22259090840816498,0.1843334436416626,0.27329909801483154,-0.5182711482048035,1.0476030111312866,-0.5404495000839233,-0.4172689616680145,0.6184737682342529,-0.6018161773681641,0.5353594422340393,"[0.6953104138374329, -0.05838963761925697, -0.026868373155593872, 0.0732700526714325, -0.18652638792991638, -0.13003137707710266, -0.023872125893831253, 0.007670233957469463, -0.9996852278709412, 0.699999988079071, 0.0, 0.0, -0.32740336656570435, -0.2674485743045807, -0.22259090840816498, 0.1843334436416626, -0.12670090794563293, -0.11827114224433899, 0.6476030349731445, -0.14044949412345886, 0.38273105025291443, -0.18152624368667603, 6.693601608276367e-05, -0.26464056968688965, 0.11047369241714478, -0.13454166054725647, 3.7652218341827393, 0.08238057792186737, 1.7067782878875732, 0.6629815101623535, -1.5024052858352661, -0.2754511833190918, -0.7179352045059204, 0.7795968651771545, -0.008239133283495903, 2.4351255893707275, -0.43917444348335266, -0.6242347359657288, -0.5409104228019714, 0.5407271385192871, 0.15363317728042603, -0.5469188690185547, 1.2978121042251587, 0.4243769347667694, 1.3452445268630981, 0.18654930591583252, -2.528303861618042, -1.0988316535949707, 1.0, 1.0, 1.0, 1.0, 1.0, 1.0, 1.0, 1.0, 1.0, 1.0, 0.0, 1.0]"
275,3.331594416522421e-05,0.0,247.96243286132812,0.0,0.0,0.0,0.0,0.0,0.0,5.588423664448783e-05,0.0,415.9327087402344,0.6668829321861267,-0.01931924931704998,-0.011503636837005615,-0.3248543441295624,-0.277631551027298,-0.16933298110961914,0.18455247581005096,0.3016645908355713,-0.5252503752708435,1.0076258182525635,-0.5292395353317261,-0.4230540096759796,0.6979687809944153,-0.6018733382225037,0.5570176839828491,"[0.6668829321861267, -0.01931924931704998, -0.011503636837005615, 0.02972090244293213, -0.1207684651017189, -0.10805480927228928, -0.02777489647269249, 0.007160794921219349, -0.9995889067649841, 0.699999988079071, 0.0, 0.0, -0.3248543441295624, -0.277631551027298, -0.16933298110961914, 0.18455247581005096, -0.09833541512489319, -0.12525036931037903, 0.6076258420944214, -0.1292395293712616, 0.37694600224494934, -0.10203123092651367, 9.775161743164062e-06, -0.24298232793807983, 0.08668286353349686, -0.793214738368988, 1.8224427700042725, -0.03421930596232414, 1.321701169013977, -0.9368146061897278, -2.1947946548461914, 0.5701935291290283, -0.26121413707733154, 5.521481037139893, -0.0011327220126986504, 0.9117352366447449, -0.5808906555175781, -0.2901555001735687, -0.8754450082778931, 0.4153306186199188, 0.1514033079147339, -0.846388578414917, 1.5690945386886597, 0.4091496169567108, 1.4251097440719604, 0.4377259612083435, -2.9405577182769775, -0.9638103246688843, 1.0, 1.0, 1.0, 1.0, 1.0, 1.0, 1.0, 1.0, 1.0, 1.0, 0.0, 1.0]"
276,3.316956281196326e-05,0.0,246.87295532226562,0.0,0.0,0.0,0.0,0.0,0.0,4.561412788461894e-05,0.0,339.49481201171875,0.6724597215652466,0.009569925256073475,-0.033133719116449356,-0.3280494511127472,-0.2945176064968109,-0.1606682389974594,0.18009594082832336,0.32834845781326294,-0.5530944466590881,0.9701700806617737,-0.515825092792511,-0.43228501081466675,0.7979951500892639,-0.6018770933151245,0.5699541568756104,"[0.6724597215652466, 0.009569925256073475, -0.033133719116449356, 0.2453804612159729, 0.010396772064268589, -0.04896270111203194, -0.0282710250467062, 0.002958324272185564, -0.9995959997177124, 0.699999988079071, 0.0, 0.0, -0.3280494511127472, -0.2945176064968109, -0.1606682389974594, 0.18009594082832336, -0.07165154814720154, -0.15309444069862366, 0.5701700448989868, -0.11582508683204651, 0.3677150011062622, -0.002004861831665039, 6.020069122314453e-06, -0.2300458550453186, -0.23369792103767395, -0.6868271231651306, -0.1692018061876297, -0.2601702809333801, 1.3841906785964966, -1.5815660953521729, -1.5814313888549805, 0.5034396648406982, -0.6000999808311462, 4.414114475250244, -0.0007076021283864975, 0.8496037721633911, -0.32944878935813904, -0.41184672713279724, -0.9093542695045471, 0.3894408047199249, 0.060081422328948975, -0.737600564956665, 1.5461795330047607, 0.37792345881462097, 1.376183271408081, 0.46349790692329407, -3.1531190872192383, -0.9776785373687744, 1.0, 1.0, 1.0, 1.0, 1.0, 1.0, 1.0, 1.0, 1.0, 1.0, 0.0, 1.0]"
277,4.140660530538298e-05,0.0,308.17926025390625,0.0,0.0,0.0,0.0,0.0,0.0,4.204401557217352e-05,0.0,312.92333984375,0.6767227053642273,0.01512797363102436,-0.03662325441837311,-0.33261775970458984,-0.2999895513057709,-0.1753515750169754,0.1759043186903,0.3545127809047699,-0.5880496501922607,0.9501582980155945,-0.5020678043365479,-0.4406396746635437,0.8741713166236877,-0.6018758416175842,0.5835137367248535,"[0.6767227053642273, 0.01512797363102436, -0.03662325441837311, 0.19640959799289703, -0.05686408281326294, -0.0010843903291970491, -0.028797492384910583, -0.0013027453096583486, -0.9995846152305603, 0.699999988079071, 0.0, 0.0, -0.33261775970458984, -0.2999895513057709, -0.1753515750169754, 0.1759043186903, -0.04548722505569458, -0.18804964423179626, 0.5501582622528076, -0.10206779837608337, 0.35936033725738525, 0.07417130470275879, 7.271766662597656e-06, -0.21648627519607544, -0.21699711680412292, -0.11245256662368774, -1.0390803813934326, -0.1871480643749237, 1.3507153987884521, -1.7785571813583374, -0.7123271226882935, 0.5492247939109802, -0.4150553047657013, 3.357727289199829, -0.0011355690658092499, 0.9351455569267273, -0.3544805943965912, -0.5248246788978577, -1.0028104782104492, 0.44306930899620056, -0.047342896461486816, -0.7418286204338074, 1.5323078632354736, 0.3565903604030609, 1.36531400680542, 0.4826947748661041, -3.275052785873413, -0.9336637258529663, 1.0, 1.0, 1.0, 1.0, 1.0, 1.0, 1.0, 1.0, 1.0, 1.0, 0.0, 1.0]"
278,4.17879200540483e-05,0.0,311.01727294921875,0.0,0.0,0.0,0.0,0.0,0.0,4.3069685489172116e-05,0.0,320.55712890625,0.6789745092391968,0.029615947976708412,-0.020356668159365654,-0.3382129371166229,-0.30311813950538635,-0.20882028341293335,0.1708025187253952,0.3758847117424011,-0.6222102642059326,0.9436461925506592,-0.486988365650177,-0.438228040933609,0.9219717383384705,-0.6018761992454529,0.5980153679847717,"[0.6789745092391968, 0.029615947976708412, -0.020356668159365654, 0.2942577600479126, -0.12709194421768188, 0.004321313463151455, -0.030858708545565605, -0.0064358883537352085, -0.9995032548904419, 0.699999988079071, 0.0, 0.0, -0.3382129371166229, -0.30311813950538635, -0.20882028341293335, 0.1708025187253952, -0.024115294218063354, -0.22221025824546814, 0.5436462163925171, -0.08698835968971252, 0.36177197098731995, 0.1219717264175415, 6.9141387939453125e-06, -0.20198464393615723, -0.31004253029823303, -0.2645263075828552, -2.0238616466522217, -0.2952854633331299, 1.0632100105285645, -1.6377910375595093, -0.13515134155750275, 0.609943151473999, 0.200043722987175, 1.8883405923843384, -0.0015817433595657349, 0.9749260544776917, -0.3650514781475067, -0.6001285910606384, -1.107470154762268, 0.4331652820110321, -0.07349270582199097, -0.7297957539558411, 1.5680028200149536, 0.41537198424339294, 1.3826727867126465, 0.46946290135383606, -3.3727667331695557, -0.9406424760818481, 1.0, 1.0, 1.0, 1.0, 1.0, 1.0, 1.0, 1.0, 1.0, 1.0, 0.0, 1.0]"
279,4.049254857818596e-05,0.0,301.37615966796875,0.0,0.0,0.0,0.0,0.0,0.0,4.442004137672484e-05,0.0,330.6075134277344,0.690376877784729,0.04369049891829491,0.0006549700046889484,-0.3448096811771393,-0.31163105368614197,-0.25811588764190674,0.1642044186592102,0.3917926251888275,-0.6526996493339539,0.9481790065765381,-0.4691096842288971,-0.42448872327804565,0.9511109590530396,-0.601876974105835,0.6102991700172424,"[0.690376877784729, 0.04369049891829491, 0.0006549700046889484, 0.3009786903858185, -0.1678786277770996, 0.004980510100722313, -0.033957548439502716, -0.012616177089512348, -0.9993436932563782, 0.699999988079071, 0.0, 0.0, -0.3448096811771393, -0.31163105368614197, -0.25811588764190674, 0.1642044186592102, -0.008207380771636963, -0.2526996433734894, 0.548179030418396, -0.06910967826843262, 0.3755112886428833, 0.1511109471321106, 6.139278411865234e-06, -0.18970084190368652, -0.31723710894584656, -0.5034409761428833, -2.663083076477051, -0.3237763047218323, 0.8029853105545044, -1.415812611579895, 0.4256686568260193, 0.7715458869934082, 0.7296665906906128, 1.0890750885009766, -0.0015557482838630676, 0.8174638748168945, -0.42618969082832336, -0.6110732555389404, -1.244439959526062, 0.43492040038108826, -0.12979042530059814, -0.7489504814147949, 1.6064467430114746, 0.43106386065483093, 1.4344468116760254, 0.41566935181617737, -3.430309295654297, -0.9670037031173706, 1.0, 1.0, 1.0, 1.0, 1.0, 1.0, 1.0, 1.0, 1.0, 1.0, 0.0, 1.0]"
280,4.114857074455358e-05,0.0,306.2587585449219,0.0,0.0,0.0,0.0,0.0,0.0,4.434648872120306e-05,0.0,330.0600891113281,0.7072682976722717,0.052778564393520355,0.02493232674896717,-0.35098549723625183,-0.3220060467720032,-0.31737029552459717,0.15772207081317902,0.40270525217056274,-0.6773595809936523,0.9638888835906982,-0.4469623863697052,-0.4005625247955322,0.9621161222457886,-0.6018773317337036,0.6177946329116821,"[0.7072682976722717, 0.052778564393520355, 0.02493232674896717, 0.26494768261909485, -0.20277263224124908, 0.015796110033988953, -0.03777783364057541, -0.018347136676311493, -0.9991180300712585, 0.699999988079071, 0.0, 0.0, -0.35098549723625183, -0.3220060467720032, -0.31737029552459717, 0.15772207081317902, 0.0027052462100982666, -0.27735957503318787, 0.5638889074325562, -0.04696238040924072, 0.39943748712539673, 0.16211611032485962, 5.781650543212891e-06, -0.18220537900924683, -0.2829219400882721, -0.49903467297554016, -3.090900182723999, -0.29955610632896423, 0.5389828681945801, -1.087470531463623, 0.9631326198577881, 0.995067834854126, 1.2598356008529663, 0.12005683779716492, -0.001607988029718399, 0.5637522339820862, -0.47470220923423767, -0.5969253182411194, -1.3391706943511963, 0.40316876769065857, -0.1920715570449829, -0.7344566583633423, 1.6240992546081543, 0.4401128590106964, 1.4949216842651367, 0.32162076234817505, -3.4308860301971436, -1.0179520845413208, 1.0, 1.0, 1.0, 1.0, 1.0, 1.0, 1.0, 1.0, 1.0, 1.0, 0.0, 1.0]"
281,4.175179492449388e-05,0.0,310.7484130859375,0.0,0.0,0.0,0.0,0.0,0.0,4.3504172936081886e-05,0.0,323.7909240722656,0.7254352569580078,0.05728419870138168,0.05496816709637642,-0.35573479533195496,-0.32906413078308105,-0.38241323828697205,0.15244436264038086,0.40781089663505554,-0.6941113471984863,0.9884054660797119,-0.41964271664619446,-0.3651065230369568,0.9515639543533325,-0.6018776297569275,0.6190506219863892,"[0.7254352569580078, 0.05728419870138168, 0.05496816709637642, 0.17238010466098785, -0.2410634309053421, 0.02588420920073986, -0.042348671704530716, -0.022691793739795685, -0.9988448619842529, 0.699999988079071, 0.0, 0.0, -0.35573479533195496, -0.32906413078308105, -0.38241323828697205, 0.15244436264038086, 0.0078108906745910645, -0.29411134123802185, 0.5884054899215698, -0.01964271068572998, 0.43489348888397217, 0.15156394243240356, 5.4836273193359375e-06, -0.1809493899345398, -0.18495793640613556, -0.23524953424930573, -3.290682315826416, -0.2145678550004959, 0.23071664571762085, -0.6285921931266785, 1.3302385807037354, 1.2841691970825195, 1.8676388263702393, -1.153580904006958, -0.0018634460866451263, 0.20288805663585663, -0.5077624917030334, -0.5804848074913025, -1.4483301639556885, 0.42686745524406433, -0.2872145175933838, -0.6891136765480042, 1.622574806213379, 0.46080896258354187, 1.5886420011520386, 0.16534513235092163, -3.3905014991760254, -1.0830535888671875, 1.0, 1.0, 1.0, 1.0, 1.0, 1.0, 1.0, 1.0, 1.0, 1.0, 0.0, 1.0]"
282,4.232209175825119e-05,0.0,314.99298095703125,0.0,0.0,0.0,0.0,0.0,0.0,4.0878057916415855e-05,0.0,304.2453918457031,0.7434090971946716,0.059112548828125,0.08915878087282181,-0.3575098216533661,-0.3285968601703644,-0.44919273257255554,0.1498355269432068,0.40615272521972656,-0.6995431780815125,1.016784429550171,-0.38597869873046875,-0.3166100084781647,0.9107843637466431,-0.6018782258033752,0.6118479371070862,"[0.7434090971946716, 0.059112548828125, 0.08915878087282181, 0.007300018798559904, -0.28081926703453064, 0.03164961189031601, -0.047675855457782745, -0.02416466362774372, -0.9985705018043518, 0.699999988079071, 0.0, 0.0, -0.3575098216533661, -0.3285968601703644, -0.44919273257255554, 0.1498355269432068, 0.006152719259262085, -0.299543172121048, 0.6167844533920288, 0.014021307229995728, 0.4833900034427643, 0.11078435182571411, 4.887580871582031e-06, -0.18815207481384277, -0.011741031892597675, 0.20611362159252167, -3.340924024581909, -0.057412151247262955, -0.12717966735363007, 0.047452349215745926, 1.4023046493530273, 1.6353014707565308, 2.557375431060791, -2.9941108226776123, -0.014538233168423176, -0.27445751428604126, -0.5128889679908752, -0.5484922528266907, -1.5652713775634766, 0.5373494625091553, -0.44836127758026123, -0.5447646379470825, 1.5550501346588135, 0.4552629888057709, 1.7306855916976929, -0.1333560347557068, -3.254305124282837, -1.1252604722976685, 1.0, 1.0, 1.0, 1.0, 1.0, 1.0, 1.0, 1.0, 1.0, 1.0, 0.0, 1.0]"
283,4.018416802864522e-05,0.0,299.0809326171875,0.0,0.0,0.0,0.0,0.0,0.0,2.680704346857965e-05,0.0,199.5182647705078,0.7545318603515625,0.05685778707265854,0.10945446044206619,-0.35533708333969116,-0.3180858790874481,-0.5171834826469421,0.15095897018909454,0.39589953422546387,-0.6870777010917664,1.0412782430648804,-0.3465355932712555,-0.2515014111995697,0.8319908976554871,-0.6018816232681274,0.597405731678009,"[0.7545318603515625, 0.05685778707265854, 0.10945446044206619, -0.15610717236995697, -0.3715932071208954, 0.03754396364092827, -0.05421285703778267, -0.02182076871395111, -0.9982907772064209, 0.699999988079071, 0.0, 0.0, -0.35533708333969116, -0.3180858790874481, -0.5171834826469421, 0.15095897018909454, -0.00410047173500061, -0.2870776951313019, 0.6412782669067383, 0.053464412689208984, 0.5484986305236816, 0.031990885734558105, 1.4901161193847656e-06, -0.20259428024291992, 0.16506879031658173, 0.7336487174034119, -3.4283087253570557, 0.11200667917728424, -0.6315974593162537, 1.1771670579910278, 1.058622121810913, 1.9545964002609253, 3.5545854568481445, -5.139836311340332, -0.0173027440905571, -0.6357326507568359, -0.5694285035133362, -0.5359996557235718, -1.526528239250183, 0.7155264616012573, -0.6179603338241577, -0.05449768900871277, 1.383653163909912, 0.11400023102760315, 1.697963833808899, -0.7720654010772705, -2.8927783966064453, -0.9183870553970337, 1.0, 1.0, 1.0, 1.0, 1.0, 1.0, 1.0, 1.0, 1.0, 1.0, 0.0, 1.0]"
284,0.0,0.0,0.0,0.0,0.0,0.0,0.0,0.0,0.0,0.0,0.0,0.0,0.7429046034812927,0.037440452724695206,0.002935313619673252,-0.34802666306495667,-0.2935671806335449,-0.5803092122077942,0.16012366116046906,0.3802861273288727,-0.6455409526824951,1.0554184913635254,-0.3107197880744934,-0.21322579681873322,0.712453305721283,-0.6018832325935364,0.5869290232658386,"[0.7429046034812927, 0.037440452724695206, 0.002935313619673252, -0.6317663192749023, -0.35764750838279724, 0.02386949211359024, -0.06215418502688408, -0.013826148584485054, -0.997970700263977, 0.699999988079071, 0.0, 0.0, -0.34802666306495667, -0.2935671806335449, -0.5803092122077942, 0.16012366116046906, -0.019713878631591797, -0.24554094672203064, 0.6554185152053833, 0.08928021788597107, 0.5867742300033569, -0.087546706199646, -1.1920928955078125e-07, -0.21307098865509033, 0.4938572347164154, 1.6175044775009155, -2.790637493133545, 0.9233241677284241, -0.5772167444229126, 2.6181790828704834, 0.502515435218811, 1.3662028312683105, -2.1647419929504395, -6.397850513458252, 0.00020401985966600478, -0.74862140417099, -1.1364707946777344, -0.41882559657096863, -1.0987485647201538, 0.4878455400466919, -0.4880431890487671, 0.5901410579681396, 1.1242976188659668, -0.8444693088531494, 0.3633604645729065, -1.2816870212554932, -2.4642653465270996, -0.14926987886428833, 1.0, 1.0, 1.0, 1.0, 1.0, 1.0, 1.0, 1.0, 1.0, 1.0, 0.0, 1.0]"
285,0.0,0.0,0.0,0.00016048407997004688,0.0,1194.4437255859375,0.0,0.0,0.0,0.0,0.0,0.0,0.6452011466026306,0.0414477176964283,-0.0592043474316597,-0.34806132316589355,-0.26555681228637695,-0.6110886931419373,0.18801946938037872,0.359989732503891,-0.5898177623748779,1.062078833580017,-0.3273158073425293,-0.31280529499053955,0.6182993054389954,-0.6019244194030762,0.6505035161972046,"[0.6452011466026306, 0.0414477176964283, -0.0592043474316597, -0.4244856536388397, -0.035395100712776184, 0.08154196292161942, -0.06746114045381546, -0.0007541659288108349, -0.9977214336395264, 0.699999988079071, 0.0, 0.0, -0.34806132316589355, -0.26555681228637695, -0.6110886931419373, 0.18801946938037872, -0.040010273456573486, -0.18981775641441345, 0.662078857421875, 0.07268419861793518, 0.4871947169303894, -0.1817007064819336, -4.13060188293457e-05, -0.14949649572372437, -0.5852304697036743, 0.43096423149108887, 0.27020159363746643, 1.4638288021087646, -1.9154622554779053, -0.6036015748977661, 0.5824286937713623, -2.384014368057251, -4.075001239776611, 2.486032485961914, 0.03138195723295212, 5.36649751663208, -0.9604048132896423, -0.14956071972846985, -0.5351887345314026, -0.070863276720047, -0.478302001953125, 0.7638213634490967, 1.0341501235961914, -1.4180554151535034, -0.09780709445476532, -1.1273095607757568, -2.3925602436065674, 0.44317737221717834, 1.0, 1.0, 1.0, 1.0, 1.0, 1.0, 1.0, 1.0, 1.0, 1.0, 0.0, 1.0]"
286,0.0,0.0,0.0,5.443113695946522e-05,0.0,405.1176452636719,0.0,0.0,0.0,0.0,0.0,0.0,0.6364935040473938,0.06243328005075455,-0.08969096839427948,-0.38276025652885437,-0.27302053570747375,-0.600180447101593,0.19234386086463928,0.31668606400489807,-0.5769460201263428,1.0683276653289795,-0.40915003418922424,-0.4351039230823517,0.6199313998222351,-0.6018832325935364,0.7534974217414856,"[0.6364935040473938, 0.06243328005075455, -0.08969096839427948, 0.4689013659954071, 0.4326659142971039, -0.04301915690302849, -0.06224694475531578, -0.007256604731082916, -0.9980345964431763, 0.699999988079071, 0.0, 0.0, -0.38276025652885437, -0.27302053570747375, -0.600180447101593, 0.19234386086463928, -0.0833139419555664, -0.1769460141658783, 0.6683276891708374, -0.009150028228759766, 0.36489608883857727, -0.18006861209869385, -1.1920928955078125e-07, -0.04650259017944336, -1.9411609172821045, -0.59878009557724, 1.3853073120117188, -0.23358406126499176, -2.154601812362671, 0.7940782904624939, 0.2261890172958374, -4.6429877281188965, -7.357156276702881, -0.24576790630817413, 0.008017746731638908, 3.5721402168273926, -0.6503469944000244, 0.2210829257965088, -0.2562081515789032, -0.042734235525131226, -0.15703105926513672, 0.5925999879837036, 1.1055492162704468, -0.6191775798797607, 0.21751639246940613, -0.8084650039672852, -2.2195444107055664, 0.05798395723104477, 1.0, 1.0, 1.0, 1.0, 1.0, 1.0, 1.0, 1.0, 1.0, 1.0, 0.0, 1.0]"
287,0.0,0.0,0.0,4.334691402618773e-05,0.0,322.6205139160156,0.0,0.0,0.0,0.0,0.0,0.0,0.6677543520927429,0.006963139399886131,-0.08364444226026535,-0.39525437355041504,-0.2715626358985901,-0.516428530216217,0.19145263731479645,0.2676321864128113,-0.5610665678977966,1.0729827880859375,-0.49493837356567383,-0.48309454321861267,0.6094458103179932,-0.6018858551979065,0.7577937245368958,"[0.6677543520927429, 0.006963139399886131, -0.08364444226026535, -0.5111517906188965, 0.6415185928344727, -0.07761405408382416, -0.05075450241565704, -0.004928792826831341, -0.9986992478370667, 0.699999988079071, 0.0, 0.0, -0.39525437355041504, -0.2715626358985901, -0.516428530216217, 0.19145263731479645, -0.1323678195476532, -0.16106656193733215, 0.6729828119277954, -0.09493836760520935, 0.3169054687023163, -0.1905542016029358, -2.7418136596679688e-06, -0.0422062873840332, 0.426109254360199, 0.34601184725761414, 5.681922435760498, 0.11258109658956528, -2.6236374378204346, 0.45810893177986145, 0.20513133704662323, -3.753143072128296, 1.8371163606643677, 0.13539224863052368, 0.012184320949018002, -1.869870901107788, 0.1759829819202423, -0.30575427412986755, -0.37543922662734985, 0.1902598738670349, 0.016456961631774902, 0.3371776044368744, 1.3426140546798706, -0.11499354243278503, 1.2762171030044556, -0.8293845653533936, -2.134831666946411, -0.47810181975364685, 1.0, 1.0, 1.0, 1.0, 1.0, 1.0, 1.0, 1.0, 1.0, 1.0, 0.0, 1.0]"
288,0.0,0.0,0.0,3.115163781330921e-05,0.0,231.85400390625,0.0,0.0,0.0,0.0,0.0,0.0,0.735359787940979,-0.043904952704906464,-0.17105413973331451,-0.3576453924179077,-0.257053405046463,-0.39760738611221313,0.19223813712596893,0.22995388507843018,-0.5522246956825256,1.0715211629867554,-0.5445043444633484,-0.4127931296825409,0.6084906458854675,-0.601888120174408,0.6798721551895142,"[0.735359787940979, -0.043904952704906464, -0.17105413973331451, -0.8869698643684387, 0.8208091259002686, -0.2007165551185608, -0.03597182035446167, 0.010507340542972088, -0.9992976784706116, 0.699999988079071, 0.0, 0.0, -0.3576453924179077, -0.257053405046463, -0.39760738611221313, 0.19223813712596893, -0.1700461208820343, -0.15222468972206116, 0.6715211868286133, -0.1445043385028839, 0.38720688223838806, -0.19150936603546143, -5.0067901611328125e-06, -0.1201278567314148, 2.6731419563293457, 0.8352054953575134, 5.92979097366333, 0.0860939472913742, -1.5031603574752808, 0.2117070108652115, -0.19233860075473785, -1.6539140939712524, 4.292519569396973, 0.22410228848457336, 0.005212785676121712, -4.93353796005249, 0.05867549777030945, -0.33110079169273376, -0.4648178517818451, 0.6053178310394287, -0.2984458804130554, 0.07663258910179138, 1.3588974475860596, 0.27769535779953003, 1.4176174402236938, -0.868438184261322, -2.3063786029815674, -0.688956618309021, 1.0, 1.0, 1.0, 1.0, 1.0, 1.0, 1.0, 1.0, 1.0, 1.0, 0.0, 1.0]"
289,0.00013285994646139443,0.0,988.843994140625,1.641598646529019e-05,0.0,122.18016052246094,0.0,0.0,0.0,0.0,0.0,0.0,0.7795971035957336,-0.029859161004424095,-0.06542670726776123,-0.3280099332332611,-0.2510305345058441,-0.29896754026412964,0.1870032101869583,0.23713840544223785,-0.5409477353096008,1.0639169216156006,-0.5493711233139038,-0.39159002900123596,0.6099104285240173,-0.6017791032791138,0.5790453553199768,"[0.7795971035957336, -0.029859161004424095, -0.06542670726776123, 0.7849008440971375, 0.06947971880435944, -0.20463165640830994, -0.02325761318206787, 0.017139460891485214, -0.9995830655097961, 0.699999988079071, 0.0, 0.0, -0.3280099332332611, -0.2510305345058441, -0.29896754026412964, 0.1870032101869583, -0.16286160051822662, -0.14094772934913635, 0.6639169454574585, -0.14937111735343933, 0.408409982919693, -0.19008958339691162, 0.00010401010513305664, -0.22095465660095215, -0.7938681244850159, -0.8176435232162476, 3.873871326446533, -1.3678580522537231, 4.098067283630371, 1.3070260286331177, -0.4541098177433014, 0.8190776705741882, -5.1181206703186035, -0.13503161072731018, -0.011142116971313953, -4.7039475440979, -0.13801845908164978, -0.3400958180427551, -0.4460657238960266, 0.6764107942581177, -0.4066770076751709, -0.33233729004859924, 1.3364537954330444, 0.5400000810623169, 1.5254749059677124, -0.6221789717674255, -2.387770891189575, -0.9099564552307129, 1.0, 1.0, 1.0, 1.0, 1.0, 1.0, 1.0, 1.0, 1.0, 1.0, 0.0, 1.0]"
290,7.824381464160979e-05,0.0,582.349609375,0.0,0.0,0.0,0.0,0.0,0.0,4.217406967654824e-05,0.0,313.89129638671875,0.6968380212783813,-0.05613166466355324,-0.029130596667528152,-0.3334658741950989,-0.25952428579330444,-0.22312863171100616,0.17876264452934265,0.2732812166213989,-0.5225563049316406,1.0442124605178833,-0.528800368309021,-0.4118500053882599,0.621861457824707,-0.6018180251121521,0.5401752591133118,"[0.6968380212783813, -0.05613166466355324, -0.029130596667528152, 0.1948387175798416, -0.21219851076602936, -0.11796501278877258, -0.025357546284794807, 0.008561511524021626, -0.9996418952941895, 0.699999988079071, 0.0, 0.0, -0.3334658741950989, -0.25952428579330444, -0.22312863171100616, 0.17876264452934265, -0.12671878933906555, -0.12255629897117615, 0.6442124843597412, -0.12880036234855652, 0.38815000653266907, -0.17813855409622192, 6.508827209472656e-05, -0.2598247528076172, -0.017493657767772675, -0.256568968296051, 3.7185561656951904, -0.10902680456638336, 1.716118574142456, 0.6940087676048279, -1.4141876697540283, 0.16957737505435944, -0.6850675344467163, 1.05474054813385, -0.008980941958725452, 1.7727770805358887, -0.43469664454460144, -0.6348904967308044, -0.5572019219398499, 0.5437123775482178, 0.1416817307472229, -0.5419677495956421, 1.3096719980239868, 0.4475027024745941, 1.3532629013061523, 0.18867674469947815, -2.5466248989105225, -1.1152262687683105, 1.0, 1.0, 1.0, 1.0, 1.0, 1.0, 1.0, 1.0, 1.0, 1.0, 0.0, 1.0]"
291,3.258915967307985e-05,0.0,242.55313110351562,0.0,0.0,0.0,0.0,0.0,0.0,5.6278924603248015e-05,0.0,418.8702697753906,0.6692934632301331,-0.013794684782624245,-0.0065227835439145565,-0.3322123885154724,-0.2720479369163513,-0.17060139775276184,0.17752021551132202,0.3005151152610779,-0.5281649827957153,1.005277156829834,-0.5157872438430786,-0.4162074327468872,0.6983997821807861,-0.6018736362457275,0.5586851239204407,"[0.6692934632301331, -0.013794684782624245, -0.0065227835439145565, 0.07058890908956528, -0.10078850388526917, -0.11100399494171143, -0.028955617919564247, 0.006823315750807524, -0.9995573163032532, 0.699999988079071, 0.0, 0.0, -0.3322123885154724, -0.2720479369163513, -0.17060139775276184, 0.17752021551132202, -0.0994848906993866, -0.12816497683525085, 0.6052771806716919, -0.11578723788261414, 0.38379257917404175, -0.10160022974014282, 9.47713851928711e-06, -0.24131488800048828, 0.03957011550664902, -0.9205394387245178, 1.7920019626617432, -0.08727841824293137, 1.2972970008850098, -0.877041757106781, -2.1469521522521973, 0.6187770366668701, -0.25140416622161865, 5.445876598358154, -0.0011978857219219208, 0.8045111894607544, -0.5523391962051392, -0.3106488287448883, -0.8884506225585938, 0.40759342908859253, 0.15216344594955444, -0.8338601589202881, 1.5579227209091187, 0.43250247836112976, 1.4226616621017456, 0.43526989221572876, -2.9639768600463867, -0.9853411316871643, 1.0, 1.0, 1.0, 1.0, 1.0, 1.0, 1.0, 1.0, 1.0, 1.0, 0.0, 1.0]"
292,3.3316373446723446e-05,0.0,247.9656219482422,0.0,0.0,0.0,0.0,0.0,0.0,4.476864341995679e-05,0.0,333.20208740234375,0.6769853830337524,0.01562553271651268,-0.030056215822696686,-0.33557164669036865,-0.2912995219230652,-0.16207163035869598,0.17274489998817444,0.32727664709091187,-0.5550817251205444,0.9683586359024048,-0.5007186532020569,-0.42613181471824646,0.7997441291809082,-0.6018768548965454,0.5684016942977905,"[0.6769853830337524, 0.01562553271651268, -0.030056215822696686, 0.22900976240634918, 0.031111424788832664, -0.05533148720860481, -0.02903766743838787, 0.0026262833271175623, -0.9995748996734619, 0.699999988079071, 0.0, 0.0, -0.33557164669036865, -0.2912995219230652, -0.16207163035869598, 0.17274489998817444, -0.07272335886955261, -0.15508171916007996, 0.5683586597442627, -0.10071864724159241, 0.3738681972026825, -0.00025588274002075195, 6.258487701416016e-06, -0.23159831762313843, -0.22666668891906738, -0.793925404548645, -0.1740671545267105, -0.26080644130706787, 1.4069414138793945, -1.5226954221725464, -1.5711712837219238, 0.5869435667991638, -0.664191722869873, 4.4068193435668945, -0.0007141940295696259, 0.6881369948387146, -0.33119669556617737, -0.4006592929363251, -0.923396646976471, 0.393675297498703, 0.03780478239059448, -0.7506179809570312, 1.5405830144882202, 0.368326872587204, 1.3733748197555542, 0.44791677594184875, -3.166051149368286, -0.9917343258857727, 1.0, 1.0, 1.0, 1.0, 1.0, 1.0, 1.0, 1.0, 1.0, 1.0, 0.0, 1.0]"
293,4.220574192004278e-05,0.0,314.12701416015625,0.0,0.0,0.0,0.0,0.0,0.0,4.084792089997791e-05,0.0,304.0210876464844,0.6800090074539185,0.021162113174796104,-0.03566418215632439,-0.3399682641029358,-0.29833081364631653,-0.17732533812522888,0.16863663494586945,0.35385262966156006,-0.5888140201568604,0.948195219039917,-0.48535212874412537,-0.4356008768081665,0.8731948733329773,-0.601875364780426,0.5789406895637512,"[0.6800090074539185, 0.021162113174796104, -0.03566418215632439, 0.17715908586978912, -0.04429135099053383, -0.0023632242809981108, -0.02922985516488552, -0.0012411177158355713, -0.9995718002319336, 0.699999988079071, 0.0, 0.0, -0.3399682641029358, -0.29833081364631653, -0.17732533812522888, 0.16863663494586945, -0.04614737629890442, -0.18881401419639587, 0.5481952428817749, -0.08535212278366089, 0.36439913511276245, 0.07319486141204834, 7.748603820800781e-06, -0.22105932235717773, -0.20981666445732117, -0.17469269037246704, -1.0769115686416626, -0.1810343861579895, 1.3769679069519043, -1.7283176183700562, -0.7263157367706299, 0.6223067045211792, -0.4733934998512268, 3.2328224182128906, -0.0013143569231033325, 0.8039826154708862, -0.35326722264289856, -0.5182593464851379, -1.0082013607025146, 0.43100884556770325, -0.0633612871170044, -0.7376412153244019, 1.5244203805923462, 0.3516070544719696, 1.3650020360946655, 0.46873608231544495, -3.277947425842285, -0.9572891592979431, 1.0, 1.0, 1.0, 1.0, 1.0, 1.0, 1.0, 1.0, 1.0, 1.0, 0.0, 1.0]"
294,4.239588088239543e-05,0.0,315.54217529296875,0.0,0.0,0.0,0.0,0.0,0.0,4.224992881063372e-05,0.0,314.4559020996094,0.6811464428901672,0.03564691171050072,-0.020849348977208138,-0.3454273045063019,-0.3021376430988312,-0.21145008504390717,0.16371174156665802,0.3755348324775696,-0.6222377419471741,0.941396176815033,-0.4690185487270355,-0.4339035451412201,0.9193812012672424,-0.6018759608268738,0.5912773609161377,"[0.6811464428901672, 0.03564691171050072, -0.020849348977208138, 0.2771177887916565, -0.12218238413333893, 0.007601202465593815, -0.03113638609647751, -0.005978559143841267, -0.9994969964027405, 0.699999988079071, 0.0, 0.0, -0.3454273045063019, -0.3021376430988312, -0.21145008504390717, 0.16371174156665802, -0.024465173482894897, -0.2222377359867096, 0.5413961410522461, -0.06901854276657104, 0.36609646677970886, 0.11938118934631348, 7.152557373046875e-06, -0.20872265100479126, -0.30578601360321045, -0.2845519781112671, -2.0536975860595703, -0.28796982765197754, 1.0785267353057861, -1.5994155406951904, -0.14811356365680695, 0.6692147850990295, 0.16990911960601807, 1.8006315231323242, -0.0017186440527439117, 0.8783286809921265, -0.3691350519657135, -0.5899630188941956, -1.1169637441635132, 0.42062878608703613, -0.08712553977966309, -0.7275141477584839, 1.560692548751831, 0.41169223189353943, 1.3883827924728394, 0.45518186688423157, -3.3703606128692627, -0.9639652967453003, 1.0, 1.0, 1.0, 1.0, 1.0, 1.0, 1.0, 1.0, 1.0, 1.0, 0.0, 1.0]"
295,4.099541547475383e-05,0.0,305.1188659667969,0.0,0.0,0.0,0.0,0.0,0.0,4.383158739074133e-05,0.0,326.2278137207031,0.6923888921737671,0.05034477263689041,-0.0005054097855463624,-0.35203930735588074,-0.31076228618621826,-0.2613414227962494,0.1571846455335617,0.39153361320495605,-0.651882529258728,0.9457171559333801,-0.4501214623451233,-0.4203295409679413,0.9469706416130066,-0.6018767952919006,0.6019707322120667,"[0.6923888921737671, 0.05034477263689041, -0.0005054097855463624, 0.2915108799934387, -0.16784541308879852, 0.010080128908157349, -0.03419873118400574, -0.011913880705833435, -0.9993438720703125, 0.699999988079071, 0.0, 0.0, -0.35203930735588074, -0.31076228618621826, -0.2613414227962494, 0.1571846455335617, -0.008466392755508423, -0.25188252329826355, 0.5457171201705933, -0.050121456384658813, 0.37967047095298767, 0.14697062969207764, 6.318092346191406e-06, -0.1980292797088623, -0.320544958114624, -0.5016497373580933, -2.6923270225524902, -0.3229120373725891, 0.804058313369751, -1.3695052862167358, 0.4166621267795563, 0.8198309540748596, 0.7310159802436829, 1.0174527168273926, -0.001613818109035492, 0.7465310096740723, -0.42725643515586853, -0.6006715297698975, -1.2530531883239746, 0.41879865527153015, -0.14035749435424805, -0.7402141094207764, 1.6011016368865967, 0.42905864119529724, 1.4444992542266846, 0.39692094922065735, -3.426190137863159, -0.9946421980857849, 1.0, 1.0, 1.0, 1.0, 1.0, 1.0, 1.0, 1.0, 1.0, 1.0, 0.0, 1.0]"
296,4.175836511421949e-05,0.0,310.79730224609375,0.0,0.0,0.0,0.0,0.0,0.0,4.3717216613003984e-05,0.0,325.3765563964844,0.7096356749534607,0.0599701814353466,0.023555109277367592,-0.35832497477531433,-0.3207910358905792,-0.321095734834671,0.15068946778774261,0.4023178517818451,-0.6753841042518616,0.9613425135612488,-0.4270494878292084,-0.3960222005844116,0.9561148881912231,-0.6018771529197693,0.6081882119178772,"[0.7096356749534607, 0.0599701814353466, 0.023555109277367592, 0.2582240104675293, -0.2077421396970749, 0.021838493645191193, -0.03808122128248215, -0.017499003559350967, -0.9991216063499451, 0.699999988079071, 0.0, 0.0, -0.35832497477531433, -0.3207910358905792, -0.321095734834671, 0.15068946778774261, 0.0023178458213806152, -0.2753840982913971, 0.5613424777984619, -0.027049481868743896, 0.40397781133651733, 0.1561148762702942, 5.9604644775390625e-06, -0.19181180000305176, -0.2885124385356903, -0.4708927869796753, -3.111294746398926, -0.30069878697395325, 0.5293340086936951, -1.0208919048309326, 0.9622425436973572, 1.0432544946670532, 1.2885178327560425, 0.004091178998351097, -0.0016657263040542603, 0.5014926195144653, -0.47633787989616394, -0.584027111530304, -1.3490550518035889, 0.39189592003822327, -0.20591074228286743, -0.7227534651756287, 1.62018620967865, 0.43764951825141907, 1.50826096534729, 0.2965714931488037, -3.4275219440460205, -1.0468896627426147, 1.0, 1.0, 1.0, 1.0, 1.0, 1.0, 1.0, 1.0, 1.0, 1.0, 0.0, 1.0]"
297,4.2214644054183736e-05,0.0,314.19329833984375,0.0,0.0,0.0,0.0,0.0,0.0,4.2710791603894904e-05,0.0,317.885986328125,0.728093683719635,0.06476502865552902,0.05270957201719284,-0.3631540536880493,-0.3269008696079254,-0.38639917969703674,0.1454569548368454,0.40714406967163086,-0.6906185746192932,0.9859633445739746,-0.398824006319046,-0.3597688376903534,0.9428500533103943,-0.6018775105476379,0.608342707157135,"[0.728093683719635, 0.06476502865552902, 0.05270957201719284, 0.16236551105976105, -0.2501099407672882, 0.03342364728450775, -0.04280809685587883, -0.021662326529622078, -0.9988481402397156, 0.699999988079071, 0.0, 0.0, -0.3631540536880493, -0.3269008696079254, -0.38639917969703674, 0.1454569548368454, 0.007144063711166382, -0.29061856865882874, 0.5859633684158325, 0.001175999641418457, 0.44023117423057556, 0.14285004138946533, 5.602836608886719e-06, -0.19165730476379395, -0.18789860606193542, -0.17550621926784515, -3.300297737121582, -0.2108742892742157, 0.21910890936851501, -0.5435076355934143, 1.3397026062011719, 1.3344873189926147, 1.907214641571045, -1.3174024820327759, -0.001997128129005432, 0.14361299574375153, -0.5092119574546814, -0.565213143825531, -1.45912766456604, 0.42121902108192444, -0.3072661757469177, -0.6667417287826538, 1.6211912631988525, 0.4555750787258148, 1.6079827547073364, 0.13065510988235474, -3.3882060050964355, -1.1144530773162842, 1.0, 1.0, 1.0, 1.0, 1.0, 1.0, 1.0, 1.0, 1.0, 1.0, 0.0, 1.0]"
298,4.28465282311663e-05,0.0,318.896240234375,0.0,0.0,0.0,0.0,0.0,0.0,3.942310286220163e-05,0.0,293.41650390625,0.745993435382843,0.0665610134601593,0.0851602628827095,-0.364988774061203,-0.3248707950115204,-0.4533592164516449,0.1429751217365265,0.40512076020240784,-0.693902850151062,1.014639139175415,-0.364336758852005,-0.31020379066467285,0.8981168270111084,-0.6018780469894409,0.6002843379974365,"[0.745993435382843, 0.0665610134601593, 0.0851602628827095, -0.0006182226352393627, -0.2958682179450989, 0.04128265753388405, -0.048369407653808594, -0.022914141416549683, -0.9985665082931519, 0.699999988079071, 0.0, 0.0, -0.364988774061203, -0.3248707950115204, -0.4533592164516449, 0.1429751217365265, 0.005120754241943359, -0.29390284419059753, 0.614639163017273, 0.03566324710845947, 0.4897962212562561, 0.09811681509017944, 5.066394805908203e-06, -0.19971567392349243, -0.016963563859462738, 0.29613691568374634, -3.349623441696167, -0.052718810737133026, -0.14627031981945038, 0.1809719353914261, 1.4207372665405273, 1.683761477470398, 2.6193950176239014, -3.238680124282837, -0.015025033615529537, -0.32151132822036743, -0.5211270451545715, -0.5285438299179077, -1.5648502111434937, 0.5475136041641235, -0.4807356595993042, -0.4921715557575226, 1.5469249486923218, 0.4289233386516571, 1.7547227144241333, -0.19138389825820923, -3.2411820888519287, -1.1402658224105835, 1.0, 1.0, 1.0, 1.0, 1.0, 1.0, 1.0, 1.0, 1.0, 1.0, 0.0, 1.0]"
299,3.97688927478157e-05,0.0,295.9901428222656,0.0,0.0,0.0,0.0,0.0,0.0,2.19211451621959e-05,0.0,163.15371704101562,0.754452109336853,0.06302664428949356,0.09783076494932175,-0.3630148470401764,-0.31229954957962036,-0.5211518406867981,0.14421314001083374,0.3941311538219452,-0.6778243184089661,1.0396361351013184,-0.32477426528930664,-0.24302834272384644,0.8156195282936096,-0.6018816828727722,0.5865950584411621,"[0.754452109336853, 0.06302664428949356, 0.09783076494932175, -0.14240142703056335, -0.40953004360198975, 0.05021549016237259, -0.05541817098855972, -0.020495638251304626, -0.9982530474662781, 0.699999988079071, 0.0, 0.0, -0.3630148470401764, -0.31229954957962036, -0.5211518406867981, 0.14421314001083374, -0.005868852138519287, -0.2778243124485016, 0.6396361589431763, 0.07522574067115784, 0.5569716691970825, 0.015619516372680664, 1.430511474609375e-06, -0.21340495347976685, 0.13708579540252686, 0.8296152353286743, -3.407382011413574, 0.1039920225739479, -0.6807848811149597, 1.3944200277328491, 1.0993740558624268, 1.9629708528518677, 3.6965439319610596, -5.2843122482299805, -0.018340816721320152, -0.5776046514511108, -0.5850982069969177, -0.5312570929527283, -1.4828016757965088, 0.7183343172073364, -0.6347395181655884, 0.06446215510368347, 1.3788822889328003, -0.0006285607814788818, 1.6552306413650513, -0.8839342594146729, -2.852001190185547, -0.850656270980835, 1.0, 1.0, 1.0, 1.0, 1.0, 1.0, 1.0, 1.0, 1.0, 1.0, 0.0, 1.0]"
300,0.0,0.0,0.0,0.0,0.0,0.0,0.0,0.0,0.0,5.121930257701024e-08,0.0,0.3812127411365509,0.7375321984291077,0.04048527032136917,-0.02391168847680092,-0.35629671812057495,-0.28576675057411194,-0.5816037058830261,0.15453629195690155,0.38103142380714417,-0.6304800510406494,1.0555636882781982,-0.29281023144721985,-0.21941500902175903,0.6885796189308167,-0.6018832921981812,0.581853985786438,"[0.7375321984291077, 0.04048527032136917, -0.02391168847680092, -0.6221737861633301, -0.3937850892543793, 0.016928957775235176, -0.06410905718803406, -0.012656942009925842, -0.9978623986244202, 0.699999988079071, 0.0, 0.0, -0.35629671812057495, -0.28576675057411194, -0.5816037058830261, 0.15453629195690155, -0.018968582153320312, -0.23048004508018494, 0.6555637121200562, 0.10718977451324463, 0.5805850028991699, -0.1114203929901123, -1.7881393432617188e-07, -0.21814602613449097, 0.4474358856678009, 1.682399034500122, -2.571002721786499, 1.0472767353057861, -0.3005775809288025, 2.9193849563598633, 0.6251170635223389, 0.9171794652938843, -3.9270195960998535, -6.748018741607666, 0.00020588262123055756, 0.07881426811218262, -1.1480906009674072, -0.4225720465183258, -1.0109163522720337, 0.38400304317474365, -0.45422863960266113, 0.6506772041320801, 1.1485291719436646, -1.0532914400100708, 0.18486617505550385, -1.2282648086547852, -2.454193353652954, -0.023341543972492218, 1.0, 1.0, 1.0, 1.0, 1.0, 1.0, 1.0, 1.0, 1.0, 1.0, 0.0, 1.0]"
301,0.0,0.0,0.0,3.472989919828251e-05,0.0,258.48614501953125,0.0,0.0,0.0,0.0,0.0,0.0,0.638451337814331,0.052338216453790665,-0.08362327516078949,-0.36075830459594727,-0.26786088943481445,-0.6107124090194702,0.178897887468338,0.3600071966648102,-0.5904815196990967,1.0656059980392456,-0.32414156198501587,-0.32801589369773865,0.6272412538528442,-0.6018774509429932,0.6632341742515564,"[0.638451337814331, 0.052338216453790665, -0.08362327516078949, -0.21230648458003998, -0.04937843605875969, 0.03236670047044754, -0.06874743849039078, -0.004246596712619066, -0.9976250529289246, 0.699999988079071, 0.0, 0.0, -0.36075830459594727, -0.26786088943481445, -0.6107124090194702, 0.178897887468338, -0.0399928092956543, -0.1904815137386322, 0.6656060218811035, 0.07585844397544861, 0.4719841182231903, -0.17275875806808472, 5.662441253662109e-06, -0.13676583766937256, -0.7172850966453552, 0.07544894516468048, 0.10467936098575592, 1.1498578786849976, -1.8940837383270264, 0.11473523080348969, 0.67994225025177, -3.0632708072662354, -4.058562278747559, 1.5140135288238525, 0.007145419716835022, 5.7312541007995605, -0.8898792862892151, -0.08922777324914932, -0.4654182195663452, -0.09210729598999023, -0.47321611642837524, 0.8311706781387329, 1.0521756410598755, -1.382665753364563, -0.01676499843597412, -1.1731832027435303, -2.3461527824401855, 0.500608503818512, 1.0, 1.0, 1.0, 1.0, 1.0, 1.0, 1.0, 1.0, 1.0, 1.0, 0.0, 1.0]"
302,0.0,0.0,0.0,5.899664029129781e-05,0.0,439.09759521484375,0.0,0.0,0.0,0.0,0.0,0.0,0.6329158544540405,0.054161977022886276,-0.09177570790052414,-0.391402006149292,-0.27692490816116333,-0.5931737422943115,0.18235717713832855,0.31761738657951355,-0.5751494765281677,1.0751936435699463,-0.41638246178627014,-0.45105814933776855,0.626610517501831,-0.6018891334533691,0.7641011476516724,"[0.6329158544540405, 0.054161977022886276, -0.09177570790052414, 0.3823528587818146, 0.43933069705963135, -0.0631052702665329, -0.0633905678987503, -0.011416981928050518, -0.9979236721992493, 0.699999988079071, 0.0, 0.0, -0.391402006149292, -0.27692490816116333, -0.5931737422943115, 0.18235717713832855, -0.08238261938095093, -0.17514947056770325, 0.6751936674118042, -0.016382455825805664, 0.3489418625831604, -0.1733894944190979, -6.020069122314453e-06, -0.03589886426925659, -1.5028594732284546, -0.45648133754730225, 1.9903854131698608, -0.08245940506458282, -2.1415069103240967, 0.7135488986968994, 0.4273766875267029, -5.068618297576904, -7.050384521484375, -0.2559933066368103, 0.005230157636106014, 3.5182242393493652, -0.5278974175453186, 0.1950415074825287, -0.305275559425354, -0.0024036169052124023, -0.13782131671905518, 0.597728967666626, 1.1467992067337036, -0.6077088117599487, 0.2878303527832031, -0.8428640365600586, -2.214498996734619, 0.08718401938676834, 1.0, 1.0, 1.0, 1.0, 1.0, 1.0, 1.0, 1.0, 1.0, 1.0, 0.0, 1.0]"
303,0.0,0.0,0.0,4.520890797721222e-05,0.0,336.4788513183594,0.0,0.0,0.0,0.0,0.0,0.0,0.6692754030227661,-0.0049367304891347885,-0.08673255890607834,-0.3926232159137726,-0.2740917503833771,-0.5021008849143982,0.1853387951850891,0.2678854763507843,-0.5596266388893127,1.082243800163269,-0.5078654289245605,-0.48224499821662903,0.6165493726730347,-0.6018919348716736,0.7678261399269104,"[0.6692754030227661, -0.0049367304891347885, -0.08673255890607834, -0.5330665707588196, 0.665756106376648, -0.10472436249256134, -0.051656078547239304, -0.007714357227087021, -0.998635470867157, 0.699999988079071, 0.0, 0.0, -0.3926232159137726, -0.2740917503833771, -0.5021008849143982, 0.1853387951850891, -0.13211452960968018, -0.15962663292884827, 0.682243824005127, -0.10786542296409607, 0.3177550137042999, -0.1834506392478943, -8.821487426757812e-06, -0.032173871994018555, 0.9653801918029785, 0.496597558259964, 5.783915996551514, 0.29298320412635803, -2.6072936058044434, 0.48626476526260376, 0.254438579082489, -3.962153911590576, 2.2900772094726562, -0.15461629629135132, 0.00813371129333973, -2.0326123237609863, 0.19068458676338196, -0.30696019530296326, -0.3951100707054138, 0.24979472160339355, -0.015439152717590332, 0.3548828065395355, 1.331659197807312, -0.1269698441028595, 1.286030650138855, -0.8335719108581543, -2.1575047969818115, -0.46107232570648193, 1.0, 1.0, 1.0, 1.0, 1.0, 1.0, 1.0, 1.0, 1.0, 1.0, 0.0, 1.0]"
304,0.0,0.0,0.0,3.012892193510197e-05,0.0,224.2421875,0.0,0.0,0.0,0.0,0.0,0.0,0.7358364462852478,-0.052834268659353256,-0.1734047681093216,-0.3454807996749878,-0.2591257393360138,-0.3840630054473877,0.19150803983211517,0.23013590276241302,-0.5504176616668701,1.079993486404419,-0.5606294274330139,-0.40806302428245544,0.6139102578163147,-0.6018890142440796,0.6874440908432007,"[0.7358364462852478, -0.052834268659353256, -0.1734047681093216, -0.9072822332382202, 0.8607353568077087, -0.21439321339130402, -0.036103952676057816, 0.007998430170118809, -0.9993160963058472, 0.699999988079071, 0.0, 0.0, -0.3454807996749878, -0.2591257393360138, -0.3840630054473877, 0.19150803983211517, -0.16986410319805145, -0.15041765570640564, 0.6799935102462769, -0.16062942147254944, 0.3919369876384735, -0.18608975410461426, -5.900859832763672e-06, -0.11255592107772827, 3.1065289974212646, 0.8633084297180176, 5.834056377410889, 0.4083601236343384, -1.5442379713058472, 0.2345934510231018, -0.28419238328933716, -1.7875056266784668, 4.530008316040039, 0.14621475338935852, 0.00467349449172616, -4.992839336395264, 0.03672793507575989, -0.3125782310962677, -0.4492262303829193, 0.6301212310791016, -0.3007514476776123, 0.03877076506614685, 1.3447728157043457, 0.3219020962715149, 1.4320471286773682, -0.8567659258842468, -2.321713447570801, -0.6873522996902466, 1.0, 1.0, 1.0, 1.0, 1.0, 1.0, 1.0, 1.0, 1.0, 1.0, 0.0, 1.0]"
305,0.00012271433661226183,0.0,913.332763671875,1.3798113286611624e-05,0.0,102.69597625732422,0.0,0.0,0.0,0.0,0.0,0.0,0.7811537384986877,-0.033927951008081436,-0.07555694878101349,-0.3165493905544281,-0.253407746553421,-0.29010581970214844,0.19117748737335205,0.240980863571167,-0.5384676456451416,1.0691704750061035,-0.5659959316253662,-0.39987489581108093,0.6138877868652344,-0.6017997860908508,0.5840103030204773,"[0.7811537384986877, -0.033927951008081436, -0.07555694878101349, 0.7447986006736755, 0.10172661393880844, -0.20644418895244598, -0.023097386583685875, 0.014207633212208748, -0.9996324777603149, 0.699999988079071, 0.0, 0.0, -0.3165493905544281, -0.253407746553421, -0.29010581970214844, 0.19117748737335205, -0.15901914238929749, -0.13846763968467712, 0.6691704988479614, -0.16599592566490173, 0.400125116109848, -0.18611222505569458, 8.33272933959961e-05, -0.21598970890045166, -0.7073607444763184, -0.7671015858650208, 3.6570167541503906, -1.067202091217041, 4.230889797210693, 1.2843455076217651, -0.6366096138954163, 0.8400713801383972, -4.991168975830078, -0.15460479259490967, -0.03714529424905777, -4.940184116363525, -0.1629880964756012, -0.34414637088775635, -0.4497864246368408, 0.7352554798126221, -0.4365243911743164, -0.4044339060783386, 1.3380619287490845, 0.5779763460159302, 1.5598604679107666, -0.5444284081459045, -2.410637855529785, -0.9332285523414612, 1.0, 1.0, 1.0, 1.0, 1.0, 1.0, 1.0, 1.0, 1.0, 1.0, 0.0, 1.0]"
306,8.128166518872604e-05,0.0,604.9595947265625,0.0,0.0,0.0,0.0,0.0,0.0,3.5619872505776584e-05,0.0,265.1100158691406,0.7006746530532837,-0.055029626935720444,-0.018599068745970726,-0.3192533254623413,-0.258999228477478,-0.2157301902770996,0.18853986263275146,0.27975791692733765,-0.5222731232643127,1.045435905456543,-0.5430693030357361,-0.42642655968666077,0.6292456984519958,-0.6018223762512207,0.5472259521484375,"[0.7006746530532837, -0.055029626935720444, -0.018599068745970726, -0.008123422972857952, -0.14653310179710388, -0.12476067990064621, -0.024200452491641045, 0.008712805807590485, -0.9996692538261414, 0.699999988079071, 0.0, 0.0, -0.3192533254623413, -0.258999228477478, -0.2157301902770996, 0.18853986263275146, -0.12024208903312683, -0.12227311730384827, 0.6454359292984009, -0.1430692970752716, 0.3735734522342682, -0.1707543134689331, 6.073713302612305e-05, -0.25277405977249146, 0.15126024186611176, -0.07192610204219818, 3.7379636764526367, 0.05687139183282852, 2.0239827632904053, 0.5408943295478821, -1.6266275644302368, 0.5420896410942078, -1.31278395652771, 1.5209300518035889, -0.011511830613017082, 1.0817375183105469, -0.4362276494503021, -0.6519043445587158, -0.5562238097190857, 0.5505776405334473, 0.14676135778427124, -0.5536222457885742, 1.3212902545928955, 0.4553339183330536, 1.3492978811264038, 0.23538634181022644, -2.5700759887695312, -1.0964231491088867, 1.0, 1.0, 1.0, 1.0, 1.0, 1.0, 1.0, 1.0, 1.0, 1.0, 0.0, 1.0]"
307,3.29634131048806e-05,0.0,245.338623046875,0.0,0.0,0.0,0.0,0.0,0.0,5.4832544265082106e-05,0.0,408.105224609375,0.6671090722084045,-0.008942531421780586,0.01490762922912836,-0.31639808416366577,-0.27172616124153137,-0.16541118919849396,0.18864424526691437,0.30814018845558167,-0.5306600332260132,1.0033766031265259,-0.5261114835739136,-0.4354645609855652,0.7098140716552734,-0.6018747687339783,0.5564243197441101,"[0.6671090722084045, -0.008942531421780586, 0.01490762922912836, 0.07780251652002335, -0.02691800892353058, -0.11880654096603394, -0.026098139584064484, 0.008871483616530895, -0.9996200799942017, 0.699999988079071, 0.0, 0.0, -0.31639808416366577, -0.27172616124153137, -0.16541118919849396, 0.18864424526691437, -0.09185981750488281, -0.1306600272655487, 0.6033766269683838, -0.1261114776134491, 0.36453545093536377, -0.09018594026565552, 8.344650268554688e-06, -0.24357569217681885, 0.02845543622970581, -1.0514739751815796, 1.5930075645446777, -0.11749488860368729, 1.2508047819137573, -0.9566097259521484, -2.239976644515991, 0.7287375926971436, -0.29055967926979065, 5.338506698608398, 0.00044649839401245117, 0.4902212619781494, -0.5451502203941345, -0.3189064562320709, -0.8595614433288574, 0.41402190923690796, 0.1587923765182495, -0.8357774019241333, 1.5611425638198853, 0.44058260321617126, 1.4098910093307495, 0.47251883149147034, -2.9536311626434326, -0.9853509664535522, 1.0, 1.0, 1.0, 1.0, 1.0, 1.0, 1.0, 1.0, 1.0, 1.0, 0.0, 1.0]"
308,3.211045259376988e-05,0.0,238.990234375,0.0,0.0,0.0,0.0,0.0,0.0,4.289875869289972e-05,0.0,319.28497314453125,0.673198938369751,0.015177533030509949,-0.013292019255459309,-0.32062333822250366,-0.2938469350337982,-0.1590086668729782,0.18269988894462585,0.33324459195137024,-0.5585247278213501,0.966497004032135,-0.5099751353263855,-0.44406065344810486,0.8106744289398193,-0.6018785834312439,0.5626751184463501,"[0.673198938369751, 0.015177533030509949, -0.013292019255459309, 0.2680374085903168, 0.061198893934488297, -0.05902019888162613, -0.02531466633081436, 0.003734551602974534, -0.9996728897094727, 0.699999988079071, 0.0, 0.0, -0.32062333822250366, -0.2938469350337982, -0.1590086668729782, 0.18269988894462585, -0.06675541400909424, -0.15852472186088562, 0.5664969682693481, -0.10997512936592102, 0.3559393584728241, 0.01067441701889038, 4.5299530029296875e-06, -0.23732489347457886, -0.2566523253917694, -0.9069075584411621, -0.1960538923740387, -0.3050073981285095, 1.3077890872955322, -1.5687532424926758, -1.5262311697006226, 0.6170588135719299, -0.5452008247375488, 4.512077808380127, -0.00022369809448719025, 0.5735315084457397, -0.33187875151634216, -0.41875532269477844, -0.9152111411094666, 0.4322270154953003, 0.04680454730987549, -0.7587178945541382, 1.5567855834960938, 0.35176965594291687, 1.3695812225341797, 0.486684113740921, -3.1587815284729004, -0.9713799953460693, 1.0, 1.0, 1.0, 1.0, 1.0, 1.0, 1.0, 1.0, 1.0, 1.0, 0.0, 1.0]"
309,4.057399928569794e-05,0.0,301.9823913574219,0.0,0.0,0.0,0.0,0.0,0.0,4.0275510400533676e-05,0.0,299.7607727050781,0.6757364273071289,0.016611304134130478,-0.023798028007149696,-0.325683057308197,-0.3027467727661133,-0.17398181557655334,0.17769555747509003,0.35832178592681885,-0.5927188992500305,0.9479785561561584,-0.4945921003818512,-0.45168712735176086,0.88553786277771,-0.6018802523612976,0.5722761154174805,"[0.6757364273071289, 0.016611304134130478, -0.023798028007149696, 0.2290792614221573, -0.028615491464734077, -0.005003451369702816, -0.025161322206258774, -0.0010471747955307364, -0.9996827840805054, 0.699999988079071, 0.0, 0.0, -0.325683057308197, -0.3027467727661133, -0.17398181557655334, 0.17769555747509003, -0.04167822003364563, -0.19271889328956604, 0.5479785203933716, -0.09459209442138672, 0.3483128845691681, 0.085537850856781, 2.86102294921875e-06, -0.2277238965034485, -0.24780265986919403, -0.2662295997142792, -1.0662651062011719, -0.22710250318050385, 1.280001163482666, -1.74153733253479, -0.6275044083595276, 0.6026444435119629, -0.34051722288131714, 3.2400777339935303, -0.016915213316679, 0.792393684387207, -0.3460772931575775, -0.5402303338050842, -0.9929040670394897, 0.4487060606479645, -0.04830354452133179, -0.7457212805747986, 1.538277268409729, 0.3543693721294403, 1.3644497394561768, 0.499538391828537, -3.283952474594116, -0.9391695857048035, 1.0, 1.0, 1.0, 1.0, 1.0, 1.0, 1.0, 1.0, 1.0, 1.0, 0.0, 1.0]"
310,4.094498945050873e-05,0.0,304.74359130859375,0.0,0.0,0.0,0.0,0.0,0.0,4.249363701092079e-05,0.0,316.269775390625,0.6761994361877441,0.028514422476291656,-0.010157883167266846,-0.33219385147094727,-0.3088837265968323,-0.20823833346366882,0.1714896261692047,0.37843820452690125,-0.6263561248779297,0.9434705376625061,-0.47900715470314026,-0.44774821400642395,0.9321109652519226,-0.6018813252449036,0.5851883292198181,"[0.6761994361877441, 0.028514422476291656, -0.010157883167266846, 0.34791842103004456, -0.11440625041723251, 0.004423900041729212, -0.026905756443738937, -0.007226764224469662, -0.9996122121810913, 0.699999988079071, 0.0, 0.0, -0.33219385147094727, -0.3088837265968323, -0.20823833346366882, 0.1714896261692047, -0.021561801433563232, -0.2263561189174652, 0.5434705018997192, -0.07900714874267578, 0.352251797914505, 0.13211095333099365, 1.7881393432617188e-06, -0.21481168270111084, -0.3573000729084015, -0.40333643555641174, -2.0541515350341797, -0.3469282388687134, 0.9778381586074829, -1.617265224456787, -0.023028217256069183, 0.6193089485168457, 0.317286878824234, 1.8366116285324097, -0.018154719844460487, 0.926826000213623, -0.36242005228996277, -0.6195129156112671, -1.1103875637054443, 0.44717976450920105, -0.07748675346374512, -0.7408980131149292, 1.580513834953308, 0.4199243485927582, 1.3879233598709106, 0.48251643776893616, -3.390570640563965, -0.9430115222930908, 1.0, 1.0, 1.0, 1.0, 1.0, 1.0, 1.0, 1.0, 1.0, 1.0, 0.0, 1.0]"
311,3.940833266824484e-05,0.0,293.30657958984375,0.0,0.0,0.0,0.0,0.0,0.0,4.4212647480890155e-05,0.0,329.0639343261719,0.6872053146362305,0.0404343344271183,0.010195393115282059,-0.33975937962532043,-0.3199281394481659,-0.25799331068992615,0.16377410292625427,0.39288008213043213,-0.6563563942909241,0.9504332542419434,-0.4610427916049957,-0.43177303671836853,0.9596756100654602,-0.6018815040588379,0.5969540476799011,"[0.6872053146362305, 0.0404343344271183, 0.010195393115282059, 0.3553813397884369, -0.16443705558776855, 0.0064981854520738125, -0.029924336820840836, -0.014603725634515285, -0.9994456171989441, 0.699999988079071, 0.0, 0.0, -0.33975937962532043, -0.3199281394481659, -0.25799331068992615, 0.16377410292625427, -0.007119923830032349, -0.2563563883304596, 0.5504332780838013, -0.06104278564453125, 0.3682269752025604, 0.15967559814453125, 1.6093254089355469e-06, -0.20304596424102783, -0.36040422320365906, -0.6170068979263306, -2.678088903427124, -0.37103840708732605, 0.7091922760009766, -1.3937866687774658, 0.5508837699890137, 0.7666391730308533, 0.8758463263511658, 0.9984073638916016, -0.016534473747015, 0.8076469898223877, -0.41453251242637634, -0.6380693912506104, -1.250369668006897, 0.44091007113456726, -0.13139033317565918, -0.7515028715133667, 1.6214481592178345, 0.44147738814353943, 1.4423645734786987, 0.42094576358795166, -3.45688533782959, -0.9741176962852478, 1.0, 1.0, 1.0, 1.0, 1.0, 1.0, 1.0, 1.0, 1.0, 1.0, 0.0, 1.0]"
312,3.9753096643835306e-05,0.0,295.87255859375,0.0,0.0,0.0,0.0,0.0,0.0,4.434262154973112e-05,0.0,330.03131103515625,0.7042953968048096,0.04795290157198906,0.03371670842170715,-0.3467549681663513,-0.33246469497680664,-0.3177867829799652,0.15632176399230957,0.40231260657310486,-0.6804401278495789,0.9684945940971375,-0.4389091730117798,-0.4054071605205536,0.968561053276062,-0.6018813848495483,0.6042871475219727,"[0.7042953968048096, 0.04795290157198906, 0.03371670842170715, 0.31143930554389954, -0.2030058652162552, 0.01603716053068638, -0.03378375247120857, -0.02144506201148033, -0.9991992712020874, 0.699999988079071, 0.0, 0.0, -0.3467549681663513, -0.33246469497680664, -0.3177867829799652, 0.15632176399230957, 0.002312600612640381, -0.2804401218891144, 0.5684945583343506, -0.03890916705131531, 0.39459285140037537, 0.16856104135513306, 1.7285346984863281e-06, -0.1957128643989563, -0.3140183985233307, -0.5943260192871094, -3.119798421859741, -0.33730024099349976, 0.4465274512767792, -1.0581742525100708, 1.0740208625793457, 0.9882585406303406, 1.413029432296753, -0.006432879716157913, -0.015381282195448875, 0.5627064108848572, -0.4681466519832611, -0.6242728233337402, -1.352132797241211, 0.4107299745082855, -0.1932452917098999, -0.7386941909790039, 1.6396735906600952, 0.4605092704296112, 1.5073298215866089, 0.32012033462524414, -3.4628825187683105, -1.0272703170776367, 1.0, 1.0, 1.0, 1.0, 1.0, 1.0, 1.0, 1.0, 1.0, 1.0, 0.0, 1.0]"
313,3.994536746176891e-05,0.0,297.3036193847656,0.0,0.0,0.0,0.0,0.0,0.0,4.3714087951229885e-05,0.0,325.353271484375,0.7232251167297363,0.05093204602599144,0.06212018430233002,-0.3519526720046997,-0.34108105301856995,-0.38378310203552246,0.15045268833637238,0.40633514523506165,-0.6965355277061462,0.9947946667671204,-0.41148918867111206,-0.36820539832115173,0.9549529552459717,-0.6018816828727722,0.6051502823829651,"[0.7232251167297363, 0.05093204602599144, 0.06212018430233002, 0.1941029280424118, -0.2368638962507248, 0.024688176810741425, -0.038371577858924866, -0.026540424674749374, -0.9989110827445984, 0.699999988079071, 0.0, 0.0, -0.3519526720046997, -0.34108105301856995, -0.38378310203552246, 0.15045268833637238, 0.006335139274597168, -0.29653552174568176, 0.5947946310043335, -0.011489182710647583, 0.4317946135997772, 0.15495294332504272, 1.430511474609375e-06, -0.19484972953796387, -0.1914834976196289, -0.291789174079895, -3.3442575931549072, -0.2271302342414856, 0.16983824968338013, -0.5987346172332764, 1.4036089181900024, 1.2860889434814453, 1.9628822803497314, -1.3367608785629272, -0.015302239917218685, 0.17957405745983124, -0.4984842538833618, -0.6087372899055481, -1.4710744619369507, 0.43657436966896057, -0.29060208797454834, -0.692378580570221, 1.6330574750900269, 0.4936334788799286, 1.606975793838501, 0.15142548084259033, -3.4199957847595215, -1.0962262153625488, 1.0, 1.0, 1.0, 1.0, 1.0, 1.0, 1.0, 1.0, 1.0, 1.0, 0.0, 1.0]"
314,4.059190905536525e-05,0.0,302.11566162109375,0.0,0.0,0.0,0.0,0.0,0.0,4.126675412408076e-05,0.0,307.13836669921875,0.7417080998420715,0.051626741886138916,0.09590835869312286,-0.35370975732803345,-0.3414327800273895,-0.4523477256298065,0.1477375328540802,0.4041990041732788,-0.7013434171676636,1.0238332748413086,-0.37746477127075195,-0.31909966468811035,0.9100606441497803,-0.601882815361023,0.5969527959823608,"[0.7417080998420715, 0.051626741886138916, 0.09590835869312286, 0.0054944828152656555, -0.2729027271270752, 0.029425224289298058, -0.043619584292173386, -0.028280455619096756, -0.9986478090286255, 0.699999988079071, 0.0, 0.0, -0.35370975732803345, -0.3414327800273895, -0.4523477256298065, 0.1477375328540802, 0.004198998212814331, -0.3013434112071991, 0.6238332986831665, 0.022535234689712524, 0.4809003472328186, 0.11006063222885132, 2.980232238769531e-07, -0.20304721593856812, 0.004348155111074448, 0.18381303548812866, -3.444216728210449, -0.046221476048231125, -0.16518203914165497, 0.07607530802488327, 1.4050054550170898, 1.6492981910705566, 2.606696605682373, -3.2206573486328125, -0.016442708671092987, -0.32625240087509155, -0.5028552412986755, -0.577695906162262, -1.5920183658599854, 0.5491571426391602, -0.4571530818939209, -0.5430682897567749, 1.5515607595443726, 0.4968864619731903, 1.7522989511489868, -0.1654985249042511, -3.267686605453491, -1.1386592388153076, 1.0, 1.0, 1.0, 1.0, 1.0, 1.0, 1.0, 1.0, 1.0, 1.0, 0.0, 1.0]"
315,3.844616730930284e-05,0.0,286.1453857421875,0.0,0.0,0.0,0.0,0.0,0.0,2.6250969312968664e-05,0.0,195.37954711914062,0.7527218461036682,0.04859228432178497,0.11588975042104721,-0.3511112630367279,-0.33126986026763916,-0.5230605602264404,0.14915910363197327,0.3937963545322418,-0.6882539391517639,1.0472495555877686,-0.3374539613723755,-0.25384649634361267,0.8280303478240967,-0.6018873453140259,0.5811669826507568,"[0.7527218461036682, 0.04859228432178497, 0.11588975042104721, -0.17169424891471863, -0.36892589926719666, 0.03450348600745201, -0.05010044202208519, -0.025802521035075188, -0.9984107613563538, 0.699999988079071, 0.0, 0.0, -0.3511112630367279, -0.33126986026763916, -0.5230605602264404, 0.14915910363197327, -0.006203651428222656, -0.28825393319129944, 0.6472495794296265, 0.06254604458808899, 0.5461535453796387, 0.028030335903167725, -4.231929779052734e-06, -0.21883302927017212, 0.18805456161499023, 0.7240380048751831, -3.575334310531616, 0.1393108069896698, -0.6545332074165344, 1.2089675664901733, 0.9690178632736206, 1.974710464477539, 3.5594823360443115, -5.262789249420166, -0.02186061628162861, -0.6928454041481018, -0.5715009570121765, -0.5697622895240784, -1.5434154272079468, 0.725182056427002, -0.6255050897598267, -0.029461175203323364, 1.3621801137924194, 0.13250234723091125, 1.68882155418396, -0.8451480865478516, -2.875593423843384, -0.9143679738044739, 1.0, 1.0, 1.0, 1.0, 1.0, 1.0, 1.0, 1.0, 1.0, 1.0, 0.0, 1.0]"
316,0.0,0.0,0.0,0.0,0.0,0.0,0.0,0.0,0.0,0.0,0.0,0.0,0.7411810755729675,0.029208719730377197,0.007658450864255428,-0.3437834084033966,-0.3067476749420166,-0.588783323764801,0.15899872779846191,0.37902119755744934,-0.6453670263290405,1.0588195323944092,-0.3018852174282074,-0.22090716660022736,0.7036644816398621,-0.6018832325935364,0.5708522200584412,"[0.7411810755729675, 0.029208719730377197, 0.007658450864255428, -0.6545413732528687, -0.3631753623485565, 0.019196296110749245, -0.05810804292559624, -0.017544569447636604, -0.9981562495231628, 0.699999988079071, 0.0, 0.0, -0.3437834084033966, -0.3067476749420166, -0.588783323764801, 0.15899872779846191, -0.020978808403015137, -0.24536702036857605, 0.6588195562362671, 0.09811478853225708, 0.5790928602218628, -0.0963355302810669, -1.1920928955078125e-07, -0.2291477918624878, 0.4555462598800659, 1.6302634477615356, -2.871066093444824, 0.9547823071479797, -0.46336889266967773, 2.690279960632324, 0.3592890501022339, 1.2819057703018188, -2.8416192531585693, -6.622036457061768, 0.00020487228175625205, -0.23007389903068542, -1.2018808126449585, -0.41811075806617737, -1.0864458084106445, 0.45852866768836975, -0.4772801399230957, 0.5805190801620483, 1.0981976985931396, -0.8919204473495483, 0.26957690715789795, -1.2746957540512085, -2.463993787765503, -0.12264714390039444, 1.0, 1.0, 1.0, 1.0, 1.0, 1.0, 1.0, 1.0, 1.0, 1.0, 0.0, 1.0]"
317,0.0,0.0,0.0,0.00016089239215943962,0.0,1197.482666015625,0.0,0.0,0.0,0.0,0.0,0.0,0.6377394199371338,0.0464649498462677,-0.06256575882434845,-0.3435578942298889,-0.2738523483276367,-0.6111739277839661,0.18899990618228912,0.3604326844215393,-0.5882725715637207,1.064025640487671,-0.3196186125278473,-0.32578590512275696,0.597131073474884,-0.6019242405891418,0.6394847631454468,"[0.6377394199371338, 0.0464649498462677, -0.06256575882434845, -0.4703730642795563, -0.0899495854973793, 0.0683877021074295, -0.06423261016607285, -0.00157649046741426, -0.9979336857795715, 0.699999988079071, 0.0, 0.0, -0.3435578942298889, -0.2738523483276367, -0.6111739277839661, 0.18899990618228912, -0.03956732153892517, -0.18827256560325623, 0.6640256643295288, 0.08038139343261719, 0.474214106798172, -0.20286893844604492, -4.112720489501953e-05, -0.16051524877548218, -0.7372421026229858, -0.08269944787025452, 0.3221489191055298, 1.3504352569580078, -1.8726933002471924, -0.6918625831604004, 0.39482223987579346, -2.4919514656066895, -4.019981384277344, 3.460432291030884, 0.042444489896297455, 5.655905723571777, -1.0022449493408203, -0.12837985157966614, -0.5268936157226562, -0.08206728100776672, -0.48167115449905396, 0.748092532157898, 1.0142784118652344, -1.4003640413284302, -0.0851115733385086, -1.1440293788909912, -2.388453245162964, 0.4547465145587921, 1.0, 1.0, 1.0, 1.0, 1.0, 1.0, 1.0, 1.0, 1.0, 1.0, 0.0, 1.0]"
318,0.0,0.0,0.0,5.7148627092828974e-05,0.0,425.34326171875,0.0,0.0,0.0,0.0,0.0,0.0,0.6284499168395996,0.06284154206514359,-0.09574725478887558,-0.38205552101135254,-0.2812558710575104,-0.6003410816192627,0.19116058945655823,0.31828001141548157,-0.5777651071548462,1.0662765502929688,-0.4033287465572357,-0.44818416237831116,0.6063064336776733,-0.6018826961517334,0.7465903162956238,"[0.6284499168395996, 0.06284154206514359, -0.09574725478887558, 0.40947550535202026, 0.373689204454422, -0.03822387754917145, -0.06046387180685997, -0.006826172117143869, -0.9981470108032227, 0.699999988079071, 0.0, 0.0, -0.38205552101135254, -0.2812558710575104, -0.6003410816192627, 0.19116058945655823, -0.08171999454498291, -0.1777651011943817, 0.6662765741348267, -0.0033287405967712402, 0.3518158495426178, -0.19369357824325562, 4.172325134277344e-07, -0.053409695625305176, -2.13854718208313, -0.5554466843605042, 1.3948814868927002, -0.32851094007492065, -2.124053955078125, 0.6817224025726318, 0.05657466500997543, -4.720336437225342, -7.308509826660156, 0.015909284353256226, 0.008846234530210495, 3.613140344619751, -0.6188791394233704, 0.21322432160377502, -0.2715330719947815, -0.025895684957504272, -0.14710694551467896, 0.6034882068634033, 1.155752182006836, -0.6071196794509888, 0.24319879710674286, -0.777163028717041, -2.208099603652954, 0.032038651406764984, 1.0, 1.0, 1.0, 1.0, 1.0, 1.0, 1.0, 1.0, 1.0, 1.0, 0.0, 1.0]"
319,0.0,0.0,0.0,4.402185732033104e-05,0.0,327.6439208984375,0.0,0.0,0.0,0.0,0.0,0.0,0.6617456674575806,0.0020339356269687414,-0.08724301308393478,-0.3964485824108124,-0.27823489904403687,-0.5147730112075806,0.19000443816184998,0.2687361240386963,-0.5642545223236084,1.0699371099472046,-0.4901328682899475,-0.4870758652687073,0.6008650660514832,-0.6018857359886169,0.7494758367538452,"[0.6617456674575806, 0.0020339356269687414, -0.08724301308393478, -0.5948684811592102, 0.5947239398956299, -0.07074684649705887, -0.04997522011399269, -0.0028247395530343056, -0.9987462759017944, 0.699999988079071, 0.0, 0.0, -0.3964485824108124, -0.27823489904403687, -0.5147730112075806, 0.19000443816184998, -0.1312638819217682, -0.16425451636314392, 0.6699371337890625, -0.09013286232948303, 0.3129241466522217, -0.1991349458694458, -2.6226043701171875e-06, -0.05052417516708374, 0.3715267479419708, 0.4440038502216339, 5.776701927185059, 0.13731375336647034, -2.629138708114624, 0.3523486852645874, 0.22358056902885437, -3.8116984367370605, 2.1990609169006348, 0.342073917388916, 0.012367242947220802, -1.860528826713562, 0.1899208128452301, -0.3595835864543915, -0.39708882570266724, 0.2101837694644928, 0.014063000679016113, 0.36087772250175476, 1.3588829040527344, -0.11380192637443542, 1.284654140472412, -0.8144353628158569, -2.13921856880188, -0.49093613028526306, 1.0, 1.0, 1.0, 1.0, 1.0, 1.0, 1.0, 1.0, 1.0, 1.0, 0.0, 1.0]"
320,0.0,0.0,0.0,3.1974497687770054e-05,0.0,237.97836303710938,0.0,0.0,0.0,0.0,0.0,0.0,0.7313748002052307,-0.04825061559677124,-0.17515712976455688,-0.3602963984012604,-0.26316773891448975,-0.3961718678474426,0.19103027880191803,0.23145556449890137,-0.5572422742843628,1.0701067447662354,-0.5413438081741333,-0.4141409397125244,0.6038793325424194,-0.6018885970115662,0.6727583408355713,"[0.7313748002052307, -0.04825061559677124, -0.17515712976455688, -0.8867457509040833, 0.7848045825958252, -0.20282283425331116, -0.03598915785551071, 0.013190624304115772, -0.999265193939209, 0.699999988079071, 0.0, 0.0, -0.3602963984012604, -0.26316773891448975, -0.3961718678474426, 0.19103027880191803, -0.1685444414615631, -0.15724226832389832, 0.6701067686080933, -0.14134380221366882, 0.38585907220840454, -0.19612067937850952, -5.4836273193359375e-06, -0.12724167108535767, 2.589006185531616, 0.835186779499054, 5.8789167404174805, 0.0931759625673294, -1.482696771621704, 0.13617339730262756, -0.08546846359968185, -1.747593879699707, 4.387740612030029, 0.3859502971172333, 0.005048728547990322, -4.85414981842041, 0.0538962185382843, -0.34788814187049866, -0.4727603495121002, 0.6188105344772339, -0.2857208251953125, 0.11012306809425354, 1.368871808052063, 0.27856579422950745, 1.408739686012268, -0.8769534230232239, -2.309640645980835, -0.6771191358566284, 1.0, 1.0, 1.0, 1.0, 1.0, 1.0, 1.0, 1.0, 1.0, 1.0, 0.0, 1.0]"
321,0.00012168240937171504,0.0,905.6524047851562,1.8890808860305697e-05,0.0,140.59967041015625,0.0,0.0,0.0,0.0,0.0,0.0,0.7820829153060913,-0.03351443633437157,-0.07965857535600662,-0.33281567692756653,-0.2573780417442322,-0.29989907145500183,0.18637849390506744,0.24024973809719086,-0.5469966530799866,1.0644892454147339,-0.5485653281211853,-0.3930165469646454,0.6071221232414246,-0.6017848253250122,0.5750318765640259,"[0.7820829153060913, -0.03351443633437157, -0.07965857535600662, 0.7404079437255859, 0.11836917698383331, -0.21101535856723785, -0.023399898782372475, 0.019572963938117027, -0.999534547328949, 0.699999988079071, 0.0, 0.0, -0.33281567692756653, -0.2573780417442322, -0.29989907145500183, 0.18637849390506744, -0.15975026786327362, -0.1469966471195221, 0.6644892692565918, -0.14856532216072083, 0.40698346495628357, -0.1928778886795044, 9.828805923461914e-05, -0.22496813535690308, -0.798612117767334, -0.769445538520813, 3.7597579956054688, -1.2560604810714722, 4.114202976226807, 1.2210302352905273, -0.36594241857528687, 0.6799367666244507, -5.155625343322754, -0.07317616045475006, -0.02523280866444111, -4.552679061889648, -0.13911989331245422, -0.340347021818161, -0.4463031589984894, 0.6683462858200073, -0.40014463663101196, -0.29652974009513855, 1.3370600938796997, 0.5329799652099609, 1.5172535181045532, -0.6489102840423584, -2.385899305343628, -0.8889985084533691, 1.0, 1.0, 1.0, 1.0, 1.0, 1.0, 1.0, 1.0, 1.0, 1.0, 0.0, 1.0]"
322,7.27274818927981e-05,0.0,541.2928466796875,0.0,0.0,0.0,0.0,0.0,0.0,7.887359242886305e-05,0.0,587.036865234375,0.7034270167350769,-0.05891739949584007,-0.0393509641289711,-0.3381572961807251,-0.26525363326072693,-0.2269340455532074,0.17931543290615082,0.27837395668029785,-0.5296300649642944,1.0468449592590332,-0.524806797504425,-0.4185042381286621,0.6178550720214844,-0.6018312573432922,0.5296441912651062,"[0.7034270167350769, -0.05891739949584007, -0.0393509641289711, 0.10318197309970856, -0.13946984708309174, -0.13739682734012604, -0.024267183616757393, 0.01132128480821848, -0.9996411800384521, 0.699999988079071, 0.0, 0.0, -0.3381572961807251, -0.26525363326072693, -0.2269340455532074, 0.17931543290615082, -0.12162604928016663, -0.12963005900382996, 0.6468449831008911, -0.12480679154396057, 0.38149577379226685, -0.18214493989944458, 5.1856040954589844e-05, -0.27035582065582275, 0.056468017399311066, -0.13782726228237152, 3.7306461334228516, -0.008223496377468109, 1.9862161874771118, 0.69218909740448, -1.3659018278121948, -0.17716915905475616, -1.2584205865859985, 0.6304466724395752, -0.012862902134656906, 2.2147560119628906, -0.4288212060928345, -0.6273424625396729, -0.5298495888710022, 0.5315827131271362, 0.11559092998504639, -0.5419275760650635, 1.2833575010299683, 0.42231807112693787, 1.3436390161514282, 0.16613376140594482, -2.527778387069702, -1.1045364141464233, 1.0, 1.0, 1.0, 1.0, 1.0, 1.0, 1.0, 1.0, 1.0, 1.0, 0.0, 1.0]"
323,3.521240068948828e-05,0.0,262.0772705078125,0.0,0.0,0.0,0.0,0.0,0.0,5.48663992958609e-05,0.0,408.357177734375,0.6719405651092529,-0.01851695403456688,-0.017265817150473595,-0.33555158972740173,-0.2748977839946747,-0.17280271649360657,0.1796378195285797,0.30826762318611145,-0.5356027483940125,1.0085126161575317,-0.5129096508026123,-0.4282141625881195,0.6959367990493774,-0.6018746495246887,0.5489388704299927,"[0.6719405651092529, -0.01851695403456688, -0.017265817150473595, 0.033589862287044525, -0.09435122460126877, -0.11606819182634354, -0.027255095541477203, 0.011042533442378044, -0.9995676875114441, 0.699999988079071, 0.0, 0.0, -0.33555158972740173, -0.2748977839946747, -0.17280271649360657, 0.1796378195285797, -0.09173238277435303, -0.13560274243354797, 0.6085126399993896, -0.11290964484214783, 0.37178584933280945, -0.10406321287155151, 8.463859558105469e-06, -0.2510611414909363, 0.07188668102025986, -0.8012844920158386, 1.8816754817962646, -0.044343434274196625, 1.44576096534729, -0.8701620697975159, -2.1446948051452637, 0.5733398199081421, -0.5048879384994507, 5.590394020080566, -0.001991458237171173, 0.8692242503166199, -0.5828788876533508, -0.30265429615974426, -0.8584762215614319, 0.4077242910861969, 0.128129780292511, -0.8390696048736572, 1.5411468744277954, 0.41192278265953064, 1.4114705324172974, 0.43517130613327026, -2.9304401874542236, -0.9704545736312866, 1.0, 1.0, 1.0, 1.0, 1.0, 1.0, 1.0, 1.0, 1.0, 1.0, 0.0, 1.0]"
324,3.4371871151961386e-05,0.0,255.8214111328125,0.0,0.0,0.0,0.0,0.0,0.0,4.4499742216430604e-05,0.0,331.2007141113281,0.6747613549232483,0.011782156303524971,-0.03611528500914574,-0.3390294313430786,-0.29242441058158875,-0.16275236010551453,0.17480145394802094,0.3354156017303467,-0.5616500973701477,0.9709809422492981,-0.4991953372955322,-0.4384791851043701,0.7972749471664429,-0.6018769145011902,0.561025857925415,"[0.6747613549232483, 0.011782156303524971, -0.03611528500914574, 0.2638148367404938, 0.015099610202014446, -0.05706271901726723, -0.027505207806825638, 0.006597371771931648, -0.999599814414978, 0.699999988079071, 0.0, 0.0, -0.3390294313430786, -0.29242441058158875, -0.16275236010551453, 0.17480145394802094, -0.0645844042301178, -0.16165009140968323, 0.5709809064865112, -0.09919533133506775, 0.36152082681655884, -0.002725064754486084, 6.198883056640625e-06, -0.23897415399551392, -0.25383177399635315, -0.7283445000648499, -0.09422162175178528, -0.28568583726882935, 1.4090698957443237, -1.46879243850708, -1.6127749681472778, 0.5106918215751648, -0.6403922438621521, 4.413761615753174, -0.001038670539855957, 0.8315219879150391, -0.3336082398891449, -0.40508905053138733, -0.9007402658462524, 0.38195958733558655, 0.037390947341918945, -0.7416394948959351, 1.5337204933166504, 0.3760257661342621, 1.3690118789672852, 0.45600154995918274, -3.1449947357177734, -0.9900608062744141, 1.0, 1.0, 1.0, 1.0, 1.0, 1.0, 1.0, 1.0, 1.0, 1.0, 0.0, 1.0]"
325,4.240760245011188e-05,0.0,315.6294250488281,0.0,0.0,0.0,0.0,0.0,0.0,4.128702494199388e-05,0.0,307.28924560546875,0.6776683926582336,0.01847183331847191,-0.03934909403324127,-0.34389209747314453,-0.29837217926979065,-0.17574787139892578,0.17020583152770996,0.3615410327911377,-0.5942515730857849,0.9499036073684692,-0.4852128028869629,-0.44662222266197205,0.8730310201644897,-0.6018754243850708,0.5742343068122864,"[0.6776683926582336, 0.01847183331847191, -0.03934909403324127, 0.21040958166122437, -0.060629189014434814, -0.005159167572855949, -0.028041783720254898, 0.002068212488666177, -0.9996044039726257, 0.699999988079071, 0.0, 0.0, -0.34389209747314453, -0.29837217926979065, -0.17574787139892578, 0.17020583152770996, -0.03845897316932678, -0.19425156712532043, 0.5499036312103271, -0.08521279692649841, 0.3533777892589569, 0.07303100824356079, 7.68899917602539e-06, -0.22576570510864258, -0.23392444849014282, -0.12815070152282715, -0.9578951001167297, -0.2075580358505249, 1.3530850410461426, -1.6609983444213867, -0.773094892501831, 0.5573426485061646, -0.4056207537651062, 3.3424997329711914, -0.0013308413326740265, 0.9292864203453064, -0.3552810847759247, -0.5174118876457214, -1.0046147108078003, 0.4332267940044403, -0.06697416305541992, -0.7444329261779785, 1.5250276327133179, 0.35425612330436707, 1.363272786140442, 0.472302109003067, -3.274812698364258, -0.9481214880943298, 1.0, 1.0, 1.0, 1.0, 1.0, 1.0, 1.0, 1.0, 1.0, 1.0, 0.0, 1.0]"
326,4.2816667701117694e-05,0.0,318.67401123046875,0.0,0.0,0.0,0.0,0.0,0.0,4.242105933371931e-05,0.0,315.7295837402344,0.678917407989502,0.034640561789274216,-0.02304271049797535,-0.3500165045261383,-0.30161818861961365,-0.20818926393985748,0.1645444929599762,0.38254639506340027,-0.6261045336723328,0.9421734809875488,-0.4700672924518585,-0.4432916045188904,0.9199361205101013,-0.6018759608268738,0.5888907313346863,"[0.678917407989502, 0.034640561789274216, -0.02304271049797535, 0.3221643567085266, -0.13692022860050201, 0.00577568169683218, -0.03025094047188759, -0.0035180780105292797, -0.9995363354682922, 0.699999988079071, 0.0, 0.0, -0.3500165045261383, -0.30161818861961365, -0.20818926393985748, 0.1645444929599762, -0.01745361089706421, -0.2261045277118683, 0.5421735048294067, -0.07006728649139404, 0.3567084074020386, 0.11993610858917236, 7.152557373046875e-06, -0.21110928058624268, -0.34287354350090027, -0.2652956247329712, -1.990247368812561, -0.32832464575767517, 1.0432114601135254, -1.5227333307266235, -0.19476328790187836, 0.6101539731025696, 0.2531459629535675, 1.8225070238113403, -0.0017103403806686401, 0.9934343099594116, -0.3633711040019989, -0.5902437567710876, -1.1111118793487549, 0.4205256700515747, -0.08994895219802856, -0.7299466729164124, 1.5605288743972778, 0.4115311801433563, 1.3822375535964966, 0.45674023032188416, -3.3775298595428467, -0.9560774564743042, 1.0, 1.0, 1.0, 1.0, 1.0, 1.0, 1.0, 1.0, 1.0, 1.0, 0.0, 1.0]"
327,4.1263872844865546e-05,0.0,307.116943359375,0.0,0.0,0.0,0.0,0.0,0.0,4.379386155051179e-05,0.0,325.9469909667969,0.6898147463798523,0.05015163868665695,-0.0022345816250890493,-0.3572913706302643,-0.3098638355731964,-0.2571204900741577,0.15731172263622284,0.39781585335731506,-0.654463529586792,0.9455834031105042,-0.4521864950656891,-0.4280470013618469,0.947929859161377,-0.6018767952919006,0.6016605496406555,"[0.6898147463798523, 0.05015163868665695, -0.0022345816250890493, 0.3262629806995392, -0.1832270622253418, 0.010690328665077686, -0.03361950442194939, -0.010244225151836872, -0.9993821382522583, 0.699999988079071, 0.0, 0.0, -0.3572913706302643, -0.3098638355731964, -0.2571204900741577, 0.15731172263622284, -0.002184152603149414, -0.2544635236263275, 0.5455833673477173, -0.05218648910522461, 0.37195301055908203, 0.147929847240448, 6.318092346191406e-06, -0.19833946228027344, -0.34987983107566833, -0.48097312450408936, -2.6507644653320312, -0.353635311126709, 0.7719272971153259, -1.3126423358917236, 0.3715803027153015, 0.7743093371391296, 0.807330846786499, 1.0324814319610596, -0.0016627795994281769, 0.8423015475273132, -0.4219488203525543, -0.601859450340271, -1.2523926496505737, 0.4223881661891937, -0.1427503228187561, -0.7440090179443359, 1.6009713411331177, 0.42520633339881897, 1.4364721775054932, 0.40115153789520264, -3.4412014484405518, -0.9861248731613159, 1.0, 1.0, 1.0, 1.0, 1.0, 1.0, 1.0, 1.0, 1.0, 1.0, 0.0, 1.0]"
328,4.180108226137236e-05,0.0,311.115234375,0.0,0.0,0.0,0.0,0.0,0.0,4.372861803858541e-05,0.0,325.46142578125,0.706836998462677,0.06078138202428818,0.021388059481978416,-0.3640735149383545,-0.3195498585700989,-0.31635573506355286,0.15032699704170227,0.4080345332622528,-0.6771143674850464,0.9603134989738464,-0.42994970083236694,-0.40244126319885254,0.9575586915016174,-0.6018772125244141,0.6096380352973938,"[0.706836998462677, 0.06078138202428818, 0.021388059481978416, 0.28378453850746155, -0.2204505354166031, 0.024151412770152092, -0.037779659032821655, -0.016384713351726532, -0.9991517066955566, 0.699999988079071, 0.0, 0.0, -0.3640735149383545, -0.3195498585700989, -0.31635573506355286, 0.15032699704170227, 0.00803452730178833, -0.2771143615245819, 0.5603134632110596, -0.029949694871902466, 0.3975587487220764, 0.15755867958068848, 5.900859832763672e-06, -0.19036197662353516, -0.3121395707130432, -0.45864731073379517, -3.097844123840332, -0.3234940767288208, 0.5072453022003174, -0.9860860705375671, 0.918289303779602, 1.004389762878418, 1.3414666652679443, 0.038437649607658386, -0.001740928739309311, 0.5833151340484619, -0.47192975878715515, -0.5836201310157776, -1.3487870693206787, 0.38759028911590576, -0.2030651569366455, -0.7243072390556335, 1.6207669973373413, 0.43337807059288025, 1.4997503757476807, 0.30271971225738525, -3.4444894790649414, -1.0393996238708496, 1.0, 1.0, 1.0, 1.0, 1.0, 1.0, 1.0, 1.0, 1.0, 1.0, 0.0, 1.0]"
329,4.211636769468896e-05,0.0,313.4618225097656,0.0,0.0,0.0,0.0,0.0,0.0,4.281060319044627e-05,0.0,318.62884521484375,0.7256728410720825,0.06664610654115677,0.04964619129896164,-0.36934348940849304,-0.3255288004875183,-0.38175368309020996,0.14469468593597412,0.41256943345069885,-0.6918173432350159,0.9841543436050415,-0.40245383977890015,-0.36552318930625916,0.9451785683631897,-0.6018775105476379,0.6112573742866516,"[0.7256728410720825, 0.06664610654115677, 0.04964619129896164, 0.18166951835155487, -0.2571229338645935, 0.03615874424576759, -0.04268840700387955, -0.02097906731069088, -0.9988676905632019, 0.699999988079071, 0.0, 0.0, -0.36934348940849304, -0.3255288004875183, -0.38175368309020996, 0.14469468593597412, 0.012569427490234375, -0.2918173372745514, 0.5841543674468994, -0.002453833818435669, 0.4344768226146698, 0.14517855644226074, 5.602836608886719e-06, -0.18874263763427734, -0.2086116075515747, -0.17129294574260712, -3.3131754398345947, -0.22958998382091522, 0.21239598095417023, -0.5221818089485168, 1.3057713508605957, 1.2999374866485596, 1.9249101877212524, -1.2570850849151611, -0.0020480453968048096, 0.21093299984931946, -0.5082457661628723, -0.5616509318351746, -1.4565902948379517, 0.41165050864219666, -0.30094414949417114, -0.6699510216712952, 1.623841643333435, 0.44817444682121277, 1.5973410606384277, 0.1423911154270172, -3.405674695968628, -1.1059457063674927, 1.0, 1.0, 1.0, 1.0, 1.0, 1.0, 1.0, 1.0, 1.0, 1.0, 0.0, 1.0]"
330,4.286271723685786e-05,0.0,319.0167541503906,0.0,0.0,0.0,0.0,0.0,0.0,3.9631133404327556e-05,0.0,294.9648132324219,0.7441254258155823,0.06924029439687729,0.08158723264932632,-0.37155574560165405,-0.32340729236602783,-0.448995977640152,0.14189521968364716,0.41059496998786926,-0.6948614716529846,1.012468934059143,-0.3686114549636841,-0.3160009980201721,0.9022496938705444,-0.6018780469894409,0.6044184565544128,"[0.7441254258155823, 0.06924029439687729, 0.08158723264932632, 0.013361656107008457, -0.29899588227272034, 0.044178977608680725, -0.04833802580833435, -0.02254445292055607, -0.9985766410827637, 0.699999988079071, 0.0, 0.0, -0.37155574560165405, -0.32340729236602783, -0.448995977640152, 0.14189521968364716, 0.010594964027404785, -0.29486146569252014, 0.612468957901001, 0.031388550996780396, 0.48399901390075684, 0.10224968194961548, 5.066394805908203e-06, -0.1955815553665161, -0.034589461982250214, 0.30013567209243774, -3.360535144805908, -0.06782566010951996, -0.13704806566238403, 0.18275849521160126, 1.4155755043029785, 1.6526960134506226, 2.604945421218872, -3.107194662094116, -0.01521263550966978, -0.2638024687767029, -0.5246648788452148, -0.5221819281578064, -1.558231234550476, 0.527503490447998, -0.47023481130599976, -0.5028325319290161, 1.5566343069076538, 0.41989371180534363, 1.7421517372131348, -0.16202771663665771, -3.264876365661621, -1.1354544162750244, 1.0, 1.0, 1.0, 1.0, 1.0, 1.0, 1.0, 1.0, 1.0, 1.0, 0.0, 1.0]"
331,4.028331022709608e-05,0.0,299.8188171386719,0.0,0.0,0.0,0.0,0.0,0.0,2.3120535843190737e-05,0.0,172.08050537109375,0.7536764144897461,0.06640098989009857,0.09598459303379059,-0.36989066004753113,-0.31062883138656616,-0.5167343616485596,0.142876535654068,0.3999651372432709,-0.6789974570274353,1.0379047393798828,-0.32949545979499817,-0.2495078444480896,0.8219239115715027,-0.6018816232681274,0.5915138721466064,"[0.7536764144897461, 0.06640098989009857, 0.09598459303379059, -0.13723911345005035, -0.4062274694442749, 0.05313744395971298, -0.055382322520017624, -0.020340610295534134, -0.9982578754425049, 0.699999988079071, 0.0, 0.0, -0.36989066004753113, -0.31062883138656616, -0.5167343616485596, 0.142876535654068, -3.4868717193603516e-05, -0.2789974510669708, 0.6379047632217407, 0.07050454616546631, 0.5504921674728394, 0.02192389965057373, 1.4901161193847656e-06, -0.2084861397743225, 0.1299401819705963, 0.8479833006858826, -3.3948795795440674, 0.09537135809659958, -0.6529507637023926, 1.3734959363937378, 1.1351354122161865, 1.9445244073867798, 3.6440906524658203, -5.195976734161377, -0.01823580451309681, -0.5492733120918274, -0.5795161128044128, -0.518890917301178, -1.489890456199646, 0.7059290409088135, -0.6283876299858093, 0.02897050976753235, 1.392066478729248, 0.01725175976753235, 1.6822466850280762, -0.8213493227958679, -2.89087176322937, -0.8710271120071411, 1.0, 1.0, 1.0, 1.0, 1.0, 1.0, 1.0, 1.0, 1.0, 1.0, 0.0, 1.0]"
332,0.0,0.0,0.0,0.0,0.0,0.0,0.0,0.0,0.0,0.0,0.0,0.0,0.7371383309364319,0.044356781989336014,-0.019180767238140106,-0.3629124164581299,-0.28379419445991516,-0.5772538781166077,0.15257471799850464,0.3850190341472626,-0.6327003836631775,1.0546631813049316,-0.2967194616794586,-0.2163628786802292,0.6991660594940186,-0.6018832921981812,0.5861228108406067,"[0.7371383309364319, 0.044356781989336014, -0.019180767238140106, -0.6296212077140808, -0.3950367569923401, 0.02519102580845356, -0.06411640346050262, -0.012593712657690048, -0.9978628754615784, 0.699999988079071, 0.0, 0.0, -0.3629124164581299, -0.28379419445991516, -0.5772538781166077, 0.15257471799850464, -0.014980971813201904, -0.232700377702713, 0.6546632051467896, 0.10328054428100586, 0.5836371183395386, -0.1008339524269104, -1.7881393432617188e-07, -0.21387720108032227, 0.509624719619751, 1.7128177881240845, -2.587869167327881, 0.9811212420463562, -0.49213239550590515, 2.8593063354492188, 0.6641298532485962, 1.0384138822555542, -2.8763692378997803, -6.544040203094482, 0.000206502532819286, -0.04040253162384033, -1.097497820854187, -0.42994990944862366, -1.0420238971710205, 0.4227638840675354, -0.47072064876556396, 0.6531912088394165, 1.1626050472259521, -0.9975160360336304, 0.28876054286956787, -1.2487796545028687, -2.463353395462036, -0.051631487905979156, 1.0, 1.0, 1.0, 1.0, 1.0, 1.0, 1.0, 1.0, 1.0, 1.0, 0.0, 1.0]"
333,0.0,0.0,0.0,4.3204381654504687e-05,0.0,321.55963134765625,0.0,0.0,0.0,0.0,0.0,0.0,0.6398271322250366,0.050885122269392014,-0.07883668690919876,-0.3648143708705902,-0.2653068006038666,-0.6108930110931396,0.17697738111019135,0.3624690771102905,-0.590521514415741,1.064469575881958,-0.3244178295135498,-0.31968075037002563,0.6341292858123779,-0.6018798351287842,0.6594618558883667,"[0.6398271322250366, 0.050885122269392014, -0.07883668690919876, -0.32812684774398804, -0.03051510825753212, 0.040478140115737915, -0.0686226636171341, -0.0037022684700787067, -0.9976359605789185, 0.699999988079071, 0.0, 0.0, -0.3648143708705902, -0.2653068006038666, -0.6108930110931396, 0.17697738111019135, -0.03753092885017395, -0.1905215084552765, 0.6644695997238159, 0.07558217644691467, 0.4803192615509033, -0.16587072610855103, 3.2782554626464844e-06, -0.14053815603256226, -0.4570510685443878, 0.057191625237464905, 0.13748851418495178, 1.3458930253982544, -1.9402832984924316, -0.06673131883144379, 0.7222059369087219, -2.9143881797790527, -4.165068626403809, 1.7642848491668701, 0.009577355347573757, 5.579428195953369, -0.8833553791046143, -0.12691238522529602, -0.4927281141281128, -0.08786940574645996, -0.4776521325111389, 0.8309928178787231, 1.0672801733016968, -1.4220701456069946, -0.0612434446811676, -1.1563347578048706, -2.377216339111328, 0.5029923915863037, 1.0, 1.0, 1.0, 1.0, 1.0, 1.0, 1.0, 1.0, 1.0, 1.0, 0.0, 1.0]"
334,0.0,0.0,0.0,5.826569758937694e-05,0.0,433.6573486328125,0.0,0.0,0.0,0.0,0.0,0.0,0.6351601481437683,0.05191151797771454,-0.0879959687590599,-0.3886446952819824,-0.2707369029521942,-0.5877007246017456,0.1865357905626297,0.31887906789779663,-0.5761340260505676,1.0766575336456299,-0.4148379862308502,-0.4427802264690399,0.6348495483398438,-0.6018893718719482,0.7636208534240723,"[0.6351601481437683, 0.05191151797771454, -0.0879959687590599, 0.3010481595993042, 0.45106515288352966, -0.057702161371707916, -0.06312084943056107, -0.007336433511227369, -0.9979789853096008, 0.699999988079071, 0.0, 0.0, -0.3886446952819824, -0.2707369029521942, -0.5877007246017456, 0.1865357905626297, -0.08112093806266785, -0.17613402009010315, 0.6766575574874878, -0.014837980270385742, 0.35721978545188904, -0.1651504635810852, -6.258487701416016e-06, -0.03637915849685669, -1.2928502559661865, -0.37074971199035645, 2.075794219970703, 0.0879567414522171, -2.199916124343872, 0.7008445262908936, 0.5377284288406372, -5.024572372436523, -7.170938014984131, -0.2520562708377838, 0.00478301290422678, 3.737722158432007, -0.5457150936126709, 0.19400134682655334, -0.29461121559143066, -0.005869656801223755, -0.15300923585891724, 0.6120182275772095, 1.139868140220642, -0.614130973815918, 0.24865399301052094, -0.8452991843223572, -2.222684860229492, 0.10242228955030441, 1.0, 1.0, 1.0, 1.0, 1.0, 1.0, 1.0, 1.0, 1.0, 1.0, 0.0, 1.0]"
335,0.0,0.0,0.0,4.633370917872526e-05,0.0,344.8504943847656,0.0,0.0,0.0,0.0,0.0,0.0,0.6717574596405029,0.00022253263159655035,-0.08433320373296738,-0.39041417837142944,-0.26918286085128784,-0.5012933015823364,0.18832747638225555,0.2685251235961914,-0.5594080090522766,1.0846556425094604,-0.5063138008117676,-0.48452550172805786,0.6224159598350525,-0.6018922328948975,0.7696848511695862,"[0.6717574596405029, 0.00022253263159655035, -0.08433320373296738, -0.4368171691894531, 0.6862778663635254, -0.10523717850446701, -0.05100467801094055, -0.004899272229522467, -0.9986865520477295, 0.699999988079071, 0.0, 0.0, -0.39041417837142944, -0.26918286085128784, -0.5012933015823364, 0.18832747638225555, -0.13147488236427307, -0.15940800309181213, 0.6846556663513184, -0.1063137948513031, 0.3154745101928711, -0.17758405208587646, -9.119510650634766e-06, -0.030315160751342773, 0.8744229674339294, 0.39973366260528564, 5.5222249031066895, 0.1815340667963028, -2.6702210903167725, 0.5614907741546631, 0.28925833106040955, -3.980740785598755, 1.9359437227249146, -0.3006136417388916, 0.008267250843346119, -1.9141554832458496, 0.15855666995048523, -0.26476994156837463, -0.3677762746810913, 0.2458619773387909, 0.0037303566932678223, 0.37987038493156433, 1.3220895528793335, -0.13958421349525452, 1.2670509815216064, -0.8570547103881836, -2.145944833755493, -0.4470783472061157, 1.0, 1.0, 1.0, 1.0, 1.0, 1.0, 1.0, 1.0, 1.0, 1.0, 0.0, 1.0]"
336,0.0,0.0,0.0,3.099211971857585e-05,0.0,230.66677856445312,0.0,0.0,0.0,0.0,0.0,0.0,0.7392584681510925,-0.049796972423791885,-0.1640968769788742,-0.34402087330818176,-0.25465673208236694,-0.3833806812763214,0.19398820400238037,0.22962835431098938,-0.5487442016601562,1.0831929445266724,-0.5594624280929565,-0.41321080923080444,0.6170185804367065,-0.6018892526626587,0.6917458176612854,"[0.7392584681510925, -0.049796972423791885, -0.1640968769788742, -0.8962482213973999, 0.8792890906333923, -0.20862607657909393, -0.03511786088347435, 0.010305584408342838, -0.9993301033973694, 0.699999988079071, 0.0, 0.0, -0.34402087330818176, -0.25465673208236694, -0.3833806812763214, 0.19398820400238037, -0.1703716516494751, -0.14874419569969177, 0.6831929683685303, -0.15946242213249207, 0.3867892026901245, -0.1829814314842224, -6.139278411865234e-06, -0.10825419425964355, 3.0793070793151855, 0.8575794100761414, 5.860882759094238, 0.39284977316856384, -1.5826215744018555, 0.30709540843963623, -0.2700215280056, -1.8094708919525146, 4.404162883758545, 0.005735188722610474, 0.004745617974549532, -4.924923896789551, 0.05883631110191345, -0.3100673258304596, -0.44196248054504395, 0.6083141565322876, -0.30393707752227783, 0.04864788055419922, 1.3364975452423096, 0.2801307141780853, 1.4265718460083008, -0.8607031106948853, -2.3109638690948486, -0.6817611455917358, 1.0, 1.0, 1.0, 1.0, 1.0, 1.0, 1.0, 1.0, 1.0, 1.0, 0.0, 1.0]"
337,0.00012299888476263732,0.0,915.4505615234375,1.361616887152195e-05,0.0,101.3418197631836,0.0,0.0,0.0,0.0,0.0,0.0,0.78361576795578,-0.028710776939988136,-0.0662837028503418,-0.3154885172843933,-0.24883946776390076,-0.2883144021034241,0.19308806955814362,0.24004356563091278,-0.5354095697402954,1.0719736814498901,-0.5656968951225281,-0.4069179892539978,0.6143105030059814,-0.6017733216285706,0.5883079171180725,"[0.78361576795578, -0.028710776939988136, -0.0662837028503418, 0.7350620627403259, 0.12035033106803894, -0.20346583425998688, -0.021751228719949722, 0.016590064391493797, -0.9996261596679688, 0.699999988079071, 0.0, 0.0, -0.3154885172843933, -0.24883946776390076, -0.2883144021034241, 0.19308806955814362, -0.1599564403295517, -0.13540956377983093, 0.671973705291748, -0.1656968891620636, 0.39308202266693115, -0.1856895089149475, 0.00010979175567626953, -0.21169209480285645, -0.8942781686782837, -0.7632657885551453, 3.7077999114990234, -1.1080909967422485, 4.211948871612549, 1.3444695472717285, -0.6796960234642029, 0.7803122401237488, -6.024121284484863, -0.2777893543243408, -0.008809405378997326, -4.950994491577148, -0.15120342373847961, -0.3374643325805664, -0.43656232953071594, 0.7276368141174316, -0.43554461002349854, -0.40168583393096924, 1.3358861207962036, 0.5634068250656128, 1.5587793588638306, -0.5650760531425476, -2.40122652053833, -0.928938090801239, 1.0, 1.0, 1.0, 1.0, 1.0, 1.0, 1.0, 1.0, 1.0, 1.0, 0.0, 1.0]"
338,7.387856749119237e-05,0.0,549.860107421875,0.0,0.0,0.0,0.0,0.0,0.0,5.168692587176338e-05,0.0,384.6931457519531,0.6977515816688538,-0.0540429912507534,-0.03975670039653778,-0.31963852047920227,-0.25584667921066284,-0.21520499885082245,0.18824107944965363,0.27879244089126587,-0.5184863209724426,1.0482462644577026,-0.543606162071228,-0.4329262971878052,0.6271710991859436,-0.6018303036689758,0.5438080430030823,"[0.6977515816688538, -0.0540429912507534, -0.03975670039653778, 0.09905191510915756, -0.17007504403591156, -0.1273546814918518, -0.023029161617159843, 0.009639072231948376, -0.9996882081031799, 0.699999988079071, 0.0, 0.0, -0.31963852047920227, -0.25584667921066284, -0.21520499885082245, 0.18824107944965363, -0.12120756506919861, -0.11848631501197815, 0.6482462882995605, -0.14360615611076355, 0.3670737147331238, -0.17282891273498535, 5.2809715270996094e-05, -0.2561919689178467, 0.053871262818574905, -0.19614243507385254, 3.6168220043182373, -0.031981781125068665, 1.9837642908096313, 0.51821368932724, -1.6073771715164185, 0.04410595819354057, -1.2087199687957764, 1.2977616786956787, -0.01103539764881134, 1.8857427835464478, -0.43392249941825867, -0.6420685648918152, -0.5268791913986206, 0.533360481262207, 0.16991150379180908, -0.5491546392440796, 1.3093901872634888, 0.43837210536003113, 1.3387787342071533, 0.22303947806358337, -2.525161027908325, -1.1154813766479492, 1.0, 1.0, 1.0, 1.0, 1.0, 1.0, 1.0, 1.0, 1.0, 1.0, 0.0, 1.0]"
339,3.385959644219838e-05,0.0,252.00869750976562,0.0,0.0,0.0,0.0,0.0,0.0,5.6664463045308366e-05,0.0,421.7397766113281,0.6670678853988647,-0.012445885688066483,-0.008526175282895565,-0.31801503896713257,-0.2693774104118347,-0.1644984930753708,0.1874847561120987,0.3079525828361511,-0.5279482007026672,1.0068100690841675,-0.5313781499862671,-0.44170206785202026,0.7093358039855957,-0.6018754243850708,0.5622543692588806,"[0.6670678853988647, -0.012445885688066483, -0.008526175282895565, 0.09379013627767563, -0.076744444668293, -0.11563963443040848, -0.02591993659734726, 0.008477321825921535, -0.9996278285980225, 0.699999988079071, 0.0, 0.0, -0.31801503896713257, -0.2693774104118347, -0.1644984930753708, 0.1874847561120987, -0.09204742312431335, -0.12794819474220276, 0.6068100929260254, -0.1313781440258026, 0.3582979440689087, -0.09066420793533325, 7.68899917602539e-06, -0.23774564266204834, 0.011874658055603504, -1.017437219619751, 1.7194262742996216, -0.1134043037891388, 1.3619475364685059, -0.987605094909668, -2.2315938472747803, 0.5760849714279175, -0.3981374502182007, 5.290915012359619, -0.0014140978455543518, 0.8262090682983398, -0.5574981570243835, -0.3069411814212799, -0.8526712656021118, 0.42389097809791565, 0.14361834526062012, -0.8399688005447388, 1.5650837421417236, 0.4334598481655121, 1.4063682556152344, 0.46307966113090515, -2.9395811557769775, -0.964438259601593, 1.0, 1.0, 1.0, 1.0, 1.0, 1.0, 1.0, 1.0, 1.0, 1.0, 0.0, 1.0]"
340,3.3824315323727205e-05,0.0,251.74610900878906,0.0,0.0,0.0,0.0,0.0,0.0,4.5188651711214334e-05,0.0,336.32806396484375,0.6725446581840515,0.013918600045144558,-0.025347203016281128,-0.3219270706176758,-0.29040634632110596,-0.15541695058345795,0.1820688545703888,0.334355890750885,-0.5564097762107849,0.9691271781921387,-0.517164945602417,-0.451294481754303,0.8076081275939941,-0.6018771529197693,0.5728922486305237,"[0.6725446581840515, 0.013918600045144558, -0.025347203016281128, 0.26336827874183655, 0.02977743186056614, -0.057170432060956955, -0.02583809569478035, 0.0036137658171355724, -0.9996594786643982, 0.699999988079071, 0.0, 0.0, -0.3219270706176758, -0.29040634632110596, -0.15541695058345795, 0.1820688545703888, -0.06564411520957947, -0.15640977025032043, 0.5691272020339966, -0.11716493964195251, 0.348705530166626, 0.0076081156730651855, 5.9604644775390625e-06, -0.22710776329040527, -0.2524360120296478, -0.8843255043029785, -0.09996465593576431, -0.29136571288108826, 1.378238558769226, -1.60993230342865, -1.5877870321273804, 0.5406991243362427, -0.6148174405097961, 4.470485687255859, -0.0007781125605106354, 0.7529703378677368, -0.3214474618434906, -0.42003676295280457, -0.9031935334205627, 0.41130292415618896, 0.046551525592803955, -0.7506707906723022, 1.5542082786560059, 0.37165501713752747, 1.3620526790618896, 0.4833735525608063, -3.1596786975860596, -0.9700485467910767, 1.0, 1.0, 1.0, 1.0, 1.0, 1.0, 1.0, 1.0, 1.0, 1.0, 0.0, 1.0]"
341,4.2013714846689254e-05,0.0,312.69781494140625,0.0,0.0,0.0,0.0,0.0,0.0,4.156173235969618e-05,0.0,309.3338317871094,0.6756200790405273,0.017956629395484924,-0.029355227947235107,-0.3269897997379303,-0.29964661598205566,-0.16929711401462555,0.17713621258735657,0.3599388897418976,-0.5915496945381165,0.9490793943405151,-0.5027899742126465,-0.45898208022117615,0.8833113312721252,-0.6018756628036499,0.5849552154541016,"[0.6756200790405273, 0.017956629395484924, -0.029355227947235107, 0.23260906338691711, -0.04868762195110321, -0.006058510858565569, -0.02612505480647087, -0.0011802116641774774, -0.9996575713157654, 0.699999988079071, 0.0, 0.0, -0.3269897997379303, -0.29964661598205566, -0.16929711401462555, 0.17713621258735657, -0.040061116218566895, -0.19154968857765198, 0.549079418182373, -0.102789968252182, 0.3410179316997528, 0.08331131935119629, 7.450580596923828e-06, -0.2150447964668274, -0.25058165192604065, -0.29623574018478394, -1.0238550901412964, -0.2306506484746933, 1.3250397443771362, -1.7770109176635742, -0.7090548276901245, 0.5655626058578491, -0.3809201419353485, 3.258795738220215, -0.00118173286318779, 0.8896350860595703, -0.34509602189064026, -0.5299463868141174, -0.9889978170394897, 0.44456109404563904, -0.05318474769592285, -0.7508993744850159, 1.5390502214431763, 0.36150941252708435, 1.352804183959961, 0.49855104088783264, -3.2866780757904053, -0.931343138217926, 1.0, 1.0, 1.0, 1.0, 1.0, 1.0, 1.0, 1.0, 1.0, 1.0, 0.0, 1.0]"
342,4.2315692553529516e-05,0.0,314.94537353515625,0.0,0.0,0.0,0.0,0.0,0.0,4.309428550186567e-05,0.0,320.740234375,0.6769281029701233,0.030587686225771904,-0.012816965579986572,-0.33323901891708374,-0.3059893548488617,-0.20249620079994202,0.17121677100658417,0.3805663585662842,-0.6259198188781738,0.9429876208305359,-0.48740899562835693,-0.4553794860839844,0.9303733706474304,-0.6018761396408081,0.5987748503684998,"[0.6769281029701233, 0.030587686225771904, -0.012816965579986572, 0.3294115364551544, -0.1278071403503418, 0.0034974487498402596, -0.028138134628534317, -0.007048929110169411, -0.9995791912078857, 0.699999988079071, 0.0, 0.0, -0.33323901891708374, -0.3059893548488617, -0.20249620079994202, 0.17121677100658417, -0.019433647394180298, -0.22591981291770935, 0.542987585067749, -0.08740898966789246, 0.3446205258369446, 0.13037335872650146, 6.973743438720703e-06, -0.2012251615524292, -0.34051230549812317, -0.410475492477417, -2.0064713954925537, -0.3322531282901764, 1.0306477546691895, -1.6546862125396729, -0.10373617708683014, 0.6198292970657349, 0.2572777271270752, 1.8924777507781982, -0.0015659816563129425, 0.9542508125305176, -0.353581041097641, -0.6112216114997864, -1.105356216430664, 0.438323050737381, -0.07991582155227661, -0.7410778999328613, 1.5779012441635132, 0.4185158908367157, 1.3729277849197388, 0.4859556257724762, -3.3932788372039795, -0.936179518699646, 1.0, 1.0, 1.0, 1.0, 1.0, 1.0, 1.0, 1.0, 1.0, 1.0, 0.0, 1.0]"
343,4.0750092011876404e-05,0.0,303.2929992675781,0.0,0.0,0.0,0.0,0.0,0.0,4.455164526007138e-05,0.0,331.5870361328125,0.6881148815155029,0.04349160194396973,0.008913440629839897,-0.34045690298080444,-0.31705641746520996,-0.25170743465423584,0.1638701856136322,0.3956248462200165,-0.656680166721344,0.9483689069747925,-0.4692889153957367,-0.44009914994239807,0.9591805338859558,-0.601876974105835,0.6106859445571899,"[0.6881148815155029, 0.04349160194396973, 0.008913440629839897, 0.3392274081707001, -0.17261935770511627, 0.00556017505005002, -0.03131239861249924, -0.01397602166980505, -0.9994120597839355, 0.699999988079071, 0.0, 0.0, -0.34045690298080444, -0.31705641746520996, -0.25170743465423584, 0.1638701856136322, -0.004375159740447998, -0.2566801607608795, 0.5483689308166504, -0.06928890943527222, 0.3599008619785309, 0.15918052196502686, 6.139278411865234e-06, -0.189314067363739, -0.3482653796672821, -0.6228684186935425, -2.670318126678467, -0.36093103885650635, 0.7620465755462646, -1.4267728328704834, 0.47133904695510864, 0.7783041000366211, 0.8061983585357666, 1.0649971961975098, -0.0015055425465106964, 0.8087615370750427, -0.41234055161476135, -0.6267251968383789, -1.2422711849212646, 0.4333812892436981, -0.13248074054718018, -0.7563151121139526, 1.6160825490951538, 0.4389145076274872, 1.4241381883621216, 0.43134820461273193, -3.457807779312134, -0.9634303450584412, 1.0, 1.0, 1.0, 1.0, 1.0, 1.0, 1.0, 1.0, 1.0, 1.0, 0.0, 1.0]"
344,4.110575537197292e-05,0.0,305.9400939941406,0.0,0.0,0.0,0.0,0.0,0.0,4.4549404265126213e-05,0.0,331.5703430175781,0.7052992582321167,0.05162782967090607,0.033298008143901825,-0.347194641828537,-0.32956352829933167,-0.31147000193595886,0.15668871998786926,0.4056919515132904,-0.6814727783203125,0.9650020003318787,-0.4469032883644104,-0.4145768880844116,0.9699928760528564,-0.6018772721290588,0.617886483669281,"[0.7052992582321167, 0.05162782967090607, 0.033298008143901825, 0.2977813482284546, -0.2082138955593109, 0.015617878176271915, -0.035250499844551086, -0.020433809608221054, -0.9991694688796997, 0.699999988079071, 0.0, 0.0, -0.347194641828537, -0.32956352829933167, -0.31147000193595886, 0.15668871998786926, 0.005691945552825928, -0.281472772359848, 0.5650019645690918, -0.04690328240394592, 0.38542312383651733, 0.1699928641319275, 5.841255187988281e-06, -0.18211352825164795, -0.306801974773407, -0.5950119495391846, -3.125123977661133, -0.33046647906303406, 0.5023637413978577, -1.089823842048645, 1.0076348781585693, 1.0035887956619263, 1.3301206827163696, 0.10405826568603516, -0.0015458501875400543, 0.55339515209198, -0.4636981189250946, -0.6146923899650574, -1.3432005643844604, 0.40206536650657654, -0.19194567203521729, -0.7430026531219482, 1.6350548267364502, 0.45365360379219055, 1.4882926940917969, 0.335315465927124, -3.463674306869507, -1.0170342922210693, 1.0, 1.0, 1.0, 1.0, 1.0, 1.0, 1.0, 1.0, 1.0, 1.0, 0.0, 1.0]"
345,4.1376428271178156e-05,0.0,307.9546813964844,0.0,0.0,0.0,0.0,0.0,0.0,4.387070657685399e-05,0.0,326.5189514160156,0.724397599697113,0.05512388050556183,0.06233812868595123,-0.3522467017173767,-0.33810949325561523,-0.3775232136249542,0.15096957981586456,0.4103693962097168,-0.6982077956199646,0.9903162717819214,-0.4192175269126892,-0.3783254027366638,0.9588419198989868,-0.6018775701522827,0.6185221672058105,"[0.724397599697113, 0.05512388050556183, 0.06233812868595123, 0.18856553733348846, -0.2398374229669571, 0.02434331364929676, -0.03986714407801628, -0.025251667946577072, -0.9988857507705688, 0.699999988079071, 0.0, 0.0, -0.3522467017173767, -0.33810949325561523, -0.3775232136249542, 0.15096957981586456, 0.01036939024925232, -0.2982077896595001, 0.5903162956237793, -0.01921752095222473, 0.42167460918426514, 0.15884190797805786, 5.543231964111328e-06, -0.1814778447151184, -0.19339124858379364, -0.2959478795528412, -3.3515684604644775, -0.22917374968528748, 0.22780677676200867, -0.6283056139945984, 1.3650338649749756, 1.2995383739471436, 1.87213134765625, -1.1898589134216309, -0.0018286053091287613, 0.17035531997680664, -0.4992140829563141, -0.599456250667572, -1.4571224451065063, 0.42311564087867737, -0.28368234634399414, -0.6998729109764099, 1.6319524049758911, 0.4829927980899811, 1.5843831300735474, 0.1757144033908844, -3.423828601837158, -1.0851119756698608, 1.0, 1.0, 1.0, 1.0, 1.0, 1.0, 1.0, 1.0, 1.0, 1.0, 0.0, 1.0]"
346,4.2159394070040435e-05,0.0,313.7820739746094,0.0,0.0,0.0,0.0,0.0,0.0,4.1281724406871945e-05,0.0,307.24981689453125,0.7430924773216248,0.056265730410814285,0.09622935950756073,-0.35409072041511536,-0.3385936915874481,-0.4460528790950775,0.14815334975719452,0.40894821286201477,-0.7037439942359924,1.0191634893417358,-0.38503316044807434,-0.33035415410995483,0.9173327684402466,-0.6018780469894409,0.6101922988891602,"[0.7430924773216248, 0.056265730410814285, 0.09622935950756073, 0.014833450317382812, -0.2731966972351074, 0.028735637664794922, -0.04508896544575691, -0.02695014327764511, -0.9986194372177124, 0.699999988079071, 0.0, 0.0, -0.35409072041511536, -0.3385936915874481, -0.4460528790950775, 0.14815334975719452, 0.008948206901550293, -0.30374398827552795, 0.6191635131835938, 0.014966845512390137, 0.4696458578109741, 0.11733275651931763, 5.066394805908203e-06, -0.1898077130317688, -0.012220160104334354, 0.16517457365989685, -3.442699909210205, -0.06403198838233948, -0.10131970047950745, 0.03599996864795685, 1.416144609451294, 1.6549627780914307, 2.5044374465942383, -3.0243945121765137, -0.01404573954641819, -0.3257424235343933, -0.5047303438186646, -0.5700099468231201, -1.578718900680542, 0.5315983891487122, -0.442693293094635, -0.5631383657455444, 1.5600614547729492, 0.4898402988910675, 1.7287628650665283, -0.12314971536397934, -3.2848289012908936, -1.1332207918167114, 1.0, 1.0, 1.0, 1.0, 1.0, 1.0, 1.0, 1.0, 1.0, 1.0, 0.0, 1.0]"
347,4.0614831959828734e-05,0.0,302.2862548828125,0.0,0.0,0.0,0.0,0.0,0.0,2.832750578818377e-05,0.0,210.83468627929688,0.7551689147949219,0.053694695234298706,0.1192682757973671,-0.3517487049102783,-0.3287161886692047,-0.516386091709137,0.14926879107952118,0.39948293566703796,-0.6918712258338928,1.0435253381729126,-0.34477248787879944,-0.2668096125125885,0.838259756565094,-0.6018808484077454,0.5939459204673767,"[0.7551689147949219, 0.053694695234298706, 0.1192682757973671, -0.16609413921833038, -0.35856351256370544, 0.033571477979421616, -0.05142398551106453, -0.02460644021630287, -0.9983742237091064, 0.699999988079071, 0.0, 0.0, -0.3517487049102783, -0.3287161886692047, -0.516386091709137, 0.14926879107952118, -0.0005170702934265137, -0.29187121987342834, 0.6435253620147705, 0.05522751808166504, 0.5331903696060181, 0.03825974464416504, 2.2649765014648438e-06, -0.20605409145355225, 0.1838904619216919, 0.7091453075408936, -3.5501296520233154, 0.12088853865861893, -0.5746247172355652, 1.1330419778823853, 1.0328989028930664, 1.992949366569519, 3.4453651905059814, -5.137889862060547, -0.015931040048599243, -0.729426383972168, -0.5579668283462524, -0.5585994124412537, -1.55537748336792, 0.7149498462677002, -0.6178943514823914, -0.0923987329006195, 1.3798439502716064, 0.17345687747001648, 1.717761754989624, -0.7553746700286865, -2.9213056564331055, -0.950188398361206, 1.0, 1.0, 1.0, 1.0, 1.0, 1.0, 1.0, 1.0, 1.0, 1.0, 0.0, 1.0]"
348,0.0,0.0,0.0,0.0,0.0,0.0,0.0,0.0,0.0,3.397383807168808e-06,0.0,25.28589630126953,0.741876482963562,0.034184135496616364,0.01867717131972313,-0.34403130412101746,-0.3048689067363739,-0.5827520489692688,0.1584635227918625,0.382741242647171,-0.6516739130020142,1.0564223527908325,-0.30762624740600586,-0.21976834535598755,0.719855010509491,-0.6018832921981812,0.5814392566680908,"[0.741876482963562, 0.034184135496616364, 0.01867717131972313, -0.6284839510917664, -0.355615496635437, 0.02711363323032856, -0.0592334158718586, -0.01657990738749504, -0.9981065392494202, 0.699999988079071, 0.0, 0.0, -0.34403130412101746, -0.3048689067363739, -0.5827520489692688, 0.1584635227918625, -0.017258763313293457, -0.2516739070415497, 0.6564223766326904, 0.09237375855445862, 0.5802316665649414, -0.08014500141143799, -1.7881393432617188e-07, -0.21856075525283813, 0.5210980772972107, 1.589455008506775, -2.979684829711914, 0.9257331490516663, -0.7362869381904602, 2.541649580001831, 0.41969698667526245, 1.3989042043685913, -1.106992483139038, -6.3413896560668945, 0.00020652174134738743, -0.18562999367713928, -1.1342682838439941, -0.42683711647987366, -1.1329822540283203, 0.5212133526802063, -0.509774386882782, 0.56318199634552, 1.1138051748275757, -0.8017522096633911, 0.43313848972320557, -1.3020360469818115, -2.4790682792663574, -0.189449280500412, 1.0, 1.0, 1.0, 1.0, 1.0, 1.0, 1.0, 1.0, 1.0, 1.0, 0.0, 1.0]"
349,0.0,0.0,0.0,0.0001529543224023655,0.0,1138.4014892578125,0.0,0.0,0.0,0.0,0.0,0.0,0.6449311375617981,0.048233211040496826,-0.05562737211585045,-0.34103715419769287,-0.27166086435317993,-0.611392080783844,0.18999989330768585,0.36273160576820374,-0.5922878980636597,1.0617408752441406,-0.3206578195095062,-0.31745293736457825,0.6077571511268616,-0.6019564867019653,0.6427549719810486,"[0.6449311375617981, 0.048233211040496826, -0.05562737211585045, -0.5754215121269226, -0.07106068730354309, 0.0708218589425087, -0.06508833169937134, -0.0003086845390498638, -0.9978792667388916, 0.699999988079071, 0.0, 0.0, -0.34103715419769287, -0.27166086435317993, -0.611392080783844, 0.18999989330768585, -0.03726840019226074, -0.1922878921031952, 0.6617408990859985, 0.07934218645095825, 0.4825470745563507, -0.19224286079406738, -7.337331771850586e-05, -0.15724503993988037, -0.4952261745929718, -0.22017791867256165, 0.20813226699829102, 1.5755500793457031, -1.8684265613555908, -0.6755093336105347, 0.43439429998397827, -2.1899611949920654, -4.267971038818359, 3.558086395263672, 0.033274635672569275, 4.947076320648193, -1.0419082641601562, -0.17698153853416443, -0.5633112192153931, -0.06048104166984558, -0.4874616861343384, 0.7287032604217529, 1.027219295501709, -1.4426487684249878, -0.15888570249080658, -1.115557074546814, -2.4233274459838867, 0.4275578558444977, 1.0, 1.0, 1.0, 1.0, 1.0, 1.0, 1.0, 1.0, 1.0, 1.0, 0.0, 1.0]"
350,0.0,0.0,0.0,5.609532672679052e-05,0.0,417.5037841796875,0.0,0.0,0.0,0.0,0.0,0.0,0.6327210068702698,0.06528155505657196,-0.09096793085336685,-0.3765951693058014,-0.2781262993812561,-0.603319525718689,0.1964026838541031,0.3190251588821411,-0.5822004675865173,1.0656360387802124,-0.4005519449710846,-0.43771249055862427,0.617177426815033,-0.601883053779602,0.7459009289741516,"[0.6327210068702698, 0.06528155505657196, -0.09096793085336685, 0.4234844446182251, 0.3843304514884949, -0.029714111238718033, -0.061026133596897125, -0.004526219330728054, -0.998126208782196, 0.699999988079071, 0.0, 0.0, -0.3765951693058014, -0.2781262993812561, -0.603319525718689, 0.1964026838541031, -0.08097484707832336, -0.18220046162605286, 0.6656360626220703, -0.0005519390106201172, 0.3622875213623047, -0.182822585105896, 5.960464477539063e-08, -0.054099082946777344, -2.1120972633361816, -0.5540837049484253, 1.1414823532104492, -0.19373875856399536, -2.191662073135376, 0.7224215269088745, 0.13994163274765015, -4.619818210601807, -7.30412483215332, -0.07672573626041412, 0.007856721058487892, 3.787658452987671, -0.6242464780807495, 0.21589121222496033, -0.2647910416126251, -0.02984282374382019, -0.15281754732131958, 0.6237164735794067, 1.1548694372177124, -0.6140061616897583, 0.21623754501342773, -0.7888685464859009, -2.2096896171569824, 0.052704520523548126, 1.0, 1.0, 1.0, 1.0, 1.0, 1.0, 1.0, 1.0, 1.0, 1.0, 0.0, 1.0]"
351,0.0,0.0,0.0,4.5222448534332216e-05,0.0,336.5796203613281,0.0,0.0,0.0,0.0,0.0,0.0,0.6665089130401611,0.00945957750082016,-0.08003927767276764,-0.393457293510437,-0.2764075696468353,-0.5229362845420837,0.19580796360969543,0.26971107721328735,-0.5672115087509155,1.0712541341781616,-0.48667019605636597,-0.4894731640815735,0.609131395816803,-0.6018856167793274,0.7525728344917297,"[0.6665089130401611, 0.00945957750082016, -0.08003927767276764, -0.5175882577896118, 0.6104645729064941, -0.06390809267759323, -0.05024264380335808, -0.0018547994550317526, -0.9987356662750244, 0.699999988079071, 0.0, 0.0, -0.393457293510437, -0.2764075696468353, -0.5229362845420837, 0.19580796360969543, -0.13028892874717712, -0.16721150279045105, 0.6712541580200195, -0.08667019009590149, 0.31052684783935547, -0.19086861610412598, -2.5033950805664062e-06, -0.04742717742919922, 0.20824019610881805, 0.36145293712615967, 5.585470199584961, 0.12135056406259537, -2.642540216445923, 0.4417562484741211, 0.3318656086921692, -3.797377586364746, 1.7147947549819946, 0.19458451867103577, 0.012228719890117645, -1.740382194519043, 0.13764533400535583, -0.30578985810279846, -0.37006157636642456, 0.17460587620735168, 0.029277145862579346, 0.37602224946022034, 1.3392828702926636, -0.14271000027656555, 1.247557520866394, -0.8328729867935181, -2.1270320415496826, -0.4629965126514435, 1.0, 1.0, 1.0, 1.0, 1.0, 1.0, 1.0, 1.0, 1.0, 1.0, 0.0, 1.0]"
352,0.0,0.0,0.0,3.338003079988994e-05,0.0,248.4394073486328,0.0,0.0,0.0,0.0,0.0,0.0,0.7355319261550903,-0.04073040932416916,-0.16166391968727112,-0.3601854145526886,-0.2622435688972473,-0.4044494032859802,0.19595304131507874,0.23183363676071167,-0.5582465529441833,1.073207139968872,-0.5383313298225403,-0.41999685764312744,0.6088183522224426,-0.6018884181976318,0.680055558681488,"[0.7355319261550903, -0.04073040932416916, -0.16166391968727112, -0.8478316068649292, 0.7969553470611572, -0.19852763414382935, -0.03601557016372681, 0.013248343952000141, -0.9992635250091553, 0.699999988079071, 0.0, 0.0, -0.3601854145526886, -0.2622435688972473, -0.4044494032859802, 0.19595304131507874, -0.1681663691997528, -0.15824654698371887, 0.67320716381073, -0.1383313238620758, 0.3800031542778015, -0.19118165969848633, -5.304813385009766e-06, -0.11994445323944092, 2.4523324966430664, 0.7963218092918396, 5.9129838943481445, 0.010786893777549267, -1.4967560768127441, 0.23277652263641357, -0.027356302365660667, -1.792206883430481, 4.223731517791748, 0.224319726228714, 0.005557606928050518, -4.632193088531494, 0.0838032066822052, -0.33491864800453186, -0.4675773084163666, 0.5782647132873535, -0.283153235912323, 0.13392874598503113, 1.3648803234100342, 0.21486783027648926, 1.396751046180725, -0.8850322961807251, -2.2984578609466553, -0.6487457156181335, 1.0, 1.0, 1.0, 0.0, 1.0, 1.0, 1.0, 1.0, 1.0, 1.0, 0.0, 1.0]"
353,0.00012831127969548106,0.0,954.9894409179688,2.4852008209563792e-05,0.0,184.96742248535156,0.0,0.0,0.0,0.0,0.0,0.0,0.7912269234657288,-0.02886619046330452,-0.06964951753616333,-0.3312847912311554,-0.25610578060150146,-0.30598464608192444,0.18971601128578186,0.24062229692935944,-0.546315610408783,1.067682147026062,-0.5485409498214722,-0.39758753776550293,0.6080582737922668,-0.601780891418457,0.5889618992805481,"[0.7912269234657288, -0.02886619046330452, -0.06964951753616333, 0.7499305009841919, 0.1998729258775711, -0.23664818704128265, -0.02242264524102211, 0.020032426342368126, -0.9995477199554443, 0.699999988079071, 0.0, 0.0, -0.3312847912311554, -0.25610578060150146, -0.30598464608192444, 0.18971601128578186, -0.15937770903110504, -0.14631560444831848, 0.6676821708679199, -0.1485409438610077, 0.402412474155426, -0.1919417381286621, 0.00010222196578979492, -0.21103811264038086, -0.6997060775756836, -0.7891442775726318, 3.7992470264434814, -1.4142342805862427, 4.418512344360352, 1.316591501235962, -0.4143448770046234, 0.3679749369621277, -5.673830032348633, -0.330677330493927, -0.012722925283014774, -3.7142016887664795, -0.040109843015670776, -0.10579923540353775, -0.42526674270629883, 0.4466017186641693, -0.39630019664764404, -0.05264177918434143, 1.248663067817688, 0.17516478896141052, 1.5229042768478394, -0.8076995015144348, -2.2791848182678223, -0.6853588819503784, 1.0, 1.0, 1.0, 1.0, 1.0, 1.0, 1.0, 1.0, 1.0, 1.0, 0.0, 1.0]"
354,7.685017044423148e-05,0.0,571.9769897460938,5.782922926300671e-06,0.0,43.0408821105957,0.0,0.0,0.0,7.940560863062274e-06,0.0,59.09965133666992,0.724026620388031,-0.06502480059862137,-0.06564144790172577,-0.3398740589618683,-0.2674444019794464,-0.2361404448747635,0.17758004367351532,0.27929940819740295,-0.5240036249160767,1.0476492643356323,-0.524092972278595,-0.42437973618507385,0.6104034781455994,-0.601819634437561,0.5278978943824768,"[0.724026620388031, -0.06502480059862137, -0.06564144790172577, 0.6594684720039368, -0.18876264989376068, -0.09169460088014603, -0.021921765059232712, 0.007963547483086586, -0.9997279047966003, 0.699999988079071, 0.0, 0.0, -0.3398740589618683, -0.2674444019794464, -0.2361404448747635, 0.17758004367351532, -0.12070059776306152, -0.12400361895561218, 0.6476492881774902, -0.1240929663181305, 0.3756202757358551, -0.1895965337753296, 6.347894668579102e-05, -0.27210211753845215, -0.47644421458244324, -0.6331602334976196, 3.1805429458618164, -0.6664937734603882, 1.7293176651000977, 1.0232709646224976, -1.3267018795013428, 1.7425428628921509, -0.677956223487854, 0.5860689282417297, -0.0057106283493340015, -1.8611984252929688, -0.38737520575523376, -0.6420451998710632, -0.4484066963195801, 0.5850428342819214, 0.10307812690734863, -0.5163283348083496, 1.2451022863388062, 0.4331866204738617, 1.3341866731643677, 0.06011752039194107, -2.3858296871185303, -1.1297032833099365, 1.0, 1.0, 1.0, 1.0, 1.0, 1.0, 1.0, 1.0, 1.0, 1.0, 0.0, 1.0]"
355,3.4704087738646194e-05,0.0,258.2940368652344,0.0,0.0,0.0,0.0,0.0,0.0,6.168668915051967e-05,0.0,459.1189270019531,0.6715330481529236,-0.038019247353076935,-0.027926508337259293,-0.34042710065841675,-0.2772841155529022,-0.1784185916185379,0.17429617047309875,0.3073219358921051,-0.5210668444633484,1.0070600509643555,-0.5167174339294434,-0.42873385548591614,0.6731133460998535,-0.6018730998039246,0.5568558573722839,"[0.6715330481529236, -0.038019247353076935, -0.027926508337259293, 0.1227458119392395, -0.1667315512895584, -0.13019956648349762, -0.026022503152489662, 0.0035076302010565996, -0.99965500831604, 0.699999988079071, 0.0, 0.0, -0.34042710065841675, -0.2772841155529022, -0.1784185916185379, 0.17429617047309875, -0.09267807006835938, -0.12106683850288391, 0.6070600748062134, -0.11671742796897888, 0.3712661564350128, -0.12688666582107544, 1.0013580322265625e-05, -0.24314415454864502, 0.046730462461709976, -0.7325107455253601, 2.3185248374938965, -0.09548301249742508, 1.2921243906021118, -0.5430625677108765, -2.29099178314209, 0.3737258017063141, -0.11261160671710968, 5.459356784820557, -0.000647813081741333, 1.3077659606933594, -0.533921480178833, -0.44339802861213684, -0.8375152349472046, 0.4085047245025635, 0.15744900703430176, -0.7579327821731567, 1.4906338453292847, 0.5318560600280762, 1.4481595754623413, 0.48500940203666687, -2.881035089492798, -1.0339266061782837, 1.0, 1.0, 1.0, 1.0, 1.0, 1.0, 1.0, 1.0, 1.0, 1.0, 0.0, 1.0]"
356,3.398942499188706e-05,0.0,252.97499084472656,0.0,0.0,0.0,0.0,0.0,0.0,5.159192733117379e-05,0.0,383.9861145019531,0.679419219493866,0.003287292318418622,-0.02335326187312603,-0.3432806134223938,-0.2993290424346924,-0.15942597389221191,0.1691659539937973,0.3334791958332062,-0.5441672801971436,0.9643567204475403,-0.5032239556312561,-0.4359993636608124,0.7860665917396545,-0.601876437664032,0.5701375007629395,"[0.679419219493866, 0.003287292318418622, -0.02335326187312603, 0.25963759422302246, 0.023784050717949867, -0.09823672473430634, -0.026859061792492867, -0.0013379552401602268, -0.9996383786201477, 0.699999988079071, 0.0, 0.0, -0.3432806134223938, -0.2993290424346924, -0.15942597389221191, 0.1691659539937973, -0.0665208101272583, -0.14416727423667908, 0.5643566846847534, -0.10322394967079163, 0.3640006482601166, -0.013933420181274414, 6.67572021484375e-06, -0.2298625111579895, -0.20553170144557953, -1.1079474687576294, 0.28288841247558594, -0.2939431965351105, 1.353264331817627, -1.3795597553253174, -1.9198381900787354, 0.5699857473373413, -0.5407217144966125, 4.926255702972412, -0.0007428470999002457, 0.7109975218772888, -0.34087374806404114, -0.36517706513404846, -0.9153060913085938, 0.40075501799583435, 0.025803744792938232, -0.8292690515518188, 1.5496312379837036, 0.402383416891098, 1.362978219985962, 0.4565570056438446, -3.149590253829956, -0.9859681129455566, 1.0, 1.0, 1.0, 1.0, 1.0, 1.0, 1.0, 1.0, 1.0, 1.0, 0.0, 1.0]"
357,4.3087598896818236e-05,0.0,320.6904602050781,0.0,0.0,0.0,0.0,0.0,0.0,4.1539271478541195e-05,0.0,309.1666564941406,0.6837449669837952,0.009277621284127235,-0.022614790126681328,-0.3468925356864929,-0.3119736611843109,-0.16684101521968842,0.16501069068908691,0.3593572974205017,-0.5774650573730469,0.9380646347999573,-0.48658066987991333,-0.4446001350879669,0.8669591546058655,-0.601874589920044,0.5777863264083862,"[0.6837449669837952, 0.009277621284127235, -0.022614790126681328, 0.14245693385601044, -0.019376033917069435, -0.02105836197733879, -0.026656653732061386, -0.0051656258292496204, -0.9996311068534851, 0.699999988079071, 0.0, 0.0, -0.3468925356864929, -0.3119736611843109, -0.16684101521968842, 0.16501069068908691, -0.04064270853996277, -0.1774650514125824, 0.5380645990371704, -0.08658066391944885, 0.35539987683296204, 0.06695914268493652, 8.52346420288086e-06, -0.22221368551254272, -0.14881360530853271, -0.3601531386375427, -0.6955481171607971, -0.14567328989505768, 1.3755407333374023, -1.7996864318847656, -0.9826452136039734, 0.700769305229187, -0.49683529138565063, 3.64827561378479, -0.0014979653060436249, 0.6299751996994019, -0.32240960001945496, -0.509690523147583, -0.9919522404670715, 0.42127102613449097, -0.08949589729309082, -0.7672370672225952, 1.516723394393921, 0.34793123602867126, 1.3427385091781616, 0.48338791728019714, -3.2850871086120605, -0.9812115430831909, 1.0, 1.0, 1.0, 1.0, 1.0, 1.0, 1.0, 1.0, 1.0, 1.0, 0.0, 1.0]"
358,4.3273270421195775e-05,0.0,322.0723876953125,0.0,0.0,0.0,0.0,0.0,0.0,4.0909442759584635e-05,0.0,304.47900390625,0.6823297142982483,0.019844066351652145,-0.01349366083741188,-0.35094326734542847,-0.31587129831314087,-0.19446972012519836,0.16142041981220245,0.3812320828437805,-0.6142125129699707,0.9278790950775146,-0.46890243887901306,-0.44379526376724243,0.9193663597106934,-0.6018757224082947,0.5872420072555542,"[0.6823297142982483, 0.019844066351652145, -0.01349366083741188, 0.23641079664230347, -0.10549411177635193, 0.012395153753459454, -0.028153106570243835, -0.008872575126588345, -0.9995644092559814, 0.699999988079071, 0.0, 0.0, -0.35094326734542847, -0.31587129831314087, -0.19446972012519836, 0.16142041981220245, -0.01876792311668396, -0.21421250700950623, 0.5278791189193726, -0.06890243291854858, 0.3562047481536865, 0.1193663477897644, 7.3909759521484375e-06, -0.21275800466537476, -0.2474251538515091, -0.21829195320606232, -1.7911869287490845, -0.22605480253696442, 1.0977171659469604, -1.7954407930374146, -0.2744768559932709, 0.7245798110961914, 0.11497844010591507, 1.9839071035385132, -0.016642730683088303, 0.7615823149681091, -0.3354390561580658, -0.5957219004631042, -1.098613977432251, 0.4057740867137909, -0.10358357429504395, -0.7525055408477783, 1.5441280603408813, 0.3975134789943695, 1.367484211921692, 0.4802995026111603, -3.38681960105896, -0.9766069650650024, 1.0, 1.0, 1.0, 1.0, 1.0, 1.0, 1.0, 1.0, 1.0, 1.0, 0.0, 1.0]"
359,4.141270983382128e-05,0.0,308.22467041015625,0.0,0.0,0.0,0.0,0.0,0.0,4.3428270146250725e-05,0.0,323.22601318359375,0.6914870738983154,0.035354018211364746,0.0033389227464795113,-0.35703393816947937,-0.3231358230113983,-0.24155502021312714,0.15556032955646515,0.39730510115623474,-0.6483070850372314,0.9302512407302856,-0.44971850514411926,-0.4308508634567261,0.9502725005149841,-0.6018770337104797,0.5969475507736206,"[0.6914870738983154, 0.035354018211364746, 0.0033389227464795113, 0.30120041966438293, -0.1540786772966385, 0.015028314664959908, -0.03092942014336586, -0.014634942635893822, -0.9994146823883057, 0.699999988079071, 0.0, 0.0, -0.35703393816947937, -0.3231358230113983, -0.24155502021312714, 0.15556032955646515, -0.0026949048042297363, -0.24830707907676697, 0.5302512645721436, -0.049718499183654785, 0.3691491484642029, 0.15027248859405518, 6.079673767089844e-06, -0.20305246114730835, -0.31044724583625793, -0.4577026963233948, -2.617544174194336, -0.308743953704834, 0.804868221282959, -1.6019744873046875, 0.335063099861145, 0.8239454627037048, 0.7064864635467529, 1.2253133058547974, -0.001722484827041626, 0.714202880859375, -0.3800560534000397, -0.6374651789665222, -1.24579656124115, 0.41458848118782043, -0.14877629280090332, -0.7537398338317871, 1.593807339668274, 0.43842241168022156, 1.4249330759048462, 0.42952674627304077, -3.464967966079712, -1.0020610094070435, 1.0, 1.0, 1.0, 1.0, 1.0, 1.0, 1.0, 1.0, 1.0, 1.0, 0.0, 1.0]"
360,4.198175884084776e-05,0.0,312.4599609375,0.0,0.0,0.0,0.0,0.0,0.0,4.404978244565427e-05,0.0,327.8517761230469,0.7100979089736938,0.046516697853803635,0.027618851512670517,-0.36341145634651184,-0.3334660530090332,-0.30123209953308105,0.14898549020290375,0.4080638885498047,-0.6760915517807007,0.9449090361595154,-0.4267573654651642,-0.4070194661617279,0.9632408022880554,-0.6018774509429932,0.6027489304542542,"[0.7100979089736938, 0.046516697853803635, 0.027618851512670517, 0.28829318284988403, -0.1893293708562851, 0.020717071369290352, -0.03449216112494469, -0.02072012610733509, -0.9991903901100159, 0.699999988079071, 0.0, 0.0, -0.36341145634651184, -0.3334660530090332, -0.30123209953308105, 0.14898549020290375, 0.00806388258934021, -0.2760915458202362, 0.5449090003967285, -0.026757359504699707, 0.39298054575920105, 0.16324079036712646, 5.662441253662109e-06, -0.1972510814666748, -0.2963508069515228, -0.5202872157096863, -3.143422842025757, -0.31174835562705994, 0.5275478363037109, -1.2227991819381714, 0.9362649917602539, 1.0327050685882568, 1.2647567987442017, 0.18370379507541656, -0.0016549117863178253, 0.48510798811912537, -0.4396120011806488, -0.6263755559921265, -1.3486173152923584, 0.3913331925868988, -0.2107449173927307, -0.7422363758087158, 1.6168001890182495, 0.4538120925426483, 1.4902467727661133, 0.3313889503479004, -3.4797146320343018, -1.048757553100586, 1.0, 1.0, 1.0, 1.0, 1.0, 1.0, 1.0, 1.0, 1.0, 1.0, 0.0, 1.0]"
361,4.2421470425324515e-05,0.0,315.7326354980469,0.0,0.0,0.0,0.0,0.0,0.0,4.324560723034665e-05,0.0,321.86651611328125,0.7306790351867676,0.051774054765701294,0.05685543641448021,-0.3685359060764313,-0.3414391279220581,-0.36829444766044617,0.1433706432580948,0.4130380153656006,-0.695163905620575,0.9698705077171326,-0.39862141013145447,-0.3715684413909912,0.9539543390274048,-0.6018775701522827,0.6023653149604797,"[0.7306790351867676, 0.051774054765701294, 0.05685543641448021, 0.1979668289422989, -0.22669358551502228, 0.030518513172864914, -0.03880947828292847, -0.025614038109779358, -0.9989182353019714, 0.699999988079071, 0.0, 0.0, -0.3685359060764313, -0.3414391279220581, -0.36829444766044617, 0.1433706432580948, 0.013038009405136108, -0.2951638996601105, 0.5698704719543457, 0.0013785958290100098, 0.42843157052993774, 0.15395432710647583, 5.543231964111328e-06, -0.19763469696044922, -0.20152096450328827, -0.2841768264770508, -3.4172768592834473, -0.22930967807769775, 0.2345217913389206, -0.7354913949966431, 1.3807569742202759, 1.3231788873672485, 1.8517392873764038, -1.1085048913955688, -0.002004709094762802, 0.12372183799743652, -0.48447147011756897, -0.6069108843803406, -1.4645016193389893, 0.4159269630908966, -0.30421674251556396, -0.7003690004348755, 1.6226377487182617, 0.48353806138038635, 1.5916658639907837, 0.1708330512046814, -3.4480397701263428, -1.1212098598480225, 1.0, 1.0, 1.0, 1.0, 1.0, 1.0, 1.0, 1.0, 1.0, 1.0, 0.0, 1.0]"
362,4.3270731111988425e-05,0.0,322.053466796875,0.0,0.0,0.0,0.0,0.0,0.0,4.0583334339316934e-05,0.0,302.05181884765625,0.7504875659942627,0.05304822325706482,0.09055684506893158,-0.3706459105014801,-0.3416910469532013,-0.43839380145072937,0.1405237764120102,0.4115946292877197,-0.7025269269943237,1.0001403093338013,-0.36401116847991943,-0.32361578941345215,0.9131157994270325,-0.6018779873847961,0.5933185815811157,"[0.7504875659942627, 0.05304822325706482, 0.09055684506893158, 0.028989385813474655, -0.26617535948753357, 0.03924475982785225, -0.043850261718034744, -0.027577027678489685, -0.9986575841903687, 0.699999988079071, 0.0, 0.0, -0.3706459105014801, -0.3416910469532013, -0.43839380145072937, 0.1405237764120102, 0.011594623327255249, -0.30252692103385925, 0.6001403331756592, 0.035988837480545044, 0.4763842225074768, 0.11311578750610352, 5.125999450683594e-06, -0.20668143033981323, -0.025222763419151306, 0.18305514752864838, -3.5226223468780518, -0.06480584293603897, -0.10666334629058838, -0.04320139437913895, 1.5200355052947998, 1.6839346885681152, 2.51718807220459, -3.026106357574463, -0.01534224022179842, -0.36743980646133423, -0.49745625257492065, -0.5747447609901428, -1.5852148532867432, 0.5314920544624329, -0.472123384475708, -0.5566046237945557, 1.5560909509658813, 0.48647579550743103, 1.7450940608978271, -0.13622525334358215, -3.313413143157959, -1.1654881238937378, 1.0, 1.0, 1.0, 1.0, 1.0, 1.0, 1.0, 1.0, 1.0, 1.0, 0.0, 1.0]"
363,4.1465154936304316e-05,0.0,308.6150207519531,0.0,0.0,0.0,0.0,0.0,0.0,2.653970295796171e-05,0.0,197.52853393554688,0.7624248266220093,0.04978614300489426,0.1120232418179512,-0.36859315633773804,-0.3312399089336395,-0.5102839469909668,0.14168484508991241,0.4017462134361267,-0.6918008327484131,1.0275039672851562,-0.32337701320648193,-0.2592405378818512,0.8336181640625,-0.601881206035614,0.5767383575439453,"[0.7624248266220093, 0.04978614300489426, 0.1120232418179512, -0.14518141746520996, -0.3612155318260193, 0.04804515838623047, -0.05015000328421593, -0.02552470937371254, -0.9984154105186462, 0.699999988079071, 0.0, 0.0, -0.36859315633773804, -0.3312399089336395, -0.5102839469909668, 0.14168484508991241, 0.0017462074756622314, -0.2918008267879486, 0.6275039911270142, 0.07662299275398254, 0.5407594442367554, 0.033618152141571045, 1.9073486328125e-06, -0.22326165437698364, 0.16565048694610596, 0.7376585602760315, -3.632002353668213, 0.11937472224235535, -0.6034691333770752, 1.0932519435882568, 1.2100300788879395, 2.0170931816101074, 3.5123608112335205, -5.17244815826416, -0.01755353808403015, -0.7452602386474609, -0.5507067441940308, -0.5720599293708801, -1.5553034543991089, 0.7207603454589844, -0.6496983170509338, -0.06780019402503967, 1.3828524351119995, 0.1557394564151764, 1.7374449968338013, -0.7838637828826904, -2.947962760925293, -0.9597234725952148, 1.0, 1.0, 1.0, 1.0, 1.0, 1.0, 1.0, 1.0, 1.0, 1.0, 0.0, 1.0]"
364,0.0,0.0,0.0,0.0,0.0,0.0,0.0,0.0,0.0,1.3997849919178407e-06,0.0,10.418257713317871,0.7468155026435852,0.027927879244089127,0.009362495504319668,-0.360758513212204,-0.30682170391082764,-0.5780360102653503,0.15130648016929626,0.38419196009635925,-0.6517667174339294,1.044448733329773,-0.2870039641857147,-0.2128150761127472,0.7135071754455566,-0.6018832325935364,0.5655019879341125,"[0.7468155026435852, 0.027927879244089127, 0.009362495504319668, -0.632612407207489, -0.35670170187950134, 0.0334012396633625, -0.05808057263493538, -0.017820533365011215, -0.9981527328491211, 0.699999988079071, 0.0, 0.0, -0.360758513212204, -0.30682170391082764, -0.5780360102653503, 0.15130648016929626, -0.015808045864105225, -0.25176671147346497, 0.6444487571716309, 0.11299604177474976, 0.5871849060058594, -0.08649283647537231, -1.1920928955078125e-07, -0.2344980239868164, 0.5802276134490967, 1.6246455907821655, -3.017892599105835, 0.9463463425636292, -0.7734612226486206, 2.5440053939819336, 0.626917839050293, 1.299757480621338, -1.3405613899230957, -6.4241132736206055, 0.00020553276408463717, 0.07699272036552429, -1.1172575950622559, -0.44626137614250183, -1.1182527542114258, 0.4953022599220276, -0.5220739841461182, 0.5901393890380859, 1.1215564012527466, -0.8720979690551758, 0.4097076654434204, -1.3008228540420532, -2.4913454055786133, -0.1463240683078766, 1.0, 1.0, 1.0, 1.0, 1.0, 1.0, 1.0, 1.0, 1.0, 1.0, 0.0, 1.0]"
365,0.0,0.0,0.0,0.00015605628141202033,0.0,1161.48876953125,0.0,0.0,0.0,0.0,0.0,0.0,0.6438851952552795,0.04034929350018501,-0.06277772784233093,-0.3561205267906189,-0.27467596530914307,-0.6114412546157837,0.1817798912525177,0.36223718523979187,-0.5917678475379944,1.0529218912124634,-0.3053428530693054,-0.3128889501094818,0.6000137329101562,-0.6019630432128906,0.6318063139915466,"[0.6438851952552795, 0.04034929350018501, -0.06277772784233093, -0.599332332611084, -0.05350961536169052, 0.05713614821434021, -0.06364469230175018, -0.0023324007634073496, -0.9979698061943054, 0.699999988079071, 0.0, 0.0, -0.3561205267906189, -0.27467596530914307, -0.6114412546157837, 0.1817798912525177, -0.03776282072067261, -0.1917678415775299, 0.6529219150543213, 0.09465715289115906, 0.48711106181144714, -0.1999862790107727, -7.992982864379883e-05, -0.16819369792938232, -0.3118283748626709, -0.21546562016010284, 0.22911453247070312, 1.603180170059204, -2.004314422607422, -0.729971170425415, 0.636698842048645, -2.582956075668335, -4.240912437438965, 3.6385271549224854, 0.03406735882163048, 5.471146106719971, -1.0198757648468018, -0.18835261464118958, -0.5372740030288696, -0.08146175742149353, -0.507403552532196, 0.752328634262085, 1.0422041416168213, -1.4872466325759888, -0.15123285353183746, -1.1213241815567017, -2.4284496307373047, 0.46672937273979187, 1.0, 1.0, 1.0, 1.0, 1.0, 1.0, 1.0, 1.0, 1.0, 1.0, 0.0, 1.0]"
366,0.0,0.0,0.0,5.657503425027244e-05,0.0,421.07415771484375,0.0,0.0,0.0,0.0,0.0,0.0,0.6324043869972229,0.056501246988773346,-0.09746202081441879,-0.38736939430236816,-0.280816912651062,-0.603011429309845,0.18840070068836212,0.3159169554710388,-0.5825622081756592,1.0610624551773071,-0.39416369795799255,-0.43357107043266296,0.6100747585296631,-0.6018829941749573,0.7435088753700256,"[0.6324043869972229, 0.056501246988773346, -0.09746202081441879, 0.4061635732650757, 0.4073796570301056, -0.05355675145983696, -0.05913124978542328, -0.006252053193747997, -0.9982306957244873, 0.699999988079071, 0.0, 0.0, -0.38736939430236816, -0.280816912651062, -0.603011429309845, 0.18840070068836212, -0.08408305048942566, -0.1825622022151947, 0.661062479019165, 0.005836308002471924, 0.366428941488266, -0.18992525339126587, 1.1920928955078125e-07, -0.05649113655090332, -1.8850347995758057, -0.5354210138320923, 1.162003517150879, -0.18422047793865204, -2.297842264175415, 0.6964572072029114, 0.35458800196647644, -5.0316877365112305, -7.428167343139648, -0.06729559600353241, 0.008029755204916, 3.9855730533599854, -0.6312903165817261, 0.21187454462051392, -0.26225510239601135, -0.01772773265838623, -0.15336650609970093, 0.6101468801498413, 1.153532862663269, -0.6035251617431641, 0.19782766699790955, -0.8049960732460022, -2.2173988819122314, 0.0727512463927269, 1.0, 1.0, 1.0, 1.0, 1.0, 1.0, 1.0, 1.0, 1.0, 1.0, 0.0, 1.0]"
367,0.0,0.0,0.0,4.537716449704021e-05,0.0,337.7311706542969,0.0,0.0,0.0,0.0,0.0,0.0,0.6684751510620117,0.0004316797712817788,-0.08415782451629639,-0.399864137172699,-0.27852731943130493,-0.5220933556556702,0.18893784284591675,0.2651045620441437,-0.5681764483451843,1.0705815553665161,-0.4865104854106903,-0.48829182982444763,0.602523922920227,-0.6018853783607483,0.7518704533576965,"[0.6684751510620117, 0.0004316797712817788, -0.08415782451629639, -0.5498816967010498, 0.6264428496360779, -0.07893229275941849, -0.0479595884680748, -0.0031003705225884914, -0.9988445043563843, 0.699999988079071, 0.0, 0.0, -0.399864137172699, -0.27852731943130493, -0.5220933556556702, 0.18893784284591675, -0.1348954439163208, -0.16817644238471985, 0.670581579208374, -0.08651047945022583, 0.3117081820964813, -0.1974760890007019, -2.2649765014648438e-06, -0.04812955856323242, 0.42229560017585754, 0.40085694193840027, 5.614968299865723, 0.22591182589530945, -2.7097866535186768, 0.41473621129989624, 0.5047911405563354, -4.069183826446533, 1.6316040754318237, 0.216229647397995, 0.012395698577165604, -1.5734399557113647, 0.14184382557868958, -0.3189341127872467, -0.3756278455257416, 0.20849710702896118, 0.02234184741973877, 0.37445202469825745, 1.3275669813156128, -0.13168597221374512, 1.2462302446365356, -0.8433924913406372, -2.1320102214813232, -0.4509529769420624, 1.0, 1.0, 1.0, 1.0, 1.0, 1.0, 1.0, 1.0, 1.0, 1.0, 0.0, 1.0]"
368,0.0,0.0,0.0,3.3324155083391815e-05,0.0,248.02352905273438,0.0,0.0,0.0,0.0,0.0,0.0,0.7382001876831055,-0.04893852397799492,-0.16333380341529846,-0.362589955329895,-0.26336610317230225,-0.40365684032440186,0.19266054034233093,0.2262352555990219,-0.5598912835121155,1.074711799621582,-0.5424712300300598,-0.4207119941711426,0.6028957962989807,-0.6018884181976318,0.6813006401062012,"[0.7382001876831055, -0.04893852397799492, -0.16333380341529846, -0.8962395787239075, 0.8139990568161011, -0.20539423823356628, -0.03340013325214386, 0.012853018939495087, -0.9993591904640198, 0.699999988079071, 0.0, 0.0, -0.362589955329895, -0.26336610317230225, -0.40365684032440186, 0.19266054034233093, -0.17376475036144257, -0.159891277551651, 0.6747118234634399, -0.14247122406959534, 0.3792880177497864, -0.19710421562194824, -5.304813385009766e-06, -0.11869937181472778, 2.643880605697632, 0.8526256084442139, 5.89639949798584, 0.22363705933094025, -1.5375584363937378, 0.20145604014396667, 0.04571850970387459, -1.9751032590866089, 4.126054286956787, 0.2525162100791931, 0.005486201494932175, -4.616870403289795, 0.08387252688407898, -0.34135451912879944, -0.4712952673435211, 0.5945075750350952, -0.2945634722709656, 0.12660649418830872, 1.360045075416565, 0.21353647112846375, 1.3996009826660156, -0.8878164887428284, -2.306333541870117, -0.6412450671195984, 1.0, 1.0, 1.0, 1.0, 1.0, 1.0, 1.0, 1.0, 1.0, 1.0, 0.0, 1.0]"
369,0.00012508759391494095,0.0,930.996337890625,1.9371689631952904e-05,0.0,144.17874145507812,0.0,0.0,0.0,0.0,0.0,0.0,0.7858434319496155,-0.03140980005264282,-0.059061236679553986,-0.33383288979530334,-0.257182776927948,-0.306121826171875,0.18954817950725555,0.23435142636299133,-0.5481573939323425,1.0702730417251587,-0.5543509125709534,-0.4007575809955597,0.6034151911735535,-0.6017703413963318,0.5865033864974976,"[0.7858434319496155, -0.03140980005264282, -0.059061236679553986, 0.738213062286377, 0.11915098875761032, -0.2185312807559967, -0.020435962826013565, 0.019565142691135406, -0.9995996952056885, 0.699999988079071, 0.0, 0.0, -0.33383288979530334, -0.257182776927948, -0.306121826171875, 0.18954817950725555, -0.16564857959747314, -0.14815738797187805, 0.6702730655670166, -0.1543509066104889, 0.39924243092536926, -0.1965848207473755, 0.00011277198791503906, -0.2134966254234314, -0.8609199523925781, -0.7669417858123779, 3.8406288623809814, -1.2351875305175781, 4.152932167053223, 1.307910442352295, -0.34213849902153015, 0.4466557502746582, -5.756470680236816, -0.2047835737466812, -0.009038136340677738, -4.440152168273926, -0.12323763966560364, -0.32138821482658386, -0.43153101205825806, 0.6497323513031006, -0.4052884578704834, -0.2838154137134552, 1.3278173208236694, 0.5007117986679077, 1.5152145624160767, -0.6927842497825623, -2.3772387504577637, -0.8552733659744263, 1.0, 1.0, 1.0, 1.0, 1.0, 1.0, 1.0, 1.0, 1.0, 0.0, 0.0, 1.0]"
370,7.33366614440456e-05,0.0,545.8268432617188,2.12014469980204e-06,0.0,15.779717445373535,0.0,0.0,0.0,9.714120824355632e-05,0.0,722.998291015625,0.70652836561203,-0.05916506052017212,-0.018809549510478973,-0.33927690982818604,-0.2649886906147003,-0.23048925399780273,0.18454311788082123,0.2716984748840332,-0.5291290283203125,1.053410530090332,-0.5281761884689331,-0.4243638515472412,0.6120958924293518,-0.6018250584602356,0.5249447822570801,"[0.70652836561203, -0.05916506052017212, -0.018809549510478973, 0.08199198544025421, -0.12571239471435547, -0.13467133045196533, -0.021464882418513298, 0.010983617044985294, -0.9997091293334961, 0.699999988079071, 0.0, 0.0, -0.33927690982818604, -0.2649886906147003, -0.23048925399780273, 0.18454311788082123, -0.12830153107643127, -0.12912902235984802, 0.6534105539321899, -0.12817618250846863, 0.37563616037368774, -0.18790411949157715, 5.805492401123047e-05, -0.2750552296638489, 0.09124775975942612, -0.10645791888237, 3.9587152004241943, -0.07503543794155121, 1.8390860557556152, 0.7243344187736511, -1.3338085412979126, 0.0133744478225708, -1.0240952968597412, 0.994097888469696, -0.013678498566150665, 2.101341724395752, -0.4958435595035553, -0.43228572607040405, -0.41693317890167236, 0.38631442189216614, -0.09661126136779785, -0.8242001533508301, 1.2938661575317383, 0.5082875490188599, 1.334950566291809, -0.04978286474943161, -2.3789312839508057, -1.115175724029541, 1.0, 1.0, 1.0, 1.0, 1.0, 1.0, 1.0, 1.0, 1.0, 1.0, 0.0, 1.0]"
371,3.636868132161908e-05,0.0,270.6831970214844,0.0,0.0,0.0,0.0,0.0,0.0,5.271715053822845e-05,0.0,392.36083984375,0.6637862920761108,-0.02464238740503788,0.019323132932186127,-0.3358628749847412,-0.2686846852302551,-0.16845524311065674,0.18560686707496643,0.2993602156639099,-0.53564453125,1.0155377388000488,-0.5135887265205383,-0.4315221905708313,0.6689396500587463,-0.6018728613853455,0.5390141010284424,"[0.6637862920761108, -0.02464238740503788, 0.019323132932186127, 0.025519605726003647, -0.07356835156679153, -0.08637543767690659, -0.023917943239212036, 0.011418131180107594, -0.9996489882469177, 0.699999988079071, 0.0, 0.0, -0.3358628749847412, -0.2686846852302551, -0.16845524311065674, 0.18560686707496643, -0.10063979029655457, -0.13564452528953552, 0.6155377626419067, -0.11358872056007385, 0.36847782135009766, -0.13106036186218262, 1.0251998901367188e-05, -0.2609859108924866, 0.08332888782024384, -0.4564346373081207, 2.256929874420166, -0.0019907504320144653, 1.2873716354370117, -1.0575249195098877, -2.1293745040893555, 0.756874144077301, -0.29571473598480225, 4.672794818878174, -0.002304738387465477, 0.5397641658782959, -0.5091962218284607, -0.38183560967445374, -0.8787542581558228, 0.47615674138069153, 0.17642247676849365, -0.7315304279327393, 1.5451996326446533, 0.3649793565273285, 1.4029268026351929, 0.42140063643455505, -2.8671727180480957, -0.9792580008506775, 1.0, 1.0, 1.0, 1.0, 1.0, 1.0, 1.0, 1.0, 1.0, 1.0, 0.0, 1.0]"
372,3.060160088352859e-05,0.0,227.76022338867188,0.0,0.0,0.0,0.0,0.0,0.0,4.057320620631799e-05,0.0,301.9764709472656,0.6637349128723145,0.010186719708144665,-0.01264819037169218,-0.3402481973171234,-0.2836478650569916,-0.1554887592792511,0.1799163818359375,0.32350412011146545,-0.5682360529899597,0.9772046208381653,-0.49806830286979675,-0.4379453957080841,0.7722955346107483,-0.6018790006637573,0.5470823645591736,"[0.6637349128723145, 0.010186719708144665, -0.01264819037169218, 0.34232333302497864, 0.035654518753290176, -0.04425346106290817, -0.023813767358660698, 0.005967316683381796, -0.9996985793113708, 0.699999988079071, 0.0, 0.0, -0.3402481973171234, -0.2836478650569916, -0.1554887592792511, 0.1799163818359375, -0.07649588584899902, -0.16823604702949524, 0.5772045850753784, -0.09806829690933228, 0.36205461621284485, -0.027704477310180664, 4.112720489501953e-06, -0.25291764736175537, -0.32120054960250854, -0.7344030141830444, -0.08397885411977768, -0.34713035821914673, 1.235445499420166, -1.7698394060134888, -1.6763051748275757, 0.5805792212486267, -0.4137069284915924, 4.758730411529541, -0.0004341881722211838, 0.6393203139305115, -0.33089473843574524, -0.4116545617580414, -0.8914601802825928, 0.37572982907295227, 0.09431850910186768, -0.7357327938079834, 1.539211392402649, 0.3770483434200287, 1.3965271711349487, 0.4622991383075714, -3.123612642288208, -0.9822903871536255, 1.0, 1.0, 1.0, 1.0, 1.0, 1.0, 1.0, 1.0, 1.0, 1.0, 0.0, 1.0]"
373,3.9527662011096254e-05,0.0,294.1947326660156,0.0,0.0,0.0,0.0,0.0,0.0,3.764683424378745e-05,0.0,280.1961669921875,0.6736485362052917,0.01712379977107048,-0.029864029958844185,-0.34638506174087524,-0.29189532995224,-0.1695428043603897,0.17365483939647675,0.34800416231155396,-0.6034359335899353,0.9547817707061768,-0.48406070470809937,-0.4441857933998108,0.8540088534355164,-0.6018769145011902,0.5591347217559814,"[0.6736485362052917, 0.01712379977107048, -0.029864029958844185, 0.2665652632713318, -0.04545372724533081, -0.015788381919264793, -0.024002162739634514, -0.00014289654791355133, -0.9997121691703796, 0.699999988079071, 0.0, 0.0, -0.34638506174087524, -0.29189532995224, -0.1695428043603897, 0.17365483939647675, -0.05199584364891052, -0.20343592762947083, 0.5547817945480347, -0.08406069874763489, 0.35581421852111816, 0.0540088415145874, 6.198883056640625e-06, -0.2408652901649475, -0.27292123436927795, -0.2586241662502289, -1.001259684562683, -0.25792086124420166, 1.2822526693344116, -1.7182127237319946, -0.8337565660476685, 0.576393723487854, -0.32355809211730957, 3.7117738723754883, -0.0007601045072078705, 0.8222531676292419, -0.32828131318092346, -0.5299931168556213, -1.008968472480774, 0.475729376077652, -0.04344654083251953, -0.7306886911392212, 1.5342539548873901, 0.354430228471756, 1.3813148736953735, 0.46809056401252747, -3.2732656002044678, -0.9396098852157593, 1.0, 1.0, 1.0, 1.0, 1.0, 1.0, 1.0, 1.0, 1.0, 1.0, 0.0, 1.0]"
374,4.24265417677816e-05,0.0,315.7703857421875,0.0,0.0,0.0,0.0,0.0,0.0,3.920719609595835e-05,0.0,291.8095703125,0.6769937872886658,0.03118324652314186,-0.01910153590142727,-0.35263901948928833,-0.2972378134727478,-0.20229169726371765,0.1673784852027893,0.3688863515853882,-0.634827733039856,0.9459215998649597,-0.4693928360939026,-0.44081491231918335,0.9080392718315125,-0.6018758416175842,0.5740134119987488,"[0.6769937872886658, 0.03118324652314186, -0.01910153590142727, 0.34348857402801514, -0.13875235617160797, -0.007752704434096813, -0.02612733654677868, -0.006235222797840834, -0.9996391534805298, 0.699999988079071, 0.0, 0.0, -0.35263901948928833, -0.2972378134727478, -0.20229169726371765, 0.1673784852027893, -0.031113654375076294, -0.23482772707939148, 0.5459215641021729, -0.06939283013343811, 0.3591850996017456, 0.1080392599105835, 7.271766662597656e-06, -0.22598659992218018, -0.3462718725204468, -0.35317501425743103, -2.0126986503601074, -0.3412741422653198, 1.042123794555664, -1.456969141960144, -0.24720965325832367, 0.6157394647598267, 0.25604110956192017, 2.0649964809417725, -0.0015990883111953735, 0.9341710209846497, -0.37594589591026306, -0.5946210026741028, -1.1020785570144653, 0.43367090821266174, -0.07840240001678467, -0.7238060235977173, 1.5638320446014404, 0.4138977825641632, 1.3959150314331055, 0.4563768804073334, -3.3756933212280273, -0.9488822221755981, 1.0, 1.0, 1.0, 1.0, 1.0, 1.0, 1.0, 1.0, 1.0, 1.0, 0.0, 1.0]"
375,4.100202932022512e-05,0.0,305.1680908203125,0.0,0.0,0.0,0.0,0.0,0.0,4.098190402146429e-05,0.0,305.0182800292969,0.6866989731788635,0.04608691856265068,-0.00033026430173777044,-0.3601136803627014,-0.3071167767047882,-0.2521043121814728,0.15956781804561615,0.3841172754764557,-0.6614081263542175,0.9482661485671997,-0.45248374342918396,-0.4253326952457428,0.9389135241508484,-0.6018764972686768,0.5882068276405334,"[0.6866989731788635, 0.04608691856265068, -0.00033026430173777044, 0.36338651180267334, -0.19406811892986298, 0.0022629182785749435, -0.029623307287693024, -0.013543713837862015, -0.9994692802429199, 0.699999988079071, 0.0, 0.0, -0.3601136803627014, -0.3071167767047882, -0.2521043121814728, 0.15956781804561615, -0.01588273048400879, -0.26140812039375305, 0.5482661724090576, -0.05248373746871948, 0.37466731667518616, 0.13891351222991943, 6.616115570068359e-06, -0.2117931842803955, -0.36986830830574036, -0.5638300180435181, -2.706134796142578, -0.3770320415496826, 0.7697150111198425, -1.2236380577087402, 0.32514336705207825, 0.7594068050384521, 0.825333833694458, 1.1941996812820435, -0.0017416737973690033, 0.8298673629760742, -0.43184491991996765, -0.6064265370368958, -1.2479827404022217, 0.4380965530872345, -0.13003218173980713, -0.7432029247283936, 1.6104873418807983, 0.43388161063194275, 1.4501540660858154, 0.4041711688041687, -3.4443912506103516, -0.9784383773803711, 1.0, 1.0, 1.0, 1.0, 1.0, 1.0, 1.0, 1.0, 1.0, 1.0, 0.0, 1.0]"
376,4.1052469896385446e-05,0.0,305.54351806640625,0.0,0.0,0.0,0.0,0.0,0.0,4.119118966627866e-05,0.0,306.5759582519531,0.7034755945205688,0.055809345096349716,0.02124965377151966,-0.36709532141685486,-0.3181587755680084,-0.31202223896980286,0.15215462446212769,0.3944152891635895,-0.6823577284812927,0.9623037576675415,-0.4314076602458954,-0.399578720331192,0.951504111289978,-0.6018771529197693,0.5981109738349915,"[0.7034755945205688, 0.055809345096349716, 0.02124965377151966, 0.3091488480567932, -0.23246097564697266, 0.02043880708515644, -0.033996447920799255, -0.020216280594468117, -0.9992173910140991, 0.699999988079071, 0.0, 0.0, -0.36709532141685486, -0.3181587755680084, -0.31202223896980286, 0.15215462446212769, -0.005584716796875, -0.28235772252082825, 0.5623037815093994, -0.03140765428543091, 0.40042129158973694, 0.15150409936904907, 5.9604644775390625e-06, -0.2018890380859375, -0.32310786843299866, -0.5228765606880188, -3.127401828765869, -0.3307444155216217, 0.5158085823059082, -0.9010992050170898, 0.8967291712760925, 0.9868872761726379, 1.3426352739334106, 0.17209269106388092, -0.0017775222659111023, 0.5809853672981262, -0.47403404116630554, -0.5959555506706238, -1.349304437637329, 0.391802579164505, -0.18987023830413818, -0.721799373626709, 1.63271963596344, 0.44485756754875183, 1.5119805335998535, 0.30779507756233215, -3.455303430557251, -1.0314536094665527, 1.0, 1.0, 1.0, 1.0, 1.0, 1.0, 1.0, 1.0, 1.0, 1.0, 0.0, 1.0]"
377,4.133892070967704e-05,0.0,307.6755065917969,0.0,0.0,0.0,0.0,0.0,0.0,4.073011950822547e-05,0.0,303.14434814453125,0.7226595878601074,0.06152268126606941,0.04750048741698265,-0.3724498450756073,-0.32567229866981506,-0.37798330187797546,0.14629416167736053,0.3994084298610687,-0.695510983467102,0.985967218875885,-0.40508928894996643,-0.36314070224761963,0.9423356652259827,-0.6018775105476379,0.6017328500747681,"[0.7226595878601074, 0.06152268126606941, 0.04750048741698265, 0.200650155544281, -0.2670079469680786, 0.032959241420030594, -0.039102181792259216, -0.025175897404551506, -0.9989182353019714, 0.699999988079071, 0.0, 0.0, -0.3724498450756073, -0.32567229866981506, -0.37798330187797546, 0.14629416167736053, -0.000591576099395752, -0.2955109775066376, 0.5859671831130981, -0.005089282989501953, 0.4368593096733093, 0.1423356533050537, 5.602836608886719e-06, -0.1982671618461609, -0.21516115963459015, -0.2603936493396759, -3.3499252796173096, -0.22950980067253113, 0.23781362175941467, -0.45148491859436035, 1.3079931735992432, 1.2764995098114014, 1.8960915803909302, -1.0687662363052368, -0.0020062923431396484, 0.21877636015415192, -0.5087566375732422, -0.5753025412559509, -1.4576570987701416, 0.4047454297542572, -0.28357774019241333, -0.6749975681304932, 1.638581395149231, 0.4676712453365326, 1.6052460670471191, 0.1537938416004181, -3.4240994453430176, -1.0982306003570557, 1.0, 1.0, 1.0, 1.0, 1.0, 1.0, 1.0, 1.0, 1.0, 1.0, 0.0, 1.0]"
378,4.2319759813835844e-05,0.0,314.97564697265625,0.0,0.0,0.0,0.0,0.0,0.0,3.830297646345571e-05,0.0,285.0796813964844,0.7417333722114563,0.06423752009868622,0.07889508455991745,-0.37466806173324585,-0.3256216049194336,-0.4459924101829529,0.14335176348686218,0.39827337861061096,-0.6975048780441284,1.0145790576934814,-0.37235185503959656,-0.31478288769721985,0.9033634066581726,-0.6018779277801514,0.5967365503311157,"[0.7417333722114563, 0.06423752009868622, 0.07889508455991745, 0.024491431191563606, -0.3046525716781616, 0.03990478068590164, -0.04488679766654968, -0.026999574154615402, -0.998627245426178, 0.699999988079071, 0.0, 0.0, -0.37466806173324585, -0.3256216049194336, -0.4459924101829529, 0.14335176348686218, -0.0017266273498535156, -0.29750487208366394, 0.6145790815353394, 0.02764815092086792, 0.4852171242237091, 0.10336339473724365, 5.185604095458984e-06, -0.20326346158981323, -0.03491707518696785, 0.18626214563846588, -3.402021646499634, -0.060888152569532394, -0.09017893671989441, 0.2111753225326538, 1.4423854351043701, 1.6299360990524292, 2.5361859798431396, -2.8598482608795166, -0.015047124586999416, -0.2642267942428589, -0.5243871212005615, -0.5357144474983215, -1.563368320465088, 0.4968401789665222, -0.44490182399749756, -0.5333698987960815, 1.5795820951461792, 0.45176222920417786, 1.7414146661758423, -0.1267843246459961, -3.2975411415100098, -1.1390633583068848, 1.0, 1.0, 1.0, 1.0, 1.0, 1.0, 1.0, 1.0, 1.0, 1.0, 0.0, 1.0]"
379,4.053031443618238e-05,0.0,301.6572570800781,0.0,0.0,0.0,0.0,0.0,0.0,2.5180026568705216e-05,0.0,187.40878295898438,0.7530102729797363,0.062350042164325714,0.09771671891212463,-0.37282782793045044,-0.3151707947254181,-0.5145965814590454,0.1443285197019577,0.3889312148094177,-0.6820740103721619,1.0408062934875488,-0.33388468623161316,-0.250411719083786,0.8270313143730164,-0.6018809080123901,0.5846161246299744,"[0.7530102729797363, 0.062350042164325714, 0.09771671891212463, -0.14711153507232666, -0.39619114995002747, 0.04710451886057854, -0.05188276246190071, -0.024846497923135757, -0.9983441829681396, 0.699999988079071, 0.0, 0.0, -0.37282782793045044, -0.3151707947254181, -0.5145965814590454, 0.1443285197019577, -0.011068791151046753, -0.2820740044116974, 0.6408063173294067, 0.06611531972885132, 0.5495883226394653, 0.027031302452087402, 2.205371856689453e-06, -0.2153838872909546, 0.15067146718502045, 0.740786075592041, -3.4417710304260254, 0.11624100804328918, -0.5768494606018066, 1.313855528831482, 1.1751493215560913, 1.9246811866760254, 3.509284734725952, -5.0357770919799805, -0.01712452806532383, -0.5697986483573914, -0.5729489326477051, -0.5202152729034424, -1.5256965160369873, 0.6799368858337402, -0.6179277896881104, -0.056275516748428345, 1.4121649265289307, 0.11160334944725037, 1.7337429523468018, -0.7380464673042297, -2.9488134384155273, -0.9319717288017273, 1.0, 1.0, 1.0, 1.0, 1.0, 1.0, 1.0, 1.0, 1.0, 1.0, 0.0, 1.0]"
380,0.0,0.0,0.0,0.0,0.0,0.0,0.0,0.0,0.0,5.752723382101976e-07,0.0,4.281611442565918,0.7392170429229736,0.04203425720334053,-0.006535815075039864,-0.36503294110298157,-0.2904280126094818,-0.5774134397506714,0.15330182015895844,0.3725863993167877,-0.6386581659317017,1.057847023010254,-0.29913845658302307,-0.2030954509973526,0.7109301686286926,-0.6018832921981812,0.5769699215888977,"[0.7392170429229736, 0.04203425720334053, -0.006535815075039864, -0.6506100296974182, -0.38994261622428894, 0.030755968764424324, -0.060470376163721085, -0.016878433525562286, -0.9980270862579346, 0.699999988079071, 0.0, 0.0, -0.36503294110298157, -0.2904280126094818, -0.5774134397506714, 0.15330182015895844, -0.027413606643676758, -0.23865815997123718, 0.6578470468521118, 0.1008615493774414, 0.5969045758247375, -0.08906984329223633, -1.7881393432617188e-07, -0.22303009033203125, 0.5956212878227234, 1.638850450515747, -2.748509168624878, 0.8756635785102844, -0.7005502581596375, 2.6894898414611816, 0.6579965353012085, 1.2919410467147827, -1.1131486892700195, -6.238834381103516, 0.00020681673777289689, -0.15453335642814636, -1.0448236465454102, -0.44131430983543396, -1.1126636266708374, 0.5006545782089233, -0.5186505317687988, 0.6120994091033936, 1.1741713285446167, -0.8523679971694946, 0.4996224045753479, -1.2923283576965332, -2.488327980041504, -0.14583203196525574, 1.0, 1.0, 1.0, 1.0, 1.0, 1.0, 1.0, 1.0, 1.0, 1.0, 0.0, 1.0]"
381,0.0,0.0,0.0,0.0001721151638776064,0.0,1281.0111083984375,0.0,0.0,0.0,0.0,0.0,0.0,0.6385291814804077,0.041079647839069366,-0.06910409033298492,-0.36066797375679016,-0.2616305351257324,-0.6112517714500427,0.18082575500011444,0.3516233563423157,-0.5821276903152466,1.067029595375061,-0.31707707047462463,-0.2969571650028229,0.6152629256248474,-0.6019424200057983,0.6391289830207825,"[0.6385291814804077, 0.041079647839069366, -0.06910409033298492, -0.48017916083335876, -0.020482279360294342, 0.07823620736598969, -0.0659630075097084, -0.0032031547743827105, -0.9978168606758118, 0.699999988079071, 0.0, 0.0, -0.36066797375679016, -0.2616305351257324, -0.6112517714500427, 0.18082575500011444, -0.048376649618148804, -0.1821276843547821, 0.667029619216919, 0.08292293548583984, 0.5030428171157837, -0.18473708629608154, -5.930662155151367e-05, -0.16087102890014648, -0.2754741907119751, 0.33898717164993286, 0.19413992762565613, 1.5402519702911377, -1.943789005279541, -0.9747874140739441, 0.7437276244163513, -2.5387766361236572, -4.1324334144592285, 2.558534622192383, 0.02344009280204773, 5.44698429107666, -0.9390370845794678, -0.20187512040138245, -0.5484310984611511, -0.07082411646842957, -0.5015143156051636, 0.7974518537521362, 1.0822817087173462, -1.454298973083496, -0.10881063342094421, -1.1334450244903564, -2.4147212505340576, 0.48055699467658997, 1.0, 1.0, 1.0, 1.0, 1.0, 1.0, 1.0, 1.0, 1.0, 1.0, 0.0, 1.0]"
382,0.0,0.0,0.0,5.410063749877736e-05,0.0,402.6578369140625,0.0,0.0,0.0,0.0,0.0,0.0,0.6337903738021851,0.05777280405163765,-0.09904247522354126,-0.3864097595214844,-0.2676602900028229,-0.5972517132759094,0.1892225295305252,0.30749696493148804,-0.5711305141448975,1.0782021284103394,-0.4032994210720062,-0.4172016680240631,0.6214186549186707,-0.6018838882446289,0.7510753870010376,"[0.6337903738021851, 0.05777280405163765, -0.09904247522354126, 0.4046860635280609, 0.44014972448349, -0.05429206043481827, -0.06073595583438873, -0.007259557954967022, -0.998127818107605, 0.699999988079071, 0.0, 0.0, -0.3864097595214844, -0.2676602900028229, -0.5972517132759094, 0.1892225295305252, -0.09250304102897644, -0.17113050818443298, 0.6782021522521973, -0.003299415111541748, 0.38279834389686584, -0.1785813570022583, -7.748603820800781e-07, -0.04892462491989136, -1.5552833080291748, -0.5296043753623962, 1.4538064002990723, -0.08417174220085144, -2.1952388286590576, 0.7337677478790283, 0.4706612229347229, -4.872747421264648, -7.324371814727783, -0.18568210303783417, 0.007309875451028347, 4.009657382965088, -0.6423559784889221, 0.2144681215286255, -0.2530645728111267, -0.02394154667854309, -0.17264562845230103, 0.6213237047195435, 1.0865265130996704, -0.6106159687042236, 0.195872962474823, -0.823331356048584, -2.223914384841919, 0.08662938326597214, 1.0, 1.0, 1.0, 1.0, 1.0, 1.0, 1.0, 1.0, 1.0, 1.0, 0.0, 1.0]"
383,0.0,0.0,0.0,4.5506290916819125e-05,0.0,338.69219970703125,0.0,0.0,0.0,0.0,0.0,0.0,0.6688767075538635,0.008474531583487988,-0.08809620887041092,-0.3950863182544708,-0.26712536811828613,-0.5167917609214783,0.18887679278850555,0.25941401720046997,-0.554923415184021,1.0855004787445068,-0.4927099943161011,-0.47820526361465454,0.6098555326461792,-0.601886510848999,0.758597195148468,"[0.6688767075538635, 0.008474531583487988, -0.08809620887041092, -0.43379274010658264, 0.6684148907661438, -0.0898822769522667, -0.04882583022117615, -0.005738527979701757, -0.9987909197807312, 0.699999988079071, 0.0, 0.0, -0.3950863182544708, -0.26712536811828613, -0.5167917609214783, 0.18887679278850555, -0.1405859887599945, -0.15492340922355652, 0.6855005025863647, -0.0927099883556366, 0.3217947483062744, -0.19014447927474976, -3.3974647521972656e-06, -0.04140281677246094, 0.5329883098602295, 0.2644112706184387, 5.448686122894287, 0.11801540851593018, -2.5750739574432373, 0.5017395615577698, 0.26419833302497864, -3.925037384033203, 1.2005345821380615, 0.0374419242143631, 0.012525016441941261, -1.702901840209961, 0.12733498215675354, -0.2585223615169525, -0.35136523842811584, 0.1993160843849182, 0.04037505388259888, 0.38994088768959045, 1.3122550249099731, -0.13138172030448914, 1.2380014657974243, -0.8616505265235901, -2.129943370819092, -0.46067872643470764, 1.0, 1.0, 1.0, 1.0, 1.0, 1.0, 1.0, 1.0, 1.0, 1.0, 0.0, 1.0]"
384,0.0,0.0,0.0,3.223832754883915e-05,0.0,239.94198608398438,0.0,0.0,0.0,0.0,0.0,0.0,0.7377199530601501,-0.04307474568486214,-0.16487838327884674,-0.35493889451026917,-0.2527795135974884,-0.39869359135627747,0.1920710802078247,0.222804993391037,-0.5449629426002502,1.0832117795944214,-0.5452296137809753,-0.4135241210460663,0.6064664721488953,-0.6018884778022766,0.6840589046478271,"[0.7377199530601501, -0.04307474568486214, -0.16487838327884674, -0.8982551693916321, 0.8444644212722778, -0.20274174213409424, -0.033579517155885696, 0.009522621519863605, -0.999390721321106, 0.699999988079071, 0.0, 0.0, -0.35493889451026917, -0.2527795135974884, -0.39869359135627747, 0.1920710802078247, -0.1771950125694275, -0.14496293663978577, 0.6832118034362793, -0.14522960782051086, 0.38647589087486267, -0.1935335397720337, -5.364418029785156e-06, -0.1159411072731018, 2.7963249683380127, 0.8479633331298828, 5.918524742126465, 0.22989389300346375, -1.431326150894165, 0.26534178853034973, -0.30404677987098694, -1.781334638595581, 4.106202602386475, 0.10962215065956116, 0.005670859012752771, -4.887813568115234, 0.08411160111427307, -0.3263050615787506, -0.45143330097198486, 0.592759370803833, -0.30413639545440674, 0.08556482195854187, 1.3510892391204834, 0.25253167748451233, 1.4267301559448242, -0.8708166480064392, -2.300877332687378, -0.688754677772522, 1.0, 1.0, 1.0, 1.0, 1.0, 1.0, 1.0, 1.0, 1.0, 1.0, 0.0, 1.0]"
385,0.00012754803174175322,0.0,949.3087768554688,1.5324141713790596e-05,0.0,114.0538330078125,0.0,0.0,0.0,0.0,0.0,0.0,0.7808361649513245,-0.0279618501663208,-0.0630197748541832,-0.3251941204071045,-0.24632707238197327,-0.29982757568359375,0.18906660377979279,0.2327764630317688,-0.5327000617980957,1.0723931789398193,-0.5523152351379395,-0.3996337354183197,0.60596764087677,-0.6017823815345764,0.5823602080345154,"[0.7808361649513245, -0.0279618501663208, -0.0630197748541832, 0.7202984690666199, 0.09400434046983719, -0.20671527087688446, -0.0205998532474041, 0.016632406041026115, -0.9996497631072998, 0.699999988079071, 0.0, 0.0, -0.3251941204071045, -0.24632707238197327, -0.29982757568359375, 0.18906660377979279, -0.16722354292869568, -0.13270005583763123, 0.6723932027816772, -0.15231522917747498, 0.40036627650260925, -0.19403237104415894, 0.00010073184967041016, -0.21763980388641357, -0.7451931238174438, -0.7570220232009888, 3.9183526039123535, -1.2314320802688599, 4.161041259765625, 1.3193268775939941, -0.6308104991912842, 0.6991214752197266, -5.2772040367126465, -0.19500765204429626, -0.013997508212924004, -4.765402317047119, -0.13559040427207947, -0.3341624438762665, -0.4371550977230072, 0.685178279876709, -0.4138396978378296, -0.35194194316864014, 1.333398699760437, 0.5454756021499634, 1.5398520231246948, -0.6278234720230103, -2.383317708969116, -0.9149272441864014, 1.0, 1.0, 1.0, 1.0, 1.0, 1.0, 1.0, 1.0, 1.0, 1.0, 0.0, 1.0]"
386,7.794326666044071e-05,0.0,580.1126708984375,0.0,0.0,0.0,0.0,0.0,0.0,6.147159001557156e-05,0.0,457.51800537109375,0.6953490376472473,-0.053858380764722824,-0.03228515014052391,-0.33011797070503235,-0.2541898787021637,-0.22382314503192902,0.18169806897640228,0.27057918906211853,-0.5147185325622559,1.0498340129852295,-0.5298128128051758,-0.4227922856807709,0.616504430770874,-0.60181725025177,0.5383540987968445,"[0.6953490376472473, -0.053858380764722824, -0.03228515014052391, 0.09772065281867981, -0.19190089404582977, -0.12573879957199097, -0.02259065955877304, 0.008738521486520767, -0.999706506729126, 0.699999988079071, 0.0, 0.0, -0.33011797070503235, -0.2541898787021637, -0.22382314503192902, 0.18169806897640228, -0.12942081689834595, -0.11471852660179138, 0.6498340368270874, -0.1298128068447113, 0.3772077262401581, -0.18349558115005493, 6.586313247680664e-05, -0.2616459131240845, 0.07436580955982208, -0.17488369345664978, 3.8028383255004883, -0.0302836075425148, 1.7906975746154785, 0.602809727191925, -1.5752307176589966, -0.02910059317946434, -0.8505419492721558, 0.8103770017623901, -0.008251143619418144, 2.0288100242614746, -0.43064501881599426, -0.6363083124160767, -0.5431269407272339, 0.5436994433403015, 0.14686858654022217, -0.5425490140914917, 1.3116246461868286, 0.44627735018730164, 1.3492354154586792, 0.1844104826450348, -2.531888246536255, -1.1226261854171753, 1.0, 1.0, 1.0, 1.0, 1.0, 1.0, 1.0, 1.0, 1.0, 1.0, 0.0, 1.0]"
387,3.386434036656283e-05,0.0,252.04400634765625,0.0,0.0,0.0,0.0,0.0,0.0,5.6017837778199464e-05,0.0,416.92706298828125,0.6661766171455383,-0.011624281294643879,-0.008169280365109444,-0.32824814319610596,-0.26725009083747864,-0.17055979371070862,0.18110619485378265,0.2993195056915283,-0.523664116859436,1.0083972215652466,-0.5172325372695923,-0.4297521710395813,0.6990418434143066,-0.6018734574317932,0.5573778748512268,"[0.6661766171455383, -0.011624281294643879, -0.008169280365109444, 0.06469652056694031, -0.10528725385665894, -0.11245036870241165, -0.026203462854027748, 0.0077243163250386715, -0.9996267557144165, 0.699999988079071, 0.0, 0.0, -0.32824814319610596, -0.26725009083747864, -0.17055979371070862, 0.18110619485378265, -0.10068050026893616, -0.12366411089897156, 0.6083972454071045, -0.11723253130912781, 0.37024784088134766, -0.10095816850662231, 9.655952453613281e-06, -0.24262213706970215, 0.0452301949262619, -0.97593754529953, 1.8105093240737915, -0.08436331897974014, 1.3216638565063477, -1.004838228225708, -2.256558418273926, 0.6017314195632935, -0.2872842848300934, 5.503689289093018, -0.0010934937745332718, 0.831578254699707, -0.5660145878791809, -0.297354131937027, -0.875785768032074, 0.40978267788887024, 0.14942800998687744, -0.8350968360900879, 1.5672086477279663, 0.4325468838214874, 1.4195215702056885, 0.4381381571292877, -2.9474289417266846, -0.9804009795188904, 1.0, 1.0, 1.0, 1.0, 1.0, 1.0, 1.0, 1.0, 1.0, 1.0, 0.0, 1.0]"
388,3.337074303999543e-05,0.0,248.37026977539062,0.0,0.0,0.0,0.0,0.0,0.0,4.5101562136551365e-05,0.0,335.6799011230469,0.6734423637390137,0.016656147316098213,-0.028482336550951004,-0.3318721055984497,-0.2875557541847229,-0.16129928827285767,0.17601057887077332,0.32596808671951294,-0.5522074103355408,0.9699363708496094,-0.5025801658630371,-0.43917566537857056,0.7974580526351929,-0.6018768548965454,0.5679909586906433,"[0.6734423637390137, 0.016656147316098213, -0.028482336550951004, 0.24460454285144806, 0.016637597233057022, -0.05378662049770355, -0.02650904282927513, 0.003213589545339346, -0.9996433258056641, 0.699999988079071, 0.0, 0.0, -0.3318721055984497, -0.2875557541847229, -0.16129928827285767, 0.17601057887077332, -0.07403191924095154, -0.1522074043750763, 0.5699363946914673, -0.10258015990257263, 0.3608243465423584, -0.002541959285736084, 6.258487701416016e-06, -0.23200905323028564, -0.23913919925689697, -0.8431290984153748, -0.11473038792610168, -0.2751544713973999, 1.3892099857330322, -1.6130876541137695, -1.6298253536224365, 0.5624269247055054, -0.6141083836555481, 4.395461082458496, -0.0006732344627380371, 0.7441731095314026, -0.32557347416877747, -0.40451398491859436, -0.9149149656295776, 0.39293941855430603, 0.046413958072662354, -0.7416578531265259, 1.5501912832260132, 0.3757915198802948, 1.3714483976364136, 0.4555319845676422, -3.1581459045410156, -0.9901304841041565, 1.0, 1.0, 1.0, 1.0, 1.0, 1.0, 1.0, 1.0, 1.0, 1.0, 0.0, 1.0]"
389,4.187063314020634e-05,0.0,311.6329040527344,0.0,0.0,0.0,0.0,0.0,0.0,4.123765756958164e-05,0.0,306.92181396484375,0.6774453520774841,0.021847587078809738,-0.03402063623070717,-0.33655330538749695,-0.29575619101524353,-0.1752006560564041,0.1715719848871231,0.3522273302078247,-0.5876634120941162,0.9490872025489807,-0.4876798987388611,-0.4476388990879059,0.8731976747512817,-0.6018754243850708,0.579694390296936,"[0.6774453520774841, 0.021847587078809738, -0.03402063623070717, 0.2000880390405655, -0.05870119109749794, -0.002301989123225212, -0.027018271386623383, -0.0010201737750321627, -0.9996343851089478, 0.699999988079071, 0.0, 0.0, -0.33655330538749695, -0.29575619101524353, -0.1752006560564041, 0.1715719848871231, -0.04777267575263977, -0.18766340613365173, 0.5490871667861938, -0.0876798927783966, 0.35236111283302307, 0.07319766283035278, 7.68899917602539e-06, -0.22030562162399292, -0.2281021922826767, -0.2383565455675125, -1.0165549516677856, -0.2024966925382614, 1.3598355054855347, -1.7947977781295776, -0.7490037083625793, 0.5958499908447266, -0.42247849702835083, 3.2850353717803955, -0.0011797435581684113, 0.8652346730232239, -0.35021916031837463, -0.5182856917381287, -1.004642128944397, 0.43130239844322205, -0.05703175067901611, -0.7387909889221191, 1.5339311361312866, 0.3587968051433563, 1.3633774518966675, 0.47486743330955505, -3.2787046432495117, -0.9511308670043945, 1.0, 1.0, 1.0, 1.0, 1.0, 1.0, 1.0, 1.0, 1.0, 1.0, 0.0, 1.0]"
390,4.233751315041445e-05,0.0,315.1077880859375,0.0,0.0,0.0,0.0,0.0,0.0,4.2632796976249665e-05,0.0,317.30548095703125,0.6792815327644348,0.03614756464958191,-0.01886812038719654,-0.3424914479255676,-0.30104783177375793,-0.20849189162254333,0.1660773903131485,0.3736095130443573,-0.6220712661743164,0.9421252012252808,-0.47181788086891174,-0.4449700117111206,0.9197862148284912,-0.601875901222229,0.5931867957115173,"[0.6792815327644348, 0.03614756464958191, -0.01886812038719654, 0.30618712306022644, -0.1361263394355774, 0.006355584133416414, -0.02920430712401867, -0.006353806704282761, -0.9995535612106323, 0.699999988079071, 0.0, 0.0, -0.3424914479255676, -0.30104783177375793, -0.20849189162254333, 0.1660773903131485, -0.026390492916107178, -0.22207126021385193, 0.5421252250671387, -0.07181787490844727, 0.35503000020980835, 0.11978620290756226, 7.212162017822266e-06, -0.20681321620941162, -0.3290519118309021, -0.362155020236969, -2.017209768295288, -0.3157293200492859, 1.06707763671875, -1.6485612392425537, -0.14931648969650269, 0.6430762410163879, 0.2130514681339264, 1.858715534210205, -0.0016196295619010925, 0.940193772315979, -0.3616746962070465, -0.5935938954353333, -1.1128184795379639, 0.42160919308662415, -0.08347654342651367, -0.7280550003051758, 1.5699185132980347, 0.41825851798057556, 1.384029746055603, 0.46121945977211, -3.3781886100769043, -0.9569274187088013, 1.0, 1.0, 1.0, 1.0, 1.0, 1.0, 1.0, 1.0, 1.0, 1.0, 0.0, 1.0]"
391,4.0974879084387794e-05,0.0,304.9660339355469,0.0,0.0,0.0,0.0,0.0,0.0,4.412807174958289e-05,0.0,328.4344787597656,0.6909297704696655,0.050206508487463,0.001980413682758808,-0.34949374198913574,-0.31108760833740234,-0.25774553418159485,0.15906164050102234,0.3894103169441223,-0.6525394320487976,0.9466092586517334,-0.4532790184020996,-0.4305587112903595,0.9482188820838928,-0.6018766164779663,0.6048978567123413,"[0.6909297704696655, 0.050206508487463, 0.001980413682758808, 0.3153832256793976, -0.18206630647182465, 0.00896449200809002, -0.03255385905504227, -0.01280815526843071, -0.9993882179260254, 0.699999988079071, 0.0, 0.0, -0.34949374198913574, -0.31108760833740234, -0.25774553418159485, 0.15906164050102234, -0.010589689016342163, -0.25253942608833313, 0.5466092824935913, -0.05327901244163513, 0.36944130063056946, 0.14821887016296387, 6.496906280517578e-06, -0.19510215520858765, -0.33796095848083496, -0.5672539472579956, -2.663989305496216, -0.34484097361564636, 0.7991275787353516, -1.4049512147903442, 0.4287491738796234, 0.801511824131012, 0.7649357914924622, 1.0382412672042847, -0.0015619471669197083, 0.7979675531387329, -0.421124130487442, -0.6058028340339661, -1.2500133514404297, 0.41942963004112244, -0.13864058256149292, -0.7431365847587585, 1.6095141172409058, 0.43551698327064514, 1.4382590055465698, 0.40525346994400024, -3.439635992050171, -0.9866544008255005, 1.0, 1.0, 1.0, 1.0, 1.0, 1.0, 1.0, 1.0, 1.0, 1.0, 0.0, 1.0]"
392,4.159583113505505e-05,0.0,309.5876159667969,0.0,0.0,0.0,0.0,0.0,0.0,4.41191004938446e-05,0.0,328.36767578125,0.7083715200424194,0.05946112796664238,0.026170777156949043,-0.3560783863067627,-0.32236072421073914,-0.3171605169773102,0.15217873454093933,0.40011757612228394,-0.6767361760139465,0.96254563331604,-0.4304622411727905,-0.4056362509727478,0.9582754373550415,-0.6018770337104797,0.611967921257019,"[0.7083715200424194, 0.05946112796664238, 0.026170777156949043, 0.2784110903739929, -0.22046318650245667, 0.02099740132689476, -0.036707986146211624, -0.018821559846401215, -0.9991489052772522, 0.699999988079071, 0.0, 0.0, -0.3560783863067627, -0.32236072421073914, -0.3171605169773102, 0.15217873454093933, 0.00011757016181945801, -0.27673617005348206, 0.562545657157898, -0.03046223521232605, 0.39436376094818115, 0.15827542543411255, 6.079673767089844e-06, -0.1880320906639099, -0.30253875255584717, -0.5321140289306641, -3.1025285720825195, -0.31860893964767456, 0.5315108299255371, -1.0555284023284912, 0.9788569211959839, 1.0281314849853516, 1.308257818222046, 0.06538090109825134, -0.001635335385799408, 0.5464169979095459, -0.47068119049072266, -0.591171145439148, -1.3481851816177368, 0.3890734016895294, -0.2017441987991333, -0.7270954847335815, 1.6299010515213013, 0.44763419032096863, 1.5021926164627075, 0.3074072301387787, -3.4455950260162354, -1.040631890296936, 1.0, 1.0, 1.0, 1.0, 1.0, 1.0, 1.0, 1.0, 1.0, 1.0, 0.0, 1.0]"
393,4.1830993723124266e-05,0.0,311.337890625,0.0,0.0,0.0,0.0,0.0,0.0,4.3318490497767925e-05,0.0,322.408935546875,0.7275524139404297,0.0640096366405487,0.05496497079730034,-0.3611252009868622,-0.3295869529247284,-0.3825856149196625,0.14665143191814423,0.4051699638366699,-0.6926400065422058,0.9875317811965942,-0.4023708403110504,-0.3694208562374115,0.9462065696716309,-0.6018772721290588,0.6126390099525452,"[0.7275524139404297, 0.0640096366405487, 0.05496497079730034, 0.17561914026737213, -0.2556261420249939, 0.03192849084734917, -0.041606634855270386, -0.023312170058488846, -0.9988622069358826, 0.699999988079071, 0.0, 0.0, -0.3611252009868622, -0.3295869529247284, -0.3825856149196625, 0.14665143191814423, 0.005169957876205444, -0.29264000058174133, 0.5875318050384521, -0.0023708343505859375, 0.43057915568351746, 0.1462065577507019, 5.841255187988281e-06, -0.1873610019683838, -0.1966673582792282, -0.22884222865104675, -3.3145105838775635, -0.2228550761938095, 0.24412885308265686, -0.5787675976753235, 1.358202576637268, 1.3242063522338867, 1.8783891201019287, -1.2471462488174438, -0.0019547678530216217, 0.16982580721378326, -0.5053144097328186, -0.5736467242240906, -1.4593957662582397, 0.41374412178993225, -0.29870903491973877, -0.6759949922561646, 1.63106369972229, 0.4697878658771515, 1.5997716188430786, 0.14538785815238953, -3.40962815284729, -1.1091034412384033, 1.0, 1.0, 1.0, 1.0, 1.0, 1.0, 1.0, 1.0, 1.0, 1.0, 0.0, 1.0]"
394,4.2540181311778724e-05,0.0,316.6161804199219,0.0,0.0,0.0,0.0,0.0,0.0,4.015750528196804e-05,0.0,298.8824768066406,0.7461456656455994,0.06580635905265808,0.08765723556280136,-0.36310768127441406,-0.32862481474876404,-0.450143963098526,0.1439368575811386,0.40383464097976685,-0.6968019008636475,1.016603946685791,-0.3678722381591797,-0.3208741545677185,0.9033019542694092,-0.601877748966217,0.6046261787414551,"[0.7461456656455994, 0.06580635905265808, 0.08765723556280136, 0.009838414378464222, -0.29410529136657715, 0.03866654634475708, -0.04718844220042229, -0.024799758568406105, -0.9985781908035278, 0.699999988079071, 0.0, 0.0, -0.36310768127441406, -0.32862481474876404, -0.450143963098526, 0.1439368575811386, 0.003834635019302368, -0.296801894903183, 0.6166039705276489, 0.03212776780128479, 0.47912585735321045, 0.10330194234848022, 5.364418029785156e-06, -0.19537383317947388, -0.02399950474500656, 0.24065862596035004, -3.388038396835327, -0.06368345022201538, -0.10118943452835083, 0.1262912154197693, 1.4405252933502197, 1.6775503158569336, 2.5463500022888184, -3.121021032333374, -0.014551529660820961, -0.3136223554611206, -0.5161072611808777, -0.5394334197044373, -1.5697575807571411, 0.5320711135864258, -0.4672394394874573, -0.5166376829147339, 1.5591460466384888, 0.4559563100337982, 1.7462080717086792, -0.1639426052570343, -3.269685983657837, -1.1442850828170776, 1.0, 1.0, 1.0, 1.0, 1.0, 1.0, 1.0, 1.0, 1.0, 1.0, 0.0, 1.0]"
395,4.02223777200561e-05,0.0,299.36529541015625,0.0,0.0,0.0,0.0,0.0,0.0,2.4475351892760955e-05,0.0,182.16407775878906,0.756244957447052,0.06276439130306244,0.10463182628154755,-0.3611691892147064,-0.3171253800392151,-0.5189594626426697,0.1449933648109436,0.3940243721008301,-0.6822481155395508,1.0419456958770752,-0.3278869390487671,-0.25576382875442505,0.8226227760314941,-0.6018812656402588,0.5900077223777771,"[0.756244957447052, 0.06276439130306244, 0.10463182628154755, -0.14673930406570435, -0.39534813165664673, 0.046158164739608765, -0.054080456495285034, -0.022502455860376358, -0.9982832670211792, 0.699999988079071, 0.0, 0.0, -0.3611691892147064, -0.3171253800392151, -0.5189594626426697, 0.1449933648109436, -0.005975633859634399, -0.2822481095790863, 0.6419457197189331, 0.07211306691169739, 0.5442361831665039, 0.022622764110565186, 1.8477439880371094e-06, -0.20999228954315186, 0.14864219725131989, 0.7827940583229065, -3.463777780532837, 0.10342186689376831, -0.605147659778595, 1.3011757135391235, 1.1072120666503906, 1.983248233795166, 3.5588417053222656, -5.213783264160156, -0.017173700034618378, -0.6354655623435974, -0.5722669959068298, -0.539088785648346, -1.5116652250289917, 0.711819052696228, -0.6274014115333557, 0.005099445581436157, 1.3875850439071655, 0.06752040982246399, 1.6907577514648438, -0.8294901847839355, -2.8946638107299805, -0.8960667252540588, 1.0, 1.0, 1.0, 1.0, 1.0, 1.0, 1.0, 1.0, 1.0, 1.0, 0.0, 1.0]"
396,0.0,0.0,0.0,0.0,0.0,0.0,0.0,0.0,0.0,8.082838576228824e-07,0.0,6.0158586502075195,0.7401310801506042,0.04165086895227432,-0.005860261619091034,-0.35405319929122925,-0.2917250394821167,-0.5815972685813904,0.15450960397720337,0.3788078725337982,-0.6375126242637634,1.0574238300323486,-0.29352879524230957,-0.21862824261188507,0.6997256278991699,-0.6018832921981812,0.5822701454162598,"[0.7401310801506042, 0.04165086895227432, -0.005860261619091034, -0.6357638835906982, -0.38881757855415344, 0.02474278211593628, -0.06265284866094589, -0.014721697196364403, -0.9979265928268433, 0.699999988079071, 0.0, 0.0, -0.35405319929122925, -0.2917250394821167, -0.5815972685813904, 0.15450960397720337, -0.02119213342666626, -0.23751261830329895, 0.6574238538742065, 0.10647121071815491, 0.5813717842102051, -0.10027438402175903, -1.7881393432617188e-07, -0.2177298665046692, 0.5132449269294739, 1.6562222242355347, -2.6992602348327637, 0.9462071657180786, -0.5467994809150696, 2.7780704498291016, 0.5805781483650208, 1.1452118158340454, -2.3625969886779785, -6.5484113693237305, 0.00020512958872132003, 0.15975753962993622, -1.1146374940872192, -0.42735907435417175, -1.064213514328003, 0.4575347900390625, -0.49181902408599854, 0.6218607425689697, 1.1460915803909302, -0.9644222259521484, 0.3286122679710388, -1.268430471420288, -2.472421407699585, -0.08702526241540909, 1.0, 1.0, 1.0, 1.0, 1.0, 1.0, 1.0, 1.0, 1.0, 1.0, 0.0, 1.0]"
397,0.0,0.0,0.0,8.987190813058987e-05,0.0,668.8946533203125,0.0,0.0,0.0,0.0,0.0,0.0,0.6401429176330566,0.04814168065786362,-0.06591972708702087,-0.3541073799133301,-0.2691023349761963,-0.6108888387680054,0.18143920600414276,0.35729706287384033,-0.5903207659721375,1.0659548044204712,-0.31705066561698914,-0.3200347125530243,0.626447856426239,-0.6018826961517334,0.6500875949859619,"[0.6401429176330566, 0.04814168065786362, -0.06591972708702087, -0.3832360804080963, -0.02997671626508236, 0.058377984911203384, -0.06759179383516312, -0.0027598119340837, -0.9977093935012817, 0.699999988079071, 0.0, 0.0, -0.3541073799133301, -0.2691023349761963, -0.6108888387680054, 0.18143920600414276, -0.042702943086624146, -0.19032076001167297, 0.6659548282623291, 0.08294934034347534, 0.47996529936790466, -0.17355215549468994, 4.172325134277344e-07, -0.14991241693496704, -0.5285716652870178, 0.19914567470550537, 0.16270603239536285, 1.3858855962753296, -1.9367210865020752, -0.39184725284576416, 0.6227162480354309, -2.783109664916992, -4.137726306915283, 2.397216558456421, 0.02248283661901951, 5.438043117523193, -0.9444918036460876, -0.13606348633766174, -0.5146089792251587, -0.08272922039031982, -0.4882233738899231, 0.7982569932937622, 1.0528818368911743, -1.4412282705307007, -0.07762265205383301, -1.1479382514953613, -2.395541191101074, 0.48581579327583313, 1.0, 1.0, 1.0, 1.0, 1.0, 1.0, 1.0, 1.0, 1.0, 1.0, 0.0, 1.0]"
398,0.0,0.0,0.0,5.5078460718505085e-05,0.0,409.9355163574219,0.0,0.0,0.0,0.0,0.0,0.0,0.6336796283721924,0.05927014723420143,-0.08492632210254669,-0.3844905197620392,-0.2763332426548004,-0.5964162349700928,0.18774855136871338,0.31350821256637573,-0.5752034783363342,1.0742125511169434,-0.40739062428474426,-0.4420923590660095,0.625907838344574,-0.601884126663208,0.7571283578872681,"[0.6336796283721924, 0.05927014723420143, -0.08492632210254669, 0.38062363862991333, 0.44889622926712036, -0.05122044309973717, -0.062078557908535004, -0.00815051980316639, -0.9980376958847046, 0.699999988079071, 0.0, 0.0, -0.3844905197620392, -0.2763332426548004, -0.5964162349700928, 0.18774855136871338, -0.08649179339408875, -0.17520347237586975, 0.6742125749588013, -0.007390618324279785, 0.35790765285491943, -0.17409217357635498, -1.0132789611816406e-06, -0.04287165403366089, -1.6637018918991089, -0.5099703073501587, 1.6632663011550903, -0.07141631841659546, -2.1906518936157227, 0.7895671129226685, 0.349910169839859, -5.036118984222412, -7.204918384552002, -0.2688038945198059, 0.0076920343562960625, 3.763132095336914, -0.5867032408714294, 0.21531876921653748, -0.2768033444881439, -0.022372156381607056, -0.14463335275650024, 0.599441409111023, 1.1304219961166382, -0.608095109462738, 0.2531135678291321, -0.8173092603683472, -2.2188992500305176, 0.0773100033402443, 1.0, 1.0, 1.0, 1.0, 1.0, 1.0, 1.0, 1.0, 1.0, 1.0, 0.0, 1.0]"
399,0.0,0.0,0.0,4.386042201076634e-05,0.0,326.4424133300781,0.0,0.0,0.0,0.0,0.0,0.0,0.6694473028182983,0.005053556989878416,-0.07986390590667725,-0.39167335629463196,-0.273937851190567,-0.5102697014808655,0.18923084437847137,0.2640852630138397,-0.5588873624801636,1.0806236267089844,-0.49871793389320374,-0.48399507999420166,0.6143278479576111,-0.6018862128257751,0.7616788148880005,"[0.6694473028182983, 0.005053556989878416, -0.07986390590667725, -0.5250285863876343, 0.6595624089241028, -0.08896021544933319, -0.05027511343359947, -0.004877320025116205, -0.9987233281135559, 0.699999988079071, 0.0, 0.0, -0.39167335629463196, -0.273937851190567, -0.5102697014808655, 0.18923084437847137, -0.13591474294662476, -0.1588873565196991, 0.6806236505508423, -0.09871792793273926, 0.3160049319267273, -0.18567216396331787, -3.0994415283203125e-06, -0.03832119703292847, 0.6575623750686646, 0.37738412618637085, 5.6740288734436035, 0.20892558991909027, -2.609032154083252, 0.5046843886375427, 0.25925779342651367, -3.990011215209961, 2.0225813388824463, 0.024128466844558716, 0.01194826140999794, -1.833351492881775, 0.17838940024375916, -0.31315848231315613, -0.3834419846534729, 0.22757688164710999, 0.0028887391090393066, 0.364933043718338, 1.3361501693725586, -0.13307815790176392, 1.2775453329086304, -0.8468629121780396, -2.1461918354034424, -0.45770564675331116, 1.0, 1.0, 1.0, 1.0, 1.0, 1.0, 1.0, 1.0, 1.0, 1.0, 0.0, 1.0]"
400,0.0,0.0,0.0,3.1536732421955094e-05,0.0,234.72018432617188,0.0,0.0,0.0,0.0,0.0,0.0,0.7380099892616272,-0.04465519264340401,-0.16389933228492737,-0.3498842716217041,-0.25904470682144165,-0.39206749200820923,0.19314466416835785,0.22683055698871613,-0.5489734411239624,1.079249382019043,-0.5525201559066772,-0.4114252030849457,0.6110414862632751,-0.6018885374069214,0.6854984760284424,"[0.7380099892616272, -0.04465519264340401, -0.16389933228492737, -0.9012198448181152, 0.8478006720542908, -0.2074815183877945, -0.03503250330686569, 0.010877560824155807, -0.9993273019790649, 0.699999988079071, 0.0, 0.0, -0.3498842716217041, -0.25904470682144165, -0.39206749200820923, 0.19314466416835785, -0.17316944897174835, -0.14897343516349792, 0.6792494058609009, -0.15252014994621277, 0.3885748088359833, -0.1889585256576538, -5.424022674560547e-06, -0.11450153589248657, 2.8614718914031982, 0.8529211282730103, 5.868460655212402, 0.26414617896080017, -1.4887762069702148, 0.27720609307289124, -0.2267981916666031, -1.8497271537780762, 4.408308982849121, 0.08101922273635864, 0.005028930027037859, -4.894657611846924, 0.06879624724388123, -0.3279063403606415, -0.4557962119579315, 0.6147069931030273, -0.29820960760116577, 0.08714118599891663, 1.3509331941604614, 0.2600483000278473, 1.4190269708633423, -0.8812693953514099, -2.3123857975006104, -0.673366367816925, 1.0, 1.0, 1.0, 1.0, 1.0, 1.0, 1.0, 1.0, 1.0, 1.0, 0.0, 1.0]"
401,0.0001265230675926432,0.0,941.6802368164062,1.6275793313980103e-05,0.0,121.13674926757812,0.0,0.0,0.0,0.0,0.0,0.0,0.782880961894989,-0.02838342823088169,-0.0586976520717144,-0.32086071372032166,-0.2532712519168854,-0.2960754930973053,0.1906057894229889,0.23674441874027252,-0.5360012054443359,1.0698671340942383,-0.5607825517654419,-0.3978191316127777,0.6091858744621277,-0.601783037185669,0.5848132371902466,"[0.782880961894989, -0.02838342823088169, -0.0586976520717144, 0.7642777562141418, 0.10577747225761414, -0.21201039850711823, -0.02190038375556469, 0.017235741019248962, -0.9996116161346436, 0.699999988079071, 0.0, 0.0, -0.32086071372032166, -0.2532712519168854, -0.2960754930973053, 0.1906057894229889, -0.16325558722019196, -0.13600119948387146, 0.6698671579360962, -0.16078254580497742, 0.40218088030815125, -0.19081413745880127, 0.00010007619857788086, -0.21518677473068237, -0.7900968790054321, -0.7966688275337219, 3.761073350906372, -1.2018768787384033, 4.193247318267822, 1.3681859970092773, -0.5665317177772522, 0.6519819498062134, -5.341807842254639, -0.2875266671180725, -0.01467163860797882, -4.7280592918396, -0.13518550992012024, -0.33138927817344666, -0.43367311358451843, 0.6879106760025024, -0.42005258798599243, -0.3396625816822052, 1.3326822519302368, 0.5312749147415161, 1.5377297401428223, -0.6328747868537903, -2.388475179672241, -0.9029774069786072, 1.0, 1.0, 1.0, 1.0, 1.0, 1.0, 1.0, 1.0, 1.0, 1.0, 0.0, 1.0]"
402,7.69091202528216e-05,0.0,572.4157104492188,0.0,0.0,0.0,0.0,0.0,0.0,8.993074879981577e-05,0.0,669.3325805664062,0.695956289768219,-0.0564526692032814,-0.026861602440476418,-0.32636991143226624,-0.26148512959480286,-0.22237689793109894,0.18399366736412048,0.2735275328159332,-0.5170952081680298,1.0486693382263184,-0.536074697971344,-0.4195023477077484,0.6184670925140381,-0.6018176674842834,0.5356634259223938,"[0.695956289768219, -0.0564526692032814, -0.026861602440476418, 0.07413804531097412, -0.1720653623342514, -0.12959399819374084, -0.023638373240828514, 0.008712559938430786, -0.9996824860572815, 0.699999988079071, 0.0, 0.0, -0.32636991143226624, -0.26148512959480286, -0.22237689793109894, 0.18399366736412048, -0.12647247314453125, -0.11709520220756531, 0.6486693620681763, -0.13607469201087952, 0.38049766421318054, -0.18153291940689087, 6.54458999633789e-05, -0.26433658599853516, 0.1022057980298996, -0.13448990881443024, 3.793830633163452, 0.07114684581756592, 1.7434616088867188, 0.6556687355041504, -1.5352301597595215, -0.2376805692911148, -0.8043156862258911, 0.7602824568748474, -0.008630190044641495, 2.3554086685180664, -0.43339717388153076, -0.6318078637123108, -0.5378006100654602, 0.5516159534454346, 0.15057015419006348, -0.5491968393325806, 1.301998496055603, 0.4276762902736664, 1.344612717628479, 0.18818199634552002, -2.525388717651367, -1.1097233295440674, 1.0, 1.0, 1.0, 1.0, 1.0, 1.0, 1.0, 1.0, 1.0, 1.0, 0.0, 1.0]"
403,3.362492498126812e-05,0.0,250.26210021972656,0.0,0.0,0.0,0.0,0.0,0.0,5.580348442890681e-05,0.0,415.3316955566406,0.6669612526893616,-0.016640009358525276,-0.01009446568787098,-0.3241404891014099,-0.272651344537735,-0.1688510626554489,0.18389707803726196,0.3020593822002411,-0.5246970653533936,1.008170247077942,-0.5244607329368591,-0.42607954144477844,0.6991823315620422,-0.6018733978271484,0.5561941862106323,"[0.6669612526893616, -0.016640009358525276, -0.01009446568787098, 0.04718207195401192, -0.10716523230075836, -0.10882863402366638, -0.027247058227658272, 0.007991443388164043, -0.9995966553688049, 0.699999988079071, 0.0, 0.0, -0.3241404891014099, -0.272651344537735, -0.1688510626554489, 0.18389707803726196, -0.09794062376022339, -0.12469705939292908, 0.6081702709197998, -0.12446072697639465, 0.3739204704761505, -0.10081768035888672, 9.715557098388672e-06, -0.24380582571029663, 0.0646854117512703, -0.864680826663971, 1.831115484237671, -0.05693785101175308, 1.3272415399551392, -0.9580628275871277, -2.2155985832214355, 0.5849764347076416, -0.2932819128036499, 5.501428604125977, -0.0011607836931943893, 0.8651054501533508, -0.5730313658714294, -0.293835312128067, -0.8705077171325684, 0.4194125533103943, 0.1484888195991516, -0.8454160690307617, 1.5689202547073364, 0.4132566750049591, 1.4209727048873901, 0.43916240334510803, -2.940049409866333, -0.9692508578300476, 1.0, 1.0, 1.0, 1.0, 1.0, 1.0, 1.0, 1.0, 1.0, 1.0, 0.0, 1.0]"
404,3.3348336728522554e-05,0.0,248.20352172851562,0.0,0.0,0.0,0.0,0.0,0.0,4.5303931983653456e-05,0.0,337.18609619140625,0.6727001070976257,0.011989125981926918,-0.03133169934153557,-0.32766979932785034,-0.2911444306373596,-0.1597544252872467,0.17906104028224945,0.3287230134010315,-0.5528554916381836,0.9703993201255798,-0.5105909109115601,-0.4356200397014618,0.7983437180519104,-0.6018770337104797,0.5680338740348816,"[0.6727001070976257, 0.011989125981926918, -0.03133169934153557, 0.2540509104728699, 0.019254347309470177, -0.05009116232395172, -0.027528513222932816, 0.0035257062409073114, -0.9996148943901062, 0.699999988079071, 0.0, 0.0, -0.32766979932785034, -0.2911444306373596, -0.1597544252872467, 0.17906104028224945, -0.07127699255943298, -0.15285548567771912, 0.570399284362793, -0.11059090495109558, 0.36437997221946716, -0.0016562938690185547, 6.079673767089844e-06, -0.23196613788604736, -0.2455933392047882, -0.769163191318512, -0.13953033089637756, -0.27411821484565735, 1.3852585554122925, -1.6005648374557495, -1.5960499048233032, 0.5238803029060364, -0.6155529022216797, 4.409756183624268, -0.0006989482790231705, 0.80168217420578, -0.32455238699913025, -0.4133186638355255, -0.9075381755828857, 0.3947913646697998, 0.05532330274581909, -0.739223062992096, 1.5478777885437012, 0.37753328680992126, 1.3734911680221558, 0.46367982029914856, -3.1542649269104004, -0.9832637906074524, 1.0, 1.0, 1.0, 1.0, 1.0, 1.0, 1.0, 1.0, 1.0, 1.0, 0.0, 1.0]"
405,4.163908670307137e-05,0.0,309.9095458984375,0.0,0.0,0.0,0.0,0.0,0.0,4.171780528849922e-05,0.0,310.4954528808594,0.6767522096633911,0.017274172976613045,-0.03548407554626465,-0.33247265219688416,-0.2982386350631714,-0.17395782470703125,0.17459827661514282,0.35487186908721924,-0.5881656408309937,0.9501328468322754,-0.4964738190174103,-0.4441342055797577,0.874640166759491,-0.6018756628036499,0.5808000564575195,"[0.6767522096633911, 0.017274172976613045, -0.03548407554626465, 0.20703843235969543, -0.05217846855521202, -0.0016293051885440946, -0.027934608981013298, -0.0009130302350968122, -0.999609112739563, 0.699999988079071, 0.0, 0.0, -0.33247265219688416, -0.2982386350631714, -0.17395782470703125, 0.17459827661514282, -0.04512813687324524, -0.18816563487052917, 0.5501328706741333, -0.0964738130569458, 0.35586580634117126, 0.07464015483856201, 7.450580596923828e-06, -0.21919995546340942, -0.2301843762397766, -0.1914885938167572, -1.0213152170181274, -0.2016611397266388, 1.3503656387329102, -1.7921379804611206, -0.7239733338356018, 0.5624017119407654, -0.42119497060775757, 3.342736005783081, -0.0011386014521121979, 0.9058093428611755, -0.35010120272636414, -0.5251161456108093, -1.0003281831741333, 0.4423753023147583, -0.052231013774871826, -0.7434251308441162, 1.5330740213394165, 0.3568327724933624, 1.3633042573928833, 0.483086496591568, -3.277312994003296, -0.9399181008338928, 1.0, 1.0, 1.0, 1.0, 1.0, 1.0, 1.0, 1.0, 1.0, 1.0, 0.0, 1.0]"
