Time,LF_FOOT_X,LF_FOOT_Y,LF_FOOT_Z,LH_FOOT_X,LH_FOOT_Y,LH_FOOT_Z,RF_FOOT_X,RF_FOOT_Y,RF_FOOT_Z,RH_FOOT_X,RH_FOOT_Y,RH_FOOT_Z,Base_lin_vel_X,Base_lin_vel_Y,Base_lin_vel_Z,joint0_pos,joint1_pos,joint2_pos,joint3_pos,joint4_pos,joint5_pos,joint6_pos,joint7_pos,joint8_pos,joint9_pos,joint10_pos,joint11_pos,base_height,obs
1,2.9499855372705497e-05,0.0,219.56021118164062,0.0,0.0,0.0,3.5402164940023795e-05,0.0,263.4896545410156,0.0,0.0,0.0,0.378337025642395,-0.26201096177101135,0.21614187955856323,0.007627620827406645,-0.0329461544752121,0.0022832758259028196,0.004640555940568447,0.5414942502975464,-0.30506911873817444,0.5703299045562744,-0.29634419083595276,-0.723166823387146,1.0618388652801514,-0.8063615560531616,0.6805446743965149,"[0.378337025642395, -0.26201096177101135, 0.21614187955856323, 0.3106757402420044, 0.06991304457187653, -0.0964166596531868, 0.0035081012174487114, -0.004242877941578627, -0.9999851584434509, 0.699999988079071, 0.0, 0.0, 0.007627620827406645, -0.0329461544752121, 0.0022832758259028196, 0.004640555940568447, 0.1414942443370819, 0.09493088722229004, 0.17032989859580994, 0.10365581512451172, 0.07683318853378296, 0.2618388533592224, -0.006361544132232666, -0.11945533752441406, 0.18557210266590118, -3.1129097938537598, 0.26048168540000916, 0.11114180833101273, 2.583158493041992, -2.7560153007507324, 0.8548665046691895, -2.7770912647247314, -3.502849817276001, -5.738933086395264, -0.678876519203186, 2.4660255908966064, -0.11677412688732147, -1.4734256267547607, 0.5394223928451538, 0.15932753682136536, -0.4639018177986145, -2.7138705253601074, -0.6560204029083252, -1.3568917512893677, -0.749459981918335, -1.4802947044372559, 0.6911916732788086, 0.025669418275356293, 1.0, 1.0, 1.0, 1.0, 1.0, 1.0, 1.0, 1.0, 1.0, 1.0, 1.0, 1.0]"
2,0.0,0.0,0.0,0.0,0.0,0.0,3.4358650736976415e-05,0.0,255.72305297851562,0.0,0.0,0.0,0.18364042043685913,-0.2413332313299179,0.1764248013496399,0.015723157674074173,-0.11441759765148163,0.017807846888899803,0.05288747698068619,0.5871203541755676,-0.4133146405220032,0.5668061375617981,-0.4053288996219635,-0.8266857862472534,0.9223440885543823,-0.7910983562469482,0.7770419120788574,"[0.18364042043685913, -0.2413332313299179, 0.1764248013496399, -1.0752007961273193, -0.009580091573297977, 0.03141478821635246, 0.004916153382509947, 0.0024497308768332005, -0.9999846816062927, 0.699999988079071, 0.0, 0.0, 0.015723157674074173, -0.11441759765148163, 0.017807846888899803, 0.05288747698068619, 0.18712034821510315, -0.013314634561538696, 0.16680613160133362, -0.0053288936614990234, -0.026685774326324463, 0.12234407663345337, 0.008901655673980713, -0.022958099842071533, 0.4575144648551941, -3.947991371154785, 1.4190990924835205, 4.700950622558594, 2.516911745071411, -6.437142372131348, -0.25247055292129517, -6.661001205444336, -7.488851547241211, -6.922123908996582, 0.973507285118103, 7.463107585906982, -1.27920663356781, -0.8456264138221741, 0.02235456183552742, 2.128927707672119, 2.042153835296631, -0.6225887537002563, -0.12017634510993958, -2.981351613998413, -0.7098204493522644, -1.087875485420227, 0.7610018253326416, 1.2530949115753174, 1.0, 1.0, 1.0, 1.0, 1.0, 1.0, 1.0, 1.0, 1.0, 1.0, 1.0, 1.0]"
3,0.0,0.0,0.0,2.69013562501641e-05,0.0,200.22019958496094,2.1044108507339843e-05,0.0,156.62615966796875,0.0,0.0,0.0,0.23086412250995636,-0.23039966821670532,0.09295792877674103,-0.01327794324606657,-0.17944714426994324,0.048221390694379807,0.18201081454753876,0.6573715806007385,-0.5164312124252319,0.5559703707695007,-0.5440420508384705,-0.9379221796989441,0.902201235294342,-0.7511948943138123,0.9215025305747986,"[0.23086412250995636, -0.23039966821670532, 0.09295792877674103, -1.181600570678711, -0.4834500253200531, 0.08258555829524994, -0.0011600377038121223, 0.027498256415128708, -0.9996213316917419, 0.699999988079071, 0.0, 0.0, -0.01327794324606657, -0.17944714426994324, 0.048221390694379807, 0.18201081454753876, 0.25737157464027405, -0.11643120646476746, 0.15597036480903625, -0.14404204487800598, -0.13792216777801514, 0.10220122337341309, 0.0488051176071167, 0.12150251865386963, -2.6567561626434326, -1.9958930015563965, 1.4698010683059692, 7.035567760467529, 4.120737552642822, -2.9904704093933105, -0.4213440418243408, -6.874029159545898, -2.8374905586242676, 3.077626943588257, 2.210341453552246, 6.421444892883301, -0.3056250512599945, -0.8731639981269836, 1.5909528732299805, 1.1542493104934692, 1.2941445112228394, 1.2807400226593018, 0.7202242612838745, -1.3288445472717285, -0.2352926880121231, -0.6468210220336914, 1.0042967796325684, 0.3647559583187103, 1.0, 1.0, 1.0, 1.0, 1.0, 1.0, 1.0, 1.0, 1.0, 1.0, 1.0, 1.0]"
4,0.0,0.0,0.0,6.41265360172838e-05,0.0,477.27813720703125,1.7161570212920196e-05,0.0,127.7293701171875,0.0,0.0,0.0,0.35455557703971863,-0.25849780440330505,0.047114286571741104,-0.0866222158074379,-0.1607949435710907,0.07741625607013702,0.3275182545185089,0.7544638514518738,-0.5087795257568359,0.5508385300636292,-0.6688121557235718,-0.9398987293243408,0.9249486923217773,-0.7059829831123352,0.9452018737792969,"[0.35455557703971863, -0.25849780440330505, 0.047114286571741104, -0.7966191172599792, -0.5558393597602844, -0.026553716510534286, -0.01312260888516903, 0.04958684369921684, -0.9986836910247803, 0.699999988079071, 0.0, 0.0, -0.0866222158074379, -0.1607949435710907, 0.07741625607013702, 0.3275182545185089, 0.3544638454914093, -0.10877951979637146, 0.15083852410316467, -0.2688121497631073, -0.13989871740341187, 0.12494868040084839, 0.09401702880859375, 0.14520186185836792, -4.475797653198242, 1.0336233377456665, 1.15950608253479, 6.881168842315674, 5.016164302825928, 0.2540292739868164, -0.15885932743549347, -5.72062873840332, 0.47775304317474365, 0.9872551560401917, 2.105048418045044, -1.5916807651519775, -1.0517927408218384, -0.18198463320732117, 1.2109817266464233, 0.6153335571289062, 0.9697360396385193, 0.9728349447250366, 0.45512154698371887, -0.8816297054290771, -0.2538008689880371, -0.31290534138679504, 1.0388026237487793, 0.15417608618736267, 1.0, 1.0, 1.0, 1.0, 1.0, 1.0, 1.0, 1.0, 1.0, 1.0, 1.0, 1.0]"
5,0.0,0.0,0.0,4.528005592874251e-05,0.0,337.0083923339844,1.7083242710214108e-05,0.0,127.1463851928711,0.0,0.0,0.0,0.4512857496738434,-0.22522993385791779,0.04614076390862465,-0.19609765708446503,-0.14724119007587433,0.09291111677885056,0.42346206307411194,0.8435052633285522,-0.48790428042411804,0.5540809631347656,-0.7497442364692688,-0.9096607565879822,0.9372959733009338,-0.6712684035301208,0.9443081617355347,"[0.4512857496738434, -0.22522993385791779, 0.04614076390862465, -0.19280588626861572, -0.5314512848854065, -0.08181537687778473, -0.024532873183488846, 0.05755195394158363, -0.9980409145355225, 0.699999988079071, 0.0, 0.0, -0.19609765708446503, -0.14724119007587433, 0.09291111677885056, 0.42346206307411194, 0.44350525736808777, -0.08790427446365356, 0.15408095717430115, -0.3497442305088043, -0.10966074466705322, 0.13729596138000488, 0.1287316083908081, 0.1443081498146057, -5.847066402435303, 0.4081736207008362, 0.5444979667663574, 3.1101930141448975, 3.853116512298584, 0.9032584428787231, 0.16572000086307526, -2.3575594425201416, 1.9782317876815796, 1.2774391174316406, 1.7225205898284912, -4.357677936553955, -0.6497600674629211, -0.5747314691543579, 1.1825158596038818, 0.15304264426231384, 0.8518953323364258, 0.5468864440917969, 0.5141863822937012, -0.04597637057304382, -0.2528523802757263, -0.5264741778373718, 0.8308818936347961, -0.15434560179710388, 1.0, 1.0, 1.0, 1.0, 1.0, 1.0, 1.0, 1.0, 1.0, 1.0, 1.0, 1.0]"
6,0.0,0.0,0.0,2.607251371955499e-05,0.0,194.05133056640625,1.6778247299953364e-05,0.0,124.87638854980469,1.867972605396062e-05,0.0,139.02862548828125,0.5150200128555298,-0.22013074159622192,0.035205304622650146,-0.29958927631378174,-0.13796864449977875,0.10598834604024887,0.4432353973388672,0.8969425559043884,-0.4610505998134613,0.5605193376541138,-0.757145881652832,-0.8847413063049316,0.9399566054344177,-0.6431566476821899,0.9543169140815735,"[0.5150200128555298, -0.22013074159622192, 0.035205304622650146, -0.443523108959198, -0.32763412594795227, -0.16041958332061768, -0.03359809145331383, 0.06284224987030029, -0.9974576234817505, 0.699999988079071, 0.0, 0.0, -0.29958927631378174, -0.13796864449977875, 0.10598834604024887, 0.4432353973388672, 0.49694254994392395, -0.061050593852996826, 0.1605193316936493, -0.35714587569236755, -0.08474129438400269, 0.13995659351348877, 0.156843364238739, 0.15431690216064453, -4.375133991241455, 0.6184024214744568, 0.8444814085960388, 0.8085894584655762, 1.9459331035614014, 1.1743577718734741, 0.3215184509754181, 1.063645362854004, 0.7063280344009399, 0.2484125941991806, 1.252255916595459, 0.3961699604988098, -0.7529012560844421, -0.3797434866428375, 0.5822040438652039, 0.25741448998451233, 1.0804649591445923, 0.0016809403896331787, 0.4689873158931732, 0.08131352066993713, -0.21333910524845123, -0.35384371876716614, 0.8765483498573303, -0.2493343949317932, 1.0, 1.0, 1.0, 1.0, 1.0, 1.0, 1.0, 1.0, 1.0, 1.0, 1.0, 1.0]"
7,0.0,0.0,0.0,1.4486046893580351e-05,0.0,107.81610107421875,1.978022737603169e-05,0.0,147.21939086914062,2.787212360999547e-05,0.0,207.44540405273438,0.540661633014679,-0.2165321409702301,0.0323181189596653,-0.35690584778785706,-0.118309386074543,0.1301744133234024,0.46246853470802307,0.9170516133308411,-0.43418076634407043,0.5667943358421326,-0.7290853261947632,-0.8789808750152588,0.9317022562026978,-0.6253967881202698,0.9422746300697327,"[0.540661633014679, -0.2165321409702301, 0.0323181189596653, -0.8272152543067932, 0.049461424350738525, -0.19388751685619354, -0.03552517294883728, 0.07850243896245956, -0.9962807893753052, 0.699999988079071, 0.0, 0.0, -0.35690584778785706, -0.118309386074543, 0.1301744133234024, 0.46246853470802307, 0.5170515775680542, -0.03418076038360596, 0.1667943298816681, -0.3290853202342987, -0.07898086309432983, 0.1317022442817688, 0.17460322380065918, 0.1422746181488037, -2.250943660736084, 1.0141700506210327, 1.2565062046051025, 0.970971405506134, 0.5345293879508972, 1.3778953552246094, 0.42415502667427063, 1.3530981540679932, -0.11254489421844482, -0.7021852731704712, 0.49462324380874634, -0.706271231174469, -0.691906213760376, -0.5846467018127441, 0.18537279963493347, 0.49448132514953613, 0.8923556804656982, 0.012339025735855103, 0.5501506328582764, -0.45986631512641907, -0.30632108449935913, -0.45093345642089844, 0.8470316529273987, -0.16430872678756714, 1.0, 1.0, 1.0, 1.0, 1.0, 1.0, 1.0, 1.0, 1.0, 1.0, 1.0, 1.0]"
8,0.0,0.0,0.0,1.9238148524891585e-05,0.0,143.18482971191406,2.8801125154132023e-05,0.0,214.3597412109375,6.8507779360516e-06,0.0,50.98866653442383,0.5492024421691895,-0.1722501963376999,-0.0017286227084696293,-0.3961663246154785,-0.10685726255178452,0.1462998390197754,0.4724114239215851,0.9152149558067322,-0.40374016761779785,0.5814682841300964,-0.705122709274292,-0.8975822925567627,0.9084487557411194,-0.6286149621009827,0.928459107875824,"[0.5492024421691895, -0.1722501963376999, -0.0017286227084696293, -0.1232089251279831, 0.1967417448759079, -0.19271118938922882, -0.032548870891332626, 0.08645069599151611, -0.9957244992256165, 0.699999988079071, 0.0, 0.0, -0.3961663246154785, -0.10685726255178452, 0.1462998390197754, 0.4724114239215851, 0.5152149200439453, -0.003740161657333374, 0.18146827816963196, -0.3051227033138275, -0.09758228063583374, 0.10844874382019043, 0.1713850498199463, 0.12845909595489502, -1.844403624534607, 0.27596303820610046, 0.5206843018531799, 0.21683622896671295, -0.3824669420719147, 1.5303044319152832, 1.0001941919326782, 1.102262258529663, -1.514966368675232, -1.2289882898330688, -0.6429227590560913, -0.5766434669494629, -0.6002644300460815, -0.4973083436489105, 0.07437250018119812, 0.6835098266601562, 1.135054111480713, 0.0911741554737091, 0.3137958347797394, -0.848572850227356, -0.43737393617630005, -0.6935755014419556, 0.8698173761367798, 0.11498590558767319, 1.0, 1.0, 1.0, 1.0, 1.0, 1.0, 1.0, 1.0, 1.0, 1.0, 1.0, 1.0]"
9,0.0,0.0,0.0,2.779168789857067e-05,0.0,206.84674072265625,4.092922972631641e-05,0.0,304.6262512207031,0.0,0.0,0.0,0.5403279066085815,-0.1444636583328247,-0.04367794096469879,-0.4239345192909241,-0.10787146538496017,0.1507931351661682,0.4715258479118347,0.9042426943778992,-0.37184426188468933,0.6046274900436401,-0.6959973573684692,-0.9441186785697937,0.8821685910224915,-0.6456594467163086,0.9349377751350403,"[0.5403279066085815, -0.1444636583328247, -0.04367794096469879, 0.23229674994945526, 0.12577326595783234, -0.20318904519081116, -0.029592517763376236, 0.08317680656909943, -0.9960952997207642, 0.699999988079071, 0.0, 0.0, -0.4239345192909241, -0.10787146538496017, 0.1507931351661682, 0.4715258479118347, 0.5042426586151123, 0.028155744075775146, 0.20462748408317566, -0.29599735140800476, -0.14411866664886475, 0.0821685791015625, 0.15434056520462036, 0.13493776321411133, -1.037583827972412, -0.1712506115436554, 0.32479286193847656, 0.017435677349567413, -0.505096435546875, 1.3649009466171265, 1.4145563840866089, -0.1942785531282425, -3.1659908294677734, -0.8528092503547668, -1.4911011457443237, 1.6591904163360596, -0.5097617506980896, -0.5525964498519897, -0.06738309562206268, 0.8852355480194092, 1.2359241247177124, 0.2975161373615265, 0.2316504269838333, -1.2657749652862549, -0.7273032069206238, -0.7682815790176392, 0.8573021292686462, 0.42069533467292786, 1.0, 1.0, 1.0, 1.0, 1.0, 1.0, 1.0, 1.0, 1.0, 1.0, 1.0, 1.0]"
10,0.0,0.0,0.0,2.8846356144640595e-05,0.0,214.6963653564453,3.8074453186709434e-05,0.0,283.37884521484375,0.0,0.0,0.0,0.536162793636322,-0.13151484727859497,-0.06894433498382568,-0.4302683174610138,-0.11199919879436493,0.15319204330444336,0.47908052802085876,0.8971914052963257,-0.34179508686065674,0.6294420957565308,-0.7227896451950073,-1.0193058252334595,0.862241268157959,-0.6631636619567871,0.9899005889892578,"[0.536162793636322, -0.13151484727859497, -0.06894433498382568, 0.26335376501083374, 0.06415746361017227, -0.22039225697517395, -0.028250619769096375, 0.07800424098968506, -0.9965527057647705, 0.699999988079071, 0.0, 0.0, -0.4302683174610138, -0.11199919879436493, 0.15319204330444336, 0.47908052802085876, 0.4971913993358612, 0.05820491909980774, 0.22944208979606628, -0.32278963923454285, -0.21930581331253052, 0.06224125623703003, 0.13683634996414185, 0.18990057706832886, 0.0903458222746849, -0.26126745343208313, 0.21345335245132446, 0.5214739441871643, -0.2994861900806427, 1.3024070262908936, 1.3625808954238892, -1.8358267545700073, -3.7599711418151855, -0.6603087186813354, -1.2071993350982666, 2.3730661869049072, -0.5359889268875122, -0.3835505545139313, 0.04253299906849861, 0.8298519849777222, 1.2097996473312378, 0.3597427308559418, 0.25046396255493164, -1.2868642807006836, -0.8298723697662354, -0.7480829954147339, 0.7927566766738892, 0.5304899215698242, 1.0, 1.0, 1.0, 1.0, 1.0, 1.0, 1.0, 1.0, 1.0, 1.0, 1.0, 1.0]"
11,0.0,0.0,0.0,3.0950683139963076e-05,0.0,230.35836791992188,3.724194903043099e-05,0.0,277.1827087402344,0.0,0.0,0.0,0.5508847236633301,-0.1105545163154602,-0.08538662642240524,-0.4197239577770233,-0.11894507706165314,0.15321432054042816,0.4873209595680237,0.8919945359230042,-0.3116379380226135,0.6552297472953796,-0.7701844573020935,-1.0818480253219604,0.8445079326629639,-0.6796005368232727,1.0233625173568726,"[0.5508847236633301, -0.1105545163154602, -0.08538662642240524, 0.40911221504211426, 0.006611077580600977, -0.21087037026882172, -0.02804526500403881, 0.07095597684383392, -0.99708491563797, 0.699999988079071, 0.0, 0.0, -0.4197239577770233, -0.11894507706165314, 0.15321432054042816, 0.4873209595680237, 0.4919945299625397, 0.08836206793785095, 0.25522974133491516, -0.37018445134162903, -0.2818480134010315, 0.04450792074203491, 0.12039947509765625, 0.2233625054359436, 0.7602483630180359, -0.43895503878593445, -0.07737915962934494, 0.2415347397327423, -0.34146392345428467, 1.3030632734298706, 1.410466194152832, -2.522243022918701, -2.105872869491577, -0.48023396730422974, -0.9455874562263489, 1.038903832435608, -0.5724236369132996, -0.2961815595626831, 0.22379429638385773, 0.7647874355316162, 1.153637409210205, 0.43512091040611267, 0.2675532400608063, -1.1883790493011475, -0.6434473991394043, -0.7332475185394287, 0.7574687600135803, 0.39757415652275085, 1.0, 1.0, 1.0, 1.0, 1.0, 1.0, 1.0, 1.0, 1.0, 1.0, 1.0, 1.0]"
12,0.0,0.0,0.0,3.079425368923694e-05,0.0,229.194091796875,3.2288171496475115e-05,0.0,240.31298828125,0.0,0.0,0.0,0.5820777416229248,-0.09440528601408005,-0.09578698128461838,-0.39680245518684387,-0.12670743465423584,0.15196509659290314,0.48336291313171387,0.8828037977218628,-0.2804047465324402,0.6813269853591919,-0.8151599764823914,-1.0845118761062622,0.8283607959747314,-0.6929399371147156,1.0080996751785278,"[0.5820777416229248, -0.09440528601408005, -0.09578698128461838, 0.32940974831581116, -0.03540093079209328, -0.1780472844839096, -0.02888745814561844, 0.06356140971183777, -0.9975594878196716, 0.699999988079071, 0.0, 0.0, -0.39680245518684387, -0.12670743465423584, 0.15196509659290314, 0.48336291313171387, 0.4828037917613983, 0.11959525942802429, 0.2813269793987274, -0.4151599705219269, -0.28451186418533325, 0.02836078405380249, 0.10706007480621338, 0.20809966325759888, 1.3713364601135254, -0.3721695840358734, -0.014628954231739044, -0.5239368081092834, -0.5910542011260986, 1.3356990814208984, 1.3604142665863037, -1.8840943574905396, 1.2681306600570679, -0.383872926235199, -0.7346498370170593, -2.2169082164764404, -0.5247475504875183, -0.3672172427177429, 0.38287410140037537, 0.7059431076049805, 1.0440908670425415, 0.45820048451423645, 0.3019680976867676, -0.9550423622131348, -0.34622347354888916, -0.7362780570983887, 0.6765577793121338, 0.10180556029081345, 1.0, 1.0, 1.0, 1.0, 1.0, 1.0, 1.0, 1.0, 1.0, 1.0, 1.0, 1.0]"
13,0.0,0.0,0.0,2.5595130864530802e-05,0.0,190.49830627441406,2.50019074883312e-05,0.0,186.0830841064453,0.0,0.0,0.0,0.6213476061820984,-0.08022000640630722,-0.12040095776319504,-0.36337003111839294,-0.13176147639751434,0.1528063267469406,0.4625403583049774,0.8675770163536072,-0.24910619854927063,0.7067599296569824,-0.836277425289154,-1.0234225988388062,0.8147763013839722,-0.7021154165267944,0.9361557960510254,"[0.6213476061820984, -0.08022000640630722, -0.12040095776319504, 0.1837201714515686, -0.03909613937139511, -0.1551072746515274, -0.03005809336900711, 0.05918358266353607, -0.997794508934021, 0.699999988079071, 0.0, 0.0, -0.36337003111839294, -0.13176147639751434, 0.1528063267469406, 0.4625403583049774, 0.4675770103931427, 0.15089380741119385, 0.30675992369651794, -0.4362774193286896, -0.2234225869178772, 0.014776289463043213, 0.09788459539413452, 0.13615578413009644, 1.803701639175415, -0.24469110369682312, 0.06641913950443268, -1.447227954864502, -0.9608834981918335, 1.3869295120239258, 1.3615361452102661, -0.3713863492012024, 4.357851982116699, -0.351818323135376, -0.5430066585540771, -4.886763095855713, -0.5449709892272949, -0.4767344295978546, 0.5218698978424072, 0.6221292018890381, 0.8304349184036255, 0.3017113506793976, 0.47573643922805786, -0.4410909116268158, 0.07791268825531006, -0.6854778528213501, 0.47408950328826904, -0.37015867233276367, 1.0, 1.0, 1.0, 1.0, 1.0, 1.0, 1.0, 1.0, 1.0, 1.0, 1.0, 1.0]"
14,0.0,0.0,0.0,7.924008059490006e-06,0.0,58.9764518737793,8.337060535268392e-06,0.0,62.05070495605469,3.8619131373707205e-05,0.0,287.4327392578125,0.6401416063308716,-0.08581437915563583,-0.16072069108486176,-0.3228018879890442,-0.13270379602909088,0.157545268535614,0.4573580026626587,0.8414438366889954,-0.22090527415275574,0.7347232699394226,-0.836205005645752,-0.9157631397247314,0.8018668293952942,-0.7172282338142395,0.9429464340209961,"[0.6401416063308716, -0.08581437915563583, -0.16072069108486176, -0.12087752670049667, 0.21781611442565918, -0.12435899674892426, -0.028538543730974197, 0.05888138711452484, -0.9978571534156799, 0.699999988079071, 0.0, 0.0, -0.3228018879890442, -0.13270379602909088, 0.157545268535614, 0.4573580026626587, 0.4414438307285309, 0.17909473180770874, 0.33472326397895813, -0.4362049996852875, -0.11576312780380249, 0.0018668174743652344, 0.08277177810668945, 0.14294642210006714, 2.1554861068725586, 0.07643122971057892, 0.360693097114563, 0.26263535022735596, -1.6132858991622925, 1.2384034395217896, 1.5044536590576172, 0.38725489377975464, 5.914577960968018, -0.16283440589904785, -1.1361232995986938, 0.7605023980140686, -0.6266651749610901, -0.7300504446029663, 0.5932344198226929, 0.6965757608413696, 0.3540455102920532, -0.7963250875473022, 0.9526877403259277, 0.1449151337146759, 0.5575212836265564, -0.3825242817401886, -0.11535106599330902, -0.7848820686340332, 1.0, 1.0, 1.0, 1.0, 1.0, 1.0, 1.0, 1.0, 1.0, 1.0, 1.0, 1.0]"
15,5.413730104919523e-05,0.0,402.9306945800781,0.0,0.0,0.0,0.0,0.0,0.0,4.860300396103412e-05,0.0,361.74029541015625,0.6080523729324341,-0.0535876490175724,-0.09484508633613586,-0.32616862654685974,-0.15424615144729614,0.17022080719470978,0.4539589583873749,0.8642242550849915,-0.2300722301006317,0.7703582644462585,-0.8284341096878052,-0.9269305467605591,0.8058023452758789,-0.7735385298728943,0.9538936018943787,"[0.6080523729324341, -0.0535876490175724, -0.09484508633613586, 0.423328161239624, 0.4140282869338989, -0.12027667462825775, -0.021791530773043633, 0.053896889090538025, -0.9983086585998535, 0.699999988079071, 0.0, 0.0, -0.32616862654685974, -0.15424615144729614, 0.17022080719470978, 0.4539589583873749, 0.464224249124527, 0.16992777585983276, 0.37035825848579407, -0.4284341037273407, -0.12693053483963013, 0.005802333354949951, 0.026461482048034668, 0.1538935899734497, -0.39282944798469543, -1.8745077848434448, 1.1934218406677246, -0.35204067826271057, 1.2873592376708984, -2.242542266845703, 2.1029505729675293, 0.23649227619171143, -0.9121125340461731, 1.5050104856491089, -4.707446098327637, 0.5568495988845825, -0.9816530346870422, -0.6050488352775574, 1.0488728284835815, 0.3411712348461151, 0.0714154839515686, -2.1317036151885986, 1.091946005821228, 0.15273213386535645, 0.5346451997756958, 0.5046675801277161, -0.843545138835907, -0.2094549834728241, 1.0, 1.0, 1.0, 1.0, 1.0, 1.0, 1.0, 1.0, 1.0, 1.0, 1.0, 1.0]"
16,4.43037279183045e-05,0.0,329.7418212890625,0.0,0.0,0.0,0.0,0.0,0.0,4.707161133410409e-05,0.0,350.3424987792969,0.5527021884918213,-0.059206314384937286,-0.0225976575165987,-0.3360866904258728,-0.20711646974086761,0.2182968258857727,0.44423243403434753,0.880453884601593,-0.3304848372936249,0.8183989524841309,-0.8179095387458801,-0.9346700310707092,0.8872237205505371,-0.8766636252403259,0.9547609686851501,"[0.5527021884918213, -0.059206314384937286, -0.0225976575165987, 0.5750535726547241, 0.4196757376194, -0.03744244575500488, -0.013177906163036823, 0.04279562085866928, -0.998996913433075, 0.699999988079071, 0.0, 0.0, -0.3360866904258728, -0.20711646974086761, 0.2182968258857727, 0.44423243403434753, 0.48045387864112854, 0.0695151686668396, 0.4183989465236664, -0.41790953278541565, -0.13467001914978027, 0.08722370862960815, -0.07666361331939697, 0.1547609567642212, -0.5181349515914917, -2.886338949203491, 3.1002588272094727, -0.5038191080093384, 0.7983063459396362, -6.029505252838135, 2.52091908454895, 0.3675313889980316, -0.3637576401233673, 4.291885852813721, -5.090285301208496, 0.20592588186264038, -0.5102303624153137, -0.55433189868927, 0.6378258466720581, 0.4602198898792267, 0.616949737071991, -1.3380839824676514, 1.2643557786941528, 0.20642033219337463, 0.48167943954467773, 1.0379791259765625, -1.1773502826690674, -0.19820907711982727, 1.0, 1.0, 1.0, 1.0, 1.0, 1.0, 1.0, 1.0, 1.0, 1.0, 1.0, 1.0]"
17,3.5233504604548216e-05,0.0,262.2343444824219,0.0,0.0,0.0,0.0,0.0,0.0,4.037142207380384e-05,0.0,300.474609375,0.5508064031600952,-0.06519760936498642,-0.013048680499196053,-0.34578704833984375,-0.2667735815048218,0.29003217816352844,0.4347381889820099,0.8919531106948853,-0.464847207069397,0.8710821866989136,-0.8052264451980591,-0.933630108833313,0.9804961085319519,-0.994219183921814,0.9544504880905151,"[0.5508064031600952, -0.06519760936498642, -0.013048680499196053, 0.5229783654212952, 0.3033592700958252, -0.016782017424702644, -0.006237295921891928, 0.031186923384666443, -0.9994940757751465, 0.699999988079071, 0.0, 0.0, -0.34578704833984375, -0.2667735815048218, 0.29003217816352844, 0.4347381889820099, 0.4919531047344208, -0.0648472011089325, 0.4710821807384491, -0.4052264392375946, -0.13363009691238403, 0.18049609661102295, -0.194219172000885, 0.15445047616958618, -0.42518913745880127, -3.015705108642578, 3.6739156246185303, -0.41158682107925415, 0.5606589913368225, -7.0190110206604, 2.521453380584717, 0.3878226578235626, 0.14318935573101044, 5.271557807922363, -6.1736626625061035, 0.3679335117340088, -0.36773446202278137, -0.7197210192680359, 0.6608977317810059, 0.4824973940849304, 0.6436334252357483, -1.1567347049713135, 1.0742732286453247, 0.19146382808685303, 0.4631487727165222, 1.0867581367492676, -1.2106820344924927, -0.12765803933143616, 1.0, 1.0, 1.0, 1.0, 1.0, 1.0, 1.0, 1.0, 1.0, 1.0, 1.0, 1.0]"
18,3.2429947168566287e-05,0.0,241.36814880371094,0.0,0.0,0.0,0.0,0.0,0.0,4.1596649680286646e-05,0.0,309.59368896484375,0.56955486536026,-0.06011117249727249,-0.007448607590049505,-0.3518761694431305,-0.3271656036376953,0.3520933985710144,0.42853328585624695,0.9032716751098633,-0.6017589569091797,0.9059054255485535,-0.7910800576210022,-0.9277698397636414,1.0802825689315796,-1.0998995304107666,0.9563798904418945,"[0.56955486536026, -0.06011117249727249, -0.007448607590049505, 0.30966460704803467, 0.19637008011341095, -0.04369506239891052, -0.0017492057522758842, 0.022845204919576645, -0.9997372627258301, 0.699999988079071, 0.0, 0.0, -0.3518761694431305, -0.3271656036376953, 0.3520933985710144, 0.42853328585624695, 0.5032716989517212, -0.2017589509487152, 0.5059053897857666, -0.3910800516605377, -0.1277698278427124, 0.28028255701065063, -0.29989951848983765, 0.15637987852096558, -0.19975237548351288, -2.972161293029785, 2.5976996421813965, -0.2228594273328781, 0.5188632011413574, -6.62516450881958, 1.1041569709777832, 0.4937950670719147, 0.4134864807128906, 4.315445423126221, -4.372798442840576, 0.4149430990219116, -0.3571877181529999, -0.7304062843322754, 0.502795398235321, 0.5148943662643433, 0.679629921913147, -1.1940264701843262, 1.0175799131393433, 0.2158370316028595, 0.5172544121742249, 1.0585108995437622, -1.0925081968307495, -0.2031784951686859, 1.0, 1.0, 1.0, 1.0, 1.0, 1.0, 1.0, 1.0, 1.0, 1.0, 1.0, 1.0]"
19,3.460756488493644e-05,0.0,257.57562255859375,0.0,0.0,0.0,0.0,0.0,0.0,4.1846004023682326e-05,0.0,311.4495849609375,0.5958011150360107,-0.05204085260629654,0.012539899908006191,-0.3540380299091339,-0.3835862874984741,0.3806995749473572,0.4255068302154541,0.9142081141471863,-0.7243064641952515,0.9072235226631165,-0.7734549045562744,-0.917850911617279,1.142988681793213,-1.1555606126785278,0.956515371799469,"[0.5958011150360107, -0.05204085260629654, 0.012539899908006191, 0.14994049072265625, 0.1392357349395752, -0.040035344660282135, 0.0012785454746335745, 0.018467199057340622, -0.9998286366462708, 0.699999988079071, 0.0, 0.0, -0.3540380299091339, -0.3835862874984741, 0.3806995749473572, 0.4255068302154541, 0.5142080783843994, -0.324306458234787, 0.5072234869003296, -0.37345489859580994, -0.1178508996963501, 0.34298866987228394, -0.3555606007575989, 0.15651535987854004, -0.045700542628765106, -2.6778154373168945, 0.7095360159873962, -0.08776717633008957, 0.4987097382545471, -5.821741580963135, -0.5356492400169373, 0.6999261975288391, 0.599349856376648, 2.5313031673431396, -1.743729591369629, 0.2651718854904175, -0.3665526807308197, -0.740571916103363, 0.34819716215133667, 0.5017138719558716, 0.56597900390625, -1.2895867824554443, 0.9691393375396729, 0.07462558150291443, 0.487479567527771, 1.0166325569152832, -0.9807314276695251, -0.25369954109191895, 1.0, 1.0, 1.0, 1.0, 1.0, 1.0, 1.0, 1.0, 1.0, 1.0, 1.0, 1.0]"
20,3.6449917388381436e-05,0.0,271.2878112792969,0.0,0.0,0.0,0.0,0.0,0.0,3.936628854717128e-05,0.0,292.99365234375,0.6279729008674622,-0.04973147436976433,0.034429535269737244,-0.3555178642272949,-0.4293818175792694,0.37332838773727417,0.4230230152606964,0.9230290651321411,-0.8265690207481384,0.8846396803855896,-0.7526431679725647,-0.9022654294967651,1.1753253936767578,-1.168562889099121,0.9547027349472046,"[0.6279729008674622, -0.04973147436976433, 0.034429535269737244, 0.19629983603954315, 0.0988364964723587, -0.011321079917252064, 0.003416274208575487, 0.014858679845929146, -0.9998834729194641, 0.699999988079071, 0.0, 0.0, -0.3555178642272949, -0.4293818175792694, 0.37332838773727417, 0.4230230152606964, 0.523029088973999, -0.42656901478767395, 0.4846396744251251, -0.3526431620121002, -0.10226541757583618, 0.37532538175582886, -0.36856287717819214, 0.15470272302627563, -0.08320166170597076, -1.974327564239502, -0.9272529482841492, -0.12444537878036499, 0.3796353042125702, -4.620394706726074, -1.4211524724960327, 0.8805039525032043, 0.906306803226471, 1.0526903867721558, -0.024933503940701485, 0.15038420259952545, -0.40217897295951843, -0.7501075267791748, 0.28239986300468445, 0.49173375964164734, 0.5060814619064331, -1.2615264654159546, 0.9251459836959839, -0.025559693574905396, 0.47021782398223877, 0.9490848779678345, -0.8191781640052795, -0.32459983229637146, 1.0, 1.0, 1.0, 1.0, 1.0, 1.0, 1.0, 1.0, 1.0, 1.0, 1.0, 1.0]"
21,3.489943264867179e-05,0.0,259.7479248046875,0.0,0.0,0.0,0.0,0.0,0.0,3.893890243489295e-05,0.0,289.8127136230469,0.6654432415962219,-0.05424435809254646,0.05728842690587044,-0.35872021317481995,-0.4556244909763336,0.34130141139030457,0.4186905026435852,0.9284822344779968,-0.8988599181175232,0.851559579372406,-0.7291658520698547,-0.8796074390411377,1.1821057796478271,-1.1565358638763428,0.9513660073280334,"[0.6654432415962219, -0.05424435809254646, 0.05728842690587044, 0.31408509612083435, 0.09293987601995468, 0.007987932302057743, 0.00508734118193388, 0.009158913977444172, -0.999945342540741, 0.699999988079071, 0.0, 0.0, -0.35872021317481995, -0.4556244909763336, 0.34130141139030457, 0.4186905026435852, 0.52848219871521, -0.4988599121570587, 0.45155957341194153, -0.32916584610939026, -0.07960742712020874, 0.3821057677268982, -0.3565358519554138, 0.1513659954071045, -0.1761501580476761, -0.8482842445373535, -1.9369385242462158, -0.2274426966905594, 0.2092650681734085, -2.9398884773254395, -1.8269109725952148, 1.0414456129074097, 1.2416902780532837, -0.38049232959747314, 1.212010383605957, 0.017486289143562317, -0.43846872448921204, -0.796646773815155, 0.23874537646770477, 0.5285712480545044, 0.5028102397918701, -1.1290247440338135, 0.8195216655731201, -0.019602999091148376, 0.44499361515045166, 0.7434150576591492, -0.5921548008918762, -0.4485454857349396, 1.0, 1.0, 1.0, 1.0, 1.0, 1.0, 1.0, 1.0, 1.0, 1.0, 1.0, 1.0]"
22,3.108896635239944e-05,0.0,231.3875732421875,0.0,0.0,0.0,0.0,0.0,0.0,3.657784327515401e-05,0.0,272.2399597167969,0.7036029696464539,-0.059308718889951706,0.07648984342813492,-0.36301639676094055,-0.4590420722961426,0.29546454548835754,0.41268470883369446,0.9312462210655212,-0.9353991746902466,0.8105495572090149,-0.7023453116416931,-0.8525415062904358,1.1513638496398926,-1.1145403385162354,0.9433861970901489,"[0.7036029696464539, -0.059308718889951706, 0.07648984342813492, 0.35337167978286743, 0.15585997700691223, 0.008096745237708092, 0.007537010125815868, 0.001967865042388439, -0.9999696612358093, 0.699999988079071, 0.0, 0.0, -0.36301639676094055, -0.4590420722961426, 0.29546454548835754, 0.41268470883369446, 0.5312461853027344, -0.5353991985321045, 0.4105495512485504, -0.30234530568122864, -0.052541494369506836, 0.3513638377189636, -0.3145403265953064, 0.14338618516921997, -0.20146504044532776, 0.264628529548645, -2.447411060333252, -0.28140509128570557, 0.11556623131036758, -1.1285176277160645, -2.2662649154663086, 1.2198565006256104, 1.3700248003005981, -2.648430109024048, 2.992535352706909, -0.26768702268600464, -0.5499283075332642, -0.7748550772666931, 0.2281823307275772, 0.6276309490203857, 0.4936957359313965, -0.937322735786438, 0.6063249111175537, -0.05533616244792938, 0.3825104236602783, 0.3940620720386505, -0.22198887169361115, -0.5541207194328308, 1.0, 1.0, 1.0, 1.0, 1.0, 1.0, 1.0, 1.0, 1.0, 1.0, 1.0, 1.0]"
23,2.5874805942294188e-05,0.0,192.57986450195312,0.0,0.0,0.0,0.0,0.0,0.0,3.0319921279442497e-05,0.0,225.66375732421875,0.737139105796814,-0.07007694244384766,0.07317213714122772,-0.3658485412597656,-0.4420424699783325,0.24757790565490723,0.40759748220443726,0.9341517686843872,-0.9387903809547424,0.7592203617095947,-0.6721874475479126,-0.8268086314201355,1.0756807327270508,-1.0337224006652832,0.9284700155258179,"[0.737139105796814, -0.07007694244384766, 0.07317213714122772, 0.19812600314617157, 0.2617088556289673, -0.0019511362770572305, 0.011816740967333317, -0.0037479232996702194, -0.9999232292175293, 0.699999988079071, 0.0, 0.0, -0.3658485412597656, -0.4420424699783325, 0.24757790565490723, 0.40759748220443726, 0.5341517925262451, -0.5387903451919556, 0.35922035574913025, -0.2721874415874481, -0.026808619499206543, 0.2756807208061218, -0.23372238874435425, 0.12847000360488892, -0.05486191809177399, 1.2751502990722656, -2.222229242324829, -0.16075223684310913, 0.2561742663383484, 0.43163907527923584, -2.772855043411255, 1.4479485750198364, 1.0933769941329956, -4.722478866577148, 4.76909875869751, -0.7319192290306091, -0.7309808135032654, -0.6596782207489014, 0.37845340371131897, 0.6951961517333984, 0.4982074499130249, -0.6567443609237671, 0.4129352867603302, -0.2911182940006256, 0.19125041365623474, -0.03873647004365921, 0.24432499706745148, -0.5330224633216858, 1.0, 1.0, 1.0, 1.0, 1.0, 1.0, 1.0, 1.0, 1.0, 1.0, 1.0, 1.0]"
24,8.883383088686969e-06,0.0,66.1168441772461,0.0,0.0,0.0,9.890700312098488e-05,0.0,736.1406860351562,1.2121964573452715e-05,0.0,90.22081756591797,0.7838502526283264,-0.09728452563285828,0.05188138782978058,-0.3619425296783447,-0.3999466300010681,0.2297331988811493,0.4098171889781952,0.9418348670005798,-0.9123441576957703,0.7288946509361267,-0.6387881636619568,-0.8094040155410767,0.9681488275527954,-0.9612396359443665,0.9067872166633606,"[0.7838502526283264, -0.09728452563285828, 0.05188138782978058, -0.4285096824169159, 0.2069082260131836, 0.06765473634004593, 0.017650840803980827, -0.002125371713191271, -0.999841570854187, 0.699999988079071, 0.0, 0.0, -0.3619425296783447, -0.3999466300010681, 0.2297331988811493, 0.4098171889781952, 0.541834831237793, -0.5123441219329834, 0.32889464497566223, -0.2387881577014923, -0.009404003620147705, 0.16814881563186646, -0.1612396240234375, 0.10678720474243164, 0.6197296380996704, 2.91611909866333, 0.6178361177444458, 0.49521780014038086, 0.549399197101593, 1.9529902935028076, 2.8185298442840576, 1.9049572944641113, 1.357571005821228, -5.804157733917236, -2.6473546028137207, -1.250378966331482, -1.0201084613800049, -0.3691326081752777, 0.5275044441223145, 0.5518108606338501, 0.7146344780921936, -0.27202945947647095, 0.28105443716049194, -0.9076014757156372, -0.28719961643218994, -0.4781752824783325, 0.5471557378768921, -0.16626590490341187, 1.0, 1.0, 1.0, 1.0, 1.0, 1.0, 1.0, 1.0, 1.0, 1.0, 1.0, 1.0]"
25,0.0,0.0,0.0,2.1530838694161503e-06,0.0,16.024877548217773,4.628249007510021e-05,0.0,344.4692687988281,0.0,0.0,0.0,0.730901300907135,-0.048999104648828506,-0.026744473725557327,-0.3710567355155945,-0.3419691324234009,0.23918280005455017,0.4164937734603882,0.9500157237052917,-0.8580282330513,0.7559809684753418,-0.6136095523834229,-0.8704172372817993,0.8584429621696472,-0.9652511477470398,0.8942330479621887,"[0.730901300907135, -0.048999104648828506, -0.026744473725557327, -0.3295227885246277, -0.048024751245975494, 0.028399936854839325, 0.019728723913431168, 0.0053022573702037334, -0.9997914433479309, 0.699999988079071, 0.0, 0.0, -0.3710567355155945, -0.3419691324234009, 0.23918280005455017, 0.4164937734603882, 0.5500156879425049, -0.45802822709083557, 0.3559809625148773, -0.21360954642295837, -0.07041722536087036, 0.05844295024871826, -0.16525113582611084, 0.09423303604125977, -1.0766007900238037, 2.7709200382232666, 0.6250783205032349, 0.10762616991996765, 0.3193499743938446, 3.1002542972564697, 1.597711443901062, 0.5831708908081055, -4.71203088760376, -5.365303993225098, -0.2978232204914093, -0.16783644258975983, -0.7400693297386169, -0.5089265704154968, 0.09596739709377289, 0.5834661722183228, 1.089634895324707, -0.3629924952983856, 0.3415357172489166, -1.631706953048706, -1.0728836059570312, -0.4811294674873352, 0.5945298075675964, 0.4401914179325104, 1.0, 1.0, 1.0, 1.0, 1.0, 1.0, 1.0, 1.0, 1.0, 1.0, 1.0, 1.0]"
26,0.0,0.0,0.0,4.437374445842579e-05,0.0,330.262939453125,3.873776222462766e-05,0.0,288.3157043457031,0.0,0.0,0.0,0.6473031044006348,0.004041059873998165,-0.03484301641583443,-0.4034988582134247,-0.34669023752212524,0.2353609800338745,0.40823206305503845,0.9440149664878845,-0.8484217524528503,0.7811709642410278,-0.643343985080719,-0.9665431380271912,0.8798518776893616,-0.9668989777565002,0.9534168243408203,"[0.6473031044006348, 0.004041059873998165, -0.03484301641583443, 0.28544166684150696, -0.029998213052749634, 0.009899620898067951, 0.018917467445135117, 0.0009817196987569332, -0.9998207092285156, 0.699999988079071, 0.0, 0.0, -0.4034988582134247, -0.34669023752212524, 0.2353609800338745, 0.40823206305503845, 0.5440149307250977, -0.44842174649238586, 0.38117095828056335, -0.24334397912025452, -0.1665431261062622, 0.07985186576843262, -0.1668989658355713, 0.15341681241989136, -1.473272442817688, -0.2936484217643738, -0.26281213760375977, -0.380399614572525, -0.45137766003608704, 0.5971720814704895, 1.3623394966125488, -2.468451738357544, -5.344255447387695, 0.8149899840354919, -0.2816721796989441, 3.7506725788116455, -0.7188724875450134, -0.4525132477283478, 0.21267418563365936, 0.6899642944335938, 1.2084126472473145, -0.18094196915626526, 0.4305359721183777, -1.381602168083191, -1.1310445070266724, -0.5314330458641052, 0.709030032157898, 0.6365240216255188, 1.0, 1.0, 1.0, 1.0, 1.0, 1.0, 1.0, 1.0, 1.0, 1.0, 1.0, 1.0]"
27,0.0,0.0,0.0,4.216844536131248e-05,0.0,313.8494567871094,3.4833068639272824e-05,0.0,259.2540283203125,0.0,0.0,0.0,0.625187873840332,-0.0015865323366597295,-0.025422047823667526,-0.4195493161678314,-0.35043492913246155,0.23217329382896423,0.40679091215133667,0.9341614842414856,-0.8347600698471069,0.8041405081748962,-0.7108961343765259,-1.0855015516281128,0.8915473222732544,-0.9689546227455139,1.0141311883926392,"[0.625187873840332, -0.0015865323366597295, -0.025422047823667526, 0.16029983758926392, 0.03347347676753998, 0.006478059105575085, 0.0193552915006876, -0.002785051241517067, -0.9998089671134949, 0.699999988079071, 0.0, 0.0, -0.4195493161678314, -0.35043492913246155, 0.23217329382896423, 0.40679091215133667, 0.5341614484786987, -0.43476006388664246, 0.40414050221443176, -0.3108961284160614, -0.28550153970718384, 0.09154731035232544, -0.16895461082458496, 0.2141311764717102, -0.3788089156150818, -0.15854252874851227, -0.13216793537139893, 0.09991350024938583, -0.5947610139846802, 0.5885738730430603, 1.1611745357513428, -3.8316800594329834, -5.4998273849487305, 0.6729968786239624, -0.13468125462532043, 3.170121908187866, -0.6076125502586365, -0.6125250458717346, 0.36546650528907776, 0.6533005237579346, 1.191985845565796, -0.0870446264743805, 0.5768740177154541, -1.4493714570999146, -1.1218665838241577, -0.2751654088497162, 0.5662821531295776, 0.8824173212051392, 1.0, 1.0, 1.0, 1.0, 1.0, 1.0, 1.0, 1.0, 1.0, 1.0, 1.0, 1.0]"
28,0.0,0.0,0.0,3.732466939254664e-05,0.0,277.7983703613281,3.374163497937843e-05,0.0,251.13072204589844,0.0,0.0,0.0,0.6254307627677917,0.00016658150707371533,-0.03131065145134926,-0.4147263169288635,-0.35337111353874207,0.2301500290632248,0.4100930988788605,0.9185605049133301,-0.8210163116455078,0.8252393007278442,-0.7945671677589417,-1.1604316234588623,0.9043567180633545,-0.9672427773475647,1.084578037261963,"[0.6254307627677917, 0.00016658150707371533, -0.03131065145134926, 0.10838140547275543, -0.05343727394938469, -0.01173401903361082, 0.01898200251162052, -0.00536360451951623, -0.9998055696487427, 0.699999988079071, 0.0, 0.0, -0.4147263169288635, -0.35337111353874207, 0.2301500290632248, 0.4100930988788605, 0.518560528755188, -0.42101630568504333, 0.42523929476737976, -0.3945671617984772, -0.36043161153793335, 0.10435670614242554, -0.16724276542663574, 0.28457802534103394, 0.5638551115989685, -0.1485135853290558, -0.0861259177327156, 0.11817192286252975, -0.9011716246604919, 0.48819366097450256, 1.065855622291565, -4.198366641998291, -2.480154037475586, 0.9648792743682861, 0.139018252491951, 3.073894500732422, -0.6336387395858765, -0.568122386932373, 0.4067287743091583, 0.7022604942321777, 1.186347484588623, 0.0023055672645568848, 0.47803565859794617, -1.3440457582473755, -0.911575436592102, -0.2696007788181305, 0.6033763289451599, 0.8626940846443176, 1.0, 1.0, 1.0, 1.0, 1.0, 1.0, 1.0, 1.0, 1.0, 1.0, 1.0, 1.0]"
29,0.0,0.0,0.0,3.979366738349199e-05,0.0,296.1745300292969,3.506669236230664e-05,0.0,260.9927978515625,0.0,0.0,0.0,0.6422470808029175,0.006357253063470125,-0.023291384801268578,-0.39638251066207886,-0.35445788502693176,0.23028415441513062,0.4096675515174866,0.8996713757514954,-0.8073867559432983,0.8435391783714294,-0.8709698915481567,-1.1748727560043335,0.921364426612854,-0.9577279686927795,1.1194690465927124,"[0.6422470808029175, 0.006357253063470125, -0.023291384801268578, -0.064825139939785, -0.1431097686290741, -0.01198198739439249, 0.016660816967487335, -0.0052521852776408195, -0.9998475313186646, 0.699999988079071, 0.0, 0.0, -0.39638251066207886, -0.35445788502693176, 0.23028415441513062, 0.4096675515174866, 0.4996713697910309, -0.40738674998283386, 0.44353917241096497, -0.47096988558769226, -0.37487274408340454, 0.12136441469192505, -0.15772795677185059, 0.31946903467178345, 1.072450876235962, -0.014493310824036598, 0.05287500470876694, -0.11223400384187698, -0.9703420996665955, 0.4790300130844116, 0.9223472476005554, -3.5313363075256348, 0.17204611003398895, 1.1754555702209473, 0.5391362309455872, 1.0341509580612183, -0.5599647164344788, -0.6160602569580078, 0.4392641484737396, 0.6801779270172119, 1.1048426628112793, 0.04319539666175842, 0.433574914932251, -1.3539234399795532, -0.7906341552734375, -0.22202569246292114, 0.5687294602394104, 0.7378659248352051, 1.0, 1.0, 1.0, 1.0, 1.0, 1.0, 1.0, 1.0, 1.0, 1.0, 1.0, 1.0]"
30,0.0,0.0,0.0,4.053413067595102e-05,0.0,301.68560791015625,3.5422592191025615e-05,0.0,263.6416931152344,0.0,0.0,0.0,0.6649154424667358,0.01369434129446745,-0.003617345355451107,-0.3708895146846771,-0.3524567782878876,0.23329155147075653,0.40404409170150757,0.8808796405792236,-0.7924818992614746,0.8579722046852112,-0.9294339418411255,-1.159764289855957,0.9396849870681763,-0.939668595790863,1.120257019996643,"[0.6649154424667358, 0.01369434129446745, -0.003617345355451107, -0.23787976801395416, -0.18097460269927979, -0.006186334881931543, 0.013174609281122684, -0.0015097686555236578, -0.9999118447303772, 0.699999988079071, 0.0, 0.0, -0.3708895146846771, -0.3524567782878876, 0.23329155147075653, 0.40404409170150757, 0.48087963461875916, -0.39248189330101013, 0.4579721987247467, -0.5294339656829834, -0.3597642779350281, 0.13968497514724731, -0.13966858386993408, 0.3202570080757141, 1.3948993682861328, 0.13210469484329224, 0.18614411354064941, -0.41768866777420044, -0.9734520316123962, 0.5534442663192749, 0.7229453325271606, -2.4970951080322266, 1.1414254903793335, 1.1996867656707764, 0.949016809463501, -0.8340007662773132, -0.47844240069389343, -0.69032883644104, 0.40471911430358887, 0.7163429260253906, 1.0455665588378906, 0.06974932551383972, 0.3999541401863098, -1.3013319969177246, -0.6579177379608154, -0.17867031693458557, 0.5567865967750549, 0.5413128137588501, 1.0, 1.0, 1.0, 1.0, 1.0, 1.0, 1.0, 1.0, 1.0, 1.0, 1.0, 1.0]"
31,0.0,0.0,0.0,3.892783570336178e-05,0.0,289.7303466796875,3.4676417271839455e-05,0.0,258.08807373046875,0.0,0.0,0.0,0.6889940500259399,0.021930545568466187,0.014735070988535881,-0.33960098028182983,-0.34843048453330994,0.23788313567638397,0.3932214081287384,0.8608582615852356,-0.7749590277671814,0.8687586784362793,-0.9668509364128113,-1.129820704460144,0.9562759399414062,-0.9144936203956604,1.0864946842193604,"[0.6889940500259399, 0.021930545568466187, 0.014735070988535881, -0.2991001605987549, -0.19758029282093048, 7.915501191746444e-05, 0.0092382887378335, 0.004482954274863005, -0.9999474883079529, 0.699999988079071, 0.0, 0.0, -0.33960098028182983, -0.34843048453330994, 0.23788313567638397, 0.3932214081287384, 0.4608582556247711, -0.3749590218067169, 0.4687586724758148, -0.5668509006500244, -0.3298206925392151, 0.1562759280204773, -0.11449360847473145, 0.2864946722984314, 1.6299755573272705, 0.17765620350837708, 0.2154771238565445, -0.6141538619995117, -1.0545517206192017, 0.6913148760795593, 0.5384252667427063, -1.5002171993255615, 1.8164939880371094, 1.099102258682251, 1.2944209575653076, -2.2638261318206787, -0.4168439209461212, -0.7284785509109497, 0.354431688785553, 0.7303930521011353, 0.9902920722961426, 0.06710192561149597, 0.42891764640808105, -1.2399593591690063, -0.4943068027496338, -0.1773703694343567, 0.4882267713546753, 0.34698906540870667, 1.0, 1.0, 1.0, 1.0, 1.0, 1.0, 1.0, 1.0, 1.0, 1.0, 1.0, 1.0]"
32,0.0,0.0,0.0,3.695482882903889e-05,0.0,275.0457458496094,3.168624243699014e-05,0.0,235.83294677734375,0.0,0.0,0.0,0.7160684466362,0.03300558775663376,0.023172836750745773,-0.30679982900619507,-0.3450268507003784,0.24138003587722778,0.37998759746551514,0.8393502235412598,-0.7540271878242493,0.8774412870407104,-0.9863225817680359,-1.085334062576294,0.9694617390632629,-0.884874701499939,1.028957724571228,"[0.7160684466362, 0.03300558775663376, 0.023172836750745773, -0.21013018488883972, -0.1956213116645813, 0.012311688624322414, 0.005139915272593498, 0.009895277209579945, -0.9999377131462097, 0.699999988079071, 0.0, 0.0, -0.30679982900619507, -0.3450268507003784, 0.24138003587722778, 0.37998759746551514, 0.4393502175807953, -0.3540271818637848, 0.47744128108024597, -0.586322546005249, -0.285334050655365, 0.16946172714233398, -0.08487468957901001, 0.22895771265029907, 1.59413743019104, 0.08698758482933044, 0.10757695883512497, -0.7401655912399292, -1.1283607482910156, 0.8872543573379517, 0.47565633058547974, -0.6409589648246765, 2.651905059814453, 0.8811528086662292, 1.4373670816421509, -3.330789804458618, -0.39905497431755066, -0.6900169849395752, 0.3622875511646271, 0.678887128829956, 0.9188636541366577, 0.020429164171218872, 0.4559929370880127, -1.1176165342330933, -0.2805832624435425, -0.19931399822235107, 0.37675511837005615, 0.1580931842327118, 1.0, 1.0, 1.0, 1.0, 1.0, 1.0, 1.0, 1.0, 1.0, 1.0, 1.0, 1.0]"
33,0.0,0.0,0.0,3.364442818565294e-05,0.0,250.40724182128906,2.5029041353263892e-05,0.0,186.2850341796875,0.0,0.0,0.0,0.7469266057014465,0.04460560530424118,0.008433088660240173,-0.2781642973423004,-0.3448988199234009,0.2412729561328888,0.3621619939804077,0.8162405490875244,-0.7295844554901123,0.886989414691925,-0.988665759563446,-1.0222079753875732,0.9774435758590698,-0.8564653992652893,0.9584164619445801,"[0.7469266057014465, 0.04460560530424118, 0.008433088660240173, -0.020967060700058937, -0.1284986287355423, 0.0317540317773819, 0.0018959211884066463, 0.011887770146131516, -0.9999274015426636, 0.699999988079071, 0.0, 0.0, -0.2781642973423004, -0.3448988199234009, 0.2412729561328888, 0.3621619939804077, 0.41624054312705994, -0.3295844495296478, 0.48698940873146057, -0.5886657238006592, -0.2222079634666443, 0.17744356393814087, -0.05646538734436035, 0.15841645002365112, 1.3118430376052856, -0.08576661348342896, -0.056009724736213684, -1.030670166015625, -1.2167598009109497, 1.0836001634597778, 0.6186119914054871, 0.25327929854393005, 3.6127421855926514, 0.554938554763794, 1.1940144300460815, -3.7368173599243164, -0.43046870827674866, -0.6138095855712891, 0.3988812267780304, 0.6065065860748291, 0.805081844329834, -0.09658145904541016, 0.5052273273468018, -0.9266242980957031, -0.014736369252204895, -0.20656749606132507, 0.20679743587970734, -0.014315702021121979, 1.0, 1.0, 1.0, 1.0, 1.0, 1.0, 1.0, 1.0, 1.0, 1.0, 1.0, 1.0]"
34,7.375670247711241e-05,0.0,548.9530639648438,2.7171457986696623e-05,0.0,202.23052978515625,1.3486512216331903e-05,0.0,100.3768081665039,0.0,0.0,0.0,0.7911470532417297,0.06453514099121094,-0.014299815520644188,-0.2628679573535919,-0.3486112952232361,0.23713423311710358,0.3363041579723358,0.8008173704147339,-0.702864944934845,0.9003345370292664,-0.970705509185791,-0.957099199295044,0.9802871346473694,-0.8348620533943176,0.8839400410652161,"[0.7911470532417297, 0.06453514099121094, -0.014299815520644188, 0.3762526214122772, -0.10084974020719528, 0.02575714699923992, 0.0005850052111782134, 0.009776612743735313, -0.999951958656311, 0.699999988079071, 0.0, 0.0, -0.2628679573535919, -0.3486112952232361, 0.23713423311710358, 0.3363041579723358, 0.4008173644542694, -0.3028649389743805, 0.5003345012664795, -0.5707055330276489, -0.157099187374115, 0.18028712272644043, -0.03486204147338867, 0.08394002914428711, -0.8524922132492065, -0.48288267850875854, -0.471269428730011, -1.751770257949829, 1.7348620891571045, 1.3771235942840576, 0.853286623954773, 1.3634387254714966, -0.6125102639198303, 0.17467600107192993, 0.922136664390564, -3.78527569770813, -0.5183212757110596, -0.5293804407119751, 0.49899616837501526, 0.5533984899520874, 0.5821065902709961, -0.2876410186290741, 0.6269359588623047, -0.7151824235916138, 0.3402383327484131, -0.15694952011108398, -0.06921570003032684, -0.2235419750213623, 1.0, 1.0, 1.0, 1.0, 1.0, 1.0, 1.0, 1.0, 1.0, 1.0, 1.0, 1.0]"
35,3.6459325201576576e-05,0.0,271.35784912109375,1.171027724922169e-05,0.0,87.15673065185547,0.0,0.0,0.0,6.0216883866814896e-05,0.0,448.1795349121094,0.7686100006103516,0.018698515370488167,-0.02756514772772789,-0.27327412366867065,-0.3587646484375,0.23368030786514282,0.30818676948547363,0.8231653571128845,-0.6732663512229919,0.9128419160842896,-0.9387745261192322,-0.9467803835868835,0.9801402688026428,-0.8523972630500793,0.8314081430435181,"[0.7686100006103516, 0.018698515370488167, -0.02756514772772789, 0.31869563460350037, -0.07286782562732697, -0.0020909940358251333, -0.001184485969133675, 0.000912326097022742, -0.9999988675117493, 0.699999988079071, 0.0, 0.0, -0.27327412366867065, -0.3587646484375, 0.23368030786514282, 0.30818676948547363, 0.42316535115242004, -0.27326634526252747, 0.5128419399261475, -0.5387744903564453, -0.1467803716659546, 0.18014025688171387, -0.05239725112915039, 0.03140813112258911, -0.3477386236190796, -0.35922932624816895, 0.48462221026420593, -0.1127418577671051, 1.1144952774047852, 1.4604628086090088, 0.4561726450920105, 0.07998344302177429, 0.47417551279067993, -0.05328744277358055, -2.9856300354003906, 2.108613967895508, -0.6125567555427551, -0.39646250009536743, 0.7902660369873047, 0.5211158990859985, 0.3640483617782593, -0.6754213571548462, 1.0370488166809082, -0.3776649236679077, 0.6450892686843872, 0.12019670754671097, -0.605748176574707, -0.46855828166007996, 1.0, 1.0, 1.0, 1.0, 1.0, 1.0, 1.0, 1.0, 1.0, 1.0, 1.0, 1.0]"
36,3.669303623610176e-05,0.0,273.0972900390625,0.0,0.0,0.0,0.0,0.0,0.0,4.274457387509756e-05,0.0,318.1374206542969,0.7416072487831116,-0.015478847548365593,0.008741057477891445,-0.27067598700523376,-0.3559606969356537,0.2701806426048279,0.31055572628974915,0.8433955311775208,-0.6491643190383911,0.9170722365379333,-0.9292850494384766,-0.9356508255004883,0.9818068742752075,-0.9251803755760193,0.8571988940238953,"[0.7416072487831116, -0.015478847548365593, 0.008741057477891445, -0.2908934950828552, -0.05139722302556038, -0.014841183088719845, -0.0024335377383977175, 0.003249942325055599, -0.9999915957450867, 0.699999988079071, 0.0, 0.0, -0.27067598700523376, -0.3559606969356537, 0.2701806426048279, 0.31055572628974915, 0.4433955252170563, -0.24916431307792664, 0.5170722007751465, -0.5292850732803345, -0.13565081357955933, 0.18180686235427856, -0.12518036365509033, 0.05719888210296631, 0.3076431453227997, 0.37506765127182007, 2.428597927093506, 0.3338702917098999, 1.08578360080719, 0.8312631249427795, 0.16505904495716095, 0.7529032826423645, 0.44161176681518555, 0.335921049118042, -4.080711841583252, 0.9516534805297852, -0.8013178110122681, -0.6052201390266418, 0.6300842761993408, 0.41294780373573303, 0.607096791267395, -1.211918830871582, 1.1078431606292725, -0.3754675090312958, 0.5154122114181519, 0.6625247001647949, -1.078223705291748, -0.4222887456417084, 1.0, 1.0, 1.0, 1.0, 1.0, 1.0, 1.0, 1.0, 1.0, 1.0, 1.0, 1.0]"
37,3.2219897548202425e-05,0.0,239.8048095703125,0.0,0.0,0.0,0.0,0.0,0.0,4.064674794790335e-05,0.0,302.5238342285156,0.7002553343772888,0.007143354509025812,0.005684415344148874,-0.26963210105895996,-0.3608749508857727,0.31431177258491516,0.3114626109600067,0.8602170944213867,-0.6593736410140991,0.9216033816337585,-0.9173240065574646,-0.9229046106338501,1.0406208038330078,-1.0312596559524536,0.8766459822654724,"[0.7002553343772888, 0.007143354509025812, 0.005684415344148874, 0.1720019429922104, -0.0030437540262937546, 0.01639634184539318, -0.00280846212990582, 0.0041597806848585606, -0.9999873042106628, 0.699999988079071, 0.0, 0.0, -0.26963210105895996, -0.3608749508857727, 0.31431177258491516, 0.3114626109600067, 0.46021708846092224, -0.25937363505363464, 0.5216033458709717, -0.5173239707946777, -0.12290459871292114, 0.24062079191207886, -0.23125964403152466, 0.07664597034454346, -0.17901510000228882, -0.6925172805786133, 1.8244549036026, -0.1352386772632599, 0.7391158938407898, -1.2774068117141724, 0.1911722719669342, 0.5320908427238464, 0.7269078493118286, 4.123499393463135, -5.684980392456055, 1.068432331085205, -0.7010757327079773, -0.5640238523483276, 0.5957696437835693, 0.42393285036087036, 0.6488624811172485, -1.3171045780181885, 1.0998319387435913, -0.21691443026065826, 0.5100736618041992, 0.9003849029541016, -1.208195686340332, -0.3109096586704254, 1.0, 1.0, 1.0, 1.0, 1.0, 1.0, 1.0, 1.0, 1.0, 1.0, 1.0, 1.0]"
38,3.0093038731138222e-05,0.0,223.97512817382812,0.0,0.0,0.0,0.0,0.0,0.0,3.7811638321727514e-05,0.0,281.42279052734375,0.678411602973938,0.01762840896844864,-0.004896263126283884,-0.27603328227996826,-0.3775319457054138,0.3394802510738373,0.3058575987815857,0.8732596039772034,-0.7016700506210327,0.9189996123313904,-0.9076794385910034,-0.907760500907898,1.1135292053222656,-1.1371608972549438,0.8971922397613525,"[0.678411602973938, 0.01762840896844864, -0.004896263126283884, 0.257262647151947, 0.03356863930821419, 0.048261649906635284, -0.0023774730507284403, -0.0016535933827981353, -0.9999960064888, 0.699999988079071, 0.0, 0.0, -0.27603328227996826, -0.3775319457054138, 0.3394802510738373, 0.3058575987815857, 0.4732595980167389, -0.30167004466056824, 0.5189995765686035, -0.5076794624328613, -0.107760488986969, 0.31352919340133667, -0.3371608853340149, 0.09719222784042358, -0.3051761984825134, -0.7600343823432922, 1.0551245212554932, -0.23586076498031616, 0.6601717472076416, -2.5344138145446777, -0.3552130162715912, 0.47030526399612427, 0.7017466425895691, 3.201648473739624, -4.92097282409668, 1.0269355773925781, -0.5870527029037476, -0.682479202747345, 0.6387268900871277, 0.45636025071144104, 0.5935752391815186, -1.2978041172027588, 1.0954984426498413, -0.22619730234146118, 0.472833514213562, 0.9186394810676575, -1.2029929161071777, -0.29354074597358704, 1.0, 1.0, 1.0, 1.0, 1.0, 1.0, 1.0, 1.0, 1.0, 1.0, 1.0, 1.0]"
39,3.2909007131820545e-05,0.0,244.93370056152344,0.0,0.0,0.0,0.0,0.0,0.0,3.75159434042871e-05,0.0,279.22198486328125,0.6709996461868286,0.016098903492093086,-0.005926004610955715,-0.2792564332485199,-0.38914138078689575,0.3571932017803192,0.303732305765152,0.8869844675064087,-0.7613434195518494,0.9043307304382324,-0.8958349227905273,-0.8947446346282959,1.165346384048462,-1.210086464881897,0.9138848781585693,"[0.6709996461868286, 0.016098903492093086, -0.005926004610955715, 0.03362949565052986, 0.026887236163020134, 0.04360390082001686, -0.0017471970058977604, -0.003868918167427182, -0.9999908208847046, 0.699999988079071, 0.0, 0.0, -0.2792564332485199, -0.38914138078689575, 0.3571932017803192, 0.303732305765152, 0.4869844615459442, -0.3613434135913849, 0.5043307542800903, -0.49583491683006287, -0.09474462270736694, 0.36534637212753296, -0.410086452960968, 0.11388486623764038, -0.10293388366699219, -0.5029622316360474, 0.7400770783424377, -0.02747904509305954, 0.6898499131202698, -3.1560986042022705, -0.9734220504760742, 0.5953556299209595, 0.6231828331947327, 2.112034559249878, -2.559990406036377, 0.8304299712181091, -0.5290372967720032, -0.6833397746086121, 0.5758174657821655, 0.4790410101413727, 0.5342848300933838, -1.301707148551941, 1.0685592889785767, -0.25155383348464966, 0.4907689690589905, 0.9226492643356323, -1.1023058891296387, -0.3255138099193573, 1.0, 1.0, 1.0, 1.0, 1.0, 1.0, 1.0, 1.0, 1.0, 1.0, 1.0, 1.0]"
40,3.5280725569464266e-05,0.0,262.5858154296875,0.0,0.0,0.0,0.0,0.0,0.0,3.76583993784152e-05,0.0,280.2822265625,0.6741433143615723,0.018413115292787552,0.004903079010546207,-0.28050681948661804,-0.3982548713684082,0.36527931690216064,0.3031168282032013,0.8995707631111145,-0.824747622013092,0.8805904388427734,-0.8815320730209351,-0.8795585036277771,1.1915055513381958,-1.2345243692398071,0.92746502161026,"[0.6741433143615723, 0.018413115292787552, 0.004903079010546207, 0.016248973086476326, 0.00843143928796053, 0.0237874835729599, -0.001450392883270979, -0.004238738212734461, -0.9999904632568359, 0.699999988079071, 0.0, 0.0, -0.28050681948661804, -0.3982548713684082, 0.36527931690216064, 0.3031168282032013, 0.49957075715065, -0.42474761605262756, 0.48059043288230896, -0.4815320670604706, -0.07955849170684814, 0.39150553941726685, -0.4345243573188782, 0.12746500968933105, -0.08215411007404327, -0.42250099778175354, 0.18458177149295807, -0.025034241378307343, 0.5877107977867126, -3.120098114013672, -1.2868765592575073, 0.6977430582046509, 0.7953615188598633, 0.9655558466911316, -0.47779449820518494, 0.709226667881012, -0.4950798451900482, -0.6979976296424866, 0.516163170337677, 0.53562331199646, 0.45753681659698486, -1.2880232334136963, 1.0413076877593994, -0.28726476430892944, 0.5118765830993652, 0.9097855091094971, -0.9608855843544006, -0.3374689221382141, 1.0, 1.0, 1.0, 1.0, 1.0, 1.0, 1.0, 1.0, 1.0, 1.0, 1.0, 1.0]"
41,3.587568426155485e-05,0.0,267.013916015625,0.0,0.0,0.0,0.0,0.0,0.0,3.7149984564166516e-05,0.0,276.4982604980469,0.6861794590950012,0.01880866102874279,0.019701849669218063,-0.2817886173725128,-0.4037693440914154,0.36216670274734497,0.30189740657806396,0.9096758365631104,-0.8815540075302124,0.8540745973587036,-0.8650608062744141,-0.8598138093948364,1.2032088041305542,-1.2289557456970215,0.9388094544410706,"[0.6861794590950012, 0.01880866102874279, 0.019701849669218063, 0.0417977012693882, -0.004106741864234209, 0.009076117537915707, -0.0014852677704766393, -0.004945669788867235, -0.9999867677688599, 0.699999988079071, 0.0, 0.0, -0.2817886173725128, -0.4037693440914154, 0.36216670274734497, 0.30189740657806396, 0.5096758604049683, -0.4815540015697479, 0.45407459139823914, -0.4650608003139496, -0.05981379747390747, 0.40320879220962524, -0.42895573377609253, 0.1388094425201416, -0.09930214285850525, -0.15062682330608368, -0.36437568068504333, -0.0614280104637146, 0.4487045407295227, -2.6035168170928955, -1.3549882173538208, 0.8064255714416504, 1.0326684713363647, 0.2505212426185608, 0.7783706784248352, 0.5874962210655212, -0.49586817622184753, -0.7185747623443604, 0.4586133062839508, 0.6126434803009033, 0.415155291557312, -1.2441949844360352, 0.9912070035934448, -0.30034950375556946, 0.5334753394126892, 0.8531724214553833, -0.812263548374176, -0.3596138060092926, 1.0, 1.0, 1.0, 1.0, 1.0, 1.0, 1.0, 1.0, 1.0, 1.0, 1.0, 1.0]"
42,3.536331496434286e-05,0.0,263.20050048828125,0.0,0.0,0.0,0.0,0.0,0.0,3.64066545444075e-05,0.0,270.9658203125,0.7041313052177429,0.018547145649790764,0.03763602674007416,-0.28330546617507935,-0.40252089500427246,0.34881770610809326,0.2998718321323395,0.9169982075691223,-0.923401951789856,0.8270539045333862,-0.8459669947624207,-0.8353055715560913,1.1975566148757935,-1.2024959325790405,0.9470916986465454,"[0.7041313052177429, 0.018547145649790764, 0.03763602674007416, 0.06867789477109909, 0.006236313842236996, -0.0026567724999040365, -0.001515073119662702, -0.0062034279108047485, -0.9999797344207764, 0.699999988079071, 0.0, 0.0, -0.28330546617507935, -0.40252089500427246, 0.34881770610809326, 0.2998718321323395, 0.5169981718063354, -0.5234019756317139, 0.42705389857292175, -0.4459669888019562, -0.035305559635162354, 0.3975566029548645, -0.4024959206581116, 0.14709168672561646, -0.11557011306285858, 0.1966627538204193, -0.8510951399803162, -0.10141559690237045, 0.30284857749938965, -1.742247223854065, -1.3842074871063232, 0.9402470588684082, 1.2645072937011719, -0.7939990758895874, 1.7974510192871094, 0.40872088074684143, -0.5347034931182861, -0.7436693906784058, 0.41723519563674927, 0.7103121280670166, 0.3783451318740845, -1.1784732341766357, 0.8999553918838501, -0.298435777425766, 0.5468525886535645, 0.7075469493865967, -0.6306524276733398, -0.39276477694511414, 1.0, 1.0, 1.0, 1.0, 1.0, 1.0, 1.0, 1.0, 1.0, 1.0, 1.0, 1.0]"
43,3.444460526225157e-05,0.0,256.3627624511719,0.0,0.0,0.0,0.0,0.0,0.0,3.58814031642396e-05,0.0,267.0564880371094,0.7244501709938049,0.01823609322309494,0.058965183794498444,-0.28470611572265625,-0.39543864130973816,0.3273249864578247,0.2973424196243286,0.9216492176055908,-0.9462419152259827,0.7980272173881531,-0.8235868811607361,-0.8069844245910645,1.1644965410232544,-1.153280258178711,0.9504611492156982,"[0.7244501709938049, 0.01823609322309494, 0.058965183794498444, 0.05380227789282799, 0.05094122514128685, -0.012655342929065228, -0.0009350288892164826, -0.007563530933111906, -0.9999708533287048, 0.699999988079071, 0.0, 0.0, -0.28470611572265625, -0.39543864130973816, 0.3273249864578247, 0.2973424196243286, 0.5216492414474487, -0.5462418794631958, 0.3980272114276886, -0.4235868752002716, -0.006984412670135498, 0.36449652910232544, -0.353280246257782, 0.1504611372947693, -0.08699342608451843, 0.4718364179134369, -1.2027629613876343, -0.10961005091667175, 0.1775464415550232, -0.731758177280426, -1.5544424057006836, 1.1191521883010864, 1.4308781623840332, -2.497098445892334, 3.0830254554748535, 0.11466699093580246, -0.6161449551582336, -0.7473658919334412, 0.38392311334609985, 0.8178459405899048, 0.34673362970352173, -1.0574696063995361, 0.7531102895736694, -0.2876683473587036, 0.5568232536315918, 0.4495491087436676, -0.362959086894989, -0.4619894325733185, 1.0, 1.0, 1.0, 1.0, 1.0, 1.0, 1.0, 1.0, 1.0, 1.0, 1.0, 1.0]"
44,3.252886381233111e-05,0.0,242.10438537597656,0.0,0.0,0.0,0.0,0.0,0.0,3.364469012012705e-05,0.0,250.40919494628906,0.7461982369422913,0.015605648048222065,0.07733021676540375,-0.28488689661026,-0.38343605399131775,0.30161747336387634,0.29540523886680603,0.9243359565734863,-0.9481084942817688,0.7633786797523499,-0.7971635460853577,-0.776823878288269,1.0972516536712646,-1.077367901802063,0.9466020464897156,"[0.7461982369422913, 0.015605648048222065, 0.07733021676540375, -0.027342690154910088, 0.12408682703971863, -0.019269974902272224, 0.0009299989324063063, -0.00778594147413969, -0.9999691843986511, 0.699999988079071, 0.0, 0.0, -0.28488689661026, -0.38343605399131775, 0.30161747336387634, 0.29540523886680603, 0.5243359804153442, -0.5481084585189819, 0.3633786737918854, -0.3971635401248932, 0.023176133632659912, 0.2972516417503357, -0.27736788988113403, 0.14660203456878662, 0.01758567988872528, 0.7242138385772705, -1.2918119430541992, -0.05720443278551102, 0.11883507668972015, 0.33396509289741516, -1.8731064796447754, 1.3294034004211426, 1.4853395223617554, -4.036300182342529, 4.320671558380127, -0.27059802412986755, -0.7538424730300903, -0.6773861646652222, 0.43355563282966614, 0.851050615310669, 0.33830180764198303, -0.901429295539856, 0.6016985177993774, -0.3440181314945221, 0.5044910311698914, 0.1573610007762909, -0.03807000815868378, -0.4954333007335663, 1.0, 1.0, 1.0, 1.0, 1.0, 1.0, 1.0, 1.0, 1.0, 1.0, 1.0, 1.0]"
45,2.690839573915582e-05,0.0,200.27261352539062,0.0,0.0,0.0,0.0,0.0,0.0,2.7603426133282483e-05,0.0,205.445556640625,0.7691287398338318,0.006628891918808222,0.06980634480714798,-0.2830267548561096,-0.3641776740550995,0.27931681275367737,0.29524436593055725,0.9271097183227539,-0.9278588891029358,0.7228132486343384,-0.7674992680549622,-0.7483025193214417,1.0061582326889038,-0.982977569103241,0.9358444809913635,"[0.7691287398338318, 0.006628891918808222, 0.06980634480714798, -0.13846731185913086, 0.2177242785692215, -0.026265928521752357, 0.004506972152739763, -0.005897932220250368, -0.9999722838401794, 0.699999988079071, 0.0, 0.0, -0.2830267548561096, -0.3641776740550995, 0.27931681275367737, 0.29524436593055725, 0.5271097421646118, -0.5278588533401489, 0.3228132426738739, -0.3674992620944977, 0.051697492599487305, 0.20615822076797485, -0.182977557182312, 0.13584446907043457, 0.17910774052143097, 1.1620995998382568, -0.9506127238273621, 0.03880854323506355, 0.2117346227169037, 1.4482918977737427, -2.1069064140319824, 1.4854215383529663, 1.3372896909713745, -4.898716449737549, 4.89937162399292, -0.6065554618835449, -0.8865330815315247, -0.5449883341789246, 0.5228037238121033, 0.7975096702575684, 0.38895970582962036, -0.7040088176727295, 0.4943753182888031, -0.5284281373023987, 0.32163864374160767, -0.09850869327783585, 0.2206791788339615, -0.42690062522888184, 1.0, 1.0, 1.0, 1.0, 1.0, 1.0, 1.0, 1.0, 1.0, 1.0, 1.0, 1.0]"
46,1.5605097360094078e-05,0.0,116.1449203491211,0.0,0.0,0.0,1.678804801485967e-05,0.0,124.94932556152344,1.583330777066294e-05,0.0,117.84343719482422,0.790246844291687,-0.006407762877643108,0.057664889842271805,-0.2750758230686188,-0.3287821412086487,0.28119245171546936,0.30192920565605164,0.932704508304596,-0.8855602145195007,0.7274121642112732,-0.7346513271331787,-0.7227679491043091,0.9092473983764648,-0.9538009762763977,0.9212754368782043,"[0.790246844291687, -0.006407762877643108, 0.057664889842271805, -0.6172233819961548, 0.11497818678617477, 0.025188980624079704, 0.008067335933446884, 0.0024091105442494154, -0.9999648332595825, 0.699999988079071, 0.0, 0.0, -0.2750758230686188, -0.3287821412086487, 0.28119245171546936, 0.30192920565605164, 0.5327044725418091, -0.48556020855903625, 0.3274121582508087, -0.33465132117271423, 0.07723206281661987, 0.10924738645553589, -0.15380096435546875, 0.12127542495727539, 0.7080094814300537, 2.170147657394409, 0.7873386144638062, 0.5442550182342529, 0.3923340439796448, 2.5222902297973633, 1.307711124420166, 1.7664134502410889, 1.3696444034576416, -4.891142845153809, -2.205895185470581, -0.8000561594963074, -1.0156248807907104, -0.41285786032676697, 0.5877104997634888, 0.7218173742294312, 0.47303086519241333, -0.5119123458862305, 0.37024983763694763, -0.7481386661529541, 0.023243799805641174, -0.31124258041381836, 0.3856806755065918, -0.3279314935207367, 1.0, 1.0, 1.0, 1.0, 1.0, 1.0, 1.0, 1.0, 1.0, 1.0, 1.0, 1.0]"
47,0.0,0.0,0.0,5.361317744245753e-05,0.0,399.02978515625,3.274121991125867e-05,0.0,243.6848907470703,1.5815311371625285e-06,0.0,11.770950317382812,0.7379704117774963,0.041793014854192734,0.07609918713569641,-0.2812328338623047,-0.30696970224380493,0.29004231095314026,0.312383770942688,0.9381118416786194,-0.8482600450515747,0.7425329685211182,-0.7025966644287109,-0.7647508978843689,0.8794084787368774,-0.939091145992279,0.9055673480033875,"[0.7379704117774963, 0.041793014854192734, 0.07609918713569641, -0.3292587399482727, 0.14542019367218018, 0.13440145552158356, 0.00997311994433403, 0.01408426370471716, -0.9998511075973511, 0.699999988079071, 0.0, 0.0, -0.2812328338623047, -0.30696970224380493, 0.29004231095314026, 0.312383770942688, 0.5381118059158325, -0.44826003909111023, 0.3425329625606537, -0.30259665846824646, 0.03524911403656006, 0.07940846681594849, -0.1390911340713501, 0.1055673360824585, -1.365343451499939, 0.30243468284606934, 0.1549127697944641, 0.3342806398868561, 0.012663964182138443, 0.5657076239585876, 0.9347150325775146, 1.3717315196990967, -4.786930561065674, 0.6484371423721313, 0.3812730312347412, -0.7653152346611023, -0.85785973072052, -0.5318830013275146, 0.38442927598953247, 0.7387732267379761, 0.8887525200843811, -0.26740941405296326, 0.40544870495796204, -1.344802737236023, -0.7425349354743958, -0.5209372639656067, 0.5425235033035278, 0.216075599193573, 1.0, 1.0, 1.0, 1.0, 1.0, 1.0, 1.0, 1.0, 1.0, 1.0, 1.0, 1.0]"
48,0.0,0.0,0.0,3.7401230656541884e-05,0.0,278.36822509765625,3.3677810279186815e-05,0.0,250.65570068359375,0.0,0.0,0.0,0.6889691352844238,0.04172145575284958,0.07713434845209122,-0.31979960203170776,-0.30591875314712524,0.2865045964717865,0.3262682259082794,0.9228804111480713,-0.825249195098877,0.7599753737449646,-0.7053897380828857,-0.848349928855896,0.8759244680404663,-0.9318919777870178,0.9254347085952759,"[0.6889691352844238, 0.04172145575284958, 0.07713434845209122, 0.11651989072561264, 0.15567922592163086, 0.15603089332580566, 0.013072545640170574, 0.014050395227968693, -0.9998158812522888, 0.699999988079071, 0.0, 0.0, -0.31979960203170776, -0.30591875314712524, 0.2865045964717865, 0.3262682259082794, 0.5228804349899292, -0.4252491891384125, 0.3599753677845001, -0.30538973212242126, -0.04834991693496704, 0.07592445611953735, -0.13189196586608887, 0.12543469667434692, -1.9345749616622925, -0.04883947595953941, -0.2623487710952759, 1.1819922924041748, -0.9904590845108032, 1.1099638938903809, 0.9663575291633606, -1.345220923423767, -4.520634174346924, -0.20490509271621704, 0.16952331364154816, 3.599691867828369, -0.46120452880859375, -0.7685897946357727, 0.37005940079689026, 0.8309109210968018, 1.2151716947555542, -0.15653029084205627, 0.5684131383895874, -1.6671134233474731, -1.1366170644760132, -0.3542374074459076, 0.5605259537696838, 0.7854708433151245, 1.0, 1.0, 1.0, 1.0, 1.0, 1.0, 1.0, 1.0, 1.0, 1.0, 1.0, 1.0]"
49,0.0,0.0,0.0,3.150578777422197e-05,0.0,234.4898681640625,3.2942505640676245e-05,0.0,245.18301391601562,0.0,0.0,0.0,0.6669219136238098,0.025916749611496925,0.03632489964365959,-0.3437556028366089,-0.30551186203956604,0.28369322419166565,0.3650720715522766,0.9077783823013306,-0.8042385578155518,0.778045117855072,-0.7599818706512451,-0.9771028757095337,0.8733704090118408,-0.928213357925415,1.017162561416626,"[0.6669219136238098, 0.025916749611496925, 0.03632489964365959, 0.004839814733713865, 0.1581004559993744, 0.08883845061063766, 0.016394462436437607, 0.01338045671582222, -0.9997761845588684, 0.699999988079071, 0.0, 0.0, -0.3437556028366089, -0.30551186203956604, 0.28369322419166565, 0.3650720715522766, 0.5077784061431885, -0.4042385518550873, 0.37804511189460754, -0.35998186469078064, -0.17710286378860474, 0.07337039709091187, -0.12821334600448608, 0.21716254949569702, -0.7262279987335205, 0.02654898725450039, -0.07458877563476562, 2.1975903511047363, -0.642734169960022, 0.8682880997657776, 0.9473573565483093, -3.280059337615967, -6.826384544372559, 0.09227589517831802, 0.09826663136482239, 4.046034812927246, -0.549775242805481, -0.665891706943512, 0.41555461287498474, 0.75309157371521, 1.2754454612731934, -0.17284169793128967, 0.5180882811546326, -1.5108846426010132, -1.2234705686569214, -0.3691084682941437, 0.5923362374305725, 0.8622153997421265, 1.0, 1.0, 1.0, 1.0, 1.0, 1.0, 1.0, 1.0, 1.0, 1.0, 1.0, 1.0]"
50,0.0,0.0,0.0,3.267060674261302e-05,0.0,243.1593475341797,3.403321170480922e-05,0.0,253.30088806152344,0.0,0.0,0.0,0.6707378625869751,0.035727232694625854,0.00965222530066967,-0.3513469696044922,-0.3076384961605072,0.2803846001625061,0.40637215971946716,0.8983496427536011,-0.7848449349403381,0.7972940802574158,-0.8342556357383728,-1.0973559617996216,0.8756074905395508,-0.9249698519706726,1.0841152667999268,"[0.6707378625869751, 0.035727232694625854, 0.00965222530066967, 0.18303747475147247, 0.056749023497104645, 0.03146808221936226, 0.018350472673773766, 0.011270537972450256, -0.9997681379318237, 0.699999988079071, 0.0, 0.0, -0.3513469696044922, -0.3076384961605072, 0.2803846001625061, 0.40637215971946716, 0.4983496367931366, -0.38484492897987366, 0.3972940742969513, -0.4342556297779083, -0.2973559498786926, 0.07560747861862183, -0.12496984004974365, 0.2841152548789978, -0.2951664924621582, -0.2028741091489792, -0.22920937836170197, 1.8794625997543335, -0.3910086154937744, 0.862713098526001, 1.0283914804458618, -3.8317923545837402, -5.272499084472656, 0.2975230813026428, 0.13090190291404724, 3.0361287593841553, -0.588249683380127, -0.48569056391716003, 0.49213698506355286, 0.718543529510498, 1.2337719202041626, -0.06379872560501099, 0.5346047878265381, -1.4397151470184326, -1.0521806478500366, -0.3442326784133911, 0.532405436038971, 0.8432406187057495, 1.0, 1.0, 1.0, 1.0, 1.0, 1.0, 1.0, 1.0, 1.0, 1.0, 1.0, 1.0]"
51,0.0,0.0,0.0,3.5256485716672614e-05,0.0,262.4053955078125,3.414306047488935e-05,0.0,254.11846923828125,0.0,0.0,0.0,0.6873014569282532,0.04654129967093468,0.01287900097668171,-0.3537874221801758,-0.31221336126327515,0.27539217472076416,0.4339284896850586,0.8905717730522156,-0.7648525834083557,0.8159438967704773,-0.903931200504303,-1.1580110788345337,0.8814341425895691,-0.916820764541626,1.1188669204711914,"[0.6873014569282532, 0.04654129967093468, 0.01287900097668171, 0.1415146142244339, -0.052060142159461975, 0.019684864208102226, 0.01806723326444626, 0.007772559765726328, -0.9998065233230591, 0.699999988079071, 0.0, 0.0, -0.3537874221801758, -0.31221336126327515, 0.27539217472076416, 0.4339284896850586, 0.4905717670917511, -0.36485257744789124, 0.4159438908100128, -0.5039311647415161, -0.35801106691360474, 0.08143413066864014, -0.11682075262069702, 0.31886690855026245, 0.03778599947690964, -0.20670565962791443, -0.21903395652770996, 1.0317206382751465, -0.47574642300605774, 0.8890431523323059, 0.9199072122573853, -3.1444034576416016, -1.2890748977661133, 0.5062752962112427, 0.5160222053527832, 0.7896302342414856, -0.5648390650749207, -0.4623130261898041, 0.5175028443336487, 0.671441912651062, 1.1512672901153564, -0.025923818349838257, 0.4277269244194031, -1.4004851579666138, -0.8177798986434937, -0.3338041603565216, 0.5160382986068726, 0.7391520738601685, 1.0, 1.0, 1.0, 1.0, 1.0, 1.0, 1.0, 1.0, 1.0, 1.0, 1.0, 1.0]"
52,0.0,0.0,0.0,3.509651651256718e-05,0.0,261.21478271484375,3.420711072976701e-05,0.0,254.59515380859375,0.0,0.0,0.0,0.7073470950126648,0.05343898758292198,0.02325708419084549,-0.3475598394870758,-0.3141743838787079,0.2729491591453552,0.44312241673469543,0.8800126314163208,-0.7441776394844055,0.83083575963974,-0.9535830616950989,-1.1527612209320068,0.890188455581665,-0.8994417190551758,1.1173896789550781,"[0.7073470950126648, 0.05343898758292198, 0.02325708419084549, -0.057046759873628616, -0.1211475357413292, 0.016631120815873146, 0.016042908653616905, 0.007600839249789715, -0.9998424053192139, 0.699999988079071, 0.0, 0.0, -0.3475598394870758, -0.3141743838787079, 0.2729491591453552, 0.44312241673469543, 0.4800126254558563, -0.34417763352394104, 0.4308357536792755, -0.553583025932312, -0.3527612090110779, 0.09018844366073608, -0.09944170713424683, 0.31738966703414917, 0.4994937777519226, -0.03907313570380211, -0.05891866981983185, 0.07604844123125076, -0.6010206937789917, 0.9006152153015137, 0.7169034481048584, -2.038935422897339, 1.0209907293319702, 0.6427169442176819, 0.9658357501029968, -0.786893904209137, -0.4408245384693146, -0.5837801694869995, 0.4608187973499298, 0.6507668495178223, 1.0540143251419067, 0.012439459562301636, 0.41083645820617676, -1.3621079921722412, -0.637779951095581, -0.289091020822525, 0.517589807510376, 0.537476122379303, 1.0, 1.0, 1.0, 1.0, 1.0, 1.0, 1.0, 1.0, 1.0, 1.0, 1.0, 1.0]"
53,0.0,0.0,0.0,3.251969246775843e-05,0.0,242.0361328125,3.2573152566328645e-05,0.0,242.4340057373047,0.0,0.0,0.0,0.7266467809677124,0.06035790592432022,0.025404157117009163,-0.33017078042030334,-0.314319908618927,0.27246299386024475,0.43291494250297546,0.8648203015327454,-0.7222763895988464,0.8426124453544617,-0.9815634489059448,-1.118102788925171,0.8997830748558044,-0.87534099817276,1.0822688341140747,"[0.7266467809677124, 0.06035790592432022, 0.025404157117009163, -0.10436628758907318, -0.15098753571510315, 0.00034253322519361973, 0.013117559254169464, 0.009812003001570702, -0.9998660087585449, 0.699999988079071, 0.0, 0.0, -0.33017078042030334, -0.314319908618927, 0.27246299386024475, 0.43291494250297546, 0.4648202955722809, -0.32227638363838196, 0.4426124393939972, -0.5815634727478027, -0.31810277700424194, 0.09978306293487549, -0.07534098625183105, 0.28226882219314575, 1.0800596475601196, -0.02432263456285, -0.01174565777182579, -0.8321913480758667, -0.8923286199569702, 0.9743321537971497, 0.5952789187431335, -1.0391103029251099, 2.131225347518921, 0.6289139986038208, 1.187816858291626, -2.4173128604888916, -0.37696000933647156, -0.6585083603858948, 0.38323384523391724, 0.6811147928237915, 0.9737733602523804, 0.01543840765953064, 0.42367812991142273, -1.2785587310791016, -0.46791988611221313, -0.2785945534706116, 0.471931517124176, 0.32056912779808044, 1.0, 1.0, 1.0, 1.0, 1.0, 1.0, 1.0, 1.0, 1.0, 1.0, 1.0, 1.0]"
54,0.0,0.0,0.0,3.0182582122506574e-05,0.0,224.64158630371094,2.8609827495529316e-05,0.0,212.93594360351562,0.0,0.0,0.0,0.7474735975265503,0.06610357761383057,0.011445518583059311,-0.3036542534828186,-0.31583669781684875,0.2710045576095581,0.4105674624443054,0.8439950346946716,-0.6985074281692505,0.8539769053459167,-0.9934530854225159,-1.0704487562179565,0.9078356027603149,-0.8498969674110413,1.021490454673767,"[0.7474735975265503, 0.06610357761383057, 0.011445518583059311, -0.008702253922820091, -0.1378583014011383, -0.005313696805387735, 0.010130217298865318, 0.011001981794834137, -0.9998882412910461, 0.699999988079071, 0.0, 0.0, -0.3036542534828186, -0.31583669781684875, 0.2710045576095581, 0.4105674624443054, 0.44399502873420715, -0.298507422208786, 0.45397689938545227, -0.593453049659729, -0.2704487442970276, 0.10783559083938599, -0.049896955490112305, 0.22149044275283813, 1.4351304769515991, -0.13501077890396118, -0.06035717949271202, -1.2798471450805664, -1.167815923690796, 1.0839855670928955, 0.630459725856781, -0.2888440191745758, 2.754518747329712, 0.5069555640220642, 1.10469651222229, -3.5832903385162354, -0.37325701117515564, -0.6385190486907959, 0.3712215721607208, 0.6560584306716919, 0.8808032274246216, -0.02589350938796997, 0.4578001797199249, -1.1036845445632935, -0.22781141102313995, -0.2865423262119293, 0.3610789179801941, 0.09802260249853134, 1.0, 1.0, 1.0, 1.0, 1.0, 1.0, 1.0, 1.0, 1.0, 1.0, 1.0, 1.0]"
55,0.0,0.0,0.0,2.629665505082812e-05,0.0,195.71957397460938,2.2019508833182044e-05,0.0,163.88583374023438,0.0,0.0,0.0,0.7724503874778748,0.07167346775531769,-0.022312287241220474,-0.2749009132385254,-0.32000795006752014,0.26705196499824524,0.3815919756889343,0.8177804350852966,-0.6731647253036499,0.8674384951591492,-0.9888108968734741,-1.0046489238739014,0.9130746126174927,-0.8279563784599304,0.943122386932373,"[0.7724503874778748, 0.07167346775531769, -0.022312287241220474, 0.12238059192895889, -0.07312168926000595, 0.02154548279941082, 0.008086412213742733, 0.009520882740616798, -0.9999219179153442, 0.699999988079071, 0.0, 0.0, -0.2749009132385254, -0.32000795006752014, 0.26705196499824524, 0.3815919756889343, 0.41778042912483215, -0.2731647193431854, 0.4674384891986847, -0.588810920715332, -0.2046489119529724, 0.11307460069656372, -0.027956366539001465, 0.1431223750114441, 1.3986213207244873, -0.2526472210884094, -0.14814800024032593, -1.5657414197921753, -1.4387855529785156, 1.1747874021530151, 0.8618429899215698, 0.6228097081184387, 3.8505144119262695, 0.3337175250053406, 0.8727574348449707, -4.208980560302734, -0.45160552859306335, -0.5359476208686829, 0.4332491457462311, 0.5986675024032593, 0.7168253660202026, -0.1725214421749115, 0.5381084680557251, -0.8399513959884644, 0.11454099416732788, -0.2531854510307312, 0.1410662680864334, -0.11743950098752975, 1.0, 1.0, 1.0, 1.0, 1.0, 1.0, 1.0, 1.0, 1.0, 1.0, 1.0, 1.0]"
56,3.157605533488095e-05,0.0,235.0128631591797,1.6455765944556333e-05,0.0,122.47624206542969,0.0,0.0,0.0,0.0,0.0,0.0,0.8017981052398682,0.0928109735250473,-0.08521008491516113,-0.25525176525115967,-0.3259555995464325,0.26121363043785095,0.34723496437072754,0.7881284952163696,-0.648746132850647,0.8852803707122803,-0.9627678990364075,-0.9186395406723022,0.9171537160873413,-0.8193694353103638,0.8572624921798706,"[0.8017981052398682, 0.0928109735250473, -0.08521008491516113, 0.3783566653728485, -0.017032261937856674, 0.062148671597242355, 0.008185322396457195, 0.005914466921240091, -0.9999489784240723, 0.699999988079071, 0.0, 0.0, -0.25525176525115967, -0.3259555995464325, 0.26121363043785095, 0.34723496437072754, 0.38812848925590515, -0.2487461268901825, 0.4852803647518158, -0.5627678632736206, -0.11863952875137329, 0.11715370416641235, -0.019369423389434814, 0.05726248025894165, -1.1458897590637207, -0.5195844173431396, -0.49710553884506226, -2.092472553253174, -0.10190403461456299, 1.2372784614562988, 0.8786883354187012, 1.785857915878296, 3.7638323307037354, 0.243408203125, -0.23871231079101562, -4.427207946777344, -0.5796858668327332, -0.4564090073108673, 0.6190575361251831, 0.5474303960800171, 0.4256824254989624, -0.47777214646339417, 0.70549476146698, -0.5721570253372192, 0.5388256907463074, -0.05970378965139389, -0.26783818006515503, -0.3717842996120453, 1.0, 1.0, 1.0, 1.0, 1.0, 1.0, 1.0, 1.0, 1.0, 1.0, 1.0, 1.0]"
57,4.7369172534672543e-05,0.0,352.55718994140625,3.1046556614455767e-06,0.0,23.107194900512695,0.0,0.0,0.0,5.601254815701395e-05,0.0,416.8877258300781,0.7753973603248596,0.020885081961750984,-0.12682636082172394,-0.2666490077972412,-0.33574777841567993,0.2640182375907898,0.31150680780410767,0.8189445734024048,-0.6259883642196655,0.8971285820007324,-0.9158158898353577,-0.9207730889320374,0.926526665687561,-0.8705624938011169,0.7834293246269226,"[0.7753973603248596, 0.020885081961750984, -0.12682636082172394, 0.15761932730674744, -0.09339743107557297, 0.039727065712213516, 0.00658620148897171, -0.0018198264297097921, -0.999976634979248, 0.699999988079071, 0.0, 0.0, -0.2666490077972412, -0.33574777841567993, 0.2640182375907898, 0.31150680780410767, 0.4189445674419403, -0.22598835825920105, 0.49712857604026794, -0.5158158540725708, -0.1207730770111084, 0.12652665376663208, -0.07056248188018799, -0.016570687294006348, -0.25096818804740906, -0.14578303694725037, 0.9937939643859863, 0.8177626132965088, 1.5168166160583496, 0.9221383333206177, 0.43704307079315186, 0.4680349826812744, -0.09145864844322205, 0.560474693775177, -3.940126895904541, 4.877397060394287, -0.6894519329071045, -0.5182511210441589, 0.8737634420394897, 0.5041598081588745, 0.2767982482910156, -0.9663699865341187, 1.0222784280776978, -0.39155030250549316, 0.6505369544029236, 0.3554326295852661, -0.8680872321128845, -0.5391111969947815, 1.0, 1.0, 1.0, 1.0, 1.0, 1.0, 1.0, 1.0, 1.0, 1.0, 1.0, 1.0]"
58,4.0915172576205805e-05,0.0,304.52166748046875,0.0,0.0,0.0,0.0,0.0,0.0,4.641429768525995e-05,0.0,345.4502868652344,0.7228776812553406,0.013048910535871983,-0.07887107133865356,-0.2652052044868469,-0.33508026599884033,0.30623626708984375,0.3167584538459778,0.845500648021698,-0.6270291209220886,0.9019641280174255,-0.9144368171691895,-0.919307291507721,0.9621697068214417,-0.9615938067436218,0.8234749436378479,"[0.7228776812553406, 0.013048910535871983, -0.07887107133865356, -0.15346397459506989, -0.07461768388748169, -0.007597570773214102, 0.004823543597012758, 0.0009932301472872496, -0.9999881386756897, 0.699999988079071, 0.0, 0.0, -0.2652052044868469, -0.33508026599884033, 0.30623626708984375, 0.3167584538459778, 0.4455006420612335, -0.22702911496162415, 0.5019640922546387, -0.5144368410110474, -0.11930727958679199, 0.1621696949005127, -0.16159379482269287, 0.023474931716918945, 0.08752387762069702, -0.18108320236206055, 2.435534954071045, 0.22362665832042694, 1.325282335281372, -0.8328768610954285, 0.22807441651821136, 0.3096891939640045, 0.0346623919904232, 3.4972078800201416, -5.050779342651367, 1.597846508026123, -0.6862629055976868, -0.6374251246452332, 0.5931040048599243, 0.42844459414482117, 0.6022782325744629, -1.247584342956543, 1.125327706336975, -0.34020933508872986, 0.5217360854148865, 0.8046947717666626, -1.195855736732483, -0.34846624732017517, 1.0, 1.0, 1.0, 1.0, 1.0, 1.0, 1.0, 1.0, 1.0, 1.0, 1.0, 1.0]"
59,3.460466177784838e-05,0.0,257.55401611328125,0.0,0.0,0.0,0.0,0.0,0.0,4.026308670290746e-05,0.0,299.66827392578125,0.6897387504577637,0.0361495316028595,-0.06368602067232132,-0.26991137862205505,-0.3533107340335846,0.34438246488571167,0.3134574890136719,0.8653016686439514,-0.6640322208404541,0.906276524066925,-0.9116570949554443,-0.9114841222763062,1.0482738018035889,-1.077063798904419,0.8555944561958313,"[0.6897387504577637, 0.0361495316028595, -0.06368602067232132, 0.35015007853507996, -0.019077099859714508, 0.0070753199979662895, 0.00419743824750185, -0.0024405578151345253, -0.9999880790710449, 0.699999988079071, 0.0, 0.0, -0.26991137862205505, -0.3533107340335846, 0.34438246488571167, 0.3134574890136719, 0.46530166268348694, -0.2640322148799896, 0.5062764883041382, -0.5116571187973022, -0.1114841103553772, 0.2482737898826599, -0.27706378698349, 0.055594444274902344, -0.4203420877456665, -1.2240549325942993, 1.4872294664382935, -0.32763054966926575, 0.8892664313316345, -2.3072750568389893, 0.14682158827781677, 0.09272319078445435, 0.4960082769393921, 4.041660308837891, -5.8310441970825195, 1.659432291984558, -0.640333890914917, -0.6231297254562378, 0.6449096202850342, 0.5243997573852539, 0.5462130904197693, -1.2422099113464355, 1.108394980430603, -0.1584276705980301, 0.5138655304908752, 0.9119948148727417, -1.2504404783248901, -0.270332008600235, 1.0, 1.0, 1.0, 1.0, 1.0, 1.0, 1.0, 1.0, 1.0, 1.0, 1.0, 1.0]"
60,3.38781755999662e-05,0.0,252.14695739746094,0.0,0.0,0.0,0.0,0.0,0.0,3.7789672205690295e-05,0.0,281.25927734375,0.677686870098114,0.034505363553762436,-0.06462986767292023,-0.2774604558944702,-0.37548330426216125,0.36637309193611145,0.30778101086616516,0.8821935653686523,-0.7206019759178162,0.9029832482337952,-0.9082679748535156,-0.9006637930870056,1.1179362535476685,-1.1765989065170288,0.8863043785095215,"[0.677686870098114, 0.034505363553762436, -0.06462986767292023, 0.19221119582653046, -0.03627657890319824, 0.033717796206474304, 0.00363240297883749, -0.008380626328289509, -0.9999583959579468, 0.699999988079071, 0.0, 0.0, -0.2774604558944702, -0.37548330426216125, 0.36637309193611145, 0.30778101086616516, 0.48219355940818787, -0.3206019699573517, 0.5029832124710083, -0.5082679986953735, -0.10066378116607666, 0.3179362416267395, -0.37659889459609985, 0.08630436658859253, -0.27941590547561646, -0.9408859610557556, 0.9400264620780945, -0.18070010840892792, 0.8711758255958557, -3.0798561573028564, -0.3979334831237793, 0.18375325202941895, 0.5067067742347717, 3.173461675643921, -4.238268852233887, 1.508413314819336, -0.5388769507408142, -0.6879880428314209, 0.6044321060180664, 0.5048360824584961, 0.5173200368881226, -1.2898876667022705, 1.082838535308838, -0.2308676838874817, 0.49281442165374756, 0.9162576198577881, -1.1947681903839111, -0.30148234963417053, 1.0, 1.0, 1.0, 1.0, 1.0, 1.0, 1.0, 1.0, 1.0, 1.0, 1.0, 1.0]"
61,3.735224163392559e-05,0.0,278.00360107421875,0.0,0.0,0.0,0.0,0.0,0.0,3.895356712746434e-05,0.0,289.9218444824219,0.6752827763557434,0.03194887191057205,-0.04894240200519562,-0.2806202173233032,-0.3899729251861572,0.3784808814525604,0.3064662218093872,0.8987199068069458,-0.7852897644042969,0.8874316215515137,-0.9009649157524109,-0.8889676332473755,1.1621754169464111,-1.2299401760101318,0.9121376276016235,"[0.6752827763557434, 0.03194887191057205, -0.04894240200519562, 0.027626117691397667, -0.061818212270736694, 0.03117259591817856, 0.0025669471360743046, -0.009821870364248753, -0.999948263168335, 0.699999988079071, 0.0, 0.0, -0.2806202173233032, -0.3899729251861572, 0.3784808814525604, 0.3064662218093872, 0.4987199008464813, -0.3852897584438324, 0.4874316155910492, -0.500964879989624, -0.08896762132644653, 0.3621754050254822, -0.4299401640892029, 0.11213761568069458, -0.10890509188175201, -0.6458315849304199, 0.3549996614456177, -0.02431846782565117, 0.8063777089118958, -3.2631070613861084, -1.0005508661270142, 0.3891710937023163, 0.6337118148803711, 1.6331888437271118, -1.5908797979354858, 1.2631959915161133, -0.514569103717804, -0.6934613585472107, 0.5500358939170837, 0.5317327976226807, 0.44383397698402405, -1.296858549118042, 1.0526148080825806, -0.24884802103042603, 0.5062673687934875, 0.9126632213592529, -1.0697021484375, -0.31011202931404114, 1.0, 1.0, 1.0, 1.0, 1.0, 1.0, 1.0, 1.0, 1.0, 1.0, 1.0, 1.0]"
62,3.8866983231855556e-05,0.0,289.2774353027344,0.0,0.0,0.0,0.0,0.0,0.0,3.934277265216224e-05,0.0,292.8186340332031,0.6815665364265442,0.03261304646730423,-0.024779077619314194,-0.282649427652359,-0.401542067527771,0.37776312232017517,0.3056367039680481,0.9124215841293335,-0.8483059406280518,0.864130437374115,-0.8901450037956238,-0.8723764419555664,1.1852681636810303,-1.2409487962722778,0.9337990880012512,"[0.6815665364265442, 0.03261304646730423, -0.024779077619314194, 0.031713664531707764, -0.0789022371172905, 0.015976162627339363, 0.0010767385829240084, -0.010432586073875427, -0.9999449253082275, 0.699999988079071, 0.0, 0.0, -0.282649427652359, -0.401542067527771, 0.37776312232017517, 0.3056367039680481, 0.5124216079711914, -0.4483059346675873, 0.4641304314136505, -0.4901449978351593, -0.07237643003463745, 0.3852681517601013, -0.4409487843513489, 0.13379907608032227, -0.09255634248256683, -0.5134574770927429, -0.2607383131980896, -0.043621283024549484, 0.636487603187561, -3.017345905303955, -1.2427273988723755, 0.5534577369689941, 0.9212145805358887, 0.8934496641159058, 0.0438416562974453, 1.0683411359786987, -0.48549601435661316, -0.7198228240013123, 0.4876125156879425, 0.5697582960128784, 0.40178942680358887, -1.2667160034179688, 1.017961859703064, -0.2885226607322693, 0.5220734477043152, 0.8890340328216553, -0.9228900074958801, -0.3362199664115906, 1.0, 1.0, 1.0, 1.0, 1.0, 1.0, 1.0, 1.0, 1.0, 1.0, 1.0, 1.0]"
63,3.866626866511069e-05,0.0,287.7835693359375,0.0,0.0,0.0,0.0,0.0,0.0,3.8696511182934046e-05,0.0,288.0086669921875,0.6969451308250427,0.03105057030916214,0.002297045197337866,-0.2844417691230774,-0.40775540471076965,0.36622825264930725,0.30424657464027405,0.9226561188697815,-0.9002717733383179,0.8386552929878235,-0.8756956458091736,-0.8500492572784424,1.1934428215026855,-1.2276978492736816,0.9510218501091003,"[0.6969451308250427, 0.03105057030916214, 0.002297045197337866, 0.03913877159357071, -0.07374595105648041, 0.00046369200572371483, -0.0004942494560964406, -0.011241392232477665, -0.999936580657959, 0.699999988079071, 0.0, 0.0, -0.2844417691230774, -0.40775540471076965, 0.36622825264930725, 0.30424657464027405, 0.5226560831069946, -0.5002717971801758, 0.438655287027359, -0.4756956398487091, -0.05004924535751343, 0.3934428095817566, -0.4276978373527527, 0.1510218381881714, -0.07789216190576553, -0.1624060720205307, -0.7624574303627014, -0.06877725571393967, 0.45774033665657043, -2.29167103767395, -1.3062506914138794, 0.7344604730606079, 1.2060010433197021, 0.016122426837682724, 1.103576898574829, 0.8285208940505981, -0.5094367861747742, -0.7383642196655273, 0.43532055616378784, 0.6541398763656616, 0.3637810945510864, -1.2252997159957886, 0.9517796039581299, -0.2948513329029083, 0.5365612506866455, 0.80013108253479, -0.7682889103889465, -0.3523549437522888, 1.0, 1.0, 1.0, 1.0, 1.0, 1.0, 1.0, 1.0, 1.0, 1.0, 1.0, 1.0]"
64,3.780969564104453e-05,0.0,281.4083251953125,0.0,0.0,0.0,0.0,0.0,0.0,3.77664364350494e-05,0.0,281.08636474609375,0.7166616916656494,0.0290004163980484,0.029991338029503822,-0.28574511408805847,-0.40641510486602783,0.34591639041900635,0.3025525212287903,0.9296121001243591,-0.9348001480102539,0.8119186162948608,-0.8571810126304626,-0.822822093963623,1.181013822555542,-1.1947691440582275,0.9625916481018066,"[0.7166616916656494, 0.0290004163980484, 0.029991338029503822, 0.021545691415667534, -0.039295587688684464, -0.011166604235768318, -0.0016174342017620802, -0.011929725296795368, -0.9999276995658875, 0.699999988079071, 0.0, 0.0, -0.28574511408805847, -0.40641510486602783, 0.34591639041900635, 0.3025525212287903, 0.5296120643615723, -0.5348001718521118, 0.41191861033439636, -0.45718100666999817, -0.022822082042694092, 0.38101381063461304, -0.3947691321372986, 0.16259163618087769, -0.043749503791332245, 0.22333000600337982, -1.1607495546340942, -0.07280759513378143, 0.2983674108982086, -1.3435108661651611, -1.4000991582870483, 0.9389246702194214, 1.4282172918319702, -1.2818583250045776, 2.1643669605255127, 0.5177546739578247, -0.5625272393226624, -0.7526470422744751, 0.4010138213634491, 0.7494455575942993, 0.33560246229171753, -1.1434295177459717, 0.8465124368667603, -0.292425274848938, 0.5465880036354065, 0.6168131828308105, -0.560087263584137, -0.3993648886680603, 1.0, 1.0, 1.0, 1.0, 1.0, 1.0, 1.0, 1.0, 1.0, 1.0, 1.0, 1.0]"
65,3.648332130978815e-05,0.0,271.5364074707031,0.0,0.0,0.0,0.0,0.0,0.0,3.6476587411016226e-05,0.0,271.4862976074219,0.7381893396377563,0.025836165994405746,0.057699527591466904,-0.28579387068748474,-0.3980582654476166,0.31998851895332336,0.30133381485939026,0.9338211417198181,-0.9494612216949463,0.7816721796989441,-0.8340469598770142,-0.7923523187637329,1.1372007131576538,-1.1375139951705933,0.9666374325752258,"[0.7381893396377563, 0.025836165994405746, 0.057699527591466904, -0.05126621201634407, 0.026824217289686203, -0.01917966455221176, -0.001647174241952598, -0.011593715287744999, -0.9999313354492188, 0.699999988079071, 0.0, 0.0, -0.28579387068748474, -0.3980582654476166, 0.31998851895332336, 0.30133381485939026, 0.5338211059570312, -0.5494612455368042, 0.3816721737384796, -0.4340469539165497, 0.007647693157196045, 0.33720070123672485, -0.3375139832496643, 0.16663742065429688, 0.039481937885284424, 0.566983163356781, -1.357296347618103, -0.02844146080315113, 0.17879952490329742, -0.3191295266151428, -1.6325076818466187, 1.1773290634155273, 1.5519345998764038, -3.0023391246795654, 3.484229803085327, 0.10927298665046692, -0.6705780625343323, -0.7218675017356873, 0.3948226273059845, 0.8407560586929321, 0.30680274963378906, -1.015210509300232, 0.6977559328079224, -0.3052339553833008, 0.5482553839683533, 0.3456389307975769, -0.2636512517929077, -0.46360501646995544, 1.0, 1.0, 1.0, 1.0, 1.0, 1.0, 1.0, 1.0, 1.0, 1.0, 1.0, 1.0]"
66,3.3044740121113136e-05,0.0,245.94390869140625,0.0,0.0,0.0,0.0,0.0,0.0,3.26932713505812e-05,0.0,243.32801818847656,0.7610422968864441,0.019112566486001015,0.07300955057144165,-0.283945769071579,-0.38265538215637207,0.29351869225502014,0.30139708518981934,0.9362262487411499,-0.9429623484611511,0.7457119226455688,-0.8064607977867126,-0.7605523467063904,1.0621908903121948,-1.0550068616867065,0.9625771045684814,"[0.7610422968864441, 0.019112566486001015, 0.07300955057144165, -0.14657743275165558, 0.10577283799648285, -0.023252146318554878, -0.0001761403400450945, -0.009488030336797237, -0.9999551773071289, 0.699999988079071, 0.0, 0.0, -0.283945769071579, -0.38265538215637207, 0.29351869225502014, 0.30139708518981934, 0.5362262725830078, -0.5429623126983643, 0.34571191668510437, -0.40646079182624817, 0.039447665214538574, 0.26219087839126587, -0.2550068497657776, 0.1625770926475525, 0.13788585364818573, 0.9424205422401428, -1.24632728099823, 0.045584786683321, 0.14363783597946167, 0.7505755424499512, -1.9073916673660278, 1.392783284187317, 1.5385653972625732, -4.2895827293396, 4.531116962432861, -0.28587326407432556, -0.8033071160316467, -0.6238514184951782, 0.4706672132015228, 0.8364509344100952, 0.3203040659427643, -0.8514437675476074, 0.5753592252731323, -0.4064292013645172, 0.4595772624015808, 0.07501520961523056, 0.042691126465797424, -0.463103324174881, 1.0, 1.0, 1.0, 1.0, 1.0, 1.0, 1.0, 1.0, 1.0, 1.0, 1.0, 1.0]"
67,2.3760951080475934e-05,0.0,176.84695434570312,0.0,0.0,0.0,1.5666366380173713e-05,0.0,116.6009292602539,2.5790524887270294e-05,0.0,191.95257568359375,0.7878924608230591,-0.0014994676457718015,0.06111270189285278,-0.27978724241256714,-0.3573944568634033,0.2759897708892822,0.30364540219306946,0.9395473003387451,-0.9148501753807068,0.7069387435913086,-0.7760892510414124,-0.73175448179245,0.969957709312439,-0.9630035758018494,0.9520701766014099,"[0.7878924608230591, -0.0014994676457718015, 0.06111270189285278, -0.3389182686805725, 0.1724853664636612, -0.02244204841554165, 0.0031910696998238564, -0.005057798698544502, -0.9999818801879883, 0.699999988079071, 0.0, 0.0, -0.27978724241256714, -0.3573944568634033, 0.2759897708892822, 0.30364540219306946, 0.539547324180603, -0.5148501396179199, 0.3069387376308441, -0.3760892450809479, 0.068245530128479, 0.16995769739151, -0.1630035638809204, 0.15207016468048096, 0.3383561968803406, 1.6154825687408447, 0.2331751585006714, 0.2522401511669159, 0.26506054401397705, 1.8361159563064575, -1.271367073059082, 1.5738130807876587, 1.3320873975753784, -4.800309181213379, 2.8967928886413574, -0.5995162129402161, -0.9246714115142822, -0.4906821548938751, 0.5541335940361023, 0.7790838479995728, 0.3873007297515869, -0.6512508392333984, 0.4730178415775299, -0.6015456914901733, 0.24742387235164642, -0.16005933284759521, 0.2638424038887024, -0.38586828112602234, 1.0, 1.0, 1.0, 1.0, 1.0, 1.0, 1.0, 1.0, 1.0, 1.0, 1.0, 1.0]"
68,5.9588783187791705e-06,0.0,44.35047912597656,2.625977504067123e-05,0.0,195.44508361816406,3.417558764340356e-05,0.0,254.36053466796875,1.380384128424339e-05,0.0,102.73861694335938,0.7782237529754639,0.03188426047563553,0.06251904368400574,-0.26961690187454224,-0.320995956659317,0.2872927188873291,0.3142071068286896,0.9447612762451172,-0.8701243996620178,0.7279619574546814,-0.7417417764663696,-0.7083722949028015,0.8940173983573914,-0.955513596534729,0.9379777312278748,"[0.7782237529754639, 0.03188426047563553, 0.06251904368400574, -0.5976182222366333, 0.13675493001937866, 0.03343285992741585, 0.005428217351436615, 0.007321620360016823, -0.9999586343765259, 0.699999988079071, 0.0, 0.0, -0.26961690187454224, -0.320995956659317, 0.2872927188873291, 0.3142071068286896, 0.5447613000869751, -0.47012439370155334, 0.3279619514942169, -0.34174177050590515, 0.09162771701812744, 0.0940173864364624, -0.15551358461380005, 0.1379777193069458, 0.29095157980918884, -0.3170623779296875, 0.5019093155860901, 0.450945109128952, 0.25281673669815063, 1.2679990530014038, 0.941206693649292, 1.7627428770065308, 0.6606361269950867, 0.11902749538421631, 0.49114474654197693, -0.8543144464492798, -0.99851393699646, -0.38754919171333313, 0.5759381055831909, 0.7167632579803467, 0.49313783645629883, -0.46934857964515686, 0.4104613959789276, -0.8270512819290161, -0.08167485892772675, -0.40653032064437866, 0.4247628450393677, -0.26146891713142395, 1.0, 1.0, 1.0, 1.0, 1.0, 1.0, 1.0, 1.0, 1.0, 1.0, 1.0, 1.0]"
69,0.0,0.0,0.0,3.950621248804964e-05,0.0,294.0350646972656,3.5316075809532776e-05,0.0,262.8489074707031,7.017370684536672e-09,0.0,0.05222857743501663,0.7413223385810852,0.05008190497756004,0.0861656591296196,-0.28587138652801514,-0.31223076581954956,0.2927436828613281,0.3219059705734253,0.9482277631759644,-0.8513980507850647,0.7453197240829468,-0.7100374102592468,-0.7723181247711182,0.8987505435943604,-0.9463731050491333,0.918191134929657,"[0.7413223385810852, 0.05008190497756004, 0.0861656591296196, -0.2050393968820572, 0.19279135763645172, 0.1482112556695938, 0.008906195871531963, 0.016087396070361137, -0.9998307228088379, 0.699999988079071, 0.0, 0.0, -0.28587138652801514, -0.31223076581954956, 0.2927436828613281, 0.3219059705734253, 0.5482277870178223, -0.4513980448246002, 0.3453197181224823, -0.31003740429878235, 0.02768188714981079, 0.0987505316734314, -0.14637309312820435, 0.11819112300872803, -1.7558339834213257, 0.236795574426651, 0.024005983024835587, 0.29191854596138, -0.01985127292573452, 1.0677769184112549, 1.0034486055374146, 1.1899648904800415, -5.782444953918457, -0.030400682240724564, 0.2204269915819168, -1.3595116138458252, -0.8561432957649231, -0.5456919074058533, 0.4013150632381439, 0.6464860439300537, 1.082871675491333, -0.18308225274085999, 0.4057822823524475, -1.466431736946106, -1.143353819847107, -0.4102229177951813, 0.582038164138794, 0.4150308668613434, 1.0, 1.0, 1.0, 1.0, 1.0, 1.0, 1.0, 1.0, 1.0, 1.0, 1.0, 1.0]"
70,0.0,0.0,0.0,3.4467491786926985e-05,0.0,256.5331115722656,3.414399179746397e-05,0.0,254.12538146972656,0.0,0.0,0.0,0.6924670934677124,0.05173565447330475,0.07521367073059082,-0.3304576575756073,-0.31462523341178894,0.28580549359321594,0.3339519202709198,0.9347601532936096,-0.8262523412704468,0.7645164132118225,-0.7228218913078308,-0.8730039596557617,0.8918370008468628,-0.9422910213470459,0.9668150544166565,"[0.6924670934677124, 0.05173565447330475, 0.07521367073059082, 0.24465824663639069, 0.15969718992710114, 0.13925862312316895, 0.012323002330958843, 0.01258358359336853, -0.9998453259468079, 0.699999988079071, 0.0, 0.0, -0.3304576575756073, -0.31462523341178894, 0.28580549359321594, 0.3339519202709198, 0.5347601175308228, -0.4262523353099823, 0.36451640725135803, -0.32282188534736633, -0.07300394773483276, 0.09183698892593384, -0.14229100942611694, 0.16681504249572754, -2.0837242603302, -0.18752942979335785, -0.3869246542453766, 0.9685174226760864, -0.8525564670562744, 1.157131552696228, 1.0419106483459473, -1.671828269958496, -5.1350202560424805, -0.27214327454566956, 0.056407783180475235, 4.193862438201904, -0.42899802327156067, -0.7517042756080627, 0.25846853852272034, 0.834815502166748, 1.2054545879364014, -0.22271046042442322, 0.5637553930282593, -1.6029258966445923, -1.267555594444275, -0.35837993025779724, 0.548504650592804, 0.8144550919532776, 1.0, 1.0, 1.0, 1.0, 1.0, 1.0, 1.0, 1.0, 1.0, 1.0, 1.0, 1.0]"
71,0.0,0.0,0.0,3.133655263809487e-05,0.0,233.23028564453125,3.33380994561594e-05,0.0,248.1273193359375,0.0,0.0,0.0,0.6723081469535828,0.03492698818445206,0.03478330746293068,-0.35288262367248535,-0.31565311551094055,0.28183022141456604,0.3672529458999634,0.9215044975280762,-0.8043253421783447,0.7833966612815857,-0.7779919505119324,-1.0106486082077026,0.8884504437446594,-0.9395512342453003,1.0447522401809692,"[0.6723081469535828, 0.03492698818445206, 0.03478330746293068, 0.04158695042133331, 0.1547393649816513, 0.07890169322490692, 0.01562664844095707, 0.010823629796504974, -0.9998190402984619, 0.699999988079071, 0.0, 0.0, -0.35288262367248535, -0.31565311551094055, 0.28183022141456604, 0.3672529458999634, 0.5215045213699341, -0.40432533621788025, 0.3833966553211212, -0.3779919445514679, -0.21064859628677368, 0.08845043182373047, -0.13955122232437134, 0.24475222826004028, -0.5573046803474426, -0.024107079952955246, -0.11493317782878876, 1.9643532037734985, -0.6130052208900452, 0.9149333238601685, 0.9872602224349976, -3.2783756256103516, -7.1998162269592285, 0.05398380383849144, 0.05417584255337715, 3.599438190460205, -0.5503121018409729, -0.6589136719703674, 0.4501080811023712, 0.7392436265945435, 1.2815824747085571, -0.1560782492160797, 0.5306777954101562, -1.5407582521438599, -1.2377694845199585, -0.3529880940914154, 0.5702823400497437, 0.8745955228805542, 1.0, 1.0, 1.0, 1.0, 1.0, 1.0, 1.0, 1.0, 1.0, 1.0, 1.0, 1.0]"
72,0.0,0.0,0.0,3.349103280925192e-05,0.0,249.2655792236328,3.3695487218210474e-05,0.0,250.78726196289062,0.0,0.0,0.0,0.674708366394043,0.04140457883477211,0.015281522646546364,-0.3548203408718109,-0.3182765245437622,0.2779921889305115,0.40590229630470276,0.9090335965156555,-0.7839493751525879,0.802830159664154,-0.8521209955215454,-1.125616192817688,0.8895773887634277,-0.936264157295227,1.1084895133972168,"[0.674708366394043, 0.04140457883477211, 0.015281522646546364, 0.17881515622138977, 0.06115799769759178, 0.03358334302902222, 0.0175776407122612, 0.00838566105812788, -0.9998103976249695, 0.699999988079071, 0.0, 0.0, -0.3548203408718109, -0.3182765245437622, 0.2779921889305115, 0.40590229630470276, 0.5090335607528687, -0.3839493691921234, 0.4028301537036896, -0.45212098956108093, -0.32561618089675903, 0.08957737684249878, -0.1362641453742981, 0.30848950147628784, 0.04302055388689041, -0.20254161953926086, -0.23876997828483582, 1.7820320129394531, -0.645157516002655, 0.9159660935401917, 1.0219690799713135, -3.7697160243988037, -4.539655685424805, 0.22698163986206055, 0.1541372388601303, 2.591792106628418, -0.5939739942550659, -0.4739905297756195, 0.45898082852363586, 0.7447299957275391, 1.2158997058868408, -0.05284908413887024, 0.5376667976379395, -1.4414865970611572, -1.005354881286621, -0.3330744504928589, 0.5144912004470825, 0.8467827439308167, 1.0, 1.0, 1.0, 1.0, 1.0, 1.0, 1.0, 1.0, 1.0, 1.0, 1.0, 1.0]"
73,0.0,0.0,0.0,3.542529884725809e-05,0.0,263.6618347167969,3.3927102776942775e-05,0.0,252.51112365722656,0.0,0.0,0.0,0.6920574903488159,0.051396459341049194,0.021097786724567413,-0.3513178825378418,-0.32235634326934814,0.27313798666000366,0.43282008171081543,0.8956311345100403,-0.762763261795044,0.8210262656211853,-0.9198225140571594,-1.1686131954193115,0.8935770988464355,-0.927335262298584,1.132950782775879,"[0.6920574903488159, 0.051396459341049194, 0.021097786724567413, 0.10779327899217606, -0.039692796766757965, 0.03105108067393303, 0.017498893663287163, 0.005370620638132095, -0.9998323917388916, 0.699999988079071, 0.0, 0.0, -0.3513178825378418, -0.32235634326934814, 0.27313798666000366, 0.43282008171081543, 0.4956311285495758, -0.36276325583457947, 0.4210262596607208, -0.5198224782943726, -0.36861318349838257, 0.09357708692550659, -0.12733525037765503, 0.33295077085494995, 0.2959097623825073, -0.1707545965909958, -0.2043396681547165, 1.0424811840057373, -0.7393388152122498, 0.9382216334342957, 0.8988701701164246, -3.0524697303771973, -0.5221969485282898, 0.42297473549842834, 0.5532718300819397, 0.44417858123779297, -0.530009925365448, -0.4873564541339874, 0.5323998928070068, 0.663009524345398, 1.1391382217407227, -0.012771755456924438, 0.41983410716056824, -1.425897479057312, -0.7784661054611206, -0.32087019085884094, 0.5021637082099915, 0.7177658081054688, 1.0, 1.0, 1.0, 1.0, 1.0, 1.0, 1.0, 1.0, 1.0, 1.0, 1.0, 1.0]"
74,0.0,0.0,0.0,3.472765820333734e-05,0.0,258.4694519042969,3.4087417589034885e-05,0.0,253.70431518554688,0.0,0.0,0.0,0.7129966020584106,0.05911731719970703,0.030812526121735573,-0.34008270502090454,-0.32334932684898376,0.2713395357131958,0.4419454038143158,0.8804900646209717,-0.7410614490509033,0.8353553414344788,-0.9671210050582886,-1.1531327962875366,0.9005897045135498,-0.9092018008232117,1.1232705116271973,"[0.7129966020584106, 0.05911731719970703, 0.030812526121735573, -0.11306332051753998, -0.1020880937576294, 0.0218349602073431, 0.01580263487994671, 0.006196073722094297, -0.9998557567596436, 0.699999988079071, 0.0, 0.0, -0.34008270502090454, -0.32334932684898376, 0.2713395357131958, 0.4419454038143158, 0.4804900586605072, -0.34106144309043884, 0.4353553354740143, -0.5671210289001465, -0.35313278436660767, 0.10058969259262085, -0.10920178890228271, 0.3232704997062683, 0.7489079236984253, 0.013244345784187317, -0.020955650135874748, 0.04060843214392662, -0.8132614493370056, 0.9441911578178406, 0.6929029822349548, -1.893225908279419, 1.3990319967269897, 0.5587076544761658, 0.9958325624465942, -1.3311808109283447, -0.41695114970207214, -0.5993375778198242, 0.44668594002723694, 0.6554975509643555, 1.0364855527877808, 0.016067862510681152, 0.41676411032676697, -1.3617981672286987, -0.6027559041976929, -0.2810567319393158, 0.49699026346206665, 0.49935367703437805, 1.0, 1.0, 1.0, 1.0, 1.0, 1.0, 1.0, 1.0, 1.0, 1.0, 1.0, 1.0]"
75,0.0,0.0,0.0,3.205293614882976e-05,0.0,238.56214904785156,3.192945587215945e-05,0.0,237.64312744140625,0.0,0.0,0.0,0.7331639528274536,0.06813875585794449,0.031124310567975044,-0.31868574023246765,-0.3227844536304474,0.2713683247566223,0.4304302930831909,0.8615543246269226,-0.7181432843208313,0.8468015789985657,-0.9920335412025452,-1.1138107776641846,0.9083682894706726,-0.884830117225647,1.0784955024719238,"[0.7331639528274536, 0.06813875585794449, 0.031124310567975044, -0.13442905247211456, -0.12955324351787567, 0.0033928726334124804, 0.013284450396895409, 0.009246150963008404, -0.9998688697814941, 0.699999988079071, 0.0, 0.0, -0.31868574023246765, -0.3227844536304474, 0.2713683247566223, 0.4304302930831909, 0.46155431866645813, -0.3181432783603668, 0.4468015730381012, -0.5920335054397583, -0.3138107657432556, 0.10836827754974365, -0.08483010530471802, 0.2784954905509949, 1.2426519393920898, -0.0026348051615059376, 0.0037085488438606262, -0.9193023443222046, -1.0727413892745972, 1.0270732641220093, 0.5901813507080078, -0.8694636821746826, 2.3559622764587402, 0.5333937406539917, 1.1804463863372803, -2.8985819816589355, -0.35741838812828064, -0.6640593409538269, 0.3766687214374542, 0.6718714237213135, 0.9478383660316467, 0.01391705870628357, 0.44548553228378296, -1.2521001100540161, -0.4064851999282837, -0.2735123932361603, 0.4318154454231262, 0.26023563742637634, 1.0, 1.0, 1.0, 1.0, 1.0, 1.0, 1.0, 1.0, 1.0, 1.0, 1.0, 1.0]"
76,0.0,0.0,0.0,2.9248294595163316e-05,0.0,217.6879119873047,2.6512969270697795e-05,0.0,197.32955932617188,0.0,0.0,0.0,0.7555295825004578,0.0754566639661789,0.012867791578173637,-0.2904520332813263,-0.32423508167266846,0.26976248621940613,0.4056439697742462,0.8371254205703735,-0.6932869553565979,0.8584330677986145,-0.9994300603866577,-1.0599639415740967,0.9142613410949707,-0.8601206541061401,1.007678508758545,"[0.7555295825004578, 0.0754566639661789, 0.012867791578173637, -0.007772259414196014, -0.10666131973266602, 0.0035513252951204777, 0.010840840637683868, 0.010623014532029629, -0.9998849034309387, 0.699999988079071, 0.0, 0.0, -0.2904520332813263, -0.32423508167266846, 0.26976248621940613, 0.4056439697742462, 0.43712541460990906, -0.2932869493961334, 0.45843306183815, -0.5994300842285156, -0.2599639296531677, 0.11426132917404175, -0.06012064218521118, 0.20767849683761597, 1.4739973545074463, -0.13977301120758057, -0.06798093765974045, -1.422028660774231, -1.3557077646255493, 1.1426594257354736, 0.6718477010726929, -0.024299997836351395, 3.155562162399292, 0.38825827836990356, 1.0179754495620728, -4.058865547180176, -0.3792571723461151, -0.6113522052764893, 0.37628188729286194, 0.6358804702758789, 0.8262231349945068, -0.06143003702163696, 0.50819331407547, -1.032613754272461, -0.11553370952606201, -0.2830648422241211, 0.2795020341873169, 0.018794797360897064, 1.0, 1.0, 1.0, 1.0, 1.0, 1.0, 1.0, 1.0, 1.0, 1.0, 1.0, 1.0]"
77,0.0,0.0,0.0,2.3816872271709144e-05,0.0,177.26316833496094,1.6696934835636057e-05,0.0,124.27120208740234,0.0,0.0,0.0,0.7808151841163635,0.08085663616657257,-0.033457834273576736,-0.2625281512737274,-0.32860615849494934,0.26523318886756897,0.373283326625824,0.8066096901893616,-0.6673545837402344,0.8733313083648682,-0.9879958629608154,-0.983765721321106,0.9173962473869324,-0.8410105109214783,0.9209545850753784,"[0.7808151841163635, 0.08085663616657257, -0.033457834273576736, 0.12889456748962402, -0.016431694850325584, 0.04299534857273102, 0.009724237024784088, 0.00893799215555191, -0.9999127984046936, 0.699999988079071, 0.0, 0.0, -0.2625281512737274, -0.32860615849494934, 0.26523318886756897, 0.373283326625824, 0.4066096842288971, -0.2673545777797699, 0.4733313024044037, -0.5879958868026733, -0.183765709400177, 0.11739623546600342, -0.041010499000549316, 0.12095457315444946, 1.3189396858215332, -0.25474676489830017, -0.16389882564544678, -1.7467900514602661, -1.6796550750732422, 1.2030001878738403, 0.9583643078804016, 1.0133068561553955, 4.452342510223389, 0.22017225623130798, 0.635807991027832, -4.639962196350098, -0.4868520200252533, -0.49364104866981506, 0.4839271605014801, 0.5680364370346069, 0.610831618309021, -0.2618964612483978, 0.6304095983505249, -0.7305629253387451, 0.3002309799194336, -0.2168223261833191, -0.008057698607444763, -0.22914591431617737, 1.0, 1.0, 1.0, 1.0, 1.0, 1.0, 1.0, 1.0, 1.0, 1.0, 1.0, 1.0]"
78,1.590223837411031e-05,0.0,118.3564682006836,1.008267281576991e-05,0.0,75.04287719726562,0.0,0.0,0.0,0.0,0.0,0.0,0.8108907341957092,0.08241400867700577,-0.0975208654999733,-0.25717511773109436,-0.33688366413116455,0.25959447026252747,0.33259594440460205,0.8027288317680359,-0.6421253085136414,0.893135130405426,-0.9527921080589294,-0.9345524907112122,0.9206802248954773,-0.8483037948608398,0.8286499977111816,"[0.8108907341957092, 0.08241400867700577, -0.0975208654999733, 0.45283880829811096, -0.038606997579336166, 0.042874936014413834, 0.009911115281283855, 0.0031838761642575264, -0.9999459981918335, 0.699999988079071, 0.0, 0.0, -0.25717511773109436, -0.33688366413116455, 0.25959447026252747, 0.33259594440460205, 0.4027288258075714, -0.24212530255317688, 0.49313512444496155, -0.5527920722961426, -0.1345524787902832, 0.12068021297454834, -0.04830378293991089, 0.028649985790252686, -0.6891114711761475, -0.6010676026344299, -0.18668150901794434, -2.272292375564575, 1.7558735609054565, 1.285083293914795, 0.9723634123802185, 2.2378008365631104, -0.4456497132778168, 0.2614075541496277, -2.000230550765991, -4.630310535430908, -0.6382029056549072, -0.449832946062088, 0.7317899465560913, 0.5302129983901978, 0.35293883085250854, -0.6957374811172485, 0.7890632152557373, -0.5014283657073975, 0.6327565908432007, 0.10663353651762009, -0.5160683393478394, -0.45248711109161377, 1.0, 1.0, 1.0, 1.0, 1.0, 1.0, 1.0, 1.0, 1.0, 1.0, 1.0, 1.0]"
79,4.092860399396159e-05,0.0,304.6216125488281,0.0,0.0,0.0,0.0,0.0,0.0,3.2029485737439245e-05,0.0,238.38763427734375,0.7498794198036194,0.02259085513651371,-0.1135314553976059,-0.26426267623901367,-0.34175747632980347,0.2769163250923157,0.31093335151672363,0.8284326791763306,-0.6242173910140991,0.9058153033256531,-0.9207929968833923,-0.9277719855308533,0.9361410737037659,-0.9160611033439636,0.7969565391540527,"[0.7498794198036194, 0.02259085513651371, -0.1135314553976059, -0.025011228397488594, -0.19369924068450928, 0.02390671707689762, 0.006684024352580309, -0.0015307293506339192, -0.999976634979248, 0.699999988079071, 0.0, 0.0, -0.26426267623901367, -0.34175747632980347, 0.2769163250923157, 0.31093335151672363, 0.4284326732158661, -0.22421738505363464, 0.5058152675628662, -0.5207929611206055, -0.12777197360992432, 0.13614106178283691, -0.11606109142303467, -0.0030434727668762207, -0.0627245083451271, 0.12586542963981628, 1.672603964805603, 0.0915013775229454, 1.4647421836853027, 0.42013120651245117, 0.4115341007709503, -0.2187754213809967, 0.0726081058382988, 1.2602354288101196, -4.024760723114014, 2.4698116779327393, -0.7027634978294373, -0.5444700717926025, 0.7537932395935059, 0.485330194234848, 0.43870681524276733, -1.0833159685134888, 1.1523538827896118, -0.3302833139896393, 0.5780161023139954, 0.5833874344825745, -1.0471209287643433, -0.5087037086486816, 1.0, 1.0, 1.0, 1.0, 1.0, 1.0, 1.0, 1.0, 1.0, 1.0, 1.0, 1.0]"
80,3.750162068172358e-05,0.0,279.1153869628906,0.0,0.0,0.0,0.0,0.0,0.0,5.0468141125747934e-05,0.0,375.6220397949219,0.7077027559280396,0.022677576169371605,-0.07981014996767044,-0.26389962434768677,-0.34259456396102905,0.3212928771972656,0.31352710723876953,0.8527032732963562,-0.639193594455719,0.9139963388442993,-0.9202640056610107,-0.9215273261070251,1.0000131130218506,-1.0191446542739868,0.8374279141426086,"[0.7077027559280396, 0.022677576169371605, -0.07981014996767044, -0.0041781519539654255, -0.14040125906467438, 0.027624621987342834, 0.0033535815309733152, 0.00030550913652405143, -0.9999943971633911, 0.699999988079071, 0.0, 0.0, -0.26389962434768677, -0.34259456396102905, 0.3212928771972656, 0.31352710723876953, 0.4527032673358917, -0.23919358849525452, 0.5139963626861572, -0.5202640295028687, -0.12152731418609619, 0.20001310110092163, -0.21914464235305786, 0.03742790222167969, -0.07341203093528748, -0.35222622752189636, 2.2246384620666504, 0.03152478486299515, 1.1656681299209595, -1.411115288734436, 0.4099087119102478, 0.1187831312417984, 0.3185483515262604, 4.1187334060668945, -5.630629539489746, 1.8242287635803223, -0.6961345076560974, -0.6370700001716614, 0.6301748156547546, 0.40803295373916626, 0.57651686668396, -1.2075777053833008, 1.1108713150024414, -0.21344587206840515, 0.5047352910041809, 0.87071692943573, -1.2425750494003296, -0.3069145381450653, 1.0, 1.0, 1.0, 1.0, 1.0, 1.0, 1.0, 1.0, 1.0, 1.0, 1.0, 1.0]"
81,3.2731579267419875e-05,0.0,243.61314392089844,0.0,0.0,0.0,0.0,0.0,0.0,4.281559813534841e-05,0.0,318.666015625,0.6830965876579285,0.04188861697912216,-0.06506920605897903,-0.2705245018005371,-0.36030250787734985,0.3539140522480011,0.308916300535202,0.8707352876663208,-0.6824774742126465,0.9185333847999573,-0.9185717701911926,-0.9095984101295471,1.0802794694900513,-1.1305452585220337,0.8731434345245361,"[0.6830965876579285, 0.04188861697912216, -0.06506920605897903, 0.33822306990623474, -0.09017104655504227, 0.03827052563428879, 0.0012770661851391196, -0.004728539846837521, -0.999987781047821, 0.699999988079071, 0.0, 0.0, -0.2705245018005371, -0.36030250787734985, 0.3539140522480011, 0.308916300535202, 0.4707352817058563, -0.282477468252182, 0.5185333490371704, -0.5185717344284058, -0.10959839820861816, 0.2802794575691223, -0.33054524660110474, 0.07314342260360718, -0.4246858060359955, -1.0698853731155396, 1.2873690128326416, -0.3261139988899231, 0.8470160365104675, -2.5319461822509766, 0.04478759318590164, 0.0495002418756485, 0.6380164623260498, 3.6982405185699463, -5.262707710266113, 1.7874701023101807, -0.6138246655464172, -0.6577824950218201, 0.6637516021728516, 0.4953346848487854, 0.5531527400016785, -1.2672864198684692, 1.1007438898086548, -0.17884059250354767, 0.4968474507331848, 0.8979001045227051, -1.2303047180175781, -0.2668241858482361, 1.0, 1.0, 1.0, 1.0, 1.0, 1.0, 1.0, 1.0, 1.0, 1.0, 1.0, 1.0]"
82,3.423707312322222e-05,0.0,254.81814575195312,0.0,0.0,0.0,0.0,0.0,0.0,4.028476178064011e-05,0.0,299.8296203613281,0.6731420159339905,0.04013782739639282,-0.05839557200670242,-0.2768957316875458,-0.37882304191589355,0.373445987701416,0.3046444058418274,0.8869624137878418,-0.7412720322608948,0.9106151461601257,-0.9142816662788391,-0.8963556885719299,1.138680100440979,-1.2107229232788086,0.904377818107605,"[0.6731420159339905, 0.04013782739639282, -0.05839557200670242, 0.12058652192354202, -0.09191765636205673, 0.04407569020986557, -0.0005239854217506945, -0.009228643961250782, -0.9999573230743408, 0.699999988079071, 0.0, 0.0, -0.2768957316875458, -0.37882304191589355, 0.373445987701416, 0.3046444058418274, 0.4869624078273773, -0.3412720263004303, 0.5106151103973389, -0.5142816305160522, -0.09635567665100098, 0.33868008852005005, -0.41072291135787964, 0.10437780618667603, -0.21604984998703003, -0.787670373916626, 0.8079478740692139, -0.11802627891302109, 0.8325175046920776, -3.121018171310425, -0.6941511631011963, 0.23049946129322052, 0.6324558258056641, 2.3913776874542236, -2.9960856437683105, 1.522554874420166, -0.5352367758750916, -0.6875730156898499, 0.60102379322052, 0.490103155374527, 0.4972895085811615, -1.290183424949646, 1.0720211267471313, -0.23600304126739502, 0.49411875009536743, 0.9027633666992188, -1.1479151248931885, -0.3043549060821533, 1.0, 1.0, 1.0, 1.0, 1.0, 1.0, 1.0, 1.0, 1.0, 1.0, 1.0, 1.0]"
83,3.7608366255881265e-05,0.0,279.9098815917969,0.0,0.0,0.0,0.0,0.0,0.0,4.0851649828255177e-05,0.0,304.0488586425781,0.6719968318939209,0.04000185430049896,-0.03978021442890167,-0.2793967127799988,-0.3917994201183319,0.3824418783187866,0.30386221408843994,0.902206540107727,-0.8056877851486206,0.8896563649177551,-0.9057276248931885,-0.8816450834274292,1.1711806058883667,-1.242106318473816,0.9297639727592468,"[0.6719968318939209, 0.04000185430049896, -0.03978021442890167, 0.0022254218347370625, -0.10345359891653061, 0.03214437887072563, -0.00253011891618371, -0.009869850240647793, -0.9999484419822693, 0.699999988079071, 0.0, 0.0, -0.2793967127799988, -0.3917994201183319, 0.3824418783187866, 0.30386221408843994, 0.502206563949585, -0.40568777918815613, 0.48965635895729065, -0.5057276487350464, -0.08164507150650024, 0.37118059396743774, -0.44210630655288696, 0.12976396083831787, -0.0889507457613945, -0.5977288484573364, 0.20240670442581177, -0.01882641389966011, 0.7395133376121521, -3.2218613624572754, -1.2262595891952515, 0.43767714500427246, 0.7832155227661133, 1.2731168270111084, -0.7423746585845947, 1.248847484588623, -0.5019176602363586, -0.6948856115341187, 0.5359837412834167, 0.5279029607772827, 0.4316749572753906, -1.2861340045928955, 1.0485608577728271, -0.27022862434387207, 0.5129582285881042, 0.9016889333724976, -1.0159635543823242, -0.31670182943344116, 1.0, 1.0, 1.0, 1.0, 1.0, 1.0, 1.0, 1.0, 1.0, 1.0, 1.0, 1.0]"
84,3.868558269459754e-05,0.0,287.92730712890625,0.0,0.0,0.0,0.0,0.0,0.0,4.063394226250239e-05,0.0,302.42852783203125,0.6810507774353027,0.04093405604362488,-0.014777897857129574,-0.28112348914146423,-0.4015766978263855,0.37878724932670593,0.30314314365386963,0.9145017266273499,-0.8659364581108093,0.8630490899085999,-0.8935997486114502,-0.8622245192527771,1.188846230506897,-1.241981029510498,0.9505284428596497,"[0.6810507774353027, 0.04093405604362488, -0.014777897857129574, 0.009156030602753162, -0.10427137464284897, 0.015751181170344353, -0.004648714791983366, -0.010032190941274166, -0.9999388456344604, 0.699999988079071, 0.0, 0.0, -0.28112348914146423, -0.4015766978263855, 0.37878724932670593, 0.30314314365386963, 0.514501690864563, -0.46593645215034485, 0.4630490839481354, -0.4935997426509857, -0.062224507331848145, 0.388846218585968, -0.4419810175895691, 0.1505284309387207, -0.07740943133831024, -0.3909187614917755, -0.40580177307128906, -0.043307285755872726, 0.5691738128662109, -2.814267873764038, -1.3817050457000732, 0.6117734313011169, 1.0519587993621826, 0.6083561778068542, 0.48234623670578003, 1.027197241783142, -0.49246785044670105, -0.7194456458091736, 0.47872141003608704, 0.5865321159362793, 0.38624998927116394, -1.2505589723587036, 1.0090116262435913, -0.29540008306503296, 0.5315989255905151, 0.8680829405784607, -0.8745051026344299, -0.3360583782196045, 1.0, 1.0, 1.0, 1.0, 1.0, 1.0, 1.0, 1.0, 1.0, 1.0, 1.0, 1.0]"
85,3.831776120932773e-05,0.0,285.1897277832031,0.0,0.0,0.0,0.0,0.0,0.0,3.975447179982439e-05,0.0,295.8828125,0.6980198621749878,0.03999398648738861,0.012728823348879814,-0.2826029062271118,-0.40504559874534607,0.3646618127822876,0.30186939239501953,0.9234039187431335,-0.9126259684562683,0.8353739976882935,-0.8776527643203735,-0.8375450968742371,1.192141056060791,-1.2220427989959717,0.9662253856658936,"[0.6980198621749878, 0.03999398648738861, 0.012728823348879814, 0.012011955492198467, -0.08459420502185822, 0.0006299291853792965, -0.006546493154019117, -0.010327868163585663, -0.9999252557754517, 0.699999988079071, 0.0, 0.0, -0.2826029062271118, -0.40504559874534607, 0.3646618127822876, 0.30186939239501953, 0.5234038829803467, -0.5126259326934814, 0.435373991727829, -0.47765275835990906, -0.037545084953308105, 0.39214104413986206, -0.4220427870750427, 0.1662253737449646, -0.06142006069421768, -0.025694716721773148, -0.8768848776817322, -0.06433698534965515, 0.3962022066116333, -1.9998669624328613, -1.4036589860916138, 0.7977428436279297, 1.3101119995117188, -0.2540971338748932, 1.410499930381775, 0.7726866006851196, -0.5280908346176147, -0.7367035746574402, 0.43753597140312195, 0.6746411323547363, 0.3503117561340332, -1.206695318222046, 0.9397331476211548, -0.3023757040500641, 0.5454919338226318, 0.7603716850280762, -0.7163744568824768, -0.35610663890838623, 1.0, 1.0, 1.0, 1.0, 1.0, 1.0, 1.0, 1.0, 1.0, 1.0, 1.0, 1.0]"
86,3.745160938706249e-05,0.0,278.7431640625,0.0,0.0,0.0,0.0,0.0,0.0,3.878036659443751e-05,0.0,288.6327819824219,0.718244194984436,0.038196057081222534,0.040532320737838745,-0.2835211455821991,-0.40136396884918213,0.34300559759140015,0.30036699771881104,0.9291402101516724,-0.9410979747772217,0.8070134520530701,-0.8574948906898499,-0.8085236549377441,1.1725749969482422,-1.1826773881912231,0.9756361842155457,"[0.718244194984436, 0.038196057081222534, 0.040532320737838745, -0.016557924449443817, -0.03667471557855606, -0.010234296321868896, -0.007711425889283419, -0.01036759465932846, -0.9999164342880249, 0.699999988079071, 0.0, 0.0, -0.2835211455821991, -0.40136396884918213, 0.34300559759140015, 0.30036699771881104, 0.5291402339935303, -0.5410979986190796, 0.4070134460926056, -0.4574948847293854, -0.008523643016815186, 0.37257498502731323, -0.3826773762702942, 0.1756361722946167, -0.019128037616610527, 0.3316313326358795, -1.1906694173812866, -0.05832744762301445, 0.24548593163490295, -1.039417028427124, -1.4725316762924194, 1.0073590278625488, 1.5011531114578247, -1.688586711883545, 2.499589681625366, 0.44251763820648193, -0.5920395255088806, -0.7383829951286316, 0.4154745638370514, 0.7746250629425049, 0.31601661443710327, -1.1176353693008423, 0.8303027153015137, -0.3016480505466461, 0.5600878596305847, 0.5573922395706177, -0.4958391785621643, -0.4074305593967438, 1.0, 1.0, 1.0, 1.0, 1.0, 1.0, 1.0, 1.0, 1.0, 1.0, 1.0, 1.0]"
87,3.6009401810588315e-05,0.0,268.0091552734375,0.0,0.0,0.0,0.0,0.0,0.0,3.634754102677107e-05,0.0,270.5258483886719,0.7398563027381897,0.03409989923238754,0.06542834639549255,-0.2830132842063904,-0.3909759223461151,0.3178580105304718,0.29955706000328064,0.9323382377624512,-0.9498803615570068,0.7758180499076843,-0.8327213525772095,-0.7767685055732727,1.1213126182556152,-1.1192251443862915,0.9772747755050659,"[0.7398563027381897, 0.03409989923238754, 0.06542834639549255, -0.093397356569767, 0.03085530363023281, -0.016120778396725655, -0.007641933858394623, -0.009174454025924206, -0.9999286532402039, 0.699999988079071, 0.0, 0.0, -0.2830132842063904, -0.3909759223461151, 0.3178580105304718, 0.29955706000328064, 0.5323382616043091, -0.5498803853988647, 0.37581804394721985, -0.432721346616745, 0.02323150634765625, 0.3213126063346863, -0.31922513246536255, 0.17727476358413696, 0.06698457896709442, 0.669499397277832, -1.2738242149353027, -0.005076135043054819, 0.13707321882247925, -0.029299769550561905, -1.656653642654419, 1.2347029447555542, 1.606497049331665, -3.323188066482544, 3.743072271347046, 0.04877854138612747, -0.704642117023468, -0.6909383535385132, 0.4298540949821472, 0.8512585163116455, 0.29068470001220703, -0.9817548990249634, 0.688995361328125, -0.32999902963638306, 0.554618239402771, 0.28470292687416077, -0.1990358680486679, -0.46270230412483215, 1.0, 1.0, 1.0, 1.0, 1.0, 1.0, 1.0, 1.0, 1.0, 1.0, 1.0, 1.0]"
88,3.192000076523982e-05,0.0,237.57276916503906,0.0,0.0,0.0,0.0,0.0,0.0,3.205698885722086e-05,0.0,238.59231567382812,0.762753963470459,0.025831734761595726,0.07420201599597931,-0.28063616156578064,-0.3730345368385315,0.2945118844509125,0.3001319169998169,0.934077262878418,-0.9376013278961182,0.7402820587158203,-0.8039621114730835,-0.7441036105155945,1.0418950319290161,-1.0335637331008911,0.9715391397476196,"[0.762753963470459, 0.025831734761595726, 0.07420201599597931, -0.18633292615413666, 0.10836490988731384, -0.019059758633375168, -0.006117957644164562, -0.00623959768563509, -0.999961793422699, 0.699999988079071, 0.0, 0.0, -0.28063616156578064, -0.3730345368385315, 0.2945118844509125, 0.3001319169998169, 0.5340772867202759, -0.5376013517379761, 0.34028205275535583, -0.403962105512619, 0.05589640140533447, 0.24189502000808716, -0.23356372117996216, 0.17153912782669067, 0.16186285018920898, 1.0802353620529175, -1.0517795085906982, 0.07356036454439163, 0.12616802752017975, 1.0355427265167236, -1.854158878326416, 1.4363563060760498, 1.5599679946899414, -4.420830726623535, 4.597046852111816, -0.33032166957855225, -0.8202036023139954, -0.5848655104637146, 0.504814863204956, 0.8314074277877808, 0.3168167471885681, -0.808539867401123, 0.58014976978302, -0.45152920484542847, 0.4483843445777893, 0.026746384799480438, 0.08115871250629425, -0.43993282318115234, 1.0, 1.0, 1.0, 0.0, 1.0, 1.0, 1.0, 1.0, 1.0, 1.0, 1.0, 1.0]"
89,1.8669103155843914e-05,0.0,138.94956970214844,0.0,0.0,0.0,4.044857632834464e-05,0.0,301.04888916015625,1.918282578117214e-05,0.0,142.7730712890625,0.7930412292480469,0.005015903152525425,0.0504889115691185,-0.2755315899848938,-0.34325048327445984,0.28268665075302124,0.30346986651420593,0.9377917647361755,-0.9026409983634949,0.7053871154785156,-0.7731654047966003,-0.7156878709793091,0.9481595754623413,-0.9439411163330078,0.9606927633285522,"[0.7930412292480469, 0.005015903152525425, 0.0504889115691185, -0.4753202199935913, 0.14750178158283234, -0.008062937296926975, -0.0028425429482012987, -0.0005628238432109356, -0.9999957084655762, 0.699999988079071, 0.0, 0.0, -0.2755315899848938, -0.34325048327445984, 0.28268665075302124, 0.30346986651420593, 0.5377917289733887, -0.502640962600708, 0.30538710951805115, -0.37316539883613586, 0.08431214094161987, 0.14815956354141235, -0.14394110441207886, 0.1606927514076233, 0.4438703656196594, 2.0629818439483643, 0.2925836443901062, 0.37163758277893066, 0.3132586181163788, 2.384981632232666, -0.2833597660064697, 1.6445720195770264, 1.2997539043426514, -5.50746488571167, 2.209108352661133, -0.6454330682754517, -0.7599309682846069, -0.42318442463874817, 0.7230381965637207, 0.8220380544662476, 0.5755259990692139, -0.1042746901512146, 0.39571234583854675, -0.7674605846405029, 0.1886972337961197, -0.6123150587081909, 0.4605655074119568, -0.14374569058418274, 1.0, 1.0, 1.0, 1.0, 1.0, 1.0, 1.0, 1.0, 1.0, 1.0, 1.0, 1.0]"
90,0.0,0.0,0.0,2.7643302018987015e-05,0.0,205.74234008789062,4.3520722101675346e-05,0.0,323.9140930175781,1.859220901678782e-06,0.0,13.837726593017578,0.7680335640907288,0.02561347931623459,0.06360310316085815,-0.27035558223724365,-0.31956177949905396,0.2945808470249176,0.3150930106639862,0.9439353346824646,-0.8695340156555176,0.7279826998710632,-0.7405027151107788,-0.7275059223175049,0.913971483707428,-0.9404777884483337,0.9439563751220703,"[0.7680335640907288, 0.02561347931623459, 0.06360310316085815, -0.5722002387046814, 0.21631093323230743, 0.0725143551826477, 0.00036594539415091276, 0.012475415132939816, -0.9999220967292786, 0.699999988079071, 0.0, 0.0, -0.27035558223724365, -0.31956177949905396, 0.2945808470249176, 0.3150930106639862, 0.5439352989196777, -0.4695340096950531, 0.32798269391059875, -0.34050270915031433, 0.07249408960342407, 0.11397147178649902, -0.14047777652740479, 0.14395636320114136, -0.42293068766593933, 0.5612922310829163, 0.4687103033065796, 0.5497868657112122, 0.26168304681777954, 0.9263108372688293, 1.0253552198410034, 1.4600012302398682, -3.672370433807373, 0.30073675513267517, 0.20348894596099854, -0.679953396320343, -0.9936907887458801, -0.33921942114830017, 0.393066942691803, 0.7229095697402954, 0.7363889217376709, -0.3356054723262787, 0.4246236979961395, -1.2614864110946655, -0.47455042600631714, -0.5516479015350342, 0.4923391342163086, 0.15470361709594727, 1.0, 1.0, 1.0, 1.0, 1.0, 1.0, 1.0, 1.0, 1.0, 1.0, 1.0, 1.0]"
91,0.0,0.0,0.0,3.90615823562257e-05,0.0,290.72576904296875,3.603885852498934e-05,0.0,268.2284240722656,0.0,0.0,0.0,0.7186731696128845,0.038068611174821854,0.08628726750612259,-0.3014390766620636,-0.31557682156562805,0.29475101828575134,0.3300543427467346,0.933979868888855,-0.8458906412124634,0.7470880150794983,-0.7371599674224854,-0.8045475482940674,0.9098988175392151,-0.9364920258522034,0.952659010887146,"[0.7186731696128845, 0.038068611174821854, 0.08628726750612259, 0.1122148334980011, 0.201222226023674, 0.137482151389122, 0.0046855006366968155, 0.015328398905694485, -0.9998713135719299, 0.699999988079071, 0.0, 0.0, -0.3014390766620636, -0.31557682156562805, 0.29475101828575134, 0.3300543427467346, 0.5339798927307129, -0.4458906352519989, 0.3470880091190338, -0.3371599614620209, -0.004547536373138428, 0.10989880561828613, -0.13649201393127441, 0.15265899896621704, -2.013951301574707, -0.03400092571973801, -0.23688164353370667, 1.0281111001968384, -0.8599610328674316, 1.2054998874664307, 1.0748926401138306, -0.9381864070892334, -3.8797290325164795, -0.3099367022514343, 0.006090369075536728, 2.8189027309417725, -0.5107272267341614, -0.7574263215065002, 0.35138702392578125, 0.8499906063079834, 1.1591296195983887, -0.1644868552684784, 0.5242805480957031, -1.71066415309906, -1.1171441078186035, -0.37572622299194336, 0.529728353023529, 0.7315381765365601, 1.0, 1.0, 1.0, 1.0, 1.0, 1.0, 1.0, 1.0, 1.0, 1.0, 1.0, 1.0]"
92,0.0,0.0,0.0,3.132594429189339e-05,0.0,233.15133666992188,3.3949454518733546e-05,0.0,252.67745971679688,0.0,0.0,0.0,0.6895825266838074,0.02906852774322033,0.05912984535098076,-0.33574560284614563,-0.31754761934280396,0.2890663146972656,0.36316895484924316,0.9176519513130188,-0.820894181728363,0.7668896317481995,-0.783944308757782,-0.9225972294807434,0.9013097286224365,-0.9358628988265991,1.0290242433547974,"[0.6895825266838074, 0.02906852774322033, 0.05912984535098076, 0.1511223018169403, 0.21698914468288422, 0.10079938918352127, 0.009089025668799877, 0.011703366413712502, -0.9998902082443237, 0.699999988079071, 0.0, 0.0, -0.33574560284614563, -0.31754761934280396, 0.2890663146972656, 0.36316895484924316, 0.5176519155502319, -0.42089417576789856, 0.366889625787735, -0.3839443027973175, -0.12259721755981445, 0.10130971670150757, -0.13586288690567017, 0.2290242314338684, -1.311348795890808, -0.08363804966211319, -0.22292158007621765, 1.9780781269073486, -0.7432223558425903, 1.0915029048919678, 1.0440934896469116, -2.9398903846740723, -6.763802528381348, -0.2625059485435486, -0.07437215745449066, 3.432546377182007, -0.5300872325897217, -0.6800185441970825, 0.3710312843322754, 0.7758351564407349, 1.2709293365478516, -0.22676381468772888, 0.502265453338623, -1.5280805826187134, -1.2893997430801392, -0.3563377261161804, 0.5720091462135315, 0.8469691276550293, 1.0, 1.0, 1.0, 1.0, 1.0, 1.0, 1.0, 1.0, 1.0, 1.0, 1.0, 1.0]"
93,0.0,0.0,0.0,3.0702780350111425e-05,0.0,228.5132598876953,3.4049189707729965e-05,0.0,253.41978454589844,0.0,0.0,0.0,0.6854333281517029,0.032631952315568924,0.024141907691955566,-0.3501230776309967,-0.31981319189071655,0.2849881052970886,0.4048990309238434,0.9060704112052917,-0.7987461090087891,0.786920428276062,-0.8534145355224609,-1.0562368631362915,0.8985477089881897,-0.9346848726272583,1.0907535552978516,"[0.6854333281517029, 0.032631952315568924, 0.024141907691955566, 0.16820509731769562, 0.11324937641620636, 0.040000125765800476, 0.012230264022946358, 0.008827242068946362, -0.9998859167098999, 0.699999988079071, 0.0, 0.0, -0.3501230776309967, -0.31981319189071655, 0.2849881052970886, 0.4048990309238434, 0.5060703754425049, -0.3987461030483246, 0.38692042231559753, -0.45341452956199646, -0.25623685121536255, 0.09854769706726074, -0.13468486070632935, 0.2907535433769226, -0.48143693804740906, -0.16321660578250885, -0.2124512493610382, 1.9966156482696533, -0.4884527921676636, 0.9695090055465698, 1.0669225454330444, -3.6210451126098633, -6.312292575836182, 0.09201686084270477, 0.02953672781586647, 2.885446310043335, -0.5617127418518066, -0.5318517684936523, 0.46089062094688416, 0.7196918725967407, 1.260607123374939, -0.12948748469352722, 0.5349353551864624, -1.4411433935165405, -1.1324712038040161, -0.3438512682914734, 0.5323401689529419, 0.843598484992981, 1.0, 1.0, 1.0, 1.0, 1.0, 1.0, 1.0, 1.0, 1.0, 1.0, 1.0, 1.0]"
94,0.0,0.0,0.0,3.468301292741671e-05,0.0,258.1371765136719,3.379343979759142e-05,0.0,251.51629638671875,0.0,0.0,0.0,0.6998159289360046,0.044397883117198944,0.021068710833787918,-0.35445594787597656,-0.3237535357475281,0.2803865373134613,0.4339769184589386,0.8972877264022827,-0.777165412902832,0.8064343929290771,-0.9187220931053162,-1.146571397781372,0.9010441303253174,-0.9288298487663269,1.1250091791152954,"[0.6998159289360046, 0.044397883117198944, 0.021068710833787918, 0.14508196711540222, 0.0005730910925194621, 0.016448626294732094, 0.013053666800260544, 0.005573872942477465, -0.99989914894104, 0.699999988079071, 0.0, 0.0, -0.35445594787597656, -0.3237535357475281, 0.2803865373134613, 0.4339769184589386, 0.49728772044181824, -0.37716540694236755, 0.40643438696861267, -0.5187220573425293, -0.3465713858604431, 0.10104411840438843, -0.12882983684539795, 0.32500916719436646, -0.03163504600524902, -0.19320908188819885, -0.21374472975730896, 1.0643455982208252, -0.5131625533103943, 0.9801496267318726, 0.9826791882514954, -2.9200260639190674, -2.8080458641052246, 0.32089340686798096, 0.37500444054603577, 0.911206066608429, -0.5741229057312012, -0.4403931796550751, 0.4847278296947479, 0.6867512464523315, 1.1763983964920044, -0.073356032371521, 0.4561130702495575, -1.3904485702514648, -0.8880252838134766, -0.33875301480293274, 0.5035657286643982, 0.7694864869117737, 1.0, 1.0, 1.0, 1.0, 1.0, 1.0, 1.0, 1.0, 1.0, 1.0, 1.0, 1.0]"
95,0.0,0.0,0.0,3.54191470250953e-05,0.0,263.61602783203125,3.3750664442777634e-05,0.0,251.1979522705078,0.0,0.0,0.0,0.7181408405303955,0.05099301412701607,0.03200923651456833,-0.34913912415504456,-0.32582491636276245,0.2776636481285095,0.4432332217693329,0.8852752447128296,-0.7548550367355347,0.8225941061973572,-0.9636204838752747,-1.1581997871398926,0.9064707159996033,-0.9141620993614197,1.1286791563034058,"[0.7181408405303955, 0.05099301412701607, 0.03200923651456833, -0.03576350957155228, -0.0748915821313858, 0.01734127104282379, 0.012002869509160519, 0.004952374845743179, -0.999916136264801, 0.699999988079071, 0.0, 0.0, -0.34913912415504456, -0.32582491636276245, 0.2776636481285095, 0.4432332217693329, 0.4852752387523651, -0.3548550307750702, 0.4225941002368927, -0.5636204481124878, -0.3581997752189636, 0.10647070407867432, -0.11416208744049072, 0.3286791443824768, 0.45349884033203125, -0.043530046939849854, -0.0729389488697052, 0.08817508816719055, -0.6769066452980042, 0.993693470954895, 0.7885557413101196, -1.8039733171463013, 0.5434712171554565, 0.46740642189979553, 0.8248679041862488, -0.4436571002006531, -0.4666247069835663, -0.5549666285514832, 0.43590107560157776, 0.6527062654495239, 1.0865986347198486, -0.03832453489303589, 0.426241010427475, -1.367794156074524, -0.672187864780426, -0.29679813981056213, 0.4955604076385498, 0.6037842035293579, 1.0, 1.0, 1.0, 1.0, 1.0, 1.0, 1.0, 1.0, 1.0, 1.0, 1.0, 1.0]"
96,0.0,0.0,0.0,3.269050648668781e-05,0.0,243.3074493408203,3.2888816349441186e-05,0.0,244.78343200683594,0.0,0.0,0.0,0.7349533438682556,0.05773407593369484,0.034321945160627365,-0.3335976004600525,-0.32572779059410095,0.27708950638771057,0.4339514970779419,0.8694512844085693,-0.7315242886543274,0.835567057132721,-0.9877228736877441,-1.1284395456314087,0.9129520654678345,-0.8925395607948303,1.1016509532928467,"[0.7349533438682556, 0.05773407593369484, 0.034321945160627365, -0.10682770609855652, -0.10780216008424759, 0.00840807519853115, 0.009983138181269169, 0.007006139028817415, -0.9999258518218994, 0.699999988079071, 0.0, 0.0, -0.3335976004600525, -0.32572779059410095, 0.27708950638771057, 0.4339514970779419, 0.46945127844810486, -0.3315242826938629, 0.43556705117225647, -0.587722897529602, -0.32843953371047974, 0.11295205354690552, -0.09253954887390137, 0.3016509413719177, 0.9680783748626709, -0.00026495615020394325, -0.01096867024898529, -0.773543655872345, -0.8999108076095581, 1.047857403755188, 0.6616239547729492, -0.8794536590576172, 1.9791852235794067, 0.4724612236022949, 1.0632939338684082, -2.032893180847168, -0.3911980092525482, -0.6490193605422974, 0.3716641962528229, 0.6731194257736206, 0.9944055080413818, -0.0241488516330719, 0.42498108744621277, -1.3274883031845093, -0.5122992992401123, -0.279970645904541, 0.46623408794403076, 0.38443723320961, 1.0, 1.0, 1.0, 1.0, 1.0, 1.0, 1.0, 1.0, 1.0, 1.0, 1.0, 1.0]"
97,0.0,0.0,0.0,3.0328368666232564e-05,0.0,225.72662353515625,3.045788616873324e-05,0.0,226.6905975341797,0.0,0.0,0.0,0.7512934803962708,0.06422680616378784,0.021394159644842148,-0.3091993033885956,-0.3266790509223938,0.2758435904979706,0.41272270679473877,0.8487522602081299,-0.7066555023193359,0.8478785753250122,-0.9983211159706116,-1.0833061933517456,0.9183816313743591,-0.8691537380218506,1.0465483665466309,"[0.7512934803962708, 0.06422680616378784, 0.021394159644842148, -0.026583606377243996, -0.10479020327329636, -0.0006329972529783845, 0.007755483500659466, 0.008396121673285961, -0.9999345541000366, 0.699999988079071, 0.0, 0.0, -0.3091993033885956, -0.3266790509223938, 0.2758435904979706, 0.41272270679473877, 0.4487522542476654, -0.30665549635887146, 0.44787856936454773, -0.5983210802078247, -0.28330618143081665, 0.11838161945343018, -0.06915372610092163, 0.2465483546257019, 1.3455424308776855, -0.1017281636595726, -0.05964034050703049, -1.2207059860229492, -1.1499037742614746, 1.135377287864685, 0.6772037744522095, -0.288389652967453, 2.5758955478668213, 0.3849855661392212, 1.0212156772613525, -3.367027759552002, -0.37163981795310974, -0.6538431644439697, 0.35156896710395813, 0.6602959632873535, 0.9122565388679504, -0.037463992834091187, 0.45168712735176086, -1.1779736280441284, -0.2915780544281006, -0.2868179976940155, 0.3796554207801819, 0.15678086876869202, 1.0, 1.0, 1.0, 1.0, 1.0, 1.0, 1.0, 1.0, 1.0, 1.0, 1.0, 1.0]"
98,0.0,0.0,0.0,2.7532385502127e-05,0.0,204.91680908203125,2.4477507395204157e-05,0.0,182.1800994873047,0.0,0.0,0.0,0.7727175354957581,0.06997839361429214,-0.006205708719789982,-0.28105825185775757,-0.33000022172927856,0.2724968194961548,0.3853531777858734,0.82328861951828,-0.6803365349769592,0.8617010712623596,-0.9956037402153015,-1.0229997634887695,0.9215840101242065,-0.8481119871139526,0.9702215194702148,"[0.7727175354957581, 0.06997839361429214, -0.006205708719789982, 0.08637787401676178, -0.059894051402807236, 0.016010383144021034, 0.006122054997831583, 0.007544018793851137, -0.9999529719352722, 0.699999988079071, 0.0, 0.0, -0.28105825185775757, -0.33000022172927856, 0.2724968194961548, 0.3853531777858734, 0.42328861355781555, -0.28033652901649475, 0.46170106530189514, -0.5956037044525146, -0.22299975156784058, 0.12158399820327759, -0.04811197519302368, 0.1702215075492859, 1.4075031280517578, -0.210592120885849, -0.1129131019115448, -1.4771629571914673, -1.389182448387146, 1.2194324731826782, 0.827845573425293, 0.47811588644981384, 3.5359997749328613, 0.24475964903831482, 0.7675169706344604, -4.179895877838135, -0.4281505048274994, -0.5592665076255798, 0.401044636964798, 0.6060812473297119, 0.7642494440078735, -0.14681869745254517, 0.5146076679229736, -0.9281595945358276, 0.02725757658481598, -0.2786223292350769, 0.196859672665596, -0.06389100104570389, 1.0, 1.0, 1.0, 1.0, 1.0, 1.0, 1.0, 1.0, 1.0, 1.0, 1.0, 1.0]"
99,0.0,0.0,0.0,2.0048282749485224e-05,0.0,149.21446228027344,1.3893145478505176e-05,0.0,103.40328216552734,0.0,0.0,0.0,0.7948805093765259,0.0735943391919136,-0.06693236529827118,-0.2559492588043213,-0.33460965752601624,0.26783761382102966,0.35323792695999146,0.7921673059463501,-0.6544254422187805,0.8794143795967102,-0.9730930924415588,-0.9389603734016418,0.9233293533325195,-0.8342132568359375,0.8833315968513489,"[0.7948805093765259, 0.0735943391919136, -0.06693236529827118, 0.12197624891996384, 0.05667600408196449, 0.07527816295623779, 0.006278482731431723, 0.005089611746370792, -0.9999673366546631, 0.699999988079071, 0.0, 0.0, -0.2559492588043213, -0.33460965752601624, 0.26783761382102966, 0.35323792695999146, 0.3921672999858856, -0.25442543625831604, 0.4794143736362457, -0.573093056678772, -0.1389603614807129, 0.12332934141159058, -0.034213244915008545, 0.08333158493041992, 1.1531951427459717, -0.21916136145591736, -0.20231463015079498, -1.684135913848877, -1.7182053327560425, 1.189990758895874, 1.1323766708374023, 1.5919854640960693, 4.8209967613220215, 0.1646254062652588, 0.36861807107925415, -4.630931854248047, -0.5475425720214844, -0.46555963158607483, 0.5463250875473022, 0.5454286336898804, 0.5017175674438477, -0.39705348014831543, 0.6650745868682861, -0.6416651010513306, 0.4499337077140808, -0.14510908722877502, -0.14875827729701996, -0.32392579317092896, 1.0, 1.0, 1.0, 1.0, 1.0, 1.0, 1.0, 1.0, 1.0, 1.0, 1.0, 1.0]"
100,3.480123632471077e-05,0.0,259.01708984375,3.3263659133808687e-06,0.0,24.757328033447266,0.0,0.0,0.0,0.0,0.0,0.0,0.8039787411689758,0.05403169244527817,-0.11977510154247284,-0.2645001709461212,-0.34363433718681335,0.2657010555267334,0.31370437145233154,0.8095600605010986,-0.6291583180427551,0.8995190262794495,-0.9264447093009949,-0.9213747978210449,0.927582859992981,-0.8636831045150757,0.792306125164032,"[0.8039787411689758, 0.05403169244527817, -0.11977510154247284, 0.37948253750801086, -0.10753895342350006, 0.0639733299612999, 0.005787968635559082, -0.0018587883096188307, -0.9999810457229614, 0.699999988079071, 0.0, 0.0, -0.2645001709461212, -0.34363433718681335, 0.2657010555267334, 0.31370437145233154, 0.40956005454063416, -0.22915831208229065, 0.499519020318985, -0.526444673538208, -0.12137478590011597, 0.127582848072052, -0.06368309259414673, -0.007693886756896973, -0.5105018019676208, -0.3558526337146759, 0.3228033781051636, -1.9132359027862549, 1.2605849504470825, 1.2569589614868164, 0.9193698167800903, 2.7507622241973877, 0.3459213376045227, -0.08627128601074219, -3.4692962169647217, -4.4935760498046875, -0.7020158171653748, -0.5108038783073425, 0.8483534455299377, 0.551964282989502, 0.2643149197101593, -0.9148457050323486, 0.8301512002944946, -0.4456097483634949, 0.666694700717926, 0.26265349984169006, -0.7335535883903503, -0.4900476336479187, 1.0, 1.0, 1.0, 1.0, 1.0, 1.0, 1.0, 1.0, 1.0, 1.0, 1.0, 1.0]"
101,0.00019062377396039665,0.0,1418.7662353515625,0.0,0.0,0.0,0.0,0.0,0.0,5.589991633314639e-05,0.0,416.04937744140625,0.3519735336303711,0.006375415250658989,0.5093129873275757,-0.3116007149219513,-0.39010176062583923,0.24714161455631256,0.25852254033088684,0.7162898182868958,-0.6192330121994019,0.9013452529907227,-0.9202343225479126,-0.7542333602905273,0.9401352405548096,-0.9380261301994324,0.8204030990600586,"[0.3519735336303711, 0.006375415250658989, 0.5093129873275757, 4.471756458282471, -0.4095933437347412, 0.5503358840942383, -1.1161202564835548e-05, -0.06024099513888359, -0.9981839656829834, 0.699999988079071, 0.0, 0.0, -0.3116007149219513, -0.39010176062583923, 0.24714161455631256, 0.25852254033088684, 0.16852974891662598, -0.21923300623893738, 0.5013452768325806, -0.5202343463897705, 0.04576665163040161, 0.14013522863388062, -0.13802611827850342, 0.02040308713912964, -3.406926155090332, -3.1612212657928467, -1.1823601722717285, -4.101156234741211, -5.446297645568848, -0.22525735199451447, -0.19315220415592194, 0.015947125852108, 12.366968154907227, 2.702446937561035, -3.8614182472229004, 1.6841793060302734, -0.7470012903213501, -0.6006762385368347, 0.7063284516334534, 0.4031066298484802, 0.5313841104507446, -1.1447653770446777, 1.1765650510787964, -0.2806437015533447, 0.5512639284133911, 0.690427303314209, -1.1123011112213135, -0.5384460687637329, 1.0, 1.0, 1.0, 1.0, 1.0, 1.0, 1.0, 1.0, 1.0, 1.0, 1.0, 1.0]"
102,0.00011940726108150557,0.0,888.7190551757812,0.0,0.0,0.0,0.0,0.0,0.0,4.798803274752572e-05,0.0,357.1631774902344,0.06770394742488861,0.1230720579624176,0.9125215411186218,-0.3977413773536682,-0.4144115447998047,0.2555747926235199,0.16780933737754822,0.6051230430603027,-0.6398690938949585,0.901011049747467,-0.9029058814048767,-0.5584924221038818,0.9928358197212219,-1.029915690422058,0.8247503042221069,"[0.06770394742488861, 0.1230720579624176, 0.9125215411186218, 5.405112266540527, -0.4058261513710022, 1.04685640335083, -0.00976254977285862, -0.15507739782333374, -0.9878543019294739, 0.699999988079071, 0.0, 0.0, -0.3977413773536682, -0.4144115447998047, 0.2555747926235199, 0.16780933737754822, 0.05736297369003296, -0.23986908793449402, 0.5010110139846802, -0.5029058456420898, 0.24150758981704712, 0.19283580780029297, -0.22991567850112915, 0.02475029230117798, -5.903965473175049, -1.1599174737930298, 0.14966772496700287, -5.552828311920166, -5.9688286781311035, -0.9893198609352112, -0.07215013355016708, 1.2471448183059692, 10.525229454040527, 1.351635456085205, -4.792930603027344, -0.01243474893271923, 0.08213916420936584, -0.9533692002296448, 0.3729930520057678, 0.3501085638999939, 1.467162847518921, -0.551895022392273, 1.239844560623169, 0.1820269227027893, 1.1539920568466187, 0.4863080680370331, -1.1475449800491333, -0.5958899259567261, 1.0, 1.0, 1.0, 1.0, 1.0, 1.0, 1.0, 1.0, 1.0, 1.0, 1.0, 1.0]"
103,0.0,0.0,0.0,0.0,0.0,0.0,0.0,0.0,0.0,2.8167840355308726e-05,0.0,209.64634704589844,0.08907078206539154,0.15153077244758606,0.8820172548294067,-0.46193376183509827,-0.4029037356376648,0.28434088826179504,0.08942129462957382,0.5477598905563354,-0.656877875328064,0.8979161977767944,-0.862032949924469,-0.4938659369945526,1.0217978954315186,-1.1266456842422485,0.7879880666732788,"[0.08907078206539154, 0.15153077244758606, 0.8820172548294067, 2.769456386566162, -0.15590456128120422, 0.9491046667098999, -0.0187210813164711, -0.23356612026691437, -0.9721607565879822, 0.699999988079071, 0.0, 0.0, -0.46193376183509827, -0.4029037356376648, 0.28434088826179504, 0.08942129462957382, -1.7881393432617188e-07, -0.2568778693675995, 0.49791619181632996, -0.4620329439640045, 0.30613407492637634, 0.2217978835105896, -0.3266456723213196, -0.012011945247650146, -1.2307270765304565, 1.677619218826294, 2.569303035736084, -2.9401471614837646, -7.4356794357299805e-06, -0.7595759630203247, -0.10508206486701965, 2.456197500228882, -1.2930357456207275, 1.7998489141464233, -5.933852672576904, -2.277108907699585, 0.5301547646522522, -1.2726218700408936, -0.1345796436071396, 0.6677136421203613, 1.524609923362732, -0.23026803135871887, 1.6054478883743286, -0.22321578860282898, 1.264016032218933, 0.5781469941139221, -1.3410218954086304, -0.552279531955719, 1.0, 1.0, 1.0, 1.0, 1.0, 1.0, 1.0, 1.0, 1.0, 1.0, 1.0, 1.0]"
104,0.0,0.0,0.0,0.0,0.0,0.0,0.0,0.0,0.0,1.7941797523235437e-06,0.0,13.353641510009766,0.1371055543422699,0.1177622526884079,0.708926796913147,-0.41808679699897766,-0.37223637104034424,0.31915152072906494,0.05403060466051102,0.5477598905563354,-0.6601662635803223,0.8941197991371155,-0.8114981055259705,-0.36610984802246094,1.0453935861587524,-1.2221550941467285,0.733250617980957,"[0.1371055543422699, 0.1177622526884079, 0.708926796913147, 1.6861392259597778, 0.03328334167599678, 0.7378444671630859, -0.023793522268533707, -0.27075693011283875, -0.9623538255691528, 0.699999988079071, 0.0, 0.0, -0.41808679699897766, -0.37223637104034424, 0.31915152072906494, 0.05403060466051102, -1.7881393432617188e-07, -0.2601662576198578, 0.494119793176651, -0.411498099565506, 0.433890163898468, 0.2453935742378235, -0.42215508222579956, -0.06674939393997192, 3.663959503173828, 1.0185366868972778, 0.8811492919921875, -1.1639171838760376, -1.8268823623657227e-05, 0.08741592615842819, -0.07625126838684082, 2.419867515563965, 6.556598663330078, 1.8096098899841309, -4.328952789306641, -2.564317226409912, 0.35741522908210754, -1.2519550323486328, 0.1736537367105484, 0.6317877769470215, 1.31657075881958, -0.20829084515571594, 1.5233949422836304, -0.179892897605896, 1.2200791835784912, 0.8645237684249878, -1.4498960971832275, -0.2695806324481964, 1.0, 1.0, 1.0, 1.0, 1.0, 1.0, 1.0, 1.0, 1.0, 1.0, 1.0, 1.0]"
105,0.0,0.0,0.0,0.0,0.0,0.0,0.0,0.0,0.0,4.4689404603559524e-05,0.0,332.6123352050781,0.16864411532878876,0.10979330539703369,0.5061744451522827,-0.3202013373374939,-0.3717587888240814,0.3115505576133728,0.05504578351974487,0.547760009765625,-0.6522918343544006,0.9052447080612183,-0.7617139220237732,-0.31007230281829834,1.103137493133545,-1.3178821802139282,0.7000290155410767,"[0.16864411532878876, 0.10979330539703369, 0.5061744451522827, 1.4088155031204224, 0.28977757692337036, 0.7007946968078613, -0.024212226271629333, -0.30009907484054565, -0.9536006450653076, 0.699999988079071, 0.0, 0.0, -0.3202013373374939, -0.3717587888240814, 0.3115505576133728, 0.05504578351974487, -5.960464477539063e-08, -0.25229182839393616, 0.5052447319030762, -0.3617139160633087, 0.4899277091026306, 0.30313748121261597, -0.5178821682929993, -0.0999709963798523, 5.4817609786987305, -0.4416147470474243, -0.9813632965087891, -0.7602672576904297, -4.291534423828125e-06, 0.5837562680244446, 0.9034990072250366, 2.101609706878662, 2.1752753257751465, 2.7180187702178955, -4.9406914710998535, -1.6448147296905518, 0.2561515271663666, -1.0823606252670288, -0.05909891054034233, 1.0082471370697021, 0.8105449676513672, -0.4379199147224426, 1.6174542903900146, 0.1163981556892395, 1.4953882694244385, 0.8082255125045776, -1.7060928344726562, -0.9023314714431763, 1.0, 1.0, 1.0, 1.0, 0.0, 1.0, 1.0, 1.0, 1.0, 1.0, 1.0, 1.0]"
106,0.0,0.0,0.0,0.0,0.0,0.0,0.0,0.0,0.0,1.8255601389682852e-05,0.0,135.87196350097656,0.18120108544826508,0.08112994581460953,0.36511772871017456,-0.1849692016839981,-0.37356501817703247,0.28879499435424805,0.047290682792663574,0.5477600693702698,-0.6438337564468384,0.9239603281021118,-0.721045196056366,-0.23376429080963135,1.1464552879333496,-1.3803950548171997,0.6429202556610107,"[0.18120108544826508, 0.08112994581460953, 0.36511772871017456, -0.1537368893623352, 0.5657414197921753, 0.735047459602356, -0.01954878680408001, -0.3093909025192261, -0.9507336616516113, 0.699999988079071, 0.0, 0.0, -0.1849692016839981, -0.37356501817703247, 0.28879499435424805, 0.047290682792663574, 0.0, -0.2438337504863739, 0.5239603519439697, -0.3210451900959015, 0.5662357211112976, 0.34645527601242065, -0.5803950428962708, -0.1570797562599182, 7.487841606140137, 0.3336247503757477, -1.1604065895080566, 0.06458689272403717, -1.2993008567718789e-05, 0.12281302362680435, 0.6304174065589905, 2.1997501850128174, 3.6922733783721924, 2.309206485748291, -0.44918712973594666, -3.236736536026001, 0.1452285349369049, -0.8001797199249268, 0.4556131064891815, 0.6346293687820435, 0.9838935136795044, -0.6683657169342041, 1.0645841360092163, -0.15336120128631592, 1.3790661096572876, 0.9076583385467529, -0.9264103770256042, -0.5465818047523499, 1.0, 1.0, 1.0, 1.0, 0.0, 1.0, 1.0, 1.0, 1.0, 1.0, 1.0, 1.0]"
107,0.0,0.0,0.0,0.0,0.0,0.0,0.0,0.0,0.0,0.0,0.0,0.0,0.16662649810314178,0.028573935851454735,0.22619162499904633,-0.04063226282596588,-0.3575345575809479,0.26540133357048035,0.07140814512968063,0.5477598905563354,-0.6496968269348145,0.9228763580322266,-0.6752111911773682,-0.23452270030975342,1.1714708805084229,-1.3163007497787476,0.5921666622161865,"[0.16662649810314178, 0.028573935851454735, 0.22619162499904633, -0.8309603929519653, 0.6639270782470703, 0.9352867007255554, -0.012368425726890564, -0.2961006462574005, -0.9550765156745911, 0.699999988079071, 0.0, 0.0, -0.04063226282596588, -0.3575345575809479, 0.26540133357048035, 0.07140814512968063, -1.7881393432617188e-07, -0.24969682097434998, 0.5228763818740845, -0.2752111852169037, 0.5654773116111755, 0.3714708685874939, -0.5163007378578186, -0.20783334970474243, 6.664367198944092, 1.064418911933899, -1.1401355266571045, 1.8529691696166992, -1.0102987289428711e-05, -0.2745912969112396, -0.5777587890625, 2.431378126144409, -2.9325435161590576, -0.5396729707717896, 5.436864852905273, -1.0952744483947754, -0.6889662146568298, -0.6942338347434998, 0.7747935056686401, 0.6771378517150879, 0.9624557495117188, -0.3147033452987671, 0.2985745370388031, 0.3553045690059662, 0.43971115350723267, 0.5214747190475464, 0.20101965963840485, -0.442298024892807, 1.0, 1.0, 1.0, 1.0, 0.0, 1.0, 1.0, 1.0, 1.0, 1.0, 1.0, 1.0]"
108,0.0,0.0,0.0,0.0,0.0,0.0,0.0,0.0,0.0,0.0,0.0,0.0,0.17961689829826355,0.02302909828722477,0.12920570373535156,0.033843692392110825,-0.3446415066719055,0.2426721453666687,0.09819936752319336,0.5477597117424011,-0.6360434293746948,0.8966140747070312,-0.6162801384925842,-0.33712828159332275,1.105055332183838,-1.1724882125854492,0.6096938848495483,"[0.17961689829826355, 0.02302909828722477, 0.12920570373535156, 0.5032392144203186, 0.41808998584747314, 1.0432721376419067, -0.008086210116744041, -0.2923538088798523, -0.956275999546051, 0.699999988079071, 0.0, 0.0, 0.033843692392110825, -0.3446415066719055, 0.2426721453666687, 0.09819936752319336, -3.5762786865234375e-07, -0.23604342341423035, 0.4966140687465668, -0.21628013253211975, 0.4628717303276062, 0.30505532026290894, -0.37248820066452026, -0.19030612707138062, 1.3776955604553223, 0.13018348813056946, -1.1087287664413452, 0.4353601038455963, -1.722574234008789e-05, 1.7374224662780762, -1.7344468832015991, 3.0691933631896973, -5.153939247131348, -5.746195316314697, 7.481225967407227, 2.5731143951416016, -1.540746808052063, -0.8283975124359131, 1.594600796699524, -0.38439226150512695, 2.2060904502868652, 0.8393187522888184, -0.7787046432495117, -0.36301085352897644, -2.6353890895843506, -0.546586811542511, 0.9828341603279114, 0.14881965517997742, 1.0, 1.0, 1.0, 1.0, 0.0, 1.0, 1.0, 1.0, 1.0, 1.0, 1.0, 1.0]"
109,0.0,0.0,0.0,0.0,0.0,0.0,0.0,0.0,0.0,0.0,0.0,0.0,0.15122801065444946,-0.030435455963015556,0.010812085121870041,0.01112082228064537,-0.35104504227638245,0.24223850667476654,0.08311066031455994,0.5477596521377563,-0.5646845698356628,0.8339872360229492,-0.5702307820320129,-0.43767648935317993,0.9608164429664612,-1.0224908590316772,0.7123439908027649,"[0.15122801065444946, -0.030435455963015556, 0.010812085121870041, 1.1059989929199219, 0.17073041200637817, 0.7950063943862915, -0.009099410846829414, -0.31417348980903625, -0.9493218064308167, 0.699999988079071, 0.0, 0.0, 0.01112082228064537, -0.35104504227638245, 0.24223850667476654, 0.08311066031455994, -4.172325134277344e-07, -0.16468456387519836, 0.43398723006248474, -0.17023077607154846, 0.362323522567749, 0.16081643104553223, -0.2224908471107483, -0.08765602111816406, -1.5333905220031738, -0.128031387925148, 1.0350995063781738, -0.8881476521492004, -1.811981201171875e-05, 4.421342372894287, -4.2477126121521, 1.4042085409164429, -5.136109352111816, -7.134383201599121, 7.4820966720581055, 6.584326267242432, 1.138169288635254, -0.5149003863334656, 1.1674302816390991, -0.26237186789512634, 1.7684458494186401, 0.7343610525131226, -0.9857357740402222, -1.7909367084503174, -2.273879289627075, -0.6986710429191589, 1.2672394514083862, 0.6259952783584595, 1.0, 1.0, 1.0, 1.0, 0.0, 1.0, 1.0, 1.0, 1.0, 1.0, 1.0, 1.0]"
110,0.0,0.0,0.0,0.0,0.0,0.0,0.0,0.0,0.0,0.0,0.0,0.0,0.08701454102993011,-0.1716662347316742,-0.20742999017238617,0.01996930129826069,-0.33101359009742737,0.300184041261673,0.07948910444974899,0.5477597117424011,-0.4585127532482147,0.712683379650116,-0.5833831429481506,-0.5449822545051575,0.8170332908630371,-0.8724021315574646,0.8514218330383301,"[0.08701454102993011, -0.1716662347316742, -0.20742999017238617, -0.1952095627784729, 0.2657593786716461, 0.35870274901390076, -0.00836930051445961, -0.3189229667186737, -0.9477436542510986, 0.699999988079071, 0.0, 0.0, 0.01996930129826069, -0.33101359009742737, 0.300184041261673, 0.07948910444974899, -3.5762786865234375e-07, -0.058512747287750244, 0.3126833736896515, -0.18338313698768616, 0.2550177574157715, 0.017033278942108154, -0.07240211963653564, 0.05142182111740112, 1.7912683486938477, 1.5301883220672607, 3.6746230125427246, 0.1498558670282364, -1.659989356994629e-05, 5.746730804443359, -6.818758487701416, -1.8517156839370728, -5.462037086486816, -7.207289695739746, 7.488471508026123, 6.307038307189941, 0.7946794629096985, -0.5443078279495239, 0.935268223285675, 0.03499886393547058, 1.8969041109085083, 1.2086427211761475, -1.2606308460235596, -1.525211215019226, -1.7909218072891235, -0.5070191621780396, 1.3297076225280762, 0.4765423834323883, 1.0, 1.0, 1.0, 1.0, 0.0, 1.0, 1.0, 1.0, 1.0, 1.0, 1.0, 1.0]"
111,0.0,0.0,0.0,0.0,0.0,0.0,0.0,0.0,0.0,0.0,0.0,0.0,0.05816439911723137,-0.23362022638320923,-0.4647535979747772,0.08512890338897705,-0.30391982197761536,0.3706274926662445,0.08267813920974731,0.5477597713470459,-0.34074801206588745,0.5655214190483093,-0.6457437872886658,-0.6571450233459473,0.7304160594940186,-0.7223966121673584,0.8975237607955933,"[0.05816439911723137, -0.23362022638320923, -0.4647535979747772, -0.41669297218322754, 0.43992218375205994, 0.1341429203748703, -0.0024420078843832016, -0.31074953079223633, -0.9504886865615845, 0.699999988079071, 0.0, 0.0, 0.08512890338897705, -0.30391982197761536, 0.3706274926662445, 0.08267813920974731, -2.980232238769531e-07, 0.059251993894577026, 0.16552141308784485, -0.2457437813282013, 0.1428549885749817, -0.0695839524269104, 0.07760339975357056, 0.0975237488746643, 3.7920968532562256, 0.9135571718215942, 3.054304361343384, 0.10649074614048004, -1.5854835510253906e-05, 5.781494617462158, -7.463226318359375, -3.538365125656128, -5.69384765625, -1.6836185455322266, 7.448948860168457, -0.7436324954032898, 0.7801430225372314, -0.981635570526123, 0.42301860451698303, 0.6535061597824097, 1.744083285331726, 0.8224260807037354, -1.419990062713623, -0.8416922092437744, -1.3745349645614624, -0.12045470625162125, 1.7348077297210693, -0.21756848692893982, 1.0, 1.0, 1.0, 1.0, 0.0, 1.0, 1.0, 1.0, 1.0, 1.0, 1.0, 1.0]"
112,0.0,0.0,0.0,0.0,0.0,0.0,0.0,0.0,0.0,0.0,0.0,0.0,0.0728837251663208,-0.2465527504682541,-0.6728090643882751,0.1622661054134369,-0.30638188123703003,0.4040880501270294,0.09023217856884003,0.5477597117424011,-0.23036544024944305,0.41590818762779236,-0.7098686099052429,-0.7732939720153809,0.7356533408164978,-0.5724960565567017,0.825899600982666,"[0.0728837251663208, -0.2465527504682541, -0.6728090643882751, -0.05296439304947853, 0.588893473148346, 0.24047955870628357, 0.006623982451856136, -0.30754342675209045, -0.9515111446380615, 0.699999988079071, 0.0, 0.0, 0.1622661054134369, -0.30638188123703003, 0.4040880501270294, 0.09023217856884003, -3.5762786865234375e-07, 0.16963456571102142, 0.01590818166732788, -0.30986860394477844, 0.026706039905548096, -0.06434667110443115, 0.2275039553642273, 0.02589958906173706, 3.7627432346343994, -0.6182785034179688, 0.8249616622924805, 0.5879647731781006, -1.5944242477416992e-05, 5.232079982757568, -7.459761619567871, -2.4201929569244385, -5.862111568450928, 0.777681291103363, 7.45772123336792, -5.808587074279785, 0.5749292373657227, -0.6734893321990967, 0.056001532822847366, 0.6618752479553223, 1.7431942224502563, 0.2425607144832611, -0.9498622417449951, 0.6442793607711792, -0.9967595338821411, -0.12897846102714539, 1.3840548992156982, -0.9744782447814941, 1.0, 1.0, 1.0, 1.0, 0.0, 1.0, 1.0, 1.0, 1.0, 1.0, 1.0, 1.0]"
113,0.0,0.0,0.0,0.0,0.0,0.0,0.00016225634317379445,0.0,1207.6343994140625,8.914464706322178e-05,0.0,663.4818115234375,0.1231430172920227,-0.2555087208747864,-0.4968079924583435,0.2310020476579666,-0.3062049448490143,0.42339715361595154,0.12031178921461105,0.5477596521377563,-0.1544690877199173,0.33157098293304443,-0.7336826324462891,-0.8847712278366089,0.7526512742042542,-0.4931698143482208,0.8041121959686279,"[0.1231430172920227, -0.2555087208747864, -0.4968079924583435, -2.557778835296631, 0.21826860308647156, 0.5883685350418091, 0.01428467407822609, -0.2932190001010895, -0.9559386372566223, 0.699999988079071, 0.0, 0.0, 0.2310020476579666, -0.3062049448490143, 0.42339715361595154, 0.12031178921461105, -4.172325134277344e-07, 0.24553091824054718, -0.06842902302742004, -0.3336826264858246, -0.08477121591567993, -0.047348737716674805, 0.30683019757270813, 0.004112184047698975, 3.930280923843384, 1.975996494293213, 2.9030537605285645, 3.4199535846710205, -1.5944242477416992e-05, 2.9895002841949463, 3.1554670333862305, -1.9809248447418213, -4.916309833526611, -0.0025731809437274933, -5.756724834442139, 3.3569812774658203, -0.3707961142063141, -0.6002735495567322, 0.1729585975408554, 0.7218083143234253, 1.822819709777832, -0.41180601716041565, -0.510631799697876, 1.6137193441390991, -0.5489593744277954, -0.4564761221408844, 0.7549240589141846, -0.7811225652694702, 1.0, 1.0, 1.0, 1.0, 0.0, 1.0, 1.0, 1.0, 1.0, 1.0, 1.0, 1.0]"
114,0.0,0.0,0.0,0.0,0.0,0.0,7.512167212553322e-05,0.0,559.1122436523438,7.04926933394745e-05,0.0,524.6598510742188,0.05707459896802902,-0.16248981654644012,-0.2697666585445404,0.2596331536769867,-0.2801283001899719,0.4728899300098419,0.18119829893112183,0.5477596521377563,-0.12298613786697388,0.36260053515434265,-0.7390245199203491,-0.9661810398101807,0.7002043128013611,-0.5441654324531555,0.8219478130340576,"[0.05707459896802902, -0.16248981654644012, -0.2697666585445404, -2.1071746349334717, 0.059386275708675385, 0.6754047274589539, 0.012896697968244553, -0.24713928997516632, -0.9688943028450012, 0.699999988079071, 0.0, 0.0, 0.2596331536769867, -0.2801283001899719, 0.4728899300098419, 0.18119829893112183, -4.172325134277344e-07, 0.2770138680934906, -0.037399470806121826, -0.33902451395988464, -0.1661810278892517, -0.09979569911956787, 0.25583457946777344, 0.021947801113128662, -0.27677619457244873, 0.47125735878944397, 1.9729201793670654, 2.6506173610687256, -2.03549861907959e-05, 0.8020374178886414, 0.790056586265564, -0.50519198179245, -4.3382368087768555, -4.238624095916748, -1.16184663772583, 1.0871082544326782, 0.6308266520500183, -1.1177499294281006, -0.3787698447704315, -0.6111853122711182, 2.0887980461120605, 0.0843069851398468, -0.8808364868164062, 1.1505457162857056, -1.1979761123657227, -0.9908485412597656, 1.4994890689849854, -0.2942059338092804, 1.0, 1.0, 1.0, 1.0, 0.0, 1.0, 1.0, 1.0, 1.0, 1.0, 1.0, 1.0]"
115,0.0,0.0,0.0,0.0,0.0,0.0,4.9665522965369746e-05,0.0,369.6483459472656,4.665416054194793e-05,0.0,347.23553466796875,0.017291700467467308,-0.09867596626281738,-0.11736521869897842,0.22011123597621918,-0.29905369877815247,0.4992109537124634,0.2230568379163742,0.5477595925331116,-0.1206200048327446,0.3659728765487671,-0.7378662824630737,-1.078009843826294,0.588735818862915,-0.5461878180503845,0.8305902481079102,"[0.017291700467467308, -0.09867596626281738, -0.11736521869897842, -1.6592261791229248, -0.13449400663375854, 0.600100576877594, 0.008825981989502907, -0.21607579290866852, -0.9763365387916565, 0.699999988079071, 0.0, 0.0, 0.22011123597621918, -0.29905369877815247, 0.4992109537124634, 0.2230568379163742, -4.76837158203125e-07, 0.2793799936771393, -0.03402712941169739, -0.33786627650260925, -0.278009831905365, -0.21126419305801392, 0.25381219387054443, 0.0305902361869812, -2.092407464981079, -1.216360092163086, 1.3734883069992065, 2.3584296703338623, -1.77919864654541e-05, -0.04790825396776199, 0.10317569226026535, -0.10507462173700333, -5.801709175109863, -5.830580711364746, 0.13773775100708008, 0.7691479325294495, 0.7075417637825012, -0.28096795082092285, 0.4858950078487396, -0.35446712374687195, 2.503462791442871, 0.9201129674911499, -0.520897626876831, 0.215483158826828, -1.5208159685134888, -0.8971318602561951, 1.671897292137146, 0.09119685739278793, 1.0, 1.0, 1.0, 1.0, 0.0, 1.0, 1.0, 1.0, 1.0, 1.0, 1.0, 1.0]"
116,0.0,0.0,0.0,0.0,0.0,0.0,3.0270217393990606e-05,0.0,225.2938232421875,1.2794535905413795e-05,0.0,95.22660064697266,0.01266905851662159,-0.12174145877361298,-0.16831402480602264,0.19780617952346802,-0.309926837682724,0.5316599607467651,0.2703826427459717,0.5477596521377563,-0.1126270741224289,0.35612985491752625,-0.7323258519172668,-1.194690465927124,0.4865150451660156,-0.5174635648727417,0.8408346176147461,"[0.01266905851662159, -0.12174145877361298, -0.16831402480602264, -2.241305351257324, -0.46944311261177063, 0.5169448256492615, 0.00034325942397117615, -0.17658939957618713, -0.9842843413352966, 0.699999988079071, 0.0, 0.0, 0.19780617952346802, -0.309926837682724, 0.5316599607467651, 0.2703826427459717, -4.172325134277344e-07, 0.2873729467391968, -0.04387015104293823, -0.33232584595680237, -0.39469045400619507, -0.31348496675491333, 0.28253644704818726, 0.04083460569381714, -0.5178784728050232, 0.05614613741636276, 1.843623399734497, 2.4783434867858887, -2.0503997802734375e-05, 0.9001805186271667, -0.541649341583252, 0.2593882381916046, -5.835400581359863, -4.794200897216797, 1.787493348121643, 1.0969560146331787, 0.5525568723678589, -0.15679574012756348, 0.5685203075408936, -0.1630437672138214, 2.4309372901916504, 1.259182095527649, -0.14510893821716309, -0.37850674986839294, -1.6959272623062134, -1.0603034496307373, 1.6052265167236328, 0.19619181752204895, 1.0, 1.0, 1.0, 1.0, 0.0, 1.0, 1.0, 1.0, 1.0, 1.0, 1.0, 1.0]"
117,0.0,0.0,0.0,5.830923328176141e-05,0.0,433.98138427734375,2.8388685677782632e-05,0.0,211.29005432128906,1.4748285138921347e-05,0.0,109.76787567138672,0.014058338478207588,-0.16037534177303314,-0.2598268687725067,0.18935196101665497,-0.29019638895988464,0.5668424963951111,0.30962935090065,0.5477595329284668,-0.07724492251873016,0.34460753202438354,-0.7290218472480774,-1.3126860857009888,0.42720142006874084,-0.47189316153526306,0.8851875066757202,"[0.014058338478207588, -0.16037534177303314, -0.2598268687725067, -1.9770365953445435, -0.8201215267181396, 0.4929671287536621, -0.015750238671898842, -0.13378679752349854, -0.9908849000930786, 0.699999988079071, 0.0, 0.0, 0.18935196101665497, -0.29019638895988464, 0.5668424963951111, 0.30962935090065, -5.364418029785156e-07, 0.3227550983428955, -0.05539247393608093, -0.3290218412876129, -0.5126860737800598, -0.3727985918521881, 0.3281068503856659, 0.08518749475479126, -0.5933619737625122, 2.6586098670959473, 1.6102081537246704, 2.031069040298462, -3.516674041748047e-05, 1.086836576461792, -0.48958122730255127, -0.021248577162623405, -5.989782810211182, 1.7903494834899902, 2.251945972442627, 2.5440433025360107, 0.6650764346122742, -0.17768558859825134, 0.4296284019947052, -0.042625874280929565, 2.48360013961792, 1.3435922861099243, -0.30864641070365906, -0.3247571289539337, -1.5766693353652954, -1.2415105104446411, 1.7803140878677368, 0.0031504258513450623, 1.0, 1.0, 1.0, 1.0, 0.0, 1.0, 1.0, 1.0, 1.0, 1.0, 1.0, 1.0]"
118,0.0,0.0,0.0,6.647645932389423e-05,0.0,494.76800537109375,4.282806548872031e-05,0.0,318.7588195800781,3.13245109282434e-05,0.0,233.14068603515625,0.09880348294973373,-0.18497160077095032,-0.027701402083039284,0.156792551279068,-0.2656581997871399,0.5803812742233276,0.3380511403083801,0.5477595925331116,-0.09798712283372879,0.33870169520378113,-0.7316464781761169,-1.376915693283081,0.4889829158782959,-0.4427751302719116,0.9117123484611511,"[0.09880348294973373, -0.18497160077095032, -0.027701402083039284, -0.3377700448036194, -0.30129510164260864, 0.2938203513622284, -0.02658775821328163, -0.11692827939987183, -0.9927846193313599, 0.699999988079071, 0.0, 0.0, 0.156792551279068, -0.2656581997871399, 0.5803812742233276, 0.3380511403083801, -4.76837158203125e-07, 0.3020128905773163, -0.06129831075668335, -0.33164647221565247, -0.5769156813621521, -0.31101709604263306, 0.35722488164901733, 0.11171233654022217, -1.837119460105896, 0.7052661180496216, 0.31354352831840515, 0.8129503130912781, -2.3156404495239258e-05, -1.945626139640808, -0.14339621365070343, 0.13194485008716583, -0.8157328367233276, 4.292808532714844, 1.01258385181427, 0.622463583946228, 0.8034853339195251, -0.24923282861709595, 0.4362432658672333, -0.15747341513633728, 2.475182056427002, 1.0785155296325684, -0.8213613033294678, 0.07852765917778015, -1.1826828718185425, -0.9433392286300659, 2.1378560066223145, -0.3234528601169586, 1.0, 1.0, 1.0, 1.0, 0.0, 1.0, 1.0, 1.0, 1.0, 1.0, 1.0, 1.0]"
119,0.0,0.0,0.0,2.3217549824039452e-05,0.0,172.80255126953125,4.712766531156376e-05,0.0,350.75970458984375,4.0804916352499276e-05,0.0,303.7010192871094,0.15716685354709625,-0.23745249211788177,0.08758102357387543,0.14863882958889008,-0.24365951120853424,0.5953985452651978,0.3600544333457947,0.5477596521377563,-0.0986514538526535,0.3217734694480896,-0.7184551358222961,-1.3697184324264526,0.505148708820343,-0.4008386433124542,0.9053860306739807,"[0.15716685354709625, -0.23745249211788177, 0.08758102357387543, -1.009366512298584, -0.12435413151979446, 0.03899644315242767, -0.03020613081753254, -0.10263020545244217, -0.9942612051963806, 0.699999988079071, 0.0, 0.0, 0.14863882958889008, -0.24365951120853424, 0.5953985452651978, 0.3600544333457947, -4.172325134277344e-07, 0.30134856700897217, -0.07822653651237488, -0.31845512986183167, -0.5697184205055237, -0.29485130310058594, 0.39916136860847473, 0.10538601875305176, 0.3944726586341858, 1.3718312978744507, 1.1173659563064575, 1.30642569065094, -1.946091651916504e-05, 0.38959023356437683, -0.9851415753364563, 0.8659458160400391, 0.665002167224884, -0.023181870579719543, 2.3278143405914307, -0.7693257331848145, 0.6731910109519958, -0.28566861152648926, 0.5082017183303833, -0.2106150984764099, 2.339352607727051, 0.4578910768032074, -0.9225339889526367, 0.34515759348869324, -1.0240904092788696, -0.35918310284614563, 2.2067463397979736, -0.3604188561439514, 1.0, 1.0, 1.0, 1.0, 0.0, 1.0, 1.0, 1.0, 1.0, 1.0, 1.0, 1.0]"
120,0.0,0.0,0.0,0.0,0.0,0.0,3.450506483204663e-05,0.0,256.8127746582031,5.5934589909156784e-05,0.0,416.30743408203125,0.1441609263420105,-0.23666653037071228,0.15155477821826935,0.16487912833690643,-0.22183984518051147,0.6182934641838074,0.3867213726043701,0.5477596521377563,-0.10670286417007446,0.287910521030426,-0.6945633292198181,-1.336789608001709,0.5537305474281311,-0.3315431773662567,0.8795936107635498,"[0.1441609263420105, -0.23666653037071228, 0.15155477821826935, -1.0443471670150757, -0.11676420271396637, -0.058917198330163956, -0.03228581324219704, -0.08104653656482697, -0.996187150478363, 0.699999988079071, 0.0, 0.0, 0.16487912833690643, -0.22183984518051147, 0.6182934641838074, 0.3867213726043701, -4.172325134277344e-07, 0.29329714179039, -0.11208948493003845, -0.29456332325935364, -0.53678959608078, -0.24626946449279785, 0.46845683455467224, 0.07959359884262085, 0.8863812685012817, 0.6557955145835876, 1.0997798442840576, 1.1976349353790283, -1.728534698486328e-05, -1.055675983428955, -1.7960491180419922, 0.9939095377922058, 2.8167762756347656, 4.891031265258789, 3.682744264602661, -1.1099450588226318, 0.86128830909729, -0.7569737434387207, -0.4029950797557831, 0.23795834183692932, 2.3007240295410156, -0.34893766045570374, -0.11478078365325928, 1.5905036926269531, -0.5224361419677734, 0.042648039758205414, 1.778442144393921, -0.9689576625823975, 1.0, 1.0, 1.0, 1.0, 0.0, 1.0, 1.0, 1.0, 1.0, 1.0, 1.0, 1.0]"
121,0.0,0.0,0.0,0.0,0.0,0.0,0.0,0.0,0.0,5.8194706070935354e-05,0.0,433.12896728515625,0.1927993893623352,-0.18278561532497406,0.163442000746727,0.17438001930713654,-0.2334248423576355,0.6237787008285522,0.4000924527645111,0.5477597117424011,-0.14720198512077332,0.2613111138343811,-0.6708528399467468,-1.256639838218689,0.6600549221038818,-0.2908221483230591,0.8519671559333801,"[0.1927993893623352, -0.18278561532497406, 0.163442000746727, -0.17320294678211212, 0.1152087077498436, 0.08413491398096085, -0.03259065002202988, -0.07125493884086609, -0.9969257116317749, 0.699999988079071, 0.0, 0.0, 0.17438001930713654, -0.2334248423576355, 0.6237787008285522, 0.4000924527645111, -3.5762786865234375e-07, 0.25279802083969116, -0.13868889212608337, -0.27085283398628235, -0.45663982629776, -0.13994508981704712, 0.5091778635978699, 0.05196714401245117, 0.22269178926944733, -1.1569232940673828, -0.7831993699073792, 0.28058844804763794, -2.0563602447509766e-05, -2.6711318492889404, -0.40743327140808105, 0.825225293636322, 4.513036251068115, 5.007119655609131, -1.6686732769012451, -1.2592082023620605, 0.5196009278297424, -0.14106148481369019, -0.24211134016513824, 0.3409024178981781, 2.234621524810791, -0.7804007530212402, 1.0651991367340088, 2.4813854694366455, 0.02000381052494049, 0.4711030423641205, 0.4308643341064453, -0.6859145164489746, 1.0, 1.0, 1.0, 1.0, 0.0, 1.0, 1.0, 1.0, 1.0, 1.0, 1.0, 1.0]"
122,0.0,0.0,0.0,0.0,0.0,0.0,8.439963494311087e-06,0.0,62.81657791137695,5.57603343622759e-05,0.0,415.01055908203125,0.27834200859069824,-0.15913401544094086,0.13640934228897095,0.17591719329357147,-0.25255727767944336,0.5760928392410278,0.40748122334480286,0.5477596521377563,-0.22394122183322906,0.2926976978778839,-0.6470462083816528,-1.1477344036102295,0.7685178518295288,-0.4021126627922058,0.8200580477714539,"[0.27834200859069824, -0.15913401544094086, 0.13640934228897095, -0.14145538210868835, 0.33378109335899353, 0.4763641953468323, -0.027682356536388397, -0.0696258693933487, -0.9971891045570374, 0.699999988079071, 0.0, 0.0, 0.17591719329357147, -0.25255727767944336, 0.5760928392410278, 0.40748122334480286, -4.172325134277344e-07, 0.1760587841272354, -0.10730230808258057, -0.24704620242118835, -0.34773439168930054, -0.031482160091400146, 0.39788734912872314, 0.020058035850524902, 0.04443633183836937, -0.675981342792511, -2.451340913772583, 0.3814356029033661, -2.086162567138672e-05, -4.449454307556152, 2.5825915336608887, 1.0747148990631104, 6.035068988800049, 5.692287445068359, -6.018050670623779, -1.6944624185562134, 0.34071579575538635, -0.5414815545082092, 0.011931132525205612, -0.07044056057929993, 2.0928382873535156, -0.777314305305481, 0.6610904932022095, 2.065457344055176, 0.21648867428302765, 0.5396954417228699, 0.014814764261245728, -0.6479236483573914, 1.0, 1.0, 1.0, 1.0, 0.0, 1.0, 1.0, 1.0, 1.0, 1.0, 1.0, 1.0]"
123,0.0,0.0,0.0,0.0,0.0,0.0,6.131213012849912e-06,0.0,45.63311767578125,6.726990250172094e-05,0.0,500.6734313964844,0.34866195917129517,-0.13175411522388458,0.13035526871681213,0.16123422980308533,-0.2719493508338928,0.515781581401825,0.41249555349349976,0.5477596521377563,-0.3245709538459778,0.3629971146583557,-0.6207671761512756,-1.0286710262298584,0.8554611802101135,-0.5329053997993469,0.7815303206443787,"[0.34866195917129517, -0.13175411522388458, 0.13035526871681213, 0.32534900307655334, 0.6050256490707397, 0.6587788462638855, -0.01915556564927101, -0.07229924947023392, -0.997198760509491, 0.699999988079071, 0.0, 0.0, 0.16123422980308533, -0.2719493508338928, 0.515781581401825, 0.41249555349349976, -4.172325134277344e-07, 0.0754290521144867, -0.037002891302108765, -0.22076717019081116, -0.22867101430892944, 0.05546116828918457, 0.26709461212158203, -0.018469691276550293, -1.180112600326538, -1.3073550462722778, -3.405865430831909, 0.11932675540447235, -1.77919864654541e-05, -5.2325215339660645, 3.794825792312622, 0.8650329113006592, 5.4919867515563965, 2.892897129058838, -6.488215923309326, -1.2174100875854492, 0.3408285975456238, -0.7078307867050171, -0.10318024456501007, -0.07215693593025208, 2.063079833984375, -0.46727874875068665, 0.5000871419906616, 1.9662078619003296, 0.11226291954517365, 0.33090129494667053, 0.15480937063694, -0.6590769290924072, 1.0, 1.0, 1.0, 1.0, 0.0, 1.0, 1.0, 1.0, 1.0, 1.0, 1.0, 1.0]"
124,0.0,0.0,0.0,0.0,0.0,0.0,2.0137953470111825e-05,0.0,149.88186645507812,5.883838457521051e-05,0.0,437.9197082519531,0.4049428403377533,-0.12691518664360046,0.15428057312965393,0.13028357923030853,-0.30909264087677,0.4532056450843811,0.40912482142448425,0.5477595329284668,-0.4232223927974701,0.43056750297546387,-0.5913751125335693,-0.9594950079917908,0.8642393946647644,-0.6462867259979248,0.7309163808822632,"[0.4049428403377533, -0.12691518664360046, 0.15428057312965393, 0.40965408086776733, 0.8757256269454956, 0.6201068162918091, -0.004925505258142948, -0.0819915384054184, -0.9966209530830383, 0.699999988079071, 0.0, 0.0, 0.13028357923030853, -0.30909264087677, 0.4532056450843811, 0.40912482142448425, -5.364418029785156e-07, -0.023222386837005615, 0.03056749701499939, -0.19137510657310486, -0.15949499607086182, 0.06423938274383545, 0.15371328592300415, -0.06908363103866577, -1.498276948928833, -2.0089309215545654, -2.550151824951172, -0.04892071336507797, -2.3126602172851562e-05, -4.529552936553955, 2.560767650604248, 1.1860545873641968, 1.4251055717468262, -1.2543132305145264, -4.009785175323486, -2.28464412689209, 0.26267966628074646, -0.93268883228302, 0.0071332938969135284, -0.1423904001712799, 2.1360232830047607, -0.10899940133094788, -0.18707647919654846, 1.5383557081222534, -0.4327854514122009, -0.08747491985559464, 0.8726702332496643, -0.6263324618339539, 1.0, 1.0, 1.0, 1.0, 0.0, 1.0, 1.0, 1.0, 1.0, 1.0, 1.0, 1.0]"
125,0.0,0.0,0.0,0.0,0.0,0.0,6.58406424918212e-05,0.0,490.0357666015625,2.3910422896733508e-05,0.0,177.9594268798828,0.426533967256546,-0.1440541297197342,0.21527482569217682,0.09709695726633072,-0.3526851236820221,0.4398360252380371,0.4060888886451721,0.5477595925331116,-0.4851902723312378,0.44860777258872986,-0.5561092495918274,-0.9939215183258057,0.7989716529846191,-0.678374707698822,0.6716557145118713,"[0.426533967256546, -0.1440541297197342, 0.21527482569217682, 0.2957606613636017, 0.6341946721076965, 0.4746663272380829, 0.009444561786949635, -0.08956946432590485, -0.99593585729599, 0.699999988079071, 0.0, 0.0, 0.09709695726633072, -0.3526851236820221, 0.4398360252380371, 0.4060888886451721, -4.76837158203125e-07, -0.08519026637077332, 0.04860776662826538, -0.15610924363136292, -0.1939215064048767, -0.0010283589363098145, 0.12162530422210693, -0.12834429740905762, -1.7418354749679565, -2.004033088684082, -0.25616133213043213, 0.16907693445682526, -8.106231689453125e-06, -1.991506576538086, 0.8669678568840027, 1.5662543773651123, -3.7535390853881836, -4.974654674530029, -1.2487425804138184, -2.288670063018799, 0.2919638752937317, -0.46928930282592773, 0.5393760800361633, -0.09990420937538147, 2.010410785675049, 0.4720916450023651, -0.2557617127895355, -0.22254657745361328, -1.1995863914489746, -0.6694267988204956, 1.5523309707641602, -0.022101990878582, 1.0, 1.0, 1.0, 1.0, 0.0, 1.0, 1.0, 1.0, 1.0, 1.0, 1.0, 1.0]"
126,0.0,0.0,0.0,0.0,0.0,0.0,3.763986023841426e-05,0.0,280.144287109375,0.0,0.0,0.0,0.41498318314552307,-0.1479884535074234,0.12309139966964722,0.06242436543107033,-0.3778724670410156,0.43324968218803406,0.38110753893852234,0.5477595925331116,-0.48795151710510254,0.4596775770187378,-0.5188801884651184,-1.0958729982376099,0.6778391599655151,-0.681420624256134,0.7139112949371338,"[0.41498318314552307, -0.1479884535074234, 0.12309139966964722, 0.00824757106602192, 0.03095019981265068, 0.32339349389076233, 0.013583161868155003, -0.09543821960687637, -0.9953426122665405, 0.699999988079071, 0.0, 0.0, 0.06242436543107033, -0.3778724670410156, 0.43324968218803406, 0.38110753893852234, -4.76837158203125e-07, -0.08795151114463806, 0.059677571058273315, -0.11888018250465393, -0.2958729863166809, -0.12216085195541382, 0.11857938766479492, -0.08608871698379517, -1.2506468296051025, -0.3944647014141083, -0.027384258806705475, -1.568226933479309, -2.0802021026611328e-05, 0.7271498441696167, 0.5583536028862, 1.6854519844055176, -5.6822829246521, -5.56767463684082, 0.21274659037590027, 4.200026035308838, 0.37201738357543945, -0.2433529496192932, 0.47648122906684875, 0.10945674777030945, 2.1819868087768555, 0.37574371695518494, 0.2908366024494171, -0.7948217391967773, -1.621159315109253, -0.5742193460464478, 1.417382001876831, 0.3210718035697937, 1.0, 1.0, 1.0, 1.0, 0.0, 1.0, 1.0, 1.0, 1.0, 1.0, 1.0, 1.0]"
127,0.0,0.0,0.0,0.0,0.0,0.0,2.521517853892874e-05,0.0,187.67041015625,0.0,0.0,0.0,0.3889819383621216,-0.19695855677127838,-0.02952427603304386,0.061347074806690216,-0.35276761651039124,0.4451964795589447,0.35093408823013306,0.5477596521377563,-0.4554864168167114,0.4643877148628235,-0.49917206168174744,-1.21262788772583,0.5980075597763062,-0.6595227718353271,0.7963348627090454,"[0.3889819383621216, -0.19695855677127838, -0.02952427603304386, -0.9148359298706055, -0.34275951981544495, 0.22512823343276978, 0.009014319628477097, -0.08288935571908951, -0.9965177774429321, 0.699999988079071, 0.0, 0.0, 0.061347074806690216, -0.35276761651039124, 0.4451964795589447, 0.35093408823013306, -4.172325134277344e-07, -0.05548641085624695, 0.06438770890235901, -0.09917205572128296, -0.4126278758049011, -0.2019924521446228, 0.1404772400856018, -0.003665149211883545, 0.47746542096138, 2.099209785461426, 0.9025127291679382, -1.5201432704925537, -2.0444393157958984e-05, 2.153061866760254, 0.2218247652053833, 0.45846518874168396, -5.886162757873535, -3.587629795074463, 1.329519510269165, 4.040389060974121, 0.3445097506046295, -0.15750780701637268, 0.44843795895576477, 0.07241317629814148, 2.2024598121643066, 0.5024490356445312, 0.19914159178733826, -0.8515024185180664, -1.7093782424926758, -0.7107230424880981, 1.4025697708129883, 0.3921354413032532, 1.0, 1.0, 1.0, 1.0, 0.0, 1.0, 1.0, 1.0, 1.0, 1.0, 1.0, 1.0]"
128,0.0,0.0,0.0,2.6289162633474916e-05,0.0,195.66380310058594,3.598369949031621e-05,0.0,267.81787109375,0.0,0.0,0.0,0.363008588552475,-0.1965838074684143,-0.06383921951055527,0.06521624326705933,-0.3276357650756836,0.45820164680480957,0.3045104146003723,0.5477596521377563,-0.43870243430137634,0.4718276560306549,-0.5077868103981018,-1.3332258462905884,0.6033810377120972,-0.6377844214439392,0.8554294109344482,"[0.363008588552475, -0.1965838074684143, -0.06383921951055527, -0.32911765575408936, -0.372769832611084, 0.1978098750114441, 0.0006973547860980034, -0.07058712095022202, -0.9975048899650574, 0.699999988079071, 0.0, 0.0, 0.06521624326705933, -0.3276357650756836, 0.45820164680480957, 0.3045104146003723, -4.172325134277344e-07, -0.038702428340911865, 0.07182765007019043, -0.10778680443763733, -0.5332258343696594, -0.1966189742088318, 0.16221559047698975, 0.05542939901351929, -0.0990157350897789, 1.0926543474197388, 0.4387507438659668, -2.866386651992798, -8.64267349243164e-06, -0.49797141551971436, 0.6935266852378845, -0.7215904593467712, -6.048462390899658, 2.506847858428955, 0.4947423040866852, 0.9988394379615784, 0.46527647972106934, -0.17986848950386047, 0.2706909477710724, 0.08866557478904724, 2.3228211402893066, 0.5250437259674072, 0.07005366683006287, -0.6320094466209412, -1.6400455236434937, -0.8165757060050964, 1.4694148302078247, -0.04892624169588089, 1.0, 1.0, 1.0, 1.0, 0.0, 1.0, 1.0, 1.0, 1.0, 1.0, 1.0, 1.0]"
129,0.0,0.0,0.0,4.129715671297163e-05,0.0,307.3646545410156,3.956860018661246e-05,0.0,294.4993896484375,0.0,0.0,0.0,0.3777134418487549,-0.22286339104175568,-0.03896248713135719,0.06838877499103546,-0.3186047375202179,0.4639928638935089,0.23965366184711456,0.5477595925331116,-0.4335991144180298,0.48135313391685486,-0.525434672832489,-1.4119009971618652,0.6272643208503723,-0.621279776096344,0.8291690945625305,"[0.3777134418487549, -0.22286339104175568, -0.03896248713135719, -0.09872343391180038, -0.3582113981246948, 0.13592620193958282, -0.006644438486546278, -0.06744804978370667, -0.9977008700370789, 0.699999988079071, 0.0, 0.0, 0.06838877499103546, -0.3186047375202179, 0.4639928638935089, 0.23965366184711456, -4.76837158203125e-07, -0.03359910845756531, 0.08135312795639038, -0.12543466687202454, -0.6119009852409363, -0.17273569107055664, 0.17872023582458496, 0.029169082641601562, 0.36633700132369995, 0.41534098982810974, 0.2868179976940155, -3.2491984367370605, -1.868605613708496e-05, -0.0005485564470291138, 0.6157844066619873, -0.9217073917388916, -2.2937121391296387, 1.5695613622665405, 0.6223113536834717, -2.002323627471924, 0.39485880732536316, -0.32511502504348755, 0.43830183148384094, 0.18552044034004211, 2.3607168197631836, 0.5319520235061646, -0.11678341031074524, -0.49642133712768555, -1.5145816802978516, -0.5034208297729492, 1.574187994003296, -0.22134360671043396, 1.0, 1.0, 1.0, 1.0, 0.0, 1.0, 1.0, 1.0, 1.0, 1.0, 1.0, 1.0]"
130,0.0,0.0,0.0,3.0496050385409035e-05,0.0,226.9746551513672,4.1126524592982605e-05,0.0,306.0946960449219,0.0,0.0,0.0,0.3825858235359192,-0.25987979769706726,-0.03404409810900688,0.08330484479665756,-0.30763569474220276,0.4716334640979767,0.1812671571969986,0.5477595925331116,-0.42859017848968506,0.48652827739715576,-0.5391340851783752,-1.4369275569915771,0.6546297073364258,-0.5950037837028503,0.7683831453323364,"[0.3825858235359192, -0.25987979769706726, -0.03404409810900688, -0.25423112511634827, -0.48683932423591614, 0.13798898458480835, -0.015391599386930466, -0.06308180093765259, -0.9978897571563721, 0.699999988079071, 0.0, 0.0, 0.08330484479665756, -0.30763569474220276, 0.4716334640979767, 0.1812671571969986, -4.76837158203125e-07, -0.02859017252922058, 0.08652827143669128, -0.13913407921791077, -0.6369275450706482, -0.14537030458450317, 0.2049962282180786, -0.03161686658859253, 0.8326137661933899, 0.5981961488723755, 0.4440799057483673, -2.7566471099853516, -2.0444393157958984e-05, 0.028328999876976013, 0.3642711937427521, -0.39302435517311096, -0.6717791557312012, 1.796528935432434, 1.26531183719635, -3.976881980895996, 0.4472163915634155, -0.4483071267604828, 0.2643337547779083, 0.10387089848518372, 2.3261337280273438, 0.4508219063282013, -0.3384697735309601, -0.26925182342529297, -1.3739897012710571, -0.5511796474456787, 1.7513989210128784, -0.43047258257865906, 1.0, 1.0, 1.0, 1.0, 0.0, 1.0, 1.0, 1.0, 1.0, 1.0, 1.0, 1.0]"
131,0.0,0.0,0.0,2.6964164135279134e-05,0.0,200.6876983642578,4.30539803346619e-05,0.0,320.44024658203125,1.6869484170456417e-05,0.0,125.5554428100586,0.39572229981422424,-0.2927320599555969,0.0033991551026701927,0.10299409925937653,-0.29362189769744873,0.4813366234302521,0.14857277274131775,0.5477596521377563,-0.42186838388442993,0.48521924018859863,-0.539315402507782,-1.4308749437332153,0.6830503940582275,-0.5548301935195923,0.7683602571487427,"[0.39572229981422424, -0.2927320599555969, 0.0033991551026701927, -0.37702715396881104, -0.5284764170646667, 0.12187745422124863, -0.025996068492531776, -0.05669567361474037, -0.9980530738830566, 0.699999988079071, 0.0, 0.0, 0.10299409925937653, -0.29362189769744873, 0.4813366234302521, 0.14857277274131775, -4.172325134277344e-07, -0.021868377923965454, 0.08521923422813416, -0.1393153965473175, -0.6308749318122864, -0.11694961786270142, 0.24516981840133667, -0.03163975477218628, 1.0883744955062866, 0.7710626125335693, 0.5764715075492859, -0.9879005551338196, -1.728534698486328e-05, 0.2885792851448059, 0.01308433711528778, 0.5650449395179749, 1.041011095046997, 1.516068696975708, 1.9338113069534302, 0.005016684532165527, 0.5322646498680115, -0.5621955990791321, 0.29173871874809265, -0.0451449453830719, 2.305386543273926, 0.4084303081035614, -0.5609190464019775, 0.09732669591903687, -1.1104406118392944, -0.48332586884498596, 1.9308481216430664, -0.6496334671974182, 1.0, 1.0, 1.0, 1.0, 0.0, 1.0, 1.0, 1.0, 1.0, 1.0, 1.0, 1.0]"
132,0.0,0.0,0.0,8.668957889312878e-06,0.0,64.52093505859375,4.452114080777392e-05,0.0,331.3599853515625,4.709370477939956e-05,0.0,350.5069274902344,0.41807928681373596,-0.2944648861885071,0.09292274713516235,0.13069947063922882,-0.27533581852912903,0.4952985942363739,0.1609194278717041,0.5477596521377563,-0.40754055976867676,0.47365349531173706,-0.5192051529884338,-1.3919755220413208,0.6963257789611816,-0.5007050633430481,0.7714725732803345,"[0.41807928681373596, -0.2944648861885071, 0.09292274713516235, -0.5737048387527466, -0.3758229613304138, -0.017440665513277054, -0.03437025845050812, -0.046662263572216034, -0.9983194470405579, 0.699999988079071, 0.0, 0.0, 0.13069947063922882, -0.27533581852912903, 0.4952985942363739, 0.1609194278717041, -4.172325134277344e-07, -0.00754055380821228, 0.07365348935127258, -0.11920514702796936, -0.5919755101203918, -0.10367423295974731, 0.29929494857788086, -0.028527438640594482, 1.5122756958007812, 0.9740654826164246, 0.7979654669761658, 1.011294960975647, -2.1129846572875977e-05, 0.9209539294242859, -0.5497481226921082, 0.9117060303688049, 2.882519483566284, 0.2958115041255951, 2.642024040222168, 0.19537658989429474, 0.5933011174201965, -0.7412914633750916, -0.004442136734724045, -0.2224317491054535, 2.314941883087158, -0.003686577081680298, -0.6088621616363525, 0.8588478565216064, -0.7032585740089417, -0.19982796907424927, 1.96044921875, -1.0109833478927612, 1.0, 1.0, 1.0, 1.0, 0.0, 1.0, 1.0, 1.0, 1.0, 1.0, 1.0, 1.0]"
133,0.0,0.0,0.0,0.0,0.0,0.0,3.1171028240351006e-05,0.0,231.99835205078125,5.9646248701028526e-05,0.0,443.93243408203125,0.4362068772315979,-0.22823309898376465,0.15544819831848145,0.15445031225681305,-0.2716039717197418,0.5062963962554932,0.17558234930038452,0.5477596521377563,-0.39173850417137146,0.45409056544303894,-0.49384385347366333,-1.3114197254180908,0.7178099751472473,-0.4347882568836212,0.7646360993385315,"[0.4362068772315979, -0.22823309898376465, 0.15544819831848145, -0.3976079523563385, -0.32643207907676697, -0.11455334722995758, -0.04132850095629692, -0.039298709481954575, -0.9983723759651184, 0.699999988079071, 0.0, 0.0, 0.15445031225681305, -0.2716039717197418, 0.5062963962554932, 0.17558234930038452, -4.172325134277344e-07, 0.008261501789093018, 0.05409055948257446, -0.09384384751319885, -0.5114197134971619, -0.08219003677368164, 0.36521175503730774, -0.03536391258239746, 1.0848838090896606, -0.24512998759746552, 0.633228063583374, 0.655647337436676, -2.35140323638916e-05, 0.30357569456100464, -1.0908125638961792, 0.9531212449073792, 4.484592437744141, 2.9361352920532227, 3.4824883937835693, 0.005625709891319275, 0.3864324390888214, -0.3430827260017395, -0.4707154929637909, 0.19510576128959656, 2.2850093841552734, -0.6237384080886841, 0.18192945420742035, 1.6153126955032349, -0.39571166038513184, 0.2502296268939972, 1.0752488374710083, -1.1271693706512451, 1.0, 1.0, 1.0, 1.0, 0.0, 1.0, 1.0, 1.0, 1.0, 1.0, 1.0, 1.0]"
134,0.0,0.0,0.0,0.0,0.0,0.0,0.0,0.0,0.0,5.740341293858364e-05,0.0,427.23956298828125,0.5009461641311646,-0.14029483497142792,0.12910105288028717,0.16348521411418915,-0.28281304240226746,0.495166152715683,0.18535371124744415,0.5477596521377563,-0.40601593255996704,0.4420040547847748,-0.4640524089336395,-1.221012830734253,0.7972646951675415,-0.42414143681526184,0.7467172145843506,"[0.5009461641311646, -0.14029483497142792, 0.12910105288028717, -0.07948144525289536, 0.07015145570039749, 0.16541863977909088, -0.043983738869428635, -0.03563719242811203, -0.9983963966369629, 0.699999988079071, 0.0, 0.0, 0.16348521411418915, -0.28281304240226746, 0.495166152715683, 0.18535371124744415, -4.172325134277344e-07, -0.0060159265995025635, 0.0420040488243103, -0.06405240297317505, -0.421012818813324, -0.002735316753387451, 0.3758585751056671, -0.05328279733657837, 0.09208754450082779, -0.5709811449050903, -1.791970133781433, 0.3477954566478729, -1.8298625946044922e-05, -1.2868425846099854, -0.013993900269269943, 1.1153861284255981, 4.5521392822265625, 3.3377323150634766, -3.600097179412842, -0.6751370429992676, 0.26726779341697693, -0.3060254752635956, -0.16082139313220978, -0.003990620374679565, 2.005007266998291, -0.9066755771636963, 0.34449994564056396, 1.527492642402649, -0.16837970912456512, 0.2283250391483307, 0.2173508256673813, -1.0833553075790405, 1.0, 1.0, 1.0, 1.0, 0.0, 1.0, 1.0, 1.0, 1.0, 1.0, 1.0, 1.0]"
135,0.0,0.0,0.0,0.0,0.0,0.0,0.0,0.0,0.0,5.130661520524882e-05,0.0,381.8625793457031,0.5589554905891418,-0.07617612183094025,0.07599932700395584,0.15582972764968872,-0.28752580285072327,0.4246392548084259,0.1933862268924713,0.5477596521377563,-0.4497988224029541,0.4482530951499939,-0.43110859394073486,-1.1261354684829712,0.8381913304328918,-0.5049997568130493,0.7139277458190918,"[0.5589554905891418, -0.07617612183094025, 0.07599932700395584, -0.1010168269276619, 0.48030900955200195, 0.4285252094268799, -0.03797176852822304, -0.034343987703323364, -0.9986884593963623, 0.699999988079071, 0.0, 0.0, 0.15582972764968872, -0.28752580285072327, 0.4246392548084259, 0.1933862268924713, -4.172325134277344e-07, -0.049798816442489624, 0.04825308918952942, -0.031108587980270386, -0.32613545656204224, 0.03819131851196289, 0.29500025510787964, -0.08607226610183716, -0.6065030694007874, -0.07851134240627289, -4.306938648223877, 0.44601836800575256, -1.6957521438598633e-05, -2.680999755859375, 0.1207943707704544, 1.3264294862747192, 4.4438886642456055, 0.9808602333068848, -2.3346426486968994, -1.3681457042694092, 0.03520810604095459, -0.5516449809074402, 0.0780906230211258, -0.3031313121318817, 1.8579190969467163, -0.8101887702941895, -0.07081678509712219, 1.0883766412734985, -0.22039999067783356, -0.030977167189121246, 0.41019272804260254, -1.2214674949645996, 1.0, 1.0, 1.0, 1.0, 0.0, 1.0, 1.0, 1.0, 1.0, 1.0, 1.0, 1.0]"
136,0.0,0.0,0.0,0.0,0.0,0.0,2.7827982194139622e-05,0.0,207.1168670654297,3.346364610479213e-05,0.0,249.0617218017578,0.5937495827674866,-0.07419705390930176,0.0718151330947876,0.13114258646965027,-0.29068249464035034,0.3619430661201477,0.20069240033626556,0.5477596521377563,-0.5080666542053223,0.4555806517601013,-0.39557909965515137,-1.065985918045044,0.8066953420639038,-0.5521897673606873,0.6685602068901062,"[0.5937495827674866, -0.07419705390930176, 0.0718151330947876, -0.1734580397605896, 0.5868316888809204, 0.3489209711551666, -0.02626689150929451, -0.03279151767492294, -0.9991171956062317, 0.699999988079071, 0.0, 0.0, 0.13114258646965027, -0.29068249464035034, 0.3619430661201477, 0.20069240033626556, -4.172325134277344e-07, -0.10806664824485779, 0.05558064579963684, 0.00442090630531311, -0.265985906124115, 0.0066953301429748535, 0.2478102445602417, -0.13143980503082275, -1.5252621173858643, -0.03407595306634903, -1.091137409210205, 0.4139333665370941, -2.008676528930664e-05, -2.66969633102417, 0.4467349946498871, 1.7284533977508545, 1.9649429321289062, -3.7867202758789062, -1.6966354846954346, -2.253093957901001, -0.1685301959514618, -0.42710575461387634, 0.3272838592529297, -0.45439621806144714, 1.6875762939453125, -0.19584527611732483, -0.5830553770065308, 0.49355366826057434, -0.4407220482826233, -0.5854483842849731, 1.220644235610962, -1.080384612083435, 1.0, 1.0, 1.0, 1.0, 0.0, 1.0, 1.0, 1.0, 1.0, 1.0, 1.0, 1.0]"
137,0.0,0.0,0.0,0.0,0.0,0.0,5.435629645944573e-05,0.0,404.56060791015625,4.688027729571331e-06,0.0,34.891845703125,0.5820996761322021,-0.035685885697603226,0.1210365816950798,0.0817248672246933,-0.29063332080841064,0.3642875850200653,0.2082134336233139,0.5477597117424011,-0.5399503707885742,0.4676271975040436,-0.35590213537216187,-1.0694606304168701,0.6989468932151794,-0.5518966317176819,0.6224155426025391,"[0.5820996761322021, -0.035685885697603226, 0.1210365816950798, -0.12039351463317871, 0.17240062355995178, 0.23644354939460754, -0.019617728888988495, -0.02837476134300232, -0.9994051456451416, 0.699999988079071, 0.0, 0.0, 0.0817248672246933, -0.29063332080841064, 0.3642875850200653, 0.2082134336233139, -3.5762786865234375e-07, -0.13995036482810974, 0.0676271915435791, 0.04409787058830261, -0.26946061849594116, -0.10105311870574951, 0.24810338020324707, -0.1775844693183899, -3.0733118057250977, -0.14364051818847656, 0.025295564904808998, 0.11481320112943649, -1.8894672393798828e-05, -0.7964894771575928, 0.7087610363960266, 1.9838968515396118, -1.9251477718353271, -5.961905479431152, 0.10240539908409119, -2.335491418838501, 0.2548690140247345, -0.803335428237915, 0.00732918456196785, 0.3911530673503876, 2.0152587890625, 0.49044671654701233, -0.084937185049057, -0.7986080646514893, -0.9959456920623779, -0.8901312351226807, 1.4975969791412354, -0.45071837306022644, 1.0, 1.0, 1.0, 1.0, 0.0, 1.0, 1.0, 1.0, 1.0, 1.0, 1.0, 1.0]"
138,0.0,0.0,0.0,2.3763383069308475e-05,0.0,176.86505126953125,3.727521834662184e-05,0.0,277.43035888671875,0.0,0.0,0.0,0.536020815372467,-0.04132437705993652,0.047480061650276184,0.025910288095474243,-0.2931220531463623,0.36534199118614197,0.2068883180618286,0.5477596521377563,-0.5273501873016357,0.4754568934440613,-0.34418269991874695,-1.1383943557739258,0.6138280034065247,-0.5335569977760315,0.6343333125114441,"[0.536020815372467, -0.04132437705993652, 0.047480061650276184, -0.2808150053024292, -0.15747591853141785, 0.07004888355731964, -0.021070104092359543, -0.025572367012500763, -0.9994507431983948, 0.699999988079071, 0.0, 0.0, 0.025910288095474243, -0.2931220531463623, 0.36534199118614197, 0.2068883180618286, -4.172325134277344e-07, -0.12735018134117126, 0.0754568874835968, 0.05581730604171753, -0.3383943438529968, -0.1861720085144043, 0.26644301414489746, -0.16566669940948486, -2.1922831535339355, 0.5828653573989868, 0.22909614443778992, 0.25243839621543884, -2.6613473892211914e-05, 1.114337682723999, 0.36288130283355713, -0.507082462310791, -4.167638301849365, -0.18231099843978882, 1.0666382312774658, 2.967420816421509, 0.42647042870521545, -0.5558540225028992, 0.2431083470582962, 0.5258885622024536, 2.1129961013793945, 0.4214962422847748, 0.3009439706802368, -0.792935848236084, -1.2576295137405396, -0.7809065580368042, 1.4527506828308105, 0.0009744390845298767, 1.0, 1.0, 1.0, 1.0, 0.0, 1.0, 1.0, 1.0, 1.0, 1.0, 1.0, 1.0]"
139,0.0,0.0,0.0,4.99795532959979e-05,0.0,371.9855651855469,3.1836934795137495e-05,0.0,236.95449829101562,0.0,0.0,0.0,0.522309422492981,-0.08164715021848679,0.06111619994044304,0.0021805523429065943,-0.28515344858169556,0.3718777000904083,0.22385309636592865,0.5477597117424011,-0.5092976093292236,0.4810718595981598,-0.3832149803638458,-1.2348570823669434,0.613050639629364,-0.5150700211524963,0.6980408430099487,"[0.522309422492981, -0.08164715021848679, 0.06111619994044304, -0.31574493646621704, 0.05172960087656975, -0.026398884132504463, -0.0215037539601326, -0.019819360226392746, -0.9995723962783813, 0.699999988079071, 0.0, 0.0, 0.0021805523429065943, -0.28515344858169556, 0.3718777000904083, 0.22385309636592865, -3.5762786865234375e-07, -0.10929760336875916, 0.08107185363769531, 0.016785025596618652, -0.4348570704460144, -0.18694937229156494, 0.2849299907684326, -0.10195916891098022, -0.5736284255981445, 0.43316173553466797, 0.4045303463935852, 1.2472025156021118, -1.806020736694336e-05, 0.7937491536140442, 0.2613501250743866, -2.673309803009033, -5.085204601287842, -0.05090774595737457, 0.8094061017036438, 2.968484401702881, 0.37998759746551514, -0.5165930986404419, 0.24924544990062714, 0.6382350921630859, 2.3240976333618164, 0.5067533254623413, 0.22190845012664795, -0.9088027477264404, -1.4802186489105225, -0.8279058933258057, 1.4737688302993774, 0.14928793907165527, 1.0, 1.0, 1.0, 1.0, 0.0, 1.0, 1.0, 1.0, 1.0, 1.0, 1.0, 1.0]"
140,0.0,0.0,0.0,3.653252133517526e-05,0.0,271.9026184082031,3.4391276130918413e-05,0.0,255.96585083007812,0.0,0.0,0.0,0.5238015055656433,-0.10993628203868866,0.04828847944736481,0.0052459100261330605,-0.27544474601745605,0.38171935081481934,0.2588236331939697,0.5477596521377563,-0.4898843765258789,0.4861520230770111,-0.4533977210521698,-1.332495927810669,0.6073987483978271,-0.49863341450691223,0.7610632181167603,"[0.5238015055656433, -0.10993628203868866, 0.04828847944736481, -0.3216981291770935, 0.037292685359716415, -0.06640646606683731, -0.020425856113433838, -0.012699141167104244, -0.9997106790542603, 0.699999988079071, 0.0, 0.0, 0.0052459100261330605, -0.27544474601745605, 0.38171935081481934, 0.2588236331939697, -4.172325134277344e-07, -0.08988437056541443, 0.08615201711654663, -0.05339771509170532, -0.53249591588974, -0.1926012635231018, 0.3013665974140167, -0.0389367938041687, 0.4121915102005005, 0.46079328656196594, 0.47555723786354065, 1.9117096662521362, -1.901388168334961e-05, 0.781703770160675, 0.2692652940750122, -3.8281147480010986, -4.5935468673706055, -0.014271534979343414, 0.806618869304657, 2.915595054626465, 0.37842756509780884, -0.3773888051509857, 0.19927166402339935, 0.6190451383590698, 2.303295612335205, 0.4443139135837555, 0.16677352786064148, -0.7222098112106323, -1.5579330921173096, -0.7792553901672363, 1.4724448919296265, 0.14898914098739624, 1.0, 1.0, 1.0, 1.0, 0.0, 1.0, 1.0, 1.0, 1.0, 1.0, 1.0, 1.0]"
141,0.0,0.0,0.0,3.5857330658473074e-05,0.0,266.8773498535156,3.912516694981605e-05,0.0,291.19903564453125,0.0,0.0,0.0,0.5370993614196777,-0.11572842299938202,0.04289453849196434,0.017505334690213203,-0.26840829849243164,0.3892773389816284,0.29512807726860046,0.5477597117424011,-0.4703598916530609,0.4903857707977295,-0.5286191701889038,-1.405107855796814,0.6059330701828003,-0.47679322957992554,0.7915792465209961,"[0.5370993614196777, -0.11572842299938202, 0.04289453849196434, -0.12355729937553406, -0.1146252229809761, -0.06499778479337692, -0.021592414006590843, -0.008194701746106148, -0.9997332692146301, 0.699999988079071, 0.0, 0.0, 0.017505334690213203, -0.26840829849243164, 0.3892773389816284, 0.29512807726860046, -3.5762786865234375e-07, -0.07035988569259644, 0.09038576483726501, -0.12861916422843933, -0.605107843875885, -0.19406694173812866, 0.3232067823410034, -0.008420765399932861, 0.6391931176185608, 0.25893765687942505, 0.2746996581554413, 1.6420502662658691, -1.9788742065429688e-05, 0.8577824234962463, 0.25892364978790283, -3.5940053462982178, -2.9511218070983887, 0.1611311137676239, 1.110467791557312, 0.6295139789581299, 0.41208261251449585, -0.34896451234817505, 0.21713785827159882, 0.5273250341415405, 2.3378047943115234, 0.5010383129119873, -0.033381253480911255, -0.6890397071838379, -1.5451656579971313, -0.8704818487167358, 1.554389476776123, 0.028713367879390717, 1.0, 1.0, 1.0, 1.0, 0.0, 1.0, 1.0, 1.0, 1.0, 1.0, 1.0, 1.0]"
142,0.0,0.0,0.0,4.088141940883361e-05,0.0,304.27044677734375,4.182312841294333e-05,0.0,311.2793273925781,0.0,0.0,0.0,0.5611722469329834,-0.11616763472557068,0.06516484916210175,0.031609926372766495,-0.26707375049591064,0.3909379243850708,0.3183755874633789,0.5477596521377563,-0.44692960381507874,0.4925599694252014,-0.5908726453781128,-1.4445815086364746,0.6039530634880066,-0.4460260272026062,0.7862800359725952,"[0.5611722469329834, -0.11616763472557068, 0.06516484916210175, 0.1643487960100174, -0.24176324903964996, -0.07051332294940948, -0.025614259764552116, -0.009385612793266773, -0.9996278285980225, 0.699999988079071, 0.0, 0.0, 0.031609926372766495, -0.26707375049591064, 0.3909379243850708, 0.3183755874633789, -4.172325134277344e-07, -0.04692959785461426, 0.09255996346473694, -0.19087263941764832, -0.6445814967155457, -0.19604694843292236, 0.35397398471832275, -0.01371997594833374, 0.7592756152153015, -0.03342703729867935, -0.024010680615901947, 0.8421190977096558, -2.053380012512207e-05, 1.109355092048645, 0.1484202742576599, -2.7052242755889893, -1.3981058597564697, 0.0384054109454155, 1.5631085634231567, -1.0234438180923462, 0.5256565809249878, -0.3894261121749878, 0.2040664106607437, 0.4928485155105591, 2.4100537300109863, 0.5690808296203613, -0.11651349067687988, -0.5527753829956055, -1.4776525497436523, -0.920875072479248, 1.6764731407165527, -0.12635675072669983, 1.0, 1.0, 1.0, 1.0, 0.0, 1.0, 1.0, 1.0, 1.0, 1.0, 1.0, 1.0]"
143,0.0,0.0,0.0,4.127484862692654e-05,0.0,307.1986083984375,4.138715303270146e-05,0.0,308.0344543457031,0.0,0.0,0.0,0.5948954224586487,-0.12111508846282959,0.09540959447622299,0.05275357887148857,-0.26997750997543335,0.3881566524505615,0.3249048590660095,0.5477596521377563,-0.4174688756465912,0.49049630761146545,-0.6293554306030273,-1.4589831829071045,0.5965553522109985,-0.4041336476802826,0.7486347556114197,"[0.5948954224586487, -0.12111508846282959, 0.09540959447622299, 0.3348786532878876, -0.3092251420021057, -0.08826202154159546, -0.03135693818330765, -0.014938589185476303, -0.999396800994873, 0.699999988079071, 0.0, 0.0, 0.05275357887148857, -0.26997750997543335, 0.3881566524505615, 0.3249048590660095, -4.172325134277344e-07, -0.01746886968612671, 0.09049630165100098, -0.22935542464256287, -0.6589831709861755, -0.20344465970993042, 0.39586636424064636, -0.05136525630950928, 1.2499163150787354, -0.2036215215921402, -0.1954587996006012, 0.02661045826971531, -2.104043960571289e-05, 1.4069243669509888, -0.09912225604057312, -1.391863226890564, -0.24525126814842224, -0.24185015261173248, 2.1536428928375244, -2.494987726211548, 0.6403266191482544, -0.450541228055954, 0.19111864268779755, 0.44095149636268616, 2.4440650939941406, 0.5554884672164917, -0.2466275990009308, -0.4120122790336609, -1.3649755716323853, -0.9942277073860168, 1.8224213123321533, -0.31355372071266174, 1.0, 1.0, 1.0, 1.0, 0.0, 1.0, 1.0, 1.0, 1.0, 1.0, 1.0, 1.0]"
144,0.0,0.0,0.0,3.657405250123702e-05,0.0,272.21173095703125,4.183849159744568e-05,0.0,311.3936767578125,0.0,0.0,0.0,0.6283219456672668,-0.12667973339557648,0.11801345646381378,0.08632832020521164,-0.2752118706703186,0.38311120867729187,0.3163815140724182,0.5477596521377563,-0.382539838552475,0.4824542701244354,-0.64040607213974,-1.4478116035461426,0.5836333632469177,-0.3492421507835388,0.6862592697143555,"[0.6283219456672668, -0.12667973339557648, 0.11801345646381378, 0.4172462821006775, -0.3679533898830414, -0.1125185415148735, -0.03817559778690338, -0.02285284921526909, -0.9990096688270569, 0.699999988079071, 0.0, 0.0, 0.08632832020521164, -0.2752118706703186, 0.38311120867729187, 0.3163815140724182, -4.172325134277344e-07, 0.017460167407989502, 0.08245426416397095, -0.2404060661792755, -0.6478115916252136, -0.21636664867401123, 0.45075786113739014, -0.11374074220657349, 1.933956503868103, -0.2947928011417389, -0.27417072653770447, -0.6987029314041138, -2.086162567138672e-05, 1.680544137954712, -0.4290046691894531, 0.02267327532172203, 1.3597677946090698, -0.4997636377811432, 2.8592400550842285, -3.782310724258423, 0.7670109868049622, -0.525785505771637, 0.1536519080400467, 0.36227700114250183, 2.3630447387695312, 0.48269888758659363, -0.46140143275260925, -0.20435163378715515, -1.1142734289169312, -0.9836391806602478, 1.9863972663879395, -0.57627272605896, 1.0, 1.0, 1.0, 1.0, 0.0, 1.0, 1.0, 1.0, 1.0, 1.0, 1.0, 1.0]"
145,0.0,0.0,0.0,1.7316015146207064e-05,0.0,128.8788604736328,3.881720476783812e-05,0.0,288.9069519042969,0.0,0.0,0.0,0.6468331813812256,-0.12763625383377075,0.10847701132297516,0.1335826963186264,-0.2811841666698456,0.3778068423271179,0.2941834032535553,0.5477596521377563,-0.3458068072795868,0.46561089158058167,-0.6217577457427979,-1.3938212394714355,0.5720211863517761,-0.2760101854801178,0.5992302894592285,"[0.6468331813812256, -0.12763625383377075, 0.10847701132297516, 0.30655795335769653, -0.5023020505905151, -0.1226373016834259, -0.04675619304180145, -0.030979616567492485, -0.9984257221221924, 0.699999988079071, 0.0, 0.0, 0.1335826963186264, -0.2811841666698456, 0.3778068423271179, 0.2941834032535553, -4.172325134277344e-07, 0.054193198680877686, 0.06561088562011719, -0.22175773978233337, -0.5938212275505066, -0.22797882556915283, 0.5239897966384888, -0.20076972246170044, 2.637315273284912, -0.2249249666929245, -0.1773315966129303, -1.3368226289749146, -2.059340476989746e-05, 1.7375355958938599, -0.9776127338409424, 1.6549158096313477, 3.8624141216278076, -0.2972100079059601, 4.009395122528076, -5.207652568817139, 0.6425415873527527, -0.4213522970676422, 0.40227293968200684, 0.16406211256980896, 1.9395419359207153, -0.09896793961524963, -0.6612064838409424, 0.4103684723377228, -0.6026861071586609, -0.694729745388031, 1.6640852689743042, -1.0259231328964233, 1.0, 1.0, 1.0, 1.0, 0.0, 1.0, 1.0, 1.0, 1.0, 1.0, 1.0, 1.0]"
146,0.0,0.0,0.0,0.0,0.0,0.0,0.0,0.0,0.0,4.823825292987749e-05,0.0,359.0255126953125,0.6189209222793579,-0.13444025814533234,0.049115099012851715,0.19612149894237518,-0.27592384815216064,0.3806689977645874,0.2957209646701813,0.5477597117424011,-0.3237914741039276,0.435348242521286,-0.6002799272537231,-1.2985585927963257,0.5768771171569824,-0.22966210544109344,0.6017794013023376,"[0.6189209222793579, -0.13444025814533234, 0.049115099012851715, -0.3000115156173706, -0.20196697115898132, -0.06480342894792557, -0.05418851226568222, -0.02850455418229103, -0.9981238842010498, 0.699999988079071, 0.0, 0.0, 0.19612149894237518, -0.27592384815216064, 0.3806689977645874, 0.2957209646701813, -3.5762786865234375e-07, 0.07620853185653687, 0.03534823656082153, -0.20027992129325867, -0.49855858087539673, -0.22312289476394653, 0.5703378915786743, -0.1982206106185913, 3.093942403793335, 0.5244367122650146, 0.16963258385658264, 0.45893096923828125, -1.4275312423706055e-05, 0.3095250427722931, -1.4686932563781738, 0.9730998873710632, 5.04173469543457, 1.1598308086395264, -2.405216932296753, 0.30342450737953186, 0.07143861055374146, 0.17316433787345886, 0.8279318809509277, -0.08723846077919006, 1.5252114534378052, -0.9284541606903076, -0.3712233603000641, 0.8903356790542603, -0.14421288669109344, 0.0775994285941124, 0.38435184955596924, -0.9459734559059143, 1.0, 1.0, 1.0, 1.0, 0.0, 1.0, 1.0, 1.0, 1.0, 1.0, 1.0, 1.0]"
147,0.0,0.0,0.0,0.0,0.0,0.0,0.0,0.0,0.0,5.631532258121297e-05,0.0,419.1411437988281,0.5941323041915894,-0.11211153864860535,0.02316751703619957,0.24090562760829926,-0.25328177213668823,0.38657528162002563,0.30954867601394653,0.5477598309516907,-0.3565249741077423,0.39737462997436523,-0.5762171745300293,-1.1865036487579346,0.6685811877250671,-0.33407536149024963,0.5913788080215454,"[0.5941323041915894, -0.11211153864860535, 0.02316751703619957, -0.6156255006790161, 0.23257052898406982, 0.08260495960712433, -0.05247846245765686, -0.017391987144947052, -0.9984704852104187, 0.699999988079071, 0.0, 0.0, 0.24090562760829926, -0.25328177213668823, 0.38657528162002563, 0.30954867601394653, -2.384185791015625e-07, 0.04347503185272217, -0.002625375986099243, -0.17621716856956482, -0.3865036368370056, -0.13141882419586182, 0.4659246504306793, -0.20862120389938354, 1.460243821144104, 1.417968511581421, 0.2749515175819397, 0.8016995191574097, -1.0192394256591797e-05, -2.5761327743530273, -2.2671146392822266, 1.2491085529327393, 5.82246208190918, 5.4432597160339355, -4.407198429107666, -0.7993216514587402, -0.01918908767402172, -0.244167298078537, 0.6492226123809814, -0.17080911993980408, 1.5245695114135742, -0.8114595413208008, 0.07724085450172424, 0.9841316938400269, -0.10771720111370087, 0.2219332754611969, -0.11325962841510773, -0.9103630185127258, 1.0, 1.0, 1.0, 1.0, 0.0, 1.0, 1.0, 1.0, 1.0, 1.0, 1.0, 1.0]"
148,0.0,0.0,0.0,0.0,0.0,0.0,0.0,0.0,0.0,5.397574932430871e-05,0.0,401.7283020019531,0.6248424649238586,-0.05800573155283928,0.01076179463416338,0.23104165494441986,-0.23064051568508148,0.3826391100883484,0.31601324677467346,0.5477597117424011,-0.42241644859313965,0.36497676372528076,-0.5506579279899597,-1.0853073596954346,0.7422119379043579,-0.46236327290534973,0.5676677823066711,"[0.6248424649238586, -0.05800573155283928, 0.01076179463416338, 0.06031903997063637, 0.5772455334663391, 0.20744754374027252, -0.04360231012105942, -0.013134184293448925, -0.9989627003669739, 0.699999988079071, 0.0, 0.0, 0.23104165494441986, -0.23064051568508148, 0.3826391100883484, 0.31601324677467346, -3.5762786865234375e-07, -0.02241644263267517, -0.035023242235183716, -0.15065792202949524, -0.2853073477745056, -0.057788074016571045, 0.3376367390155792, -0.2323322296142578, -1.6078084707260132, 0.8687543272972107, -0.5688449740409851, 0.10685500502586365, -9.417533874511719e-06, -3.516740560531616, -1.2777295112609863, 1.0986038446426392, 4.334320068359375, 2.06894850730896, -6.833475112915039, -0.9955875873565674, -0.15615198016166687, -0.21055057644844055, 0.5363693237304688, -0.037043631076812744, 1.616273283958435, -0.5846747159957886, -0.05735829472541809, 0.9064491987228394, -0.1385391652584076, -0.12364844232797623, 0.43802982568740845, -0.9975160956382751, 1.0, 1.0, 1.0, 1.0, 0.0, 1.0, 1.0, 1.0, 1.0, 1.0, 1.0, 1.0]"
149,0.0,0.0,0.0,0.0,0.0,0.0,0.0,0.0,0.0,4.557103238767013e-05,0.0,339.1740417480469,0.6609978079795837,-0.0052472371608018875,-0.009528768248856068,0.17486101388931274,-0.21891924738883972,0.35514259338378906,0.31112805008888245,0.5477597117424011,-0.48724204301834106,0.33049121499061584,-0.5256447196006775,-1.0388829708099365,0.721558690071106,-0.47093039751052856,0.5366647839546204,"[0.6609978079795837, -0.0052472371608018875, -0.009528768248856068, 0.40065112709999084, 0.8701421022415161, 0.2505141794681549, -0.02881242334842682, -0.019162701442837715, -0.9994014501571655, 0.699999988079071, 0.0, 0.0, 0.17486101388931274, -0.21891924738883972, 0.35514259338378906, 0.31112805008888245, -3.5762786865234375e-07, -0.08724203705787659, -0.06950879096984863, -0.125644713640213, -0.23888295888900757, -0.078441321849823, 0.3290696144104004, -0.2633352279663086, -3.278873920440674, 0.48365911841392517, -1.871652603149414, -0.39025747776031494, -1.6748905181884766e-05, -2.7403829097747803, -2.0639710426330566, 1.1053029298782349, 0.4958009719848633, -3.6144583225250244, 3.403517246246338, -1.5488430261611938, 0.11659123003482819, -0.4291672110557556, 0.006660539656877518, 0.03029218316078186, 1.7971444129943848, 0.14016440510749817, -0.17608019709587097, 0.504271388053894, -0.6125556826591492, -0.7474771738052368, 1.398132562637329, -0.9815292954444885, 1.0, 1.0, 1.0, 1.0, 0.0, 1.0, 1.0, 1.0, 1.0, 1.0, 1.0, 1.0]"
150,0.0,0.0,0.0,0.0,0.0,0.0,0.0001552036264911294,0.0,1155.142578125,6.577491149073467e-06,0.0,48.95465850830078,0.7232988476753235,-0.007219879422336817,-0.011846642941236496,0.10662347078323364,-0.21353349089622498,0.31647539138793945,0.30118224024772644,0.5477596521377563,-0.5162432789802551,0.3031776249408722,-0.5035429000854492,-1.0669095516204834,0.6144407987594604,-0.40923893451690674,0.5057136416435242,"[0.7232988476753235, -0.007219879422336817, -0.011846642941236496, -0.1118195652961731, 0.6085941195487976, 0.2354915738105774, -0.010075004771351814, -0.029282791540026665, -0.9995200634002686, 0.699999988079071, 0.0, 0.0, 0.10662347078323364, -0.21353349089622498, 0.31647539138793945, 0.30118224024772644, -4.172325134277344e-07, -0.11624327301979065, -0.09682238101959229, -0.10354289412498474, -0.26690953969955444, -0.1855592131614685, 0.3907610774040222, -0.2942863702774048, -2.8395509719848633, 0.9856607913970947, 0.2498278021812439, 0.16999098658561707, -1.6123056411743164e-05, -0.43023091554641724, 2.057666301727295, 1.4329111576080322, -1.7761938571929932, -5.473849296569824, -3.032592535018921, -1.47114896774292, 0.1902548223733902, -0.8110626935958862, 0.3213886022567749, 0.25627627968788147, 1.866437554359436, 0.44446882605552673, -0.4275972545146942, -0.6384285688400269, -0.9698326587677002, -1.063637137413025, 1.651170253753662, -0.5543347597122192, 1.0, 1.0, 1.0, 1.0, 0.0, 1.0, 1.0, 1.0, 1.0, 1.0, 1.0, 1.0]"
151,0.0,0.0,0.0,0.0,0.0,0.0,5.8741989050759e-05,0.0,437.2022705078125,0.0,0.0,0.0,0.6661602258682251,0.03288281708955765,-0.06211228296160698,0.05258893594145775,-0.20398087799549103,0.31826311349868774,0.29742830991744995,0.5477597117424011,-0.4968612492084503,0.3469652831554413,-0.49068504571914673,-1.137803554534912,0.49526819586753845,-0.44865134358406067,0.5435197949409485,"[0.6661602258682251, 0.03288281708955765, -0.06211228296160698, -0.18387043476104736, 0.023087695240974426, 0.04379364475607872, -0.006118373014032841, -0.025544265285134315, -0.9996548295021057, 0.699999988079071, 0.0, 0.0, 0.05258893594145775, -0.20398087799549103, 0.31826311349868774, 0.29742830991744995, -3.5762786865234375e-07, -0.09686124324798584, -0.05303472280502319, -0.09068503975868225, -0.33780354261398315, -0.3047318160533905, 0.3513486683368683, -0.25648021697998047, -2.4825751781463623, 0.036101333796978, 0.15755215287208557, -0.31386950612068176, -1.71661376953125e-05, 1.5355838537216187, 1.544862985610962, -0.14108288288116455, -4.679724216461182, -5.47387170791626, -0.904730498790741, 4.3381805419921875, 0.44660070538520813, -0.5936858654022217, 0.060529012233018875, 0.511476993560791, 1.944180965423584, 0.20528748631477356, 0.17537647485733032, -0.5368492603302002, -1.3060067892074585, -0.905686616897583, 1.4448626041412354, -0.05814564973115921, 1.0, 1.0, 1.0, 1.0, 0.0, 1.0, 1.0, 1.0, 1.0, 1.0, 1.0, 1.0]"
152,0.0,0.0,0.0,7.583345723105595e-05,0.0,564.4098510742188,3.487629510345869e-05,0.0,259.5757141113281,0.0,0.0,0.0,0.6136366128921509,0.013715695589780807,-0.13666638731956482,0.028064988553524017,-0.19886533915996552,0.33042624592781067,0.30076804757118225,0.5477595329284668,-0.4619240164756775,0.37062516808509827,-0.5058937072753906,-1.234523892402649,0.44281595945358276,-0.4470423460006714,0.6321372985839844,"[0.6136366128921509, 0.013715695589780807, -0.13666638731956482, -0.6995658874511719, -0.29660969972610474, 0.0014715301804244518, -0.011068230494856834, -0.012208775617182255, -0.999864399433136, 0.699999988079071, 0.0, 0.0, 0.028064988553524017, -0.19886533915996552, 0.33042624592781067, 0.30076804757118225, -5.364418029785156e-07, -0.06192401051521301, -0.02937483787536621, -0.10589370131492615, -0.43452388048171997, -0.3571840524673462, 0.35295766592025757, -0.16786271333694458, -0.7975475788116455, 1.171787142753601, 0.6336579322814941, 0.3383118510246277, -5.2481889724731445e-05, 0.4548342227935791, 0.9432374238967896, -1.0767407417297363, -4.921775817871094, 1.114335298538208, 0.47330522537231445, 4.095350742340088, 0.3211395740509033, -0.36393752694129944, 0.29082486033439636, 0.47775575518608093, 2.0743207931518555, 0.4775526821613312, 0.12087789177894592, -0.6103833913803101, -1.4322329759597778, -1.0484943389892578, 1.5505306720733643, 0.08462046831846237, 1.0, 1.0, 1.0, 1.0, 0.0, 1.0, 1.0, 1.0, 1.0, 1.0, 1.0, 1.0]"
153,0.0,0.0,0.0,5.456328290165402e-05,0.0,406.1011657714844,3.908126745955087e-05,0.0,290.8722839355469,0.0,0.0,0.0,0.61578369140625,-0.0006191981956362724,-0.08315518498420715,0.012367968447506428,-0.1933916211128235,0.33663028478622437,0.30285346508026123,0.5477597117424011,-0.4679097533226013,0.3920954465866089,-0.5335026979446411,-1.3247734308242798,0.49398815631866455,-0.44249361753463745,0.705560028553009,"[0.61578369140625, -0.0006191981956362724, -0.08315518498420715, -0.2197151631116867, -0.2471463829278946, 0.01730934903025627, -0.016318313777446747, -0.005092808976769447, -0.999853789806366, 0.699999988079071, 0.0, 0.0, 0.012367968447506428, -0.1933916211128235, 0.33663028478622437, 0.30285346508026123, -3.5762786865234375e-07, -0.06790974736213684, -0.00790455937385559, -0.13350269198417664, -0.5247734189033508, -0.3060118556022644, 0.3575063943862915, -0.09443998336791992, -0.6489418148994446, 0.17410388588905334, 0.21889011561870575, 0.0280194990336895, -1.615285873413086e-05, -0.04972037672996521, 1.0785794258117676, -1.449804425239563, -3.993180513381958, 2.0296499729156494, 0.20750004053115845, 3.021589517593384, 0.44705986976623535, -0.42610809206962585, 0.25550124049186707, 0.605862021446228, 2.2254014015197754, 0.623908281326294, 0.14410808682441711, -0.7204549312591553, -1.4649286270141602, -0.971066951751709, 1.579364538192749, -0.04373035579919815, 1.0, 1.0, 1.0, 1.0, 0.0, 1.0, 1.0, 1.0, 1.0, 1.0, 1.0, 1.0]"
154,0.0,0.0,0.0,4.7771696699783206e-05,0.0,355.55303955078125,3.931825631298125e-05,0.0,292.63616943359375,0.0,0.0,0.0,0.6307681202888489,-0.034603558480739594,-0.036361098289489746,0.010237282142043114,-0.1903136521577835,0.34001612663269043,0.3054865300655365,0.5477596521377563,-0.4599619507789612,0.41047078371047974,-0.5633680820465088,-1.3826632499694824,0.5209864974021912,-0.4333149492740631,0.7332003116607666,"[0.6307681202888489, -0.034603558480739594, -0.036361098289489746, -0.14246778190135956, -0.21612413227558136, 0.003885961137712002, -0.020792575553059578, -0.0017671561799943447, -0.9997826218605042, 0.699999988079071, 0.0, 0.0, 0.010237282142043114, -0.1903136521577835, 0.34001612663269043, 0.3054865300655365, -4.172325134277344e-07, -0.059961944818496704, 0.010470777750015259, -0.1633680760860443, -0.5826632380485535, -0.2790135145187378, 0.36668506264686584, -0.06679970026016235, 0.2183198779821396, 0.16093839704990387, 0.1896468698978424, 0.24395495653152466, -1.7642974853515625e-05, 0.3693496882915497, 0.8775116205215454, -1.5698211193084717, -2.277717113494873, 1.339867115020752, 0.5346735715866089, 0.7359960079193115, 0.4429185092449188, -0.4523187577724457, 0.3265891969203949, 0.6083115339279175, 2.265418529510498, 0.5835728645324707, 0.028399020433425903, -0.7488765716552734, -1.448433518409729, -0.9511899948120117, 1.5882534980773926, -0.0888381376862526, 1.0, 1.0, 1.0, 1.0, 0.0, 1.0, 1.0, 1.0, 1.0, 1.0, 1.0, 1.0]"
155,0.0,0.0,0.0,4.443188299774192e-05,0.0,330.6956481933594,4.091597656952217e-05,0.0,304.5276184082031,0.0,0.0,0.0,0.6388673782348633,-0.05721992254257202,-0.0053216032683849335,0.023398468270897865,-0.18788625299930573,0.3427322208881378,0.31256046891212463,0.5477596521377563,-0.4457791745662689,0.423541396856308,-0.5977961421012878,-1.4148600101470947,0.5394794344902039,-0.4143327474594116,0.7381662130355835,"[0.6388673782348633, -0.05721992254257202, -0.0053216032683849335, -0.01905539631843567, -0.26631513237953186, -0.023203976452350616, -0.02576504647731781, 8.226162753999233e-05, -0.9996679425239563, 0.699999988079071, 0.0, 0.0, 0.023398468270897865, -0.18788625299930573, 0.3427322208881378, 0.31256046891212463, -4.172325134277344e-07, -0.04577916860580444, 0.023541390895843506, -0.19779613614082336, -0.6148599982261658, -0.2605205774307251, 0.38566726446151733, -0.06183379888534546, 0.8191947937011719, 0.060144633054733276, 0.0999414250254631, 0.35500961542129517, -1.9103288650512695e-05, 0.669211208820343, 0.6514295935630798, -1.7262223958969116, -1.2710609436035156, 0.9914988279342651, 0.9964911341667175, -0.27599021792411804, 0.5142075419425964, -0.4885154366493225, 0.2718253433704376, 0.6270999908447266, 2.3326101303100586, 0.603516697883606, -0.04037359356880188, -0.6753698587417603, -1.4203354120254517, -1.0423260927200317, 1.6733596324920654, -0.15979555249214172, 1.0, 1.0, 1.0, 1.0, 0.0, 1.0, 1.0, 1.0, 1.0, 1.0, 1.0, 1.0]"
156,0.0,0.0,0.0,4.651339622796513e-05,0.0,346.1878356933594,4.154547423240729e-05,0.0,309.2127990722656,0.0,0.0,0.0,0.6577674746513367,-0.07305750995874405,0.035716067999601364,0.04392474889755249,-0.1895270198583603,0.3412726819515228,0.31771963834762573,0.5477595925331116,-0.42360028624534607,0.43229785561561584,-0.6296069622039795,-1.433777093887329,0.5472922921180725,-0.38626018166542053,0.7225067019462585,"[0.6577674746513367, -0.07305750995874405, 0.035716067999601364, 0.24476999044418335, -0.30198243260383606, -0.03651559725403786, -0.03162720054388046, -0.0027942147571593523, -0.9994955658912659, 0.699999988079071, 0.0, 0.0, 0.04392474889755249, -0.1895270198583603, 0.3412726819515228, 0.31771963834762573, -4.76837158203125e-07, -0.023600280284881592, 0.03229784965515137, -0.22960695624351501, -0.6337770819664001, -0.25270771980285645, 0.4137398302555084, -0.07749330997467041, 1.1287174224853516, -0.16945189237594604, -0.14008869230747223, 0.19592516124248505, -1.996755599975586e-05, 1.1158599853515625, 0.4411265254020691, -1.415574073791504, -0.7483099699020386, 0.3748161196708679, 1.434015154838562, -1.1724028587341309, 0.5898023843765259, -0.5034803152084351, 0.2886689305305481, 0.6010396480560303, 2.387333869934082, 0.616547703742981, -0.15544971823692322, -0.5825737714767456, -1.382074236869812, -1.1328535079956055, 1.7499583959579468, -0.2721913158893585, 1.0, 1.0, 1.0, 1.0, 0.0, 1.0, 1.0, 1.0, 1.0, 1.0, 1.0, 1.0]"
157,0.0,0.0,0.0,4.497601548791863e-05,0.0,334.7455139160156,4.152720794081688e-05,0.0,309.07684326171875,0.0,0.0,0.0,0.6849917769432068,-0.08987831324338913,0.08198721706867218,0.07245663553476334,-0.19441449642181396,0.3361222743988037,0.31943994760513306,0.5477597117424011,-0.3924219608306885,0.43544816970825195,-0.6490614414215088,-1.4412589073181152,0.541874885559082,-0.34745609760284424,0.6882274150848389,"[0.6849917769432068, -0.08987831324338913, 0.08198721706867218, 0.39839449524879456, -0.31240084767341614, -0.04123254865407944, -0.037790607661008835, -0.009734884835779667, -0.9992380738258362, 0.699999988079071, 0.0, 0.0, 0.07245663553476334, -0.19441449642181396, 0.3361222743988037, 0.31943994760513306, -3.5762786865234375e-07, 0.007578045129776001, 0.035448163747787476, -0.2490614354610443, -0.6412588953971863, -0.2581251263618469, 0.4525439143180847, -0.11177259683609009, 1.5962368249893188, -0.2831990122795105, -0.2801551818847656, 0.003203483298420906, -2.03549861907959e-05, 1.564620852470398, 0.11743728816509247, -0.612810492515564, 0.03279966115951538, -0.28773051500320435, 2.046330690383911, -2.2051382064819336, 0.6723937392234802, -0.5388110280036926, 0.28363174200057983, 0.5394158363342285, 2.4097814559936523, 0.5688778162002563, -0.30750608444213867, -0.434207946062088, -1.276252031326294, -1.2039904594421387, 1.859415054321289, -0.4142000079154968, 1.0, 1.0, 1.0, 1.0, 0.0, 1.0, 1.0, 1.0, 1.0, 1.0, 1.0, 1.0]"
158,0.0,0.0,0.0,3.730895696207881e-05,0.0,277.6814270019531,4.115408955840394e-05,0.0,306.2998352050781,0.0,0.0,0.0,0.7112917304039001,-0.10002855956554413,0.11755391955375671,0.11060681194067001,-0.2009013444185257,0.3289582431316376,0.3148581385612488,0.5477597117424011,-0.35367050766944885,0.4305528402328491,-0.6480357050895691,-1.423819661140442,0.525649905204773,-0.29361480474472046,0.6337211728096008,"[0.7112917304039001, -0.10002855956554413, 0.11755391955375671, 0.4685307741165161, -0.3531324863433838, -0.04894724488258362, -0.0443846732378006, -0.01886243373155594, -0.9988365769386292, 0.699999988079071, 0.0, 0.0, 0.11060681194067001, -0.2009013444185257, 0.3289582431316376, 0.3148581385612488, -3.5762786865234375e-07, 0.046329498291015625, 0.030552834272384644, -0.24803569912910461, -0.6238196492195129, -0.274350106716156, 0.5063852071762085, -0.16627883911132812, 2.0900161266326904, -0.33576345443725586, -0.3501543700695038, -0.4073963761329651, -2.053380012512207e-05, 1.9361079931259155, -0.3330521285533905, 0.5766216516494751, 1.699268102645874, -0.7748122215270996, 2.9072890281677246, -3.444977045059204, 0.7621625065803528, -0.5965774655342102, 0.29936832189559937, 0.42529037594795227, 2.3183341026306152, 0.43101003766059875, -0.534820556640625, -0.20195980370044708, -1.0254555940628052, -1.1835694313049316, 1.9668724536895752, -0.6829236745834351, 1.0, 1.0, 1.0, 1.0, 0.0, 1.0, 1.0, 1.0, 1.0, 1.0, 1.0, 1.0]"
159,0.0,0.0,0.0,1.081805930880364e-05,0.0,80.51617431640625,3.327535159769468e-05,0.0,247.66030883789062,0.0,0.0,0.0,0.7195599675178528,-0.09930482506752014,0.10065209865570068,0.15796728432178497,-0.20719079673290253,0.3220871686935425,0.299506813287735,0.5477597117424011,-0.31324905157089233,0.4141606092453003,-0.6183851361274719,-1.3620234727859497,0.5103070139884949,-0.21717515587806702,0.5516877174377441,"[0.7195599675178528, -0.09930482506752014, 0.10065209865570068, 0.2904726266860962, -0.5027633905410767, -0.04771930351853371, -0.052763864398002625, -0.02752687782049179, -0.9982277750968933, 0.699999988079071, 0.0, 0.0, 0.15796728432178497, -0.20719079673290253, 0.3220871686935425, 0.299506813287735, -3.5762786865234375e-07, 0.08675095438957214, 0.014160603284835815, -0.21838513016700745, -0.5620234608650208, -0.2896929979324341, 0.5828248262405396, -0.24831229448318481, 2.576219081878662, -0.18965953588485718, -0.16719487309455872, -0.9501389265060425, -2.0742416381835938e-05, 1.9180989265441895, -0.9748465418815613, 2.2036850452423096, 4.258866786956787, -0.45082563161849976, 4.124510765075684, -4.874750137329102, 0.5301967263221741, -0.32969680428504944, 0.6314588785171509, 0.20774981379508972, 1.8023654222488403, -0.3260437548160553, -0.6497070789337158, 0.45234355330467224, -0.4985300302505493, -0.6994885206222534, 1.436856746673584, -1.0691981315612793, 1.0, 1.0, 1.0, 1.0, 0.0, 1.0, 1.0, 1.0, 1.0, 1.0, 1.0, 1.0]"
160,0.0,0.0,0.0,0.0,0.0,0.0,0.0,0.0,0.0,4.7789784730412066e-05,0.0,355.6877136230469,0.6759196519851685,-0.10357112437486649,0.024301690980792046,0.21731579303741455,-0.20266728103160858,0.3285534679889679,0.3004908263683319,0.5477597117424011,-0.29748591780662537,0.38902658224105835,-0.5916740298271179,-1.2617822885513306,0.5231831669807434,-0.22111724317073822,0.5375810265541077,"[0.6759196519851685, -0.10357112437486649, 0.024301690980792046, -0.44152936339378357, -0.0563301257789135, -0.021454105153679848, -0.05810616537928581, -0.024156978353857994, -0.9980185031890869, 0.699999988079071, 0.0, 0.0, 0.21731579303741455, -0.20266728103160858, 0.3285534679889679, 0.3004908263683319, -3.5762786865234375e-07, 0.10251408815383911, -0.010973423719406128, -0.19167402386665344, -0.4617822766304016, -0.27681684494018555, 0.5788827538490295, -0.2624189853668213, 2.969616651535034, 0.4928974211215973, 0.7124398350715637, 0.5755383968353271, -1.4543533325195312e-05, -0.30332693457603455, -1.1807469129562378, 1.063645601272583, 5.250715255737305, 2.153839588165283, -5.42988395690918, 0.10565829277038574, 0.057059019804000854, 0.14449343085289001, 1.0077096223831177, -0.13714849948883057, 1.529335618019104, -0.8503468036651611, -0.3597046434879303, 0.7171822786331177, -0.15005500614643097, 0.005177520215511322, 0.2893901467323303, -0.9367668628692627, 1.0, 1.0, 1.0, 1.0, 0.0, 1.0, 1.0, 1.0, 1.0, 1.0, 1.0, 1.0]"
161,0.0,0.0,0.0,0.0,0.0,0.0,0.0,0.0,0.0,5.359608621802181e-05,0.0,398.9025573730469,0.6471437811851501,-0.07976124435663223,0.006750121712684631,0.25750115513801575,-0.18350116908550262,0.3511603772640228,0.31601765751838684,0.5477597117424011,-0.3399064242839813,0.3514925241470337,-0.5658584833145142,-1.1514301300048828,0.6168153285980225,-0.32088738679885864,0.5225169062614441,"[0.6471437811851501, -0.07976124435663223, 0.006750121712684631, -0.671173632144928, 0.3406265079975128, 0.08363005518913269, -0.05398658290505409, -0.00989061314612627, -0.9984925389289856, 0.699999988079071, 0.0, 0.0, 0.25750115513801575, -0.18350116908550262, 0.3511603772640228, 0.31601765751838684, -3.5762786865234375e-07, 0.060093581676483154, -0.048507481813430786, -0.16585847735404968, -0.35143011808395386, -0.1831846833229065, 0.4791126251220703, -0.27748310565948486, 1.0589179992675781, 1.0574043989181519, 1.1059834957122803, 0.8347222208976746, -1.0907649993896484e-05, -2.8812570571899414, -2.0782957077026367, 1.3270866870880127, 5.388715744018555, 4.712182998657227, -4.346437931060791, -1.0115134716033936, -0.0006456058472394943, -0.1996612846851349, 0.4932902753353119, -0.0625620186328888, 1.606963038444519, -0.6453198194503784, 0.05443856120109558, 0.8547840118408203, -0.17844055593013763, -0.017039276659488678, 0.20043471455574036, -0.9741767644882202, 1.0, 1.0, 1.0, 1.0, 0.0, 1.0, 1.0, 1.0, 1.0, 1.0, 1.0, 1.0]"
162,0.0,0.0,0.0,0.0,0.0,0.0,0.0,0.0,0.0,5.1122675358783454e-05,0.0,380.4935607910156,0.6711173057556152,-0.013569352217018604,-0.015968305990099907,0.23496468365192413,-0.17442536354064941,0.35448920726776123,0.3182072341442108,0.5477597117424011,-0.4060885012149811,0.3234865665435791,-0.5429531931877136,-1.0716047286987305,0.6658018827438354,-0.435407817363739,0.5028095841407776,"[0.6711173057556152, -0.013569352217018604, -0.015968305990099907, 0.2611575722694397, 0.6311640739440918, 0.21401411294937134, -0.04359007254242897, -0.008845759555697441, -0.9990102052688599, 0.699999988079071, 0.0, 0.0, 0.23496468365192413, -0.17442536354064941, 0.35448920726776123, 0.3182072341442108, -3.5762786865234375e-07, -0.0060884952545166016, -0.07651343941688538, -0.14295318722724915, -0.2716047167778015, -0.1341981291770935, 0.36459219455718994, -0.29719042778015137, -2.2256085872650146, 0.12964478135108948, -0.48610401153564453, -0.21935516595840454, -1.3440847396850586e-05, -3.3625478744506836, -1.3304486274719238, 0.9098080396652222, 2.8972575664520264, 0.7230536341667175, -4.001371383666992, -0.8042260408401489, -0.096902996301651, -0.15361666679382324, 0.4249192774295807, 0.059134453535079956, 1.5826711654663086, -0.38669660687446594, -0.14486601948738098, 0.7471297979354858, -0.31217747926712036, -0.41385695338249207, 0.7934908270835876, -1.0184346437454224, 1.0, 1.0, 1.0, 1.0, 0.0, 1.0, 1.0, 1.0, 1.0, 1.0, 1.0, 1.0]"
163,0.0,0.0,0.0,0.0,0.0,0.0,0.0,0.0,0.0,3.2201172871282324e-05,0.0,239.66546630859375,0.704947292804718,0.029038509353995323,-0.06825169920921326,0.1723756641149521,-0.17488376796245575,0.3275834619998932,0.3097796142101288,0.5477597117424011,-0.46303772926330566,0.2895263433456421,-0.5237472057342529,-1.0545852184295654,0.6245347261428833,-0.40006715059280396,0.48199594020843506,"[0.704947292804718, 0.029038509353995323, -0.06825169920921326, 0.5662713050842285, 0.8777691125869751, 0.2587442398071289, -0.02805175818502903, -0.017758332192897797, -0.9994485378265381, 0.699999988079071, 0.0, 0.0, 0.1723756641149521, -0.17488376796245575, 0.3275834619998932, 0.3097796142101288, -3.5762786865234375e-07, -0.06303772330284119, -0.11047366261482239, -0.12374719977378845, -0.2545852065086365, -0.17546528577804565, 0.399932861328125, -0.3180040717124939, -3.508979082107544, -0.10382548719644547, -1.793377161026001, -0.5782272219657898, -1.7255544662475586e-05, -2.2178499698638916, -1.8419314622879028, 0.8125054836273193, -0.7455790042877197, -4.340549468994141, 4.151034832000732, -0.974459171295166, 0.06806188821792603, -0.42325058579444885, 0.23534996807575226, 0.0643027126789093, 1.8112834692001343, 0.36359402537345886, -0.27325254678726196, 0.02211509644985199, -0.7605268955230713, -0.9617713689804077, 1.6024370193481445, -0.8210448622703552, 1.0, 1.0, 1.0, 1.0, 0.0, 1.0, 1.0, 1.0, 1.0, 1.0, 1.0, 1.0]"
164,0.0,0.0,0.0,0.0,0.0,0.0,0.00011694244312820956,0.0,870.3740234375,0.0,0.0,0.0,0.7474738955497742,0.02389742247760296,-0.03888114169239998,0.10407808423042297,-0.17242513597011566,0.30416786670684814,0.3026461601257324,0.5477597713470459,-0.47836723923683167,0.2916224002838135,-0.5098447203636169,-1.0921258926391602,0.5144307613372803,-0.37231117486953735,0.4788387417793274,"[0.7474738955497742, 0.02389742247760296, -0.03888114169239998, -0.5138652920722961, 0.1576189547777176, 0.27011242508888245, -0.014348449185490608, -0.024766141548752785, -0.9995900392532349, 0.699999988079071, 0.0, 0.0, 0.10407808423042297, -0.17242513597011566, 0.30416786670684814, 0.3026461601257324, -2.980232238769531e-07, -0.07836723327636719, -0.108377605676651, -0.10984471440315247, -0.2921258807182312, -0.2855692505836487, 0.4276888370513916, -0.32116127014160156, -2.776824712753296, 1.0812575817108154, 0.5318710207939148, 0.4499909579753876, -2.3186206817626953e-05, 0.22416289150714874, 4.113388538360596, 0.9983911514282227, -1.9095526933670044, -4.98539400100708, -5.20801305770874, 0.9238881468772888, 0.2715909779071808, -0.8564451932907104, 0.2696520984172821, 0.3703717887401581, 1.8449441194534302, 0.3144330680370331, -0.4614850580692291, -0.7870336771011353, -0.9551081657409668, -1.0459895133972168, 1.5980842113494873, -0.36575251817703247, 1.0, 1.0, 1.0, 1.0, 0.0, 1.0, 1.0, 1.0, 1.0, 1.0, 1.0, 1.0]"
165,0.0,0.0,0.0,0.0,0.0,0.0,5.772596341557801e-05,0.0,429.6402587890625,0.0,0.0,0.0,0.673728346824646,0.06116561219096184,-0.1300053596496582,0.05107366666197777,-0.1733066290616989,0.3074203133583069,0.29978621006011963,0.5477597117424011,-0.45568594336509705,0.3313676416873932,-0.5151419043540955,-1.161482810974121,0.4166018068790436,-0.3959139883518219,0.5615670084953308,"[0.673728346824646, 0.06116561219096184, -0.1300053596496582, -0.4818771481513977, -0.22106610238552094, 0.01840672828257084, -0.015083074569702148, -0.01935386098921299, -0.9996987581253052, 0.699999988079071, 0.0, 0.0, 0.05107366666197777, -0.1733066290616989, 0.3074203133583069, 0.29978621006011963, -3.5762786865234375e-07, -0.05568593740463257, -0.06863236427307129, -0.11514189839363098, -0.36148279905319214, -0.3833982050418854, 0.40408602356910706, -0.23843300342559814, -2.1136276721954346, -0.25003284215927124, 0.3916338384151459, -0.05777382850646973, -1.84476375579834e-05, 1.596688151359558, 1.679343342781067, -0.7532262802124023, -4.271280765533447, -4.411808490753174, -0.7029477953910828, 4.865576267242432, 0.45833373069763184, -0.48331013321876526, 0.20997555553913116, 0.42940571904182434, 1.9576369524002075, 0.43083158135414124, 0.17852461338043213, -0.5013207197189331, -1.4086793661117554, -1.0995426177978516, 1.3881771564483643, -0.01868242770433426, 1.0, 1.0, 1.0, 1.0, 0.0, 1.0, 1.0, 1.0, 1.0, 1.0, 1.0, 1.0]"
166,0.0,0.0,0.0,6.017762643750757e-05,0.0,447.8873596191406,3.5851076972903684e-05,0.0,266.8307800292969,0.0,0.0,0.0,0.6437734961509705,0.030667362734675407,-0.09247716516256332,0.021464316174387932,-0.1700236201286316,0.3143327534198761,0.2997930347919464,0.5477597117424011,-0.45071709156036377,0.3563225269317627,-0.5379447937011719,-1.2611372470855713,0.43861401081085205,-0.39577460289001465,0.6449505090713501,"[0.6437734961509705, 0.030667362734675407, -0.09247716516256332, -0.2750117778778076, -0.22204793989658356, 0.047613952308893204, -0.020212890580296516, -0.010526144877076149, -0.9997401833534241, 0.699999988079071, 0.0, 0.0, 0.021464316174387932, -0.1700236201286316, 0.3143327534198761, 0.2997930347919464, -3.5762786865234375e-07, -0.05071708559989929, -0.04367747902870178, -0.1379447877407074, -0.46113723516464233, -0.3613860011100769, 0.4042254090309143, -0.15504950284957886, -1.267890214920044, 0.20116740465164185, 0.1970377266407013, -0.04332173243165016, -1.6480684280395508e-05, -0.1547359824180603, 1.2500003576278687, -1.2750554084777832, -4.950048923492432, 2.205327033996582, -0.05838654562830925, 3.7683839797973633, 0.3892389237880707, -0.4421234726905823, 0.22094248235225677, 0.5897057056427002, 2.119621753692627, 0.6228822469711304, 0.0715760886669159, -0.6212450265884399, -1.4297232627868652, -1.1770215034484863, 1.6313986778259277, -0.018741168081760406, 1.0, 1.0, 1.0, 1.0, 0.0, 1.0, 1.0, 1.0, 1.0, 1.0, 1.0, 1.0]"
167,0.0,0.0,0.0,4.881134009337984e-05,0.0,363.2908935546875,3.802634455496445e-05,0.0,283.020751953125,0.0,0.0,0.0,0.6631922125816345,-0.009133717976510525,-0.029995545744895935,0.006157999392598867,-0.16827671229839325,0.3154764771461487,0.300640344619751,0.5477596521377563,-0.44263648986816406,0.37792643904685974,-0.5639621019363403,-1.3427337408065796,0.4639533460140228,-0.39253315329551697,0.7030230164527893,"[0.6631922125816345, -0.009133717976510525, -0.029995545744895935, -0.08069800585508347, -0.14107653498649597, 0.055573947727680206, -0.023481249809265137, -0.008422277867794037, -0.9996890425682068, 0.699999988079071, 0.0, 0.0, 0.006157999392598867, -0.16827671229839325, 0.3154764771461487, 0.300640344619751, -4.172325134277344e-07, -0.042636483907699585, -0.022073566913604736, -0.16396209597587585, -0.5427337288856506, -0.33604666590690613, 0.407466858625412, -0.09697699546813965, -0.39164990186691284, 0.11413455009460449, 0.05354414880275726, 0.1889035403728485, -1.7881393432617188e-05, 0.5046042203903198, 1.012866735458374, -1.288455843925476, -3.518540859222412, 1.0163065195083618, 0.2591126561164856, 2.1806554794311523, 0.4550933241844177, -0.5603304505348206, 0.4074452221393585, 0.5900499820709229, 2.2572994232177734, 0.496300607919693, 0.06913530826568604, -0.7626752853393555, -1.4550175666809082, -0.9702943563461304, 1.5868152379989624, -0.04250846058130264, 1.0, 1.0, 1.0, 1.0, 0.0, 1.0, 1.0, 1.0, 1.0, 1.0, 1.0, 1.0]"
168,0.0,0.0,0.0,3.739096428034827e-05,0.0,278.29180908203125,3.989053948316723e-05,0.0,296.8955383300781,0.0,0.0,0.0,0.6639396548271179,-0.04012385010719299,-0.013227291405200958,0.012750452384352684,-0.16421175003051758,0.3187099099159241,0.30976247787475586,0.5477596521377563,-0.4293203353881836,0.39292529225349426,-0.5919870138168335,-1.3932414054870605,0.4817897379398346,-0.3776438534259796,0.7291373014450073,"[0.6639396548271179, -0.04012385010719299, -0.013227291405200958, -0.18371416628360748, -0.20425359904766083, 0.02262270636856556, -0.026977401226758957, -0.005079570226371288, -0.9996231198310852, 0.699999988079071, 0.0, 0.0, 0.012750452384352684, -0.16421175003051758, 0.3187099099159241, 0.30976247787475586, -4.172325134277344e-07, -0.029320329427719116, -0.007074713706970215, -0.19198700785636902, -0.5932413935661316, -0.31821027398109436, 0.42235615849494934, -0.07086271047592163, 0.6681895852088928, 0.24070154130458832, 0.1969839483499527, 0.56015944480896, -2.0235776901245117e-05, 0.6037203073501587, 0.6966568827629089, -1.4674359560012817, -1.951790690422058, 1.0020209550857544, 0.8863265514373779, 0.8476510047912598, 0.48196205496788025, -0.5381547808647156, 0.3342612087726593, 0.6418488025665283, 2.3237991333007812, 0.5068374872207642, -0.004058122634887695, -0.6901272535324097, -1.4491534233093262, -1.1285486221313477, 1.682610034942627, -0.08904413133859634, 1.0, 1.0, 1.0, 1.0, 0.0, 1.0, 1.0, 1.0, 1.0, 1.0, 1.0, 1.0]"
169,0.0,0.0,0.0,4.2610456148395315e-05,0.0,317.13922119140625,4.269457349437289e-05,0.0,317.7652893066406,0.0,0.0,0.0,0.6729410886764526,-0.0564197339117527,0.015571944415569305,0.03175186738371849,-0.16186529397964478,0.32055675983428955,0.31955426931381226,0.5477596521377563,-0.41156482696533203,0.4027421474456787,-0.6213024854660034,-1.4220279455184937,0.49532440304756165,-0.3519662916660309,0.7314228415489197,"[0.6729410886764526, -0.0564197339117527, 0.015571944415569305, 0.03252948448061943, -0.26274412870407104, -0.0020778824109584093, -0.031850770115852356, -0.0038339190650731325, -0.9994848966598511, 0.699999988079071, 0.0, 0.0, 0.03175186738371849, -0.16186529397964478, 0.32055675983428955, 0.31955426931381226, -4.172325134277344e-07, -0.011564821004867554, 0.0027421414852142334, -0.22130247950553894, -0.6220279335975647, -0.3046756088733673, 0.44803372025489807, -0.06857717037200928, 1.0631896257400513, 0.045215338468551636, 0.011739909648895264, 0.41146156191825867, -2.1249055862426758e-05, 0.9597830176353455, 0.5062865614891052, -1.366892695426941, -1.1798524856567383, 0.562411904335022, 1.3037821054458618, -0.5376532077789307, 0.5733564496040344, -0.5689030289649963, 0.3359214663505554, 0.6048833131790161, 2.3996925354003906, 0.5864356756210327, -0.10753121972084045, -0.6641076803207397, -1.4197150468826294, -1.1920511722564697, 1.7549502849578857, -0.22490206360816956, 1.0, 1.0, 1.0, 1.0, 0.0, 1.0, 1.0, 1.0, 1.0, 1.0, 1.0, 1.0]"
170,0.0,0.0,0.0,4.401812475407496e-05,0.0,327.61614990234375,4.3509251554496586e-05,0.0,323.8287353515625,0.0,0.0,0.0,0.6937372088432312,-0.07342479377985,0.062412723898887634,0.05762173980474472,-0.16425587236881256,0.3175972104072571,0.3243165612220764,0.5477596521377563,-0.38423463702201843,0.40778204798698425,-0.6438599824905396,-1.4380377531051636,0.4948786795139313,-0.31698498129844666,0.7074911594390869,"[0.6937372088432312, -0.07342479377985, 0.062412723898887634, 0.282804936170578, -0.2766161262989044, -0.016471441835165024, -0.03723546490073204, -0.00799347460269928, -0.9992745518684387, 0.699999988079071, 0.0, 0.0, 0.05762173980474472, -0.16425587236881256, 0.3175972104072571, 0.3243165612220764, -4.172325134277344e-07, 0.015765368938446045, 0.007782042026519775, -0.24385997653007507, -0.6380377411842346, -0.3051213324069977, 0.4830150306224823, -0.09250885248184204, 1.4591686725616455, -0.16949766874313354, -0.2114112824201584, 0.16057944297790527, -2.1576881408691406e-05, 1.453987717628479, 0.23403005301952362, -0.8867018818855286, -0.4579877257347107, -0.18381662666797638, 1.8141833543777466, -1.7069475650787354, 0.6634230017662048, -0.5872704982757568, 0.3052349388599396, 0.6031714677810669, 2.4439001083374023, 0.588249921798706, -0.24330803751945496, -0.5106384754180908, -1.3397026062011719, -1.2726610898971558, 1.849349021911621, -0.3539098799228668, 1.0, 1.0, 1.0, 1.0, 0.0, 1.0, 1.0, 1.0, 1.0, 1.0, 1.0, 1.0]"
171,0.0,0.0,0.0,3.885487240040675e-05,0.0,289.18731689453125,4.3419026042101905e-05,0.0,323.1572265625,0.0,0.0,0.0,0.7189733982086182,-0.08872859179973602,0.10518848150968552,0.09369496256113052,-0.1692310869693756,0.31172946095466614,0.32434386014938354,0.5477597117424011,-0.34780094027519226,0.4052448868751526,-0.6510420441627502,-1.434187412261963,0.4807121157646179,-0.26815351843833923,0.6602054238319397,"[0.7189733982086182, -0.08872859179973602, 0.10518848150968552, 0.3970251679420471, -0.2994617819786072, -0.024621527642011642, -0.04286647588014603, -0.015458889305591583, -0.9989611506462097, 0.699999988079071, 0.0, 0.0, 0.09369496256113052, -0.1692310869693756, 0.31172946095466614, 0.32434386014938354, -3.5762786865234375e-07, 0.05219906568527222, 0.00524488091468811, -0.25104203820228577, -0.6341874003410339, -0.31928789615631104, 0.5318465232849121, -0.13979458808898926, 2.013709545135498, -0.2577695846557617, -0.3124037981033325, -0.10978634655475616, -2.1785497665405273e-05, 1.8850961923599243, -0.20042449235916138, 0.08640927821397781, 0.8551781177520752, -0.8013455867767334, 2.618530511856079, -3.0307505130767822, 0.755944550037384, -0.6486896872520447, 0.31811365485191345, 0.510131299495697, 2.4146852493286133, 0.504635214805603, -0.46417316794395447, -0.30943042039871216, -1.154712200164795, -1.3046592473983765, 1.9714758396148682, -0.5717002749443054, 1.0, 1.0, 1.0, 1.0, 0.0, 1.0, 1.0, 1.0, 1.0, 1.0, 1.0, 1.0]"
172,0.0,0.0,0.0,2.0982632122468203e-05,0.0,156.16860961914062,3.8709273212589324e-05,0.0,288.1036376953125,0.0,0.0,0.0,0.7336092591285706,-0.09234841912984848,0.11258776485919952,0.14010149240493774,-0.17519181966781616,0.30482217669487,0.31570965051651,0.5477596521377563,-0.3065524697303772,0.3915084898471832,-0.6332132816314697,-1.3911290168762207,0.46127310395240784,-0.1979915350675583,0.5866941213607788,"[0.7336092591285706, -0.09234841912984848, 0.11258776485919952, 0.34455373883247375, -0.40514713525772095, -0.03585592657327652, -0.049724824726581573, -0.024019679054617882, -0.9984742999076843, 0.699999988079071, 0.0, 0.0, 0.14010149240493774, -0.17519181966781616, 0.30482217669487, 0.31570965051651, -4.172325134277344e-07, 0.09344753623008728, -0.00849151611328125, -0.23321327567100525, -0.5911290049552917, -0.3387269079685211, 0.6020084619522095, -0.21330589056015015, 2.561575174331665, -0.22126634418964386, -0.26840832829475403, -0.6271291971206665, -2.142786979675293e-05, 2.0223612785339355, -0.8740023374557495, 1.5631924867630005, 3.3808131217956543, -0.7904455661773682, 3.934068202972412, -4.569817543029785, 0.6860717535018921, -0.5115174651145935, 0.5692266225814819, 0.29680439829826355, 2.027825355529785, 0.009269684553146362, -0.6896566152572632, 0.15357136726379395, -0.7015284895896912, -1.0400432348251343, 1.755289077758789, -0.9668718576431274, 1.0, 1.0, 1.0, 1.0, 0.0, 1.0, 1.0, 1.0, 1.0, 1.0, 1.0, 1.0]"
173,0.0,0.0,0.0,0.0,0.0,0.0,0.0,0.0,0.0,4.687378532253206e-05,0.0,348.8701477050781,0.706039547920227,-0.10744991898536682,0.0023546074517071247,0.19236066937446594,-0.17917202413082123,0.301718533039093,0.2971501052379608,0.5477596521377563,-0.27705323696136475,0.36991122364997864,-0.5850754976272583,-1.298041582107544,0.4632737934589386,-0.15555797517299652,0.500307559967041,"[0.706039547920227, -0.10744991898536682, 0.0023546074517071247, 0.057979051023721695, -0.29484495520591736, -0.003928822465240955, -0.05829330161213875, -0.02996758371591568, -0.9978496432304382, 0.699999988079071, 0.0, 0.0, 0.19236066937446594, -0.17917202413082123, 0.301718533039093, 0.2971501052379608, -4.172325134277344e-07, 0.12294676899909973, -0.03008878231048584, -0.18507549166679382, -0.498041570186615, -0.33672621846199036, 0.6444420218467712, -0.29969245195388794, 2.836367607116699, 0.07409197092056274, 0.27159664034843445, 0.7725399136543274, -1.817941665649414e-05, 0.700677216053009, -0.9663731455802917, 1.4816136360168457, 5.096711158752441, 1.0547640323638916, -2.3126325607299805, -1.143841028213501, 0.14678528904914856, 0.14817914366722107, 0.9405895471572876, 0.00527992844581604, 1.5548772811889648, -0.8269017934799194, -0.4472372233867645, 0.6862938404083252, -0.17707742750644684, -0.15691503882408142, 0.6341418027877808, -1.0122698545455933, 1.0, 1.0, 1.0, 1.0, 0.0, 1.0, 1.0, 1.0, 1.0, 1.0, 1.0, 1.0]"
174,0.0,0.0,0.0,0.0,0.0,0.0,0.0,0.0,0.0,6.16569013800472e-05,0.0,458.8972473144531,0.6575271487236023,-0.08974438905715942,-0.035111114382743835,0.2433842122554779,-0.16531454026699066,0.32411515712738037,0.3105282187461853,0.5477597713470459,-0.3040545880794525,0.3397286534309387,-0.5712536573410034,-1.1855779886245728,0.5450495481491089,-0.2480638027191162,0.5129781365394592,"[0.6575271487236023, -0.08974438905715942, -0.035111114382743835, -0.6397719979286194, 0.15419624745845795, 0.04405421018600464, -0.058366842567920685, -0.020591137930750847, -0.9980828166007996, 0.699999988079071, 0.0, 0.0, 0.2433842122554779, -0.16531454026699066, 0.32411515712738037, 0.3105282187461853, -2.980232238769531e-07, 0.09594541788101196, -0.06027135252952576, -0.17125365138053894, -0.3855779767036438, -0.25495046377182007, 0.5519362092018127, -0.2870218753814697, 1.9907498359680176, 0.9519365429878235, 1.3940836191177368, 0.7127711176872253, -1.722574234008789e-05, -2.418811798095703, -1.8516994714736938, 0.982360303401947, 5.753119468688965, 5.363094329833984, -4.206009864807129, -0.20531189441680908, 0.05168828368186951, -0.21845349669456482, 0.6861727237701416, -0.18401888012886047, 1.6593202352523804, -0.615817666053772, -0.05881336331367493, 0.8192766904830933, -0.15051130950450897, 0.018406890332698822, 0.14809781312942505, -0.9948763251304626, 1.0, 1.0, 1.0, 1.0, 0.0, 1.0, 1.0, 1.0, 1.0, 1.0, 1.0, 1.0]"
175,0.0,0.0,0.0,0.0,0.0,0.0,0.0,0.0,0.0,5.7274941354990005e-05,0.0,426.2833557128906,0.6761434078216553,-0.030942080542445183,-0.036635760217905045,0.24518539011478424,-0.15536293387413025,0.34330111742019653,0.3174228370189667,0.5477597713470459,-0.3688083589076996,0.31297075748443604,-0.5511474609375,-1.0885217189788818,0.6274802684783936,-0.3739869296550751,0.5013561248779297,"[0.6761434078216553, -0.030942080542445183, -0.036635760217905045, 0.03737277910113335, 0.5469843149185181, 0.15580976009368896, -0.05024857819080353, -0.015030977316200733, -0.9986238479614258, 0.699999988079071, 0.0, 0.0, 0.24518539011478424, -0.15536293387413025, 0.34330111742019653, 0.3174228370189667, -2.980232238769531e-07, 0.031191647052764893, -0.08702924847602844, -0.15114745497703552, -0.2885217070579529, -0.1725197434425354, 0.4260130822658539, -0.29864388704299927, -1.1121882200241089, 0.09206771850585938, 0.4866766929626465, 0.0029083937406539917, -1.3828277587890625e-05, -3.4729583263397217, -1.0317010879516602, 0.862230658531189, 4.033573150634766, 2.659423351287842, -6.804905891418457, -0.5887232422828674, -0.06279370188713074, -0.14950129389762878, 0.4840942323207855, 0.10206648707389832, 1.5879305601119995, -0.546680212020874, -0.06610599160194397, 0.8408281803131104, -0.2114126831293106, -0.2742837369441986, 0.4812694191932678, -0.9766277074813843, 1.0, 1.0, 1.0, 1.0, 0.0, 1.0, 1.0, 1.0, 1.0, 1.0, 1.0, 1.0]"
176,0.0,0.0,0.0,0.0,0.0,0.0,0.0,0.0,0.0,4.3057163566118106e-05,0.0,320.4639587402344,0.7045571208000183,0.019644510000944138,-0.06738205254077911,0.19702941179275513,-0.16074390709400177,0.33445271849632263,0.3114471435546875,0.5477597117424011,-0.4351131021976471,0.28756219148635864,-0.5334777235984802,-1.048729658126831,0.6231560707092285,-0.4091673791408539,0.48539024591445923,"[0.7045571208000183, 0.019644510000944138, -0.06738205254077911, 0.4402720332145691, 0.8161640763282776, 0.23653604090213776, -0.0361502580344677, -0.021648598834872246, -0.9991116523742676, 0.699999988079071, 0.0, 0.0, 0.19702941179275513, -0.16074390709400177, 0.33445271849632263, 0.3114471435546875, -3.5762786865234375e-07, -0.03511309623718262, -0.11243781447410583, -0.13347771763801575, -0.2487296462059021, -0.17684394121170044, 0.3908326327800751, -0.3146097660064697, -2.916687250137329, -0.3766218423843384, -0.9870955944061279, -0.45744624733924866, -1.677870750427246e-05, -2.92291522026062, -1.5420013666152954, 0.7622479200363159, 0.32093122601509094, -2.5518300533294678, 1.8565105199813843, -0.8088309168815613, 0.09443354606628418, -0.3685515522956848, 0.11283211410045624, 0.08702418208122253, 1.7661906480789185, 0.1382516324520111, -0.21691551804542542, 0.43762102723121643, -0.6215231418609619, -0.8035154342651367, 1.3542548418045044, -0.9619146585464478, 1.0, 1.0, 1.0, 1.0, 0.0, 1.0, 1.0, 1.0, 1.0, 1.0, 1.0, 1.0]"
177,0.0,0.0,0.0,0.0,0.0,0.0,3.755548095796257e-05,0.0,279.5162353515625,1.13120477180928e-05,0.0,84.19281005859375,0.7454068660736084,0.024502377957105637,-0.14674697816371918,0.13179811835289001,-0.17444400489330292,0.3012196123600006,0.2986643314361572,0.5477597117424011,-0.47111886739730835,0.2570229768753052,-0.5218943953514099,-1.0789004564285278,0.532423198223114,-0.3438420295715332,0.47344639897346497,"[0.7454068660736084, 0.024502377957105637, -0.14674697816371918, 0.5922077894210815, 0.869013786315918, 0.17020653188228607, -0.017526909708976746, -0.03469476476311684, -0.9992440342903137, 0.699999988079071, 0.0, 0.0, 0.13179811835289001, -0.17444400489330292, 0.3012196123600006, 0.2986643314361572, -3.5762786865234375e-07, -0.07111886143684387, -0.1429770290851593, -0.12189438939094543, -0.2789004445075989, -0.26757681369781494, 0.45615798234939575, -0.326553612947464, -3.1374716758728027, -0.6324732303619385, -0.11920440196990967, -0.5593768358230591, 1.2516975402832031e-06, -0.9360467195510864, -0.8211495280265808, 0.40049535036087036, -2.2896058559417725, -5.300260066986084, -2.3937909603118896, -0.18911299109458923, 0.18873490393161774, -0.7171338200569153, 0.3892558217048645, 0.26760807633399963, 1.8479748964309692, 0.48450788855552673, -0.46716877818107605, -0.6783308982849121, -0.9942247867584229, -1.1347157955169678, 1.674144983291626, -0.512702226638794, 1.0, 1.0, 1.0, 1.0, 0.0, 1.0, 1.0, 1.0, 1.0, 1.0, 1.0, 1.0]"
178,0.0,0.0,0.0,0.0,0.0,0.0,4.0632930904394016e-05,0.0,302.42095947265625,0.0,0.0,0.0,0.7067141532897949,0.05758137255907059,-0.11946442723274231,0.08101449906826019,-0.17224936187267303,0.30819171667099,0.2995336949825287,0.5477596521377563,-0.45872601866722107,0.30246686935424805,-0.5163301825523376,-1.1464111804962158,0.425568163394928,-0.38160964846611023,0.5275515913963318,"[0.7067141532897949, 0.05758137255907059, -0.11946442723274231, -0.36672747135162354, -0.07825572043657303, 0.10024284571409225, -0.015062782913446426, -0.027761366218328476, -0.9995012283325195, 0.699999988079071, 0.0, 0.0, 0.08101449906826019, -0.17224936187267303, 0.30819171667099, 0.2995336949825287, -4.172325134277344e-07, -0.05872601270675659, -0.09753313660621643, -0.11633017659187317, -0.34641116857528687, -0.374431848526001, 0.4183903634548187, -0.27244842052459717, -2.4772751331329346, -0.2765643000602722, 0.28017735481262207, -0.09388426691293716, -1.9252300262451172e-05, 1.2022523880004883, 1.9064562320709229, -0.4040605425834656, -4.498734951019287, -4.857023239135742, -1.2197514772415161, 5.180454254150391, 0.36820900440216064, -0.6373900771141052, 0.13592524826526642, 0.5152337551116943, 1.9127651453018188, 0.22717031836509705, -0.03293401002883911, -0.5496361255645752, -1.2094470262527466, -0.9562222957611084, 1.5890653133392334, -0.027538277208805084, 1.0, 1.0, 1.0, 1.0, 0.0, 1.0, 1.0, 1.0, 1.0, 1.0, 1.0, 1.0]"
179,0.0,0.0,0.0,3.770855619222857e-05,0.0,280.6555480957031,5.138417691341601e-05,0.0,382.43988037109375,0.0,0.0,0.0,0.6489442586898804,0.0427422821521759,-0.11883696913719177,0.04402085021138191,-0.17320090532302856,0.3158341646194458,0.30048975348472595,0.5477597713470459,-0.44746333360671997,0.32889699935913086,-0.5351541042327881,-1.2334630489349365,0.4206974506378174,-0.3814728260040283,0.6295549273490906,"[0.6489442586898804, 0.0427422821521759, -0.11883696913719177, -0.4286194145679474, -0.3232272267341614, 0.10125597566366196, -0.021037548780441284, -0.01713906042277813, -0.9996320009231567, 0.699999988079071, 0.0, 0.0, 0.04402085021138191, -0.17320090532302856, 0.3158341646194458, 0.30048975348472595, -2.980232238769531e-07, -0.04746332764625549, -0.07110300660133362, -0.1351540982723236, -0.43346303701400757, -0.3793025612831116, 0.41852718591690063, -0.17044508457183838, -1.7181340456008911, 0.33389896154403687, 0.2952910363674164, 0.06375934183597565, -6.377696990966797e-06, -0.7687172889709473, 1.4158695936203003, -1.0873688459396362, -4.188496112823486, 3.377920150756836, -0.1222737729549408, 4.250642776489258, 0.3745335340499878, -0.419861376285553, 0.35353511571884155, 0.45907261967658997, 2.043954372406006, 0.5555311441421509, 0.13313981890678406, -0.5757598876953125, -1.370356559753418, -1.200927972793579, 1.5374207496643066, 0.03905364125967026, 1.0, 1.0, 1.0, 1.0, 0.0, 1.0, 1.0, 1.0, 1.0, 1.0, 1.0, 1.0]"
180,0.0,0.0,0.0,5.459603562485427e-05,0.0,406.3449401855469,3.72797621821519e-05,0.0,277.4641418457031,0.0,0.0,0.0,0.6657702922821045,0.010406318120658398,-0.06930307298898697,0.0171815212816,-0.17010816931724548,0.31794124841690063,0.2994305193424225,0.5477596521377563,-0.4473860561847687,0.35307925939559937,-0.5591999888420105,-1.3143603801727295,0.46246859431266785,-0.3786475956439972,0.6980577111244202,"[0.6657702922821045, 0.010406318120658398, -0.06930307298898697, -0.11101971566677094, -0.223332017660141, 0.07950395345687866, -0.02645898051559925, -0.012981202453374863, -0.9995657801628113, 0.699999988079071, 0.0, 0.0, 0.0171815212816, -0.17010816931724548, 0.31794124841690063, 0.2994305193424225, -4.172325134277344e-07, -0.0473860502243042, -0.04692074656486511, -0.15919998288154602, -0.5143603682518005, -0.3375314176082611, 0.42135241627693176, -0.10194230079650879, -1.049558401107788, 0.09720500558614731, 0.044285379350185394, -0.04862518608570099, -1.6987323760986328e-05, 0.17872737348079681, 1.2367993593215942, -1.250327229499817, -3.902695417404175, 1.714125394821167, 0.044907234609127045, 2.8431332111358643, 0.4555491507053375, -0.600029468536377, 0.4579949676990509, 0.5754348039627075, 2.2515883445739746, 0.5347268581390381, 0.03537139296531677, -0.8249732255935669, -1.4630842208862305, -0.9483346939086914, 1.5980148315429688, -0.05009935051202774, 1.0, 1.0, 1.0, 1.0, 0.0, 1.0, 1.0, 1.0, 1.0, 1.0, 1.0, 1.0]"
181,0.0,0.0,0.0,4.3761785491369665e-05,0.0,325.7082824707031,4.018510298919864e-05,0.0,299.087890625,0.0,0.0,0.0,0.6695513725280762,-0.029482001438736916,-0.040397897362709045,0.01334123220294714,-0.16598112881183624,0.32144835591316223,0.3034471571445465,0.5477596521377563,-0.4387724995613098,0.37212643027305603,-0.5869625210762024,-1.3767446279525757,0.4892386198043823,-0.36924803256988525,0.7275960445404053,"[0.6695513725280762, -0.029482001438736916, -0.040397897362709045, -0.2501877248287201, -0.20850880444049835, 0.026489384472370148, -0.030524766072630882, -0.00894833356142044, -0.9994941353797913, 0.699999988079071, 0.0, 0.0, 0.01334123220294714, -0.16598112881183624, 0.32144835591316223, 0.3034471571445465, -4.172325134277344e-07, -0.03877249360084534, -0.027873575687408447, -0.18696251511573792, -0.5767446160316467, -0.31076139211654663, 0.4307519793510437, -0.07240396738052368, 0.26543161273002625, 0.26864442229270935, 0.25207221508026123, 0.35733747482299805, -1.7762184143066406e-05, 0.3618713617324829, 0.8709698915481567, -1.4701149463653564, -2.598625421524048, 1.4423717260360718, 0.6235209703445435, 0.764714241027832, 0.48132994771003723, -0.5123793482780457, 0.33703503012657166, 0.612724781036377, 2.2779440879821777, 0.5067019462585449, 0.02630886435508728, -0.6831294298171997, -1.4619872570037842, -1.0987820625305176, 1.6304659843444824, -0.0873430147767067, 1.0, 1.0, 1.0, 1.0, 0.0, 1.0, 1.0, 1.0, 1.0, 1.0, 1.0, 1.0]"
182,0.0,0.0,0.0,4.532916864263825e-05,0.0,337.3739318847656,4.265811003278941e-05,0.0,317.493896484375,0.0,0.0,0.0,0.677486777305603,-0.05204559117555618,-0.007971277460455894,0.027080873027443886,-0.1619071662425995,0.3253273069858551,0.3113044500350952,0.5477595925331116,-0.4248698055744171,0.38479459285736084,-0.6175962090492249,-1.416067123413086,0.5095178484916687,-0.3480164110660553,0.7321266531944275,"[0.677486777305603, -0.05204559117555618, -0.007971277460455894, -0.07140346616506577, -0.2619439363479614, -0.002314232522621751, -0.03538745269179344, -0.005557208321988583, -0.9993585348129272, 0.699999988079071, 0.0, 0.0, 0.027080873027443886, -0.1619071662425995, 0.3253273069858551, 0.3113044500350952, -4.76837158203125e-07, -0.024869799613952637, -0.015205413103103638, -0.21759620308876038, -0.616067111492157, -0.29048216342926025, 0.45198360085487366, -0.06787335872650146, 0.8298988938331604, 0.1194707602262497, 0.11051209270954132, 0.35239696502685547, -1.868605613708496e-05, 0.735988199710846, 0.6370412707328796, -1.4708516597747803, -1.5530294179916382, 0.9678348898887634, 1.0969173908233643, -0.27644041180610657, 0.5453469157218933, -0.5710534453392029, 0.325557142496109, 0.6144788265228271, 2.3672943115234375, 0.5684880018234253, -0.09410667419433594, -0.6935585737228394, -1.4240423440933228, -1.1569900512695312, 1.724799633026123, -0.18806001543998718, 1.0, 1.0, 1.0, 1.0, 0.0, 1.0, 1.0, 1.0, 1.0, 1.0, 1.0, 1.0]"
183,0.0,0.0,0.0,4.6920384193072096e-05,0.0,349.2169494628906,4.3681466195266694e-05,0.0,325.1104736328125,0.0,0.0,0.0,0.6961363554000854,-0.07160365581512451,0.04121198505163193,0.04819680005311966,-0.16283433139324188,0.3240443468093872,0.3158746063709259,0.5477597117424011,-0.4010416865348816,0.3925127685070038,-0.6430451273918152,-1.4355124235153198,0.5155174136161804,-0.31695228815078735,0.714332103729248,"[0.6961363554000854, -0.07160365581512451, 0.04121198505163193, 0.216400146484375, -0.2854876220226288, -0.013381543569266796, -0.04092944785952568, -0.007988061755895615, -0.9991297721862793, 0.699999988079071, 0.0, 0.0, 0.04819680005311966, -0.16283433139324188, 0.3240443468093872, 0.3158746063709259, -3.5762786865234375e-07, -0.0010416805744171143, -0.007487237453460693, -0.2430451214313507, -0.6355124115943909, -0.28448259830474854, 0.4830477237701416, -0.08566790819168091, 1.1986591815948486, -0.12373766303062439, -0.14859558641910553, 0.17715206742286682, -1.9788742065429688e-05, 1.2550573348999023, 0.37283116579055786, -1.0666754245758057, -0.6035177707672119, 0.19868287444114685, 1.6083859205245972, -1.3564205169677734, 0.6243839859962463, -0.5641035437583923, 0.3045569658279419, 0.6014500856399536, 2.4097137451171875, 0.5751461982727051, -0.19867652654647827, -0.5517412424087524, -1.3573286533355713, -1.2418327331542969, 1.8052430152893066, -0.3076707422733307, 1.0, 1.0, 1.0, 1.0, 0.0, 1.0, 1.0, 1.0, 1.0, 1.0, 1.0, 1.0]"
184,0.0,0.0,0.0,4.313978934078477e-05,0.0,321.07891845703125,4.359037120593712e-05,0.0,324.4324951171875,0.0,0.0,0.0,0.7205005288124084,-0.09055953472852707,0.08840222656726837,0.07893440872430801,-0.16692844033241272,0.3191700279712677,0.31712889671325684,0.5477597117424011,-0.3674719035625458,0.3930419683456421,-0.6550505757331848,-1.4357699155807495,0.5067426562309265,-0.27270936965942383,0.6748378872871399,"[0.7205005288124084, -0.09055953472852707, 0.08840222656726837, 0.3664335310459137, -0.3006458282470703, -0.020398838445544243, -0.046709898859262466, -0.014479046687483788, -0.998803436756134, 0.699999988079071, 0.0, 0.0, 0.07893440872430801, -0.16692844033241272, 0.3191700279712677, 0.31712889671325684, -3.5762786865234375e-07, 0.0325281023979187, -0.006958037614822388, -0.25505056977272034, -0.6357699036598206, -0.29325735569000244, 0.5272906422615051, -0.12516212463378906, 1.7358243465423584, -0.233913391828537, -0.2794303596019745, -0.03280148655176163, -2.047419548034668e-05, 1.7233545780181885, -0.034744322299957275, -0.19413265585899353, 0.5630494356155396, -0.4984157085418701, 2.358043670654297, -2.6290128231048584, 0.7106529474258423, -0.6271148920059204, 0.3283195197582245, 0.5087143182754517, 2.4150476455688477, 0.5116214752197266, -0.4058992862701416, -0.3774312734603882, -1.20706045627594, -1.2918193340301514, 1.9398131370544434, -0.501531183719635, 1.0, 1.0, 1.0, 1.0, 0.0, 1.0, 1.0, 1.0, 1.0, 1.0, 1.0, 1.0]"
185,0.0,0.0,0.0,2.942634091596119e-05,0.0,219.01304626464844,4.118821379961446e-05,0.0,306.5538024902344,0.0,0.0,0.0,0.7397922873497009,-0.09842744469642639,0.1114162728190422,0.12002792209386826,-0.17277000844478607,0.31240278482437134,0.3100937008857727,0.5477597117424011,-0.3271016776561737,0.3833144009113312,-0.6439287662506104,-1.4016305208206177,0.4888877272605896,-0.20927336812019348,0.6082390546798706,"[0.7397922873497009, -0.09842744469642639, 0.1114162728190422, 0.4021630585193634, -0.3759550452232361, -0.03769359365105629, -0.05331602320075035, -0.02309025637805462, -0.9983105063438416, 0.699999988079071, 0.0, 0.0, 0.12002792209386826, -0.17277000844478607, 0.31240278482437134, 0.3100937008857727, -3.5762786865234375e-07, 0.07289832830429077, -0.0166856050491333, -0.24392876029014587, -0.6016305088996887, -0.31111228466033936, 0.5907266139984131, -0.19176095724105835, 2.281235933303833, -0.2685360908508301, -0.31154483556747437, -0.5706918239593506, -2.0503997802734375e-05, 2.023064613342285, -0.6280732154846191, 1.1874384880065918, 2.8381764888763428, -0.8163616061210632, 3.501188039779663, -4.27516508102417, 0.739393949508667, -0.6119720339775085, 0.43573659658432007, 0.3397488296031952, 2.1816160678863525, 0.1970994770526886, -0.6388819217681885, 0.002222031354904175, -0.8203340768814087, -1.1408143043518066, 1.9308429956436157, -0.885364294052124, 1.0, 1.0, 1.0, 1.0, 0.0, 1.0, 1.0, 1.0, 1.0, 1.0, 1.0, 1.0]"
186,0.0,0.0,0.0,8.680876248945424e-07,0.0,6.460963726043701,0.0,0.0,0.0,8.533668733434752e-06,0.0,63.514007568359375,0.733073890209198,-0.09317102283239365,0.02058504894375801,0.16899734735488892,-0.17841613292694092,0.3067508935928345,0.2888394296169281,0.5477595925331116,-0.29107704758644104,0.3630787134170532,-0.6003873348236084,-1.31643545627594,0.48013752698898315,-0.13717986643314362,0.5145156383514404,"[0.733073890209198, -0.09317102283239365, 0.02058504894375801, 0.3532275855541229, -0.4432688355445862, -0.024094954133033752, -0.06199895218014717, -0.030755575746297836, -0.9976021647453308, 0.699999988079071, 0.0, 0.0, 0.16899734735488892, -0.17841613292694092, 0.3067508935928345, 0.2888394296169281, -4.76837158203125e-07, 0.10892295837402344, -0.036921292543411255, -0.20038732886314392, -0.516435444355011, -0.3198624849319458, 0.6628201603889465, -0.2854843735694885, 2.4568777084350586, -0.26600152254104614, -0.21063712239265442, -1.1041598320007324, -2.41696834564209e-05, 1.4170259237289429, -0.9187160730361938, 2.5396697521209717, 5.052467346191406, -0.19088244438171387, 1.6025763750076294, -1.7947213649749756, 0.25972780585289, 0.004076237790286541, 0.8054311871528625, 0.0795624852180481, 1.6248186826705933, -0.7509944438934326, -0.5154699087142944, 0.6628615856170654, -0.2525191903114319, -0.2897334396839142, 0.9378818869590759, -1.077071189880371, 1.0, 1.0, 1.0, 1.0, 0.0, 1.0, 1.0, 1.0, 1.0, 1.0, 1.0, 1.0]"
187,0.0,0.0,0.0,0.0,0.0,0.0,0.0,0.0,0.0,5.825917105539702e-05,0.0,433.6087646484375,0.6738962531089783,-0.09569904953241348,-0.01911994069814682,0.22633017599582672,-0.16913621127605438,0.32385045289993286,0.2997277081012726,0.5477597117424011,-0.30630117654800415,0.3387698233127594,-0.5837432742118835,-1.2065058946609497,0.5436105132102966,-0.21952594816684723,0.5238363146781921,"[0.6738962531089783, -0.09569904953241348, -0.01911994069814682, -0.6675084233283997, 0.13924697041511536, 0.018831022083759308, -0.06272415071725845, -0.022205282002687454, -0.9977838397026062, 0.699999988079071, 0.0, 0.0, 0.22633017599582672, -0.16913621127605438, 0.32385045289993286, 0.2997277081012726, -3.5762786865234375e-07, 0.09369882941246033, -0.06123018264770508, -0.18374326825141907, -0.40650588274002075, -0.2563894987106323, 0.5804740786552429, -0.2761636972427368, 2.5249032974243164, 0.7228694558143616, 1.1939325332641602, 0.7372660636901855, -1.761317253112793e-05, -1.9803047180175781, -1.52001953125, 1.0798593759536743, 5.70481538772583, 5.242763519287109, -4.998236656188965, -0.29511556029319763, 0.04876008629798889, -0.11130283027887344, 0.8550706505775452, -0.21197709441184998, 1.594617247581482, -0.6775895357131958, -0.20208129286766052, 0.7068589925765991, -0.16179870069026947, 0.08262111991643906, 0.10204330086708069, -0.9753767848014832, 1.0, 1.0, 1.0, 1.0, 0.0, 1.0, 1.0, 1.0, 1.0, 1.0, 1.0, 1.0]"
188,0.0,0.0,0.0,0.0,0.0,0.0,0.0,0.0,0.0,5.6123251852113754e-05,0.0,417.7116394042969,0.6775539517402649,-0.047771207988262177,-0.0257484819740057,0.2444702684879303,-0.1570829153060913,0.34620407223701477,0.3112248182296753,0.5477597117424011,-0.3664553761482239,0.3091801702976227,-0.560299813747406,-1.104162573814392,0.6350709199905396,-0.3348579406738281,0.5076180696487427,"[0.6775539517402649, -0.047771207988262177, -0.0257484819740057, -0.2692520320415497, 0.5238140821456909, 0.11700346320867538, -0.05498247966170311, -0.01177071314305067, -0.9984179735183716, 0.699999988079071, 0.0, 0.0, 0.2444702684879303, -0.1570829153060913, 0.34620407223701477, 0.3112248182296753, -3.5762786865234375e-07, 0.0335446298122406, -0.0908198356628418, -0.16029980778694153, -0.30416256189346313, -0.1649290919303894, 0.46514207124710083, -0.2923819422721863, -0.2689085304737091, 0.33915314078330994, 0.8199103474617004, 0.3054118752479553, -1.3530254364013672e-05, -3.3392255306243896, -1.2146977186203003, 1.073484182357788, 4.475458145141602, 3.226555585861206, -6.67560338973999, -0.8810582160949707, -0.043995171785354614, -0.18303564190864563, 0.43212181329727173, 0.09826985001564026, 1.6056362390518188, -0.5975085496902466, -0.013471901416778564, 0.8697444200515747, -0.18275243043899536, -0.19985035061836243, 0.3958539366722107, -0.9867294430732727, 1.0, 1.0, 1.0, 1.0, 0.0, 1.0, 1.0, 1.0, 1.0, 1.0, 1.0, 1.0]"
189,0.0,0.0,0.0,0.0,0.0,0.0,0.0,0.0,0.0,4.628282840712927e-05,0.0,344.4718017578125,0.7037434577941895,0.012722308747470379,-0.051288776099681854,0.2057456076145172,-0.1608375906944275,0.3420090079307556,0.3081086575984955,0.5477597117424011,-0.4333365559577942,0.28643184900283813,-0.5403951406478882,-1.0518263578414917,0.6439102292060852,-0.4076980650424957,0.48876434564590454,"[0.7037434577941895, 0.012722308747470379, -0.051288776099681854, 0.3642614483833313, 0.7919405698776245, 0.21942614018917084, -0.041290927678346634, -0.015340039506554604, -0.9990296363830566, 0.699999988079071, 0.0, 0.0, 0.2057456076145172, -0.1608375906944275, 0.3420090079307556, 0.3081086575984955, -3.5762786865234375e-07, -0.03333654999732971, -0.11356815695762634, -0.1403951346874237, -0.25182634592056274, -0.15608978271484375, 0.3923019468784332, -0.3112356662750244, -2.6505463123321533, -0.3962070345878601, -0.8797373175621033, -0.3844546973705292, -1.58846378326416e-05, -3.0701663494110107, -1.394840955734253, 0.8504308462142944, 1.0721409320831299, -1.81464421749115, 0.24575413763523102, -0.9110063314437866, 0.06867441534996033, -0.3184642195701599, 0.12666113674640656, 0.08690479397773743, 1.7012935876846313, -0.013520270586013794, -0.17955297231674194, 0.5562340021133423, -0.5375552177429199, -0.7131043672561646, 1.2067874670028687, -1.0113683938980103, 1.0, 1.0, 1.0, 1.0, 0.0, 1.0, 1.0, 1.0, 1.0, 1.0, 1.0, 1.0]"
190,0.0,0.0,0.0,0.0,0.0,0.0,0.0,0.0,0.0,1.653790968703106e-05,0.0,123.0876235961914,0.7433434724807739,0.04946034774184227,-0.1418786197900772,0.1428108960390091,-0.1746298372745514,0.30525660514831543,0.2964031994342804,0.5477596521377563,-0.4749428927898407,0.2573179006576538,-0.5256710052490234,-1.0711928606033325,0.5609579086303711,-0.3432287573814392,0.47178369760513306,"[0.7433434724807739, 0.04946034774184227, -0.1418786197900772, 0.7636137008666992, 1.005067229270935, 0.21768778562545776, -0.022628789767622948, -0.027026869356632233, -0.9993784427642822, 0.699999988079071, 0.0, 0.0, 0.1428108960390091, -0.1746298372745514, 0.30525660514831543, 0.2964031994342804, -4.172325134277344e-07, -0.07494288682937622, -0.14268210530281067, -0.12567099928855896, -0.27119284868240356, -0.23904210329055786, 0.45677125453948975, -0.3282163143157959, -3.341233491897583, -0.9249511957168579, -2.34552264213562, -0.7796475887298584, -1.6480684280395508e-05, -1.3183571100234985, -1.520949363708496, 0.46337229013442993, -2.1996755599975586, -5.424340724945068, 4.600800514221191, -0.5097540020942688, 0.1335282027721405, -0.6035390496253967, 0.3839898705482483, 0.18917229771614075, 1.8163437843322754, 0.48714300990104675, -0.42597243189811707, -0.5512915849685669, -0.9496623873710632, -1.1325702667236328, 1.6998931169509888, -0.5814213156700134, 1.0, 1.0, 1.0, 1.0, 0.0, 1.0, 1.0, 1.0, 1.0, 1.0, 1.0, 1.0]"
191,0.0,0.0,0.0,0.0,0.0,0.0,1.0653554454620462e-05,0.0,79.29180145263672,0.0,0.0,0.0,0.7270682454109192,0.050008609890937805,-0.10986584424972534,0.08928614109754562,-0.1757061928510666,0.3022727966308594,0.2948443293571472,0.5477596521377563,-0.46879252791404724,0.29343628883361816,-0.5184378623962402,-1.1282163858413696,0.44675499200820923,-0.3757932484149933,0.5076301693916321,"[0.7270682454109192, 0.050008609890937805, -0.10986584424972534, -0.38928040862083435, 0.052589792758226395, 0.13322196900844574, -0.01467796042561531, -0.02563847228884697, -0.9995638132095337, 0.699999988079071, 0.0, 0.0, 0.08928614109754562, -0.1757061928510666, 0.3022727966308594, 0.2948443293571472, -4.172325134277344e-07, -0.06879252195358276, -0.10656371712684631, -0.11843785643577576, -0.3282163739204407, -0.3532450199127197, 0.42420676350593567, -0.2923698425292969, -2.4670369625091553, 0.022823002189397812, 0.017791956663131714, 0.05261988192796707, -1.9609928131103516e-05, 1.0375114679336548, 2.1969454288482666, -0.041981253772974014, -3.31142520904541, -5.241084098815918, 2.3353497982025146, 4.092635154724121, 0.2979717552661896, -0.8242888450622559, 0.12269757688045502, 0.44229742884635925, 1.8642222881317139, 0.21144261956214905, -0.48755475878715515, -0.6852768659591675, -0.9540106654167175, -1.0204393863677979, 1.6458282470703125, -0.22372090816497803, 1.0, 1.0, 1.0, 1.0, 0.0, 1.0, 1.0, 1.0, 1.0, 1.0, 1.0, 1.0]"
192,0.0,0.0,0.0,9.805718582356349e-05,0.0,729.815673828125,5.228846566751599e-05,0.0,389.1702575683594,0.0,0.0,0.0,0.654251754283905,0.05084189027547836,-0.09449083358049393,0.046784594655036926,-0.17914746701717377,0.30835098028182983,0.2924426794052124,0.5477596521377563,-0.4452996850013733,0.3248201906681061,-0.5338701605796814,-1.1882864236831665,0.41045475006103516,-0.38706520199775696,0.5958041548728943,"[0.654251754283905, 0.05084189027547836, -0.09449083358049393, -0.17515234649181366, -0.21458393335342407, 0.06863917410373688, -0.01874682679772377, -0.017431527376174927, -0.999672532081604, 0.699999988079071, 0.0, 0.0, 0.046784594655036926, -0.17914746701717377, 0.30835098028182983, 0.2924426794052124, -4.172325134277344e-07, -0.045299679040908813, -0.0751798152923584, -0.13387015461921692, -0.38828641176223755, -0.3895452618598938, 0.412934809923172, -0.20419585704803467, -2.210228681564331, 0.11578801274299622, 0.08740430325269699, -0.23694047331809998, -1.5437602996826172e-05, -0.3651440739631653, 1.3996188640594482, -1.0489590167999268, -2.8990318775177, 2.5228657722473145, -0.29821354150772095, 3.683293342590332, 0.4528981149196625, -0.5022749900817871, 0.26668453216552734, 0.5389402508735657, 2.07525634765625, 0.5752829313278198, 0.1133134663105011, -0.4742194712162018, -1.12661874294281, -1.2458436489105225, 1.5796902179718018, -0.04287349432706833, 1.0, 1.0, 1.0, 1.0, 0.0, 1.0, 1.0, 1.0, 1.0, 1.0, 1.0, 1.0]"
193,0.0,0.0,0.0,5.338703340385109e-05,0.0,397.34661865234375,4.0351602365262806e-05,0.0,300.3271484375,0.0,0.0,0.0,0.6589422225952148,0.01252511702477932,-0.02063511125743389,0.014629154466092587,-0.17865610122680664,0.3081713616847992,0.2921001613140106,0.5477596521377563,-0.4404607117176056,0.34834006428718567,-0.5581470727920532,-1.249619722366333,0.4406803250312805,-0.3869524598121643,0.6622559428215027,"[0.6589422225952148, 0.01252511702477932, -0.02063511125743389, -0.11734570562839508, -0.12791332602500916, 0.05309010297060013, -0.022096484899520874, -0.015859564766287804, -0.9996298551559448, 0.699999988079071, 0.0, 0.0, 0.014629154466092587, -0.17865610122680664, 0.3081713616847992, 0.2921001613140106, -4.172325134277344e-07, -0.04046070575714111, -0.05165994167327881, -0.15814706683158875, -0.44961971044540405, -0.35931968688964844, 0.41304755210876465, -0.13774406909942627, -1.0817848443984985, 0.10376685857772827, 0.07722731679677963, 0.26007840037345886, -1.558661460876465e-05, 0.4499225318431854, 1.0565147399902344, -1.2767243385314941, -3.5274059772491455, 1.0991865396499634, 0.17716170847415924, 3.140353202819824, 0.43975111842155457, -0.6322280764579773, 0.43448251485824585, 0.6235072612762451, 2.208064556121826, 0.49525800347328186, 0.04739534854888916, -0.8008557558059692, -1.404760718345642, -0.9530106782913208, 1.6161644458770752, -0.08154956251382828, 1.0, 1.0, 1.0, 1.0, 0.0, 1.0, 1.0, 1.0, 1.0, 1.0, 1.0, 1.0]"
194,0.0,0.0,0.0,3.874436515616253e-05,0.0,288.3648376464844,3.5228615161031485e-05,0.0,262.1979675292969,0.0,0.0,0.0,0.6623746752738953,-0.02597847767174244,-0.014631194062530994,0.012980733066797256,-0.1720411777496338,0.3140403926372528,0.30650612711906433,0.5477596521377563,-0.42908918857574463,0.3643442690372467,-0.5851224064826965,-1.3267323970794678,0.4596601724624634,-0.375588059425354,0.7017853260040283,"[0.6623746752738953, -0.02597847767174244, -0.014631194062530994, -0.3828223645687103, -0.12885987758636475, 0.018347110599279404, -0.024530036374926567, -0.009364791214466095, -0.9996553659439087, 0.699999988079071, 0.0, 0.0, 0.012980733066797256, -0.1720411777496338, 0.3140403926372528, 0.30650612711906433, -4.172325134277344e-07, -0.02908918261528015, -0.03565573692321777, -0.18512240052223206, -0.5267323851585388, -0.3403398394584656, 0.42441195249557495, -0.09821468591690063, 0.37731823325157166, 0.39799508452415466, 0.3944501280784607, 0.8796349167823792, -1.755356788635254e-05, 0.42673254013061523, 0.7161655426025391, -1.3912899494171143, -3.817563772201538, 1.178096890449524, 0.7376688718795776, 1.2743120193481445, 0.49569305777549744, -0.5089989900588989, 0.343290776014328, 0.6222121715545654, 2.279815673828125, 0.4829154312610626, 0.1270093321800232, -0.6315420866012573, -1.4967153072357178, -1.0992532968521118, 1.6608591079711914, -0.0864744558930397, 1.0, 1.0, 1.0, 1.0, 0.0, 1.0, 1.0, 1.0, 1.0, 1.0, 1.0, 1.0]"
195,0.0,0.0,0.0,4.32552260463126e-05,0.0,321.9380798339844,3.859783100779168e-05,0.0,287.2742004394531,0.0,0.0,0.0,0.6733813881874084,-0.04241197183728218,-0.005882735829800367,0.028026919811964035,-0.16582809388637543,0.32000732421875,0.3221783936023712,0.5477596521377563,-0.4157867729663849,0.37685444951057434,-0.6128991842269897,-1.3941644430160522,0.4783032536506653,-0.3563864529132843,0.7170831561088562,"[0.6733813881874084, -0.04241197183728218, -0.005882735829800367, -0.16752004623413086, -0.20186541974544525, -0.003707106690853834, -0.028132231906056404, -0.003632419276982546, -0.9995976686477661, 0.699999988079071, 0.0, 0.0, 0.028026919811964035, -0.16582809388637543, 0.32000732421875, 0.3221783936023712, -4.172325134277344e-07, -0.01578676700592041, -0.023145556449890137, -0.21289917826652527, -0.5941644310951233, -0.32169675827026367, 0.44361355900764465, -0.08291685581207275, 0.8717139959335327, 0.20185589790344238, 0.21871210634708405, 0.6507635712623596, -1.868605613708496e-05, 0.678337037563324, 0.645901083946228, -1.3234974145889282, -2.950380563735962, 0.9381306767463684, 0.9768750071525574, 0.3613181412220001, 0.543001651763916, -0.5228518843650818, 0.3397162854671478, 0.6280158758163452, 2.3659749031066895, 0.5514359474182129, -0.0002861917018890381, -0.6804560422897339, -1.4777960777282715, -1.178420066833496, 1.7254986763000488, -0.1554836928844452, 1.0, 1.0, 1.0, 1.0, 0.0, 1.0, 1.0, 1.0, 1.0, 1.0, 1.0, 1.0]"
196,0.0,0.0,0.0,4.683009683503769e-05,0.0,348.54498291015625,4.144604463363066e-05,0.0,308.4727783203125,0.0,0.0,0.0,0.6920134425163269,-0.059768591076135635,0.03473850339651108,0.05009489133954048,-0.16516323387622833,0.3203878402709961,0.33095502853393555,0.5477596521377563,-0.3938366770744324,0.38657188415527344,-0.6358359456062317,-1.4334644079208374,0.4852031469345093,-0.33047887682914734,0.7128421068191528,"[0.6920134425163269, -0.059768591076135635, 0.03473850339651108, 0.1294005662202835, -0.23375791311264038, -0.012838207185268402, -0.03263203427195549, -0.004115349147468805, -0.9994586706161499, 0.699999988079071, 0.0, 0.0, 0.05009489133954048, -0.16516323387622833, 0.3203878402709961, 0.33095502853393555, -4.172325134277344e-07, 0.0061633288860321045, -0.01342812180519104, -0.2358359396457672, -0.6334643959999084, -0.3147968649864197, 0.4695211350917816, -0.08715790510177612, 1.2399219274520874, -0.05466529354453087, -0.04943550378084183, 0.3420077860355377, -1.919269561767578e-05, 1.1591150760650635, 0.4720432162284851, -0.9926676750183105, -1.310925006866455, 0.24542860686779022, 1.3564356565475464, -0.6088542938232422, 0.6033017039299011, -0.5138339996337891, 0.3064138889312744, 0.6250402927398682, 2.4073095321655273, 0.5730259418487549, -0.10850510001182556, -0.5880601406097412, -1.4086943864822388, -1.2509676218032837, 1.7767794132232666, -0.241224467754364, 1.0, 1.0, 1.0, 1.0, 0.0, 1.0, 1.0, 1.0, 1.0, 1.0, 1.0, 1.0]"
197,0.0,0.0,0.0,4.406701191328466e-05,0.0,327.9800109863281,4.219922629999928e-05,0.0,314.07855224609375,0.0,0.0,0.0,0.7135778069496155,-0.07655642181634903,0.08054748922586441,0.08042257279157639,-0.16816087067127228,0.3166557848453522,0.3349776268005371,0.5477597117424011,-0.36225560307502747,0.3904222846031189,-0.6490121483802795,-1.4441181421279907,0.4776834547519684,-0.2933831512928009,0.689226508140564,"[0.7135778069496155, -0.07655642181634903, 0.08054748922586441, 0.31605201959609985, -0.25466102361679077, -0.014386051334440708, -0.0375291109085083, -0.009128231555223465, -0.9992536902427673, 0.699999988079071, 0.0, 0.0, 0.08042257279157639, -0.16816087067127228, 0.3166557848453522, 0.3349776268005371, -3.5762786865234375e-07, 0.03774440288543701, -0.009577721357345581, -0.24901214241981506, -0.6441181302070618, -0.32231655716896057, 0.5066168308258057, -0.11077350378036499, 1.655336856842041, -0.2011343538761139, -0.22097089886665344, 0.09511401504278183, -2.002716064453125e-05, 1.6301751136779785, 0.13693426549434662, -0.3616963326931, -0.02532792091369629, -0.45400139689445496, 1.9904464483261108, -1.8125677108764648, 0.6861384510993958, -0.5931603312492371, 0.3108029365539551, 0.5687967538833618, 2.4528026580810547, 0.5560442209243774, -0.2973592281341553, -0.4789259731769562, -1.3104583024978638, -1.3300765752792358, 1.8909683227539062, -0.4072902202606201, 1.0, 1.0, 1.0, 1.0, 0.0, 1.0, 1.0, 1.0, 1.0, 1.0, 1.0, 1.0]"
198,0.0,0.0,0.0,3.634811582742259e-05,0.0,270.5301208496094,4.159978561801836e-05,0.0,309.6170349121094,0.0,0.0,0.0,0.7336148023605347,-0.0845293179154396,0.11467640846967697,0.11819901317358017,-0.17394010722637177,0.3098060190677643,0.3313247859477997,0.5477596521377563,-0.3224741220474243,0.3858882784843445,-0.6452862620353699,-1.4274482727050781,0.4584832489490509,-0.24038025736808777,0.6376825571060181,"[0.7336148023605347, -0.0845293179154396, 0.11467640846967697, 0.4439918100833893, -0.3115285634994507, -0.02646457776427269, -0.04316455498337746, -0.017443416640162468, -0.99891597032547, 0.699999988079071, 0.0, 0.0, 0.11819901317358017, -0.17394010722637177, 0.3098060190677643, 0.3313247859477997, -4.172325134277344e-07, 0.07752588391304016, -0.014111727476119995, -0.2452862560749054, -0.6274482607841492, -0.34151676297187805, 0.5596197843551636, -0.1623174548149109, 2.049010753631592, -0.31698721647262573, -0.34602034091949463, -0.37516096234321594, -2.0384788513183594e-05, 2.0182924270629883, -0.3351391851902008, 0.6554256081581116, 1.6583564281463623, -0.9580778479576111, 2.9055492877960205, -3.4619646072387695, 0.7947566509246826, -0.6578300595283508, 0.3205694854259491, 0.47097519040107727, 2.3763442039489746, 0.4354575574398041, -0.5266551971435547, -0.2196640521287918, -1.0651761293411255, -1.3052328824996948, 1.9921905994415283, -0.7104894518852234, 1.0, 1.0, 1.0, 1.0, 0.0, 1.0, 1.0, 1.0, 1.0, 1.0, 1.0, 1.0]"
199,0.0,0.0,0.0,7.939011084090453e-06,0.0,59.08811569213867,2.7424095605965704e-05,0.0,204.11083984375,0.0,0.0,0.0,0.7372985482215881,-0.08281686156988144,0.08574694395065308,0.16521815955638885,-0.18026724457740784,0.3026955723762512,0.31664174795150757,0.5477597117424011,-0.2815041244029999,0.3692888617515564,-0.6154569387435913,-1.3659189939498901,0.44105368852615356,-0.1637437492609024,0.5525838732719421,"[0.7372985482215881, -0.08281686156988144, 0.08574694395065308, 0.28956788778305054, -0.45620015263557434, -0.03598426282405853, -0.050738126039505005, -0.025927294045686722, -0.9983753561973572, 0.699999988079071, 0.0, 0.0, 0.16521815955638885, -0.18026724457740784, 0.3026955723762512, 0.31664174795150757, -3.5762786865234375e-07, 0.1184958815574646, -0.03071114420890808, -0.21545693278312683, -0.5659189820289612, -0.3589463233947754, 0.6362562775611877, -0.24741613864898682, 2.5985028743743896, -0.19882003962993622, -0.20483511686325073, -0.9171690940856934, -1.8805265426635742e-05, 1.9143884181976318, -0.9683401584625244, 2.1650595664978027, 4.310878753662109, -0.5053083896636963, 4.272031307220459, -5.041982650756836, 0.5539660453796387, -0.3255937099456787, 0.6941378116607666, 0.2395218312740326, 1.8279865980148315, -0.3275490701198578, -0.6605852842330933, 0.4253530204296112, -0.5093486905097961, -0.7583695650100708, 1.441516637802124, -1.1082531213760376, 1.0, 1.0, 1.0, 1.0, 0.0, 1.0, 1.0, 1.0, 1.0, 1.0, 1.0, 1.0]"
200,0.0,0.0,0.0,0.0,0.0,0.0,0.0,0.0,0.0,6.155534356366843e-05,0.0,458.1413879394531,0.6809716820716858,-0.09278832376003265,-0.0318104550242424,0.21977581083774567,-0.18095369637012482,0.3068413734436035,0.3061894178390503,0.5477597713470459,-0.2700898051261902,0.3533094525337219,-0.5741769075393677,-1.2600417137145996,0.4699190855026245,-0.18589746952056885,0.49548283219337463,"[0.6809716820716858, -0.09278832376003265, -0.0318104550242424, -0.3844718039035797, -0.1291007697582245, -0.024832390248775482, -0.05769703909754753, -0.02726086974143982, -0.9979617595672607, 0.699999988079071, 0.0, 0.0, 0.21977581083774567, -0.18095369637012482, 0.3068413734436035, 0.3061894178390503, -2.980232238769531e-07, 0.1299102008342743, -0.046690553426742554, -0.1741769015789032, -0.46004170179367065, -0.33008092641830444, 0.6141025424003601, -0.3045171797275543, 3.0303518772125244, 0.3547796607017517, 0.9295427203178406, 0.43224838376045227, -1.475214958190918e-05, -0.7323533892631531, -0.8164774179458618, 0.310106486082077, 5.47445821762085, 3.6360814571380615, -5.917196750640869, 1.6316735744476318, 0.06622001528739929, 0.1958903968334198, 1.0952485799789429, -0.12880858778953552, 1.534276008605957, -0.821194052696228, -0.3329259157180786, 0.6850118637084961, -0.13992010056972504, -0.025074638426303864, 0.299277663230896, -0.9426161050796509, 1.0, 1.0, 1.0, 1.0, 0.0, 1.0, 1.0, 1.0, 1.0, 1.0, 1.0, 1.0]"
201,0.0,0.0,0.0,0.0,0.0,0.0,0.0,0.0,0.0,5.820102887810208e-05,0.0,433.1759948730469,0.6600028276443481,-0.07853856682777405,-0.04916761815547943,0.26297393441200256,-0.16145996749401093,0.33838337659835815,0.3226075768470764,0.5477597117424011,-0.3177904784679413,0.32380643486976624,-0.5561262965202332,-1.147463321685791,0.5718063116073608,-0.28563737869262695,0.4961584508419037,"[0.6600028276443481, -0.07853856682777405, -0.04916761815547943, -0.7306706309318542, 0.2638024091720581, 0.08437703549861908, -0.055425018072128296, -0.0128388162702322, -0.9983801245689392, 0.699999988079071, 0.0, 0.0, 0.26297393441200256, -0.16145996749401093, 0.33838337659835815, 0.3226075768470764, -3.5762786865234375e-07, 0.0822095274925232, -0.07619357109069824, -0.15612629055976868, -0.34746330976486206, -0.22819370031356812, 0.514362633228302, -0.30384156107902527, 1.269257664680481, 1.137330412864685, 1.658336877822876, 0.8926700353622437, -1.1861324310302734e-05, -3.0607824325561523, -1.5993775129318237, 1.0622892379760742, 5.435256004333496, 4.57084846496582, -4.675708770751953, -0.47467708587646484, 0.02667468972504139, -0.19649669528007507, 0.438514769077301, -0.038693398237228394, 1.6442333459854126, -0.5666518211364746, 0.05506923794746399, 0.9068299531936646, -0.17559407651424408, -0.101606585085392, 0.2587878108024597, -0.9304448366165161, 1.0, 1.0, 1.0, 1.0, 0.0, 1.0, 1.0, 1.0, 1.0, 1.0, 1.0, 1.0]"
202,0.0,0.0,0.0,0.0,0.0,0.0,0.0,0.0,0.0,5.08572265971452e-05,0.0,378.51788330078125,0.6863316893577576,-0.006016366649419069,-0.059405189007520676,0.24263441562652588,-0.1539626121520996,0.3494291305541992,0.32535848021507263,0.5477597117424011,-0.38712528347969055,0.3051607608795166,-0.5389717817306519,-1.0685251951217651,0.621819257736206,-0.4062105119228363,0.4880985915660858,"[0.6863316893577576, -0.006016366649419069, -0.059405189007520676, 0.31193673610687256, 0.581784188747406, 0.22411134839057922, -0.04617220535874367, -0.011528157629072666, -0.9988672137260437, 0.699999988079071, 0.0, 0.0, 0.24263441562652588, -0.1539626121520996, 0.3494291305541992, 0.32535848021507263, -3.5762786865234375e-07, 0.012874722480773926, -0.09483924508094788, -0.13897177577018738, -0.2685251832008362, -0.1781807541847229, 0.39378949999809265, -0.31190142035484314, -2.20927095413208, -0.09450836479663849, -0.2558346092700958, -0.15067388117313385, -1.1980533599853516e-05, -3.5036730766296387, -0.8814709186553955, 0.6600939035415649, 2.7278151512145996, 0.902981698513031, -4.260434150695801, -0.22657501697540283, -0.01360115222632885, -0.20674744248390198, 0.363301157951355, 0.07701674103736877, 1.5843987464904785, -0.34651628136634827, -0.1614569127559662, 0.8087248802185059, -0.3508569598197937, -0.47821667790412903, 0.7784371972084045, -1.0350208282470703, 1.0, 1.0, 1.0, 1.0, 0.0, 1.0, 1.0, 1.0, 1.0, 1.0, 1.0, 1.0]"
203,0.0,0.0,0.0,0.0,0.0,0.0,0.0,0.0,0.0,3.06680376525037e-05,0.0,228.25469970703125,0.7215709686279297,0.03845890611410141,-0.10558642446994781,0.1815805733203888,-0.1619792878627777,0.32464349269866943,0.3158295750617981,0.5477596521377563,-0.44642701745033264,0.27908799052238464,-0.5249284505844116,-1.0560321807861328,0.5833673477172852,-0.3813765048980713,0.477253258228302,"[0.7215709686279297, 0.03845890611410141, -0.10558642446994781, 0.607076108455658, 0.862223744392395, 0.263245165348053, -0.031146137043833733, -0.021791230887174606, -0.9992771148681641, 0.699999988079071, 0.0, 0.0, 0.1815805733203888, -0.1619792878627777, 0.32464349269866943, 0.3158295750617981, -4.172325134277344e-07, -0.046427011489868164, -0.12091201543807983, -0.12492844462394714, -0.25603216886520386, -0.2166326642036438, 0.41862350702285767, -0.32274675369262695, -3.3339433670043945, -0.5054837465286255, -1.693280816078186, -0.554387629032135, -1.4990568161010742e-05, -2.358691453933716, -1.502788782119751, 0.6320385336875916, -0.8315098285675049, -4.029193878173828, 3.576045036315918, -0.6151993870735168, 0.08865231275558472, -0.40131962299346924, 0.2673914134502411, 0.06925579905509949, 1.807155966758728, 0.36499735713005066, -0.32400399446487427, 0.05969887971878052, -0.7512831687927246, -0.9665732383728027, 1.5779703855514526, -0.7904154062271118, 1.0, 1.0, 1.0, 1.0, 0.0, 1.0, 1.0, 1.0, 1.0, 1.0, 1.0, 1.0]"
204,0.0,0.0,0.0,0.0,0.0,0.0,0.00015322498802561313,0.0,1140.4161376953125,0.0,0.0,0.0,0.7645938396453857,0.03159841150045395,-0.06453511863946915,0.11818674206733704,-0.1671256124973297,0.30190375447273254,0.3080981969833374,0.5477597117424011,-0.4656851887702942,0.2797256112098694,-0.5146667957305908,-1.0939266681671143,0.4819548726081848,-0.3518632650375366,0.4794001281261444,"[0.7645938396453857, 0.03159841150045395, -0.06453511863946915, -0.6540697813034058, 0.13003303110599518, 0.279285728931427, -0.017037156969308853, -0.029057582840323448, -0.9994326233863831, 0.699999988079071, 0.0, 0.0, 0.11818674206733704, -0.1671256124973297, 0.30190375447273254, 0.3080981969833374, -3.5762786865234375e-07, -0.06568518280982971, -0.12027439475059509, -0.11466678977012634, -0.2939266562461853, -0.31804513931274414, 0.44813674688339233, -0.32059988379478455, -2.455589771270752, 0.9294996857643127, 0.6414203643798828, 0.510150134563446, -2.154707908630371e-05, 0.0719132274389267, 4.3916730880737305, 0.9523831605911255, -1.9178980588912964, -4.6069207191467285, -5.607100486755371, 0.9859318733215332, 0.28012815117836, -0.826751172542572, 0.294232577085495, 0.3711834251880646, 1.85728120803833, 0.3602231442928314, -0.49049684405326843, -0.8004727363586426, -0.9789770841598511, -1.0830579996109009, 1.6018681526184082, -0.36050859093666077, 1.0, 1.0, 1.0, 1.0, 0.0, 1.0, 1.0, 1.0, 1.0, 1.0, 1.0, 1.0]"
205,0.0,0.0,0.0,0.0,0.0,0.0,6.700530502712354e-05,0.0,498.7041015625,0.0,0.0,0.0,0.6881588101387024,0.07051530480384827,-0.14022226631641388,0.06870509684085846,-0.16970981657505035,0.30774033069610596,0.3056160807609558,0.5477597117424011,-0.4447263181209564,0.31757310032844543,-0.519667387008667,-1.165010929107666,0.3878149390220642,-0.37658366560935974,0.5624393820762634,"[0.6881588101387024, 0.07051530480384827, -0.14022226631641388, -0.6885969638824463, -0.3247345983982086, 0.036296647042036057, -0.01879950426518917, -0.020794590935111046, -0.9996067881584167, 0.699999988079071, 0.0, 0.0, 0.06870509684085846, -0.16970981657505035, 0.30774033069610596, 0.3056160807609558, -3.5762786865234375e-07, -0.04472631216049194, -0.08242690563201904, -0.11966738104820251, -0.36501091718673706, -0.41218507289886475, 0.4234163463115692, -0.23756062984466553, -1.996084213256836, -0.22352713346481323, 0.5743033289909363, 0.00012712739408016205, -1.952052116394043e-05, 1.556456446647644, 1.9107294082641602, -0.6626534461975098, -4.29119348526001, -4.166359901428223, -0.8626190423965454, 4.885150909423828, 0.4760577976703644, -0.4787462055683136, 0.21223415434360504, 0.41580304503440857, 1.9377256631851196, 0.4542568027973175, 0.16391053795814514, -0.5030533075332642, -1.4273282289505005, -1.1235144138336182, 1.3782485723495483, -0.024996839463710785, 1.0, 1.0, 1.0, 1.0, 0.0, 1.0, 1.0, 1.0, 1.0, 1.0, 1.0, 1.0]"
206,0.0,0.0,0.0,6.135083822300658e-05,0.0,456.6192626953125,3.549795292201452e-05,0.0,264.20257568359375,0.0,0.0,0.0,0.6636725664138794,0.037247367203235626,-0.08533064275979996,0.03368479385972023,-0.16436365246772766,0.3120187819004059,0.30125337839126587,0.5477597117424011,-0.447019100189209,0.34303411841392517,-0.5418779850006104,-1.2652660608291626,0.4333098828792572,-0.3759133815765381,0.6440746188163757,"[0.6636725664138794, 0.037247367203235626, -0.08533064275979996, -0.15691737830638885, -0.22766220569610596, 0.07045374065637589, -0.02422112226486206, -0.01394467893987894, -0.9996094107627869, 0.699999988079071, 0.0, 0.0, 0.03368479385972023, -0.16436365246772766, 0.3120187819004059, 0.30125337839126587, -3.5762786865234375e-07, -0.04701909422874451, -0.05696588754653931, -0.14187797904014587, -0.46526604890823364, -0.36669012904167175, 0.42408663034439087, -0.15592539310455322, -1.5278748273849487, 0.09226971864700317, 0.058344751596450806, -0.3032047748565674, -1.4930963516235352e-05, -0.026684576645493507, 1.3330851793289185, -1.2360645532608032, -4.905364990234375, 2.0538783073425293, -0.13307365775108337, 3.591768741607666, 0.4310077726840973, -0.45556482672691345, 0.23667897284030914, 0.5942280292510986, 2.1476523876190186, 0.6645535230636597, 0.0848623514175415, -0.6121331453323364, -1.422082543373108, -1.24554443359375, 1.643511414527893, -0.04538918286561966, 1.0, 1.0, 1.0, 1.0, 0.0, 1.0, 1.0, 1.0, 1.0, 1.0, 1.0, 1.0]"
207,0.0,0.0,0.0,4.986998101230711e-05,0.0,371.17010498046875,3.850239954772405e-05,0.0,286.5639343261719,0.0,0.0,0.0,0.6842478513717651,-0.010209641419351101,-0.02355215884745121,0.01618584804236889,-0.16389243304729462,0.3113805949687958,0.2988862097263336,0.5477596521377563,-0.4363420307636261,0.3663959801197052,-0.567112922668457,-1.3445978164672852,0.4543239176273346,-0.37532827258110046,0.6975909471511841,"[0.6842478513717651, -0.010209641419351101, -0.02355215884745121, -0.03700852394104004, -0.10897083580493927, 0.07727361470460892, -0.02701682224869728, -0.013446799479424953, -0.999544620513916, 0.699999988079071, 0.0, 0.0, 0.01618584804236889, -0.16389243304729462, 0.3113805949687958, 0.2988862097263336, -4.172325134277344e-07, -0.03634202480316162, -0.03360402584075928, -0.16711291670799255, -0.5445978045463562, -0.34567609429359436, 0.4246717393398285, -0.10240906476974487, -0.4079587459564209, 0.0792229175567627, 0.003635173663496971, 0.09951813519001007, -1.710653305053711e-05, 0.6101853251457214, 1.0797221660614014, -1.2517914772033691, -3.340883731842041, 0.851101279258728, 0.15061861276626587, 2.0148725509643555, 0.46512511372566223, -0.599945604801178, 0.4402274191379547, 0.5695183277130127, 2.274733066558838, 0.4393812119960785, 0.02286854386329651, -0.7561895847320557, -1.4404622316360474, -1.0158487558364868, 1.5947115421295166, -0.0618196502327919, 1.0, 1.0, 1.0, 1.0, 0.0, 1.0, 1.0, 1.0, 1.0, 1.0, 1.0, 1.0]"
208,0.0,0.0,0.0,3.7451554817380384e-05,0.0,278.74273681640625,4.122484824620187e-05,0.0,306.82647705078125,0.0,0.0,0.0,0.6805080771446228,-0.0409109927713871,-0.007229073904454708,0.022970641031861305,-0.15968917310237885,0.31428131461143494,0.3067470192909241,0.5477597117424011,-0.42151570320129395,0.381845623254776,-0.5941522717475891,-1.3917930126190186,0.46949610114097595,-0.3610208034515381,0.7223206162452698,"[0.6805080771446228, -0.0409109927713871, -0.007229073904454708, -0.18008969724178314, -0.18869048357009888, 0.041746605187654495, -0.030058393254876137, -0.010294562205672264, -0.9994955658912659, 0.699999988079071, 0.0, 0.0, 0.022970641031861305, -0.15968917310237885, 0.31428131461143494, 0.3067470192909241, -3.5762786865234375e-07, -0.021515697240829468, -0.018154382705688477, -0.19415226578712463, -0.5917930006980896, -0.330503910779953, 0.43897920846939087, -0.07767939567565918, 0.6525959968566895, 0.23835673928260803, 0.1856013983488083, 0.48477602005004883, -1.8388032913208008e-05, 0.6605163812637329, 0.7112656831741333, -1.4047801494598389, -1.8554099798202515, 0.9448585510253906, 0.8826241493225098, 0.8013113737106323, 0.48751917481422424, -0.5668283104896545, 0.34880590438842773, 0.6296664476394653, 2.330646514892578, 0.46659544110298157, -0.026079267263412476, -0.6781827211380005, -1.4435063600540161, -1.1628559827804565, 1.6937875747680664, -0.10287676006555557, 1.0, 1.0, 1.0, 1.0, 0.0, 1.0, 1.0, 1.0, 1.0, 1.0, 1.0, 1.0]"
209,0.0,0.0,0.0,4.3255808122921735e-05,0.0,321.9424133300781,4.3203144741710275e-05,0.0,321.5504455566406,0.0,0.0,0.0,0.6854069828987122,-0.05585736781358719,0.01961134932935238,0.04069836065173149,-0.15714634954929352,0.3158644437789917,0.314601868391037,0.5477596521377563,-0.40283969044685364,0.39140862226486206,-0.6220046281814575,-1.4203280210494995,0.48169732093811035,-0.3343564569950104,0.724452018737793,"[0.6854069828987122, -0.05585736781358719, 0.01961134932935238, 0.03190740942955017, -0.261374831199646, 0.016459381207823753, -0.034826915711164474, -0.009090698324143887, -0.9993520975112915, 0.699999988079071, 0.0, 0.0, 0.04069836065173149, -0.15714634954929352, 0.3158644437789917, 0.314601868391037, -4.172325134277344e-07, -0.00283968448638916, -0.008591383695602417, -0.22200462222099304, -0.6203280091285706, -0.3183026909828186, 0.4656435549259186, -0.07554799318313599, 0.9828137159347534, 0.04508883133530617, 0.00067877396941185, 0.31287020444869995, -1.9371509552001953e-05, 0.9833786487579346, 0.48507821559906006, -1.2891716957092285, -1.1924723386764526, 0.5649248361587524, 1.3727359771728516, -0.5390061140060425, 0.5863615274429321, -0.6070640087127686, 0.3579362630844116, 0.5919419527053833, 2.4144787788391113, 0.5573505163192749, -0.13206997513771057, -0.657595157623291, -1.4177521467208862, -1.2268766164779663, 1.7729885578155518, -0.24199920892715454, 1.0, 1.0, 1.0, 1.0, 0.0, 1.0, 1.0, 1.0, 1.0, 1.0, 1.0, 1.0]"
210,0.0,0.0,0.0,4.546003037830815e-05,0.0,338.347900390625,4.362389518064447e-05,0.0,324.6819763183594,0.0,0.0,0.0,0.7035897970199585,-0.07410145550966263,0.06436116993427277,0.06541553139686584,-0.15898625552654266,0.3130538761615753,0.317933589220047,0.5477595925331116,-0.375091016292572,0.39560624957084656,-0.6430536508560181,-1.436803936958313,0.48081257939338684,-0.29736021161079407,0.7000446915626526,"[0.7035897970199585, -0.07410145550966263, 0.06436116993427277, 0.2608776092529297, -0.2766106128692627, -0.000396382762119174, -0.04022693634033203, -0.01289297640323639, -0.9991074204444885, 0.699999988079071, 0.0, 0.0, 0.06541553139686584, -0.15898625552654266, 0.3130538761615753, 0.317933589220047, -4.76837158203125e-07, 0.024908989667892456, -0.00439375638961792, -0.2430536448955536, -0.636803925037384, -0.3191874325275421, 0.5026397705078125, -0.09995532035827637, 1.4123926162719727, -0.14869005978107452, -0.19863608479499817, 0.10247999429702759, -2.0056962966918945e-05, 1.447339415550232, 0.182797372341156, -0.8119390606880188, -0.4609264135360718, -0.1349358856678009, 1.9281224012374878, -1.7528308629989624, 0.6775221228599548, -0.6250129342079163, 0.3229757845401764, 0.5924041271209717, 2.4567642211914062, 0.5626063346862793, -0.2669539153575897, -0.4932303726673126, -1.3289506435394287, -1.29787015914917, 1.8713487386703491, -0.3750232458114624, 1.0, 1.0, 1.0, 1.0, 0.0, 1.0, 1.0, 1.0, 1.0, 1.0, 1.0, 1.0]"
211,0.0,0.0,0.0,3.9479702536482364e-05,0.0,293.8377685546875,4.3263225961709395e-05,0.0,321.9976501464844,0.0,0.0,0.0,0.7269993424415588,-0.09030944108963013,0.10388641059398651,0.10108011215925217,-0.16320276260375977,0.3076690137386322,0.3170778155326843,0.5477596521377563,-0.33856919407844543,0.3917311429977417,-0.6485289931297302,-1.4310684204101562,0.46679186820983887,-0.24572017788887024,0.6510458588600159,"[0.7269993424415588, -0.09030944108963013, 0.10388641059398651, 0.36636456847190857, -0.3036631941795349, -0.012885679490864277, -0.045915644615888596, -0.019749898463487625, -0.9987499117851257, 0.699999988079071, 0.0, 0.0, 0.10108011215925217, -0.16320276260375977, 0.3076690137386322, 0.3170778155326843, -4.172325134277344e-07, 0.06143081188201904, -0.008268862962722778, -0.24852898716926575, -0.6310684084892273, -0.3332081437110901, 0.5542798042297363, -0.14895415306091309, 2.0013411045074463, -0.22668226063251495, -0.2865784168243408, -0.15634816884994507, -2.0325183868408203e-05, 1.8653525114059448, -0.27888214588165283, 0.19125336408615112, 1.0395549535751343, -0.7309974431991577, 2.779712200164795, -3.1894631385803223, 0.7668258547782898, -0.6826719641685486, 0.3444690406322479, 0.4888685643672943, 2.407040596008301, 0.46643349528312683, -0.4999215304851532, -0.2726690173149109, -1.1188102960586548, -1.3109629154205322, 1.9920291900634766, -0.6146247386932373, 1.0, 1.0, 1.0, 1.0, 0.0, 1.0, 1.0, 1.0, 1.0, 1.0, 1.0, 1.0]"
212,0.0,0.0,0.0,1.6798809156171046e-05,0.0,125.0294189453125,3.57909630110953e-05,0.0,266.38336181640625,0.0,0.0,0.0,0.737660825252533,-0.09359191358089447,0.0987059473991394,0.1475391685962677,-0.1682092845439911,0.3016085624694824,0.307416707277298,0.5477596521377563,-0.2983289361000061,0.37592339515686035,-0.6278213858604431,-1.3819031715393066,0.44967055320739746,-0.17130908370018005,0.5738083124160767,"[0.737660825252533, -0.09359191358089447, 0.0987059473991394, 0.27961719036102295, -0.4251987040042877, -0.02724035456776619, -0.05302741751074791, -0.027403298765420914, -0.998216986656189, 0.699999988079071, 0.0, 0.0, 0.1475391685962677, -0.1682092845439911, 0.3016085624694824, 0.307416707277298, -4.172325134277344e-07, 0.10167106986045837, -0.024076610803604126, -0.22782137989997864, -0.5819031596183777, -0.3503294587135315, 0.6286909580230713, -0.2261916995048523, 2.5747389793395996, -0.15882325172424316, -0.20575153827667236, -0.6754494905471802, -2.008676528930664e-05, 1.9361238479614258, -0.9922189712524414, 1.735390305519104, 3.7518551349639893, -0.5998430252075195, 4.181350231170654, -4.742640972137451, 0.641173243522644, -0.46061649918556213, 0.6425373554229736, 0.2616419494152069, 1.9370570182800293, -0.12403139472007751, -0.7069897651672363, 0.2646472752094269, -0.6150339841842651, -0.9459025263786316, 1.6585397720336914, -1.0187411308288574, 1.0, 1.0, 1.0, 1.0, 0.0, 1.0, 1.0, 1.0, 1.0, 1.0, 1.0, 1.0]"
213,0.0,0.0,0.0,0.0,0.0,0.0,0.0,0.0,0.0,0.00010215610382147133,0.0,760.3228759765625,0.6896503567695618,-0.10562083125114441,-0.021176110953092575,0.20167338848114014,-0.1711101233959198,0.30231907963752747,0.29107654094696045,0.5477597713470459,-0.27654320001602173,0.3523375988006592,-0.5874757766723633,-1.2837110757827759,0.4600452482700348,-0.15622499585151672,0.5021322965621948,"[0.6896503567695618, -0.10562083125114441, -0.021176110953092575, -0.23460958898067474, -0.15469296276569366, -0.04576144367456436, -0.06022625043988228, -0.03113389201462269, -0.9976992607116699, 0.699999988079071, 0.0, 0.0, 0.20167338848114014, -0.1711101233959198, 0.30231907963752747, 0.29107654094696045, -2.980232238769531e-07, 0.12345680594444275, -0.0476624071598053, -0.1874757707118988, -0.4837110638618469, -0.33995476365089417, 0.6437749862670898, -0.29786771535873413, 3.1414551734924316, 0.1950637549161911, 0.7253531813621521, 0.6560125350952148, -7.420778274536133e-06, 0.009842809289693832, -1.1745212078094482, 0.21887490153312683, 5.194047927856445, 2.0543172359466553, -4.180215835571289, 1.584057331085205, 0.11442074179649353, 0.16889861226081848, 0.9897587299346924, -0.045419275760650635, 1.5455602407455444, -0.8320986032485962, -0.41050609946250916, 0.6898293495178223, -0.1450609415769577, -0.10409984737634659, 0.5107332468032837, -0.9742729663848877, 1.0, 1.0, 1.0, 1.0, 0.0, 1.0, 1.0, 1.0, 1.0, 1.0, 1.0, 1.0]"
214,0.0,0.0,0.0,0.0,0.0,0.0,0.0,0.0,0.0,5.811197479488328e-05,0.0,432.51324462890625,0.6600093245506287,-0.08868442475795746,-0.05800479277968407,0.25156575441360474,-0.15615008771419525,0.3302609622478485,0.3057069480419159,0.5477597117424011,-0.3140646815299988,0.31869348883628845,-0.5728114247322083,-1.1700727939605713,0.5574522018432617,-0.25274422764778137,0.5098493695259094,"[0.6600093245506287, -0.08868442475795746, -0.05800479277968407, -0.6902797222137451, 0.22546151280403137, 0.054128192365169525, -0.058791305869817734, -0.018990488722920418, -0.9980897307395935, 0.699999988079071, 0.0, 0.0, 0.25156575441360474, -0.15615008771419525, 0.3302609622478485, 0.3057069480419159, -3.5762786865234375e-07, 0.0859353244304657, -0.08130651712417603, -0.17281141877174377, -0.37007278203964233, -0.24254781007766724, 0.5472557544708252, -0.29015064239501953, 1.7492221593856812, 0.9512324929237366, 1.533109426498413, 0.8637900948524475, -1.2487173080444336e-05, -2.7119553089141846, -1.900691032409668, 0.9556713104248047, 5.723987579345703, 5.018530368804932, -4.316350936889648, -0.22203505039215088, 0.022949369624257088, -0.19046255946159363, 0.5005770325660706, -0.05627605319023132, 1.6330746412277222, -0.5855598449707031, 0.03126987814903259, 0.8421241044998169, -0.1446966677904129, -0.05055288225412369, 0.23972807824611664, -0.8969861268997192, 1.0, 1.0, 1.0, 1.0, 0.0, 1.0, 1.0, 1.0, 1.0, 1.0, 1.0, 1.0]"
215,0.0,0.0,0.0,0.0,0.0,0.0,0.0,0.0,0.0,5.3316067351261154e-05,0.0,396.8184814453125,0.6853699684143066,-0.01913348212838173,-0.06375860422849655,0.24273844063282013,-0.14978855848312378,0.3429637849330902,0.3100580871105194,0.5477596521377563,-0.37994763255119324,0.2954094707965851,-0.5564821362495422,-1.0780785083770752,0.6219494938850403,-0.37944522500038147,0.5036982893943787,"[0.6853699684143066, -0.01913348212838173, -0.06375860422849655, 0.21763519942760468, 0.5706163644790649, 0.19927334785461426, -0.04993349686264992, -0.01624133065342903, -0.9986205697059631, 0.699999988079071, 0.0, 0.0, 0.24273844063282013, -0.14978855848312378, 0.3429637849330902, 0.3100580871105194, -4.172325134277344e-07, 0.02005237340927124, -0.1045905351638794, -0.15648213028907776, -0.27807849645614624, -0.17805051803588867, 0.4205547869205475, -0.2963017225265503, -1.6680433750152588, -0.12524615228176117, -0.057260770350694656, -0.046654220670461655, -1.1771917343139648e-05, -3.453641653060913, -0.9006269574165344, 0.6670665740966797, 3.5863709449768066, 1.853048324584961, -5.896604537963867, -0.21912407875061035, -0.018171248957514763, -0.21127599477767944, 0.38162150979042053, 0.0761243999004364, 1.58803391456604, -0.4538792669773102, -0.11439409852027893, 0.836216926574707, -0.26508110761642456, -0.3790096342563629, 0.6461666822433472, -1.0446984767913818, 1.0, 1.0, 1.0, 1.0, 0.0, 1.0, 1.0, 1.0, 1.0, 1.0, 1.0, 1.0]"
216,0.0,0.0,0.0,0.0,0.0,0.0,0.0,0.0,0.0,3.7556277675321326e-05,0.0,279.522216796875,0.7194467782974243,0.029247259721159935,-0.09414051473140717,0.18963144719600677,-0.15857042372226715,0.3230384290218353,0.3027694523334503,0.5477597117424011,-0.44270604848861694,0.2705804407596588,-0.5415440201759338,-1.0500584840774536,0.6022999286651611,-0.38443318009376526,0.4915896952152252,"[0.7194467782974243, 0.029247259721159935, -0.09414051473140717, 0.47340497374534607, 0.8711408376693726, 0.2621048390865326, -0.03495634347200394, -0.024343175813555717, -0.9990923404693604, 0.699999988079071, 0.0, 0.0, 0.18963144719600677, -0.15857042372226715, 0.3230384290218353, 0.3027694523334503, -3.5762786865234375e-07, -0.042706042528152466, -0.12941956520080566, -0.14154401421546936, -0.25005847215652466, -0.19770008325576782, 0.4155668318271637, -0.30841031670570374, -2.997624397277832, -0.5273546576499939, -1.4627505540847778, -0.422611802816391, -1.5079975128173828e-05, -2.642249345779419, -1.4627050161361694, 0.7389340996742249, -0.21670281887054443, -3.2908167839050293, 2.764298677444458, -0.7939726114273071, 0.09549461305141449, -0.37511640787124634, 0.18431325256824493, 0.05436435341835022, 1.7832589149475098, 0.2265850007534027, -0.2733810544013977, 0.28411272168159485, -0.6745723485946655, -0.8745362758636475, 1.4862993955612183, -0.8722833395004272, 1.0, 1.0, 1.0, 1.0, 0.0, 1.0, 1.0, 1.0, 1.0, 1.0, 1.0, 1.0]"
217,0.0,0.0,0.0,0.0,0.0,0.0,0.00016941425565164536,0.0,1260.908935546875,1.968782271433156e-06,0.0,14.653165817260742,0.7636183500289917,0.029511334374547005,-0.07866182923316956,0.1284923106431961,-0.16963063180446625,0.29855793714523315,0.29410141706466675,0.5477597117424011,-0.47073227167129517,0.2542321979999542,-0.5294949412345886,-1.0830141305923462,0.5075507164001465,-0.3386100232601166,0.4824308753013611,"[0.7636183500289917, 0.029511334374547005, -0.07866182923316956, -0.35276761651039124, 0.4102967381477356, 0.26451656222343445, -0.017734890803694725, -0.033008772879838943, -0.9992979764938354, 0.699999988079071, 0.0, 0.0, 0.1284923106431961, -0.16963063180446625, 0.29855793714523315, 0.29410141706466675, -3.5762786865234375e-07, -0.07073226571083069, -0.14576780796051025, -0.12949493527412415, -0.28301411867141724, -0.29244929552078247, 0.4613899886608124, -0.31756913661956787, -2.549452781677246, 0.38104432821273804, 0.3287337124347687, 0.2557585835456848, -1.2427568435668945e-05, -0.3907015919685364, 2.608968734741211, 1.0312328338623047, -1.9177876710891724, -4.733895301818848, -3.5508840084075928, -0.12443267554044724, 0.2318657636642456, -0.7971935868263245, 0.34184321761131287, 0.3206794559955597, 1.848037600517273, 0.44504621624946594, -0.49818870425224304, -0.7717281579971313, -0.9916614294052124, -1.1285507678985596, 1.639382004737854, -0.4571639895439148, 1.0, 1.0, 1.0, 1.0, 0.0, 1.0, 1.0, 1.0, 1.0, 1.0, 1.0, 1.0]"
218,0.0,0.0,0.0,0.0,0.0,0.0,7.411123078782111e-05,0.0,551.5917358398438,0.0,0.0,0.0,0.6955311894416809,0.06927014142274857,-0.11468247324228287,0.0783386155962944,-0.1707698255777359,0.3057757019996643,0.29459017515182495,0.5477597713470459,-0.45263591408729553,0.29455798864364624,-0.5253707766532898,-1.154733419418335,0.4039507806301117,-0.36915111541748047,0.548271894454956,"[0.6955311894416809, 0.06927014142274857, -0.11468247324228287, -0.6120049953460693, -0.24689272046089172, 0.07708904147148132, -0.018485989421606064, -0.022893911227583885, -0.9995670318603516, 0.699999988079071, 0.0, 0.0, 0.0783386155962944, -0.1707698255777359, 0.3057757019996643, 0.29459017515182495, -2.980232238769531e-07, -0.052635908126831055, -0.10544201731681824, -0.12537077069282532, -0.354733407497406, -0.39604923129081726, 0.4308488965034485, -0.2517281174659729, -2.274583101272583, -0.3774144649505615, 0.45427578687667847, -0.0009351447224617004, -1.755356788635254e-05, 1.4377633333206177, 1.6363422870635986, -0.3921484053134918, -4.4905595779418945, -4.598094463348389, -0.5132827758789062, 4.9521403312683105, 0.4690760374069214, -0.6081791520118713, 0.19048143923282623, 0.508236289024353, 1.8973959684371948, 0.33905020356178284, 0.1711978316307068, -0.48404157161712646, -1.3112391233444214, -1.0330969095230103, 1.4614534378051758, -0.042089469730854034, 1.0, 1.0, 1.0, 1.0, 0.0, 1.0, 1.0, 1.0, 1.0, 1.0, 1.0, 1.0]"
219,0.0,0.0,0.0,2.4636057787574828e-05,0.0,183.3601531982422,4.082224768353626e-05,0.0,303.83001708984375,0.0,0.0,0.0,0.6722059845924377,0.03559170290827751,-0.06527724117040634,0.04043487459421158,-0.16630077362060547,0.31107255816459656,0.2945321202278137,0.5477597117424011,-0.44380488991737366,0.3204938769340515,-0.5426991581916809,-1.247539758682251,0.4323391914367676,-0.3687904179096222,0.6355135440826416,"[0.6722059845924377, 0.03559170290827751, -0.06527724117040634, -0.2430596947669983, -0.23458346724510193, 0.10039352625608444, -0.023954428732395172, -0.01456931047141552, -0.9996069073677063, 0.699999988079071, 0.0, 0.0, 0.04043487459421158, -0.16630077362060547, 0.31107255816459656, 0.2945321202278137, -3.5762786865234375e-07, -0.04380488395690918, -0.07950612902641296, -0.14269915223121643, -0.447539746761322, -0.3676608204841614, 0.43120959401130676, -0.16448646783828735, -1.6816737651824951, 0.21302302181720734, 0.12141261994838715, 0.006410724483430386, -2.321600914001465e-05, 0.46379026770591736, 1.4569072723388672, -1.011737585067749, -4.401296138763428, 1.310149908065796, -0.2924656271934509, 3.794247627258301, 0.41259458661079407, -0.47380712628364563, 0.31835806369781494, 0.5614354610443115, 2.1457958221435547, 0.6508165597915649, 0.10628929734230042, -0.6081563830375671, -1.357832431793213, -1.277938961982727, 1.638958215713501, -0.01765153557062149, 1.0, 1.0, 1.0, 1.0, 0.0, 1.0, 1.0, 1.0, 1.0, 1.0, 1.0, 1.0]"
220,0.0,0.0,0.0,5.031599721405655e-05,0.0,374.48968505859375,3.695471241371706e-05,0.0,275.04486083984375,0.0,0.0,0.0,0.6874285340309143,-0.011228026822209358,-0.007429770193994045,0.018585218116641045,-0.1648903340101242,0.31046193838119507,0.29766619205474854,0.5477596521377563,-0.43040454387664795,0.3435349762439728,-0.5655496120452881,-1.3238935470581055,0.4478776752948761,-0.3682461082935333,0.6960219144821167,"[0.6874285340309143, -0.011228026822209358, -0.007429770193994045, -0.05884912237524986, -0.07683638483285904, 0.10030224919319153, -0.026211874559521675, -0.013589276000857353, -0.9995644092559814, 0.699999988079071, 0.0, 0.0, 0.018585218116641045, -0.1648903340101242, 0.31046193838119507, 0.29766619205474854, -4.172325134277344e-07, -0.03040453791618347, -0.0564650297164917, -0.1655496060848236, -0.5238935351371765, -0.35212233662605286, 0.43175390362739563, -0.10397809743881226, -0.6275684237480164, 0.11928548663854599, 0.009613990783691406, 0.33606603741645813, -1.728534698486328e-05, 0.7138063907623291, 1.091832160949707, -1.137251377105713, -3.4734113216400146, 0.6225543022155762, 0.09210065007209778, 2.2414581775665283, 0.46145960688591003, -0.6060022711753845, 0.43152928352355957, 0.5586402416229248, 2.2842459678649902, 0.4435071647167206, 0.039778828620910645, -0.751319169998169, -1.4432851076126099, -1.0723555088043213, 1.6142773628234863, -0.09617970138788223, 1.0, 1.0, 1.0, 1.0, 0.0, 1.0, 1.0, 1.0, 1.0, 1.0, 1.0, 1.0]"
221,0.0,0.0,0.0,3.725209171534516e-05,0.0,277.2582092285156,4.05880346079357e-05,0.0,302.0868225097656,0.0,0.0,0.0,0.683717668056488,-0.039952900260686874,0.005528024397790432,0.020987464115023613,-0.16023102402687073,0.3132728338241577,0.30780673027038574,0.5477596521377563,-0.41341865062713623,0.35971200466156006,-0.5896105170249939,-1.3791972398757935,0.45814207196235657,-0.3561355173587799,0.7170200347900391,"[0.683717668056488, -0.039952900260686874, 0.005528024397790432, -0.18366189301013947, -0.1505855917930603, 0.05515188351273537, -0.028516622260212898, -0.01026470959186554, -0.9995407462120056, 0.699999988079071, 0.0, 0.0, 0.020987464115023613, -0.16023102402687073, 0.3132728338241577, 0.30780673027038574, -4.172325134277344e-07, -0.013418644666671753, -0.04028800129890442, -0.18961051106452942, -0.5791972279548645, -0.3418579399585724, 0.44386449456214905, -0.08297997713088989, 0.4505770802497864, 0.2539413869380951, 0.17922884225845337, 0.5433589220046997, -1.823902130126953e-05, 0.7621884346008301, 0.7564358115196228, -1.2615433931350708, -2.346363067626953, 0.7086968421936035, 0.7566019296646118, 0.5610378384590149, 0.49461230635643005, -0.5744824409484863, 0.379241019487381, 0.6058647632598877, 2.354085922241211, 0.4501142203807831, -0.000759512186050415, -0.6665732860565186, -1.4608136415481567, -1.1778430938720703, 1.7042598724365234, -0.1383017599582672, 1.0, 1.0, 1.0, 1.0, 0.0, 1.0, 1.0, 1.0, 1.0, 1.0, 1.0, 1.0]"
222,0.0,0.0,0.0,4.192910637357272e-05,0.0,312.068115234375,4.2078285332536325e-05,0.0,313.17840576171875,0.0,0.0,0.0,0.6859484910964966,-0.0554228238761425,0.02504831925034523,0.03653252497315407,-0.15700295567512512,0.3152596652507782,0.3163073658943176,0.5477596521377563,-0.3936382532119751,0.37036362290382385,-0.6151950359344482,-1.4168598651885986,0.46724560856819153,-0.33223992586135864,0.7160914540290833,"[0.6859484910964966, -0.0554228238761425, 0.02504831925034523, -0.009888050146400928, -0.23051226139068604, 0.02129172533750534, -0.032608456909656525, -0.00851310696452856, -0.999431848526001, 0.699999988079071, 0.0, 0.0, 0.03653252497315407, -0.15700295567512512, 0.3152596652507782, 0.3163073658943176, -4.172325134277344e-07, 0.00636175274848938, -0.029636383056640625, -0.21519502997398376, -0.6168598532676697, -0.3327544033527374, 0.4677600860595703, -0.0839085578918457, 0.9300169944763184, 0.0912216380238533, 0.0370616689324379, 0.33917173743247986, -1.9103288650512695e-05, 1.0149959325790405, 0.5353536605834961, -1.190813422203064, -1.5674816370010376, 0.45451819896698, 1.2442543506622314, -0.6444296836853027, 0.577289342880249, -0.5981661081314087, 0.35225215554237366, 0.5980744361877441, 2.429185390472412, 0.5386309623718262, -0.09034571051597595, -0.630976676940918, -1.4285426139831543, -1.2423820495605469, 1.7874417304992676, -0.2517600655555725, 1.0, 1.0, 1.0, 1.0, 0.0, 1.0, 1.0, 1.0, 1.0, 1.0, 1.0, 1.0]"
223,0.0,0.0,0.0,4.4550113670993596e-05,0.0,331.57562255859375,4.260842251824215e-05,0.0,317.12408447265625,0.0,0.0,0.0,0.701942503452301,-0.07366015762090683,0.06268392503261566,0.06090746074914932,-0.15782465040683746,0.31332120299339294,0.32030120491981506,0.5477597117424011,-0.3660310208797455,0.3761161267757416,-0.6347231268882751,-1.4375985860824585,0.46561336517333984,-0.29848358035087585,0.6924645304679871,"[0.701942503452301, -0.07366015762090683, 0.06268392503261566, 0.21697935461997986, -0.2579784393310547, 0.004962162114679813, -0.037560608237981796, -0.011342199519276619, -0.9992297887802124, 0.699999988079071, 0.0, 0.0, 0.06090746074914932, -0.15782465040683746, 0.31332120299339294, 0.32030120491981506, -3.5762786865234375e-07, 0.033968985080718994, -0.0238838791847229, -0.23472312092781067, -0.6375985741615295, -0.3343866467475891, 0.5015164613723755, -0.1075354814529419, 1.3952741622924805, -0.1028280183672905, -0.15945620834827423, 0.13862727582454681, -1.9788742065429688e-05, 1.4330039024353027, 0.269397109746933, -0.7581464052200317, -0.6231671571731567, -0.15411122143268585, 1.7562777996063232, -1.6149451732635498, 0.6578014492988586, -0.6140089631080627, 0.32850614190101624, 0.5991733074188232, 2.471750259399414, 0.5603880882263184, -0.22288727760314941, -0.49457207322120667, -1.3460866212844849, -1.3166239261627197, 1.8764584064483643, -0.3742198348045349, 1.0, 1.0, 1.0, 1.0, 0.0, 1.0, 1.0, 1.0, 1.0, 1.0, 1.0, 1.0]"
224,0.0,0.0,0.0,3.988458411186002e-05,0.0,296.8511962890625,4.296943006920628e-05,0.0,319.81097412109375,0.0,0.0,0.0,0.7235652208328247,-0.08987579494714737,0.09957468509674072,0.09563877433538437,-0.16136790812015533,0.3084629476070404,0.32038354873657227,0.5477596521377563,-0.33001697063446045,0.3747713267803192,-0.640177845954895,-1.4353784322738647,0.4516490697860718,-0.2514302134513855,0.6475852131843567,"[0.7235652208328247, -0.08987579494714737, 0.09957468509674072, 0.3467850685119629, -0.290963351726532, -0.00456423033028841, -0.04298292472958565, -0.017573442310094833, -0.9989212155342102, 0.699999988079071, 0.0, 0.0, 0.09563877433538437, -0.16136790812015533, 0.3084629476070404, 0.32038354873657227, -4.172325134277344e-07, 0.06998303532600403, -0.025228679180145264, -0.24017783999443054, -0.6353784203529358, -0.3483509421348572, 0.5485697984695435, -0.15241479873657227, 1.9311155080795288, -0.20361042022705078, -0.27088046073913574, -0.0991167277097702, -2.008676528930664e-05, 1.8398504257202148, -0.13521310687065125, 0.14256662130355835, 0.8005251884460449, -0.7286553382873535, 2.5234315395355225, -2.9154741764068604, 0.7437819838523865, -0.6677318811416626, 0.3440530002117157, 0.509326696395874, 2.442525863647461, 0.4899308383464813, -0.4414460361003876, -0.30247682332992554, -1.166208028793335, -1.3418352603912354, 1.9907097816467285, -0.5909671783447266, 1.0, 1.0, 1.0, 1.0, 0.0, 1.0, 1.0, 1.0, 1.0, 1.0, 1.0, 1.0]"
225,0.0,0.0,0.0,2.124491766153369e-05,0.0,158.12074279785156,3.832695438177325e-05,0.0,285.25811767578125,0.0,0.0,0.0,0.7348666787147522,-0.09434452652931213,0.10234970599412918,0.14024093747138977,-0.16626067459583282,0.3023165166378021,0.3123152256011963,0.5477596521377563,-0.2895866334438324,0.36266347765922546,-0.6222561597824097,-1.3931719064712524,0.43335554003715515,-0.18355678021907806,0.5761027932167053,"[0.7348666787147522, -0.09434452652931213, 0.10234970599412918, 0.31121888756752014, -0.40620526671409607, -0.02073431946337223, -0.04982084408402443, -0.025244612246751785, -0.9984387755393982, 0.699999988079071, 0.0, 0.0, 0.14024093747138977, -0.16626067459583282, 0.3023165166378021, 0.3123152256011963, -4.172325134277344e-07, 0.11041337251663208, -0.037336528301239014, -0.2222561538219452, -0.5931718945503235, -0.3666444718837738, 0.6164432168006897, -0.22389721870422363, 2.4643194675445557, -0.18192650377750397, -0.23742574453353882, -0.594696044921875, -2.0176172256469727e-05, 1.9655252695083618, -0.7894137501716614, 1.5363616943359375, 3.344390869140625, -0.7022696137428284, 3.8233394622802734, -4.486154079437256, 0.6915707588195801, -0.5392094254493713, 0.5649299621582031, 0.3011942207813263, 2.079326629638672, 0.028657764196395874, -0.6699869632720947, 0.1441320776939392, -0.7198410630226135, -1.0713049173355103, 1.8018720149993896, -0.9842716455459595, 1.0, 1.0, 1.0, 1.0, 0.0, 1.0, 1.0, 1.0, 1.0, 1.0, 1.0, 1.0]"
226,0.0,0.0,0.0,0.0,0.0,0.0,0.0,0.0,0.0,4.8767578846309334e-05,0.0,362.96514892578125,0.7058987021446228,-0.1096494048833847,-0.008485296741127968,0.1911298930644989,-0.16982460021972656,0.29963386058807373,0.29465630650520325,0.5477597117424011,-0.2615629732608795,0.3428305983543396,-0.575454592704773,-1.3000495433807373,0.43792399764060974,-0.1390613317489624,0.49140268564224243,"[0.7058987021446228, -0.1096494048833847, -0.008485296741127968, 0.023575201630592346, -0.30083519220352173, 0.0025463723577558994, -0.058532800525426865, -0.030659621581435204, -0.9978145360946655, 0.699999988079071, 0.0, 0.0, 0.1911298930644989, -0.16982460021972656, 0.29963386058807373, 0.29465630650520325, -3.5762786865234375e-07, 0.13843703269958496, -0.05716940760612488, -0.17545458674430847, -0.5000495314598083, -0.3620760142803192, 0.6609386801719666, -0.3085973262786865, 2.8121931552886963, 0.07285866141319275, 0.2954341471195221, 0.838013768196106, -1.7434358596801758e-05, 0.6061758399009705, -0.8867973685264587, 1.378937005996704, 5.13226842880249, 1.2273679971694946, -1.8596833944320679, -0.8396763801574707, 0.1821945309638977, 0.13161692023277283, 0.9008063077926636, 0.0038277804851531982, 1.6072964668273926, -0.7804181575775146, -0.43978485465049744, 0.6847704648971558, -0.1804819256067276, -0.18583449721336365, 0.724376916885376, -1.0441009998321533, 1.0, 1.0, 1.0, 1.0, 0.0, 1.0, 1.0, 1.0, 1.0, 1.0, 1.0, 1.0]"
227,0.0,0.0,0.0,0.0,0.0,0.0,0.0,0.0,0.0,6.207620026543736e-05,0.0,462.0179748535156,0.661941409111023,-0.0897338017821312,-0.04537399113178253,0.24261997640132904,-0.15740907192230225,0.3217580020427704,0.30847200751304626,0.5477597117424011,-0.2902573049068451,0.3165911138057709,-0.5621480941772461,-1.1864824295043945,0.5238741040229797,-0.22838649153709412,0.5049774646759033,"[0.661941409111023, -0.0897338017821312, -0.04537399113178253, -0.6557185053825378, 0.16387489438056946, 0.04909016564488411, -0.05853770300745964, -0.020882602781057358, -0.9980668425559998, 0.699999988079071, 0.0, 0.0, 0.24261997640132904, -0.15740907192230225, 0.3217580020427704, 0.30847200751304626, -3.5762786865234375e-07, 0.10974270105361938, -0.0834088921546936, -0.16214808821678162, -0.3864824175834656, -0.2761259078979492, 0.5716135501861572, -0.29502254724502563, 2.046029567718506, 0.8586854338645935, 1.3571019172668457, 0.7323778867721558, -1.7851591110229492e-05, -2.479234457015991, -1.5971771478652954, 0.9659039974212646, 5.812503814697266, 5.461245536804199, -4.238073825836182, -0.1883264183998108, 0.0790075957775116, -0.20386263728141785, 0.6575673818588257, -0.177325040102005, 1.6945655345916748, -0.5833432674407959, -0.07302609086036682, 0.8229001760482788, -0.1466793268918991, -0.012091197073459625, 0.2203664481639862, -0.9918681979179382, 1.0, 1.0, 1.0, 1.0, 0.0, 1.0, 1.0, 1.0, 1.0, 1.0, 1.0, 1.0]"
228,0.0,0.0,0.0,0.0,0.0,0.0,0.0,0.0,0.0,5.73404468013905e-05,0.0,426.77093505859375,0.6813060641288757,-0.030530612915754318,-0.0474209189414978,0.24660131335258484,-0.14896248281002045,0.3394281566143036,0.31602999567985535,0.5477597117424011,-0.3558654189109802,0.29460370540618896,-0.5422448515892029,-1.0883005857467651,0.6077011823654175,-0.3513464331626892,0.49357208609580994,"[0.6813060641288757, -0.030530612915754318, -0.0474209189414978, 0.003964926116168499, 0.5568698048591614, 0.1644335389137268, -0.05023007467389107, -0.014744158834218979, -0.9986286163330078, 0.699999988079071, 0.0, 0.0, 0.24660131335258484, -0.14896248281002045, 0.3394281566143036, 0.31602999567985535, -3.5762786865234375e-07, 0.04413458704948425, -0.10539630055427551, -0.1422448456287384, -0.2883005738258362, -0.19229882955551147, 0.44865357875823975, -0.306427925825119, -0.9814245700836182, 0.021121906116604805, 0.38920989632606506, 0.04097454249858856, -1.424551010131836e-05, -3.521132469177246, -0.7955409288406372, 0.85370934009552, 4.063323974609375, 2.787665605545044, -6.6303277015686035, -0.5807654857635498, -0.03507274389266968, -0.16239315271377563, 0.44302108883857727, 0.09119680523872375, 1.5964888334274292, -0.5330513715744019, -0.06870365142822266, 0.8533811569213867, -0.21766267716884613, -0.2956799566745758, 0.5206447839736938, -1.0111371278762817, 1.0, 1.0, 1.0, 1.0, 0.0, 1.0, 1.0, 1.0, 1.0, 1.0, 1.0, 1.0]"
229,0.0,0.0,0.0,0.0,0.0,0.0,0.0,0.0,0.0,4.3109990656375885e-05,0.0,320.85711669921875,0.7101094722747803,0.020914386957883835,-0.07778402417898178,0.20091688632965088,-0.15651391446590424,0.3282095789909363,0.31053340435028076,0.5477597117424011,-0.42364972829818726,0.27478834986686707,-0.524711012840271,-1.0486539602279663,0.6066369414329529,-0.3904262185096741,0.47751957178115845,"[0.7101094722747803, 0.020914386957883835, -0.07778402417898178, 0.4265383780002594, 0.8348154425621033, 0.24588267505168915, -0.035801973193883896, -0.020957667380571365, -0.9991390109062195, 0.699999988079071, 0.0, 0.0, 0.20091688632965088, -0.15651391446590424, 0.3282095789909363, 0.31053340435028076, -3.5762786865234375e-07, -0.02364972233772278, -0.1252116560935974, -0.12471100687980652, -0.24865394830703735, -0.19336307048797607, 0.4095737934112549, -0.3224804401397705, -2.802173137664795, -0.5061532258987427, -1.1041440963745117, -0.4383842647075653, -1.6510486602783203e-05, -3.0176732540130615, -1.2613312005996704, 0.7563969492912292, 0.34273096919059753, -2.3660218715667725, 1.5935109853744507, -0.817148745059967, 0.090128093957901, -0.35807856917381287, 0.13241614401340485, 0.07746180891990662, 1.7586500644683838, 0.13056990504264832, -0.22910460829734802, 0.43544384837150574, -0.612221360206604, -0.8063105940818787, 1.3531793355941772, -0.9597191214561462, 1.0, 1.0, 1.0, 1.0, 0.0, 1.0, 1.0, 1.0, 1.0, 1.0, 1.0, 1.0]"
230,0.0,0.0,0.0,0.0,0.0,0.0,3.103177004959434e-05,0.0,230.96189880371094,9.563226740283426e-06,0.0,71.1767578125,0.7492290139198303,0.026124117895960808,-0.15802918374538422,0.13744355738162994,-0.17247413098812103,0.2956922650337219,0.29828721284866333,0.5477596521377563,-0.46202322840690613,0.24964672327041626,-0.5133544206619263,-1.0774425268173218,0.5202046632766724,-0.3283001482486725,0.4658639132976532,"[0.7492290139198303, 0.026124117895960808, -0.15802918374538422, 0.5843296051025391, 0.8745400905609131, 0.1770486980676651, -0.01703893207013607, -0.033550504595041275, -0.9992917776107788, 0.699999988079071, 0.0, 0.0, 0.13744355738162994, -0.17247413098812103, 0.2956922650337219, 0.29828721284866333, -4.172325134277344e-07, -0.06202322244644165, -0.15035328269004822, -0.11335441470146179, -0.2774425148963928, -0.2797953486442566, 0.47169986367225647, -0.33413609862327576, -3.101717472076416, -0.7570595741271973, -0.2632642984390259, -0.5653203129768372, -3.692507743835449e-05, -1.0627933740615845, -0.6707412004470825, 0.39083951711654663, -2.2558481693267822, -5.126271724700928, 3.2614293098449707, -0.17033901810646057, 0.18798840045928955, -0.7139595150947571, 0.38135626912117004, 0.267271488904953, 1.8437365293502808, 0.48501089215278625, -0.482145756483078, -0.697643518447876, -0.9899572134017944, -1.1415622234344482, 1.6748950481414795, -0.5081893801689148, 1.0, 1.0, 1.0, 1.0, 0.0, 1.0, 1.0, 1.0, 1.0, 1.0, 1.0, 1.0]"
231,0.0,0.0,0.0,0.0,0.0,0.0,5.259629324427806e-05,0.0,391.46136474609375,0.0,0.0,0.0,0.7127851843833923,0.057440705597400665,-0.13683442771434784,0.08599310368299484,-0.17380483448505402,0.3001721203327179,0.29774215817451477,0.5477597117424011,-0.4521929621696472,0.3043539822101593,-0.5090909004211426,-1.1434595584869385,0.4140728712081909,-0.384036660194397,0.5217914581298828,"[0.7127851843833923, 0.057440705597400665, -0.13683442771434784, -0.3450874090194702, -0.02395186387002468, 0.1002361848950386, -0.013616632670164108, -0.027685964480042458, -0.9995241165161133, 0.699999988079071, 0.0, 0.0, 0.08599310368299484, -0.17380483448505402, 0.3001721203327179, 0.29774215817451477, -3.5762786865234375e-07, -0.05219295620918274, -0.09564602375030518, -0.1090908944606781, -0.3434595465660095, -0.38592714071273804, 0.415963351726532, -0.27820855379104614, -2.460421323776245, -0.4104312062263489, 0.27842074632644653, -0.1345505565404892, -1.8835067749023438e-05, 1.0824419260025024, 2.2018074989318848, -0.4375828802585602, -4.0345458984375, -4.896578311920166, -1.789488434791565, 4.834383487701416, 0.3406910300254822, -0.6910399198532104, 0.1310127228498459, 0.4842432141304016, 1.9374688863754272, 0.24015375971794128, -0.31125420331954956, -0.5746712684631348, -1.0654350519180298, -1.0151453018188477, 1.657250165939331, -0.14907723665237427, 1.0, 1.0, 1.0, 1.0, 0.0, 1.0, 1.0, 1.0, 1.0, 1.0, 1.0, 1.0]"
232,0.0,0.0,0.0,2.1693569578928873e-05,0.0,161.45994567871094,5.203512046136893e-05,0.0,387.2846984863281,0.0,0.0,0.0,0.6462799906730652,0.04379034414887428,-0.12462823837995529,0.048268694430589676,-0.17611609399318695,0.30805453658103943,0.29795774817466736,0.5477597117424011,-0.44486257433891296,0.33265671133995056,-0.5284370183944702,-1.2143256664276123,0.41187819838523865,-0.38863837718963623,0.6105841398239136,"[0.6462799906730652, 0.04379034414887428, -0.12462823837995529, -0.5262929797172546, -0.3287331461906433, 0.08968275040388107, -0.01873617246747017, -0.0171285979449749, -0.999677836894989, 0.699999988079071, 0.0, 0.0, 0.048268694430589676, -0.17611609399318695, 0.30805453658103943, 0.29795774817466736, -3.5762786865234375e-07, -0.044862568378448486, -0.06734329462051392, -0.12843701243400574, -0.41432565450668335, -0.3881218135356903, 0.4113616347312927, -0.18941587209701538, -1.6892057657241821, 0.5955052375793457, 0.4001128375530243, 0.11873771250247955, -1.2755393981933594e-05, -0.533882737159729, 1.4673502445220947, -1.135320782661438, -3.5766866207122803, 3.230302333831787, -0.20397137105464935, 3.867619752883911, 0.37458065152168274, -0.4343222975730896, 0.2962069511413574, 0.49910932779312134, 2.0127930641174316, 0.5621811151504517, 0.19215479493141174, -0.5281236171722412, -1.3152135610580444, -1.1467572450637817, 1.5212485790252686, 0.0046037063002586365, 1.0, 1.0, 1.0, 0.0, 0.0, 1.0, 1.0, 1.0, 1.0, 1.0, 1.0, 1.0]"
233,0.0,0.0,0.0,5.9607009461615235e-05,0.0,443.640380859375,3.207309418939985e-05,0.0,238.71218872070312,0.0,0.0,0.0,0.6613262295722961,0.016729164868593216,-0.06747806817293167,0.017338227480649948,-0.1735631376504898,0.3096736669540405,0.29671746492385864,0.5477597117424011,-0.4448109567165375,0.35688161849975586,-0.5556904673576355,-1.2927565574645996,0.4528889060020447,-0.3867308795452118,0.6892179250717163,"[0.6613262295722961, 0.016729164868593216, -0.06747806817293167, -0.0279313325881958, -0.1933324784040451, 0.08598080277442932, -0.023838449269533157, -0.01336259301751852, -0.9996263980865479, 0.699999988079071, 0.0, 0.0, 0.017338227480649948, -0.1735631376504898, 0.3096736669540405, 0.29671746492385864, -3.5762786865234375e-07, -0.044810950756073, -0.04311838746070862, -0.15569046139717102, -0.49275654554367065, -0.3471111059188843, 0.41326913237571716, -0.11078208684921265, -1.3777179718017578, 0.017677858471870422, -0.041524410247802734, -0.11002468317747116, -1.5735626220703125e-05, 0.2181406170129776, 1.3089345693588257, -1.5226333141326904, -3.905017614364624, 1.5688625574111938, -0.1344749927520752, 4.293951511383057, 0.31745997071266174, -0.15970933437347412, 0.5553289651870728, 0.34929192066192627, 2.0539231300354004, 0.736025333404541, -0.010875999927520752, -0.9422816038131714, -1.4215294122695923, -1.1330618858337402, 1.3900009393692017, 0.25531959533691406, 1.0, 1.0, 1.0, 1.0, 0.0, 1.0, 1.0, 1.0, 1.0, 1.0, 1.0, 1.0]"
234,0.0,0.0,0.0,4.494818131206557e-05,0.0,334.538330078125,3.817236938630231e-05,0.0,284.10760498046875,0.0,0.0,0.0,0.6742666363716125,-0.027305450290441513,-0.03711201995611191,0.004511995706707239,-0.17130599915981293,0.3111729621887207,0.2957468330860138,0.5477597117424011,-0.43360596895217896,0.38004136085510254,-0.5909081697463989,-1.3592305183410645,0.4719561040401459,-0.3872974216938019,0.7613266110420227,"[0.6742666363716125, -0.027305450290441513, -0.03711201995611191, -0.2063526064157486, -0.08179701864719391, 0.051722798496484756, -0.025982627645134926, -0.011459299363195896, -0.9995967149734497, 0.699999988079071, 0.0, 0.0, 0.004511995706707239, -0.17130599915981293, 0.3111729621887207, 0.2957468330860138, -3.5762786865234375e-07, -0.03360596299171448, -0.01995864510536194, -0.19090816378593445, -0.5592305064201355, -0.3280439078807831, 0.4127025902271271, -0.03867340087890625, -0.15385916829109192, 0.257501482963562, 0.21836861968040466, 0.03760575130581856, -1.767277717590332e-05, 0.4955727458000183, 1.0803449153900146, -1.7858673334121704, -2.9163637161254883, 0.9723610281944275, 0.08787227421998978, 2.3715357780456543, 0.44633305072784424, -0.6990400552749634, 0.3599773943424225, 0.6206667423248291, 2.2827210426330566, 0.4315633475780487, -0.0083790123462677, -0.7312932014465332, -1.4386873245239258, -0.976704478263855, 1.6451562643051147, 0.03779902309179306, 1.0, 1.0, 1.0, 1.0, 0.0, 1.0, 1.0, 1.0, 1.0, 1.0, 1.0, 1.0]"
235,0.0,0.0,0.0,3.8800048059783876e-05,0.0,288.7792663574219,4.338574944995344e-05,0.0,322.9095458984375,0.0,0.0,0.0,0.6725548505783081,-0.049771178513765335,-0.0143805630505085,0.01366144884377718,-0.16435350477695465,0.3176574409008026,0.2993225157260895,0.5477596521377563,-0.4205460250377655,0.3946036696434021,-0.6261809468269348,-1.4055348634719849,0.4897492229938507,-0.3725976347923279,0.776767373085022,"[0.6725548505783081, -0.049771178513765335, -0.0143805630505085, -0.2797229588031769, -0.18000632524490356, 0.01307904813438654, -0.028791328892111778, -0.005386484321206808, -0.9995710253715515, 0.699999988079071, 0.0, 0.0, 0.01366144884377718, -0.16435350477695465, 0.3176574409008026, 0.2993225157260895, -4.172325134277344e-07, -0.020546019077301025, -0.005396336317062378, -0.22618094086647034, -0.6055348515510559, -0.31025078892707825, 0.4274023771286011, -0.023232638835906982, 0.6878575086593628, 0.32814180850982666, 0.31251218914985657, 0.2610037922859192, -1.862645149230957e-05, 0.6103662252426147, 0.694625198841095, -1.7279868125915527, -2.059185743331909, 1.0262962579727173, 0.8567653298377991, 0.08094223588705063, 0.5146836638450623, -0.6146597266197205, 0.25491783022880554, 0.7111802101135254, 2.3437657356262207, 0.5374819040298462, -0.0684782862663269, -0.7445693016052246, -1.4771372079849243, -1.1409116983413696, 1.6744410991668701, -0.10868612676858902, 1.0, 1.0, 1.0, 1.0, 0.0, 1.0, 1.0, 1.0, 1.0, 1.0, 1.0, 1.0]"
236,0.0,0.0,0.0,4.531624654191546e-05,0.0,337.2777404785156,4.382766201160848e-05,0.0,326.1985778808594,0.0,0.0,0.0,0.6860781311988831,-0.0691065788269043,0.02606295794248581,0.03314629942178726,-0.1606518179178238,0.3207993507385254,0.30722498893737793,0.5477596521377563,-0.4006686210632324,0.4036959111690521,-0.6576371192932129,-1.4387556314468384,0.4994438886642456,-0.34622183442115784,0.7593851089477539,"[0.6860781311988831, -0.0691065788269043, 0.02606295794248581, -0.001035835943184793, -0.22684228420257568, 0.003811929374933243, -0.03308260068297386, -0.003177839331328869, -0.9994475841522217, 0.699999988079071, 0.0, 0.0, 0.03314629942178726, -0.1606518179178238, 0.3207993507385254, 0.30722498893737793, -4.172325134277344e-07, -0.0006686151027679443, 0.0036959052085876465, -0.2576371133327484, -0.6387556195259094, -0.30055612325668335, 0.4537781774997711, -0.04061490297317505, 1.1419689655303955, 0.09128900617361069, 0.059401482343673706, 0.4860538840293884, -1.952052116394043e-05, 1.0534512996673584, 0.4567727744579315, -1.3956912755966187, -1.2626426219940186, 0.409252792596817, 1.3471094369888306, -1.5693495273590088, 0.633205235004425, -0.6808664798736572, 0.25632908940315247, 0.7042937278747559, 2.43735933303833, 0.6339786052703857, -0.16234233975410461, -0.6656721830368042, -1.421929955482483, -1.2047737836837769, 1.7839152812957764, -0.23782217502593994, 1.0, 1.0, 1.0, 1.0, 0.0, 1.0, 1.0, 1.0, 1.0, 1.0, 1.0, 1.0]"
237,0.0,0.0,0.0,4.612355405697599e-05,0.0,343.2863464355469,4.45817677245941e-05,0.0,331.81121826171875,0.0,0.0,0.0,0.7113239169120789,-0.09041706472635269,0.0781678557395935,0.06322204321622849,-0.16152754426002502,0.3189653158187866,0.3185775578022003,0.5477596521377563,-0.37014949321746826,0.4073161482810974,-0.6788265109062195,-1.4518154859542847,0.4931544363498688,-0.309338241815567,0.7187619805335999,"[0.7113239169120789, -0.09041706472635269, 0.0781678557395935, 0.25353676080703735, -0.237691730260849, -0.00571093475446105, -0.03774668648838997, -0.006536965258419514, -0.9992661476135254, 0.699999988079071, 0.0, 0.0, 0.06322204321622849, -0.16152754426002502, 0.3189653158187866, 0.3185775578022003, -4.172325134277344e-07, 0.029850512742996216, 0.007316142320632935, -0.278826504945755, -0.6518154740333557, -0.3068455755710602, 0.49066177010536194, -0.0812380313873291, 1.7084592580795288, -0.11531268060207367, -0.16673484444618225, 0.5784463286399841, -2.0235776901245117e-05, 1.5812162160873413, 0.1558540165424347, -0.7466448545455933, -0.233822762966156, -0.3984425663948059, 1.9169089794158936, -2.4801695346832275, 0.7204367518424988, -0.6609209179878235, 0.2768276035785675, 0.6601173877716064, 2.474184036254883, 0.6161528825759888, -0.3291640281677246, -0.49604806303977966, -1.3331007957458496, -1.3175963163375854, 1.8890630006790161, -0.3823480010032654, 1.0, 1.0, 1.0, 1.0, 0.0, 1.0, 1.0, 1.0, 1.0, 1.0, 1.0, 1.0]"
238,0.0,0.0,0.0,3.8823480281280354e-05,0.0,288.95367431640625,4.445036393008195e-05,0.0,330.8332214355469,0.0,0.0,0.0,0.7391654253005981,-0.103146031498909,0.12268605828285217,0.10484007000923157,-0.16548682749271393,0.3137594759464264,0.3265044689178467,0.5477596521377563,-0.329877108335495,0.4026564061641693,-0.6804274320602417,-1.4393888711929321,0.47235870361328125,-0.257036954164505,0.6579175591468811,"[0.7391654253005981, -0.103146031498909, 0.12268605828285217, 0.387440949678421, -0.2771795690059662, -0.02302994392812252, -0.042803287506103516, -0.01365668699145317, -0.9989900588989258, 0.699999988079071, 0.0, 0.0, 0.10484007000923157, -0.16548682749271393, 0.3137594759464264, 0.3265044689178467, -4.172325134277344e-07, 0.07012289762496948, 0.002656400203704834, -0.2804274260997772, -0.6393888592720032, -0.3276413083076477, 0.5429630279541016, -0.14208245277404785, 2.296368360519409, -0.22755111753940582, -0.288663774728775, 0.21324554085731506, -2.047419548034668e-05, 2.055917263031006, -0.3176564574241638, 0.47681307792663574, 1.4782625436782837, -1.0645498037338257, 2.823371171951294, -3.7731480598449707, 0.8183237910270691, -0.6811825633049011, 0.3289025127887726, 0.49020859599113464, 2.3843302726745605, 0.4808751046657562, -0.5684133768081665, -0.24142448604106903, -1.0996416807174683, -1.317804217338562, 2.001720666885376, -0.6738421320915222, 1.0, 1.0, 1.0, 1.0, 0.0, 1.0, 1.0, 1.0, 1.0, 1.0, 1.0, 1.0]"
239,0.0,0.0,0.0,1.0028661563410424e-05,0.0,74.640869140625,3.2972140616038814e-05,0.0,245.40357971191406,0.0,0.0,0.0,0.7480520009994507,-0.10002133250236511,0.10693882405757904,0.15723232924938202,-0.17043988406658173,0.30784347653388977,0.3210226595401764,0.5477596521377563,-0.2865530550479889,0.38552603125572205,-0.6513646841049194,-1.3796967267990112,0.4502297639846802,-0.18042157590389252,0.5706040263175964,"[0.7480520009994507, -0.10002133250236511, 0.10693882405757904, 0.2555866241455078, -0.42664435505867004, -0.04112944379448891, -0.049668435007333755, -0.021436505019664764, -0.9985355734825134, 0.699999988079071, 0.0, 0.0, 0.15723232924938202, -0.17043988406658173, 0.30784347653388977, 0.3210226595401764, -4.172325134277344e-07, 0.11344695091247559, -0.014473974704742432, -0.25136467814445496, -0.5796967148780823, -0.3497702479362488, 0.6195784211158752, -0.22939598560333252, 2.8762359619140625, -0.13308386504650116, -0.16650287806987762, -0.5458367466926575, -1.9550323486328125e-05, 2.0606582164764404, -1.0404835939407349, 2.218569755554199, 4.304380416870117, -0.7761068344116211, 4.3056745529174805, -5.10903263092041, 0.6016785502433777, -0.3732854425907135, 0.693130373954773, 0.25452592968940735, 1.8178542852401733, -0.3097476661205292, -0.7097584009170532, 0.4103192389011383, -0.5362022519111633, -0.8176801204681396, 1.4987685680389404, -1.080392599105835, 1.0, 1.0, 1.0, 1.0, 0.0, 1.0, 1.0, 1.0, 1.0, 1.0, 1.0, 1.0]"
240,0.0,0.0,0.0,0.0,0.0,0.0,0.0,0.0,0.0,7.294438546523452e-05,0.0,542.9071655273438,0.6989402174949646,-0.11365348100662231,-0.03859385475516319,0.2112700492143631,-0.17425422370433807,0.3077966570854187,0.3006361722946167,0.5477596521377563,-0.2686266601085663,0.36677804589271545,-0.5899032950401306,-1.2709178924560547,0.471362441778183,-0.19059281051158905,0.4745883047580719,"[0.6989402174949646, -0.11365348100662231, -0.03859385475516319, -0.0956335961818695, -0.22555357217788696, 0.004963218234479427, -0.057864438742399216, -0.02680506557226181, -0.9979646801948547, 0.699999988079071, 0.0, 0.0, 0.2112700492143631, -0.17425422370433807, 0.3077966570854187, 0.3006361722946167, -4.172325134277344e-07, 0.1313733458518982, -0.03322196006774902, -0.18990328907966614, -0.47091788053512573, -0.32863757014274597, 0.6094071865081787, -0.32541170716285706, 2.9520692825317383, 0.1861572563648224, 0.6644729375839233, 0.9179857969284058, -3.6656856536865234e-05, -0.37089803814888, -0.9069617390632629, 1.4360694885253906, 5.595340251922607, 3.0363545417785645, -5.581249713897705, -0.6121255159378052, 0.08453920483589172, 0.18723687529563904, 1.0939418077468872, -0.09923756122589111, 1.51423180103302, -0.8713232278823853, -0.36691462993621826, 0.6906081438064575, -0.1512347012758255, -0.03131089359521866, 0.3186684846878052, -0.9036610126495361, 1.0, 1.0, 1.0, 1.0, 0.0, 1.0, 1.0, 1.0, 1.0, 1.0, 1.0, 1.0]"
241,0.0,0.0,0.0,0.0,0.0,0.0,0.0,0.0,0.0,6.354594370350242e-05,0.0,472.9569396972656,0.6533607840538025,-0.09071538597345352,-0.06101210415363312,0.2589241862297058,-0.15721485018730164,0.3382999300956726,0.3169252574443817,0.5477597713470459,-0.3138495981693268,0.3325168490409851,-0.5796153545379639,-1.1575087308883667,0.5720543265342712,-0.2896272838115692,0.48822471499443054,"[0.6533607840538025, -0.09071538597345352, -0.06101210415363312, -0.619295597076416, 0.18867361545562744, 0.05308828130364418, -0.05701800063252449, -0.015067820437252522, -0.9982596039772034, 0.699999988079071, 0.0, 0.0, 0.2589241862297058, -0.15721485018730164, 0.3382999300956726, 0.3169252574443817, -2.980232238769531e-07, 0.0861504077911377, -0.06748315691947937, -0.1796153485774994, -0.35750871896743774, -0.22794568538665771, 0.5103727579116821, -0.3117752969264984, 1.5523492097854614, 0.9854857921600342, 1.6384438276290894, 0.7098821401596069, -1.710653305053711e-05, -3.0504496097564697, -1.9014943838119507, 0.804995059967041, 5.587496280670166, 4.917440891265869, -4.507226467132568, 0.027410492300987244, 0.08362790942192078, -0.2952507436275482, 0.463047057390213, -0.12413772940635681, 1.707807183265686, -0.5613212585449219, 0.011358529329299927, 0.9165523052215576, -0.1422644704580307, -0.03138092905282974, 0.2372473180294037, -1.0405714511871338, 1.0, 1.0, 1.0, 1.0, 0.0, 1.0, 1.0, 1.0, 1.0, 1.0, 1.0, 1.0]"
242,0.0,0.0,0.0,0.0,0.0,0.0,0.0,0.0,0.0,5.903171404497698e-05,0.0,439.3586120605469,0.6793184280395508,-0.01446125004440546,-0.05016905069351196,0.24707622826099396,-0.154078409075737,0.3513651192188263,0.31916919350624084,0.5477597713470459,-0.3848983943462372,0.30672863125801086,-0.5648834705352783,-1.069879412651062,0.6319990158081055,-0.4123125970363617,0.4839889109134674,"[0.6793184280395508, -0.01446125004440546, -0.05016905069351196, 0.32801470160484314, 0.5840649008750916, 0.17242883145809174, -0.04809962213039398, -0.014269808307290077, -0.9987409710884094, 0.699999988079071, 0.0, 0.0, 0.24707622826099396, -0.154078409075737, 0.3513651192188263, 0.31916919350624084, -2.980232238769531e-07, 0.015101611614227295, -0.09327137470245361, -0.16488346457481384, -0.26987940073013306, -0.1680009961128235, 0.38768741488456726, -0.31601110100746155, -1.7870893478393555, -0.3722643256187439, -0.12419259548187256, -0.293045312166214, -1.4573335647583008e-05, -3.6156723499298096, -1.1682558059692383, 0.6186209917068481, 3.3203704357147217, 1.426979660987854, -4.935256004333496, -0.24277545511722565, -0.00991266779601574, -0.15184476971626282, 0.3688150644302368, 0.12007865309715271, 1.5606452226638794, -0.4103199541568756, -0.11016541719436646, 0.8244431018829346, -0.2856159210205078, -0.40922996401786804, 0.6805946230888367, -0.9261876344680786, 1.0, 1.0, 1.0, 1.0, 0.0, 1.0, 1.0, 1.0, 1.0, 1.0, 1.0, 1.0]"
243,0.0,0.0,0.0,0.0,0.0,0.0,0.0,0.0,0.0,3.64508232451044e-05,0.0,271.2945556640625,0.7135235667228699,0.02875719778239727,-0.092772476375103,0.19262750446796417,-0.16549667716026306,0.3290950655937195,0.3094722330570221,0.5477597117424011,-0.4471740126609802,0.2771085798740387,-0.5522107481956482,-1.048182487487793,0.6023812890052795,-0.39855778217315674,0.47540977597236633,"[0.7135235667228699, 0.02875719778239727, -0.092772476375103, 0.585969865322113, 0.8351284861564636, 0.24130840599536896, -0.033367760479450226, -0.024621501564979553, -0.999139666557312, 0.699999988079071, 0.0, 0.0, 0.19262750446796417, -0.16549667716026306, 0.3290950655937195, 0.3094722330570221, -3.5762786865234375e-07, -0.04717400670051575, -0.12289142608642578, -0.15221074223518372, -0.248182475566864, -0.19761872291564941, 0.4014422297477722, -0.3245902359485626, -3.0603461265563965, -0.5716602206230164, -1.5793062448501587, -0.5913514494895935, -1.6868114471435547e-05, -2.5267162322998047, -1.6365865468978882, 0.5193498134613037, -0.5398029088973999, -3.667353391647339, 3.372307300567627, -0.3992902636528015, 0.06585937738418579, -0.38827452063560486, 0.22143830358982086, 0.09307107329368591, 1.7848773002624512, 0.3180076777935028, -0.28831905126571655, 0.18800514936447144, -0.7092475295066833, -0.9019476175308228, 1.5350148677825928, -0.8419586420059204, 1.0, 1.0, 1.0, 1.0, 0.0, 1.0, 1.0, 1.0, 1.0, 1.0, 1.0, 1.0]"
244,0.0,0.0,0.0,0.0,0.0,0.0,0.00018107616051565856,0.0,1347.7056884765625,2.674480811037938e-06,0.0,19.905508041381836,0.7594749331474304,0.02170591987669468,-0.08307870477437973,0.1296273171901703,-0.1747235804796219,0.3036116063594818,0.29955968260765076,0.5477597117424011,-0.4708416163921356,0.26015013456344604,-0.5448564887046814,-1.085574984550476,0.5023462176322937,-0.3462245762348175,0.4756178855895996,"[0.7594749331474304, 0.02170591987669468, -0.08307870477437973, -0.3097608685493469, 0.31588131189346313, 0.2613182067871094, -0.01770022325217724, -0.03519127890467644, -0.9992237091064453, 0.699999988079071, 0.0, 0.0, 0.1296273171901703, -0.1747235804796219, 0.3036116063594818, 0.29955968260765076, -3.5762786865234375e-07, -0.07084161043167114, -0.13984987139701843, -0.14485648274421692, -0.2855749726295471, -0.29765379428863525, 0.45377543568611145, -0.32438212633132935, -2.6092216968536377, 0.5668901205062866, 0.2742645740509033, 0.3337133526802063, -1.7464160919189453e-05, -0.1514340490102768, 2.8902881145477295, 0.8072534203529358, -2.0387890338897705, -4.884079456329346, -3.742063522338867, 0.1451793611049652, 0.2601425051689148, -0.7907561659812927, 0.33603689074516296, 0.31969067454338074, 1.8526824712753296, 0.4280218183994293, -0.49884840846061707, -0.7110469341278076, -0.9985063076019287, -1.135707139968872, 1.6106505393981934, -0.4445793330669403, 1.0, 1.0, 1.0, 1.0, 0.0, 1.0, 1.0, 1.0, 1.0, 1.0, 1.0, 1.0]"
245,0.0,0.0,0.0,0.0,0.0,0.0,5.132663864060305e-05,0.0,382.01165771484375,0.0,0.0,0.0,0.6951870322227478,0.06032360717654228,-0.13968020677566528,0.07887055724859238,-0.17344100773334503,0.31000643968582153,0.3002774715423584,0.5477597117424011,-0.4494559168815613,0.30728602409362793,-0.5436539053916931,-1.1579532623291016,0.39910075068473816,-0.3809308707714081,0.5426515936851501,"[0.6951870322227478, 0.06032360717654228, -0.13968020677566528, -0.4430912137031555, -0.25171294808387756, 0.06049266457557678, -0.019600629806518555, -0.026692988350987434, -0.9994516372680664, 0.699999988079071, 0.0, 0.0, 0.07887055724859238, -0.17344100773334503, 0.31000643968582153, 0.3002774715423584, -3.5762786865234375e-07, -0.0494559109210968, -0.09271398186683655, -0.14365389943122864, -0.3579532504081726, -0.4008992612361908, 0.4190691411495209, -0.2573484182357788, -2.3224551677703857, -0.3722209930419922, 0.3367108702659607, -0.12706445157527924, -1.7315149307250977e-05, 1.5467292070388794, 1.6790518760681152, -0.5099809169769287, -4.570163726806641, -4.625115871429443, -0.5594847202301025, 4.868624687194824, 0.47888877987861633, -0.5534255504608154, 0.2353740781545639, 0.46086132526397705, 1.9215972423553467, 0.34355440735816956, 0.16990184783935547, -0.4588925540447235, -1.338297963142395, -1.0630342960357666, 1.4448013305664062, -0.04281695932149887, 1.0, 1.0, 1.0, 1.0, 0.0, 1.0, 1.0, 1.0, 1.0, 1.0, 1.0, 1.0]"
246,0.0,0.0,0.0,6.10782444709912e-05,0.0,454.5904541015625,3.387469405424781e-05,0.0,252.12106323242188,0.0,0.0,0.0,0.6660217642784119,0.026639437302947044,-0.09093380719423294,0.04249611869454384,-0.1685941517353058,0.3142473101615906,0.2976071238517761,0.5477597117424011,-0.4484620988368988,0.3344617784023285,-0.5599942803382874,-1.2520041465759277,0.43836021423339844,-0.382050096988678,0.6280509233474731,"[0.6660217642784119, 0.026639437302947044, -0.09093380719423294, -0.1956568956375122, -0.2601303160190582, 0.0808572843670845, -0.02547379955649376, -0.019976966083049774, -0.9994763731956482, 0.699999988079071, 0.0, 0.0, 0.04249611869454384, -0.1685941517353058, 0.3142473101615906, 0.2976071238517761, -3.5762786865234375e-07, -0.048462092876434326, -0.06553822755813599, -0.15999427437782288, -0.4520041346549988, -0.3616397976875305, 0.417949914932251, -0.1719490885734558, -1.5512025356292725, 0.14550195634365082, 0.11780260503292084, -0.16914083063602448, -1.6689300537109375e-05, -0.05879975110292435, 1.3053807020187378, -0.8963107466697693, -4.490679740905762, 2.168485164642334, -0.010269178077578545, 3.781554937362671, 0.4050728380680084, -0.41943594813346863, 0.32177895307540894, 0.5181655883789062, 2.1261239051818848, 0.6237887144088745, 0.07089938223361969, -0.5806154012680054, -1.377937912940979, -1.2726480960845947, 1.6240370273590088, -0.013394869863986969, 1.0, 1.0, 1.0, 1.0, 0.0, 1.0, 1.0, 1.0, 1.0, 1.0, 1.0, 1.0]"
247,0.0,0.0,0.0,5.134139792062342e-05,0.0,382.1214294433594,3.721600296557881e-05,0.0,276.9895935058594,0.0,0.0,0.0,0.685250461101532,-0.0183635875582695,-0.025547754019498825,0.023022929206490517,-0.16703492403030396,0.31442010402679443,0.2964593470096588,0.5477597117424011,-0.43898555636405945,0.3574092984199524,-0.5779061913490295,-1.329552173614502,0.4625837504863739,-0.37940141558647156,0.6900604963302612,"[0.685250461101532, -0.0183635875582695, -0.025547754019498825, -0.06263041496276855, -0.14131733775138855, 0.08144786208868027, -0.029007023200392723, -0.018611673265695572, -0.9994059205055237, 0.699999988079071, 0.0, 0.0, 0.023022929206490517, -0.16703492403030396, 0.31442010402679443, 0.2964593470096588, -3.5762786865234375e-07, -0.03898555040359497, -0.042590707540512085, -0.17790618538856506, -0.529552161693573, -0.33741626143455505, 0.4205985963344574, -0.10993951559066772, -0.5706318616867065, 0.11556878685951233, 0.05183732882142067, 0.07266144454479218, -1.6957521438598633e-05, 0.58378005027771, 1.0803735256195068, -0.8678233623504639, -3.454808473587036, 0.9515761733055115, 0.2321273684501648, 2.427741527557373, 0.4599559009075165, -0.5695959329605103, 0.45823559165000916, 0.5293340682983398, 2.257887840270996, 0.45654985308647156, 0.026448547840118408, -0.7659814357757568, -1.4413089752197266, -1.0139137506484985, 1.5928065776824951, -0.07482562214136124, 1.0, 1.0, 1.0, 1.0, 0.0, 1.0, 1.0, 1.0, 1.0, 1.0, 1.0, 1.0]"
248,0.0,0.0,0.0,3.849868880934082e-05,0.0,286.53631591796875,3.978124004788697e-05,0.0,296.08203125,0.0,0.0,0.0,0.6819669604301453,-0.049671828746795654,-0.00693853385746479,0.02572106011211872,-0.16251136362552643,0.31756511330604553,0.30152595043182373,0.5477596521377563,-0.42404964566230774,0.37328487634658813,-0.5970827341079712,-1.3821195363998413,0.4782620072364807,-0.3651348948478699,0.7161346673965454,"[0.6819669604301453, -0.049671828746795654, -0.00693853385746479, -0.18662799894809723, -0.19667626917362213, 0.039332225918769836, -0.032375745475292206, -0.01533517800271511, -0.999358057975769, 0.699999988079071, 0.0, 0.0, 0.02572106011211872, -0.16251136362552643, 0.31756511330604553, 0.30152595043182373, -4.172325134277344e-07, -0.02404963970184326, -0.026715129613876343, -0.1970827281475067, -0.5821195244789124, -0.32173800468444824, 0.4348651170730591, -0.08386534452438354, 0.45755672454833984, 0.2561834752559662, 0.2216711938381195, 0.31323710083961487, -1.800060272216797e-05, 0.6705423593521118, 0.7297273278236389, -1.033874273300171, -2.189549446105957, 0.9433159232139587, 0.8964958786964417, 0.7756024599075317, 0.4873946011066437, -0.5314367413520813, 0.36443111300468445, 0.5786322355270386, 2.322871685028076, 0.45142504572868347, -0.009908527135848999, -0.6686499118804932, -1.4515262842178345, -1.1573278903961182, 1.677713394165039, -0.1203947439789772, 1.0, 1.0, 1.0, 1.0, 0.0, 1.0, 1.0, 1.0, 1.0, 1.0, 1.0, 1.0]"
249,0.0,0.0,0.0,4.2672738345572725e-05,0.0,317.602783203125,4.13589077652432e-05,0.0,307.8242492675781,0.0,0.0,0.0,0.6845950484275818,-0.06725918501615524,0.01599925570189953,0.04077975079417229,-0.15922342240810394,0.31997621059417725,0.3060675263404846,0.5477596521377563,-0.4054683446884155,0.38354068994522095,-0.6188151836395264,-1.416904091835022,0.49085551500320435,-0.3394755423069,0.7184965014457703,"[0.6845950484275818, -0.06725918501615524, 0.01599925570189953, -0.0027046657633036375, -0.26287758350372314, 0.009151496924459934, -0.03720240294933319, -0.013599620200693607, -0.9992151856422424, 0.699999988079071, 0.0, 0.0, 0.04077975079417229, -0.15922342240810394, 0.31997621059417725, 0.3060675263404846, -4.172325134277344e-07, -0.00546833872795105, -0.01645931601524353, -0.2188151776790619, -0.616904079914093, -0.3091444969177246, 0.46052446961402893, -0.08150351047515869, 0.883776843547821, 0.09037968516349792, 0.07427184283733368, 0.15349982678890228, -1.919269561767578e-05, 0.9632970094680786, 0.5093528032302856, -1.02174711227417, -1.429174780845642, 0.6040582060813904, 1.3485567569732666, -0.5061810612678528, 0.5726338624954224, -0.5856106281280518, 0.3490753471851349, 0.5639083385467529, 2.4103474617004395, 0.5245802402496338, -0.11356303095817566, -0.6458415985107422, -1.419136643409729, -1.2051949501037598, 1.7658170461654663, -0.24514800310134888, 1.0, 1.0, 1.0, 1.0, 0.0, 1.0, 1.0, 1.0, 1.0, 1.0, 1.0, 1.0]"
250,0.0,0.0,0.0,4.443978832568973e-05,0.0,330.75445556640625,4.188558887108229e-05,0.0,311.74420166015625,0.0,0.0,0.0,0.6995230913162231,-0.08663583546876907,0.05569366738200188,0.06372275948524475,-0.1601012647151947,0.31827685236930847,0.3066299259662628,0.5477596521377563,-0.3786114752292633,0.3888216018676758,-0.6355888247489929,-1.4356310367584229,0.49168482422828674,-0.30414944887161255,0.6957935690879822,"[0.6995230913162231, -0.08663583546876907, 0.05569366738200188, 0.22683005034923553, -0.28549110889434814, -0.007104331627488136, -0.04272624850273132, -0.016659049317240715, -0.998948335647583, 0.699999988079071, 0.0, 0.0, 0.06372275948524475, -0.1601012647151947, 0.31827685236930847, 0.3066299259662628, -4.172325134277344e-07, 0.021388530731201172, -0.011178404092788696, -0.23558881878852844, -0.6356310248374939, -0.3083151876926422, 0.4958505630493164, -0.10420644283294678, 1.3194350004196167, -0.10344292223453522, -0.1229613721370697, -0.022643204778432846, -1.9997358322143555e-05, 1.3931348323822021, 0.23194947838783264, -0.6357448101043701, -0.5361114740371704, -0.03135700523853302, 1.8636338710784912, -1.6223353147506714, 0.6521995663642883, -0.5981915593147278, 0.31836485862731934, 0.5626381635665894, 2.44635009765625, 0.5310064554214478, -0.2455160915851593, -0.48661842942237854, -1.3320943117141724, -1.2695966958999634, 1.861641526222229, -0.3736764192581177, 1.0, 1.0, 1.0, 1.0, 0.0, 1.0, 1.0, 1.0, 1.0, 1.0, 1.0, 1.0]"
251,0.0,0.0,0.0,3.9081376598915085e-05,0.0,290.87310791015625,4.151884058956057e-05,0.0,309.0146179199219,0.0,0.0,0.0,0.7196681499481201,-0.10395855456590652,0.09237503260374069,0.0970415249466896,-0.16345509886741638,0.3138831555843353,0.30382367968559265,0.5477595925331116,-0.3436107933521271,0.38656434416770935,-0.6385629177093506,-1.4309241771697998,0.4805658757686615,-0.2549218535423279,0.6495541334152222,"[0.7196681499481201, -0.10395855456590652, 0.09237503260374069, 0.3417913615703583, -0.3197188377380371, -0.017082765698432922, -0.048701927065849304, -0.022904014214873314, -0.9985506534576416, 0.699999988079071, 0.0, 0.0, 0.0970415249466896, -0.16345509886741638, 0.3138831555843353, 0.30382367968559265, -4.76837158203125e-07, 0.0563892126083374, -0.013435661792755127, -0.2385629117488861, -0.6309241652488708, -0.31943413615226746, 0.5450781583786011, -0.1504458785057068, 1.8689634799957275, -0.18900446593761444, -0.22137024998664856, -0.24141591787338257, -2.014636993408203e-05, 1.7800068855285645, -0.2050481140613556, 0.27924734354019165, 0.9916743040084839, -0.5701435804367065, 2.6821672916412354, -3.041999101638794, 0.7343387007713318, -0.6560910940170288, 0.34229323267936707, 0.45504483580589294, 2.404740333557129, 0.4422890841960907, -0.4760057032108307, -0.2720349133014679, -1.128135323524475, -1.2740371227264404, 1.9906260967254639, -0.6051319241523743, 1.0, 1.0, 1.0, 1.0, 0.0, 1.0, 1.0, 1.0, 1.0, 1.0, 1.0, 1.0]"
252,0.0,0.0,0.0,1.8333555999561213e-05,0.0,136.45217895507812,3.578423275030218e-05,0.0,266.3332824707031,0.0,0.0,0.0,0.728644609451294,-0.10854672640562057,0.09007466584444046,0.14040115475654602,-0.1678159385919571,0.30855506658554077,0.29280415177345276,0.5477596521377563,-0.30498966574668884,0.3729219436645508,-0.6169734001159668,-1.382871150970459,0.4666973948478699,-0.1836792528629303,0.574796736240387,"[0.728644609451294, -0.10854672640562057, 0.09007466584444046, 0.2805258631706238, -0.4481029808521271, -0.031082317233085632, -0.056246317923069, -0.03021389991044998, -0.9979594945907593, 0.699999988079071, 0.0, 0.0, 0.14040115475654602, -0.1678159385919571, 0.30855506658554077, 0.29280415177345276, -4.172325134277344e-07, 0.09501034021377563, -0.027078062295913696, -0.21697339415550232, -0.58287113904953, -0.3333026170730591, 0.6163207292556763, -0.225203275680542, 2.4024360179901123, -0.14430876076221466, -0.17014969885349274, -0.7443273663520813, -1.9758939743041992e-05, 1.8606585264205933, -0.8968757390975952, 1.7530103921890259, 3.6953632831573486, -0.44506600499153137, 4.034707069396973, -4.65695858001709, 0.644016444683075, -0.49297234416007996, 0.5804567337036133, 0.24201461672782898, 1.989590048789978, -0.08980146050453186, -0.6922299861907959, 0.250340074300766, -0.6351496577262878, -0.9307852983474731, 1.7336387634277344, -1.0138999223709106, 1.0, 1.0, 1.0, 1.0, 0.0, 1.0, 1.0, 1.0, 1.0, 1.0, 1.0, 1.0]"
253,0.0,0.0,0.0,0.0,0.0,0.0,0.0,0.0,0.0,3.320498944958672e-05,0.0,247.13661193847656,0.6968196034431458,-0.11215824633836746,0.02401042729616165,0.19707386195659637,-0.166327103972435,0.3132275938987732,0.2880392372608185,0.5477597117424011,-0.28235143423080444,0.3501463234424591,-0.5836458206176758,-1.2863843441009521,0.47290584444999695,-0.14744342863559723,0.5377715826034546,"[0.6968196034431458, -0.11215824633836746, 0.02401042729616165, -0.41007015109062195, -0.12585584819316864, -0.04598039761185646, -0.06305535137653351, -0.029114937409758568, -0.9975851774215698, 0.699999988079071, 0.0, 0.0, 0.19707386195659637, -0.166327103972435, 0.3132275938987732, 0.2880392372608185, -3.5762786865234375e-07, 0.11764857172966003, -0.04985368251800537, -0.1836458146572113, -0.4863843321800232, -0.327094167470932, 0.6525565981864929, -0.26222842931747437, 3.138235330581665, 0.2919096052646637, 0.7253324389457703, 0.5210356116294861, -2.047419548034668e-05, 0.2514936625957489, -0.989552915096283, 1.0509377717971802, 5.165824890136719, 1.2295562028884888, -3.1258444786071777, 0.2523597478866577, 0.15033408999443054, 0.11648430675268173, 0.8623116612434387, -0.027601629495620728, 1.6045901775360107, -0.8037234544754028, -0.41776713728904724, 0.7361893653869629, -0.15135715901851654, -0.115042544901371, 0.6283086538314819, -1.007751226425171, 1.0, 1.0, 1.0, 1.0, 0.0, 1.0, 1.0, 1.0, 1.0, 1.0, 1.0, 1.0]"
254,0.0,0.0,0.0,0.0,0.0,0.0,0.0,0.0,0.0,5.7395391195314005e-05,0.0,427.17987060546875,0.6646255254745483,-0.08313784003257751,-0.0010888143442571163,0.24615052342414856,-0.15484696626663208,0.3356756567955017,0.3036869466304779,0.5477597713470459,-0.31688156723976135,0.3206571042537689,-0.558108925819397,-1.171954870223999,0.563183605670929,-0.24216900765895844,0.5251431465148926,"[0.6646255254745483, -0.08313784003257751, -0.0010888143442571163, -0.72479647397995, 0.3202192485332489, 0.04439369589090347, -0.05961676314473152, -0.014948434196412563, -0.9981094598770142, 0.699999988079071, 0.0, 0.0, 0.24615052342414856, -0.15484696626663208, 0.3356756567955017, 0.3036869466304779, -2.980232238769531e-07, 0.08311843872070312, -0.07934290170669556, -0.1581089198589325, -0.37195485830307007, -0.23681640625, 0.5578309893608093, -0.2748568654060364, 1.6642906665802002, 0.6299777030944824, 1.0988099575042725, 0.7473074793815613, -1.5139579772949219e-05, -2.651792049407959, -1.7710257768630981, 1.3435101509094238, 5.794562816619873, 5.285701751708984, -4.024689197540283, -1.0465593338012695, 0.059808701276779175, -0.20782724022865295, 0.5304275751113892, -0.0695115327835083, 1.6254984140396118, -0.6544176340103149, -0.017411142587661743, 0.8331354856491089, -0.17108042538166046, -0.011105038225650787, 0.1995747685432434, -0.9510713219642639, 1.0, 1.0, 1.0, 1.0, 0.0, 1.0, 1.0, 1.0, 1.0, 1.0, 1.0, 1.0]"
255,0.0,0.0,0.0,0.0,0.0,0.0,0.0,0.0,0.0,4.729324791696854e-05,0.0,351.9920959472656,0.686424732208252,-0.02260228991508484,-0.02748231403529644,0.23838494718074799,-0.15317068994045258,0.34173113107681274,0.30853044986724854,0.5477597117424011,-0.38286975026130676,0.2993229627609253,-0.5341073870658875,-1.0801552534103394,0.6338564157485962,-0.36784711480140686,0.5041800141334534,"[0.686424732208252, -0.02260228991508484, -0.02748231403529644, 0.11310283094644547, 0.6346049904823303, 0.18858729302883148, -0.04931332543492317, -0.010995137505233288, -0.9987231492996216, 0.699999988079071, 0.0, 0.0, 0.23838494718074799, -0.15317068994045258, 0.34173113107681274, 0.30853044986724854, -3.5762786865234375e-07, 0.017130255699157715, -0.10067704319953918, -0.13410738110542297, -0.2801552414894104, -0.16614359617233276, 0.4321528971195221, -0.2958199977874756, -1.5102847814559937, -0.2525784969329834, -0.2491646111011505, 0.031142249703407288, -1.1563301086425781e-05, -3.4953696727752686, -0.7633887529373169, 1.0126523971557617, 3.6041243076324463, 2.0367014408111572, -6.402556896209717, -0.865783154964447, -0.0781068205833435, -0.1695241928100586, 0.429175466299057, 0.07286599278450012, 1.5826822519302368, -0.5173193216323853, -0.10536304116249084, 0.792391300201416, -0.2392851561307907, -0.3271251618862152, 0.6172504425048828, -1.0735543966293335, 1.0, 1.0, 1.0, 1.0, 0.0, 1.0, 1.0, 1.0, 1.0, 1.0, 1.0, 1.0]"
256,0.0,0.0,0.0,0.0,0.0,0.0,0.0,0.0,0.0,3.453430690569803e-05,0.0,257.0303955078125,0.7159778475761414,0.022284459322690964,-0.06808222085237503,0.18750078976154327,-0.1621459722518921,0.320675790309906,0.30308446288108826,0.5477596521377563,-0.4481053054332733,0.2769874632358551,-0.5126563310623169,-1.0484029054641724,0.6173220872879028,-0.38376203179359436,0.47978848218917847,"[0.7159778475761414, 0.022284459322690964, -0.06808222085237503, 0.38786202669143677, 0.8994343876838684, 0.2543036937713623, -0.03349077329039574, -0.016860466450452805, -0.9992968440055847, 0.699999988079071, 0.0, 0.0, 0.18750078976154327, -0.1621459722518921, 0.320675790309906, 0.30308446288108826, -4.172325134277344e-07, -0.04810529947280884, -0.12301254272460938, -0.11265632510185242, -0.2484028935432434, -0.18267792463302612, 0.4162379801273346, -0.3202115297317505, -2.98073673248291, -0.5080108046531677, -1.5110901594161987, -0.33517149090766907, -1.4483928680419922e-05, -2.7826106548309326, -1.3673248291015625, 1.0047574043273926, -0.026715457439422607, -3.2910470962524414, 2.4611780643463135, -1.268996238708496, 0.09252458810806274, -0.3675568103790283, 0.1405147761106491, 0.04730156064033508, 1.7725642919540405, 0.21023550629615784, -0.24367931485176086, 0.26955920457839966, -0.6623040437698364, -0.8877542018890381, 1.4475529193878174, -0.9077818393707275, 1.0, 1.0, 1.0, 1.0, 0.0, 1.0, 1.0, 1.0, 1.0, 1.0, 1.0, 1.0]"
257,0.0,0.0,0.0,0.0,0.0,0.0,0.00018350423488300294,0.0,1365.7772216796875,0.0,0.0,0.0,0.7641940116882324,0.02006254345178604,-0.07813144475221634,0.1227005124092102,-0.1752096563577652,0.2860507071018219,0.29243549704551697,0.5477597117424011,-0.47880125045776367,0.26212185621261597,-0.4976922869682312,-1.0800400972366333,0.5187216401100159,-0.33236709237098694,0.46657928824424744,"[0.7641940116882324, 0.02006254345178604, -0.07813144475221634, -0.25936129689216614, 0.47235676646232605, 0.24907156825065613, -0.015343494713306427, -0.02690846659243107, -0.999520480632782, 0.699999988079071, 0.0, 0.0, 0.1227005124092102, -0.1752096563577652, 0.2860507071018219, 0.29243549704551697, -3.5762786865234375e-07, -0.0788012444972992, -0.1378781497478485, -0.09769228100776672, -0.28004008531570435, -0.2812783718109131, 0.467632919549942, -0.3334207236766815, -2.6694889068603516, 0.29549312591552734, 0.4632055163383484, 0.169660747051239, -1.4394521713256836e-05, -0.530232310295105, 2.8757801055908203, 1.0180987119674683, -1.7399464845657349, -4.7913079261779785, -3.383469820022583, 0.1465093195438385, 0.22502225637435913, -0.8202472925186157, 0.312505841255188, 0.35785457491874695, 1.841087818145752, 0.41451868414878845, -0.45613715052604675, -0.842719554901123, -0.9767842292785645, -1.085315465927124, 1.6353380680084229, -0.40580010414123535, 1.0, 1.0, 1.0, 1.0, 0.0, 1.0, 1.0, 1.0, 1.0, 1.0, 1.0, 1.0]"
258,0.0,0.0,0.0,0.0,0.0,0.0,5.006149149267003e-05,0.0,372.5954895019531,0.0,0.0,0.0,0.7012507319450378,0.05834001302719116,-0.14239373803138733,0.07291622459888458,-0.1778603047132492,0.2935769557952881,0.2936003506183624,0.5477597117424011,-0.464334100484848,0.3162493109703064,-0.49826255440711975,-1.1501206159591675,0.4169532060623169,-0.3816322386264801,0.5456165671348572,"[0.7012507319450378, 0.05834001302719116, -0.14239373803138733, -0.4229643642902374, -0.039177775382995605, 0.058371588587760925, -0.01336853951215744, -0.018783245235681534, -0.9997342228889465, 0.699999988079071, 0.0, 0.0, 0.07291622459888458, -0.1778603047132492, 0.2935769557952881, 0.2936003506183624, -3.5762786865234375e-07, -0.06433409452438354, -0.08375069499015808, -0.09826254844665527, -0.3501206040382385, -0.38304680585861206, 0.41836777329444885, -0.2543834447860718, -2.2589824199676514, -0.5687351226806641, 0.36066439747810364, -0.02013556659221649, -1.7344951629638672e-05, 1.2398957014083862, 1.8303176164627075, -0.7367922067642212, -4.59309720993042, -4.621118068695068, -1.2136993408203125, 5.382917881011963, 0.4456702470779419, -0.6258580684661865, 0.15716330707073212, 0.5213954448699951, 1.8857539892196655, 0.326060026884079, 0.13415205478668213, -0.48602309823036194, -1.3171138763427734, -1.0080480575561523, 1.4620335102081299, -0.012489892542362213, 1.0, 1.0, 1.0, 1.0, 0.0, 1.0, 1.0, 1.0, 1.0, 1.0, 1.0, 1.0]"
259,0.0,0.0,0.0,3.612864384194836e-05,0.0,268.89666748046875,5.358469934435561e-05,0.0,398.81781005859375,0.0,0.0,0.0,0.660540759563446,0.035121310502290726,-0.10963255167007446,0.04247567802667618,-0.17556728422641754,0.3033600449562073,0.29897791147232056,0.5477597713470459,-0.4539658725261688,0.3446197211742401,-0.5213881731033325,-1.2443751096725464,0.42689916491508484,-0.3878251314163208,0.6382421851158142,"[0.660540759563446, 0.035121310502290726, -0.10963255167007446, -0.3809472620487213, -0.19237381219863892, 0.09258914738893509, -0.017499342560768127, -0.006904201116412878, -0.9998230934143066, 0.699999988079071, 0.0, 0.0, 0.04247567802667618, -0.17556728422641754, 0.3033600449562073, 0.29897791147232056, -2.980232238769531e-07, -0.053965866565704346, -0.055380284786224365, -0.12138816714286804, -0.44437509775161743, -0.3731008470058441, 0.41217488050460815, -0.16175782680511475, -1.5040544271469116, 0.30044806003570557, 0.3063925504684448, 0.24408259987831116, -1.4156103134155273e-05, -0.38845327496528625, 1.5683685541152954, -1.3236929178237915, -4.647337436676025, 2.537567138671875, -0.5473019480705261, 4.0100321769714355, 0.34899142384529114, -0.47497767210006714, 0.2535179853439331, 0.5774284601211548, 2.0684316158294678, 0.5602332353591919, 0.04385825991630554, -0.6608085632324219, -1.405998706817627, -1.1484293937683105, 1.584550380706787, 0.03327231854200363, 1.0, 1.0, 1.0, 1.0, 0.0, 1.0, 1.0, 1.0, 1.0, 1.0, 1.0, 1.0]"
260,0.0,0.0,0.0,4.8901223635766655e-05,0.0,363.9598693847656,4.0213366446550936e-05,0.0,299.2982482910156,0.0,0.0,0.0,0.6717355251312256,0.0038098380900919437,-0.046183519065380096,0.018472474068403244,-0.1731756627559662,0.3046482503414154,0.30424317717552185,0.5477596521377563,-0.44842734932899475,0.36989825963974,-0.5516583919525146,-1.3280538320541382,0.4557974338531494,-0.39072635769844055,0.7066736221313477,"[0.6717355251312256, 0.0038098380900919437, -0.046183519065380096, -0.10649356245994568, -0.12453605234622955, 0.08895525336265564, -0.020327020436525345, -0.004108132794499397, -0.9997848272323608, 0.699999988079071, 0.0, 0.0, 0.018472474068403244, -0.1731756627559662, 0.3046482503414154, 0.30424317717552185, -4.172325134277344e-07, -0.04842734336853027, -0.030101746320724487, -0.15165838599205017, -0.5280538201332092, -0.34420257806777954, 0.4092736542224884, -0.0933263897895813, -0.8755249381065369, 0.13159577548503876, 0.07649526000022888, 0.3901391327381134, -1.817941665649414e-05, 0.38752281665802, 1.1988341808319092, -1.5655725002288818, -3.8363871574401855, 1.1877058744430542, -0.02919136732816696, 2.7484869956970215, 0.4602053463459015, -0.616467297077179, 0.409301221370697, 0.609865665435791, 2.23335599899292, 0.4980778396129608, 0.05786117911338806, -0.8092995882034302, -1.4833024740219116, -0.9335134625434875, 1.5689256191253662, -0.009240008890628815, 1.0, 1.0, 1.0, 1.0, 0.0, 1.0, 1.0, 1.0, 1.0, 1.0, 1.0, 1.0]"
261,0.0,0.0,0.0,3.813502553384751e-05,0.0,283.82965087890625,3.961711627198383e-05,0.0,294.8605041503906,0.0,0.0,0.0,0.6689614057540894,-0.025445811450481415,-0.02880428545176983,0.01706351339817047,-0.16809235513210297,0.30862632393836975,0.31724607944488525,0.5477597117424011,-0.4381859302520752,0.3872179090976715,-0.5855947732925415,-1.387793779373169,0.47815996408462524,-0.3798149824142456,0.7367186546325684,"[0.6689614057540894, -0.025445811450481415, -0.02880428545176983, -0.272893488407135, -0.18829549849033356, 0.04235139489173889, -0.023493800312280655, 0.0005687701050192118, -0.9997239112854004, 0.699999988079071, 0.0, 0.0, 0.01706351339817047, -0.16809235513210297, 0.30862632393836975, 0.31724607944488525, -3.5762786865234375e-07, -0.03818592429161072, -0.012782096862792969, -0.18559476733207703, -0.58779376745224, -0.3218400478363037, 0.42018502950668335, -0.0632813572883606, 0.3322862982749939, 0.30889376997947693, 0.2801044285297394, 0.755847156047821, -2.014636993408203e-05, 0.43025270104408264, 0.7823889255523682, -1.776668906211853, -2.4517388343811035, 1.2609307765960693, 0.7539864182472229, 0.9209141731262207, 0.489805668592453, -0.5691589713096619, 0.3357279300689697, 0.6601356267929077, 2.3133339881896973, 0.5064709186553955, 0.001274794340133667, -0.7173173427581787, -1.4819611310958862, -1.1076312065124512, 1.6566920280456543, -0.061360813677310944, 1.0, 1.0, 1.0, 1.0, 0.0, 1.0, 1.0, 1.0, 1.0, 1.0, 1.0, 1.0]"
262,0.0,0.0,0.0,4.4176333176437765e-05,0.0,328.79364013671875,4.163437188253738e-05,0.0,309.87445068359375,0.0,0.0,0.0,0.6785764098167419,-0.040595587342977524,0.0023157307878136635,0.030792048200964928,-0.1643681526184082,0.31177377700805664,0.3306022584438324,0.5477596521377563,-0.4235748052597046,0.3988575041294098,-0.6214174628257751,-1.424277901649475,0.4965398907661438,-0.3572714626789093,0.7413691282272339,"[0.6785764098167419, -0.040595587342977524, 0.0023157307878136635, -0.04629187658429146, -0.24715492129325867, 0.008805971592664719, -0.028085900470614433, 0.0036486436147242785, -0.9995985627174377, 0.699999988079071, 0.0, 0.0, 0.030792048200964928, -0.1643681526184082, 0.31177377700805664, 0.3306022584438324, -4.172325134277344e-07, -0.023574799299240112, -0.0011425018310546875, -0.22141745686531067, -0.6242778897285461, -0.30346012115478516, 0.44272854924201965, -0.05863088369369507, 0.8317645192146301, 0.09930621087551117, 0.09078735113143921, 0.5717020034790039, -2.09808349609375e-05, 0.8109248876571655, 0.582389235496521, -1.6963671445846558, -1.4299157857894897, 0.7898851633071899, 1.174575924873352, -0.41013792157173157, 0.5794596672058105, -0.6020247340202332, 0.31537142395973206, 0.6498371362686157, 2.38619327545166, 0.6119723320007324, -0.08518990874290466, -0.7046627998352051, -1.4372164011001587, -1.1686253547668457, 1.7376346588134766, -0.18664535880088806, 1.0, 1.0, 1.0, 1.0, 0.0, 1.0, 1.0, 1.0, 1.0, 1.0, 1.0, 1.0]"
263,0.0,0.0,0.0,4.6324053982971236e-05,0.0,344.7785949707031,4.236440872773528e-05,0.0,315.3079528808594,0.0,0.0,0.0,0.701597273349762,-0.05718459561467171,0.0539601668715477,0.05289752408862114,-0.16601020097732544,0.3095312714576721,0.3386097550392151,0.5477596521377563,-0.39842814207077026,0.40598833560943604,-0.6505323052406311,-1.4423505067825317,0.4994747042655945,-0.32587704062461853,0.7204638123512268,"[0.701597273349762, -0.05718459561467171, 0.0539601668715477, 0.2409062385559082, -0.25400838255882263, -0.008252779021859169, -0.033130258321762085, 0.0006944816559553146, -0.9994509816169739, 0.699999988079071, 0.0, 0.0, 0.05289752408862114, -0.16601020097732544, 0.3095312714576721, 0.3386097550392151, -4.172325134277344e-07, 0.0015718638896942139, 0.005988329648971558, -0.2505322992801666, -0.6423504948616028, -0.3005253076553345, 0.4741229712963104, -0.07953619956970215, 1.2905958890914917, -0.14985941350460052, -0.16523055732250214, 0.3308078348636627, -2.1576881408691406e-05, 1.356064796447754, 0.32823318243026733, -1.2305186986923218, -0.5487743616104126, -0.043554194271564484, 1.6424822807312012, -1.4949297904968262, 0.6677566170692444, -0.6093441843986511, 0.28231504559516907, 0.6617926359176636, 2.436241626739502, 0.6330974102020264, -0.21129104495048523, -0.5744588375091553, -1.3660560846328735, -1.2742371559143066, 1.8232808113098145, -0.30565977096557617, 1.0, 1.0, 1.0, 1.0, 0.0, 1.0, 1.0, 1.0, 1.0, 1.0, 1.0, 1.0]"
264,0.0,0.0,0.0,4.278607593732886e-05,0.0,318.4462890625,4.2362302338005975e-05,0.0,315.2922668457031,0.0,0.0,0.0,0.7300739884376526,-0.07304444164037704,0.10561475157737732,0.08631016314029694,-0.17081737518310547,0.3037494719028473,0.342794805765152,0.5477596521377563,-0.36274632811546326,0.40605488419532776,-0.6652514338493347,-1.4423919916152954,0.4860215187072754,-0.2818276882171631,0.6784593462944031,"[0.7300739884376526, -0.07304444164037704, 0.10561475157737732, 0.3943764865398407, -0.25555434823036194, -0.017241960391402245, -0.03813721984624863, -0.006249257829040289, -0.9992527961730957, 0.699999988079071, 0.0, 0.0, 0.08631016314029694, -0.17081737518310547, 0.3037494719028473, 0.342794805765152, -4.172325134277344e-07, 0.03725367784500122, 0.006054878234863281, -0.26525142788887024, -0.6423919796943665, -0.31397849321365356, 0.5181723237037659, -0.12154066562652588, 1.8875924348831177, -0.2701660990715027, -0.3023425340652466, 0.11593884229660034, -2.2351741790771484e-05, 1.8677747249603271, -0.07575355470180511, -0.3343833088874817, 0.4940020740032196, -0.8259676694869995, 2.365406036376953, -2.686931610107422, 0.7642832398414612, -0.6678137183189392, 0.28456589579582214, 0.5905032157897949, 2.44887638092041, 0.5909407138824463, -0.40734702348709106, -0.41874900460243225, -1.2373744249343872, -1.356379747390747, 1.9386273622512817, -0.4902278482913971, 1.0, 1.0, 1.0, 1.0, 0.0, 1.0, 1.0, 1.0, 1.0, 1.0, 1.0, 1.0]"
265,0.0,0.0,0.0,3.093083796557039e-05,0.0,230.21066284179688,3.98965239583049e-05,0.0,296.9400634765625,0.0,0.0,0.0,0.7534839510917664,-0.07787197083234787,0.13632932305335999,0.13063862919807434,-0.1776410937309265,0.2957395911216736,0.339251309633255,0.5477597117424011,-0.3189479112625122,0.3960670232772827,-0.6574159264564514,-1.412566065788269,0.46081802248954773,-0.21925827860832214,0.6123855710029602,"[0.7534839510917664, -0.07787197083234787, 0.13632932305335999, 0.44951656460762024, -0.3118842542171478, -0.03342868387699127, -0.04368163272738457, -0.015576278790831566, -0.9989240765571594, 0.699999988079071, 0.0, 0.0, 0.13063862919807434, -0.1776410937309265, 0.2957395911216736, 0.339251309633255, -3.5762786865234375e-07, 0.08105209469795227, -0.003932982683181763, -0.25741592049598694, -0.6125660538673401, -0.3391819894313812, 0.5807417631149292, -0.18761444091796875, 2.4503371715545654, -0.328242689371109, -0.3609084188938141, -0.3844205439090729, -2.1725893020629883e-05, 2.226771354675293, -0.659548282623291, 0.9948699474334717, 2.516948938369751, -1.2661936283111572, 3.4666857719421387, -4.207576274871826, 0.8079461455345154, -0.6580401659011841, 0.40938031673431396, 0.43386325240135193, 2.2261881828308105, 0.3007797300815582, -0.6472398042678833, -0.0776747465133667, -0.8912069201469421, -1.2590270042419434, 1.9212212562561035, -0.8621869087219238, 1.0, 1.0, 1.0, 1.0, 0.0, 1.0, 1.0, 1.0, 1.0, 1.0, 1.0, 1.0]"
266,0.0,0.0,0.0,1.6414244328188943e-06,0.0,12.216720581054688,0.0,0.0,0.0,0.0,0.0,0.0,0.7502846121788025,-0.0676409900188446,0.051784541457891464,0.1839575469493866,-0.18408742547035217,0.28902775049209595,0.3220703899860382,0.5477597117424011,-0.2784576416015625,0.37481367588043213,-0.6181257963180542,-1.334444522857666,0.4428574740886688,-0.14616678655147552,0.5150351524353027,"[0.7502846121788025, -0.0676409900188446, 0.051784541457891464, 0.39172446727752686, -0.38962775468826294, -0.02703026495873928, -0.05099700018763542, -0.023722726851701736, -0.9984170794487, 0.699999988079071, 0.0, 0.0, 0.1839575469493866, -0.18408742547035217, 0.28902775049209595, 0.3220703899860382, -3.5762786865234375e-07, 0.12154236435890198, -0.02518633008003235, -0.21812579035758972, -0.5344445109367371, -0.35714253783226013, 0.6538332104682922, -0.2849648594856262, 2.6565511226654053, -0.3280068337917328, -0.2735660970211029, -1.2273473739624023, -1.6450881958007812e-05, 1.6371753215789795, -1.0292918682098389, 2.561469078063965, 4.797367572784424, -0.188523530960083, 1.9045798778533936, -5.118481159210205, 0.28482407331466675, 0.013473416678607464, 0.8991245031356812, 0.14013245701789856, 1.5850275754928589, -0.7186347246170044, -0.5423039197921753, 0.5663988590240479, -0.310066282749176, -0.404996395111084, 0.9546495079994202, -1.088538646697998, 1.0, 1.0, 1.0, 1.0, 0.0, 1.0, 1.0, 1.0, 1.0, 1.0, 1.0, 1.0]"
267,0.0,0.0,0.0,0.0,0.0,0.0,0.0,0.0,0.0,2.5679437385406345e-05,0.0,191.12579345703125,0.6755029559135437,-0.09267362952232361,-0.05979537218809128,0.23432064056396484,-0.17947053909301758,0.3004285395145416,0.3104786276817322,0.5477597713470459,-0.285908579826355,0.35377243161201477,-0.5786142945289612,-1.2241785526275635,0.5049420595169067,-0.22498485445976257,0.4684879183769226,"[0.6755029559135437, -0.09267362952232361, -0.05979537218809128, -0.49719294905662537, -0.055256590247154236, 0.025849871337413788, -0.055891621857881546, -0.024293500930070877, -0.9981416463851929, 0.699999988079071, 0.0, 0.0, 0.23432064056396484, -0.17947053909301758, 0.3004285395145416, 0.3104786276817322, -2.980232238769531e-07, 0.1140914261341095, -0.04622757434844971, -0.1786142885684967, -0.4241785407066345, -0.2950579524040222, 0.5750151872634888, -0.33151209354400635, 2.630601644515991, 0.9082661271095276, 1.4414936304092407, 0.6343469023704529, -1.952052116394043e-05, -1.7333062887191772, -1.4822038412094116, 0.4638955295085907, 5.598811149597168, 5.195322513580322, -4.959975242614746, 1.0152837038040161, -0.012978224083781242, 0.04705032333731651, 1.1064730882644653, -0.1970946192741394, 1.528056025505066, -0.7305631637573242, -0.20408084988594055, 0.6414114236831665, -0.15354882180690765, 0.06182100623846054, 0.06132479012012482, -0.9862685203552246, 1.0, 1.0, 1.0, 1.0, 0.0, 1.0, 1.0, 1.0, 1.0, 1.0, 1.0, 1.0]"
268,0.0,0.0,0.0,0.0,0.0,0.0,0.0,0.0,0.0,6.13871670793742e-05,0.0,456.8896789550781,0.6720856428146362,-0.06489554792642593,-0.06560417264699936,0.25998181104660034,-0.15423865616321564,0.33997777104377747,0.3251672685146332,0.5477597713470459,-0.34528249502182007,0.32360121607780457,-0.5635185837745667,-1.1196330785751343,0.6036192178726196,-0.3403984606266022,0.4718453586101532,"[0.6720856428146362, -0.06489554792642593, -0.06560417264699936, -0.46461382508277893, 0.3333190679550171, 0.12309000641107559, -0.05214613303542137, -0.011805474758148193, -0.9985696077346802, 0.699999988079071, 0.0, 0.0, 0.25998181104660034, -0.15423865616321564, 0.33997777104377747, 0.3251672685146332, -2.980232238769531e-07, 0.05471751093864441, -0.07639878988265991, -0.16351857781410217, -0.3196330666542053, -0.19638079404830933, 0.4596015512943268, -0.32815465331077576, 0.1392538845539093, 1.1452958583831787, 1.9191880226135254, 0.5413115620613098, -1.519918441772461e-05, -3.3998069763183594, -1.2781764268875122, 0.819980263710022, 4.7573161125183105, 3.7712197303771973, -6.702097415924072, -0.17397773265838623, -0.03790685534477234, -0.19299253821372986, 0.5033665895462036, 0.051476746797561646, 1.6040441989898682, -0.532257080078125, 0.016658395528793335, 0.8802975416183472, -0.17592376470565796, -0.19622460007667542, 0.2968103289604187, -0.9113544225692749, 1.0, 1.0, 1.0, 1.0, 0.0, 1.0, 1.0, 1.0, 1.0, 1.0, 1.0, 1.0]"
269,0.0,0.0,0.0,0.0,0.0,0.0,0.0,0.0,0.0,5.1153569074813277e-05,0.0,380.7235107421875,0.6967411637306213,0.009068490006029606,-0.07424011081457138,0.2211235910654068,-0.14871273934841156,0.3541359603404999,0.32312121987342834,0.5477596521377563,-0.4139731228351593,0.301005482673645,-0.5510553121566772,-1.0598268508911133,0.6244671940803528,-0.4279838800430298,0.4700808823108673,"[0.6967411637306213, 0.009068490006029606, -0.07424011081457138, 0.49594464898109436, 0.6300287842750549, 0.21800480782985687, -0.04183414205908775, -0.015239482745528221, -0.999008297920227, 0.699999988079071, 0.0, 0.0, 0.2211235910654068, -0.14871273934841156, 0.3541359603404999, 0.32312121987342834, -4.172325134277344e-07, -0.013973116874694824, -0.09899452328681946, -0.15105530619621277, -0.2598268389701843, -0.17553281784057617, 0.37201613187789917, -0.32991912961006165, -2.906982660293579, -0.20002241432666779, -0.16069716215133667, -0.4674444794654846, -1.564621925354004e-05, -3.1947476863861084, -1.3706282377243042, 0.4539208710193634, 1.4386732578277588, -1.064316987991333, -0.6976204514503479, -0.009937584400177002, 0.1009472906589508, -0.33116504549980164, 0.14858509600162506, 0.12715664505958557, 1.6941505670547485, -0.0810151994228363, -0.17197808623313904, 0.704494833946228, -0.5200684070587158, -0.6615242958068848, 1.0845400094985962, -1.0179500579833984, 1.0, 1.0, 1.0, 1.0, 0.0, 1.0, 1.0, 1.0, 1.0, 1.0, 1.0, 1.0]"
270,0.0,0.0,0.0,0.0,0.0,0.0,0.0,0.0,0.0,2.6051484383060597e-05,0.0,193.8948211669922,0.7380115985870361,0.050813592970371246,-0.14428788423538208,0.1543213129043579,-0.1611947864294052,0.3289487957954407,0.3097342252731323,0.5477597713470459,-0.4600871503353119,0.26953011751174927,-0.542614221572876,-1.0738729238510132,0.5550822019577026,-0.3700049817562103,0.46704375743865967,"[0.7380115985870361, 0.050813592970371246, -0.14428788423538208, 0.806456983089447, 0.9077193737030029, 0.22395409643650055, -0.025686616078019142, -0.029155422002077103, -0.9992446303367615, 0.699999988079071, 0.0, 0.0, 0.1543213129043579, -0.1611947864294052, 0.3289487957954407, 0.3097342252731323, -2.980232238769531e-07, -0.06008714437484741, -0.1304698884487152, -0.1426142156124115, -0.27387291193008423, -0.24491780996322632, 0.42999503016471863, -0.3329562544822693, -3.414013147354126, -0.8283442258834839, -1.7831625938415527, -0.8237642645835876, -1.823902130126953e-05, -1.5709823369979858, -1.7172603607177734, 0.2511001229286194, -1.925635814666748, -5.012171268463135, 4.571578025817871, -0.0378742516040802, 0.1093483567237854, -0.4980942904949188, 0.4215744733810425, 0.1308135688304901, 1.8294365406036377, 0.5015151500701904, -0.4321531355381012, -0.30344903469085693, -0.9087088108062744, -1.1008516550064087, 1.7109293937683105, -0.6384044885635376, 1.0, 1.0, 1.0, 1.0, 0.0, 1.0, 1.0, 1.0, 1.0, 1.0, 1.0, 1.0]"
271,0.0,0.0,0.0,0.0,0.0,0.0,1.2223048543091863e-05,0.0,90.97315979003906,0.0,0.0,0.0,0.7431201338768005,0.0482422411441803,-0.10555284470319748,0.09906137734651566,-0.16163377463817596,0.3200405538082123,0.30610212683677673,0.5477597117424011,-0.45977386832237244,0.29582569003105164,-0.5354877710342407,-1.1257060766220093,0.44437119364738464,-0.3747670650482178,0.4922579824924469,"[0.7431201338768005, 0.0482422411441803, -0.10555284470319748, -0.4386315941810608, 0.01974330097436905, 0.17026729881763458, -0.017021723091602325, -0.030195893719792366, -0.9993992447853088, 0.699999988079071, 0.0, 0.0, 0.09906137734651566, -0.16163377463817596, 0.3200405538082123, 0.30610212683677673, -3.5762786865234375e-07, -0.05977386236190796, -0.10417431592941284, -0.13548776507377625, -0.3257060647010803, -0.3556288182735443, 0.4252329468727112, -0.30774202942848206, -2.45084547996521, 0.3473428785800934, 0.2622882127761841, 0.059824615716934204, -2.1338462829589844e-05, 0.8438361883163452, 2.683565139770508, 0.29547062516212463, -2.9981884956359863, -5.073366165161133, -0.2773745059967041, 3.1319808959960938, 0.29147475957870483, -0.7902126312255859, 0.2029983550310135, 0.408339262008667, 1.8600536584854126, 0.256179541349411, -0.504187822341919, -0.7074605226516724, -0.976750373840332, -1.0582106113433838, 1.6224865913391113, -0.2738843858242035, 1.0, 1.0, 1.0, 1.0, 0.0, 1.0, 1.0, 1.0, 1.0, 1.0, 1.0, 1.0]"
272,0.0,0.0,0.0,0.00012366421287879348,0.0,920.4024047851562,5.289454566081986e-05,0.0,393.6811828613281,0.0,0.0,0.0,0.6614513993263245,0.05432103946805,-0.10192058235406876,0.052133239805698395,-0.16622422635555267,0.3241827189922333,0.2993234694004059,0.5477596521377563,-0.441040962934494,0.32595357298851013,-0.5461131930351257,-1.191967487335205,0.40037211775779724,-0.38199061155319214,0.5819623470306396,"[0.6614513993263245, 0.05432103946805, -0.10192058235406876, -0.22585606575012207, -0.2928670346736908, 0.09444674849510193, -0.021633952856063843, -0.023364195600152016, -0.9994929432868958, 0.699999988079071, 0.0, 0.0, 0.052133239805698395, -0.16622422635555267, 0.3241827189922333, 0.2993234694004059, -4.172325134277344e-07, -0.04104095697402954, -0.07404643297195435, -0.14611318707466125, -0.3919674754142761, -0.3996278941631317, 0.4180094003677368, -0.2180376648902893, -2.345104694366455, 0.27415794134140015, 0.10228362679481506, -0.39120247960090637, 1.3917684555053711e-05, -0.7939342260360718, 1.5152268409729004, -0.807897686958313, -3.5002188682556152, 3.681057929992676, -0.30626702308654785, 4.113096237182617, 0.4401850402355194, -0.427308052778244, 0.31254103779792786, 0.4544137120246887, 1.9991768598556519, 0.47998324036598206, 0.18006357550621033, -0.4469048082828522, -1.2492152452468872, -1.2048972845077515, 1.4865912199020386, -0.012792684137821198, 1.0, 1.0, 1.0, 1.0, 0.0, 1.0, 1.0, 1.0, 1.0, 1.0, 1.0, 1.0]"
273,0.0,0.0,0.0,5.375093314796686e-05,0.0,400.0550231933594,3.6338238714961335e-05,0.0,270.4566345214844,0.0,0.0,0.0,0.6642569303512573,0.01887506991624832,-0.06215028464794159,0.019397320225834846,-0.1636418104171753,0.3260694146156311,0.29396185278892517,0.5477596521377563,-0.4416797161102295,0.34900832176208496,-0.5660823583602905,-1.2678592205047607,0.44365963339805603,-0.377083957195282,0.6559923887252808,"[0.6642569303512573, 0.01887506991624832, -0.06215028464794159, -0.18079884350299835, -0.23374031484127045, 0.05230216681957245, -0.027227453887462616, -0.01929597184062004, -0.999442994594574, 0.699999988079071, 0.0, 0.0, 0.019397320225834846, -0.1636418104171753, 0.3260694146156311, 0.29396185278892517, -4.172325134277344e-07, -0.041679710149765015, -0.05099168419837952, -0.16608235239982605, -0.4678592085838318, -0.3563403785228729, 0.422916054725647, -0.1440076231956482, -1.182084321975708, 0.1452450454235077, 0.10779304057359695, -0.1214466392993927, -1.8268823623657227e-05, 0.150968998670578, 1.1392203569412231, -1.091081142425537, -4.076912879943848, 1.7759877443313599, 0.21422147750854492, 3.531299591064453, 0.4494105875492096, -0.6203986406326294, 0.5075536370277405, 0.5653332471847534, 2.2357091903686523, 0.4884282648563385, 0.009751558303833008, -0.8375897407531738, -1.4574182033538818, -0.9808592796325684, 1.6072452068328857, -0.05056098848581314, 1.0, 1.0, 1.0, 1.0, 0.0, 1.0, 1.0, 1.0, 1.0, 1.0, 1.0, 1.0]"
274,0.0,0.0,0.0,4.102078310097568e-05,0.0,305.30767822265625,3.6163139156997204e-05,0.0,269.1534118652344,0.0,0.0,0.0,0.6715355515480042,-0.02551463060081005,-0.04693014547228813,0.014169428497552872,-0.15854066610336304,0.3309863805770874,0.29814815521240234,0.5477596521377563,-0.43430382013320923,0.3680146634578705,-0.5910117626190186,-1.3481813669204712,0.4718473553657532,-0.36840400099754333,0.7045001983642578,"[0.6715355515480042, -0.02551463060081005, -0.04693014547228813, -0.3123413324356079, -0.1735072135925293, 0.006616573315113783, -0.03088376298546791, -0.013932419940829277, -0.9994257092475891, 0.699999988079071, 0.0, 0.0, 0.014169428497552872, -0.15854066610336304, 0.3309863805770874, 0.29814815521240234, -4.172325134277344e-07, -0.03430381417274475, -0.031985342502593994, -0.19101175665855408, -0.5481813549995422, -0.3281526565551758, 0.4315960109233856, -0.09549981355667114, 0.2207893282175064, 0.33104610443115234, 0.32224977016448975, 0.3719344735145569, -1.96993350982666e-05, 0.33896148204803467, 0.8988295197486877, -1.2977306842803955, -3.7284281253814697, 1.4020236730575562, 0.5159752368927002, 1.5773948431015015, 0.48343345522880554, -0.458553284406662, 0.3211248815059662, 0.5883516073226929, 2.2339062690734863, 0.4809686839580536, 0.10752290487289429, -0.6307059526443481, -1.4955650568008423, -1.0864183902740479, 1.611169457435608, -0.06820163875818253, 1.0, 1.0, 1.0, 1.0, 0.0, 1.0, 1.0, 1.0, 1.0, 1.0, 1.0, 1.0]"
275,0.0,0.0,0.0,4.181803888059221e-05,0.0,311.2414245605469,4.145117418374866e-05,0.0,308.510986328125,0.0,0.0,0.0,0.6806330680847168,-0.05023341253399849,-0.024645989760756493,0.02709903009235859,-0.15347820520401,0.3362535238265991,0.30572769045829773,0.5477596521377563,-0.4224429130554199,0.38254794478416443,-0.6169195771217346,-1.40656578540802,0.4945743978023529,-0.351198673248291,0.7219499349594116,"[0.6806330680847168, -0.05023341253399849, -0.024645989760756493, -0.13636036217212677, -0.23852667212486267, -0.011979909613728523, -0.035108014941215515, -0.009322084486484528, -0.999340295791626, 0.699999988079071, 0.0, 0.0, 0.02709903009235859, -0.15347820520401, 0.3362535238265991, 0.30572769045829773, -4.172325134277344e-07, -0.022442907094955444, -0.01745206117630005, -0.21691957116127014, -0.6065657734870911, -0.30542561411857605, 0.44880133867263794, -0.07805007696151733, 0.7906346321105957, 0.18972328305244446, 0.18348829448223114, 0.329978346824646, -2.053380012512207e-05, 0.6575641632080078, 0.7268508076667786, -1.239264965057373, -2.3500726222991943, 1.0390307903289795, 0.9131341576576233, 0.4824521243572235, 0.5154199600219727, -0.5180136561393738, 0.3377014994621277, 0.5969842672348022, 2.340139389038086, 0.5226777791976929, -0.07624107599258423, -0.7054153680801392, -1.4601109027862549, -1.1712019443511963, 1.6917176246643066, -0.1406945288181305, 1.0, 1.0, 1.0, 1.0, 0.0, 1.0, 1.0, 1.0, 1.0, 1.0, 1.0, 1.0]"
276,0.0,0.0,0.0,4.403574712341651e-05,0.0,327.7472839355469,4.441377677721903e-05,0.0,330.5609130859375,0.0,0.0,0.0,0.6951518058776855,-0.0717909187078476,0.02327551133930683,0.04648810997605324,-0.1533651053905487,0.3362731635570526,0.30956318974494934,0.5477596521377563,-0.401304692029953,0.3923949897289276,-0.6386803388595581,-1.4359326362609863,0.504555881023407,-0.3240693211555481,0.7179804444313049,"[0.6951518058776855, -0.0717909187078476, 0.02327551133930683, 0.15131747722625732, -0.28100961446762085, -0.016584979370236397, -0.040373846888542175, -0.010558780282735825, -0.999129056930542, 0.699999988079071, 0.0, 0.0, 0.04648810997605324, -0.1533651053905487, 0.3362731635570526, 0.30956318974494934, -4.172325134277344e-07, -0.0013046860694885254, -0.007605016231536865, -0.23868033289909363, -0.6359326243400574, -0.295444130897522, 0.47593069076538086, -0.08201956748962402, 1.0941804647445679, -0.050900690257549286, -0.07773097604513168, 0.14069029688835144, -2.1070241928100586e-05, 1.1648672819137573, 0.4793182611465454, -0.9245514869689941, -0.9211446046829224, 0.3147820830345154, 1.4228142499923706, -0.7550918459892273, 0.5879641175270081, -0.510882556438446, 0.3037877380847931, 0.5768694877624512, 2.381979465484619, 0.5366932153701782, -0.16576677560806274, -0.5837876796722412, -1.3925400972366333, -1.2224127054214478, 1.758785367012024, -0.25422701239585876, 1.0, 1.0, 1.0, 1.0, 0.0, 1.0, 1.0, 1.0, 1.0, 1.0, 1.0, 1.0]"
277,0.0,0.0,0.0,4.0616570913698524e-05,0.0,302.2992248535156,4.437190727912821e-05,0.0,330.249267578125,0.0,0.0,0.0,0.7136814594268799,-0.09244371950626373,0.07047690451145172,0.07374681532382965,-0.15669414401054382,0.33234167098999023,0.309898316860199,0.5477596521377563,-0.3705083429813385,0.3950768709182739,-0.6502509713172913,-1.4406354427337646,0.5002135038375854,-0.2835085093975067,0.6891216039657593,"[0.7136814594268799, -0.09244371950626373, 0.07047690451145172, 0.3255351185798645, -0.31031230092048645, -0.021919887512922287, -0.046200405806303024, -0.01619470864534378, -0.9988008141517639, 0.699999988079071, 0.0, 0.0, 0.07374681532382965, -0.15669414401054382, 0.33234167098999023, 0.309898316860199, -4.172325134277344e-07, 0.029491662979125977, -0.004923135042190552, -0.2502509653568268, -0.6406354308128357, -0.2997865080833435, 0.5164915323257446, -0.11087840795516968, 1.5406193733215332, -0.18544678390026093, -0.23309706151485443, -0.07426638901233673, -2.1785497665405273e-05, 1.62399423122406, 0.08072977513074875, -0.23785877227783203, 0.3242329955101013, -0.34920522570610046, 2.1683199405670166, -2.17767596244812, 0.676380455493927, -0.594961941242218, 0.33252474665641785, 0.48958075046539307, 2.41616153717041, 0.48975828289985657, -0.37388092279434204, -0.42113515734672546, -1.2564384937286377, -1.2749223709106445, 1.9057537317276, -0.45243456959724426, 1.0, 1.0, 1.0, 1.0, 0.0, 1.0, 1.0, 1.0, 1.0, 1.0, 1.0, 1.0]"
278,0.0,0.0,0.0,3.0000452170497738e-05,0.0,223.28602600097656,4.2582760215736926e-05,0.0,316.9330749511719,0.0,0.0,0.0,0.7306874990463257,-0.10302218794822693,0.09773874282836914,0.11035183072090149,-0.1622457653284073,0.3260138928890228,0.30193597078323364,0.5477596521377563,-0.33263882994651794,0.3879844844341278,-0.6415817141532898,-1.412648320198059,0.48650702834129333,-0.22446352243423462,0.627436637878418,"[0.7306874990463257, -0.10302218794822693, 0.09773874282836914, 0.4055987298488617, -0.3876540958881378, -0.04112643375992775, -0.05301529914140701, -0.024502940475940704, -0.9982932806015015, 0.699999988079071, 0.0, 0.0, 0.11035183072090149, -0.1622457653284073, 0.3260138928890228, 0.30193597078323364, -4.172325134277344e-07, 0.06736117601394653, -0.01201552152633667, -0.24158170819282532, -0.6126483082771301, -0.3134929835796356, 0.5755364894866943, -0.172563374042511, 2.0526583194732666, -0.2649155557155609, -0.3056293725967407, -0.6151227355003357, -2.1338462829589844e-05, 1.927938461303711, -0.47502827644348145, 1.018953561782837, 2.4911370277404785, -0.6610941886901855, 3.2470126152038574, -4.091085910797119, 0.7467458248138428, -0.6289653182029724, 0.3816972076892853, 0.33971795439720154, 2.2571463584899902, 0.25950250029563904, -0.6134504079818726, -0.056888505816459656, -0.8999135494232178, -1.1525564193725586, 1.988753318786621, -0.8213505744934082, 1.0, 1.0, 1.0, 1.0, 0.0, 1.0, 1.0, 1.0, 1.0, 1.0, 1.0, 1.0]"
279,0.0,0.0,0.0,3.1777694857737515e-06,0.0,23.651363372802734,2.2414672002923908e-06,0.0,16.68269157409668,2.0109519027755596e-05,0.0,149.67022705078125,0.7212015986442566,-0.10652865469455719,0.032110363245010376,0.15622849762439728,-0.16826294362545013,0.319760799407959,0.2811368405818939,0.5477596521377563,-0.2973371744155884,0.36831384897232056,-0.6022860407829285,-1.3328478336334229,0.4804740250110626,-0.14509539306163788,0.5426965355873108,"[0.7212015986442566, -0.10652865469455719, 0.032110363245010376, 0.29245060682296753, -0.4503438174724579, -0.04266727343201637, -0.06207353249192238, -0.032561417669057846, -0.9975405931472778, 0.699999988079071, 0.0, 0.0, 0.15622849762439728, -0.16826294362545013, 0.319760799407959, 0.2811368405818939, -4.172325134277344e-07, 0.1026628315448761, -0.03168615698814392, -0.202286034822464, -0.5328478217124939, -0.31952598690986633, 0.6549046039581299, -0.25730347633361816, 2.501906633377075, -0.19475920498371124, -0.18899480998516083, -0.529176652431488, -4.1425228118896484e-05, 1.4053386449813843, -1.1827641725540161, 2.028195381164551, 4.905630588531494, 0.6099786758422852, 3.9858474731445312, 2.639934539794922, 0.34702372550964355, -0.13078626990318298, 0.7227170467376709, 0.13060209155082703, 1.6922858953475952, -0.6813291311264038, -0.5550727844238281, 0.6869735717773438, -0.3060528635978699, -0.3433486521244049, 1.1038223505020142, -1.10502028465271, 1.0, 1.0, 1.0, 1.0, 0.0, 1.0, 1.0, 1.0, 1.0, 1.0, 1.0, 1.0]"
280,0.0,0.0,0.0,0.0,0.0,0.0,0.0,0.0,0.0,5.7910689065465704e-05,0.0,431.0151062011719,0.6793148517608643,-0.09379862993955612,-0.004692369606345892,0.21537482738494873,-0.16338349878787994,0.33268022537231445,0.29090890288352966,0.5477597117424011,-0.30771735310554504,0.34438958764076233,-0.5821295976638794,-1.2233545780181885,0.5332357883453369,-0.2240249216556549,0.5452362895011902,"[0.6793148517608643, -0.09379862993955612, -0.004692369606345892, -0.5949994325637817, 0.1994486004114151, -0.007964949123561382, -0.06202846020460129, -0.024874474853277206, -0.9977642893791199, 0.699999988079071, 0.0, 0.0, 0.21537482738494873, -0.16338349878787994, 0.33268022537231445, 0.29090890288352966, -3.5762786865234375e-07, 0.09228265285491943, -0.05561041831970215, -0.18212959170341492, -0.4233545660972595, -0.26676422357559204, 0.5759750604629517, -0.25476372241973877, 2.6575920581817627, 0.37640345096588135, 0.8946753740310669, 0.6393885612487793, -1.7344951629638672e-05, -1.7496485710144043, -1.3045462369918823, 1.1593824625015259, 5.730805397033691, 4.751391410827637, -6.445281505584717, -0.5288048982620239, 0.031778544187545776, -0.034328196197748184, 0.7508204579353333, -0.09780260920524597, 1.5722414255142212, -0.7538846731185913, -0.16004690527915955, 0.7630807161331177, -0.1837647706270218, 0.05460657924413681, 0.0011265426874160767, -0.8504427075386047, 1.0, 1.0, 1.0, 1.0, 0.0, 1.0, 1.0, 1.0, 1.0, 1.0, 1.0, 1.0]"
281,0.0,0.0,0.0,0.0,0.0,0.0,0.0,0.0,0.0,5.446844807011075e-05,0.0,405.3953552246094,0.6780145168304443,-0.04670373722910881,-0.02010546252131462,0.2374730408191681,-0.15633666515350342,0.3466472327709198,0.3017180263996124,0.5477597117424011,-0.36669641733169556,0.31443169713020325,-0.5569096803665161,-1.1180707216262817,0.6300256252288818,-0.336404949426651,0.5252876877784729,"[0.6780145168304443, -0.04670373722910881, -0.02010546252131462, -0.28079816699028015, 0.5435295104980469, 0.11903034150600433, -0.053650327026844025, -0.014961634762585163, -0.9984475374221802, 0.699999988079071, 0.0, 0.0, 0.2374730408191681, -0.15633666515350342, 0.3466472327709198, 0.3017180263996124, -3.5762786865234375e-07, 0.03330358862876892, -0.08556830883026123, -0.15690967440605164, -0.3180707097053528, -0.16997438669204712, 0.46359506249427795, -0.27471232414245605, -0.030650988221168518, 0.17739368975162506, 0.37038201093673706, 0.3169524669647217, -1.3172626495361328e-05, -3.3531086444854736, -1.2910186052322388, 1.1053262948989868, 4.711054801940918, 3.655317544937134, -6.019677639007568, -0.9687082767486572, -0.016903219744563103, -0.26192227005958557, 0.374541312456131, 0.08031216263771057, 1.657901644706726, -0.6166616678237915, -0.0015456080436706543, 0.8764899969100952, -0.1737678200006485, -0.15088698267936707, 0.4202166199684143, -1.0636975765228271, 1.0, 1.0, 1.0, 1.0, 0.0, 1.0, 1.0, 1.0, 1.0, 1.0, 1.0, 1.0]"
282,0.0,0.0,0.0,0.0,0.0,0.0,0.0,0.0,0.0,4.8034962674137205e-05,0.0,357.5124816894531,0.7071282267570496,0.01348960306495428,-0.04309407249093056,0.2036019265651703,-0.16306540369987488,0.3340418338775635,0.29918134212493896,0.5477597713470459,-0.435308039188385,0.29294073581695557,-0.5347751379013062,-1.0575759410858154,0.6471143960952759,-0.41272249817848206,0.5021957755088806,"[0.7071282267570496, 0.01348960306495428, -0.04309407249093056, 0.3086654245853424, 0.8273160457611084, 0.22765083611011505, -0.03940355032682419, -0.017915213480591774, -0.9990629553794861, 0.699999988079071, 0.0, 0.0, 0.2036019265651703, -0.16306540369987488, 0.3340418338775635, 0.29918134212493896, -2.980232238769531e-07, -0.03530803322792053, -0.10705927014350891, -0.13477513194084167, -0.2575759291648865, -0.15288561582565308, 0.3872775137424469, -0.29780423641204834, -2.4029664993286133, -0.540637731552124, -1.25412917137146, -0.3385058343410492, -1.5914440155029297e-05, -3.219736099243164, -1.3523974418640137, 0.9857825040817261, 1.5981606245040894, -1.2895691394805908, 0.1425602287054062, -1.1870943307876587, 0.012802185490727425, -0.2702033817768097, 0.18063987791538239, 0.06159922480583191, 1.6482518911361694, -0.09255179762840271, -0.19984999299049377, 0.5661327838897705, -0.4849036931991577, -0.6590291261672974, 1.1838809251785278, -1.0018231868743896, 1.0, 1.0, 1.0, 1.0, 0.0, 1.0, 1.0, 1.0, 1.0, 1.0, 1.0, 1.0]"
283,0.0,0.0,0.0,0.0,0.0,0.0,0.0,0.0,0.0,1.621170486032497e-05,0.0,120.65975952148438,0.7454660534858704,0.04795851930975914,-0.12936528027057648,0.14375519752502441,-0.1784653514623642,0.29234716296195984,0.2887534499168396,0.5477596521377563,-0.48075810074806213,0.26301223039627075,-0.5164816975593567,-1.0680779218673706,0.571961522102356,-0.3449459969997406,0.47840723395347595,"[0.7454660534858704, 0.04795851930975914, -0.12936528027057648, 0.6937242150306702, 1.0420106649398804, 0.22144868969917297, -0.020028728991746902, -0.02812325768172741, -0.9994037747383118, 0.699999988079071, 0.0, 0.0, 0.14375519752502441, -0.1784653514623642, 0.29234716296195984, 0.2887534499168396, -4.172325134277344e-07, -0.08075809478759766, -0.13698777556419373, -0.11648169159889221, -0.26807790994644165, -0.228038489818573, 0.45505401492118835, -0.321592777967453, -3.272456169128418, -0.960968017578125, -2.5188679695129395, -0.710028350353241, -1.6421079635620117e-05, -1.4997044801712036, -1.5632342100143433, 0.6526909470558167, -1.8394519090652466, -5.269598484039307, 4.588535308837891, -0.8672304153442383, 0.09122785925865173, -0.5794011950492859, 0.3693453371524811, 0.13881894946098328, 1.7861309051513672, 0.45819446444511414, -0.4284767806529999, -0.5240722894668579, -0.9002349972724915, -1.107001543045044, 1.6964184045791626, -0.6314325332641602, 1.0, 1.0, 1.0, 1.0, 0.0, 1.0, 1.0, 1.0, 1.0, 1.0, 1.0, 1.0]"
284,0.0,0.0,0.0,0.0,0.0,0.0,1.9642262486740947e-05,0.0,146.19256591796875,0.0,0.0,0.0,0.7181950211524963,0.05443424731492996,-0.10075511783361435,0.0877666249871254,-0.178677499294281,0.293072372674942,0.2875489592552185,0.5477597117424011,-0.4769720137119293,0.30192360281944275,-0.5045797228813171,-1.1197322607040405,0.4571570158004761,-0.38554227352142334,0.508140504360199,"[0.7181950211524963, 0.05443424731492996, -0.10075511783361435, -0.1809517741203308, 0.11315789818763733, 0.10577615350484848, -0.012939120642840862, -0.024621251970529556, -0.9996129870414734, 0.699999988079071, 0.0, 0.0, 0.0877666249871254, -0.178677499294281, 0.293072372674942, 0.2875489592552185, -3.5762786865234375e-07, -0.07697200775146484, -0.09807640314102173, -0.10457971692085266, -0.3197322487831116, -0.3428429961204529, 0.4144577383995056, -0.29185950756073, -2.8872692584991455, -0.3308902084827423, 0.08415724337100983, -0.3030378818511963, -1.5288591384887695e-05, 0.8830589056015015, 1.2856166362762451, -0.03200429677963257, -3.2596325874328613, -5.483625411987305, -0.6785634756088257, 3.9406607151031494, 0.2912807762622833, -0.8518984913825989, 0.09370018541812897, 0.44830575585365295, 1.8373593091964722, 0.20689943432807922, -0.5024808645248413, -0.7336021661758423, -0.926880955696106, -1.0193498134613037, 1.637516736984253, -0.24101302027702332, 1.0, 1.0, 1.0, 1.0, 0.0, 1.0, 1.0, 1.0, 1.0, 1.0, 1.0, 1.0]"
285,0.0,0.0,0.0,0.00011816182814072818,0.0,879.4495849609375,4.28675593866501e-05,0.0,319.0527648925781,0.0,0.0,0.0,0.6398078799247742,0.04920359328389168,-0.09906670451164246,0.04258038103580475,-0.18598197400569916,0.3003352880477905,0.28551390767097473,0.5477596521377563,-0.4576309621334076,0.3262358009815216,-0.5190588235855103,-1.1781861782073975,0.4114272892475128,-0.38390326499938965,0.5940921306610107,"[0.6398078799247742, 0.04920359328389168, -0.09906670451164246, -0.47118231654167175, -0.30221107602119446, 0.08711618185043335, -0.017827840521931648, -0.014399456791579723, -0.9997372627258301, 0.699999988079071, 0.0, 0.0, 0.04258038103580475, -0.18598197400569916, 0.3003352880477905, 0.28551390767097473, -4.172325134277344e-07, -0.057630956172943115, -0.07376420497894287, -0.11905881762504578, -0.3781861662864685, -0.38857272267341614, 0.4160967469215393, -0.2059078812599182, -2.074674367904663, 0.8332213163375854, 0.3231836259365082, 0.05824081599712372, 1.4901161193847656e-05, -0.7765321731567383, 1.019394040107727, -1.0996416807174683, -3.31478214263916, 3.543715000152588, 0.48335570096969604, 3.9698233604431152, 0.388177752494812, -0.5063778758049011, 0.26026880741119385, 0.5912656784057617, 2.039031744003296, 0.4966837465763092, 0.239838644862175, -0.47418591380119324, -1.2122750282287598, -1.0906351804733276, 1.5564625263214111, 0.020863883197307587, 1.0, 1.0, 1.0, 1.0, 0.0, 1.0, 1.0, 1.0, 1.0, 1.0, 1.0, 1.0]"
286,0.0,0.0,0.0,5.194290861254558e-05,0.0,386.5983581542969,3.4557608159957454e-05,0.0,257.2038269042969,0.0,0.0,0.0,0.6459599733352661,0.026316767558455467,-0.06497547030448914,0.012156417593359947,-0.17968027293682098,0.30549994111061096,0.29128769040107727,0.5477597117424011,-0.4619247019290924,0.3454616367816925,-0.5465198159217834,-1.2540574073791504,0.4609956741333008,-0.3728126585483551,0.6703596115112305,"[0.6459599733352661, 0.026316767558455467, -0.06497547030448914, -0.3024823069572449, -0.2548886835575104, 0.0626404881477356, -0.023834124207496643, -0.0065670739859342575, -0.9996943473815918, 0.699999988079071, 0.0, 0.0, 0.012156417593359947, -0.17968027293682098, 0.30549994111061096, 0.29128769040107727, -3.5762786865234375e-07, -0.06192469596862793, -0.05453836917877197, -0.14651980996131897, -0.45405739545822144, -0.3390043377876282, 0.42718735337257385, -0.1296404004096985, -1.1754322052001953, 0.2514564096927643, 0.19704888761043549, 0.4311937093734741, -1.895427703857422e-05, 0.01215103454887867, 0.9681373238563538, -1.4680451154708862, -4.004086494445801, 1.9904645681381226, 0.49104756116867065, 3.4675533771514893, 0.48175033926963806, -0.7185779809951782, 0.4778570830821991, 0.6234986782073975, 2.2390079498291016, 0.5469361543655396, 0.05405107140541077, -0.8574122190475464, -1.429452896118164, -0.9630825519561768, 1.6456353664398193, -0.057984329760074615, 1.0, 1.0, 1.0, 1.0, 0.0, 1.0, 1.0, 1.0, 1.0, 1.0, 1.0, 1.0]"
287,0.0,0.0,0.0,4.438942050910555e-05,0.0,330.3796081542969,3.572111381799914e-05,0.0,265.863525390625,0.0,0.0,0.0,0.6594393253326416,-0.013053455390036106,-0.042570408433675766,0.006156075280159712,-0.1737755984067917,0.31103944778442383,0.3061249256134033,0.5477596521377563,-0.4560246765613556,0.3626335561275482,-0.5786579847335815,-1.3336728811264038,0.4913661777973175,-0.3612324595451355,0.7119173407554626,"[0.6594393253326416, -0.013053455390036106, -0.042570408433675766, -0.3416290283203125, -0.17754000425338745, 0.012895757332444191, -0.027772074565291405, -2.598017454147339e-05, -0.999613881111145, 0.699999988079071, 0.0, 0.0, 0.006156075280159712, -0.1737755984067917, 0.31103944778442383, 0.3061249256134033, -4.172325134277344e-07, -0.05602467060089111, -0.03736644983291626, -0.17865797877311707, -0.5336728692054749, -0.30863383412361145, 0.43876755237579346, -0.08808267116546631, 0.19169914722442627, 0.34010520577430725, 0.3249843716621399, 0.9016062617301941, -1.9997358322143555e-05, 0.2823125422000885, 0.8111119866371155, -1.6889952421188354, -3.8345999717712402, 1.466449499130249, 0.6389898061752319, 1.3180885314941406, 0.5027621984481812, -0.514524519443512, 0.3008361756801605, 0.666843056678772, 2.251096725463867, 0.5405110120773315, 0.13459697365760803, -0.6567959785461426, -1.485101342201233, -1.042258620262146, 1.6318490505218506, -0.07079152017831802, 1.0, 1.0, 1.0, 1.0, 0.0, 1.0, 1.0, 1.0, 1.0, 1.0, 1.0, 1.0]"
288,0.0,0.0,0.0,4.465258098207414e-05,0.0,332.3382263183594,4.0205875848187134e-05,0.0,299.24249267578125,0.0,0.0,0.0,0.6742819547653198,-0.034901369363069534,-0.01587638072669506,0.020327545702457428,-0.1687355637550354,0.3163148760795593,0.3243502974510193,0.5477596521377563,-0.4443610906600952,0.37607836723327637,-0.6128549575805664,-1.3956389427185059,0.5137372016906738,-0.3430110216140747,0.7267722487449646,"[0.6742819547653198, -0.034901369363069534, -0.01587638072669506, -0.1456173211336136, -0.21828526258468628, -0.015307257883250713, -0.03180929273366928, 0.005019159987568855, -0.9994812607765198, 0.699999988079071, 0.0, 0.0, 0.020327545702457428, -0.1687355637550354, 0.3163148760795593, 0.3243502974510193, -4.172325134277344e-07, -0.04436108469963074, -0.02392163872718811, -0.21285495162010193, -0.5956389307975769, -0.2862628102302551, 0.45698899030685425, -0.07322776317596436, 0.8948361277580261, 0.17553500831127167, 0.17202910780906677, 0.8375992774963379, -2.0325183868408203e-05, 0.6489539742469788, 0.6700525283813477, -1.6478593349456787, -2.504237413406372, 0.998752772808075, 0.9534029960632324, 0.3499975800514221, 0.5362607836723328, -0.5442002415657043, 0.33823642134666443, 0.6503878831863403, 2.3356051445007324, 0.5764056444168091, -0.02387291193008423, -0.7177186012268066, -1.4525419473648071, -1.1562495231628418, 1.7056081295013428, -0.12472537904977798, 1.0, 1.0, 1.0, 1.0, 0.0, 1.0, 1.0, 1.0, 1.0, 1.0, 1.0, 1.0]"
289,0.0,0.0,0.0,4.6816810936434194e-05,0.0,348.4460754394531,4.2946998291881755e-05,0.0,319.6440124511719,0.0,0.0,0.0,0.6954976320266724,-0.05066710710525513,0.03553284704685211,0.04225051403045654,-0.16937978565692902,0.31570133566856384,0.3367724120616913,0.5477596521377563,-0.4225279688835144,0.38555458188056946,-0.6419821381568909,-1.4276716709136963,0.521682620048523,-0.31636175513267517,0.7231021523475647,"[0.6954976320266724, -0.05066710710525513, 0.03553284704685211, 0.18315723538398743, -0.24631141126155853, -0.021739106625318527, -0.03653516247868538, 0.0035776987206190825, -0.999326229095459, 0.699999988079071, 0.0, 0.0, 0.04225051403045654, -0.16937978565692902, 0.31570133566856384, 0.3367724120616913, -4.172325134277344e-07, -0.022527962923049927, -0.01444542407989502, -0.2419821321964264, -0.6276716589927673, -0.278317391872406, 0.4836382567882538, -0.07689785957336426, 1.213557481765747, -0.11035138368606567, -0.1335628777742386, 0.5117120742797852, -2.059340476989746e-05, 1.2042386531829834, 0.4578634202480316, -1.2738518714904785, -1.0673412084579468, 0.18982376158237457, 1.3954129219055176, -0.6001215577125549, 0.6044664978981018, -0.517973005771637, 0.2897622883319855, 0.6441037654876709, 2.3767576217651367, 0.5900908708572388, -0.10833880305290222, -0.6075211763381958, -1.3897594213485718, -1.2305243015289307, 1.7615587711334229, -0.21655133366584778, 1.0, 1.0, 1.0, 1.0, 0.0, 1.0, 1.0, 1.0, 1.0, 1.0, 1.0, 1.0]"
290,0.0,0.0,0.0,4.406640800880268e-05,0.0,327.97552490234375,4.315242767916061e-05,0.0,321.1729736328125,0.0,0.0,0.0,0.7208991646766663,-0.06598842144012451,0.08805294334888458,0.07182006537914276,-0.17417317628860474,0.3103300929069519,0.3432503640651703,0.5477596521377563,-0.3900250792503357,0.38859981298446655,-0.6596035361289978,-1.4359468221664429,0.5133442878723145,-0.2777051329612732,0.6991457343101501,"[0.7208991646766663, -0.06598842144012451, 0.08805294334888458, 0.3851425349712372, -0.25427311658859253, -0.02166731469333172, -0.04147933050990105, -0.00294805271551013, -0.9991352558135986, 0.699999988079071, 0.0, 0.0, 0.07182006537914276, -0.17417317628860474, 0.3103300929069519, 0.3432503640651703, -4.172325134277344e-07, 0.009974926710128784, -0.011400192975997925, -0.2596035301685333, -0.6359468102455139, -0.2866557240486145, 0.5222948789596558, -0.10085427761077881, 1.6430095434188843, -0.2718186676502228, -0.32292330265045166, 0.20354795455932617, -2.1517276763916016e-05, 1.7169122695922852, 0.09469589591026306, -0.542147696018219, 0.0438082218170166, -0.5877841711044312, 2.064246654510498, -1.8308261632919312, 0.6944968104362488, -0.602619469165802, 0.3090411126613617, 0.5783902406692505, 2.4316086769104004, 0.5654962062835693, -0.2996496856212616, -0.4977589547634125, -1.2928259372711182, -1.328977346420288, 1.8819061517715454, -0.38647082448005676, 1.0, 1.0, 1.0, 1.0, 0.0, 1.0, 1.0, 1.0, 1.0, 1.0, 1.0, 1.0]"
291,0.0,0.0,0.0,3.725893111550249e-05,0.0,277.3091125488281,4.295519465813413e-05,0.0,319.70501708984375,0.0,0.0,0.0,0.7451510429382324,-0.0732061043381691,0.1273607313632965,0.11036211997270584,-0.18156927824020386,0.30197250843048096,0.3410409092903137,0.5477596521377563,-0.3487599492073059,0.38268283009529114,-0.6583222150802612,-1.4194121360778809,0.4919489622116089,-0.22259235382080078,0.6469448804855347,"[0.7451510429382324, -0.0732061043381691, 0.1273607313632965, 0.5040397047996521, -0.28995275497436523, -0.03503139317035675, -0.0468064546585083, -0.012634419836103916, -0.9988241195678711, 0.699999988079071, 0.0, 0.0, 0.11036211997270584, -0.18156927824020386, 0.30197250843048096, 0.3410409092903137, -4.172325134277344e-07, 0.05124005675315857, -0.01731717586517334, -0.25832220911979675, -0.6194121241569519, -0.30805104970932007, 0.5774076581001282, -0.1530551314353943, 2.122260093688965, -0.38275590538978577, -0.4364505410194397, -0.31834840774536133, -2.2023916244506836e-05, 2.1337857246398926, -0.4008010923862457, 0.567142128944397, 1.6237506866455078, -1.1581392288208008, 2.9911961555480957, -3.4865996837615967, 0.8042652010917664, -0.6621641516685486, 0.312120258808136, 0.48634544014930725, 2.3520760536193848, 0.4441610872745514, -0.524635910987854, -0.24041278660297394, -1.0485845804214478, -1.3170665502548218, 1.9835431575775146, -0.685089111328125, 1.0, 1.0, 1.0, 1.0, 0.0, 1.0, 1.0, 1.0, 1.0, 1.0, 1.0, 1.0]"
292,0.0,0.0,0.0,1.0562624083831906e-05,0.0,78.61503601074219,2.6167987016378902e-05,0.0,194.76193237304688,0.0,0.0,0.0,0.754108190536499,-0.07115571945905685,0.10307008773088455,0.15919961035251617,-0.1896699070930481,0.29322758316993713,0.3266933262348175,0.5477597117424011,-0.3049023449420929,0.3647764325141907,-0.6298976540565491,-1.3590106964111328,0.46891120076179504,-0.1448100060224533,0.5619189143180847,"[0.754108190536499, -0.07115571945905685, 0.10307008773088455, 0.37598374485969543, -0.39287906885147095, -0.043737441301345825, -0.05344480276107788, -0.022709205746650696, -0.9983124136924744, 0.699999988079071, 0.0, 0.0, 0.15919961035251617, -0.1896699070930481, 0.29322758316993713, 0.3266933262348175, -3.5762786865234375e-07, 0.09509766101837158, -0.035223573446273804, -0.2298976480960846, -0.5590106844902039, -0.3310888111591339, 0.6551899909973145, -0.23808109760284424, 2.6973111629486084, -0.28687867522239685, -0.31445997953414917, -0.9166814088821411, -2.0235776901245117e-05, 2.094334363937378, -0.9887661337852478, 2.0982494354248047, 4.2327117919921875, -0.8630304932594299, 4.157371520996094, -5.019536972045898, 0.5460474491119385, -0.3077681362628937, 0.7244001030921936, 0.25093159079551697, 1.7835503816604614, -0.31914016604423523, -0.6663058996200562, 0.3692629039287567, -0.4990319013595581, -0.8049523234367371, 1.4276299476623535, -1.0759047269821167, 1.0, 1.0, 1.0, 1.0, 0.0, 1.0, 1.0, 1.0, 1.0, 1.0, 1.0, 1.0]"
293,0.0,0.0,0.0,0.0,0.0,0.0,0.0,0.0,0.0,0.00011324335355311632,0.0,842.8425903320312,0.700476348400116,-0.09357325732707977,-0.040138211101293564,0.21381375193595886,-0.1928049623966217,0.2958029508590698,0.3067156970500946,0.5477597117424011,-0.28738605976104736,0.3534255623817444,-0.5829719305038452,-1.2542458772659302,0.4851941168308258,-0.18111959099769592,0.48192155361175537,"[0.700476348400116, -0.09357325732707977, -0.040138211101293564, -0.3017536997795105, -0.08689475804567337, -0.018390221521258354, -0.05938153341412544, -0.027739502489566803, -0.9978499412536621, 0.699999988079071, 0.0, 0.0, 0.21381375193595886, -0.1928049623966217, 0.2958029508590698, 0.3067156970500946, -3.5762786865234375e-07, 0.11261394619941711, -0.04657444357872009, -0.18297192454338074, -0.4542458653450012, -0.31480589509010315, 0.6188803911209106, -0.3180784583091736, 3.193361759185791, 0.4370748996734619, 1.0734494924545288, 0.7688443660736084, 2.205371856689453e-06, -0.4566686749458313, -0.41967546939849854, 0.21846501529216766, 5.378644943237305, 3.07163667678833, -7.379711151123047, 1.358915090560913, 0.027109237387776375, 0.2240404188632965, 1.1447035074234009, -0.11779570579528809, 1.4866845607757568, -0.8314039707183838, -0.32020384073257446, 0.6113280057907104, -0.13602314889431, -0.047294534742832184, 0.26962876319885254, -0.9448097944259644, 1.0, 1.0, 1.0, 1.0, 0.0, 1.0, 1.0, 1.0, 1.0, 1.0, 1.0, 1.0]"
294,0.0,0.0,0.0,0.0,0.0,0.0,0.0,0.0,0.0,5.846818385180086e-05,0.0,435.1643981933594,0.6694615483283997,-0.07954280823469162,-0.07241366058588028,0.2598184645175934,-0.1698063462972641,0.3312234580516815,0.3220469653606415,0.5477597713470459,-0.3300255239009857,0.3271498382091522,-0.5697978734970093,-1.1435056924819946,0.5817806720733643,-0.28035417199134827,0.4916183650493622,"[0.6694615483283997, -0.07954280823469162, -0.07241366058588028, -0.6723547577857971, 0.23502230644226074, 0.08233209699392319, -0.057545632123947144, -0.014745325781404972, -0.9982341527938843, 0.699999988079071, 0.0, 0.0, 0.2598184645175934, -0.1698063462972641, 0.3312234580516815, 0.3220469653606415, -2.980232238769531e-07, 0.06997448205947876, -0.07285016775131226, -0.1697978675365448, -0.3435056805610657, -0.2182193398475647, 0.5196458101272583, -0.3083816468715668, 1.4033653736114502, 1.366239309310913, 1.8624099493026733, 0.8513893485069275, -1.2695789337158203e-05, -2.777660846710205, -1.5334492921829224, 0.883569598197937, 5.3011651039123535, 4.0720720291137695, -4.154531478881836, -0.12736785411834717, 0.049491673707962036, -0.1991986334323883, 0.39115747809410095, -0.019977182149887085, 1.6364065408706665, -0.5244537591934204, 0.05067729949951172, 0.8917129039764404, -0.19245338439941406, -0.15352091193199158, 0.2741663455963135, -0.9397593140602112, 1.0, 1.0, 1.0, 1.0, 0.0, 1.0, 1.0, 1.0, 1.0, 1.0, 1.0, 1.0]"
295,0.0,0.0,0.0,0.0,0.0,0.0,0.0,0.0,0.0,5.296527160680853e-05,0.0,394.20758056640625,0.6949419975280762,-0.004766167141497135,-0.07410761713981628,0.2423264980316162,-0.1578499972820282,0.34584641456604004,0.3241347670555115,0.5477597713470459,-0.39353448152542114,0.3103567659854889,-0.5558108687400818,-1.0690078735351562,0.6215462684631348,-0.40369656682014465,0.48905453085899353,"[0.6949419975280762, -0.004766167141497135, -0.07410761713981628, 0.35591691732406616, 0.5920538902282715, 0.2235860675573349, -0.04824957996606827, -0.014265068806707859, -0.9987333416938782, 0.699999988079071, 0.0, 0.0, 0.2423264980316162, -0.1578499972820282, 0.34584641456604004, 0.3241347670555115, -2.980232238769531e-07, 0.006465524435043335, -0.08964323997497559, -0.1558108627796173, -0.2690078616142273, -0.1784537434577942, 0.3963034451007843, -0.3109454810619354, -2.0773792266845703, 0.10072771459817886, -0.10585078597068787, -0.2032564878463745, -1.1742115020751953e-05, -3.2349226474761963, -0.8161366581916809, 0.5652487874031067, 2.5054001808166504, 0.6517358422279358, -4.4945149421691895, -0.09505420923233032, -0.018138913437724113, -0.20398500561714172, 0.4205873906612396, 0.08496245741844177, 1.5501075983047485, -0.35413315892219543, -0.19980266690254211, 0.7995120286941528, -0.36813658475875854, -0.5083272457122803, 0.7339738607406616, -0.9949756860733032, 1.0, 1.0, 1.0, 1.0, 0.0, 1.0, 1.0, 1.0, 1.0, 1.0, 1.0, 1.0]"
296,0.0,0.0,0.0,0.0,0.0,0.0,0.0,0.0,0.0,3.137679595965892e-05,0.0,233.52980041503906,0.7260066270828247,0.03869294002652168,-0.11637677252292633,0.18411311507225037,-0.1621546894311905,0.3246217966079712,0.31407734751701355,0.5477597117424011,-0.4480859339237213,0.28331899642944336,-0.5441741943359375,-1.059183120727539,0.5799927711486816,-0.3809231221675873,0.48194393515586853,"[0.7260066270828247, 0.03869294002652168, -0.11637677252292633, 0.6298075318336487, 0.8778895735740662, 0.2547767162322998, -0.03294483944773674, -0.02506132423877716, -0.9991428852081299, 0.699999988079071, 0.0, 0.0, 0.18411311507225037, -0.1621546894311905, 0.3246217966079712, 0.31407734751701355, -3.5762786865234375e-07, -0.048085927963256836, -0.11668100953102112, -0.14417418837547302, -0.2591831088066101, -0.22000724077224731, 0.4190768897533417, -0.3180560767650604, -3.196026563644409, -0.32563671469688416, -1.492647409439087, -0.5794166922569275, -1.537799835205078e-05, -2.1329846382141113, -1.58157479763031, 0.5330549478530884, -0.936408281326294, -4.238728046417236, 3.337855577468872, -0.4761385917663574, 0.09754087030887604, -0.40368637442588806, 0.26666638255119324, 0.0832226574420929, 1.8084083795547485, 0.3625216782093048, -0.3401942849159241, 0.0724443644285202, -0.7663605809211731, -0.9777404069900513, 1.5560332536697388, -0.7985014319419861, 1.0, 1.0, 1.0, 1.0, 0.0, 1.0, 1.0, 1.0, 1.0, 1.0, 1.0, 1.0]"
297,0.0,0.0,0.0,0.0,0.0,0.0,0.00014288543025031686,0.0,1063.4613037109375,0.0,0.0,0.0,0.76902836561203,0.03544790297746658,-0.06736580282449722,0.12357456237077713,-0.16337727010250092,0.3055635392665863,0.30663129687309265,0.5477597117424011,-0.4638161361217499,0.28497859835624695,-0.5344446301460266,-1.0989255905151367,0.476980984210968,-0.3593524992465973,0.4842958152294159,"[0.76902836561203, 0.03544790297746658, -0.06736580282449722, -0.6524516940116882, 0.14526648819446564, 0.2812677025794983, -0.01875484362244606, -0.03176802769303322, -0.9993192553520203, 0.699999988079071, 0.0, 0.0, 0.12357456237077713, -0.16337727010250092, 0.3055635392665863, 0.30663129687309265, -3.5762786865234375e-07, -0.0638161301612854, -0.11502140760421753, -0.13444462418556213, -0.29892557859420776, -0.32301902770996094, 0.44064751267433167, -0.31570419669151306, -2.372044563293457, 1.0590925216674805, 0.6387602686882019, 0.46098771691322327, -2.282857894897461e-05, 0.21691271662712097, 4.3731584548950195, 0.9990975856781006, -2.035134792327881, -4.6624555587768555, -5.574477672576904, 0.7352356910705566, 0.2820727527141571, -0.8224740028381348, 0.3003224730491638, 0.3653324246406555, 1.8576496839523315, 0.3649672567844391, -0.510277509689331, -0.7666521072387695, -0.9986069202423096, -1.1092743873596191, 1.6036187410354614, -0.38352158665657043, 1.0, 1.0, 1.0, 1.0, 0.0, 1.0, 1.0, 1.0, 1.0, 1.0, 1.0, 1.0]"
298,0.0,0.0,0.0,1.2695337545665097e-06,0.0,9.448829650878906,6.098137964727357e-05,0.0,453.8694763183594,0.0,0.0,0.0,0.6933037042617798,0.07502825558185577,-0.14828136563301086,0.07432038336992264,-0.1645788997411728,0.3105676472187042,0.30259257555007935,0.5477597117424011,-0.4403623640537262,0.325822114944458,-0.5370664596557617,-1.171385645866394,0.3822953701019287,-0.38528692722320557,0.5608162879943848,"[0.6933037042617798, 0.07502825558185577, -0.14828136563301086, -0.5815420746803284, -0.27989235520362854, 0.037668757140636444, -0.020202718675136566, -0.02415051870048046, -0.9995041489601135, 0.699999988079071, 0.0, 0.0, 0.07432038336992264, -0.1645788997411728, 0.3105676472187042, 0.30259257555007935, -3.5762786865234375e-07, -0.04036235809326172, -0.07417789101600647, -0.13706645369529724, -0.3713856339454651, -0.41770464181900024, 0.4147130846977234, -0.2391837239265442, -2.046860456466675, -0.2492261528968811, 0.45787250995635986, -0.1422872543334961, -2.0325183868408203e-05, 1.6177407503128052, 1.7835335731506348, -0.5827941298484802, -4.335205078125, -3.658433675765991, -0.7191082835197449, 4.7368669509887695, 0.49070265889167786, -0.4814038574695587, 0.21591727435588837, 0.41492393612861633, 1.9398934841156006, 0.4389730393886566, 0.16179224848747253, -0.49937716126441956, -1.4205541610717773, -1.134373664855957, 1.3709162473678589, -0.03475796431303024, 1.0, 1.0, 1.0, 1.0, 0.0, 1.0, 1.0, 1.0, 1.0, 1.0, 1.0, 1.0]"
299,0.0,0.0,0.0,6.047651913831942e-05,0.0,450.1119689941406,3.976498555857688e-05,0.0,295.9610595703125,0.0,0.0,0.0,0.6681330800056458,0.03704410418868065,-0.08074022084474564,0.03895307704806328,-0.16028451919555664,0.3136553466320038,0.29755425453186035,0.5477597117424011,-0.44494277238845825,0.3522709906101227,-0.556611180305481,-1.2700115442276,0.43050041794776917,-0.3874759376049042,0.6416884660720825,"[0.6681330800056458, 0.03704410418868065, -0.08074022084474564, -0.17353837192058563, -0.2016499638557434, 0.08075729012489319, -0.02480221539735794, -0.018464434891939163, -0.9995217323303223, 0.699999988079071, 0.0, 0.0, 0.03895307704806328, -0.16028451919555664, 0.3136553466320038, 0.29755425453186035, -3.5762786865234375e-07, -0.044942766427993774, -0.0477290153503418, -0.15661117434501648, -0.47001153230667114, -0.3694995939731598, 0.4125240743160248, -0.15831154584884644, -1.4483911991119385, 0.11798548698425293, 0.06861551851034164, -0.24281759560108185, -1.582503318786621e-05, 0.017829813063144684, 1.3056684732437134, -1.0885049104690552, -4.796914100646973, 1.9435508251190186, -0.1127294972538948, 3.6597907543182373, 0.4344678223133087, -0.46395644545555115, 0.2547961175441742, 0.6173653602600098, 2.151463508605957, 0.6526699066162109, 0.05682174861431122, -0.6304932832717896, -1.4175206422805786, -1.2529196739196777, 1.6397181749343872, -0.031604476273059845, 1.0, 1.0, 1.0, 1.0, 0.0, 1.0, 1.0, 1.0, 1.0, 1.0, 1.0, 1.0]"
300,0.0,0.0,0.0,4.893817094853148e-05,0.0,364.23486328125,3.930636739823967e-05,0.0,292.54766845703125,0.0,0.0,0.0,0.6859907507896423,-0.01120805274695158,-0.017167462036013603,0.022968562319874763,-0.15871308743953705,0.3137761950492859,0.2976628243923187,0.5477597117424011,-0.43384963274002075,0.3747378885746002,-0.5791093111038208,-1.3473018407821655,0.4503312110900879,-0.3856154680252075,0.6987300515174866,"[0.6859907507896423, -0.01120805274695158, -0.017167462036013603, -0.07853610068559647, -0.10038506984710693, 0.08869151771068573, -0.027337152510881424, -0.017044637352228165, -0.9994809031486511, 0.699999988079071, 0.0, 0.0, 0.022968562319874763, -0.15871308743953705, 0.3137761950492859, 0.2976628243923187, -3.5762786865234375e-07, -0.033849626779556274, -0.025262117385864258, -0.17910930514335632, -0.5473018288612366, -0.34966880083084106, 0.41438454389572144, -0.10126996040344238, -0.3650856912136078, 0.12891928851604462, 0.036758407950401306, 0.22151552140712738, -1.677870750427246e-05, 0.6339049339294434, 1.0328985452651978, -1.1199212074279785, -3.2516939640045166, 0.7960762977600098, 0.22559775412082672, 2.193025588989258, 0.4656584858894348, -0.5894213914871216, 0.4524829685688019, 0.5508439540863037, 2.262131690979004, 0.44068053364753723, 0.022480010986328125, -0.76259446144104, -1.44191575050354, -1.0172878503799438, 1.581324815750122, -0.05140165239572525, 1.0, 1.0, 1.0, 1.0, 0.0, 1.0, 1.0, 1.0, 1.0, 1.0, 1.0, 1.0]"
301,0.0,0.0,0.0,3.6907076719217e-05,0.0,274.6903381347656,4.127694774069823e-05,0.0,307.2142333984375,0.0,0.0,0.0,0.6819101572036743,-0.040281057357788086,-0.0028563805390149355,0.029094280675053596,-0.1541467308998108,0.3167332708835602,0.30648273229599,0.5477596521377563,-0.4185052812099457,0.389642596244812,-0.6033332943916321,-1.393937110900879,0.464370995759964,-0.37042176723480225,0.7248755097389221,"[0.6819101572036743, -0.040281057357788086, -0.0028563805390149355, -0.17919456958770752, -0.18470938503742218, 0.05092954263091087, -0.030274629592895508, -0.013669134117662907, -0.9994480609893799, 0.699999988079071, 0.0, 0.0, 0.029094280675053596, -0.1541467308998108, 0.3167332708835602, 0.30648273229599, -4.172325134277344e-07, -0.0185052752494812, -0.010357409715652466, -0.2033332884311676, -0.59393709897995, -0.33562901616096497, 0.4295782446861267, -0.07512450218200684, 0.5896022319793701, 0.24394972622394562, 0.17808285355567932, 0.49131420254707336, -1.868605613708496e-05, 0.6894165277481079, 0.6985940933227539, -1.25801420211792, -1.866872787475586, 0.8872354626655579, 0.9061655402183533, 0.8213920593261719, 0.4935179650783539, -0.5631555318832397, 0.36572596430778503, 0.6142154932022095, 2.335294723510742, 0.4647923409938812, -0.036588817834854126, -0.6879291534423828, -1.4481067657470703, -1.1723525524139404, 1.6884753704071045, -0.10084251314401627, 1.0, 1.0, 1.0, 1.0, 0.0, 1.0, 1.0, 1.0, 1.0, 1.0, 1.0, 1.0]"
302,0.0,0.0,0.0,4.2720686906250194e-05,0.0,317.9596252441406,4.328175418777391e-05,0.0,322.13555908203125,0.0,0.0,0.0,0.6859780550003052,-0.05594475194811821,0.022490963339805603,0.04559209942817688,-0.15150342881679535,0.3182094991207123,0.3137591481208801,0.5477596521377563,-0.3994198739528656,0.3989938497543335,-0.6282824873924255,-1.4230798482894897,0.47565773129463196,-0.34344592690467834,0.726797878742218,"[0.6859780550003052, -0.05594475194811821, 0.022490963339805603, 0.026652570813894272, -0.25725308060646057, 0.021847320720553398, -0.03495996445417404, -0.012465358711779118, -0.9993108510971069, 0.699999988079071, 0.0, 0.0, 0.04559209942817688, -0.15150342881679535, 0.3182094991207123, 0.3137591481208801, -4.172325134277344e-07, 0.000580132007598877, -0.0010061562061309814, -0.22828248143196106, -0.6230798363685608, -0.324342280626297, 0.4565540850162506, -0.07320213317871094, 0.9318445920944214, 0.05536159127950668, 0.0025847814977169037, 0.2722723186016083, -1.9848346710205078e-05, 1.0018298625946045, 0.4787214696407318, -1.144652009010315, -1.2185349464416504, 0.5231029987335205, 1.3818461894989014, -0.5646780729293823, 0.5907252430915833, -0.6005986928939819, 0.3660825490951538, 0.5785386562347412, 2.4166669845581055, 0.5478898286819458, -0.1366732120513916, -0.6560935974121094, -1.4216798543930054, -1.2244985103607178, 1.7661134004592896, -0.239533931016922, 1.0, 1.0, 1.0, 1.0, 0.0, 1.0, 1.0, 1.0, 1.0, 1.0, 1.0, 1.0]"
303,0.0,0.0,0.0,4.441838973434642e-05,0.0,330.59521484375,4.365567656350322e-05,0.0,324.91851806640625,0.0,0.0,0.0,0.7027888894081116,-0.075112484395504,0.06478434801101685,0.06954027712345123,-0.15300849080085754,0.3156011402606964,0.31611722707748413,0.5477596521377563,-0.3716338574886322,0.4030279517173767,-0.6464990377426147,-1.439713716506958,0.4744890034198761,-0.30624786019325256,0.701882541179657,"[0.7027888894081116, -0.075112484395504, 0.06478434801101685, 0.24417860805988312, -0.2760515809059143, 0.003600453957915306, -0.04030713438987732, -0.016010170802474022, -0.9990589618682861, 0.699999988079071, 0.0, 0.0, 0.06954027712345123, -0.15300849080085754, 0.3156011402606964, 0.31611722707748413, -4.172325134277344e-07, 0.028366148471832275, 0.0030279457569122314, -0.24649903178215027, -0.639713704586029, -0.32551100850105286, 0.4937521517276764, -0.09811747074127197, 1.377986192703247, -0.12795524299144745, -0.18379716575145721, 0.050955601036548615, -2.03549861907959e-05, 1.4477169513702393, 0.1781727522611618, -0.6724461913108826, -0.4554656744003296, -0.14260631799697876, 1.9350075721740723, -1.7692925930023193, 0.6771154999732971, -0.6211627125740051, 0.3289049565792084, 0.5804193019866943, 2.456265449523926, 0.5511294603347778, -0.2740403115749359, -0.4908241331577301, -1.331372618675232, -1.2911083698272705, 1.8680856227874756, -0.37250515818595886, 1.0, 1.0, 1.0, 1.0, 0.0, 1.0, 1.0, 1.0, 1.0, 1.0, 1.0, 1.0]"
304,0.0,0.0,0.0,3.8221682189032435e-05,0.0,284.4746398925781,4.341111707617529e-05,0.0,323.0983581542969,0.0,0.0,0.0,0.7243781685829163,-0.09178496897220612,0.10147354751825333,0.10437840968370438,-0.1568073332309723,0.31053823232650757,0.3141475021839142,0.5477596521377563,-0.33551523089408875,0.39911794662475586,-0.6492997407913208,-1.4333488941192627,0.4610878527164459,-0.254486620426178,0.6526546478271484,"[0.7243781685829163, -0.09178496897220612, 0.10147354751825333, 0.34650248289108276, -0.3115944564342499, -0.008921947330236435, -0.0460796095430851, -0.02250732108950615, -0.9986844658851624, 0.699999988079071, 0.0, 0.0, 0.10437840968370438, -0.1568073332309723, 0.31053823232650757, 0.3141475021839142, -4.172325134277344e-07, 0.06448477506637573, -0.0008820593357086182, -0.24929973483085632, -0.6333488821983337, -0.33891215920448303, 0.545513391494751, -0.14734536409378052, 1.9569789171218872, -0.20384909212589264, -0.2682186961174011, -0.21366584300994873, -2.059340476989746e-05, 1.841927409172058, -0.275806188583374, 0.32228222489356995, 1.0898940563201904, -0.6874105334281921, 2.7828173637390137, -3.2051570415496826, 0.7633211016654968, -0.6774315237998962, 0.35148099064826965, 0.4730636775493622, 2.4022021293640137, 0.4502585828304291, -0.5052624940872192, -0.26573076844215393, -1.1172881126403809, -1.294527292251587, 1.988742470741272, -0.614780604839325, 1.0, 1.0, 1.0, 1.0, 0.0, 1.0, 1.0, 1.0, 1.0, 1.0, 1.0, 1.0]"
305,0.0,0.0,0.0,1.5161369447014295e-05,0.0,112.84235382080078,3.6007804737892e-05,0.0,267.9972839355469,0.0,0.0,0.0,0.7326092720031738,-0.09526469558477402,0.09264679253101349,0.14982180297374725,-0.1613110899925232,0.30491578578948975,0.30333438515663147,0.5477596521377563,-0.29635411500930786,0.3833966553211212,-0.6260690093040466,-1.3827086687088013,0.4460448920726776,-0.17990674078464508,0.5750788450241089,"[0.7326092720031738, -0.09526469558477402, 0.09264679253101349, 0.25012335181236267, -0.4466509521007538, -0.023473292589187622, -0.05349576100707054, -0.029682928696274757, -0.9981269836425781, 0.699999988079071, 0.0, 0.0, 0.14982180297374725, -0.1613110899925232, 0.30491578578948975, 0.30333438515663147, -4.172325134277344e-07, 0.10364589095115662, -0.01660335063934326, -0.22606900334358215, -0.5827086567878723, -0.35395511984825134, 0.6200932860374451, -0.22492116689682007, 2.5235300064086914, -0.12799933552742004, -0.17884933948516846, -0.7293491363525391, -1.9937753677368164e-05, 1.8676773309707642, -0.9916591048240662, 1.8611252307891846, 3.839427947998047, -0.4595111608505249, 4.200054168701172, -4.76317024230957, 0.6323402523994446, -0.45821619033813477, 0.6455320119857788, 0.2512786090373993, 1.9274860620498657, -0.15515390038490295, -0.708259105682373, 0.29308807849884033, -0.6043497920036316, -0.9010756015777588, 1.6393890380859375, -1.0238745212554932, 1.0, 1.0, 1.0, 1.0, 0.0, 1.0, 1.0, 1.0, 1.0, 1.0, 1.0, 1.0]"
306,0.0,0.0,0.0,0.0,0.0,0.0,0.0,0.0,0.0,7.226548041217029e-05,0.0,537.8543090820312,0.6855236291885376,-0.10009011626243591,-0.015608797781169415,0.20368847250938416,-0.16293741762638092,0.3067642152309418,0.29341137409210205,0.5477597117424011,-0.2765271067619324,0.3589775264263153,-0.5877565741539001,-1.2832748889923096,0.4579205811023712,-0.1654503494501114,0.5210660696029663,"[0.6855236291885376, -0.10009011626243591, -0.015608797781169415, -0.22244292497634888, -0.13867652416229248, -0.05605121701955795, -0.060595110058784485, -0.03212345391511917, -0.9976457357406616, 0.699999988079071, 0.0, 0.0, 0.20368847250938416, -0.16293741762638092, 0.3067642152309418, 0.29341137409210205, -3.5762786865234375e-07, 0.1234728991985321, -0.04102247953414917, -0.18775656819343567, -0.4832748770713806, -0.34207943081855774, 0.6345496773719788, -0.27893394231796265, 2.9931395053863525, 0.13368341326713562, 0.668630838394165, 0.2662900388240814, -1.1801719665527344e-05, -0.024130046367645264, -1.213146686553955, 0.2766488790512085, 5.277865886688232, 1.7784996032714844, -4.312171936035156, 1.7211737632751465, 0.11693492531776428, 0.15006908774375916, 0.9721713066101074, -0.043412983417510986, 1.5567772388458252, -0.8349171876907349, -0.40648743510246277, 0.7214834690093994, -0.14449958503246307, -0.07811663299798965, 0.4875892996788025, -0.9651033282279968, 1.0, 1.0, 1.0, 1.0, 0.0, 1.0, 1.0, 1.0, 1.0, 1.0, 1.0, 1.0]"
307,0.0,0.0,0.0,0.0,0.0,0.0,0.0,0.0,0.0,5.725315713789314e-05,0.0,426.1212463378906,0.6581276059150696,-0.08369214087724686,-0.04242458939552307,0.2508242130279541,-0.1504323035478592,0.333054780960083,0.3075079917907715,0.5477597713470459,-0.3159216642379761,0.32381775975227356,-0.5699798464775085,-1.1689399480819702,0.5568761825561523,-0.2627790868282318,0.5219732522964478,"[0.6581276059150696, -0.08369214087724686, -0.04242458939552307, -0.6839346289634705, 0.2729632258415222, 0.04913032427430153, -0.05818361043930054, -0.020029261708259583, -0.9981051087379456, 0.699999988079071, 0.0, 0.0, 0.2508242130279541, -0.1504323035478592, 0.333054780960083, 0.3075079917907715, -2.980232238769531e-07, 0.0840783417224884, -0.07618224620819092, -0.16997984051704407, -0.36893993616104126, -0.2431238293647766, 0.5372209548950195, -0.2780267596244812, 1.6134872436523438, 0.7920870780944824, 1.4293636083602905, 0.8204070329666138, -1.2874603271484375e-05, -2.845691680908203, -1.9826627969741821, 1.0887696743011475, 5.7271528244018555, 5.458068370819092, -4.272598743438721, -0.5306704044342041, 0.021134497597813606, -0.1891433298587799, 0.4861014187335968, -0.04027017951011658, 1.6313318014144897, -0.5982609987258911, 0.04694738984107971, 0.8470073938369751, -0.15090055763721466, -0.021821893751621246, 0.23841626942157745, -0.8921089172363281, 1.0, 1.0, 1.0, 1.0, 0.0, 1.0, 1.0, 1.0, 1.0, 1.0, 1.0, 1.0]"
308,0.0,0.0,0.0,0.0,0.0,0.0,0.0,0.0,0.0,5.145070099388249e-05,0.0,382.9349670410156,0.6857859492301941,-0.016358157619833946,-0.05437745898962021,0.23972545564174652,-0.14688196778297424,0.34337735176086426,0.311306357383728,0.5477597713470459,-0.3833126425743103,0.2994970381259918,-0.5514922738075256,-1.0776203870773315,0.6251871585845947,-0.3878190219402313,0.5112320184707642,"[0.6857859492301941, -0.016358157619833946, -0.05437745898962021, 0.22514282166957855, 0.5995638370513916, 0.19849658012390137, -0.04864589497447014, -0.017570730298757553, -0.9986615180969238, 0.699999988079071, 0.0, 0.0, 0.23972545564174652, -0.14688196778297424, 0.34337735176086426, 0.311306357383728, -2.980232238769531e-07, 0.016687363386154175, -0.10050296783447266, -0.15149226784706116, -0.2776203751564026, -0.17481285333633423, 0.41218098998069763, -0.2887679934501648, -1.7529042959213257, -0.2387883961200714, -0.17463721334934235, -0.07845242321491241, -1.1861324310302734e-05, -3.487067699432373, -0.9560925364494324, 0.7620908617973328, 3.550919771194458, 1.8113147020339966, -5.675127029418945, -0.41647812724113464, -0.027513353154063225, -0.22090813517570496, 0.37188005447387695, 0.0886942446231842, 1.5971020460128784, -0.4595266878604889, -0.11477836966514587, 0.8342344760894775, -0.26379698514938354, -0.37093570828437805, 0.6690683364868164, -1.0668004751205444, 1.0, 1.0, 1.0, 1.0, 0.0, 1.0, 1.0, 1.0, 1.0, 1.0, 1.0, 1.0]"
309,0.0,0.0,0.0,0.0,0.0,0.0,0.0,0.0,0.0,3.6419198295334354e-05,0.0,271.0591735839844,0.7208874225616455,0.030619939789175987,-0.08710714429616928,0.1857241988182068,-0.15748515725135803,0.32148128747940063,0.3040226995944977,0.5477597117424011,-0.4466513991355896,0.27341529726982117,-0.5345133543014526,-1.049806833267212,0.6055681705474854,-0.38637810945510864,0.49494004249572754,"[0.7208874225616455, 0.030619939789175987, -0.08710714429616928, 0.4644423723220825, 0.8976495265960693, 0.2615486979484558, -0.03313121199607849, -0.02546537108719349, -0.9991269111633301, 0.699999988079071, 0.0, 0.0, 0.1857241988182068, -0.15748515725135803, 0.32148128747940063, 0.3040226995944977, -3.5762786865234375e-07, -0.04665139317512512, -0.1265847086906433, -0.13451334834098816, -0.24980682134628296, -0.1944318413734436, 0.4136219024658203, -0.3050599694252014, -3.041410207748413, -0.6205227971076965, -1.5562262535095215, -0.43502408266067505, -1.5735626220703125e-05, -2.6635332107543945, -1.5150444507598877, 0.8404326438903809, -0.22139638662338257, -3.278867721557617, 3.005232810974121, -1.0108699798583984, 0.08492875099182129, -0.37554726004600525, 0.18210799992084503, 0.055300384759902954, 1.781463861465454, 0.23366841673851013, -0.2799952030181885, 0.2562377154827118, -0.6759135723114014, -0.879217267036438, 1.5052380561828613, -0.8672595024108887, 1.0, 1.0, 1.0, 1.0, 0.0, 1.0, 1.0, 1.0, 1.0, 1.0, 1.0, 1.0]"
310,0.0,0.0,0.0,0.0,0.0,0.0,0.00017914845375344157,0.0,1333.358154296875,0.0,0.0,0.0,0.7710262537002563,0.03483927249908447,-0.06723328679800034,0.1239413395524025,-0.16892372071743011,0.2982470691204071,0.29552000761032104,0.5477597117424011,-0.47404414415359497,0.26351797580718994,-0.519723653793335,-1.0818501710891724,0.5099171996116638,-0.3498269319534302,0.4830626845359802,"[0.7710262537002563, 0.03483927249908447, -0.06723328679800034, -0.40739139914512634, 0.37758466601371765, 0.29159221053123474, -0.016147887334227562, -0.03319324925541878, -0.9993183016777039, 0.699999988079071, 0.0, 0.0, 0.1239413395524025, -0.16892372071743011, 0.2982470691204071, 0.29552000761032104, -3.5762786865234375e-07, -0.0740441381931305, -0.13648203015327454, -0.11972364783287048, -0.2818501591682434, -0.29008281230926514, 0.4501730799674988, -0.31693732738494873, -2.61661434173584, 0.37803465127944946, 0.011707060039043427, 0.20201900601387024, -2.205371856689453e-05, -0.3480866849422455, 3.5004096031188965, 1.2094603776931763, -1.876538634300232, -4.735689640045166, -4.548425674438477, -0.2508868873119354, 0.23313340544700623, -0.8119324445724487, 0.3222508728504181, 0.3317776620388031, 1.8442535400390625, 0.4242795407772064, -0.49756619334220886, -0.8004364967346191, -0.9826635122299194, -1.1158281564712524, 1.6333131790161133, -0.4445056617259979, 1.0, 1.0, 1.0, 1.0, 0.0, 1.0, 1.0, 1.0, 1.0, 1.0, 1.0, 1.0]"
311,0.0,0.0,0.0,0.0,0.0,0.0,5.509164839168079e-05,0.0,410.0336608886719,0.0,0.0,0.0,0.7002865076065063,0.06530056893825531,-0.13000823557376862,0.07322262972593307,-0.17341145873069763,0.3043229877948761,0.2935730814933777,0.5477596521377563,-0.4565988779067993,0.31137731671333313,-0.5168372988700867,-1.153143048286438,0.40714409947395325,-0.39045873284339905,0.5527098178863525,"[0.7002865076065063, 0.06530056893825531, -0.13000823557376862, -0.55500328540802, -0.15122006833553314, 0.06524310261011124, -0.015536991879343987, -0.024656254798173904, -0.9995755553245544, 0.699999988079071, 0.0, 0.0, 0.07322262972593307, -0.17341145873069763, 0.3043229877948761, 0.2935730814933777, -4.172325134277344e-07, -0.05659887194633484, -0.08862268924713135, -0.11683729290962219, -0.35314303636550903, -0.3928559124469757, 0.4095412790775299, -0.24729019403457642, -2.2030858993530273, -0.5090152025222778, 0.45454785227775574, -0.06696686148643494, -1.8328428268432617e-05, 1.3837493658065796, 1.8383697271347046, -0.49170464277267456, -4.471212387084961, -4.536680221557617, -0.9605021476745605, 5.001494884490967, 0.4680391550064087, -0.6092097163200378, 0.17723612487316132, 0.503898024559021, 1.8905985355377197, 0.3643784821033478, 0.16063636541366577, -0.49973127245903015, -1.3432029485702515, -1.029008150100708, 1.4268113374710083, -0.03216063231229782, 1.0, 1.0, 1.0, 1.0, 0.0, 1.0, 1.0, 1.0, 1.0, 1.0, 1.0, 1.0]"
312,0.0,0.0,0.0,5.074709770269692e-05,0.0,377.6982421875,3.838493285002187e-05,0.0,285.68963623046875,0.0,0.0,0.0,0.6602692008018494,0.03491145744919777,-0.10875694453716278,0.041594792157411575,-0.16976116597652435,0.31321653723716736,0.29602137207984924,0.5477597117424011,-0.45492610335350037,0.33808839321136475,-0.5363029837608337,-1.2493385076522827,0.43069806694984436,-0.3924298882484436,0.6407304406166077,"[0.6602692008018494, 0.03491145744919777, -0.10875694453716278, -0.43669912219047546, -0.24535726010799408, 0.0884379893541336, -0.020454278215765953, -0.013116050511598587, -0.9997044205665588, 0.699999988079071, 0.0, 0.0, 0.041594792157411575, -0.16976116597652435, 0.31321653723716736, 0.29602137207984924, -3.5762786865234375e-07, -0.05492609739303589, -0.06191161274909973, -0.13630297780036926, -0.44933849573135376, -0.3693019449710846, 0.40757012367248535, -0.1592695713043213, -1.3878540992736816, 0.3562999367713928, 0.34691283106803894, 0.13862240314483643, -1.6927719116210938e-05, -0.3009736239910126, 1.3441075086593628, -1.1457903385162354, -4.702672958374023, 2.5457801818847656, -0.11448228359222412, 3.8982837200164795, 0.3788776695728302, -0.4493841230869293, 0.27025893330574036, 0.573859453201294, 2.102260112762451, 0.6046280860900879, 0.06763270497322083, -0.6365702152252197, -1.4009268283843994, -1.2053537368774414, 1.604172945022583, 0.003208063542842865, 1.0, 1.0, 1.0, 1.0, 0.0, 1.0, 1.0, 1.0, 1.0, 1.0, 1.0, 1.0]"
313,0.0,0.0,0.0,5.146262265043333e-05,0.0,383.0237121582031,3.84666163881775e-05,0.0,286.297607421875,0.0,0.0,0.0,0.6764085292816162,-0.0018132475670427084,-0.04121111333370209,0.01981969177722931,-0.1670401692390442,0.31458136439323425,0.29873186349868774,0.5477597117424011,-0.4496644139289856,0.3621271252632141,-0.5620036125183105,-1.3308889865875244,0.4612478017807007,-0.3919701874256134,0.7038173079490662,"[0.6764085292816162, -0.0018132475670427084, -0.04121111333370209, -0.09260378032922745, -0.14752812683582306, 0.09183739125728607, -0.023967400193214417, -0.010083744302392006, -0.9996620416641235, 0.699999988079071, 0.0, 0.0, 0.01981969177722931, -0.1670401692390442, 0.31458136439323425, 0.29873186349868774, -3.5762786865234375e-07, -0.04966440796852112, -0.037872880697250366, -0.16200360655784607, -0.5308889746665955, -0.33875221014022827, 0.40802982449531555, -0.09618270397186279, -0.7702545523643494, 0.1274871528148651, 0.06035730987787247, 0.24762670695781708, -1.7642974853515625e-05, 0.4247173070907593, 1.1634960174560547, -1.3139272928237915, -3.6267759799957275, 1.1771137714385986, 0.07939782738685608, 2.4256210327148438, 0.46529898047447205, -0.5941733717918396, 0.4240477979183197, 0.5784128904342651, 2.241076946258545, 0.504407525062561, 0.0491882860660553, -0.7986458539962769, -1.4570194482803345, -0.9632651805877686, 1.578600287437439, -0.055831946432590485, 1.0, 1.0, 1.0, 1.0, 0.0, 1.0, 1.0, 1.0, 1.0, 1.0, 1.0, 1.0]"
314,0.0,0.0,0.0,3.868127168971114e-05,0.0,287.8952331542969,3.9615384594071656e-05,0.0,294.84759521484375,0.0,0.0,0.0,0.6746184825897217,-0.03495359420776367,-0.019037101417779922,0.019696658477187157,-0.16249103844165802,0.3177276849746704,0.3085848093032837,0.5477596521377563,-0.43762320280075073,0.3794839680194855,-0.5908374190330505,-1.3854920864105225,0.4812258183956146,-0.380429744720459,0.729079008102417,"[0.6746184825897217, -0.03495359420776367, -0.019037101417779922, -0.22062712907791138, -0.19525302946567535, 0.04775961488485336, -0.02735503576695919, -0.006320965476334095, -0.9996059536933899, 0.699999988079071, 0.0, 0.0, 0.019696658477187157, -0.16249103844165802, 0.3177276849746704, 0.3085848093032837, -4.172325134277344e-07, -0.037623196840286255, -0.020516037940979004, -0.19083741307258606, -0.5854920744895935, -0.31877419352531433, 0.41957026720046997, -0.07092100381851196, 0.37859228253364563, 0.2813303470611572, 0.23388025164604187, 0.5966569781303406, -1.9937753677368164e-05, 0.5440663695335388, 0.7953397631645203, -1.5231778621673584, -2.2201528549194336, 1.0955235958099365, 0.7690567970275879, 0.7440791130065918, 0.48617181181907654, -0.5460520386695862, 0.36412039399147034, 0.6241767406463623, 2.3145337104797363, 0.48802706599235535, -0.007140129804611206, -0.6945359706878662, -1.4601402282714844, -1.12440824508667, 1.6590261459350586, -0.09564772993326187, 1.0, 1.0, 1.0, 1.0, 0.0, 1.0, 1.0, 1.0, 1.0, 1.0, 1.0, 1.0]"
315,0.0,0.0,0.0,4.280264693079516e-05,0.0,318.5696716308594,4.138605436310172e-05,0.0,308.02630615234375,0.0,0.0,0.0,0.6809765100479126,-0.05261680483818054,0.009486675262451172,0.03404027968645096,-0.1590493619441986,0.32027727365493774,0.3188161551952362,0.5477596521377563,-0.42129427194595337,0.39107486605644226,-0.6215772032737732,-1.419512152671814,0.4970618784427643,-0.35733762383461,0.7307873368263245,"[0.6809765100479126, -0.05261680483818054, 0.009486675262451172, -0.023532144725322723, -0.25669631361961365, 0.014098032377660275, -0.03207175061106682, -0.004006375093013048, -0.9994774460792542, 0.699999988079071, 0.0, 0.0, 0.03404027968645096, -0.1590493619441986, 0.32027727365493774, 0.3188161551952362, -4.172325134277344e-07, -0.02129426598548889, -0.008925139904022217, -0.22157719731330872, -0.619512140750885, -0.3029381334781647, 0.44266238808631897, -0.06921267509460449, 0.8562564253807068, 0.10199514031410217, 0.07499886304140091, 0.4183792173862457, -2.0831823348999023e-05, 0.8883070349693298, 0.5791292190551758, -1.4392979145050049, -1.3851218223571777, 0.6827212572097778, 1.2196862697601318, -0.5393736362457275, 0.5656138062477112, -0.5799044966697693, 0.3493393659591675, 0.59764564037323, 2.388061046600342, 0.568067193031311, -0.09638866782188416, -0.6731524467468262, -1.42776358127594, -1.1774868965148926, 1.742126703262329, -0.21825125813484192, 1.0, 1.0, 1.0, 1.0, 0.0, 1.0, 1.0, 1.0, 1.0, 1.0, 1.0, 1.0]"
316,0.0,0.0,0.0,4.4470907596405596e-05,0.0,330.9861145019531,4.180241739959456e-05,0.0,311.12518310546875,0.0,0.0,0.0,0.6999192833900452,-0.07049986720085144,0.05506769195199013,0.05596540868282318,-0.1604759842157364,0.317996621131897,0.3233676850795746,0.5477596521377563,-0.39551085233688354,0.39799365401268005,-0.6455550789833069,-1.4382258653640747,0.4993288218975067,-0.32501378655433655,0.7081295847892761,"[0.6999192833900452, -0.07049986720085144, 0.05506769195199013, 0.243274986743927, -0.27472683787345886, -0.003480672836303711, -0.03741031512618065, -0.007201638072729111, -0.9992743730545044, 0.699999988079071, 0.0, 0.0, 0.05596540868282318, -0.1604759842157364, 0.317996621131897, 0.3233676850795746, -4.172325134277344e-07, 0.004489153623580933, -0.002006351947784424, -0.2455550730228424, -0.6382258534431458, -0.30067119002342224, 0.4749862253665924, -0.09187042713165283, 1.2664052248001099, -0.1290198117494583, -0.15983542799949646, 0.14734770357608795, -2.142786979675293e-05, 1.3798550367355347, 0.3205321133136749, -0.9690983891487122, -0.5839720964431763, -0.05155166983604431, 1.705181360244751, -1.5680814981460571, 0.6471918225288391, -0.5872582793235779, 0.31700271368026733, 0.6031235456466675, 2.4328999519348145, 0.5763052701950073, -0.21672546863555908, -0.528854489326477, -1.3528308868408203, -1.2615931034088135, 1.8309061527252197, -0.3356321156024933, 1.0, 1.0, 1.0, 1.0, 0.0, 1.0, 1.0, 1.0, 1.0, 1.0, 1.0, 1.0]"
317,0.0,0.0,0.0,4.025103407911956e-05,0.0,299.5785827636719,4.1594372305553406e-05,0.0,309.5767517089844,0.0,0.0,0.0,0.7240108251571655,-0.08791458606719971,0.09864345192909241,0.08834374696016312,-0.16473841667175293,0.3125864565372467,0.3235243558883667,0.5477596521377563,-0.36047062277793884,0.3978656828403473,-0.6548327207565308,-1.4374538660049438,0.487617552280426,-0.2797892689704895,0.6648467183113098,"[0.7240108251571655, -0.08791458606719971, 0.09864345192909241, 0.37533873319625854, -0.29222455620765686, -0.012055673636496067, -0.04298378527164459, -0.014010313898324966, -0.9989777207374573, 0.699999988079071, 0.0, 0.0, 0.08834374696016312, -0.16473841667175293, 0.3125864565372467, 0.3235243558883667, -4.172325134277344e-07, 0.039529383182525635, -0.0021343231201171875, -0.2548327147960663, -0.6374538540840149, -0.31238245964050293, 0.5202107429504395, -0.13515329360961914, 1.8297253847122192, -0.2299632430076599, -0.2748132348060608, -0.09042065590620041, -2.1904706954956055e-05, 1.8209980726242065, -0.08533402532339096, -0.04977533593773842, 0.6358140707015991, -0.6967354416847229, 2.4511208534240723, -2.7560880184173584, 0.7305582165718079, -0.6444099545478821, 0.3288794457912445, 0.5180304050445557, 2.423887252807617, 0.5097393989562988, -0.4194106161594391, -0.3540286719799042, -1.1953871250152588, -1.307673692703247, 1.9521371126174927, -0.5263146162033081, 1.0, 1.0, 1.0, 1.0, 0.0, 1.0, 1.0, 1.0, 1.0, 1.0, 1.0, 1.0]"
318,0.0,0.0,0.0,2.6029279979411513e-05,0.0,193.72958374023438,3.844300954369828e-05,0.0,286.1219177246094,0.0,0.0,0.0,0.7408027052879333,-0.0939876139163971,0.1158161610364914,0.13103903830051422,-0.1704641878604889,0.30560484528541565,0.31568244099617004,0.5477597117424011,-0.3194423019886017,0.38753542304039,-0.6407709121704102,-1.4013638496398926,0.4683242738246918,-0.21525846421718597,0.5973641872406006,"[0.7408027052879333, -0.0939876139163971, 0.1158161610364914, 0.38509050011634827, -0.37786924839019775, -0.026094049215316772, -0.04954998567700386, -0.02255644090473652, -0.998516857624054, 0.699999988079071, 0.0, 0.0, 0.13103903830051422, -0.1704641878604889, 0.30560484528541565, 0.31568244099617004, -3.5762786865234375e-07, 0.08055770397186279, -0.012464582920074463, -0.24077090620994568, -0.6013638377189636, -0.3316757380962372, 0.5847415328025818, -0.20263582468032837, 2.361891746520996, -0.24696505069732666, -0.28994712233543396, -0.595775306224823, -2.1249055862426758e-05, 2.050168752670288, -0.6864718198776245, 1.3289682865142822, 2.94048810005188, -0.8738082647323608, 3.6232516765594482, -4.277975082397461, 0.7291965484619141, -0.5938857793807983, 0.48646172881126404, 0.33648136258125305, 2.1468276977539062, 0.14542004466056824, -0.6511870622634888, 0.031691551208496094, -0.801609992980957, -1.130882978439331, 1.8756811618804932, -0.9045106172561646, 1.0, 1.0, 1.0, 1.0, 0.0, 1.0, 1.0, 1.0, 1.0, 1.0, 1.0, 1.0]"
319,0.0,0.0,0.0,1.2001792129012756e-06,0.0,8.932640075683594,0.0,0.0,0.0,0.0,0.0,0.0,0.7324683666229248,-0.08307194709777832,0.009892703033983707,0.18064813315868378,-0.17552123963832855,0.30048051476478577,0.2936370074748993,0.5477597117424011,-0.2854278087615967,0.36799269914627075,-0.5944000482559204,-1.3151034116744995,0.4621448814868927,-0.14674347639083862,0.49918627738952637,"[0.7324683666229248, -0.08307194709777832, 0.009892703033983707, 0.3511768579483032, -0.471559077501297, -0.003889989573508501, -0.05838482081890106, -0.029459988698363304, -0.9978595972061157, 0.699999988079071, 0.0, 0.0, 0.18064813315868378, -0.17552123963832855, 0.30048051476478577, 0.2936370074748993, -3.5762786865234375e-07, 0.1145721971988678, -0.032007306814193726, -0.19440004229545593, -0.5151033997535706, -0.33785513043403625, 0.6532565355300903, -0.3008137345314026, 2.379286289215088, -0.2942727506160736, -0.1934661865234375, -1.4881683588027954, -2.09808349609375e-05, 1.2152208089828491, -0.7527904510498047, 2.9015300273895264, 5.083062171936035, 0.2166198492050171, 0.8139431476593018, -5.002630233764648, 0.22518488764762878, 0.05048331245779991, 0.8570661544799805, 0.06420031189918518, 1.6067019701004028, -0.767917275428772, -0.4932294189929962, 0.6548885107040405, -0.23981814086437225, -0.2541901171207428, 0.8531777262687683, -1.0665171146392822, 1.0, 1.0, 1.0, 1.0, 0.0, 1.0, 1.0, 1.0, 1.0, 1.0, 1.0, 1.0]"
320,0.0,0.0,0.0,0.0,0.0,0.0,0.0,0.0,0.0,5.98902661295142e-05,0.0,445.7486267089844,0.6675058007240295,-0.09418803453445435,-0.032268233597278595,0.23455438017845154,-0.1657235026359558,0.3195217251777649,0.3044862151145935,0.5477597713470459,-0.3054320216178894,0.34546375274658203,-0.5786246061325073,-1.2045843601226807,0.5403974056243896,-0.23269692063331604,0.5114677548408508,"[0.6675058007240295, -0.09418803453445435, -0.032268233597278595, -0.6711099147796631, 0.07508799433708191, 0.035923924297094345, -0.060336850583553314, -0.0211239792406559, -0.9979543089866638, 0.699999988079071, 0.0, 0.0, 0.23455438017845154, -0.1657235026359558, 0.3195217251777649, 0.3044862151145935, -2.980232238769531e-07, 0.09456798434257507, -0.054536253213882446, -0.17862460017204285, -0.4045843482017517, -0.2596026062965393, 0.5673030614852905, -0.2885322570800781, 2.3451600074768066, 0.8046133518218994, 1.3482168912887573, 0.7600326538085938, -1.8656253814697266e-05, -2.115981340408325, -1.5090420246124268, 0.9679762125015259, 5.721151828765869, 5.374351978302002, -4.641177654266357, -0.020970433950424194, 0.05606958270072937, -0.1281743347644806, 0.8853583335876465, -0.20691511034965515, 1.6353623867034912, -0.6412353515625, -0.18868926167488098, 0.7310103178024292, -0.15035010874271393, 0.08601906150579453, 0.136783629655838, -1.0519523620605469, 1.0, 1.0, 1.0, 1.0, 0.0, 1.0, 1.0, 1.0, 1.0, 1.0, 1.0, 1.0]"
321,0.0,0.0,0.0,0.0,0.0,0.0,0.0,0.0,0.0,5.842515020049177e-05,0.0,434.8441162109375,0.6750775575637817,-0.04662613198161125,-0.03163014352321625,0.25010576844215393,-0.15197770297527313,0.34653550386428833,0.3168725371360779,0.5477597117424011,-0.3666532039642334,0.31682977080345154,-0.5564371943473816,-1.1027950048446655,0.6292445659637451,-0.34722521901130676,0.49853822588920593,"[0.6750775575637817, -0.04662613198161125, -0.03163014352321625, -0.3058919310569763, 0.4885724186897278, 0.1239541620016098, -0.05349685251712799, -0.009977832436561584, -0.9985179901123047, 0.699999988079071, 0.0, 0.0, 0.25010576844215393, -0.15197770297527313, 0.34653550386428833, 0.3168725371360779, -3.5762786865234375e-07, 0.03334680199623108, -0.08317023515701294, -0.15643718838691711, -0.3027949929237366, -0.17075544595718384, 0.4527747929096222, -0.301461786031723, -0.3870214819908142, 0.3847287893295288, 1.0591586828231812, 0.3395390510559082, -1.3977289199829102e-05, -3.378662586212158, -1.167264461517334, 1.0574367046356201, 4.405111789703369, 3.206908941268921, -6.718407154083252, -0.8060729503631592, -0.04206809401512146, -0.17237088084220886, 0.4440927803516388, 0.0721777081489563, 1.5882929563522339, -0.5758211612701416, -0.016348540782928467, 0.8716559410095215, -0.19816617667675018, -0.23087063431739807, 0.4004194140434265, -0.9390786290168762, 1.0, 1.0, 1.0, 1.0, 0.0, 1.0, 1.0, 1.0, 1.0, 1.0, 1.0, 1.0]"
322,0.0,0.0,0.0,0.0,0.0,0.0,0.0,0.0,0.0,4.483215161599219e-05,0.0,333.67474365234375,0.7006587386131287,0.0168180949985981,-0.058025509119033813,0.20795726776123047,-0.15670187771320343,0.34508681297302246,0.31343579292297363,0.5477597117424011,-0.43289005756378174,0.2933118939399719,-0.5379764437675476,-1.053890347480774,0.6349281668663025,-0.41222336888313293,0.4829605221748352,"[0.7006587386131287, 0.0168180949985981, -0.058025509119033813, 0.4198620915412903, 0.7533872723579407, 0.21902059018611908, -0.04050740599632263, -0.013924388214945793, -0.9990823864936829, 0.699999988079071, 0.0, 0.0, 0.20795726776123047, -0.15670187771320343, 0.34508681297302246, 0.31343579292297363, -3.5762786865234375e-07, -0.03289005160331726, -0.10668811202049255, -0.13797643780708313, -0.25389033555984497, -0.16507184505462646, 0.387776643037796, -0.31703948974609375, -2.8496127128601074, -0.4900267720222473, -0.8019120693206787, -0.42583853006362915, -1.5944242477416992e-05, -2.9885358810424805, -1.4448448419570923, 0.7451150417327881, 0.8368807435035706, -2.08259654045105, 0.6535797119140625, -0.6758125424385071, 0.08784839510917664, -0.3299277126789093, 0.12080781161785126, 0.10136303305625916, 1.7269004583358765, 0.02464708685874939, -0.17362162470817566, 0.5405281782150269, -0.5718427896499634, -0.7371530532836914, 1.2275526523590088, -0.9965965151786804, 1.0, 1.0, 1.0, 1.0, 0.0, 1.0, 1.0, 1.0, 1.0, 1.0, 1.0, 1.0]"
323,0.0,0.0,0.0,0.0,0.0,0.0,0.0,0.0,0.0,1.6310186765622348e-05,0.0,121.39273071289062,0.7400916814804077,0.05216681957244873,-0.15452411770820618,0.14243736863136292,-0.1724434792995453,0.3096904158592224,0.3007694482803345,0.5477596521377563,-0.4726520776748657,0.2634926438331604,-0.5259113907814026,-1.0768803358078003,0.5509218573570251,-0.3440859317779541,0.4714977443218231,"[0.7400916814804077, 0.05216681957244873, -0.15452411770820618, 0.8013476133346558, 0.9598419070243835, 0.21239081025123596, -0.022704511880874634, -0.026707952842116356, -0.9993855357170105, 0.699999988079071, 0.0, 0.0, 0.14243736863136292, -0.1724434792995453, 0.3096904158592224, 0.3007694482803345, -4.172325134277344e-07, -0.07265207171440125, -0.13650736212730408, -0.1259113848209381, -0.27688032388687134, -0.2490781545639038, 0.45591408014297485, -0.32850226759910583, -3.405306100845337, -1.0070650577545166, -2.2652299404144287, -0.8166045546531677, -1.7315149307250977e-05, -1.2302730083465576, -1.566119909286499, 0.32740044593811035, -2.309234142303467, -5.34956169128418, 4.760237693786621, -0.22883754968643188, 0.14684799313545227, -0.6171515583992004, 0.39928582310676575, 0.20102515816688538, 1.828024983406067, 0.5021412372589111, -0.4372082054615021, -0.5698757171630859, -0.9664788246154785, -1.1339606046676636, 1.6959946155548096, -0.5565627217292786, 1.0, 1.0, 1.0, 1.0, 0.0, 1.0, 1.0, 1.0, 1.0, 1.0, 1.0, 1.0]"
324,0.0,0.0,0.0,0.0,0.0,0.0,1.321689342148602e-05,0.0,98.37010955810547,0.0,0.0,0.0,0.7228381037712097,0.053152795881032944,-0.12466107308864594,0.08879031985998154,-0.17472060024738312,0.3077337443828583,0.29914289712905884,0.5477596521377563,-0.4646003246307373,0.3003612756729126,-0.5206111669540405,-1.1358722448349,0.43803831934928894,-0.3762170970439911,0.5109440088272095,"[0.7228381037712097, 0.053152795881032944, -0.12466107308864594, -0.3290899395942688, 0.022928748279809952, 0.12037722766399384, -0.01588706485927105, -0.025360729545354843, -0.9995521306991577, 0.699999988079071, 0.0, 0.0, 0.08879031985998154, -0.17472060024738312, 0.3077337443828583, 0.29914289712905884, -4.172325134277344e-07, -0.06460031867027283, -0.09963873028755188, -0.12061116099357605, -0.33587223291397095, -0.36196169257164, 0.42378291487693787, -0.2890560030937195, -2.4988820552825928, -0.12477533519268036, 0.006584644317626953, -0.018825799226760864, -1.6301870346069336e-05, 1.1158214807510376, 1.9789785146713257, -0.15806829929351807, -3.424933433532715, -5.206030368804932, 1.0828852653503418, 4.170653820037842, 0.3061842620372772, -0.8031337261199951, 0.1280045360326767, 0.44457218050956726, 1.8883057832717896, 0.22954866290092468, -0.4877435863018036, -0.6626294851303101, -0.9639190435409546, -1.0271855592727661, 1.6513068675994873, -0.2195095419883728, 1.0, 1.0, 1.0, 1.0, 0.0, 1.0, 1.0, 1.0, 1.0, 1.0, 1.0, 1.0]"
325,0.0,0.0,0.0,4.188535604043864e-05,0.0,311.7424621582031,5.588480053120293e-05,0.0,415.9368896484375,0.0,0.0,0.0,0.6501975059509277,0.05059356614947319,-0.09917087107896805,0.0452340804040432,-0.1781836599111557,0.31261831521987915,0.296199232339859,0.5477597117424011,-0.4503994584083557,0.3299921452999115,-0.5367841124534607,-1.1957886219024658,0.41968196630477905,-0.38366490602493286,0.5976401567459106,"[0.6501975059509277, 0.05059356614947319, -0.09917087107896805, -0.26315364241600037, -0.2947392463684082, 0.07311660796403885, -0.020585257560014725, -0.018111426383256912, -0.9996243119239807, 0.699999988079071, 0.0, 0.0, 0.0452340804040432, -0.1781836599111557, 0.31261831521987915, 0.296199232339859, -3.5762786865234375e-07, -0.050399452447891235, -0.07000786066055298, -0.13678410649299622, -0.39578860998153687, -0.3803180456161499, 0.4163351058959961, -0.2023598551750183, -2.104976177215576, 0.16027286648750305, 0.16848166286945343, -0.16283567249774933, -6.258487701416016e-06, -0.5388317704200745, 1.4759278297424316, -1.0304189920425415, -2.8881280422210693, 2.959474802017212, -0.23698899149894714, 3.701592445373535, 0.4372172951698303, -0.4668242335319519, 0.2761092185974121, 0.5304378271102905, 2.06193208694458, 0.5613504648208618, 0.163421630859375, -0.46959760785102844, -1.1699090003967285, -1.222140908241272, 1.5629277229309082, -0.031611405313014984, 1.0, 1.0, 1.0, 1.0, 0.0, 1.0, 1.0, 1.0, 1.0, 1.0, 1.0, 1.0]"
326,0.0,0.0,0.0,5.4261385230347514e-05,0.0,403.8542175292969,3.682741953525692e-05,0.0,274.09747314453125,0.0,0.0,0.0,0.6580167412757874,0.014206144027411938,-0.041268669068813324,0.014927836135029793,-0.17646965384483337,0.3137199878692627,0.29572880268096924,0.5477596521377563,-0.44707393646240234,0.3521425127983093,-0.5603717565536499,-1.2602617740631104,0.45541253685951233,-0.37846559286117554,0.6647237539291382,"[0.6580167412757874, 0.014206144027411938, -0.041268669068813324, -0.136582151055336, -0.20465102791786194, 0.05195881053805351, -0.02562706358730793, -0.015057552605867386, -0.99955815076828, 0.699999988079071, 0.0, 0.0, 0.014927836135029793, -0.17646965384483337, 0.3137199878692627, 0.29572880268096924, -4.172325134277344e-07, -0.047073930501937866, -0.04785749316215515, -0.16037175059318542, -0.4602617621421814, -0.3445874750614166, 0.4215344190597534, -0.13527625799179077, -1.074256181716919, 0.10852912068367004, 0.0893702432513237, 0.16226103901863098, -1.704692840576172e-05, 0.3053741753101349, 1.047929048538208, -1.223463535308838, -3.642091751098633, 1.4682807922363281, 0.3212295174598694, 3.070732831954956, 0.44866862893104553, -0.6194390654563904, 0.4566129744052887, 0.5879695415496826, 2.2113351821899414, 0.5173424482345581, 0.03744277358055115, -0.8244781494140625, -1.4189136028289795, -0.9597697257995605, 1.6100102663040161, -0.08097372204065323, 1.0, 1.0, 1.0, 1.0, 0.0, 1.0, 1.0, 1.0, 1.0, 1.0, 1.0, 1.0]"
327,0.0,0.0,0.0,4.2080850107595325e-05,0.0,313.1974792480469,3.535019641276449e-05,0.0,263.1028747558594,0.0,0.0,0.0,0.6660213470458984,-0.025603104382753372,-0.029161155223846436,0.011815759353339672,-0.17147471010684967,0.31826743483543396,0.3057340383529663,0.5477596521377563,-0.4371430277824402,0.3690374195575714,-0.5870655179023743,-1.3361302614212036,0.4786401093006134,-0.3669695258140564,0.7033394575119019,"[0.6660213470458984, -0.025603104382753372, -0.029161155223846436, -0.2939549684524536, -0.16289368271827698, 0.01187047827988863, -0.029002152383327484, -0.009972896426916122, -0.9995294809341431, 0.699999988079071, 0.0, 0.0, 0.011815759353339672, -0.17147471010684967, 0.31826743483543396, 0.3057340383529663, -4.172325134277344e-07, -0.03714302182197571, -0.030962586402893066, -0.1870655119419098, -0.5361302495002747, -0.32135990262031555, 0.43303048610687256, -0.0966605544090271, 0.3066123127937317, 0.30354198813438416, 0.31516796350479126, 0.640049397945404, -1.755356788635254e-05, 0.4069855511188507, 0.7840811014175415, -1.3994642496109009, -3.6605052947998047, 1.2815381288528442, 0.6898252367973328, 1.2669591903686523, 0.49950650334358215, -0.48949483036994934, 0.3371460735797882, 0.6105486154556274, 2.269594669342041, 0.49229779839515686, 0.11003482341766357, -0.6337677836418152, -1.4817231893539429, -1.0984727144241333, 1.6450159549713135, -0.08424202352762222, 1.0, 1.0, 1.0, 1.0, 0.0, 1.0, 1.0, 1.0, 1.0, 1.0, 1.0, 1.0]"
328,0.0,0.0,0.0,4.434458969626576e-05,0.0,330.04595947265625,3.980306792072952e-05,0.0,296.2445068359375,0.0,0.0,0.0,0.6774483323097229,-0.04631105065345764,-0.010480854660272598,0.02680407091975212,-0.16658148169517517,0.3232109844684601,0.31777268648147583,0.5477597117424011,-0.4235391914844513,0.38192129135131836,-0.6151639819145203,-1.3982545137405396,0.49791234731674194,-0.34759747982025146,0.7184535264968872,"[0.6774483323097229, -0.04631105065345764, -0.010480854660272598, -0.1222887709736824, -0.21972090005874634, -0.01193450391292572, -0.03301839157938957, -0.005522689316421747, -0.9994395971298218, 0.699999988079071, 0.0, 0.0, 0.02680407091975212, -0.16658148169517517, 0.3232109844684601, 0.31777268648147583, -3.5762786865234375e-07, -0.023539185523986816, -0.018078714609146118, -0.2151639759540558, -0.5982545018196106, -0.302087664604187, 0.4524025321006775, -0.08154648542404175, 0.9006217122077942, 0.15749569237232208, 0.1857108324766159, 0.5088654160499573, -1.8537044525146484e-05, 0.7041065096855164, 0.641910195350647, -1.340541958808899, -2.640784978866577, 0.9442681074142456, 1.0178742408752441, 0.371066153049469, 0.5314869284629822, -0.5221657156944275, 0.3397325575351715, 0.6098054647445679, 2.348402500152588, 0.5357563495635986, -0.038252055644989014, -0.6910150051116943, -1.4581016302108765, -1.1712851524353027, 1.710273265838623, -0.14757689833641052, 1.0, 1.0, 1.0, 1.0, 0.0, 1.0, 1.0, 1.0, 1.0, 1.0, 1.0, 1.0]"
329,0.0,0.0,0.0,4.6579501940868795e-05,0.0,346.6798400878906,4.214445289107971e-05,0.0,313.6708679199219,0.0,0.0,0.0,0.6952586770057678,-0.06418567150831223,0.03441699594259262,0.04909563809633255,-0.1666669100522995,0.3230243921279907,0.32422780990600586,0.5477596521377563,-0.4009622633457184,0.39079204201698303,-0.6384277939796448,-1.4324722290039062,0.504756510257721,-0.3196331262588501,0.714845597743988,"[0.6952586770057678, -0.06418567150831223, 0.03441699594259262, 0.16461972892284393, -0.2531684339046478, -0.01977558434009552, -0.03786632791161537, -0.006801356561481953, -0.9992595911026001, 0.699999988079071, 0.0, 0.0, 0.04909563809633255, -0.1666669100522995, 0.3230243921279907, 0.32422780990600586, -4.172325134277344e-07, -0.0009622573852539062, -0.009207963943481445, -0.2384277880191803, -0.6324722170829773, -0.295243501663208, 0.48036688566207886, -0.08515441417694092, 1.2364473342895508, -0.08734278380870819, -0.07550274580717087, 0.23583318293094635, -1.9341707229614258e-05, 1.197320580482483, 0.41634541749954224, -0.9994809031486511, -1.112663745880127, 0.23378849029541016, 1.4788203239440918, -0.6062256097793579, 0.599392831325531, -0.5185165405273438, 0.2990589439868927, 0.608176589012146, 2.3922276496887207, 0.5539674758911133, -0.13794490694999695, -0.5863752365112305, -1.3904449939727783, -1.2415803670883179, 1.772869348526001, -0.23952552676200867, 1.0, 1.0, 1.0, 1.0, 0.0, 1.0, 1.0, 1.0, 1.0, 1.0, 1.0, 1.0]"
330,0.0,0.0,0.0,4.371125760371797e-05,0.0,325.33221435546875,4.232723586028442e-05,0.0,315.0312805175781,0.0,0.0,0.0,0.7166761159896851,-0.08136367797851562,0.08134988695383072,0.07911710441112518,-0.1702899932861328,0.31878939270973206,0.3262749910354614,0.5477596521377563,-0.36875733733177185,0.3930130898952484,-0.6512854695320129,-1.4399775266647339,0.4971740245819092,-0.27918514609336853,0.690130352973938,"[0.7166761159896851, -0.08136367797851562, 0.08134988695383072, 0.3435716927051544, -0.27316439151763916, -0.021258322522044182, -0.04312578961253166, -0.012507561594247818, -0.998991072177887, 0.699999988079071, 0.0, 0.0, 0.07911710441112518, -0.1702899932861328, 0.31878939270973206, 0.3262749910354614, -4.172325134277344e-07, 0.031242668628692627, -0.0069869160652160645, -0.25128546357154846, -0.6399775147438049, -0.3028259873390198, 0.5208148956298828, -0.10986965894699097, 1.6498723030090332, -0.22551703453063965, -0.2401696890592575, 0.0024873754009604454, -2.0265579223632812e-05, 1.6627225875854492, 0.04078315570950508, -0.322614848613739, 0.15468278527259827, -0.4580935537815094, 2.1761250495910645, -1.9230506420135498, 0.6892363429069519, -0.6044209599494934, 0.311970055103302, 0.5414345860481262, 2.433084011077881, 0.527401328086853, -0.3375554382801056, -0.4604441821575165, -1.2777765989303589, -1.3135942220687866, 1.899595856666565, -0.42168283462524414, 1.0, 1.0, 1.0, 1.0, 0.0, 1.0, 1.0, 1.0, 1.0, 1.0, 1.0, 1.0]"
331,0.0,0.0,0.0,3.45925145666115e-05,0.0,257.463623046875,4.095864642295055e-05,0.0,304.84521484375,0.0,0.0,0.0,0.7365614771842957,-0.08983125537633896,0.11320003867149353,0.11739524453878403,-0.17634595930576324,0.3118250370025635,0.32068800926208496,0.5477596521377563,-0.3287390470504761,0.385968953371048,-0.6456440091133118,-1.4175149202346802,0.47852832078933716,-0.2214272916316986,0.6345306634902954,"[0.7365614771842957, -0.08983125537633896, 0.11320003867149353, 0.4446735084056854, -0.33052653074264526, -0.03597059100866318, -0.04909433424472809, -0.021144650876522064, -0.9985703825950623, 0.699999988079071, 0.0, 0.0, 0.11739524453878403, -0.17634595930576324, 0.3118250370025635, 0.32068800926208496, -4.172325134277344e-07, 0.0712609589099884, -0.014031052589416504, -0.2456440031528473, -0.6175149083137512, -0.3214716911315918, 0.5785727500915527, -0.16546934843063354, 2.1032397747039795, -0.31716233491897583, -0.33814963698387146, -0.48033207654953003, -2.0503997802734375e-05, 2.0268642902374268, -0.4860790967941284, 0.8037006258964539, 2.081540822982788, -0.9186246395111084, 3.181154727935791, -3.769838809967041, 0.7858380675315857, -0.6578395366668701, 0.3443184196949005, 0.4212229549884796, 2.313601016998291, 0.35841700434684753, -0.5765939950942993, -0.15437224507331848, -0.9811536073684692, -1.2498115301132202, 1.9873148202896118, -0.766583263874054, 1.0, 1.0, 1.0, 1.0, 0.0, 1.0, 1.0, 1.0, 1.0, 1.0, 1.0, 1.0]"
332,0.0,0.0,0.0,1.1028301969417953e-06,0.0,8.20809555053711,1.9736697140615433e-05,0.0,146.89541625976562,0.0,0.0,0.0,0.7388735413551331,-0.08593833446502686,0.06218115612864494,0.16510963439941406,-0.1827760934829712,0.30498525500297546,0.30294957756996155,0.5477597117424011,-0.2890286147594452,0.3671170175075531,-0.6114268898963928,-1.3460347652435303,0.46303626894950867,-0.14054860174655914,0.5429612398147583,"[0.7388735413551331, -0.08593833446502686, 0.06218115612864494, 0.30458736419677734, -0.4656728506088257, -0.0371113158762455, -0.05697076767683029, -0.02963009476661682, -0.9979361295700073, 0.699999988079071, 0.0, 0.0, 0.16510963439941406, -0.1827760934829712, 0.30498525500297546, 0.30294957756996155, -3.5762786865234375e-07, 0.11097139120101929, -0.03288298845291138, -0.21142688393592834, -0.5460347533226013, -0.3369637429714203, 0.659451425075531, -0.25703877210617065, 2.5736937522888184, -0.22452206909656525, -0.20959050953388214, -1.1090251207351685, -2.244114875793457e-05, 1.8376505374908447, -0.9313327074050903, 2.400686264038086, 4.725155353546143, -1.1100062131881714, 4.234604358673096, -5.226491928100586, 0.4342919588088989, -0.20471611618995667, 0.7476392984390259, 0.18414613604545593, 1.716409683227539, -0.5450006723403931, -0.6100232601165771, 0.5655229091644287, -0.3914164900779724, -0.5373569130897522, 1.2292120456695557, -1.1278767585754395, 1.0, 1.0, 1.0, 1.0, 0.0, 1.0, 1.0, 1.0, 1.0, 1.0, 1.0, 1.0]"
333,0.0,0.0,0.0,0.0,0.0,0.0,0.0,0.0,0.0,4.2438445234438404e-05,0.0,315.8589782714844,0.6813638210296631,-0.09744678437709808,-0.03386431559920311,0.2213560789823532,-0.18097257614135742,0.3139212727546692,0.3006783723831177,0.5477597117424011,-0.28947901725769043,0.34843334555625916,-0.5815296769142151,-1.236308217048645,0.5088047385215759,-0.20102576911449432,0.5178430676460266,"[0.6813638210296631, -0.09744678437709808, -0.03386431559920311, -0.48273754119873047, 0.0026564898435026407, -0.004951865877956152, -0.06110994145274162, -0.027857638895511627, -0.9977421164512634, 0.699999988079071, 0.0, 0.0, 0.2213560789823532, -0.18097257614135742, 0.3139212727546692, 0.3006783723831177, -3.5762786865234375e-07, 0.11052098870277405, -0.05156666040420532, -0.1815296709537506, -0.43630820512771606, -0.291195273399353, 0.5989742279052734, -0.28215694427490234, 2.875626802444458, 0.46936362981796265, 1.0585472583770752, 0.6470782160758972, -1.4483928680419922e-05, -1.3188915252685547, -1.1208648681640625, 0.9094778299331665, 5.686249256134033, 4.49500036239624, -6.070614337921143, 0.2931218445301056, 0.03550630807876587, 0.09737219661474228, 1.0881543159484863, -0.1742754876613617, 1.5100826025009155, -0.790867805480957, -0.29717645049095154, 0.6860383749008179, -0.1357405036687851, 0.06243851035833359, 0.13206346333026886, -0.9345275163650513, 1.0, 1.0, 1.0, 1.0, 0.0, 1.0, 1.0, 1.0, 1.0, 1.0, 1.0, 1.0]"
334,0.0,0.0,0.0,0.0,0.0,0.0,0.0,0.0,0.0,5.6422017223667353e-05,0.0,419.9352722167969,0.669678807258606,-0.07094446569681168,-0.03637855127453804,0.25775784254074097,-0.16223737597465515,0.3460937440395355,0.3170502483844757,0.5477597713470459,-0.3440493643283844,0.31587859988212585,-0.5587549209594727,-1.1259307861328125,0.6080110669136047,-0.3067874610424042,0.5060171484947205,"[0.669678807258606, -0.07094446569681168, -0.03637855127453804, -0.6457598209381104, 0.41740506887435913, 0.08914878964424133, -0.05562994256615639, -0.012806489132344723, -0.9983692765235901, 0.699999988079071, 0.0, 0.0, 0.25775784254074097, -0.16223737597465515, 0.3460937440395355, 0.3170502483844757, -2.980232238769531e-07, 0.05595064163208008, -0.08412140607833862, -0.15875491499900818, -0.32593077421188354, -0.19198894500732422, 0.4932125508785248, -0.2939828634262085, 0.7651740312576294, 0.9218860268592834, 1.553035855293274, 0.7943217158317566, -1.1771917343139648e-05, -3.2588963508605957, -1.543347716331482, 1.204760193824768, 5.145670413970947, 4.098660469055176, -5.724555969238281, -0.9154890775680542, 0.007303567603230476, -0.24485722184181213, 0.3799581825733185, 0.02335551381111145, 1.6480302810668945, -0.5769578218460083, 0.04740461707115173, 0.9183140993118286, -0.16480869054794312, -0.12205145508050919, 0.29789528250694275, -1.006924033164978, 1.0, 1.0, 1.0, 1.0, 0.0, 1.0, 1.0, 1.0, 1.0, 1.0, 1.0, 1.0]"
335,0.0,0.0,0.0,0.0,0.0,0.0,0.0,0.0,0.0,4.815443026018329e-05,0.0,358.4016418457031,0.6978104114532471,0.004523139446973801,-0.04850560054183006,0.2287144660949707,-0.160708487033844,0.3519129455089569,0.3170665502548218,0.5477597117424011,-0.4131551682949066,0.2944757044315338,-0.5389600992202759,-1.057080626487732,0.6402809619903564,-0.4131467044353485,0.4897093176841736,"[0.6978104114532471, 0.004523139446973801, -0.04850560054183006, 0.3820279538631439, 0.7138665318489075, 0.21820862591266632, -0.043618399649858475, -0.013624060899019241, -0.9989556670188904, 0.699999988079071, 0.0, 0.0, 0.2287144660949707, -0.160708487033844, 0.3519129455089569, 0.3170665502548218, -3.5762786865234375e-07, -0.013155162334442139, -0.10552430152893066, -0.1389600932598114, -0.257080614566803, -0.1597190499305725, 0.38685330748558044, -0.31029069423675537, -2.51387619972229, -0.3537479639053345, -0.5792386531829834, -0.2824936807155609, -1.2785196304321289e-05, -3.3271965980529785, -1.191794753074646, 0.8320578932762146, 2.0246527194976807, -0.39064309000968933, -2.144580602645874, -0.7120862007141113, 0.022106142714619637, -0.2427322268486023, 0.22945363819599152, 0.1060628592967987, 1.6250149011611938, -0.21673157811164856, -0.16972187161445618, 0.7279688119888306, -0.4300305247306824, -0.5785743594169617, 0.9799668788909912, -1.0410970449447632, 1.0, 1.0, 1.0, 1.0, 0.0, 1.0, 1.0, 1.0, 1.0, 1.0, 1.0, 1.0]"
336,0.0,0.0,0.0,0.0,0.0,0.0,0.0,0.0,0.0,2.2836406060378067e-05,0.0,169.96578979492188,0.737761378288269,0.04485637694597244,-0.11324049532413483,0.1657082438468933,-0.17243017256259918,0.32015538215637207,0.3060019910335541,0.5477597117424011,-0.4643033742904663,0.26578065752983093,-0.522885262966156,-1.0597854852676392,0.5792074203491211,-0.3658687174320221,0.4721210300922394,"[0.737761378288269, 0.04485637694597244, -0.11324049532413483, 0.6748123168945312, 0.9695081114768982, 0.2510233521461487, -0.0260978564620018, -0.024816827848553658, -0.9993512630462646, 0.699999988079071, 0.0, 0.0, 0.1657082438468933, -0.17243017256259918, 0.32015538215637207, 0.3060019910335541, -3.5762786865234375e-07, -0.06430336833000183, -0.13421934843063354, -0.12288525700569153, -0.2597854733467102, -0.22079259157180786, 0.43413129448890686, -0.3278789818286896, -3.3711752891540527, -0.6815193295478821, -2.0607619285583496, -0.6472412943840027, -1.5527009963989258e-05, -1.8493338823318481, -1.5339632034301758, 0.6706985235214233, -1.4988181591033936, -4.867348670959473, 4.113217353820801, -0.822102427482605, 0.07683689892292023, -0.44775429368019104, 0.34865429997444153, 0.08140859007835388, 1.8027782440185547, 0.4480663239955902, -0.3866647481918335, -0.22300243377685547, -0.8392547369003296, -1.0676665306091309, 1.6793062686920166, -0.7231199741363525, 1.0, 1.0, 1.0, 1.0, 0.0, 1.0, 1.0, 1.0, 1.0, 1.0, 1.0, 1.0]"
337,0.0,0.0,0.0,0.0,0.0,0.0,4.87057986902073e-05,0.0,362.5054016113281,0.0,0.0,0.0,0.7533652186393738,0.03895363584160805,-0.07702748477458954,0.10546372830867767,-0.17292580008506775,0.3068685829639435,0.30130845308303833,0.5477596521377563,-0.47007426619529724,0.2869834303855896,-0.5112562775611877,-1.1054922342300415,0.46723464131355286,-0.3715830147266388,0.4849017858505249,"[0.7533652186393738, 0.03895363584160805, -0.07702748477458954, -0.5103694796562195, 0.09621189534664154, 0.22046013176441193, -0.014480285346508026, -0.02765345200896263, -0.9995123147964478, 0.699999988079071, 0.0, 0.0, 0.10546372830867767, -0.17292580008506775, 0.3068685829639435, 0.30130845308303833, -4.172325134277344e-07, -0.07007426023483276, -0.11301657557487488, -0.11125627160072327, -0.30549222230911255, -0.3327653706073761, 0.42841699719429016, -0.31509822607040405, -2.622551202774048, 0.6260005831718445, 0.450959175825119, 0.23298369348049164, -2.2292137145996094e-05, 0.6055940389633179, 3.6203689575195312, 0.5962495803833008, -2.537872314453125, -5.034525394439697, -3.9493494033813477, 2.551327705383301, 0.28575843572616577, -0.8426135778427124, 0.1965218335390091, 0.4058554768562317, 1.826050043106079, 0.2387811243534088, -0.49536678194999695, -0.7834004163742065, -0.9503921270370483, -1.0446808338165283, 1.6092100143432617, -0.288503497838974, 1.0, 1.0, 1.0, 1.0, 0.0, 1.0, 1.0, 1.0, 1.0, 1.0, 1.0, 1.0]"
338,0.0,0.0,0.0,2.6152707505389117e-05,0.0,194.64820861816406,4.59594521089457e-05,0.0,342.0649719238281,0.0,0.0,0.0,0.6701514720916748,0.05989491567015648,-0.1365533173084259,0.05662618950009346,-0.17659540474414825,0.3132125735282898,0.2979167401790619,0.5477596521377563,-0.44473883509635925,0.31488877534866333,-0.5205848217010498,-1.1729397773742676,0.40025490522384644,-0.3772745430469513,0.5765572786331177,"[0.6701514720916748, 0.05989491567015648, -0.1365533173084259, -0.8011759519577026, -0.43513402342796326, 0.03554144129157066, -0.01830093376338482, -0.01838773861527443, -0.9996633529663086, 0.699999988079071, 0.0, 0.0, 0.05662618950009346, -0.17659540474414825, 0.3132125735282898, 0.2979167401790619, -4.172325134277344e-07, -0.044738829135894775, -0.08511123061180115, -0.12058481574058533, -0.3729397654533386, -0.3997451066970825, 0.42272546887397766, -0.22344273328781128, -1.8652012348175049, 0.8278408050537109, 0.6721153855323792, 0.10163119435310364, -3.758072853088379e-05, 1.321284532546997, 1.5060359239578247, -0.7630427479743958, -3.841582775115967, 6.742653846740723, 0.059391893446445465, 4.631617069244385, 0.42905208468437195, -0.444546639919281, 0.2666502892971039, 0.4472019374370575, 1.9673422574996948, 0.4447934925556183, 0.20782195031642914, -0.4716326892375946, -1.3695710897445679, -1.122148036956787, 1.4187366962432861, 0.00559147447347641, 1.0, 1.0, 1.0, 1.0, 0.0, 1.0, 1.0, 1.0, 1.0, 1.0, 1.0, 1.0]"
339,0.0,0.0,0.0,7.183106936281547e-05,0.0,534.6210327148438,2.6902402169071138e-05,0.0,200.22799682617188,0.0,0.0,0.0,0.6579654216766357,0.026002539321780205,-0.04831831529736519,0.019508153200149536,-0.17256443202495575,0.3154295086860657,0.29410678148269653,0.5477596521377563,-0.44045063853263855,0.3373289406299591,-0.5447861552238464,-1.2665209770202637,0.43587759137153625,-0.3729533553123474,0.6542524695396423,"[0.6579654216766357, 0.026002539321780205, -0.04831831529736519, -0.1300744265317917, -0.1559160053730011, 0.06397103518247604, -0.023169081658124924, -0.013636641204357147, -0.9996389150619507, 0.699999988079071, 0.0, 0.0, 0.019508153200149536, -0.17256443202495575, 0.3154295086860657, 0.29410678148269653, -4.172325134277344e-07, -0.04045063257217407, -0.06267106533050537, -0.14478614926338196, -0.4665209650993347, -0.3641224205493927, 0.42704665660858154, -0.14574754238128662, -1.4438047409057617, 0.0971657857298851, 0.06938700377941132, -0.04136304929852486, -1.8656253814697266e-05, 0.20649635791778564, 1.071635365486145, -1.422241449356079, -4.890650272369385, 1.48508882522583, 0.14832782745361328, 3.6157026290893555, 0.5470079779624939, -0.6716296672821045, 0.3325527012348175, 0.7829780578613281, 2.4364733695983887, 0.5686721801757812, -0.012593865394592285, -0.9602093696594238, -1.5770349502563477, -1.1620947122573853, 1.7063589096069336, -0.08813700824975967, 1.0, 1.0, 1.0, 1.0, 0.0, 1.0, 1.0, 1.0, 1.0, 1.0, 1.0, 1.0]"
340,0.0,0.0,0.0,4.154121779720299e-05,0.0,309.18115234375,3.650956568890251e-05,0.0,271.7317810058594,0.0,0.0,0.0,0.6637647747993469,-0.02679058164358139,-0.015087641775608063,0.014744751155376434,-0.16595081984996796,0.32117995619773865,0.30795636773109436,0.5477596521377563,-0.4300912320613861,0.35502925515174866,-0.5792410373687744,-1.3614181280136108,0.45539143681526184,-0.36547842621803284,0.7013144493103027,"[0.6637647747993469, -0.02679058164358139, -0.015087641775608063, -0.40090298652648926, -0.07850515842437744, 0.030151445418596268, -0.025023840367794037, -0.007149464916437864, -0.9996610879898071, 0.699999988079071, 0.0, 0.0, 0.014744751155376434, -0.16595081984996796, 0.32117995619773865, 0.30795636773109436, -4.172325134277344e-07, -0.03009122610092163, -0.04497075080871582, -0.17924103140830994, -0.5614181160926819, -0.3446085751056671, 0.4345215857028961, -0.09868556261062622, 0.3769944906234741, 0.4405175745487213, 0.4160389006137848, 1.011391282081604, -1.9371509552001953e-05, 0.4858502149581909, 0.7862926125526428, -1.8208248615264893, -4.321906089782715, 0.9634697437286377, 0.525402843952179, 1.3751921653747559, 0.501943051815033, -0.5006818175315857, 0.34632787108421326, 0.5355687141418457, 2.2246851921081543, 0.45505914092063904, 0.14564868807792664, -0.5617842078208923, -1.5381813049316406, -0.9749257564544678, 1.6049374341964722, -0.09001866728067398, 1.0, 1.0, 1.0, 1.0, 0.0, 1.0, 1.0, 1.0, 1.0, 1.0, 1.0, 1.0]"
341,0.0,0.0,0.0,3.777826714213006e-05,0.0,281.1744079589844,3.892074164468795e-05,0.0,289.6775817871094,0.0,0.0,0.0,0.6742532849311829,-0.04041869565844536,-0.008299078792333603,0.03099653497338295,-0.15968704223632812,0.32701992988586426,0.32438501715660095,0.5477597117424011,-0.41655874252319336,0.36833620071411133,-0.6128308176994324,-1.4190694093704224,0.4727817177772522,-0.34833604097366333,0.7147658467292786,"[0.6742532849311829, -0.04041869565844536, -0.008299078792333603, -0.14198102056980133, -0.20865951478481293, 0.0007163974223658442, -0.028161488473415375, -0.001522135455161333, -0.9996023774147034, 0.699999988079071, 0.0, 0.0, 0.03099653497338295, -0.15968704223632812, 0.32701992988586426, 0.32438501715660095, -3.5762786865234375e-07, -0.016558736562728882, -0.03166380524635315, -0.2128308117389679, -0.6190693974494934, -0.32721829414367676, 0.4516639709472656, -0.08523416519165039, 0.9070090651512146, 0.19034695625305176, 0.18760108947753906, 0.5841283798217773, -2.0623207092285156e-05, 0.6981267333030701, 0.6744760870933533, -1.5155423879623413, -1.9823799133300781, 0.8944527506828308, 0.9427146315574646, 0.4200957119464874, 0.5153910517692566, -0.5318034291267395, 0.33769455552101135, 0.652870774269104, 2.3953943252563477, 0.5415076017379761, -0.05148833990097046, -0.6622745990753174, -1.4651250839233398, -1.2313709259033203, 1.7510169744491577, -0.13561144471168518, 1.0, 1.0, 1.0, 1.0, 0.0, 1.0, 1.0, 1.0, 1.0, 1.0, 1.0, 1.0]"
342,0.0,0.0,0.0,4.493339656619355e-05,0.0,334.42828369140625,4.160916432738304e-05,0.0,309.6868591308594,0.0,0.0,0.0,0.6934923529624939,-0.05446254462003708,0.033396657556295395,0.05099223554134369,-0.16017591953277588,0.32602062821388245,0.32942426204681396,0.5477596521377563,-0.39498478174209595,0.3783210217952728,-0.636120080947876,-1.4401240348815918,0.48116132616996765,-0.32183074951171875,0.7106302380561829,"[0.6934923529624939, -0.05446254462003708, 0.033396657556295395, 0.17713595926761627, -0.2680807113647461, -0.0022444408386945724, -0.03321715444326401, -0.003110807854682207, -0.9994434714317322, 0.699999988079071, 0.0, 0.0, 0.05099223554134369, -0.16017591953277588, 0.32602062821388245, 0.32942426204681396, -4.172325134277344e-07, 0.00501522421836853, -0.02167898416519165, -0.2361200749874115, -0.6401240229606628, -0.3188386857509613, 0.4781692624092102, -0.0893697738647461, 1.0946952104568481, -0.09189770370721817, -0.11392243206501007, 0.125413179397583, -2.1219253540039062e-05, 1.1848247051239014, 0.47374227643013, -0.9053488969802856, -0.5518687963485718, 0.23772791028022766, 1.4293248653411865, -0.8653131127357483, 0.6083521246910095, -0.5304514169692993, 0.3262529969215393, 0.590034008026123, 2.4079532623291016, 0.5881463289260864, -0.12100642919540405, -0.5778259038925171, -1.3933541774749756, -1.2447335720062256, 1.7897263765335083, -0.28495776653289795, 1.0, 1.0, 1.0, 1.0, 0.0, 1.0, 1.0, 1.0, 1.0, 1.0, 1.0, 1.0]"
343,0.0,0.0,0.0,4.263703522155993e-05,0.0,317.3370361328125,4.1976913053076714e-05,0.0,312.42388916015625,0.0,0.0,0.0,0.7148549556732178,-0.07376527786254883,0.08085610717535019,0.078510582447052,-0.1640293300151825,0.3211711347103119,0.3293461203575134,0.5477595925331116,-0.3634795546531677,0.38181406259536743,-0.6470192670822144,-1.4402365684509277,0.4745708107948303,-0.2831592857837677,0.6797495484352112,"[0.7148549556732178, -0.07376527786254883, 0.08085610717535019, 0.3416922092437744, -0.2776300311088562, -0.00843740813434124, -0.03861727938055992, -0.008964159525930882, -0.9992136359214783, 0.699999988079071, 0.0, 0.0, 0.078510582447052, -0.1640293300151825, 0.3211711347103119, 0.3293461203575134, -4.76837158203125e-07, 0.03652045130729675, -0.018185943365097046, -0.24701926112174988, -0.6402365565299988, -0.32542920112609863, 0.5168406963348389, -0.12025046348571777, 1.5576117038726807, -0.21840502321720123, -0.2582205533981323, -0.08371040225028992, -2.1457672119140625e-05, 1.6588482856750488, 0.10858708620071411, -0.24622085690498352, 0.41584718227386475, -0.4818493127822876, 2.0924313068389893, -2.1855170726776123, 0.7007107138633728, -0.6224153637886047, 0.3183237612247467, 0.5572819709777832, 2.45587158203125, 0.5567898750305176, -0.32923638820648193, -0.43435192108154297, -1.2675360441207886, -1.3231555223464966, 1.9208145141601562, -0.4705082178115845, 1.0, 1.0, 1.0, 1.0, 0.0, 1.0, 1.0, 1.0, 1.0, 1.0, 1.0, 1.0]"
344,0.0,0.0,0.0,3.305382779217325e-05,0.0,246.01156616210938,4.067230474902317e-05,0.0,302.71405029296875,0.0,0.0,0.0,0.7340391874313354,-0.08394420892000198,0.11186827719211578,0.11579716205596924,-0.17001302540302277,0.3140196204185486,0.3227577209472656,0.5477596521377563,-0.32410937547683716,0.37635502219200134,-0.6403346061706543,-1.4164105653762817,0.4566352963447571,-0.22795337438583374,0.6191893815994263,"[0.7340391874313354, -0.08394420892000198, 0.11186827719211578, 0.43248459696769714, -0.33193662762641907, -0.026886234059929848, -0.04459240287542343, -0.017450176179409027, -0.9988526105880737, 0.699999988079071, 0.0, 0.0, 0.11579716205596924, -0.17001302540302277, 0.3140196204185486, 0.3227577209472656, -4.172325134277344e-07, 0.07589063048362732, -0.023644983768463135, -0.24033460021018982, -0.6164105534553528, -0.3433647155761719, 0.5720466375350952, -0.18081063032150269, 2.0767569541931152, -0.30594581365585327, -0.3412914276123047, -0.500402569770813, -2.1189451217651367e-05, 2.010122776031494, -0.400475412607193, 0.8333715200424194, 2.0352015495300293, -0.9158443212509155, 3.056614637374878, -3.9163615703582764, 0.781090497970581, -0.6643393039703369, 0.3569032847881317, 0.43738821148872375, 2.3321633338928223, 0.3737957775592804, -0.5465430021286011, -0.13997574150562286, -0.9747016429901123, -1.257756233215332, 1.9917631149291992, -0.7953915596008301, 1.0, 1.0, 1.0, 1.0, 0.0, 1.0, 1.0, 1.0, 1.0, 1.0, 1.0, 1.0]"
345,0.0,0.0,0.0,1.3529490843211534e-06,0.0,10.069669723510742,2.0682124159066007e-05,0.0,153.9320068359375,0.0,0.0,0.0,0.7349646687507629,-0.08027584105730057,0.060428865253925323,0.16302847862243652,-0.17624786496162415,0.30713728070259094,0.30544155836105347,0.5477597117424011,-0.2855159044265747,0.359444797039032,-0.6061622500419617,-1.34922194480896,0.44304952025413513,-0.15009021759033203,0.527592658996582,"[0.7349646687507629, -0.08027584105730057, 0.060428865253925323, 0.28756964206695557, -0.4785606563091278, -0.026940621435642242, -0.05262003093957901, -0.025649281218647957, -0.9982853531837463, 0.699999988079071, 0.0, 0.0, 0.16302847862243652, -0.17624786496162415, 0.30713728070259094, 0.30544155836105347, -3.5762786865234375e-07, 0.11448410153388977, -0.040555208921432495, -0.2061622440814972, -0.549221932888031, -0.3569504916667938, 0.6499097943305969, -0.2724073529243469, 2.5488624572753906, -0.21483929455280304, -0.211506649851799, -1.063555359840393, -2.1278858184814453e-05, 1.7578344345092773, -0.8456334471702576, 2.375615119934082, 4.423723220825195, -0.8136403560638428, 4.103867053985596, -5.139068126678467, 0.43448999524116516, -0.20119145512580872, 0.7426876425743103, 0.20281407237052917, 1.7440210580825806, -0.5088917016983032, -0.5830134153366089, 0.5409020185470581, -0.4010183811187744, -0.5523876547813416, 1.2543597221374512, -1.1205157041549683, 1.0, 1.0, 1.0, 1.0, 0.0, 1.0, 1.0, 1.0, 1.0, 1.0, 1.0, 1.0]"
346,0.0,0.0,0.0,0.0,0.0,0.0,0.0,0.0,0.0,8.060144318733364e-05,0.0,599.8967895507812,0.677730143070221,-0.09175138920545578,-0.025908008217811584,0.21857820451259613,-0.17438265681266785,0.3153713345527649,0.30239927768707275,0.5477597713470459,-0.2864839434623718,0.34240198135375977,-0.5698745846748352,-1.2458815574645996,0.49165478348731995,-0.2024984359741211,0.49721792340278625,"[0.677730143070221, -0.09175138920545578, -0.025908008217811584, -0.6495310068130493, 0.040222395211458206, -0.008081888779997826, -0.05727389082312584, -0.023847263306379318, -0.9980736970901489, 0.699999988079071, 0.0, 0.0, 0.21857820451259613, -0.17438265681266785, 0.3153713345527649, 0.30239927768707275, -2.980232238769531e-07, 0.11351606249809265, -0.05759802460670471, -0.16987457871437073, -0.44588154554367065, -0.308345228433609, 0.5975015759468079, -0.3027820885181427, 3.1016433238983154, 0.6013898849487305, 1.2066113948822021, 0.6920422315597534, -1.6897916793823242e-05, -1.3722299337387085, -1.089128851890564, 0.7530217170715332, 5.325994491577148, 4.5595703125, -5.786701679229736, 0.26755037903785706, 0.04670354723930359, 0.11079701036214828, 1.0737996101379395, -0.17154470086097717, 1.5329643487930298, -0.7578319311141968, -0.29353246092796326, 0.6713190078735352, -0.12567192316055298, 0.04089643806219101, 0.19516007602214813, -0.9376314282417297, 1.0, 1.0, 1.0, 1.0, 0.0, 1.0, 1.0, 1.0, 1.0, 1.0, 1.0, 1.0]"
347,0.0,0.0,0.0,0.0,0.0,0.0,0.0,0.0,0.0,5.3654010116588324e-05,0.0,399.33367919921875,0.6673394441604614,-0.0636981874704361,-0.03760172799229622,0.2566933035850525,-0.15520413219928741,0.34760063886642456,0.3194897770881653,0.5477597117424011,-0.34103336930274963,0.31220221519470215,-0.5464093089103699,-1.1362175941467285,0.593015193939209,-0.30695581436157227,0.48360490798950195,"[0.6673394441604614, -0.0636981874704361, -0.03760172799229622, -0.6454833745956421, 0.41683873534202576, 0.09462140500545502, -0.05154575780034065, -0.007755530998110771, -0.998640775680542, 0.699999988079071, 0.0, 0.0, 0.2566933035850525, -0.15520413219928741, 0.34760063886642456, 0.3194897770881653, -3.5762786865234375e-07, 0.058966636657714844, -0.08779779076576233, -0.1464093029499054, -0.33621758222579956, -0.20698481798171997, 0.4930441975593567, -0.316395103931427, 0.7752237915992737, 0.8937056660652161, 1.4825668334960938, 0.8060885667800903, -1.1235475540161133e-05, -3.2324259281158447, -1.4290024042129517, 1.1803309917449951, 5.255743026733398, 4.22466516494751, -5.553147315979004, -0.8851571679115295, -0.016223696991801262, -0.211769700050354, 0.3854921758174896, 0.06220552325248718, 1.6269992589950562, -0.5598838329315186, 0.047452718019485474, 0.8894165754318237, -0.16113591194152832, -0.14679941534996033, 0.32458654046058655, -0.9838898777961731, 1.0, 1.0, 1.0, 1.0, 0.0, 1.0, 1.0, 1.0, 1.0, 1.0, 1.0, 1.0]"
348,0.0,0.0,0.0,0.0,0.0,0.0,0.0,0.0,0.0,4.600516695063561e-05,0.0,342.40521240234375,0.693544864654541,0.010893741622567177,-0.0586283802986145,0.2262556403875351,-0.1541360318660736,0.35129719972610474,0.31872788071632385,0.5477597117424011,-0.4089279770851135,0.2931445240974426,-0.5282869935035706,-1.064632534980774,0.6266369819641113,-0.408514142036438,0.4705493748188019,"[0.693544864654541, 0.010893741622567177, -0.0586283802986145, 0.42425262928009033, 0.6793903708457947, 0.22636941075325012, -0.04003357142210007, -0.00939699076116085, -0.9991543889045715, 0.699999988079071, 0.0, 0.0, 0.2262556403875351, -0.1541360318660736, 0.35129719972610474, 0.31872788071632385, -3.5762786865234375e-07, -0.008927971124649048, -0.10685548186302185, -0.12828698754310608, -0.26463252305984497, -0.17336302995681763, 0.39148586988449097, -0.3294506371021271, -2.5945632457733154, -0.3566723167896271, -0.6678262948989868, -0.3088171184062958, -1.2725591659545898e-05, -3.2629523277282715, -1.068131446838379, 0.7076394557952881, 2.1428444385528564, -0.31512969732284546, -1.9638234376907349, -0.4610464572906494, 0.010388882830739021, -0.2501632273197174, 0.2512505352497101, 0.09916159510612488, 1.6197998523712158, -0.19810262322425842, -0.17029055953025818, 0.710938572883606, -0.4337526559829712, -0.589392900466919, 1.0045944452285767, -1.0288610458374023, 1.0, 1.0, 1.0, 1.0, 0.0, 1.0, 1.0, 1.0, 1.0, 1.0, 1.0, 1.0]"
349,0.0,0.0,0.0,0.0,0.0,0.0,0.0,0.0,0.0,2.200616836489644e-05,0.0,163.78652954101562,0.7323856949806213,0.05028437823057175,-0.12722747027873993,0.16183456778526306,-0.16618134081363678,0.3187623918056488,0.3070196807384491,0.5477597117424011,-0.45910319685935974,0.26673880219459534,-0.5147955417633057,-1.0652674436569214,0.5684074759483337,-0.3592608869075775,0.45811280608177185,"[0.7323856949806213, 0.05028437823057175, -0.12722747027873993, 0.711949348449707, 0.9288992285728455, 0.2511838972568512, -0.02328573167324066, -0.021386930719017982, -0.9994999170303345, 0.699999988079071, 0.0, 0.0, 0.16183456778526306, -0.16618134081363678, 0.3187623918056488, 0.3070196807384491, -3.5762786865234375e-07, -0.059103190898895264, -0.13326120376586914, -0.11479553580284119, -0.26526743173599243, -0.23159253597259521, 0.44073912501335144, -0.3418872058391571, -3.4278242588043213, -0.7146090865135193, -2.071723461151123, -0.6648390889167786, -1.558661460876465e-05, -1.8102788925170898, -1.4374181032180786, 0.5318199396133423, -1.3765366077423096, -4.70851993560791, 4.220088005065918, -0.5373296737670898, 0.07794290781021118, -0.44479772448539734, 0.36182472109794617, 0.07858112454414368, 1.8029390573501587, 0.45261910557746887, -0.39149555563926697, -0.23291219770908356, -0.8308438062667847, -1.0651623010635376, 1.6763503551483154, -0.7026589512825012, 1.0, 1.0, 1.0, 1.0, 0.0, 1.0, 1.0, 1.0, 1.0, 1.0, 1.0, 1.0]"
350,0.0,0.0,0.0,0.0,0.0,0.0,5.689370937034255e-06,0.0,42.344600677490234,0.0,0.0,0.0,0.7356780171394348,0.05288051813840866,-0.10041661560535431,0.10202283412218094,-0.16512665152549744,0.3073296844959259,0.30373844504356384,0.5477596521377563,-0.4636427164077759,0.2949219346046448,-0.5043356418609619,-1.108550786972046,0.45970210433006287,-0.3663288652896881,0.47749561071395874,"[0.7356780171394348, 0.05288051813840866, -0.10041661560535431, -0.3156384825706482, 0.09380467236042023, 0.18927191197872162, -0.013864977285265923, -0.022493166849017143, -0.9996511340141296, 0.699999988079071, 0.0, 0.0, 0.10202283412218094, -0.16512665152549744, 0.3073296844959259, 0.30373844504356384, -4.172325134277344e-07, -0.0636427104473114, -0.1050780713558197, -0.10433563590049744, -0.30855077505111694, -0.3402979075908661, 0.43367114663124084, -0.3225044012069702, -2.8153762817382812, 0.29816585779190063, -0.00884157419204712, -0.025776036083698273, -1.963973045349121e-05, 0.604069173336029, 2.453918695449829, 0.33873897790908813, -2.736524820327759, -5.117429256439209, 1.9565439224243164, 3.0635244846343994, 0.2867923676967621, -0.8396860361099243, 0.2018434852361679, 0.4147462546825409, 1.8384073972702026, 0.2625976502895355, -0.4962266981601715, -0.7726010084152222, -0.946887195110321, -1.0528604984283447, 1.6117817163467407, -0.27859196066856384, 1.0, 1.0, 1.0, 1.0, 0.0, 1.0, 1.0, 1.0, 1.0, 1.0, 1.0, 1.0]"
351,0.0,0.0,0.0,3.210211070836522e-05,0.0,238.9281463623047,4.5086264435667545e-05,0.0,335.5660400390625,0.0,0.0,0.0,0.6663872003555298,0.055145446211099625,-0.1626202017068863,0.05318712443113327,-0.16928958892822266,0.3125602900981903,0.29848939180374146,0.5477596521377563,-0.4380820691585541,0.32822704315185547,-0.5160951614379883,-1.1718212366104126,0.3925291895866394,-0.380186527967453,0.5718897581100464,"[0.6663872003555298, 0.055145446211099625, -0.1626202017068863, -0.6999470591545105, -0.40869632363319397, 0.03796838968992233, -0.01791437715291977, -0.014761274680495262, -0.9997304081916809, 0.699999988079071, 0.0, 0.0, 0.05318712443113327, -0.16928958892822266, 0.3125602900981903, 0.29848939180374146, -4.172325134277344e-07, -0.0380820631980896, -0.07177296280860901, -0.1160951554775238, -0.37182122468948364, -0.40747082233428955, 0.41981348395347595, -0.22811025381088257, -1.7826261520385742, 1.4511908292770386, 0.5870640873908997, 0.05920170620083809, -7.539987564086914e-06, 1.2858389616012573, 1.43209969997406, -0.8929810523986816, -3.160921096801758, -0.2498321533203125, 0.0715862363576889, 4.620693206787109, 0.44096413254737854, -0.523261308670044, 0.2908914089202881, 0.5042851567268372, 2.01460862159729, 0.4857848584651947, 0.1006404459476471, -0.4488651752471924, -1.1507834196090698, -1.1990349292755127, 1.5315055847167969, -0.01696345955133438, 1.0, 1.0, 1.0, 1.0, 0.0, 1.0, 1.0, 1.0, 1.0, 1.0, 1.0, 1.0]"
352,0.0,0.0,0.0,6.4003725128714e-05,0.0,476.3640441894531,3.922586256521754e-05,0.0,291.948486328125,0.0,0.0,0.0,0.652958333492279,0.03201815485954285,-0.06483874469995499,0.019506752490997314,-0.16618718206882477,0.31506723165512085,0.29604053497314453,0.5477597117424011,-0.4436242878437042,0.3508085608482361,-0.5406806468963623,-1.2423516511917114,0.4419059753417969,-0.375482439994812,0.6459997892379761,"[0.652958333492279, 0.03201815485954285, -0.06483874469995499, -0.16375291347503662, -0.22495037317276, 0.04730287939310074, -0.02336718887090683, -0.009857852011919022, -0.9996784925460815, 0.699999988079071, 0.0, 0.0, 0.019506752490997314, -0.16618718206882477, 0.31506723165512085, 0.29604053497314453, -3.5762786865234375e-07, -0.043624281883239746, -0.049191445112228394, -0.14068064093589783, -0.44235163927078247, -0.3580940365791321, 0.42451757192611694, -0.15400022268295288, -1.313023567199707, 0.10314017534255981, 0.10068487375974655, -0.004625949077308178, -1.7642974853515625e-05, 0.08041393756866455, 1.0752437114715576, -1.3005212545394897, -3.815251111984253, 1.8407437801361084, 0.2617543041706085, 3.223109245300293, 0.4799180328845978, -0.5376576781272888, 0.277283638715744, 0.6294660568237305, 2.2047948837280273, 0.6571674346923828, 0.050920695066452026, -0.7149796485900879, -1.385482668876648, -1.243508219718933, 1.6367199420928955, -0.13041895627975464, 1.0, 1.0, 1.0, 1.0, 0.0, 1.0, 1.0, 1.0, 1.0, 1.0, 1.0, 1.0]"
353,0.0,0.0,0.0,4.75510059914086e-05,0.0,353.9105224609375,3.8154983485583216e-05,0.0,283.97821044921875,0.0,0.0,0.0,0.6733501553535461,-0.014877562411129475,-0.007033063564449549,0.008699296973645687,-0.16391298174858093,0.31654828786849976,0.3022209703922272,0.5477596521377563,-0.4312345087528229,0.3698079586029053,-0.5676044225692749,-1.3206143379211426,0.45974552631378174,-0.36849063634872437,0.6854469180107117,"[0.6733501553535461, -0.014877562411129475, -0.007033063564449549, -0.12349803745746613, -0.10088714212179184, 0.03962910920381546, -0.02603275142610073, -0.0074818553403019905, -0.9996328353881836, 0.699999988079071, 0.0, 0.0, 0.008699296973645687, -0.16391298174858093, 0.31654828786849976, 0.3022209703922272, -4.172325134277344e-07, -0.0312345027923584, -0.030192047357559204, -0.16760441660881042, -0.5206143260002136, -0.3402544856071472, 0.4315093755722046, -0.11455309391021729, -0.06093785911798477, 0.1662338227033615, 0.13121873140335083, 0.5128838419914246, -1.8775463104248047e-05, 0.6904617547988892, 0.8755393624305725, -1.3949421644210815, -3.7445878982543945, 0.6748669743537903, 0.4434971809387207, 1.3600424528121948, 0.4981682598590851, -0.5705589056015015, 0.385039359331131, 0.5994929075241089, 2.2700819969177246, 0.4808668792247772, 0.06408193707466125, -0.6981308460235596, -1.459039568901062, -1.0209001302719116, 1.6267924308776855, -0.10945073515176773, 1.0, 1.0, 1.0, 1.0, 0.0, 1.0, 1.0, 1.0, 1.0, 1.0, 1.0, 1.0]"
354,0.0,0.0,0.0,3.6532779631670564e-05,0.0,271.904541015625,3.917045978596434e-05,0.0,291.5361328125,0.0,0.0,0.0,0.6761540174484253,-0.040598589926958084,0.002627057023346424,0.020957905799150467,-0.15996883809566498,0.31982946395874023,0.3156266212463379,0.5477597117424011,-0.4145183265209198,0.38299426436424255,-0.5977391600608826,-1.3836349248886108,0.47157007455825806,-0.3513055145740509,0.7054755091667175,"[0.6761540174484253, -0.040598589926958084, 0.002627057023346424, -0.13706137239933014, -0.17895850539207458, 0.006115487776696682, -0.028902437537908554, -0.004324362613260746, -0.9995728731155396, 0.699999988079071, 0.0, 0.0, 0.020957905799150467, -0.15996883809566498, 0.31982946395874023, 0.3156266212463379, -3.5762786865234375e-07, -0.014518320560455322, -0.017005741596221924, -0.1977391541004181, -0.5836349129676819, -0.3284299373626709, 0.44869449734687805, -0.09452450275421143, 0.8982319235801697, 0.19359742105007172, 0.18164031207561493, 0.6830271482467651, -2.0325183868408203e-05, 0.7913774251937866, 0.6121676564216614, -1.5205563306808472, -2.7480621337890625, 0.6922990679740906, 1.009718894958496, 0.7458306550979614, 0.5115675926208496, -0.5274091958999634, 0.33473363518714905, 0.6430345773696899, 2.3464818000793457, 0.4847264587879181, -0.005804628133773804, -0.6454395055770874, -1.4617763757705688, -1.2049226760864258, 1.7153681516647339, -0.11743233352899551, 1.0, 1.0, 1.0, 1.0, 0.0, 1.0, 1.0, 1.0, 1.0, 1.0, 1.0, 1.0]"
355,0.0,0.0,0.0,4.2113573726965114e-05,0.0,313.4410705566406,4.119880759390071e-05,0.0,306.6326599121094,0.0,0.0,0.0,0.6884688138961792,-0.055000804364681244,0.030021263286471367,0.0434907004237175,-0.15902623534202576,0.3202856779098511,0.32597631216049194,0.5477597117424011,-0.3931330442428589,0.3915545642375946,-0.6253837943077087,-1.4232052564620972,0.4791659414768219,-0.3235373795032501,0.7103834748268127,"[0.6884688138961792, -0.055000804364681244, 0.030021263286471367, 0.10758890956640244, -0.24896711111068726, -0.0059547387063503265, -0.03342685475945473, -0.004526857286691666, -0.9994310140609741, 0.699999988079071, 0.0, 0.0, 0.0434907004237175, -0.15902623534202576, 0.3202856779098511, 0.32597631216049194, -3.5762786865234375e-07, 0.006866961717605591, -0.008445441722869873, -0.22538378834724426, -0.6232052445411682, -0.32083407044410706, 0.47646263241767883, -0.08961653709411621, 1.228089690208435, -0.02608378790318966, -0.039861589670181274, 0.40725043416023254, -2.0891427993774414e-05, 1.1512889862060547, 0.41158902645111084, -1.2184135913848877, -1.455647349357605, 0.25821810960769653, 1.4762336015701294, -0.22753781080245972, 0.5854050517082214, -0.5451869964599609, 0.3420664370059967, 0.6008894443511963, 2.4091286659240723, 0.5451958179473877, -0.12043356895446777, -0.6142564415931702, -1.4168645143508911, -1.2636162042617798, 1.7774430513381958, -0.2274141013622284, 1.0, 1.0, 1.0, 1.0, 0.0, 1.0, 1.0, 1.0, 1.0, 1.0, 1.0, 1.0]"
356,0.0,0.0,0.0,4.268775956006721e-05,0.0,317.7145690917969,4.1987532313214615e-05,0.0,312.5029296875,0.0,0.0,0.0,0.7095459699630737,-0.07096292078495026,0.07427473366260529,0.07222183048725128,-0.16233710944652557,0.31616637110710144,0.33016878366470337,0.5477596521377563,-0.3626127541065216,0.394610732793808,-0.643027663230896,-1.4388254880905151,0.47361475229263306,-0.28483846783638,0.692238450050354,"[0.7095459699630737, -0.07096292078495026, 0.07427473366260529, 0.3235476016998291, -0.26932477951049805, -0.010480476543307304, -0.03862500563263893, -0.00970698706805706, -0.9992067217826843, 0.699999988079071, 0.0, 0.0, 0.07222183048725128, -0.16233710944652557, 0.31616637110710144, 0.33016878366470337, -4.172325134277344e-07, 0.03738725185394287, -0.005389273166656494, -0.24302765727043152, -0.6388254761695862, -0.3263852596282959, 0.5151615142822266, -0.10776156187057495, 1.585984468460083, -0.20670397579669952, -0.2373144030570984, 0.10271104425191879, -2.1636486053466797e-05, 1.6187082529067993, 0.094111368060112, -0.5921225547790527, -0.28144848346710205, -0.4394298195838928, 2.0790300369262695, -1.550113558769226, 0.6819040179252625, -0.5994608402252197, 0.31724104285240173, 0.5781475305557251, 2.451451301574707, 0.5503495931625366, -0.2925993502140045, -0.47986045479774475, -1.3148118257522583, -1.336163878440857, 1.885321855545044, -0.3859977424144745, 1.0, 1.0, 1.0, 1.0, 0.0, 1.0, 1.0, 1.0, 1.0, 1.0, 1.0, 1.0]"
357,0.0,0.0,0.0,3.571381967049092e-05,0.0,265.8092346191406,4.1169831092702225e-05,0.0,306.4170227050781,0.0,0.0,0.0,0.7313834428787231,-0.08259443193674088,0.11054957658052444,0.10993654280900955,-0.1680728942155838,0.3093351721763611,0.327560156583786,0.5477596521377563,-0.32365843653678894,0.3890892267227173,-0.6436705589294434,-1.4262548685073853,0.4556501805782318,-0.23032215237617493,0.6436737179756165,"[0.7313834428787231, -0.08259443193674088, 0.11054957658052444, 0.42698630690574646, -0.3079662024974823, -0.023115893825888634, -0.04430053383111954, -0.017900841310620308, -0.9988577365875244, 0.699999988079071, 0.0, 0.0, 0.10993654280900955, -0.1680728942155838, 0.3093351721763611, 0.327560156583786, -4.172325134277344e-07, 0.07634156942367554, -0.010910779237747192, -0.24367055296897888, -0.6262548565864563, -0.34434983134269714, 0.5696778297424316, -0.1563262939453125, 2.091078758239746, -0.2978990972042084, -0.3319099247455597, -0.2942137122154236, -2.22623348236084e-05, 2.006075859069824, -0.40184521675109863, 0.44670575857162476, 1.4976534843444824, -0.9644184112548828, 2.999055862426758, -3.3654754161834717, 0.7866464257240295, -0.6749871373176575, 0.3386179208755493, 0.4720110595226288, 2.380096435546875, 0.4333811104297638, -0.5385222434997559, -0.2298334538936615, -1.0670926570892334, -1.3170280456542969, 1.9944370985031128, -0.6838335394859314, 1.0, 1.0, 1.0, 1.0, 0.0, 1.0, 1.0, 1.0, 1.0, 1.0, 1.0, 1.0]"
358,0.0,0.0,0.0,8.799429451755714e-06,0.0,65.49199676513672,2.7106882043881342e-05,0.0,201.74989318847656,0.0,0.0,0.0,0.7374122142791748,-0.08211265504360199,0.08435676991939545,0.15805865824222565,-0.17428812384605408,0.30233699083328247,0.314434289932251,0.5477597117424011,-0.2830202877521515,0.37124595046043396,-0.6175820827484131,-1.3663767576217651,0.43819594383239746,-0.15210962295532227,0.5597883462905884,"[0.7374122142791748, -0.08211265504360199, 0.08435676991939545, 0.29332369565963745, -0.4394872784614563, -0.03371397778391838, -0.0516439825296402, -0.026279091835021973, -0.9983199834823608, 0.699999988079071, 0.0, 0.0, 0.15805865824222565, -0.17428812384605408, 0.30233699083328247, 0.314434289932251, -3.5762786865234375e-07, 0.11697971820831299, -0.028754055500030518, -0.2175820767879486, -0.5663767457008362, -0.3618040680885315, 0.6478903889656067, -0.24021166563034058, 2.6595938205718994, -0.19676122069358826, -0.20864678919315338, -0.8521469235420227, -1.9788742065429688e-05, 1.903902292251587, -1.0258803367614746, 1.998016595840454, 4.279353141784668, -0.5115537047386169, 4.335642337799072, -5.03403377532959, 0.5597932934761047, -0.33819466829299927, 0.7115815877914429, 0.24427863955497742, 1.8158239126205444, -0.31901028752326965, -0.684844970703125, 0.41721025109291077, -0.5049464106559753, -0.7799879908561707, 1.4523799419403076, -1.093410849571228, 1.0, 1.0, 1.0, 1.0, 0.0, 1.0, 1.0, 1.0, 1.0, 1.0, 1.0, 1.0]"
359,0.0,0.0,0.0,0.0,0.0,0.0,0.0,0.0,0.0,8.022332622203976e-05,0.0,597.0825805664062,0.6829738616943359,-0.09295050799846649,-0.02841554582118988,0.21363574266433716,-0.17561444640159607,0.30630818009376526,0.30406051874160767,0.5477597713470459,-0.2710365056991577,0.3549252152442932,-0.5742836594581604,-1.2600939273834229,0.4657653570175171,-0.17774489521980286,0.4965836703777313,"[0.6829738616943359, -0.09295050799846649, -0.02841554582118988, -0.4492384195327759, -0.08653420954942703, -0.029835494235157967, -0.05837505683302879, -0.028161942958831787, -0.997897207736969, 0.699999988079071, 0.0, 0.0, 0.21363574266433716, -0.17561444640159607, 0.30630818009376526, 0.30406051874160767, -2.980232238769531e-07, 0.12896350026130676, -0.045074790716171265, -0.17428365349769592, -0.4600939154624939, -0.33423465490341187, 0.6222550868988037, -0.30341634154319763, 3.2193078994750977, 0.38078802824020386, 1.0351487398147583, 0.5404684543609619, -7.748603820800781e-06, -0.7277250289916992, -0.8945336937904358, 0.2903237044811249, 5.450005531311035, 3.549177885055542, -6.111724376678467, 1.5697453022003174, 0.056818753480911255, 0.19351550936698914, 1.1165717840194702, -0.11800113320350647, 1.5152519941329956, -0.8406401872634888, -0.3487447500228882, 0.6842062473297119, -0.13210956752300262, -0.023867107927799225, 0.2832081913948059, -0.9301490783691406, 1.0, 1.0, 1.0, 1.0, 0.0, 1.0, 1.0, 1.0, 1.0, 1.0, 1.0, 1.0]"
360,0.0,0.0,0.0,0.0,0.0,0.0,0.0,0.0,0.0,5.668013545800932e-05,0.0,421.8564147949219,0.6616045236587524,-0.07576438039541245,-0.04311314970254898,0.2608346939086914,-0.15605024993419647,0.34042301774024963,0.3217352330684662,0.5477597713470459,-0.31947487592697144,0.3226461112499237,-0.5544613003730774,-1.1474283933639526,0.5688566565513611,-0.2781795859336853,0.4922712743282318,"[0.6616045236587524, -0.07576438039541245, -0.04311314970254898, -0.7763749957084656, 0.3145821690559387, 0.07885795086622238, -0.054983243346214294, -0.012003498151898384, -0.9984152913093567, 0.699999988079071, 0.0, 0.0, 0.2608346939086914, -0.15605024993419647, 0.34042301774024963, 0.3217352330684662, -2.980232238769531e-07, 0.08052513003349304, -0.07735389471054077, -0.15446129441261292, -0.3474283814430237, -0.23114335536956787, 0.5218204259872437, -0.30772873759269714, 1.3935177326202393, 1.0758534669876099, 1.7350512742996216, 0.919138491153717, -1.1652708053588867e-05, -3.1052913665771484, -1.724510669708252, 1.1766175031661987, 5.494848251342773, 4.682960510253906, -4.761794567108154, -0.7456285953521729, 0.02002209611237049, -0.210306316614151, 0.4242081642150879, -0.012558609247207642, 1.6319843530654907, -0.5754876136779785, 0.061571866273880005, 0.9006247520446777, -0.16788792610168457, -0.09486512094736099, 0.24424245953559875, -0.9338113069534302, 1.0, 1.0, 1.0, 1.0, 0.0, 1.0, 1.0, 1.0, 1.0, 1.0, 1.0, 1.0]"
361,0.0,0.0,0.0,0.0,0.0,0.0,0.0,0.0,0.0,4.9407190090278164e-05,0.0,367.72564697265625,0.6875344514846802,-0.0006341252010315657,-0.05745941773056984,0.24041199684143066,-0.15164005756378174,0.3510122299194336,0.3236495852470398,0.5477597713470459,-0.3894619345664978,0.3026629388332367,-0.5366581082344055,-1.0667465925216675,0.6204649806022644,-0.4031234085559845,0.4819362461566925,"[0.6875344514846802, -0.0006341252010315657, -0.05745941773056984, 0.3599472641944885, 0.6116920113563538, 0.22403419017791748, -0.0449817031621933, -0.01125339325517416, -0.998924195766449, 0.699999988079071, 0.0, 0.0, 0.24041199684143066, -0.15164005756378174, 0.3510122299194336, 0.3236495852470398, -2.980232238769531e-07, 0.010538071393966675, -0.09733706712722778, -0.13665810227394104, -0.2667465806007385, -0.17953503131866455, 0.39687660336494446, -0.31806376576423645, -2.2506139278411865, -0.2660885453224182, -0.3089045286178589, -0.2145775556564331, -1.2218952178955078e-05, -3.5277833938598633, -0.9220716953277588, 0.6778863072395325, 2.807727336883545, 0.9572193026542664, -4.490601062774658, -0.3085411489009857, -0.021501747891306877, -0.20494434237480164, 0.3655480742454529, 0.09337732195854187, 1.5777302980422974, -0.35122719407081604, -0.16247957944869995, 0.7991424798965454, -0.3392851948738098, -0.4800058901309967, 0.7694942355155945, -1.049796462059021, 1.0, 1.0, 1.0, 1.0, 0.0, 1.0, 1.0, 1.0, 1.0, 1.0, 1.0, 1.0]"
362,0.0,0.0,0.0,0.0,0.0,0.0,0.0,0.0,0.0,2.988571213791147e-05,0.0,222.43203735351562,0.7232483625411987,0.04129113629460335,-0.10575070977210999,0.1796417087316513,-0.16160571575164795,0.3259849548339844,0.31378960609436035,0.5477597117424011,-0.4490663707256317,0.27588173747062683,-0.522224485874176,-1.0534604787826538,0.5823578238487244,-0.38001129031181335,0.46962034702301025,"[0.7232483625411987, 0.04129113629460335, -0.10575070977210999, 0.6000963449478149, 0.8854900598526001, 0.2679622769355774, -0.029430020600557327, -0.021693604066967964, -0.9993313550949097, 0.699999988079071, 0.0, 0.0, 0.1796417087316513, -0.16160571575164795, 0.3259849548339844, 0.31378960609436035, -3.5762786865234375e-07, -0.049066364765167236, -0.12411826848983765, -0.12222447991371155, -0.25346046686172485, -0.2176421880722046, 0.4199887216091156, -0.3303796648979187, -3.298632860183716, -0.5666401386260986, -1.6862014532089233, -0.5589942932128906, -1.531839370727539e-05, -2.366028308868408, -1.5252907276153564, 0.6670994758605957, -0.8129906058311462, -4.033337116241455, 3.4928929805755615, -0.7158100008964539, 0.08204655349254608, -0.40090855956077576, 0.2667727768421173, 0.07123491168022156, 1.80050528049469, 0.3656167685985565, -0.33147451281547546, 0.045984745025634766, -0.7467917799949646, -0.9726775288581848, 1.585963249206543, -0.792593777179718, 1.0, 1.0, 1.0, 1.0, 0.0, 1.0, 1.0, 1.0, 1.0, 1.0, 1.0, 1.0]"
363,0.0,0.0,0.0,0.0,0.0,0.0,0.00013905586092732847,0.0,1034.958740234375,0.0,0.0,0.0,0.7640154361724854,0.03436446189880371,-0.0652824118733406,0.11693934351205826,-0.16694121062755585,0.30408066511154175,0.3067302107810974,0.5477597117424011,-0.46812504529953003,0.27908918261528015,-0.511601448059082,-1.0909148454666138,0.48109301924705505,-0.3562445044517517,0.4721090495586395,"[0.7640154361724854, 0.03436446189880371, -0.0652824118733406, -0.6454242467880249, 0.1379304975271225, 0.28316614031791687, -0.01531765516847372, -0.028292488306760788, -0.9994826316833496, 0.699999988079071, 0.0, 0.0, 0.11693934351205826, -0.16694121062755585, 0.30408066511154175, 0.3067302107810974, -3.5762786865234375e-07, -0.06812503933906555, -0.12091082334518433, -0.11160144209861755, -0.2909148335456848, -0.3189069926738739, 0.44375550746917725, -0.32789096236228943, -2.4665560722351074, 0.8693675994873047, 0.6264477968215942, 0.509949803352356, -2.2083520889282227e-05, 0.07345917820930481, 4.380427360534668, 0.9041559100151062, -1.9360511302947998, -4.599550247192383, -5.587538242340088, 1.2251005172729492, 0.2765338718891144, -0.8305991888046265, 0.29295793175697327, 0.37655141949653625, 1.8448156118392944, 0.3499906361103058, -0.4878099858760834, -0.8184976577758789, -0.973505973815918, -1.0761349201202393, 1.6026434898376465, -0.3449763059616089, 1.0, 1.0, 1.0, 1.0, 0.0, 1.0, 1.0, 1.0, 1.0, 1.0, 1.0, 1.0]"
364,0.0,0.0,0.0,0.0,0.0,0.0,6.073397526051849e-05,0.0,452.02813720703125,0.0,0.0,0.0,0.6878352165222168,0.07352293282747269,-0.15126579999923706,0.0669206753373146,-0.1711590588092804,0.3092224895954132,0.30399784445762634,0.5477596521377563,-0.4474070072174072,0.320707231760025,-0.518111526966095,-1.1625733375549316,0.38787123560905457,-0.38281673192977905,0.5602616667747498,"[0.6878352165222168, 0.07352293282747269, -0.15126579999923706, -0.5914310812950134, -0.2668920159339905, 0.032955072820186615, -0.016709866002202034, -0.020574329420924187, -0.9996486902236938, 0.699999988079071, 0.0, 0.0, 0.0669206753373146, -0.1711590588092804, 0.3092224895954132, 0.30399784445762634, -4.172325134277344e-07, -0.04740700125694275, -0.07929277420043945, -0.1181115210056305, -0.3625733256340027, -0.4121287763118744, 0.4171832799911499, -0.2397383451461792, -2.055222511291504, -0.3960471749305725, 0.4716840088367462, -0.08474084734916687, -1.8596649169921875e-05, 1.514993667602539, 1.766772985458374, -0.7842162251472473, -4.353540420532227, -4.113397121429443, -0.7313343286514282, 5.0356316566467285, 0.46862363815307617, -0.48063668608665466, 0.2184271663427353, 0.41991308331489563, 1.9316482543945312, 0.4564427435398102, 0.16707953810691833, -0.5032682418823242, -1.429852843284607, -1.1127982139587402, 1.3781334161758423, -0.016146071255207062, 1.0, 1.0, 1.0, 1.0, 0.0, 1.0, 1.0, 1.0, 1.0, 1.0, 1.0, 1.0]"
365,0.0,0.0,0.0,6.458554707933217e-05,0.0,480.6944274902344,3.4554552257759497e-05,0.0,257.1810607910156,0.0,0.0,0.0,0.6620810627937317,0.03887273371219635,-0.09230990707874298,0.03308848664164543,-0.16600678861141205,0.31415724754333496,0.3005552291870117,0.5477597117424011,-0.44792377948760986,0.34774520993232727,-0.5414815545082092,-1.2630906105041504,0.42841050028800964,-0.3852522373199463,0.6431429386138916,"[0.6620810627937317, 0.03887273371219635, -0.09230990707874298, -0.16960890591144562, -0.20994961261749268, 0.07319901883602142, -0.021863773465156555, -0.013153793290257454, -0.9996745586395264, 0.699999988079071, 0.0, 0.0, 0.03308848664164543, -0.16600678861141205, 0.31415724754333496, 0.3005552291870117, -3.5762786865234375e-07, -0.047923773527145386, -0.05225479602813721, -0.14148154854774475, -0.46309059858322144, -0.3715895116329193, 0.41474777460098267, -0.15685707330703735, -1.504794955253601, 0.10201750695705414, 0.06884246319532394, -0.2527961730957031, -1.5348196029663086e-05, -0.09369520843029022, 1.3356118202209473, -1.3048572540283203, -4.953058242797852, 2.1252617835998535, -0.17129141092300415, 3.6912083625793457, 0.41843095421791077, -0.4639410376548767, 0.22770904004573822, 0.6098788976669312, 2.1319541931152344, 0.649596095085144, 0.0664568692445755, -0.6243361234664917, -1.4212144613265991, -1.2172142267227173, 1.6403617858886719, -0.03170255571603775, 1.0, 1.0, 1.0, 1.0, 0.0, 1.0, 1.0, 1.0, 1.0, 1.0, 1.0, 1.0]"
366,0.0,0.0,0.0,4.924772656522691e-05,0.0,366.538818359375,3.880443546222523e-05,0.0,288.8119201660156,0.0,0.0,0.0,0.68052738904953,-0.0071286908350884914,-0.027108635753393173,0.015607787296175957,-0.16499944031238556,0.3140125572681427,0.29979702830314636,0.5477596521377563,-0.4386449456214905,0.3710945248603821,-0.5679477453231812,-1.3432337045669556,0.4515047073364258,-0.3847271203994751,0.6988791227340698,"[0.68052738904953, -0.0071286908350884914, -0.027108635753393173, -0.06792890280485153, -0.11591053009033203, 0.0813702866435051, -0.024670980870723724, -0.012033140286803246, -0.9996232986450195, 0.699999988079071, 0.0, 0.0, 0.015607787296175957, -0.16499944031238556, 0.3140125572681427, 0.29979702830314636, -4.172325134277344e-07, -0.038644939661026, -0.028905481100082397, -0.16794773936271667, -0.5432336926460266, -0.3484953045845032, 0.41527289152145386, -0.10112088918685913, -0.42664268612861633, 0.10412569344043732, 0.02538638934493065, 0.17949871718883514, -1.6868114471435547e-05, 0.5457101464271545, 1.0694395303726196, -1.3079092502593994, -3.3912453651428223, 0.9575275182723999, 0.1728445291519165, 2.081085205078125, 0.46277597546577454, -0.594470202922821, 0.43990007042884827, 0.5752919912338257, 2.262362480163574, 0.4484136998653412, 0.03044438362121582, -0.7600855827331543, -1.4471741914749146, -0.9968997240066528, 1.5839897394180298, -0.05019114166498184, 1.0, 1.0, 1.0, 1.0, 0.0, 1.0, 1.0, 1.0, 1.0, 1.0, 1.0, 1.0]"
367,0.0,0.0,0.0,3.77329379261937e-05,0.0,280.8370056152344,4.093159077456221e-05,0.0,304.6438293457031,0.0,0.0,0.0,0.6772609353065491,-0.037180058658123016,-0.011665258556604385,0.02169603668153286,-0.16051128506660461,0.31715095043182373,0.30894312262535095,0.5477596521377563,-0.4251224100589752,0.3866651952266693,-0.5960215926170349,-1.391762614250183,0.4689022898674011,-0.3704279959201813,0.7243008017539978,"[0.6772609353065491, -0.037180058658123016, -0.011665258556604385, -0.19467437267303467, -0.1968177706003189, 0.04503336921334267, -0.027890045195817947, -0.008468438871204853, -0.9995753765106201, 0.699999988079071, 0.0, 0.0, 0.02169603668153286, -0.16051128506660461, 0.31715095043182373, 0.30894312262535095, -4.172325134277344e-07, -0.025122404098510742, -0.013334810733795166, -0.19602158665657043, -0.5917626023292542, -0.33109772205352783, 0.4295720160007477, -0.07569921016693115, 0.6173631548881531, 0.2460964024066925, 0.1918923556804657, 0.5394279956817627, -1.8268823623657227e-05, 0.5959044098854065, 0.7217721343040466, -1.455694317817688, -1.9165315628051758, 1.0540752410888672, 0.8735974431037903, 0.8329716920852661, 0.4894738495349884, -0.5644935965538025, 0.3519914746284485, 0.6337769031524658, 2.327418804168701, 0.4796396791934967, -0.020528286695480347, -0.6877970695495605, -1.4499914646148682, -1.1501513719558716, 1.6879609823226929, -0.09680590778589249, 1.0, 1.0, 1.0, 1.0, 0.0, 1.0, 1.0, 1.0, 1.0, 1.0, 1.0, 1.0]"
368,0.0,0.0,0.0,4.385519423522055e-05,0.0,326.40350341796875,4.30115032941103e-05,0.0,320.1241149902344,0.0,0.0,0.0,0.683485746383667,-0.05255752056837082,0.01584262028336525,0.03905204311013222,-0.1578775942325592,0.31882989406585693,0.31764471530914307,0.5477596521377563,-0.40748947858810425,0.3966834843158722,-0.6247667670249939,-1.4211562871932983,0.4828833043575287,-0.3444053530693054,0.7266485095024109,"[0.683485746383667, -0.05255752056837082, 0.01584262028336525, 0.025011595338582993, -0.26406970620155334, 0.01704634167253971, -0.03276464715600014, -0.007045020814985037, -0.9994380474090576, 0.699999988079071, 0.0, 0.0, 0.03905204311013222, -0.1578775942325592, 0.31882989406585693, 0.31764471530914307, -4.172325134277344e-07, -0.0074894726276397705, -0.003316521644592285, -0.22476676106452942, -0.6211562752723694, -0.31711670756340027, 0.45559465885162354, -0.07335150241851807, 0.971611738204956, 0.04548564925789833, 0.002509918063879013, 0.3461894094944, -1.963973045349121e-05, 0.9348894953727722, 0.5106517672538757, -1.3325260877609253, -1.2303237915039062, 0.6439085006713867, 1.3323577642440796, -0.5287382006645203, 0.5855051875114441, -0.5967021584510803, 0.35895034670829773, 0.5962893962860107, 2.4057226181030273, 0.5680162906646729, -0.12346327304840088, -0.6660511493682861, -1.423386812210083, -1.2116230726242065, 1.7610013484954834, -0.23388469219207764, 1.0, 1.0, 1.0, 1.0, 0.0, 1.0, 1.0, 1.0, 1.0, 1.0, 1.0, 1.0]"
369,0.0,0.0,0.0,4.588532101479359e-05,0.0,341.5132141113281,4.359344893600792e-05,0.0,324.45538330078125,0.0,0.0,0.0,0.7025334239006042,-0.07104210555553436,0.061557888984680176,0.06369147449731827,-0.15973889827728271,0.3160344362258911,0.3214742839336395,0.5477596521377563,-0.38050025701522827,0.4015888273715973,-0.6466480493545532,-1.4383041858673096,0.48326995968818665,-0.3085668683052063,0.7029518485069275,"[0.7025334239006042, -0.07104210555553436, 0.061557888984680176, 0.259228378534317, -0.27654966711997986, -0.000833477359265089, -0.03819144517183304, -0.010749776847660542, -0.9992126822471619, 0.699999988079071, 0.0, 0.0, 0.06369147449731827, -0.15973889827728271, 0.3160344362258911, 0.3214742839336395, -4.172325134277344e-07, 0.019499748945236206, 0.0015888214111328125, -0.24664804339408875, -0.6383041739463806, -0.3167300522327423, 0.49143314361572266, -0.09704816341400146, 1.4080349206924438, -0.15280267596244812, -0.20087826251983643, 0.12176511436700821, -1.990795135498047e-05, 1.4114253520965576, 0.22073227167129517, -0.8555437326431274, -0.4998530149459839, -0.07735037803649902, 1.8639569282531738, -1.6948847770690918, 0.6736586689949036, -0.6136309504508972, 0.3215589225292206, 0.599202036857605, 2.448807716369629, 0.5721577405929565, -0.25613492727279663, -0.5076396465301514, -1.3375990390777588, -1.2860760688781738, 1.8572773933410645, -0.3608951270580292, 1.0, 1.0, 1.0, 1.0, 0.0, 1.0, 1.0, 1.0, 1.0, 1.0, 1.0, 1.0]"
370,0.0,0.0,0.0,4.027673276141286e-05,0.0,299.7698669433594,4.3471925891935825e-05,0.0,323.5509033203125,0.0,0.0,0.0,0.7265684008598328,-0.08743134886026382,0.10288023948669434,0.09915333986282349,-0.1640629768371582,0.3105538785457611,0.3209961950778961,0.5477596521377563,-0.34449446201324463,0.398682564496994,-0.6531440615653992,-1.4340635538101196,0.47009366750717163,-0.25856882333755493,0.6557843685150146,"[0.7265684008598328, -0.08743134886026382, 0.10288023948669434, 0.3722243309020996, -0.3007349371910095, -0.012313969433307648, -0.043863411992788315, -0.017622115090489388, -0.9988822340965271, 0.699999988079071, 0.0, 0.0, 0.09915333986282349, -0.1640629768371582, 0.3105538785457611, 0.3209961950778961, -4.172325134277344e-07, 0.05550554394721985, -0.001317441463470459, -0.2531440556049347, -0.6340635418891907, -0.3299063444137573, 0.541431188583374, -0.1442156434059143, 1.9826446771621704, -0.23637139797210693, -0.29661285877227783, -0.13645239174365997, -2.03549861907959e-05, 1.8425912857055664, -0.22490301728248596, 0.12680107355117798, 0.9152263402938843, -0.6983135938644409, 2.68497633934021, -3.0516629219055176, 0.7634287476539612, -0.6717959046363831, 0.3371002972126007, 0.5028536915779114, 2.4107394218444824, 0.48635348677635193, -0.4814899265766144, -0.30152714252471924, -1.1435538530349731, -1.3112084865570068, 1.978602647781372, -0.5849445462226868, 1.0, 1.0, 1.0, 1.0, 0.0, 1.0, 1.0, 1.0, 1.0, 1.0, 1.0, 1.0]"
371,0.0,0.0,0.0,1.9988117855973542e-05,0.0,148.7666778564453,3.8024427340133116e-05,0.0,283.0065002441406,0.0,0.0,0.0,0.7393189072608948,-0.09144174307584763,0.1057337149977684,0.14511293172836304,-0.1693647801876068,0.30412593483924866,0.3118896186351776,0.5477596521377563,-0.3039638102054596,0.3842543959617615,-0.6341856122016907,-1.3887219429016113,0.45231401920318604,-0.18663549423217773,0.5815192461013794,"[0.7393189072608948, -0.09144174307584763, 0.1057337149977684, 0.30774572491645813, -0.4138270914554596, -0.026766709983348846, -0.05084432661533356, -0.025558220222592354, -0.9983793497085571, 0.699999988079071, 0.0, 0.0, 0.14511293172836304, -0.1693647801876068, 0.30412593483924866, 0.3118896186351776, -4.172325134277344e-07, 0.09603619575500488, -0.015745609998703003, -0.2341856062412262, -0.5887219309806824, -0.3476859927177429, 0.6133645176887512, -0.21848076581954956, 2.5432610511779785, -0.18631403148174286, -0.23804150521755219, -0.649868905544281, -1.9848346710205078e-05, 1.9699102640151978, -0.9249213337898254, 1.6322463750839233, 3.5268912315368652, -0.6746864318847656, 4.054433822631836, -4.616409778594971, 0.6743491291999817, -0.4992137849330902, 0.6060569286346436, 0.2810756266117096, 1.992296576499939, -0.03934064507484436, -0.7025378942489624, 0.18943074345588684, -0.6710363626480103, -1.0117806196212769, 1.722342848777771, -0.9847192764282227, 1.0, 1.0, 1.0, 1.0, 0.0, 1.0, 1.0, 1.0, 1.0, 1.0, 1.0, 1.0]"
372,0.0,0.0,0.0,0.0,0.0,0.0,0.0,0.0,0.0,7.428751268889755e-05,0.0,552.90380859375,0.7041890025138855,-0.10785041004419327,-0.0020539266988635063,0.19727636873722076,-0.17255420982837677,0.3025491535663605,0.2937861382961273,0.5477596521377563,-0.2768051326274872,0.36422333121299744,-0.5862883925437927,-1.2931479215621948,0.4575442969799042,-0.15304091572761536,0.49687856435775757,"[0.7041890025138855, -0.10785041004419327, -0.0020539266988635063, -0.1255224198102951, -0.24446016550064087, -0.0140656353905797, -0.05931845307350159, -0.030455391854047775, -0.9977745413780212, 0.699999988079071, 0.0, 0.0, 0.19727636873722076, -0.17255420982837677, 0.3025491535663605, 0.2937861382961273, -4.172325134277344e-07, 0.1231948733329773, -0.03577667474746704, -0.18628838658332825, -0.49314790964126587, -0.3424557149410248, 0.6469590663909912, -0.3031214475631714, 2.9973461627960205, 0.1872793585062027, 0.5303431749343872, 0.960467517375946, -4.857778549194336e-06, 0.4724248945713043, -0.8819773197174072, 0.8137338757514954, 5.127465724945068, 1.2828478813171387, -3.244659423828125, 0.3116685748100281, 0.1387324035167694, 0.1594238579273224, 0.9632166624069214, -0.015358656644821167, 1.5454777479171753, -0.8317277431488037, -0.4388684928417206, 0.684368371963501, -0.16266568005084991, -0.13730081915855408, 0.5860635638237, -0.998400092124939, 1.0, 1.0, 1.0, 1.0, 0.0, 1.0, 1.0, 1.0, 1.0, 1.0, 1.0, 1.0]"
373,0.0,0.0,0.0,0.0,0.0,0.0,0.0,0.0,0.0,6.058942381059751e-05,0.0,450.9522399902344,0.6617847084999084,-0.086551234126091,-0.041131097823381424,0.24754346907138824,-0.1584707647562027,0.3275741934776306,0.3083113133907318,0.5477597713470459,-0.3076878786087036,0.33481618762016296,-0.5720590949058533,-1.1800378561019897,0.5469459295272827,-0.24742349982261658,0.508293092250824,"[0.6617847084999084, -0.086551234126091, -0.041131097823381424, -0.6830977201461792, 0.16602684557437897, 0.049310509115457535, -0.0591043122112751, -0.019432738423347473, -0.9980626702308655, 0.699999988079071, 0.0, 0.0, 0.24754346907138824, -0.1584707647562027, 0.3275741934776306, 0.3083113133907318, -2.980232238769531e-07, 0.09231212735176086, -0.06518381834030151, -0.1720590889453888, -0.3800378441810608, -0.25305408239364624, 0.5525765419006348, -0.291706919670105, 1.8794243335723877, 0.9208270311355591, 1.4560294151306152, 0.7539548873901367, -1.7017126083374023e-05, -2.538922071456909, -1.821480631828308, 0.99509197473526, 5.754247665405273, 5.382753849029541, -4.068670749664307, -0.22491790354251862, 0.05283114314079285, -0.21231159567832947, 0.6065976619720459, -0.1372908055782318, 1.6396597623825073, -0.6106389760971069, -0.026851147413253784, 0.8308056592941284, -0.15143702924251556, -0.01461736112833023, 0.17355065047740936, -0.9326381087303162, 1.0, 1.0, 1.0, 1.0, 0.0, 1.0, 1.0, 1.0, 1.0, 1.0, 1.0, 1.0]"
374,0.0,0.0,0.0,0.0,0.0,0.0,0.0,0.0,0.0,5.635830166283995e-05,0.0,419.4610595703125,0.6816931366920471,-0.02314542420208454,-0.04727795720100403,0.24486330151557922,-0.15095043182373047,0.3440271019935608,0.3143022358417511,0.5477597117424011,-0.3729843497276306,0.31054818630218506,-0.5535465478897095,-1.0846753120422363,0.6232631206512451,-0.3752352297306061,0.49960023164749146,"[0.6816931366920471, -0.02314542420208454, -0.04727795720100403, 0.10901252180337906, 0.5391163229942322, 0.17193089425563812, -0.05100521445274353, -0.014807591214776039, -0.9985886812210083, 0.699999988079071, 0.0, 0.0, 0.24486330151557922, -0.15095043182373047, 0.3440271019935608, 0.3143022358417511, -3.5762786865234375e-07, 0.027015656232833862, -0.08945181965827942, -0.153546541929245, -0.2846753001213074, -0.17673689126968384, 0.4247647821903229, -0.3003997802734375, -1.346717357635498, -0.057254958897829056, 0.25967368483543396, -0.06103362888097763, -1.3619661331176758e-05, -3.4783365726470947, -0.9130316972732544, 0.7672085762023926, 3.887799024581909, 2.3699264526367188, -6.720448970794678, -0.3996294140815735, -0.04994237422943115, -0.17050385475158691, 0.4679314196109772, 0.08894622325897217, 1.5727957487106323, -0.5335079431533813, -0.09428122639656067, 0.8382860422134399, -0.22582142055034637, -0.31095626950263977, 0.5146530270576477, -1.003981351852417, 1.0, 1.0, 1.0, 1.0, 0.0, 1.0, 1.0, 1.0, 1.0, 1.0, 1.0, 1.0]"
375,0.0,0.0,0.0,0.0,0.0,0.0,0.0,0.0,0.0,4.3021074816351756e-05,0.0,320.1953430175781,0.7100111842155457,0.025389857590198517,-0.07865624874830246,0.19503411650657654,-0.15850047767162323,0.33130690455436707,0.30809101462364197,0.5477596521377563,-0.43900683522224426,0.2857988178730011,-0.5372544527053833,-1.0485013723373413,0.6145787239074707,-0.40261784195899963,0.48620980978012085,"[0.7100111842155457, 0.025389857590198517, -0.07865624874830246, 0.4243701696395874, 0.8206222653388977, 0.24388961493968964, -0.036912888288497925, -0.021648606285452843, -0.9990838766098022, 0.699999988079071, 0.0, 0.0, 0.19503411650657654, -0.15850047767162323, 0.33130690455436707, 0.30809101462364197, -4.172325134277344e-07, -0.039006829261779785, -0.11420118808746338, -0.13725444674491882, -0.24850136041641235, -0.18542128801345825, 0.3973821699619293, -0.3137902021408081, -2.92226505279541, -0.46401354670524597, -1.1312322616577148, -0.4455692768096924, -1.683831214904785e-05, -2.882075071334839, -1.5147563219070435, 0.7343043088912964, 0.16152629256248474, -2.788736581802368, 2.0612635612487793, -0.753756046295166, 0.10088451206684113, -0.36558911204338074, 0.12918879091739655, 0.07150670886039734, 1.764116883277893, 0.1655896008014679, -0.23001667857170105, 0.3915291726589203, -0.6344315409660339, -0.8292732238769531, 1.3817158937454224, -0.9257276654243469, 1.0, 1.0, 1.0, 1.0, 0.0, 1.0, 1.0, 1.0, 1.0, 1.0, 1.0, 1.0]"
376,0.0,0.0,0.0,0.0,0.0,0.0,4.413950227899477e-05,0.0,328.51953125,9.670158760854974e-06,0.0,71.97262573242188,0.7503816485404968,0.02275465428829193,-0.152717724442482,0.13098731637001038,-0.17332376539707184,0.2992575168609619,0.296159952878952,0.5477597117424011,-0.47362959384918213,0.2563452124595642,-0.5266525149345398,-1.0798312425613403,0.5219705700874329,-0.33731192350387573,0.4763149321079254,"[0.7503816485404968, 0.02275465428829193, -0.152717724442482, 0.47536441683769226, 0.8198783993721008, 0.16000252962112427, -0.018422875553369522, -0.03376886621117592, -0.999259889125824, 0.699999988079071, 0.0, 0.0, 0.13098731637001038, -0.17332376539707184, 0.2992575168609619, 0.296159952878952, -3.5762786865234375e-07, -0.07362958788871765, -0.14365479350090027, -0.12665250897407532, -0.2798312306404114, -0.2780294418334961, 0.4626880884170532, -0.32368507981300354, -3.010873317718506, -0.5963387489318848, 0.33632421493530273, -0.4531398117542267, -2.327561378479004e-05, -0.8460524678230286, -0.5861868858337402, 0.39730796217918396, -2.238933801651001, -5.2028303146362305, 1.0555024147033691, -0.08696316182613373, 0.20280501246452332, -0.7423976063728333, 0.37818533182144165, 0.2898913025856018, 1.8422619104385376, 0.4793156087398529, -0.470684677362442, -0.7244033813476562, -0.9935262203216553, -1.128132939338684, 1.659776210784912, -0.47896918654441833, 1.0, 1.0, 1.0, 1.0, 0.0, 1.0, 1.0, 1.0, 1.0, 1.0, 1.0, 1.0]"
377,0.0,0.0,0.0,0.0,0.0,0.0,4.691490175900981e-05,0.0,349.1761779785156,0.0,0.0,0.0,0.7129908204078674,0.06059017404913902,-0.13755321502685547,0.08073530346155167,-0.1738920360803604,0.30436888337135315,0.29675164818763733,0.5477597117424011,-0.46035248041152954,0.30819153785705566,-0.5230664610862732,-1.1475586891174316,0.4170316457748413,-0.3863687217235565,0.5352083444595337,"[0.7129908204078674, 0.06059017404913902, -0.13755321502685547, -0.3858647644519806, -0.05784904956817627, 0.09428706020116806, -0.015771817415952682, -0.026909826323390007, -0.9995136260986328, 0.699999988079071, 0.0, 0.0, 0.08073530346155167, -0.1738920360803604, 0.30436888337135315, 0.29675164818763733, -3.5762786865234375e-07, -0.060352474451065063, -0.09180846810340881, -0.12306645512580872, -0.3475586771965027, -0.38296836614608765, 0.41363129019737244, -0.26479166746139526, -2.385139226913452, -0.3874892294406891, 0.31263279914855957, -0.06487612426280975, -1.958012580871582e-05, 1.2430419921875, 2.1318562030792236, -0.4766642153263092, -4.289083480834961, -4.8042402267456055, -1.614574670791626, 5.048286437988281, 0.36325642466545105, -0.6340710520744324, 0.13738583028316498, 0.5070063471794128, 1.9350709915161133, 0.24097546935081482, -0.15706458687782288, -0.5501352548599243, -1.1429015398025513, -0.9915238618850708, 1.6240618228912354, -0.07531968504190445, 1.0, 1.0, 1.0, 1.0, 0.0, 1.0, 1.0, 1.0, 1.0, 1.0, 1.0, 1.0]"
378,0.0,0.0,0.0,3.9590278902323917e-05,0.0,294.6607666015625,5.667168807121925e-05,0.0,421.79351806640625,0.0,0.0,0.0,0.660456657409668,0.045246340334415436,-0.09538041055202484,0.043367788195610046,-0.17167726159095764,0.31113961338996887,0.2977769374847412,0.5477597117424011,-0.44834405183792114,0.33661362528800964,-0.5423203706741333,-1.2264717817306519,0.423082172870636,-0.39129531383514404,0.6278490424156189,"[0.660456657409668, 0.045246340334415436, -0.09538041055202484, -0.2745640277862549, -0.242648646235466, 0.0979989692568779, -0.02060714364051819, -0.017459746450185776, -0.9996355175971985, 0.699999988079071, 0.0, 0.0, 0.043367788195610046, -0.17167726159095764, 0.31113961338996887, 0.2977769374847412, -3.5762786865234375e-07, -0.048344045877456665, -0.06338638067245483, -0.14232036471366882, -0.4264717698097229, -0.37691783905029297, 0.4087046980857849, -0.17215096950531006, -1.8972216844558716, 0.08505894243717194, 0.16776324808597565, -0.01968853548169136, -5.0961971282958984e-06, -0.20998737215995789, 1.6082432270050049, -1.0958278179168701, -3.8615777492523193, 2.5666275024414062, -0.5512087941169739, 3.84346604347229, 0.3772079646587372, -0.44061604142189026, 0.3095382750034332, 0.49102523922920227, 2.0163068771362305, 0.570592999458313, 0.155491903424263, -0.5731719732284546, -1.3472695350646973, -1.1664570569992065, 1.5263962745666504, 0.015858076512813568, 1.0, 1.0, 1.0, 1.0, 0.0, 1.0, 1.0, 1.0, 1.0, 1.0, 1.0, 1.0]"
379,0.0,0.0,0.0,4.980240191798657e-05,0.0,370.6671142578125,3.749695315491408e-05,0.0,279.08062744140625,0.0,0.0,0.0,0.6706522107124329,0.006596344523131847,-0.038033172488212585,0.0139236431568861,-0.17044506967067719,0.31094783544540405,0.29785364866256714,0.5477597117424011,-0.4412776827812195,0.3611406981945038,-0.5668323636054993,-1.3061038255691528,0.4504808187484741,-0.3917570114135742,0.6950166821479797,"[0.6706522107124329, 0.006596344523131847, -0.038033172488212585, -0.08691129833459854, -0.14447149634361267, 0.09204376488924026, -0.02416854538023472, -0.015748413279652596, -0.999583899974823, 0.699999988079071, 0.0, 0.0, 0.0139236431568861, -0.17044506967067719, 0.31094783544540405, 0.29785364866256714, -3.5762786865234375e-07, -0.041277676820755005, -0.03885930776596069, -0.1668323576450348, -0.5061038136482239, -0.34951919317245483, 0.40824300050735474, -0.10498332977294922, -1.0391757488250732, 0.11096492409706116, 0.02021283470094204, 0.15334531664848328, -1.8209218978881836e-05, 0.4398656189441681, 1.1599812507629395, -1.2579777240753174, -3.960306167602539, 1.1331826448440552, 0.0568675622344017, 2.8920693397521973, 0.4544067084789276, -0.6135312914848328, 0.4467436373233795, 0.599905252456665, 2.2603759765625, 0.49396809935569763, 0.021004468202590942, -0.8223425149917603, -1.4755998849868774, -0.9879511594772339, 1.5982649326324463, -0.037008680403232574, 1.0, 1.0, 1.0, 1.0, 0.0, 1.0, 1.0, 1.0, 1.0, 1.0, 1.0, 1.0]"
380,0.0,0.0,0.0,3.8083169783931226e-05,0.0,283.4437255859375,3.878094503306784e-05,0.0,288.6370849609375,0.0,0.0,0.0,0.6703961491584778,-0.030794205144047737,-0.025936922058463097,0.012214303947985172,-0.16464760899543762,0.31550464034080505,0.3075381815433502,0.5477597117424011,-0.4305260479450226,0.3783811628818512,-0.5940617322921753,-1.3739947080612183,0.4717786908149719,-0.38082796335220337,0.7269334197044373,"[0.6703961491584778, -0.030794205144047737, -0.025936922058463097, -0.32362544536590576, -0.17123280465602875, 0.042216043919324875, -0.027220383286476135, -0.010471313260495663, -0.9995745420455933, 0.699999988079071, 0.0, 0.0, 0.012214303947985172, -0.16464760899543762, 0.31550464034080505, 0.3075381815433502, -3.5762786865234375e-07, -0.030526041984558105, -0.02161884307861328, -0.19406172633171082, -0.5739946961402893, -0.32822132110595703, 0.4191720485687256, -0.0730665922164917, 0.3743462562561035, 0.3698185384273529, 0.31361332535743713, 0.616861879825592, -2.0205974578857422e-05, 0.4524955749511719, 0.7890850901603699, -1.4260320663452148, -2.9683468341827393, 1.1973992586135864, 0.7049127817153931, 0.916178286075592, 0.4846053421497345, -0.5354136228561401, 0.3576222360134125, 0.5996494293212891, 2.2951669692993164, 0.477218359708786, 0.046898216009140015, -0.6739579439163208, -1.4836297035217285, -1.0977720022201538, 1.6446733474731445, -0.07923094183206558, 1.0, 1.0, 1.0, 1.0, 0.0, 1.0, 1.0, 1.0, 1.0, 1.0, 1.0, 1.0]"
381,0.0,0.0,0.0,4.222561256028712e-05,0.0,314.2749328613281,4.189579703961499e-05,0.0,311.8201599121094,0.0,0.0,0.0,0.6781401038169861,-0.048471786081790924,-0.0023565366864204407,0.02695496752858162,-0.15968948602676392,0.3198658525943756,0.3177821934223175,0.5477597117424011,-0.4161800146102905,0.39057308435440063,-0.6230506896972656,-1.4192358255386353,0.4901333153247833,-0.35956984758377075,0.7335419654846191,"[0.6781401038169861, -0.048471786081790924, -0.0023565366864204407, -0.09909288585186005, -0.24044169485569, 0.007848696783185005, -0.03154580667614937, -0.006348450668156147, -0.9994821548461914, 0.699999988079071, 0.0, 0.0, 0.02695496752858162, -0.15968948602676392, 0.3198658525943756, 0.3177821934223175, -3.5762786865234375e-07, -0.01618000864982605, -0.009426921606063843, -0.22305068373680115, -0.6192358136177063, -0.30986669659614563, 0.4404301643371582, -0.06645804643630981, 0.8745000958442688, 0.16298414766788483, 0.12796461582183838, 0.40701988339424133, -2.0891427993774414e-05, 0.790356457233429, 0.6300529837608337, -1.3714362382888794, -1.7697174549102783, 0.8130128383636475, 1.0806429386138916, -0.18722589313983917, 0.549913227558136, -0.5693575143814087, 0.332335501909256, 0.6227730512619019, 2.3782224655151367, 0.5698865652084351, -0.07596433162689209, -0.6942762136459351, -1.443042278289795, -1.1762878894805908, 1.7318758964538574, -0.17885860800743103, 1.0, 1.0, 1.0, 1.0, 0.0, 1.0, 1.0, 1.0, 1.0, 1.0, 1.0, 1.0]"
382,0.0,0.0,0.0,4.452078428585082e-05,0.0,331.3572998046875,4.333895776653662e-05,0.0,322.561279296875,0.0,0.0,0.0,0.696426510810852,-0.06773179024457932,0.043810077011585236,0.049335286021232605,-0.15996357798576355,0.3190017342567444,0.3228551745414734,0.5477596521377563,-0.39230379462242126,0.39857393503189087,-0.6465274095535278,-1.4410228729248047,0.49500447511672974,-0.3296607434749603,0.7174795269966125,"[0.696426510810852, -0.06773179024457932, 0.043810077011585236, 0.17376181483268738, -0.2625870108604431, -0.005367431789636612, -0.03661845624446869, -0.008148682303726673, -0.9992958903312683, 0.699999988079071, 0.0, 0.0, 0.049335286021232605, -0.15996357798576355, 0.3190017342567444, 0.3228551745414734, -4.172325134277344e-07, 0.007696211338043213, -0.0014260709285736084, -0.24652740359306335, -0.6410228610038757, -0.3049955368041992, 0.47033926844596863, -0.0825204849243164, 1.285426378250122, -0.06876897066831589, -0.11425300687551498, 0.20553910732269287, -2.1576881408691406e-05, 1.2891452312469482, 0.3891129493713379, -0.9789171814918518, -0.6646394729614258, 0.0703454539179802, 1.5487602949142456, -1.2612378597259521, 0.6280649304389954, -0.5706412196159363, 0.3065239489078522, 0.6151750087738037, 2.421513080596924, 0.5861561298370361, -0.18600058555603027, -0.5673232078552246, -1.3731361627578735, -1.2534151077270508, 1.8056966066360474, -0.29514777660369873, 1.0, 1.0, 1.0, 1.0, 0.0, 1.0, 1.0, 1.0, 1.0, 1.0, 1.0, 1.0]"
383,0.0,0.0,0.0,4.0947972593130544e-05,0.0,304.7657470703125,4.365935092209838e-05,0.0,324.9458923339844,0.0,0.0,0.0,0.7197251915931702,-0.08602310717105865,0.09004828333854675,0.08150149881839752,-0.1632729470729828,0.3147038221359253,0.3247998356819153,0.5477596521377563,-0.35881495475769043,0.3997866213321686,-0.657618522644043,-1.4421632289886475,0.4852648079395294,-0.28728213906288147,0.6799572110176086,"[0.7197251915931702, -0.08602310717105865, 0.09004828333854675, 0.32902395725250244, -0.2794150710105896, -0.01122673787176609, -0.04193931445479393, -0.013857435435056686, -0.9990240335464478, 0.699999988079071, 0.0, 0.0, 0.08150149881839752, -0.1632729470729828, 0.3147038221359253, 0.3247998356819153, -4.172325134277344e-07, 0.04118505120277405, -0.00021338462829589844, -0.2576185166835785, -0.6421632170677185, -0.31473520398139954, 0.5127178430557251, -0.12004280090332031, 1.795032262802124, -0.18811388313770294, -0.2512049078941345, 0.01136980764567852, -2.1904706954956055e-05, 1.753616213798523, 0.007519736886024475, -0.18300241231918335, 0.4671648144721985, -0.6178414821624756, 2.2538437843322754, -2.5050883293151855, 0.7145372033119202, -0.6339129209518433, 0.31953251361846924, 0.5406508445739746, 2.437771797180176, 0.5391660928726196, -0.3847748935222626, -0.4082272946834564, -1.2427374124526978, -1.3170082569122314, 1.9295356273651123, -0.48094674944877625, 1.0, 1.0, 1.0, 1.0, 0.0, 1.0, 1.0, 1.0, 1.0, 1.0, 1.0, 1.0]"
384,0.0,0.0,0.0,2.9639895728905685e-05,0.0,220.6024932861328,4.204175638733432e-05,0.0,312.9065246582031,0.0,0.0,0.0,0.7390196919441223,-0.09335831552743912,0.11622835695743561,0.12295843660831451,-0.16869144141674042,0.3081062138080597,0.3190176486968994,0.5477595925331116,-0.31814146041870117,0.3914794325828552,-0.647519588470459,-1.4124822616577148,0.4657529592514038,-0.2269279956817627,0.6159331798553467,"[0.7390196919441223, -0.09335831552743912, 0.11622835695743561, 0.39646682143211365, -0.3524706959724426, -0.02658020332455635, -0.04811303690075874, -0.022070201113820076, -0.9985982775688171, 0.699999988079071, 0.0, 0.0, 0.12295843660831451, -0.16869144141674042, 0.3081062138080597, 0.3190176486968994, -4.76837158203125e-07, 0.0818585455417633, -0.008520573377609253, -0.2475195825099945, -0.6124822497367859, -0.33424705266952515, 0.5730720162391663, -0.18406683206558228, 2.2812116146087646, -0.2571446895599365, -0.31566017866134644, -0.4947596490383148, -2.1636486053466797e-05, 2.06435489654541, -0.540241003036499, 1.0923763513565063, 2.5222229957580566, -0.9516765475273132, 3.317002773284912, -4.131124019622803, 0.7719155550003052, -0.6486491560935974, 0.4046386778354645, 0.3869890868663788, 2.250133514404297, 0.27944788336753845, -0.6194216012954712, -0.06700141727924347, -0.8981919288635254, -1.2060072422027588, 1.954667329788208, -0.8500683307647705, 1.0, 1.0, 1.0, 1.0, 0.0, 1.0, 1.0, 1.0, 1.0, 1.0, 1.0, 1.0]"
385,0.0,0.0,0.0,2.6135212465305813e-06,0.0,19.451799392700195,0.0,0.0,0.0,0.0,0.0,0.0,0.7330516576766968,-0.08485297113656998,0.033972661942243576,0.17249831557273865,-0.17432381212711334,0.30210620164871216,0.29954931139945984,0.5477597117424011,-0.28082963824272156,0.371371865272522,-0.6065412163734436,-1.3333590030670166,0.4548685848712921,-0.15113550424575806,0.5193241834640503,"[0.7330516576766968, -0.08485297113656998, 0.033972661942243576, 0.3813129663467407, -0.44737741351127625, -0.026070822030305862, -0.05646558105945587, -0.029670970514416695, -0.9979634284973145, 0.699999988079071, 0.0, 0.0, 0.17249831557273865, -0.17432381212711334, 0.30210620164871216, 0.29954931139945984, -3.5762786865234375e-07, 0.11917036771774292, -0.028628140687942505, -0.20654121041297913, -0.5333589911460876, -0.34513142704963684, 0.6488645076751709, -0.28067582845687866, 2.4784960746765137, -0.3014746904373169, -0.28615570068359375, -1.3400850296020508, -1.952052116394043e-05, 1.491017460823059, -1.0873163938522339, 2.6546361446380615, 4.8792877197265625, 0.4616903066635132, 2.7776131629943848, -5.1675639152526855, 0.32259777188301086, -0.07066140323877335, 0.8072939515113831, 0.13148003816604614, 1.6568516492843628, -0.6887669563293457, -0.543612003326416, 0.6309024095535278, -0.3176079988479614, -0.3742712438106537, 1.0403656959533691, -1.1049926280975342, 1.0, 1.0, 1.0, 1.0, 0.0, 1.0, 1.0, 1.0, 1.0, 1.0, 1.0, 1.0]"
386,0.0,0.0,0.0,0.0,0.0,0.0,0.0,0.0,0.0,5.3226289310259745e-05,0.0,396.1502685546875,0.6741701364517212,-0.09920897334814072,-0.022474562749266624,0.22970527410507202,-0.16772429645061493,0.316616952419281,0.30255353450775146,0.5477597713470459,-0.2910395562648773,0.34641605615615845,-0.5784367322921753,-1.2244281768798828,0.5135313272476196,-0.22284790873527527,0.5083405375480652,"[0.6741701364517212, -0.09920897334814072, -0.022474562749266624, -0.6985917091369629, 0.12318740785121918, 0.012088416144251823, -0.05845115706324577, -0.024068545550107956, -0.9980003237724304, 0.699999988079071, 0.0, 0.0, 0.22970527410507202, -0.16772429645061493, 0.316616952419281, 0.30255353450775146, -2.980232238769531e-07, 0.10896044969558716, -0.05358394980430603, -0.17843672633171082, -0.42442816495895386, -0.2864686846733093, 0.5771521329879761, -0.29165947437286377, 2.837282657623291, 0.7581952214241028, 1.349727988243103, 0.825912594795227, -1.5437602996826172e-05, -1.806195616722107, -1.5389020442962646, 1.1538000106811523, 5.643551349639893, 4.953868389129639, -5.345886707305908, -0.314875066280365, 0.03805607557296753, -0.019755039364099503, 1.006209373474121, -0.17676815390586853, 1.5848921537399292, -0.7353628873825073, -0.2533824145793915, 0.7138171195983887, -0.14408038556575775, 0.07701637595891953, 0.12230564653873444, -0.9890286922454834, 1.0, 1.0, 1.0, 1.0, 0.0, 1.0, 1.0, 1.0, 1.0, 1.0, 1.0, 1.0]"
387,0.0,0.0,0.0,0.0,0.0,0.0,0.0,0.0,0.0,5.352860171115026e-05,0.0,398.4002990722656,0.6697209477424622,-0.05951010435819626,-0.02829159051179886,0.2568649351596832,-0.1514487862586975,0.34763625264167786,0.3173249661922455,0.5477597117424011,-0.3519962430000305,0.3126451075077057,-0.553869903087616,-1.1169215440750122,0.6147021651268005,-0.33367666602134705,0.49029824137687683,"[0.6697209477424622, -0.05951010435819626, -0.02829159051179886, -0.4513791501522064, 0.5016136169433594, 0.10808084160089493, -0.05102839693427086, -0.010192331857979298, -0.9986453056335449, 0.699999988079071, 0.0, 0.0, 0.2568649351596832, -0.1514487862586975, 0.34763625264167786, 0.3173249661922455, -3.5762786865234375e-07, 0.04800376296043396, -0.08735489845275879, -0.1538698971271515, -0.31692153215408325, -0.18529784679412842, 0.4663233458995819, -0.3097017705440521, 0.127430260181427, 0.5856503248214722, 1.312785029411316, 0.611838698387146, -1.1831521987915039e-05, -3.457268476486206, -1.4770448207855225, 1.1734116077423096, 4.87943172454834, 3.915055513381958, -6.242934703826904, -1.0033601522445679, -0.03590777516365051, -0.20745322108268738, 0.39668014645576477, 0.08487161993980408, 1.6245490312576294, -0.5682636499404907, 0.028528183698654175, 0.8756961822509766, -0.1766662895679474, -0.17300203442573547, 0.36558693647384644, -0.9990701079368591, 1.0, 1.0, 1.0, 1.0, 0.0, 1.0, 1.0, 1.0, 1.0, 1.0, 1.0, 1.0]"
388,0.0,0.0,0.0,0.0,0.0,0.0,0.0,0.0,0.0,4.4147225708002225e-05,0.0,328.5770263671875,0.6974635124206543,0.010652294382452965,-0.050138235092163086,0.21842385828495026,-0.15496952831745148,0.3488849103450775,0.31442517042160034,0.5477597117424011,-0.4211937189102173,0.28816425800323486,-0.5346307754516602,-1.057133674621582,0.6337764263153076,-0.414398193359375,0.4729181230068207,"[0.6974635124206543, 0.010652294382452965, -0.050138235092163086, 0.4545608460903168, 0.7599728107452393, 0.22444471716880798, -0.03786717355251312, -0.013794868253171444, -0.9991875886917114, 0.699999988079071, 0.0, 0.0, 0.21842385828495026, -0.15496952831745148, 0.3488849103450775, 0.31442517042160034, -3.5762786865234375e-07, -0.021193712949752808, -0.11183574795722961, -0.13463076949119568, -0.2571336627006531, -0.16622358560562134, 0.38560181856155396, -0.3270818889141083, -2.8192358016967773, -0.5052922964096069, -0.7426996827125549, -0.3693220019340515, -1.3768672943115234e-05, -3.218034505844116, -1.419390082359314, 0.8178317546844482, 1.4338703155517578, -1.2043788433074951, -0.24944178760051727, -0.7801625728607178, 0.04857167601585388, -0.2992468476295471, 0.16247276961803436, 0.11485639214515686, 1.6804579496383667, -0.07856282591819763, -0.1768689751625061, 0.6323812007904053, -0.5084335207939148, -0.6657019853591919, 1.160691499710083, -1.026608943939209, 1.0, 1.0, 1.0, 1.0, 0.0, 1.0, 1.0, 1.0, 1.0, 1.0, 1.0, 1.0]"
389,0.0,0.0,0.0,0.0,0.0,0.0,0.0,0.0,0.0,1.6860620235092938e-05,0.0,125.48947143554688,0.7389735579490662,0.04801996424794197,-0.1329253613948822,0.1520431488752365,-0.17036545276641846,0.3145183324813843,0.3016955852508545,0.5477597117424011,-0.4670843482017517,0.25793322920799255,-0.5206055641174316,-1.0707855224609375,0.5616719722747803,-0.34993669390678406,0.45755496621131897,"[0.7389735579490662, 0.04801996424794197, -0.1329253613948822, 0.7899093627929688, 0.9875798225402832, 0.23578792810440063, -0.019703028723597527, -0.026645010337233543, -0.9994506239891052, 0.699999988079071, 0.0, 0.0, 0.1520431488752365, -0.17036545276641846, 0.3145183324813843, 0.3016955852508545, -3.5762786865234375e-07, -0.06708434224128723, -0.14206677675247192, -0.12060555815696716, -0.27078551054000854, -0.23832803964614868, 0.4500633180141449, -0.34244504570961, -3.4952025413513184, -0.9423350691795349, -2.20609450340271, -0.7476122379302979, -1.6003847122192383e-05, -1.527780532836914, -1.5731875896453857, 0.49083468317985535, -1.9707907438278198, -5.191061496734619, 4.676272392272949, -0.5550158023834229, 0.1080341637134552, -0.5533193349838257, 0.3970799148082733, 0.13447889685630798, 1.8236842155456543, 0.4955078065395355, -0.43494364619255066, -0.43466028571128845, -0.9233320951461792, -1.1256123781204224, 1.7188174724578857, -0.6408441066741943, 1.0, 1.0, 1.0, 1.0, 0.0, 1.0, 1.0, 1.0, 1.0, 1.0, 1.0, 1.0]"
390,0.0,0.0,0.0,0.0,0.0,0.0,1.0421951628813986e-05,0.0,77.56803894042969,0.0,0.0,0.0,0.7278178334236145,0.05345949903130531,-0.10526425391435623,0.09346529096364975,-0.172209233045578,0.3110711872577667,0.2966334819793701,0.5477596521377563,-0.4646114408969879,0.2941182255744934,-0.511154055595398,-1.12409508228302,0.44791340827941895,-0.38155484199523926,0.4880068898200989,"[0.7278178334236145, 0.05345949903130531, -0.10526425391435623, -0.2632434070110321, 0.07151450961828232, 0.15276964008808136, -0.011682267300784588, -0.02682827040553093, -0.9995720386505127, 0.699999988079071, 0.0, 0.0, 0.09346529096364975, -0.172209233045578, 0.3110711872577667, 0.2966334819793701, -4.172325134277344e-07, -0.06461143493652344, -0.10588178038597107, -0.11115404963493347, -0.32409507036209106, -0.35208660364151, 0.4184451699256897, -0.3119931221008301, -2.7810609340667725, -0.05042482167482376, -0.18120671808719635, -0.24267876148223877, -1.8030405044555664e-05, 0.8575262427330017, 2.1841490268707275, 0.09252017736434937, -3.1623427867889404, -5.229392051696777, 2.2296628952026367, 3.8611674308776855, 0.28698262572288513, -0.8223624229431152, 0.15290315449237823, 0.4187597632408142, 1.8497347831726074, 0.20873048901557922, -0.5015863180160522, -0.7065995931625366, -0.9449915885925293, -1.032529354095459, 1.6341283321380615, -0.2532055675983429, 1.0, 1.0, 1.0, 1.0, 0.0, 1.0, 1.0, 1.0, 1.0, 1.0, 1.0, 1.0]"
391,0.0,0.0,0.0,0.00010913623555097729,0.0,812.2743530273438,4.562104004435241e-05,0.0,339.5462646484375,0.0,0.0,0.0,0.6484833359718323,0.04290173575282097,-0.12330752611160278,0.048437975347042084,-0.17825090885162354,0.31735435128211975,0.29076769948005676,0.5477595329284668,-0.44164443016052246,0.3261052370071411,-0.524824321269989,-1.1831464767456055,0.39423245191574097,-0.39311468601226807,0.5799834132194519,"[0.6484833359718323, 0.04290173575282097, -0.12330752611160278, -0.40760594606399536, -0.2908564805984497, 0.07820883393287659, -0.016090065240859985, -0.018261974677443504, -0.9997038841247559, 0.699999988079071, 0.0, 0.0, 0.048437975347042084, -0.17825090885162354, 0.31735435128211975, 0.29076769948005676, -5.364418029785156e-07, -0.04164442420005798, -0.07389476895332336, -0.12482431530952454, -0.3831464648246765, -0.405767560005188, 0.4068853259086609, -0.22001659870147705, -2.032224178314209, 1.0038059949874878, 0.296465665102005, -0.17503052949905396, 7.18235969543457e-06, -0.494539737701416, 1.3026461601257324, -0.9944534301757812, -2.93929123878479, 3.228393316268921, 0.003170982003211975, 4.1182966232299805, 0.4307691156864166, -0.5063184499740601, 0.28403231501579285, 0.523899495601654, 2.051311492919922, 0.5315567255020142, 0.10791015625, -0.45468688011169434, -1.1233469247817993, -1.208020806312561, 1.5601985454559326, -0.027968592941761017, 1.0, 1.0, 1.0, 1.0, 0.0, 1.0, 1.0, 1.0, 1.0, 1.0, 1.0, 1.0]"
392,0.0,0.0,0.0,5.529543705051765e-05,0.0,411.5504150390625,3.936259963666089e-05,0.0,292.9661865234375,0.0,0.0,0.0,0.647934079170227,0.018760118633508682,-0.06088842451572418,0.017869876697659492,-0.17447885870933533,0.32091647386550903,0.28941085934638977,0.5477596521377563,-0.44607147574424744,0.34851640462875366,-0.5489241480827332,-1.2462797164916992,0.44274118542671204,-0.3883054852485657,0.6522821187973022,"[0.647934079170227, 0.018760118633508682, -0.06088842451572418, -0.24106964468955994, -0.23211054503917694, 0.04322589561343193, -0.021451245993375778, -0.012630002573132515, -0.9996904134750366, 0.699999988079071, 0.0, 0.0, 0.017869876697659492, -0.17447885870933533, 0.32091647386550903, 0.28941085934638977, -4.172325134277344e-07, -0.04607146978378296, -0.051483601331710815, -0.14892414212226868, -0.44627970457077026, -0.3572588264942169, 0.4116945266723633, -0.1477178931236267, -1.1398216485977173, 0.19739937782287598, 0.18795014917850494, 0.09811227023601532, -1.8864870071411133e-05, 0.06811393797397614, 1.0631799697875977, -1.2754963636398315, -3.6129393577575684, 1.8667346239089966, 0.3090813159942627, 3.29579496383667, 0.4583774507045746, -0.6256952285766602, 0.4428596794605255, 0.5998736619949341, 2.2136611938476562, 0.531958818435669, 0.04145616292953491, -0.7990584373474121, -1.4166024923324585, -0.9816074371337891, 1.6145009994506836, -0.09897909313440323, 1.0, 1.0, 1.0, 1.0, 0.0, 1.0, 1.0, 1.0, 1.0, 1.0, 1.0, 1.0]"
393,0.0,0.0,0.0,4.257721593603492e-05,0.0,316.8918151855469,3.586570892366581e-05,0.0,266.939697265625,0.0,0.0,0.0,0.6579727530479431,-0.02262706123292446,-0.034437939524650574,0.011954789981245995,-0.1687566190958023,0.32635679841041565,0.29848572611808777,0.5477596521377563,-0.43888840079307556,0.3660578727722168,-0.5766175985336304,-1.3258100748062134,0.4706266224384308,-0.3777048885822296,0.6935393810272217,"[0.6579727530479431, -0.02262706123292446, -0.034437939524650574, -0.33434757590293884, -0.173580601811409, 0.0077581387013196945, -0.02516394481062889, -0.006531844846904278, -0.9996621608734131, 0.699999988079071, 0.0, 0.0, 0.011954789981245995, -0.1687566190958023, 0.32635679841041565, 0.29848572611808777, -4.172325134277344e-07, -0.038888394832611084, -0.03394213318824768, -0.1766175925731659, -0.5258100628852844, -0.32937338948249817, 0.42229512333869934, -0.10646063089370728, 0.17029054462909698, 0.35001322627067566, 0.35105717182159424, 0.6365510821342468, -1.940131187438965e-05, 0.3357028365135193, 0.8066149353981018, -1.4522030353546143, -3.911350965499878, 1.3649134635925293, 0.6485326290130615, 1.363898515701294, 0.4973297417163849, -0.4940165579319, 0.31614330410957336, 0.6312118768692017, 2.2493677139282227, 0.52678382396698, 0.12521088123321533, -0.6444835662841797, -1.4944819211959839, -1.0503498315811157, 1.6330883502960205, -0.09625790268182755, 1.0, 1.0, 1.0, 1.0, 0.0, 1.0, 1.0, 1.0, 1.0, 1.0, 1.0, 1.0]"
394,0.0,0.0,0.0,4.1982679249485955e-05,0.0,312.4668273925781,3.886213744408451e-05,0.0,289.24139404296875,0.0,0.0,0.0,0.6696365475654602,-0.046294379979372025,-0.01854609325528145,0.02504035085439682,-0.16317234933376312,0.332043319940567,0.3122042417526245,0.5477596521377563,-0.42725494503974915,0.3796424865722656,-0.6065874099731445,-1.393045425415039,0.49292781949043274,-0.35961541533470154,0.7109504342079163,"[0.6696365475654602, -0.046294379979372025, -0.01854609325528145, -0.16742737591266632, -0.22705505788326263, -0.013722901232540607, -0.029293786734342575, -0.0012753312475979328, -0.9995700120925903, 0.699999988079071, 0.0, 0.0, 0.02504035085439682, -0.16317234933376312, 0.332043319940567, 0.3122042417526245, -4.172325134277344e-07, -0.027254939079284668, -0.020357519388198853, -0.20658740401268005, -0.5930454134941101, -0.3070721924304962, 0.4403845965862274, -0.0890495777130127, 0.8327093124389648, 0.21350891888141632, 0.23021064698696136, 0.6414388418197632, -2.014636993408203e-05, 0.6216215491294861, 0.6816868185997009, -1.461798906326294, -2.893609046936035, 1.0445516109466553, 0.9426827430725098, 0.5269936323165894, 0.5285509824752808, -0.5120849609375, 0.33669841289520264, 0.6284016370773315, 2.3463692665100098, 0.5457581281661987, -0.013151586055755615, -0.679436206817627, -1.4704056978225708, -1.1614866256713867, 1.7014572620391846, -0.14206340909004211, 1.0, 1.0, 1.0, 1.0, 0.0, 1.0, 1.0, 1.0, 1.0, 1.0, 1.0, 1.0]"
395,0.0,0.0,0.0,4.4976120989304036e-05,0.0,334.74627685546875,4.176657603238709e-05,0.0,310.8584289550781,0.0,0.0,0.0,0.6880797743797302,-0.06509652733802795,0.024106916040182114,0.04577973857522011,-0.16276901960372925,0.33239614963531494,0.32163435220718384,0.5477596521377563,-0.4067900478839874,0.38988548517227173,-0.6325411796569824,-1.4312005043029785,0.5031984448432922,-0.3339008688926697,0.7107958197593689,"[0.6880797743797302, -0.06509652733802795, 0.024106916040182114, 0.14523428678512573, -0.2649729549884796, -0.01992296613752842, -0.03432265669107437, -0.0020055612549185753, -0.9994086623191833, 0.699999988079071, 0.0, 0.0, 0.04577973857522011, -0.16276901960372925, 0.33239614963531494, 0.32163435220718384, -4.172325134277344e-07, -0.006790041923522949, -0.010114520788192749, -0.23254117369651794, -0.6312004923820496, -0.2968015670776367, 0.4660991430282593, -0.08920419216156006, 1.1536329984664917, -0.056359849870204926, -0.05483584851026535, 0.38388150930404663, -2.09808349609375e-05, 1.1260737180709839, 0.49976927042007446, -1.1347428560256958, -1.274627685546875, 0.33027514815330505, 1.3482404947280884, -0.42489129304885864, 0.5823916792869568, -0.49271446466445923, 0.3086797297000885, 0.6078321933746338, 2.3841395378112793, 0.5597895383834839, -0.11354470252990723, -0.5913443565368652, -1.4090330600738525, -1.2232072353363037, 1.7534074783325195, -0.23109722137451172, 1.0, 1.0, 1.0, 1.0, 0.0, 1.0, 1.0, 1.0, 1.0, 1.0, 1.0, 1.0]"
396,0.0,0.0,0.0,4.249628909747116e-05,0.0,316.2895202636719,4.225845987093635e-05,0.0,314.5194091796875,0.0,0.0,0.0,0.7098883390426636,-0.08282463997602463,0.07200402766466141,0.07355421036481857,-0.1664460301399231,0.3281458616256714,0.32598042488098145,0.5477596521377563,-0.3763279318809509,0.39421483874320984,-0.648067057132721,-1.4419326782226562,0.49857884645462036,-0.2968023121356964,0.6898340582847595,"[0.7098883390426636, -0.08282463997602463, 0.07200402766466141, 0.34828540682792664, -0.2861253321170807, -0.02116781286895275, -0.03980686515569687, -0.007749509997665882, -0.9991773366928101, 0.699999988079071, 0.0, 0.0, 0.07355421036481857, -0.1664460301399231, 0.3281458616256714, 0.32598042488098145, -4.172325134277344e-07, 0.02367207407951355, -0.005785167217254639, -0.24806705117225647, -0.6419326663017273, -0.3014211654663086, 0.5031976699829102, -0.11016595363616943, 1.5342496633529663, -0.21886801719665527, -0.243256077170372, 0.10351124405860901, -2.130866050720215e-05, 1.609782099723816, 0.15809649229049683, -0.45786750316619873, -0.025008410215377808, -0.38403260707855225, 1.999401569366455, -1.7133907079696655, 0.6670542359352112, -0.5690973401069641, 0.3229734003543854, 0.5369023680686951, 2.431467056274414, 0.5313476324081421, -0.30367687344551086, -0.4706556499004364, -1.3048232793807983, -1.2975049018859863, 1.8754875659942627, -0.4021172821521759, 1.0, 1.0, 1.0, 1.0, 0.0, 1.0, 1.0, 1.0, 1.0, 1.0, 1.0, 1.0]"
397,0.0,0.0,0.0,3.490365998004563e-05,0.0,259.7794189453125,4.142108446103521e-05,0.0,308.2870178222656,0.0,0.0,0.0,0.7303485870361328,-0.09248502552509308,0.10738817602396011,0.10927990823984146,-0.17277470231056213,0.320913702249527,0.32188618183135986,0.5477596521377563,-0.33766424655914307,0.3899507522583008,-0.6453620195388794,-1.4245957136154175,0.4822646975517273,-0.24352851510047913,0.6387970447540283,"[0.7303485870361328, -0.09248502552509308, 0.10738817602396011, 0.4665914475917816, -0.33909615874290466, -0.035257186740636826, -0.045975714921951294, -0.016699546948075294, -0.9988032579421997, 0.699999988079071, 0.0, 0.0, 0.10927990823984146, -0.17277470231056213, 0.320913702249527, 0.32188618183135986, -4.172325134277344e-07, 0.06233575940132141, -0.010049253702163696, -0.24536201357841492, -0.6245957016944885, -0.31773531436920166, 0.5564714670181274, -0.16120296716690063, 1.971327304840088, -0.3295109272003174, -0.35778799653053284, -0.41128355264663696, -2.1636486053466797e-05, 1.9854565858840942, -0.32848742604255676, 0.6328364610671997, 1.734071969985962, -0.8607808351516724, 2.934372663497925, -3.456145763397217, 0.7692754864692688, -0.632606565952301, 0.3296465575695038, 0.4320152699947357, 2.3510375022888184, 0.3989916741847992, -0.5327743291854858, -0.19908630847930908, -1.0441428422927856, -1.258474349975586, 1.9900481700897217, -0.7033482789993286, 1.0, 1.0, 1.0, 1.0, 0.0, 1.0, 1.0, 1.0, 1.0, 1.0, 1.0, 1.0]"
398,0.0,0.0,0.0,7.67588153394172e-06,0.0,57.12971115112305,2.7631440389086492e-05,0.0,205.654052734375,0.0,0.0,0.0,0.7344103455543518,-0.09158602356910706,0.0790172591805458,0.15488599240779877,-0.17951974272727966,0.31358280777931213,0.3058245778083801,0.5477597117424011,-0.29786473512649536,0.3734372556209564,-0.6150248050689697,-1.3607261180877686,0.4677950441837311,-0.16631470620632172,0.5535327792167664,"[0.7344103455543518, -0.09158602356910706, 0.0790172591805458, 0.3143605887889862, -0.4848173260688782, -0.043525587767362595, -0.05407991632819176, -0.02567959576845169, -0.9982061386108398, 0.699999988079071, 0.0, 0.0, 0.15488599240779877, -0.17951974272727966, 0.31358280777931213, 0.3058245778083801, -3.5762786865234375e-07, 0.10213527083396912, -0.026562750339508057, -0.21502479910850525, -0.5607261061668396, -0.3322049677371979, 0.633685290813446, -0.2464672327041626, 2.529019594192505, -0.2141714096069336, -0.21326638758182526, -0.9987406134605408, -1.946091651916504e-05, 1.8679447174072266, -0.9635450839996338, 2.219127893447876, 4.4313063621521, -0.3606301546096802, 4.305356979370117, -5.054048538208008, 0.5279374122619629, -0.32103079557418823, 0.6727985143661499, 0.2187546193599701, 1.8069193363189697, -0.37708547711372375, -0.6532399654388428, 0.4735659658908844, -0.47643017768859863, -0.6866392493247986, 1.424606442451477, -1.1005909442901611, 1.0, 1.0, 1.0, 1.0, 0.0, 1.0, 1.0, 1.0, 1.0, 1.0, 1.0, 1.0]"
399,0.0,0.0,0.0,0.0,0.0,0.0,0.0,0.0,0.0,4.560293018585071e-05,0.0,339.4114685058594,0.6906141638755798,-0.09898079186677933,0.004989665001630783,0.21282300353050232,-0.17802956700325012,0.32024452090263367,0.30234378576278687,0.5477597117424011,-0.2874128520488739,0.3554874360561371,-0.5752782225608826,-1.2548729181289673,0.4921096861362457,-0.18921048939228058,0.5177708864212036,"[0.6906141638755798, -0.09898079186677933, 0.004989665001630783, -0.6179839968681335, 0.017519012093544006, -0.027648620307445526, -0.05957051366567612, -0.023987971246242523, -0.9979357719421387, 0.699999988079071, 0.0, 0.0, 0.21282300353050232, -0.17802956700325012, 0.32024452090263367, 0.30234378576278687, -3.5762786865234375e-07, 0.11258715391159058, -0.04451256990432739, -0.1752782166004181, -0.45487290620803833, -0.3078903257846832, 0.6107895374298096, -0.28222912549972534, 3.2782509326934814, 0.48236382007598877, 1.0579389333724976, 0.6767293214797974, -1.8715858459472656e-05, -0.7684767246246338, -0.9456390142440796, 1.2154645919799805, 5.413447856903076, 3.166675329208374, -6.0395283699035645, -0.2536628842353821, 0.07559499144554138, 0.14900562167167664, 1.034486174583435, -0.13313060998916626, 1.5445141792297363, -0.8224793672561646, -0.3448503613471985, 0.7120130062103271, -0.13256101310253143, 0.00029524415731430054, 0.2959136962890625, -0.9326356649398804, 1.0, 1.0, 1.0, 1.0, 0.0, 1.0, 1.0, 1.0, 1.0, 1.0, 1.0, 1.0]"
400,0.0,0.0,0.0,0.0,0.0,0.0,0.0,0.0,0.0,5.368438723962754e-05,0.0,399.5597229003906,0.6667346954345703,-0.06978549063205719,-0.007509229704737663,0.25734657049179077,-0.16153493523597717,0.34893664717674255,0.31970521807670593,0.5477597117424011,-0.33639588952064514,0.32254332304000854,-0.548869788646698,-1.1417995691299438,0.5937960743904114,-0.28899049758911133,0.4995080530643463,"[0.6667346954345703, -0.06978549063205719, -0.007509229704737663, -0.7165476083755493, 0.41517817974090576, 0.07069848477840424, -0.05392087623476982, -0.00732853077352047, -0.9985184669494629, 0.699999988079071, 0.0, 0.0, 0.25734657049179077, -0.16153493523597717, 0.34893664717674255, 0.31970521807670593, -3.5762786865234375e-07, 0.06360411643981934, -0.07745668292045593, -0.14886978268623352, -0.3417995572090149, -0.20620393753051758, 0.5110095143318176, -0.30049195885658264, 1.1636340618133545, 0.814206063747406, 1.3098933696746826, 0.8351247906684875, -1.1622905731201172e-05, -3.0840072631835938, -1.7441340684890747, 1.4207093715667725, 5.471134185791016, 4.59738826751709, -4.6572136878967285, -1.273024559020996, 0.029197068884968758, -0.23110848665237427, 0.3905596435070038, 0.008850127458572388, 1.6256566047668457, -0.6088331937789917, 0.04215565323829651, 0.8773084878921509, -0.17728739976882935, -0.08373800665140152, 0.2556714713573456, -1.0210065841674805, 1.0, 1.0, 1.0, 1.0, 0.0, 1.0, 1.0, 1.0, 1.0, 1.0, 1.0, 1.0]"
401,0.0,0.0,0.0,0.0,0.0,0.0,0.0,0.0,0.0,4.93126644869335e-05,0.0,367.0220947265625,0.6915612816810608,0.002562733134254813,-0.03265758603811264,0.23452655971050262,-0.16071227192878723,0.3512543737888336,0.3203605115413666,0.5477597117424011,-0.40457883477211,0.30148252844810486,-0.5261963605880737,-1.0647128820419312,0.638058602809906,-0.4070432782173157,0.4786825478076935,"[0.6915612816810608, 0.002562733134254813, -0.03265758603811264, 0.34450775384902954, 0.691946804523468, 0.21223582327365875, -0.04218263924121857, -0.007338031195104122, -0.9990826845169067, 0.699999988079071, 0.0, 0.0, 0.23452655971050262, -0.16071227192878723, 0.3512543737888336, 0.3203605115413666, -3.5762786865234375e-07, -0.004578828811645508, -0.09851747751235962, -0.12619635462760925, -0.2647128701210022, -0.16194140911102295, 0.3929567337036133, -0.3213174641132355, -2.2579457759857178, -0.3436993658542633, -0.6575129628181458, -0.32438546419143677, -1.3262033462524414e-05, -3.412954092025757, -1.0250180959701538, 0.8682360649108887, 2.59966778755188, 0.5071044564247131, -3.859192132949829, -0.8005311489105225, -0.059845536947250366, -0.17361053824424744, 0.36772531270980835, 0.09615656733512878, 1.568397045135498, -0.33481457829475403, -0.16715511679649353, 0.7326720952987671, -0.34873366355895996, -0.49430838227272034, 0.8441006541252136, -1.0424940586090088, 1.0, 1.0, 1.0, 1.0, 0.0, 1.0, 1.0, 1.0, 1.0, 1.0, 1.0, 1.0]"
402,0.0,0.0,0.0,0.0,0.0,0.0,0.0,0.0,0.0,2.7953414246439934e-05,0.0,208.0504150390625,0.7255738973617554,0.04014132544398308,-0.09497261047363281,0.1735740303993225,-0.16970105469226837,0.32078224420547485,0.31049591302871704,0.5477597117424011,-0.46075350046157837,0.27365100383758545,-0.5082338452339172,-1.0541656017303467,0.5918835997581482,-0.3742545545101166,0.4588397741317749,"[0.7255738973617554, 0.04014132544398308, -0.09497261047363281, 0.6092188358306885, 0.9224419593811035, 0.2559359073638916, -0.025544989854097366, -0.01741352677345276, -0.999521791934967, 0.699999988079071, 0.0, 0.0, 0.1735740303993225, -0.16970105469226837, 0.32078224420547485, 0.31049591302871704, -3.5762786865234375e-07, -0.06075349450111389, -0.12634900212287903, -0.10823383927345276, -0.2541655898094177, -0.20811641216278076, 0.4257454574108124, -0.34116023778915405, -3.366847038269043, -0.48671579360961914, -1.9398868083953857, -0.6251517534255981, -1.6689300537109375e-05, -2.1438634395599365, -1.536051869392395, 0.73453688621521, -0.9717836976051331, -4.503378868103027, 3.808304786682129, -0.8732190132141113, 0.06898671388626099, -0.4063710868358612, 0.27547672390937805, 0.06666824221611023, 1.7916251420974731, 0.39487090706825256, -0.32959264516830444, -0.09468336403369904, -0.7774813175201416, -1.021094560623169, 1.6175988912582397, -0.7798396944999695, 1.0, 1.0, 1.0, 1.0, 0.0, 1.0, 1.0, 1.0, 1.0, 1.0, 1.0, 1.0]"
403,0.0,0.0,0.0,0.0,0.0,0.0,0.00014460609236266464,0.0,1076.2677001953125,0.0,0.0,0.0,0.74770587682724,0.03396278992295265,-0.03670627251267433,0.108577199280262,-0.17101281881332397,0.3010406494140625,0.3023075759410858,0.5477595925331116,-0.47386670112609863,0.27854064106941223,-0.4963644742965698,-1.0935683250427246,0.48352131247520447,-0.3571529686450958,0.4669528007507324,"[0.74770587682724, 0.03396278992295265, -0.03670627251267433, -0.7448467016220093, -0.027797991409897804, 0.2601005733013153, -0.013039498589932919, -0.023218363523483276, -0.9996451735496521, 0.699999988079071, 0.0, 0.0, 0.108577199280262, -0.17101281881332397, 0.3010406494140625, 0.3023075759410858, -4.76837158203125e-07, -0.07386669516563416, -0.12145936489105225, -0.09636446833610535, -0.29356831312179565, -0.3164786994457245, 0.44284704327583313, -0.33304721117019653, -2.588298797607422, 1.1148838996887207, 0.7729656100273132, 0.43810907006263733, -2.5063753128051758e-05, 0.3474474251270294, 4.110684394836426, 0.9080316424369812, -1.9420380592346191, -4.659643173217773, -4.396333694458008, 2.019585132598877, 0.2772442698478699, -0.8541757464408875, 0.2429235726594925, 0.4010021388530731, 1.8275266885757446, 0.28317883610725403, -0.47768113017082214, -0.8163559436798096, -0.9494211077690125, -1.04470956325531, 1.6047300100326538, -0.3018862009048462, 1.0, 1.0, 1.0, 1.0, 0.0, 1.0, 1.0, 1.0, 1.0, 1.0, 1.0, 1.0]"
404,0.0,0.0,0.0,0.0,0.0,0.0,5.418280488811433e-05,0.0,403.2693786621094,0.0,0.0,0.0,0.6721596121788025,0.07537389546632767,-0.1396004855632782,0.0565018393099308,-0.1734015792608261,0.306362509727478,0.2975800633430481,0.5477597117424011,-0.4503824710845947,0.31458497047424316,-0.5044124722480774,-1.1631814241409302,0.39266514778137207,-0.3684702217578888,0.5609099268913269,"[0.6721596121788025, 0.07537389546632767, -0.1396004855632782, -0.5898847579956055, -0.35259518027305603, 0.01107735838741064, -0.01687154918909073, -0.01485732663422823, -0.9997473955154419, 0.699999988079071, 0.0, 0.0, 0.0565018393099308, -0.1734015792608261, 0.306362509727478, 0.2975800633430481, -3.5762786865234375e-07, -0.05038246512413025, -0.08541503548622131, -0.10441246628761292, -0.3631814122200012, -0.4073348641395569, 0.43152979016304016, -0.23909008502960205, -2.1146867275238037, -0.367579847574234, 0.4526993930339813, -0.188210591673851, -1.7970800399780273e-05, 1.6086598634719849, 1.4673197269439697, -0.8863341808319092, -4.188383102416992, -4.115912437438965, -0.12767277657985687, 5.010007381439209, 0.454233318567276, -0.46852579712867737, 0.2728504538536072, 0.4124944806098938, 1.9827319383621216, 0.49489232897758484, 0.21101155877113342, -0.5008245706558228, -1.3998843431472778, -1.1410340070724487, 1.4123339653015137, 0.0028630122542381287, 1.0, 1.0, 1.0, 1.0, 0.0, 1.0, 1.0, 1.0, 1.0, 1.0, 1.0, 1.0]"
405,0.0,0.0,0.0,6.753026536898687e-05,0.0,502.61126708984375,3.0808580049779266e-05,0.0,229.30072021484375,0.0,0.0,0.0,0.6539284586906433,0.03631918877363205,-0.08568831533193588,0.022986197844147682,-0.1684882491827011,0.311056911945343,0.2933819591999054,0.5477597117424011,-0.4507381021976471,0.33865123987197876,-0.5302374958992004,-1.2602280378341675,0.43435266613960266,-0.36515331268310547,0.6429373025894165,"[0.6539284586906433, 0.03631918877363205, -0.08568831533193588, -0.1453331708908081, -0.22592255473136902, 0.05677446722984314, -0.022852759808301926, -0.0076712253503501415, -0.9997094869613647, 0.699999988079071, 0.0, 0.0, 0.022986197844147682, -0.1684882491827011, 0.311056911945343, 0.2933819591999054, -3.5762786865234375e-07, -0.05073809623718262, -0.06134876608848572, -0.13023748993873596, -0.4602280259132385, -0.3656473457813263, 0.4348466992378235, -0.15706270933151245, -1.4532585144042969, 0.0735335499048233, 0.05157489329576492, -0.2619946599006653, -1.4513731002807617e-05, -0.07302159816026688, 1.2252204418182373, -1.4335663318634033, -4.776520252227783, 2.1053123474121094, 0.011755917221307755, 3.62749981880188, 0.4281735122203827, -0.5151137709617615, 0.19539673626422882, 0.6604844331741333, 2.1614670753479004, 0.6748192310333252, 0.08594965934753418, -0.6152714490890503, -1.384820818901062, -1.2294797897338867, 1.6812286376953125, -0.05346054583787918, 1.0, 1.0, 1.0, 1.0, 0.0, 1.0, 1.0, 1.0, 1.0, 1.0, 1.0, 1.0]"
406,0.0,0.0,0.0,5.0060447392752394e-05,0.0,372.5876770019531,3.836602991214022e-05,0.0,285.5489807128906,0.0,0.0,0.0,0.6768280267715454,-0.01156398095190525,-0.019305914640426636,0.007555393036454916,-0.1678437739610672,0.3107481002807617,0.2940959334373474,0.5477596521377563,-0.44034653902053833,0.3607906103134155,-0.5587195754051208,-1.3362277746200562,0.4556366801261902,-0.3629075288772583,0.693878710269928,"[0.6768280267715454, -0.01156398095190525, -0.019305914640426636, -0.041780732572078705, -0.11227031797170639, 0.0687568262219429, -0.025709981098771095, -0.006948165129870176, -0.9996453523635864, 0.699999988079071, 0.0, 0.0, 0.007555393036454916, -0.1678437739610672, 0.3107481002807617, 0.2940959334373474, -4.172325134277344e-07, -0.04034653306007385, -0.03920939564704895, -0.15871956944465637, -0.5362277626991272, -0.34436333179473877, 0.43709248304367065, -0.10612130165100098, -0.31094658374786377, 0.08020564168691635, 0.010737497359514236, 0.297821968793869, -1.6570091247558594e-05, 0.6093449592590332, 1.0041999816894531, -1.4099500179290771, -3.237945556640625, 0.8477801084518433, 0.2551696002483368, 1.818595051765442, 0.4694810211658478, -0.6216763854026794, 0.42994922399520874, 0.602493166923523, 2.281890869140625, 0.4531274139881134, 0.040788352489471436, -0.7491183280944824, -1.4281328916549683, -1.0118588209152222, 1.609907865524292, -0.07252965122461319, 1.0, 1.0, 1.0, 1.0, 0.0, 1.0, 1.0, 1.0, 1.0, 1.0, 1.0, 1.0]"
407,0.0,0.0,0.0,3.786728484556079e-05,0.0,281.8369445800781,4.081063161720522e-05,0.0,303.74359130859375,0.0,0.0,0.0,0.6748798489570618,-0.041158899664878845,-0.0035698094870895147,0.01615719124674797,-0.1639278531074524,0.31345638632774353,0.30680665373802185,0.5477596521377563,-0.4253670275211334,0.37531864643096924,-0.5892098546028137,-1.3849290609359741,0.4704030454158783,-0.347364217042923,0.7167033553123474,"[0.6748798489570618, -0.041158899664878845, -0.0035698094870895147, -0.1569993644952774, -0.18990810215473175, 0.03553641960024834, -0.028805948793888092, -0.004060226958245039, -0.9995768070220947, 0.699999988079071, 0.0, 0.0, 0.01615719124674797, -0.1639278531074524, 0.31345638632774353, 0.30680665373802185, -4.172325134277344e-07, -0.025367021560668945, -0.02468135952949524, -0.18920984864234924, -0.5849290490150452, -0.32959696650505066, 0.452635794878006, -0.08329665660858154, 0.7495468258857727, 0.21293358504772186, 0.16468513011932373, 0.7395646572113037, -1.84476375579834e-05, 0.673352837562561, 0.6605486273765564, -1.579004168510437, -2.0012354850769043, 0.9159325361251831, 0.9478772878646851, 0.7502662539482117, 0.49639013409614563, -0.5825152397155762, 0.3452772796154022, 0.6536791324615479, 2.343928337097168, 0.48118671774864197, -0.011189550161361694, -0.6684612035751343, -1.4436146020889282, -1.1692372560501099, 1.7165535688400269, -0.11215803772211075, 1.0, 1.0, 1.0, 1.0, 0.0, 1.0, 1.0, 1.0, 1.0, 1.0, 1.0, 1.0]"
408,0.0,0.0,0.0,4.4117416109656915e-05,0.0,328.3551330566406,4.267802432877943e-05,0.0,317.6421203613281,0.0,0.0,0.0,0.6827578544616699,-0.054860930889844894,0.02376609481871128,0.036267492920160294,-0.16203036904335022,0.3145020306110382,0.3194705545902252,0.5477596521377563,-0.40626975893974304,0.3842116594314575,-0.6198440194129944,-1.416638970375061,0.48172858357429504,-0.3198811113834381,0.7180655598640442,"[0.6827578544616699, -0.054860930889844894, 0.02376609481871128, 0.06855283677577972, -0.25786852836608887, 0.009753941558301449, -0.033550966531038284, -0.0034587839618325233, -0.9994311928749084, 0.699999988079071, 0.0, 0.0, 0.036267492920160294, -0.16203036904335022, 0.3145020306110382, 0.3194705545902252, -4.172325134277344e-07, -0.0062697529792785645, -0.015788346529006958, -0.2198440134525299, -0.6166389584541321, -0.3182714283466339, 0.48011890053749084, -0.08193445205688477, 1.110244870185852, 0.0051644109189510345, -0.03387945145368576, 0.5307772159576416, -1.958012580871582e-05, 1.0123987197875977, 0.4425967037677765, -1.4053899049758911, -1.346720576286316, 0.5061123967170715, 1.4257616996765137, -0.5440584421157837, 0.594044029712677, -0.6007066369056702, 0.3661403954029083, 0.600717306137085, 2.422056198120117, 0.5636554956436157, -0.11801871657371521, -0.6396197080612183, -1.4182220697402954, -1.2411134243011475, 1.7867330312728882, -0.2467089593410492, 1.0, 1.0, 1.0, 1.0, 0.0, 1.0, 1.0, 1.0, 1.0, 1.0, 1.0, 1.0]"
409,0.0,0.0,0.0,4.6115103032207116e-05,0.0,343.2234191894531,4.3172800360480323e-05,0.0,321.3246154785156,0.0,0.0,0.0,0.7039609551429749,-0.07104198634624481,0.06953366100788116,0.06362611800432205,-0.16474373638629913,0.31092405319213867,0.3260352909564972,0.5477596521377563,-0.3777957260608673,0.38779664039611816,-0.6420479416847229,-1.4349817037582397,0.47947365045547485,-0.2821241021156311,0.6940768361091614,"[0.7039609551429749, -0.07104198634624481, 0.06953366100788116, 0.3038536310195923, -0.27013611793518066, -0.007040753029286861, -0.038853880017995834, -0.008056409657001495, -0.9992124438285828, 0.699999988079071, 0.0, 0.0, 0.06362611800432205, -0.16474373638629913, 0.31092405319213867, 0.3260352909564972, -4.172325134277344e-07, 0.022204279899597168, -0.012203365564346313, -0.24204793572425842, -0.6349816918373108, -0.3205263614654541, 0.5178759098052979, -0.10592317581176758, 1.544142246246338, -0.1968689113855362, -0.24196545779705048, 0.2230338603258133, -1.996755599975586e-05, 1.492409586906433, 0.1392095685005188, -0.8347948789596558, -0.49549251794815063, -0.21924176812171936, 1.9867582321166992, -1.7377318143844604, 0.6863640546798706, -0.6175503134727478, 0.325452595949173, 0.5958585739135742, 2.4594902992248535, 0.5663537979125977, -0.26153242588043213, -0.4781936705112457, -1.3214459419250488, -1.3140811920166016, 1.8847072124481201, -0.38099828362464905, 1.0, 1.0, 1.0, 1.0, 0.0, 1.0, 1.0, 1.0, 1.0, 1.0, 1.0, 1.0]"
410,0.0,0.0,0.0,3.951302278437652e-05,0.0,294.08575439453125,4.2828050936805084e-05,0.0,318.75872802734375,0.0,0.0,0.0,0.7291067242622375,-0.08468221873044968,0.1091073751449585,0.10179086029529572,-0.1699727177619934,0.3046204149723053,0.32639625668525696,0.5477595925331116,-0.3403625786304474,0.3831111192703247,-0.6470502614974976,-1.4280602931976318,0.4637954533100128,-0.22932912409305573,0.6449135541915894,"[0.7291067242622375, -0.08468221873044968, 0.1091073751449585, 0.4103865921497345, -0.2963210642337799, -0.01896176114678383, -0.04440947622060776, -0.0157936979085207, -0.9988887906074524, 0.699999988079071, 0.0, 0.0, 0.10179086029529572, -0.1699727177619934, 0.3046204149723053, 0.32639625668525696, -4.76837158203125e-07, 0.05963742733001709, -0.01688888669013977, -0.24705025553703308, -0.6280602812767029, -0.33620455861091614, 0.5706709027290344, -0.1550864577293396, 2.12424373626709, -0.2790345549583435, -0.3344714939594269, -0.13044367730617523, -2.0176172256469727e-05, 1.916749358177185, -0.3359823226928711, 0.23961248993873596, 1.162501573562622, -0.8239061236381531, 2.863839864730835, -3.246687412261963, 0.7785905003547668, -0.6793007850646973, 0.34485751390457153, 0.49120572209358215, 2.398078441619873, 0.4601452052593231, -0.5017108917236328, -0.2550564706325531, -1.0955039262771606, -1.3206747770309448, 1.9966723918914795, -0.6387518048286438, 1.0, 1.0, 1.0, 1.0, 0.0, 1.0, 1.0, 1.0, 1.0, 1.0, 1.0, 1.0]"
411,0.0,0.0,0.0,1.4403720342670567e-05,0.0,107.20336151123047,3.214430034859106e-05,0.0,239.2421417236328,0.0,0.0,0.0,0.7398991584777832,-0.08553620427846909,0.09651416540145874,0.15055778622627258,-0.17598479986190796,0.2976802587509155,0.3165471851825714,0.5477596521377563,-0.29958999156951904,0.36631351709365845,-0.6249955892562866,-1.3750224113464355,0.44561490416526794,-0.15343748033046722,0.5657933950424194,"[0.7398991584777832, -0.08553620427846909, 0.09651416540145874, 0.31501510739326477, -0.4146726429462433, -0.03052494116127491, -0.051366809755563736, -0.024232544004917145, -0.9983861446380615, 0.699999988079071, 0.0, 0.0, 0.15055778622627258, -0.17598479986190796, 0.2976802587509155, 0.3165471851825714, -4.172325134277344e-07, 0.10041001439094543, -0.03368648886680603, -0.22499558329582214, -0.5750223994255066, -0.354385107755661, 0.6465625166893005, -0.23420661687850952, 2.6836254596710205, -0.20669400691986084, -0.24521340429782867, -0.7014570832252502, -2.0503997802734375e-05, 1.9533969163894653, -1.0069891214370728, 1.8031699657440186, 3.9633963108062744, -0.6422524452209473, 4.196623802185059, -4.824856281280518, 0.6113399863243103, -0.4074209928512573, 0.6833987832069397, 0.2592249810695648, 1.881370186805725, -0.18644556403160095, -0.6956756114959717, 0.30601808428764343, -0.5671945214271545, -0.9020789861679077, 1.5824337005615234, -1.046167254447937, 1.0, 1.0, 1.0, 1.0, 0.0, 1.0, 1.0, 1.0, 1.0, 1.0, 1.0, 1.0]"
412,0.0,0.0,0.0,0.0,0.0,0.0,0.0,0.0,0.0,0.00010724373714765534,0.0,798.1889038085938,0.6924976110458374,-0.10436174273490906,-0.026761071756482124,0.2044585794210434,-0.17899784445762634,0.29801610112190247,0.2982845604419708,0.5477596521377563,-0.277702659368515,0.347665399312973,-0.5782997012138367,-1.2725952863693237,0.45767372846603394,-0.15826569497585297,0.4827330708503723,"[0.6924976110458374, -0.10436174273490906, -0.026761071756482124, -0.24939142167568207, -0.13115917146205902, -0.033046554774045944, -0.05862780660390854, -0.029409384354948997, -0.997846782207489, 0.699999988079071, 0.0, 0.0, 0.2044585794210434, -0.17899784445762634, 0.29801610112190247, 0.2982845604419708, -4.172325134277344e-07, 0.12229734659194946, -0.052334606647491455, -0.1782996952533722, -0.4725952744483948, -0.342326283454895, 0.6417343020439148, -0.31726694107055664, 3.1972296237945557, 0.3613966703414917, 0.8491007685661316, 0.92788165807724, 1.0281801223754883e-05, 0.03450034558773041, -0.9667246341705322, 0.11138510704040527, 5.318850994110107, 1.785370111465454, -5.0964274406433105, 1.6016294956207275, 0.0815356969833374, 0.20216354727745056, 1.0658297538757324, -0.07963541150093079, 1.5251561403274536, -0.8235503435134888, -0.3723977506160736, 0.6617553234100342, -0.13191454112529755, -0.0814492478966713, 0.41972482204437256, -0.9579123854637146, 1.0, 1.0, 1.0, 1.0, 0.0, 1.0, 1.0, 1.0, 1.0, 1.0, 1.0, 1.0]"
413,0.0,0.0,0.0,0.0,0.0,0.0,0.0,0.0,0.0,5.764760499005206e-05,0.0,429.0570373535156,0.6621958017349243,-0.08615558594465256,-0.06781543046236038,0.2529296278953552,-0.16043922305107117,0.3288428485393524,0.3126438856124878,0.5477597117424011,-0.31492093205451965,0.3169897496700287,-0.5657017827033997,-1.1589012145996094,0.5534822344779968,-0.2561715543270111,0.4938974976539612,"[0.6621958017349243, -0.08615558594465256, -0.06781543046236038, -0.6563018560409546, 0.20927794277668, 0.06715225428342819, -0.05732621252536774, -0.01759282685816288, -0.998200535774231, 0.699999988079071, 0.0, 0.0, 0.2529296278953552, -0.16043922305107117, 0.3288428485393524, 0.3126438856124878, -3.5762786865234375e-07, 0.08507907390594482, -0.08301025629043579, -0.16570177674293518, -0.3589012026786804, -0.24651777744293213, 0.5438284873962402, -0.3061025142669678, 1.6307579278945923, 1.127173662185669, 1.6914451122283936, 0.8350897431373596, -1.3053417205810547e-05, -2.7293078899383545, -1.6870484352111816, 0.8951132297515869, 5.634693145751953, 5.277069091796875, -4.558891773223877, -0.11454343795776367, 0.030732693150639534, -0.1866668164730072, 0.469805508852005, -0.03940746188163757, 1.6386240720748901, -0.5469717979431152, 0.05501332879066467, 0.8396153450012207, -0.14876818656921387, -0.06898389011621475, 0.2463020384311676, -0.9055278301239014, 1.0, 1.0, 1.0, 1.0, 0.0, 1.0, 1.0, 1.0, 1.0, 1.0, 1.0, 1.0]"
414,0.0,0.0,0.0,0.0,0.0,0.0,0.0,0.0,0.0,5.325976962922141e-05,0.0,396.3994445800781,0.6887041330337524,-0.0157322995364666,-0.07226669788360596,0.24152794480323792,-0.1509973257780075,0.34345129132270813,0.31602445244789124,0.5477597713470459,-0.3793543577194214,0.29775235056877136,-0.551201581954956,-1.0714880228042603,0.616146445274353,-0.3849910795688629,0.4911695718765259,"[0.6887041330337524, -0.0157322995364666, -0.07226669788360596, 0.29065659642219543, 0.5599974393844604, 0.21112816035747528, -0.04870175942778587, -0.01599697768688202, -0.9986851811408997, 0.699999988079071, 0.0, 0.0, 0.24152794480323792, -0.1509973257780075, 0.34345129132270813, 0.31602445244789124, -2.980232238769531e-07, 0.02064564824104309, -0.10224765539169312, -0.15120157599449158, -0.2714880108833313, -0.18385356664657593, 0.41500893235206604, -0.3088304400444031, -1.7898635864257812, 0.009768658317625523, -0.020751647651195526, -0.12832817435264587, -1.2427568435668945e-05, -3.3119332790374756, -0.7708980441093445, 0.6022831201553345, 3.273869037628174, 1.4697366952896118, -5.571176052093506, -0.11286979913711548, 0.004320861771702766, -0.22702816128730774, 0.3865567743778229, 0.08629629015922546, 1.5960572957992554, -0.42674484848976135, -0.141702800989151, 0.853857159614563, -0.2930562496185303, -0.4203566014766693, 0.6617181301116943, -1.0472460985183716, 1.0, 1.0, 1.0, 1.0, 0.0, 1.0, 1.0, 1.0, 1.0, 1.0, 1.0, 1.0]"
415,0.0,0.0,0.0,0.0,0.0,0.0,0.0,0.0,0.0,3.636813198681921e-05,0.0,270.6791076660156,0.7210624814033508,0.03177108243107796,-0.10498965531587601,0.1878845989704132,-0.15787681937217712,0.323955237865448,0.30764731764793396,0.5477596521377563,-0.4393238127231598,0.2739655673503876,-0.5380273461341858,-1.0498216152191162,0.5929991602897644,-0.3840903639793396,0.481979101896286,"[0.7210624814033508, 0.03177108243107796, -0.10498965531587601, 0.5359264612197876, 0.8700367212295532, 0.2640067934989929, -0.0337737612426281, -0.025295773521065712, -0.9991095066070557, 0.699999988079071, 0.0, 0.0, 0.1878845989704132, -0.15787681937217712, 0.323955237865448, 0.30764731764793396, -4.172325134277344e-07, -0.03932380676269531, -0.1260344386100769, -0.1380273401737213, -0.24982160329818726, -0.20700085163116455, 0.41590964794158936, -0.31802091002464294, -2.9858059883117676, -0.4666575491428375, -1.4416605234146118, -0.4918123185634613, -1.5288591384887695e-05, -2.5085346698760986, -1.4322422742843628, 0.6627439856529236, -0.4754008948802948, -3.3345603942871094, 2.8254802227020264, -0.6900210380554199, 0.09610436856746674, -0.3871360421180725, 0.2094339281320572, 0.0722639262676239, 1.7949570417404175, 0.2585700452327728, -0.3011254370212555, 0.24899911880493164, -0.6973559260368347, -0.8986836671829224, 1.4950776100158691, -0.8571273684501648, 1.0, 1.0, 1.0, 1.0, 0.0, 1.0, 1.0, 1.0, 1.0, 1.0, 1.0, 1.0]"
416,0.0,0.0,0.0,0.0,0.0,0.0,0.00018810827168636024,0.0,1400.0438232421875,4.809496090274479e-07,0.0,3.579590082168579,0.7678142189979553,0.03254779800772667,-0.08247479796409607,0.12758241593837738,-0.16775435209274292,0.2995123863220215,0.298109233379364,0.5477597117424011,-0.46442416310310364,0.26069581508636475,-0.5277562141418457,-1.0859723091125488,0.4965577721595764,-0.34177982807159424,0.47654783725738525,"[0.7678142189979553, 0.03254779800772667, -0.08247479796409607, -0.3633156716823578, 0.3558897376060486, 0.27807095646858215, -0.016874972730875015, -0.03477975353598595, -0.9992528557777405, 0.699999988079071, 0.0, 0.0, 0.12758241593837738, -0.16775435209274292, 0.2995123863220215, 0.298109233379364, -3.5762786865234375e-07, -0.06442415714263916, -0.13930419087409973, -0.12775620818138123, -0.2859722971916199, -0.30344223976135254, 0.4582201838493347, -0.3234521746635437, -2.495333194732666, 0.4935774803161621, 0.3154072165489197, 0.19953054189682007, -1.1742115020751953e-05, -0.23574680089950562, 3.273153781890869, 1.0266427993774414, -2.0162057876586914, -4.724682807922363, -4.097969055175781, 0.045345038175582886, 0.24790158867835999, -0.7988322973251343, 0.3399312198162079, 0.33127421140670776, 1.853658676147461, 0.43160340189933777, -0.5080986022949219, -0.7704982757568359, -1.0028586387634277, -1.1333568096160889, 1.624326229095459, -0.44265446066856384, 1.0, 1.0, 1.0, 1.0, 0.0, 1.0, 1.0, 1.0, 1.0, 1.0, 1.0, 1.0]"
417,0.0,0.0,0.0,0.0,0.0,0.0,4.947604611515999e-05,0.0,368.2381286621094,0.0,0.0,0.0,0.6989814639091492,0.07001959532499313,-0.14461906254291534,0.07803512364625931,-0.16949115693569183,0.30540892481803894,0.2961083948612213,0.5477597117424011,-0.44505754113197327,0.3117040693759918,-0.5255035758018494,-1.1595268249511719,0.39486703276634216,-0.38379886746406555,0.5471475124359131,"[0.6989814639091492, 0.07001959532499313, -0.14461906254291534, -0.4442574679851532, -0.1733112782239914, 0.06777691096067429, -0.01741567999124527, -0.026404468342661858, -0.9994999170303345, 0.699999988079071, 0.0, 0.0, 0.07803512364625931, -0.16949115693569183, 0.30540892481803894, 0.2961083948612213, -3.5762786865234375e-07, -0.04505753517150879, -0.08829593658447266, -0.1255035698413849, -0.3595268130302429, -0.4051329791545868, 0.4162011444568634, -0.25285249948501587, -2.247163772583008, -0.5072538256645203, 0.3336048126220703, -0.19906499981880188, -1.7821788787841797e-05, 1.447265863418579, 1.7360575199127197, -0.5419690012931824, -4.588029861450195, -4.567497253417969, -0.7957971096038818, 5.074058532714844, 0.4702516198158264, -0.5761233568191528, 0.20596711337566376, 0.48536011576652527, 1.9005357027053833, 0.35895857214927673, 0.15643179416656494, -0.4786013662815094, -1.343024492263794, -1.0615566968917847, 1.433323621749878, -0.03583449870347977, 1.0, 1.0, 1.0, 1.0, 0.0, 1.0, 1.0, 1.0, 1.0, 1.0, 1.0, 1.0]"
418,0.0,0.0,0.0,3.0418383175856434e-05,0.0,226.39659118652344,4.1889361455105245e-05,0.0,311.7723083496094,0.0,0.0,0.0,0.67423415184021,0.034599389880895615,-0.07449989020824432,0.042618315666913986,-0.16485081613063812,0.3101229667663574,0.2941872179508209,0.5477597117424011,-0.4335939288139343,0.34058666229248047,-0.544129490852356,-1.2542028427124023,0.4205978512763977,-0.38983267545700073,0.6343150734901428,"[0.67423415184021, 0.034599389880895615, -0.07449989020824432, -0.16717885434627533, -0.17810462415218353, 0.1016351580619812, -0.02185019850730896, -0.019165724515914917, -0.9995777606964111, 0.699999988079071, 0.0, 0.0, 0.042618315666913986, -0.16485081613063812, 0.3101229667663574, 0.2941872179508209, -3.5762786865234375e-07, -0.03359392285346985, -0.05941334366798401, -0.14412948489189148, -0.4542028307914734, -0.37940216064453125, 0.4101673364639282, -0.16568493843078613, -1.644710898399353, 0.1402316391468048, 0.08366943150758743, -0.10523460060358047, -1.9997358322143555e-05, 0.4231841564178467, 1.5989344120025635, -1.057863473892212, -4.536349773406982, 1.2684204578399658, -0.56010502576828, 3.8165555000305176, 0.3843878209590912, -0.44997498393058777, 0.30394741892814636, 0.5601940155029297, 2.113664150238037, 0.6213018894195557, 0.046604663133621216, -0.6205198764801025, -1.381393313407898, -1.246558666229248, 1.616567850112915, 0.002154313027858734, 1.0, 1.0, 1.0, 1.0, 0.0, 1.0, 1.0, 1.0, 1.0, 1.0, 1.0, 1.0]"
419,0.0,0.0,0.0,4.747023922391236e-05,0.0,353.3093566894531,3.7761787098133937e-05,0.0,281.0517578125,0.0,0.0,0.0,0.6832215785980225,-0.011427181772887707,-0.011559904552996159,0.021338466554880142,-0.16342143714427948,0.3095986545085907,0.29640993475914,0.5477596521377563,-0.4202858805656433,0.3641805946826935,-0.5677504539489746,-1.3317383527755737,0.43542346358299255,-0.3909464180469513,0.6988474726676941,"[0.6832215785980225, -0.011427181772887707, -0.011559904552996159, -0.0957978367805481, -0.07464814931154251, 0.104279063642025, -0.02371976710855961, -0.01821950636804104, -0.999552309513092, 0.699999988079071, 0.0, 0.0, 0.021338466554880142, -0.16342143714427948, 0.3095986545085907, 0.29640993475914, -4.172325134277344e-07, -0.020285874605178833, -0.035819411277770996, -0.16775044798851013, -0.5317383408546448, -0.3645765483379364, 0.40905359387397766, -0.10115253925323486, -0.6041163206100464, 0.15685229003429413, 0.06639434397220612, 0.32806313037872314, -1.6361474990844727e-05, 0.6706636548042297, 1.072964072227478, -1.1726274490356445, -3.4770805835723877, 0.67324298620224, 0.13350093364715576, 2.490685224533081, 0.44770315289497375, -0.5897397398948669, 0.4375638961791992, 0.554343581199646, 2.268401622772217, 0.4391968548297882, 0.025332748889923096, -0.7584308385848999, -1.4584513902664185, -1.0527254343032837, 1.587167739868164, -0.05808679014444351, 1.0, 1.0, 1.0, 1.0, 0.0, 1.0, 1.0, 1.0, 1.0, 1.0, 1.0, 1.0]"
420,0.0,0.0,0.0,3.6319535865914077e-05,0.0,270.3174133300781,3.9772585296304896e-05,0.0,296.0176086425781,0.0,0.0,0.0,0.6773626804351807,-0.03894447162747383,-0.003281966084614396,0.023608073592185974,-0.15766367316246033,0.31342822313308716,0.30660274624824524,0.5477596521377563,-0.4051177501678467,0.379768431186676,-0.5924502611160278,-1.3864699602127075,0.4486287534236908,-0.3777039051055908,0.7237784266471863,"[0.6773626804351807, -0.03894447162747383, -0.003281966084614396, -0.24223674833774567, -0.16363482177257538, 0.06192702800035477, -0.026231354102492332, -0.013744058087468147, -0.999561071395874, 0.699999988079071, 0.0, 0.0, 0.023608073592185974, -0.15766367316246033, 0.31342822313308716, 0.30660274624824524, -4.172325134277344e-07, -0.005117744207382202, -0.020231574773788452, -0.19245025515556335, -0.5864699482917786, -0.35137125849723816, 0.42229610681533813, -0.07622158527374268, 0.42452096939086914, 0.3086943030357361, 0.2502685487270355, 0.542296290397644, -1.806020736694336e-05, 0.6545329689979553, 0.7236284613609314, -1.291648268699646, -2.2934279441833496, 0.8895846009254456, 0.8456940650939941, 0.693807065486908, 0.4922002851963043, -0.5758676528930664, 0.37843647599220276, 0.6066012382507324, 2.3558335304260254, 0.4679020345211029, -0.0166454017162323, -0.6866974830627441, -1.4711787700653076, -1.1704996824264526, 1.6938800811767578, -0.11925271898508072, 1.0, 1.0, 1.0, 1.0, 0.0, 1.0, 1.0, 1.0, 1.0, 1.0, 1.0, 1.0]"
421,0.0,0.0,0.0,4.257301043253392e-05,0.0,316.8605041503906,4.139643715461716e-05,0.0,308.10357666015625,0.0,0.0,0.0,0.6806027293205261,-0.05494999513030052,0.01715780422091484,0.03825075924396515,-0.15351971983909607,0.3162795305252075,0.3150033950805664,0.5477596521377563,-0.38710013031959534,0.39029380679130554,-0.6188268661499023,-1.4227778911590576,0.46067914366722107,-0.3534327447414398,0.7239174842834473,"[0.6806027293205261, -0.05494999513030052, 0.01715780422091484, -0.048623718321323395, -0.2369547039270401, 0.02582828514277935, -0.030550148338079453, -0.011019576340913773, -0.9994724988937378, 0.699999988079071, 0.0, 0.0, 0.03825075924396515, -0.15351971983909607, 0.3162795305252075, 0.3150033950805664, -4.172325134277344e-07, 0.01289987564086914, -0.009706199169158936, -0.21882686018943787, -0.6227778792381287, -0.3393208682537079, 0.44656726717948914, -0.07608252763748169, 0.8799399733543396, 0.1273745447397232, 0.09483363479375839, 0.33448073267936707, -1.9043684005737305e-05, 0.9313428401947021, 0.5268024206161499, -1.2414802312850952, -1.5104680061340332, 0.5883728265762329, 1.2774512767791748, -0.637776255607605, 0.5827648639678955, -0.6023678183555603, 0.3474433124065399, 0.6050088405609131, 2.429636001586914, 0.5671427249908447, -0.10518932342529297, -0.6525342464447021, -1.4386783838272095, -1.227117657661438, 1.7730821371078491, -0.24259543418884277, 1.0, 1.0, 1.0, 1.0, 0.0, 1.0, 1.0, 1.0, 1.0, 1.0, 1.0, 1.0]"
422,0.0,0.0,0.0,4.493062078836374e-05,0.0,334.40765380859375,4.2009021854028106e-05,0.0,312.66290283203125,0.0,0.0,0.0,0.6975904107093811,-0.07477539032697678,0.056951507925987244,0.06201399490237236,-0.15354640781879425,0.31513941287994385,0.31942158937454224,0.5477597117424011,-0.36066389083862305,0.3962174355983734,-0.6396569013595581,-1.4430214166641235,0.4608449339866638,-0.32005223631858826,0.6995043754577637,"[0.6975904107093811, -0.07477539032697678, 0.056951507925987244, 0.18042682111263275, -0.25752612948417664, 0.006113059818744659, -0.035567909479141235, -0.013032790273427963, -0.9992825388908386, 0.699999988079071, 0.0, 0.0, 0.06201399490237236, -0.15354640781879425, 0.31513941287994385, 0.31942158937454224, -3.5762786865234375e-07, 0.03933611512184143, -0.0037825703620910645, -0.23965689539909363, -0.6430214047431946, -0.33915507793426514, 0.4799477756023407, -0.10049563646316528, 1.3731013536453247, -0.06741723418235779, -0.09874404966831207, 0.1726589947938919, -1.940131187438965e-05, 1.372039794921875, 0.2688528299331665, -0.8353694081306458, -0.6218332052230835, -0.06535109132528305, 1.7592697143554688, -1.6561235189437866, 0.6627131104469299, -0.6165701746940613, 0.3200163245201111, 0.6101194620132446, 2.4722142219543457, 0.5852547883987427, -0.2385036051273346, -0.512560248374939, -1.3601661920547485, -1.3036359548568726, 1.8631832599639893, -0.3631307780742645, 1.0, 1.0, 1.0, 1.0, 0.0, 1.0, 1.0, 1.0, 1.0, 1.0, 1.0, 1.0]"
423,0.0,0.0,0.0,4.014756632386707e-05,0.0,298.8085021972656,4.206861922284588e-05,0.0,313.1064453125,0.0,0.0,0.0,0.7200236916542053,-0.09187941998243332,0.09577517211437225,0.09649074077606201,-0.15630578994750977,0.31108707189559937,0.32060956954956055,0.5477596521377563,-0.3254583775997162,0.3951718211174011,-0.6467021107673645,-1.4416803121566772,0.44806525111198425,-0.2736705541610718,0.6542360186576843,"[0.7200236916542053, -0.09187941998243332, 0.09577517211437225, 0.31620973348617554, -0.2896617352962494, -0.0048191663809120655, -0.041010532528162, -0.018483765423297882, -0.9989873170852661, 0.699999988079071, 0.0, 0.0, 0.09649074077606201, -0.15630578994750977, 0.31108707189559937, 0.32060956954956055, -4.172325134277344e-07, 0.07454162836074829, -0.0048281848430633545, -0.24670210480690002, -0.6416803002357483, -0.3519347608089447, 0.5263294577598572, -0.14576399326324463, 1.9141746759414673, -0.17300045490264893, -0.21643555164337158, -0.04124366119503975, -2.053380012512207e-05, 1.7978801727294922, -0.13136884570121765, 0.057406023144721985, 0.7123822569847107, -0.6702944040298462, 2.5166304111480713, -2.9004197120666504, 0.7496649622917175, -0.6655514240264893, 0.3324056565761566, 0.5218019485473633, 2.4473395347595215, 0.5175919532775879, -0.45091870427131653, -0.32235872745513916, -1.191543459892273, -1.3373713493347168, 1.9795674085617065, -0.5698590278625488, 1.0, 1.0, 1.0, 1.0, 0.0, 1.0, 1.0, 1.0, 1.0, 1.0, 1.0, 1.0]"
424,0.0,0.0,0.0,2.2594800611841492e-05,0.0,168.16757202148438,3.783000647672452e-05,0.0,281.5594787597656,0.0,0.0,0.0,0.7331216931343079,-0.09679168462753296,0.10326480865478516,0.14072023332118988,-0.16062229871749878,0.305494099855423,0.31377309560775757,0.5477596521377563,-0.2852631211280823,0.38371214270591736,-0.6303048133850098,-1.40219247341156,0.43004629015922546,-0.20704424381256104,0.5835723876953125,"[0.7331216931343079, -0.09679168462753296, 0.10326480865478516, 0.300946444272995, -0.4031057059764862, -0.021379396319389343, -0.047861360013484955, -0.02562698721885681, -0.9985249638557434, 0.699999988079071, 0.0, 0.0, 0.14072023332118988, -0.16062229871749878, 0.305494099855423, 0.31377309560775757, -4.172325134277344e-07, 0.1147368848323822, -0.01628786325454712, -0.2303048074245453, -0.6021924614906311, -0.3699537217617035, 0.5929557681083679, -0.21642762422561646, 2.4382972717285156, -0.16871629655361176, -0.20895497500896454, -0.5458731055259705, -1.9848346710205078e-05, 1.9633480310440063, -0.7609497308731079, 1.461698055267334, 3.185088634490967, -0.7103077173233032, 3.7755630016326904, -4.446469783782959, 0.7172970771789551, -0.5656315684318542, 0.5381789207458496, 0.3159623444080353, 2.1108386516571045, 0.07992896437644958, -0.6830301284790039, 0.11298909783363342, -0.7616047263145447, -1.1024956703186035, 1.8298261165618896, -0.962519109249115, 1.0, 1.0, 1.0, 1.0, 0.0, 1.0, 1.0, 1.0, 1.0, 1.0, 1.0, 1.0]"
425,0.0,0.0,0.0,0.0,0.0,0.0,0.0,0.0,0.0,4.479193376027979e-05,0.0,333.37542724609375,0.7063345313072205,-0.10652819275856018,-0.004506801255047321,0.19089853763580322,-0.16436463594436646,0.3021087944507599,0.2942744791507721,0.5477597117424011,-0.25609204173088074,0.3619077205657959,-0.5831025242805481,-1.311462163925171,0.43457528948783875,-0.15218274295330048,0.4988495111465454,"[0.7063345313072205, -0.10652819275856018, -0.004506801255047321, 0.1077478900551796, -0.3326140344142914, -0.005502493120729923, -0.05679951608181, -0.03127800300717354, -0.9978959560394287, 0.699999988079071, 0.0, 0.0, 0.19089853763580322, -0.16436463594436646, 0.3021087944507599, 0.2942744791507721, -3.5762786865234375e-07, 0.14390796422958374, -0.03809228539466858, -0.18310251832008362, -0.5114621520042419, -0.3654247224330902, 0.6478172540664673, -0.30115050077438354, 2.701819896697998, -0.0038747191429138184, 0.15357816219329834, 0.4535369873046875, -6.821751594543457e-05, 0.7306252717971802, -1.0987130403518677, 1.5458383560180664, 5.085261344909668, 1.2869011163711548, -0.733421802520752, 5.039466857910156, 0.19763827323913574, 0.10477589815855026, 0.8870658874511719, 0.032324016094207764, 1.6072884798049927, -0.7944036722183228, -0.46639642119407654, 0.7034721374511719, -0.20575104653835297, -0.20084616541862488, 0.7567904591560364, -1.0481408834457397, 1.0, 1.0, 1.0, 1.0, 0.0, 1.0, 1.0, 1.0, 1.0, 1.0, 1.0, 1.0]"
426,0.0,0.0,0.0,0.0,0.0,0.0,0.0,0.0,0.0,5.659193266183138e-05,0.0,421.19989013671875,0.6606422662734985,-0.08940733969211578,-0.024452384561300278,0.24531526863574982,-0.1517888754606247,0.32457906007766724,0.31021469831466675,0.5477597117424011,-0.2838892340660095,0.3314126431941986,-0.5631656050682068,-1.1995643377304077,0.516790509223938,-0.24071547389030457,0.5020215511322021,"[0.6606422662734985, -0.08940733969211578, -0.024452384561300278, -0.6908594369888306, 0.23296895623207092, 0.040100663900375366, -0.055580023676157, -0.02005442976951599, -0.9982526898384094, 0.699999988079071, 0.0, 0.0, 0.24531526863574982, -0.1517888754606247, 0.32457906007766724, 0.31021469831466675, -3.5762786865234375e-07, 0.11611077189445496, -0.06858736276626587, -0.1631655991077423, -0.39956432580947876, -0.28320950269699097, 0.5592845678329468, -0.2979784607887268, 2.129682779312134, 0.7761303782463074, 1.3172297477722168, 0.7966729998588562, -1.3679265975952148e-05, -2.5149624347686768, -1.809922218322754, 1.2324893474578857, 5.803586006164551, 5.5626325607299805, -4.499044895172119, -0.7117618322372437, 0.03729429841041565, -0.19217196106910706, 0.6468183994293213, -0.16441503167152405, 1.616097331047058, -0.6329907178878784, -0.07646104693412781, 0.7665075063705444, -0.17249329388141632, 0.006139539182186127, 0.10339470207691193, -0.8814854621887207, 1.0, 1.0, 1.0, 1.0, 0.0, 1.0, 1.0, 1.0, 1.0, 1.0, 1.0, 1.0]"
427,0.0,0.0,0.0,0.0,0.0,0.0,0.0,0.0,0.0,4.962905586580746e-05,0.0,369.376953125,0.672864556312561,-0.029779896140098572,-0.04044971987605095,0.2460336834192276,-0.14764012396335602,0.3386062979698181,0.3154928386211395,0.5477597117424011,-0.35177817940711975,0.3048073947429657,-0.5429562926292419,-1.0988999605178833,0.6082928776741028,-0.36473390460014343,0.48872002959251404,"[0.672864556312561, -0.029779896140098572, -0.04044971987605095, 0.140628382563591, 0.561275064945221, 0.1624709814786911, -0.04668988659977913, -0.01586001366376877, -0.9987834692001343, 0.699999988079071, 0.0, 0.0, 0.2460336834192276, -0.14764012396335602, 0.3386062979698181, 0.3154928386211395, -3.5762786865234375e-07, 0.04822182655334473, -0.09519261121749878, -0.14295628666877747, -0.29889994859695435, -0.19170713424682617, 0.4352661073207855, -0.3112799823284149, -1.228653907775879, -0.18916237354278564, 0.1954060196876526, 0.033578336238861084, -1.1831521987915039e-05, -3.6546518802642822, -0.9916570782661438, 0.8118888139724731, 4.283177852630615, 3.1617627143859863, -6.751773834228516, -0.48242878913879395, -0.07442769408226013, -0.16050571203231812, 0.48356977105140686, 0.12934610247612, 1.6158791780471802, -0.5559237003326416, -0.05898153781890869, 0.8612223863601685, -0.19261842966079712, -0.2527432143688202, 0.5062766671180725, -1.0469523668289185, 1.0, 1.0, 1.0, 1.0, 0.0, 1.0, 1.0, 1.0, 1.0, 1.0, 1.0, 1.0]"
428,0.0,0.0,0.0,0.0,0.0,0.0,0.0,0.0,0.0,3.98570264223963e-05,0.0,296.6460876464844,0.7027626633644104,0.01541048102080822,-0.07257978618144989,0.1976751834154129,-0.1560259312391281,0.32724472880363464,0.3094712495803833,0.5477597117424011,-0.4226750433444977,0.2812301516532898,-0.5257145762443542,-1.052207112312317,0.6126153469085693,-0.40356945991516113,0.4729708135128021,"[0.7027626633644104, 0.01541048102080822, -0.07257978618144989, 0.4070507884025574, 0.8256234526634216, 0.24653851985931396, -0.032388340681791306, -0.022783465683460236, -0.9992157220840454, 0.699999988079071, 0.0, 0.0, 0.1976751834154129, -0.1560259312391281, 0.32724472880363464, 0.3094712495803833, -3.5762786865234375e-07, -0.022675037384033203, -0.11876985430717468, -0.12571457028388977, -0.25220710039138794, -0.18738466501235962, 0.3964305520057678, -0.32702919840812683, -2.8767714500427246, -0.4664252698421478, -1.0237494707107544, -0.35643622279167175, -1.4930963516235352e-05, -3.1889050006866455, -1.4590721130371094, 0.8548908233642578, 0.7190786600112915, -2.1177923679351807, 1.8003302812576294, -0.9685297608375549, 0.0711083710193634, -0.3654032051563263, 0.12563015520572662, 0.05648830533027649, 1.7421414852142334, 0.11237737536430359, -0.24029263854026794, 0.46213003993034363, -0.5853093266487122, -0.783496618270874, 1.3622090816497803, -0.9641103744506836, 1.0, 1.0, 1.0, 1.0, 0.0, 1.0, 1.0, 1.0, 1.0, 1.0, 1.0, 1.0]"
429,0.0,0.0,0.0,0.0,0.0,0.0,8.463005360681564e-05,0.0,629.8807983398438,9.008468623505905e-06,0.0,67.04782104492188,0.748595118522644,0.0254938006401062,-0.11674217134714127,0.13273991644382477,-0.17110122740268707,0.2969285547733307,0.2981950342655182,0.5477596521377563,-0.46421995759010315,0.2546398341655731,-0.5128533840179443,-1.07594633102417,0.5289965271949768,-0.3417234718799591,0.45889812707901,"[0.748595118522644, 0.0254938006401062, -0.11674217134714127, 0.295501708984375, 0.7576336860656738, 0.22154633700847626, -0.013794960454106331, -0.034303028136491776, -0.9993165731430054, 0.699999988079071, 0.0, 0.0, 0.13273991644382477, -0.17110122740268707, 0.2969285547733307, 0.2981950342655182, -4.172325134277344e-07, -0.06421995162963867, -0.14536017179489136, -0.11285337805747986, -0.27594631910324097, -0.27100348472595215, 0.45827654004096985, -0.34110188484191895, -3.068831205368042, -0.4273625910282135, -0.29259198904037476, -0.20287619531154633, -6.794929504394531e-06, -1.1466668844223022, 0.4377945065498352, 0.6601710319519043, -1.932563304901123, -4.970087051391602, 0.24049964547157288, -0.4101813733577728, 0.16992612183094025, -0.7047892808914185, 0.3904196321964264, 0.24569669365882874, 1.8429194688796997, 0.49686071276664734, -0.4727461040019989, -0.660185694694519, -0.9753503799438477, -1.1369948387145996, 1.6934154033660889, -0.5364753603935242, 1.0, 1.0, 1.0, 1.0, 0.0, 1.0, 1.0, 1.0, 1.0, 1.0, 1.0, 1.0]"
430,0.0,0.0,0.0,0.0,0.0,0.0,4.611447366187349e-05,0.0,343.21875,0.0,0.0,0.0,0.6949373483657837,0.06011580675840378,-0.11541123688220978,0.07822772860527039,-0.1732213795185089,0.3013249933719635,0.2975071966648102,0.5477597117424011,-0.4561631381511688,0.30222490429878235,-0.5067781209945679,-1.1413090229034424,0.4213753342628479,-0.3896615207195282,0.5153597593307495,"[0.6949373483657837, 0.06011580675840378, -0.11541123688220978, -0.3629623055458069, -0.06978289783000946, 0.0769658237695694, -0.01113179698586464, -0.027935173362493515, -0.9995476603507996, 0.699999988079071, 0.0, 0.0, 0.07822772860527039, -0.1732213795185089, 0.3013249933719635, 0.2975071966648102, -3.5762786865234375e-07, -0.056163132190704346, -0.09777510166168213, -0.1067781150341034, -0.3413090109825134, -0.37862467765808105, 0.41033849120140076, -0.28464025259017944, -2.5928027629852295, -0.4805328845977783, 0.22047585248947144, -0.18831533193588257, -1.430511474609375e-05, 0.9825106263160706, 1.1882728338241577, -0.3990027904510498, -4.169272422790527, -4.837009906768799, -0.1870294064283371, 5.145922660827637, 0.38439884781837463, -0.6961634159088135, 0.16550756990909576, 0.48841747641563416, 1.8852856159210205, 0.22917994856834412, -0.08991369605064392, -0.5551950931549072, -1.1345700025558472, -0.9830939173698425, 1.5625016689300537, -0.07597766071557999, 1.0, 1.0, 1.0, 1.0, 0.0, 1.0, 1.0, 1.0, 1.0, 1.0, 1.0, 1.0]"
431,0.0,0.0,0.0,0.00010271865903632715,0.0,764.5098876953125,5.0913797167595476e-05,0.0,378.93896484375,0.0,0.0,0.0,0.6355847716331482,0.04505215212702751,-0.10768089443445206,0.042990900576114655,-0.17396880686283112,0.3120211958885193,0.2991134524345398,0.5477597117424011,-0.4439935088157654,0.32591405510902405,-0.5244603753089905,-1.2195439338684082,0.4108215570449829,-0.3838149309158325,0.6147667765617371,"[0.6355847716331482, 0.04505215212702751, -0.10768089443445206, -0.40081852674484253, -0.309835284948349, 0.09120117127895355, -0.017999427393078804, -0.014295537024736404, -0.9997357726097107, 0.699999988079071, 0.0, 0.0, 0.042990900576114655, -0.17396880686283112, 0.3120211958885193, 0.2991134524345398, -3.5762786865234375e-07, -0.0439935028553009, -0.07408595085144043, -0.124460369348526, -0.41954392194747925, -0.38917845487594604, 0.41618508100509644, -0.1852332353591919, -1.8356318473815918, 0.18610350787639618, 0.30535662174224854, -0.04710235819220543, 7.3909759521484375e-06, -1.445489525794983, 1.1449695825576782, -1.1379154920578003, -3.9985711574554443, 4.483262538909912, 0.23333291709423065, 4.222736358642578, 0.37264761328697205, -0.44830867648124695, 0.31277626752853394, 0.5268475413322449, 2.0741324424743652, 0.5965054035186768, 0.16141857206821442, -0.5551838874816895, -1.2896274328231812, -1.1788164377212524, 1.6019375324249268, 0.01863672584295273, 1.0, 1.0, 1.0, 1.0, 0.0, 1.0, 1.0, 1.0, 1.0, 1.0, 1.0, 1.0]"
432,0.0,0.0,0.0,5.4781270591774955e-05,0.0,407.7236328125,3.679214569274336e-05,0.0,273.8349304199219,0.0,0.0,0.0,0.6562078595161438,0.014240391552448273,-0.07316673547029495,0.016338689252734184,-0.16975757479667664,0.3155563771724701,0.29919543862342834,0.5477597117424011,-0.4471295475959778,0.34836164116859436,-0.5497147440910339,-1.2945882081985474,0.45893508195877075,-0.3768651783466339,0.6861773729324341,"[0.6562078595161438, 0.014240391552448273, -0.07316673547029495, -0.17779241502285004, -0.2698981463909149, 0.06248597800731659, -0.024354778230190277, -0.008547309786081314, -0.9996668696403503, 0.699999988079071, 0.0, 0.0, 0.016338689252734184, -0.16975757479667664, 0.3155563771724701, 0.29919543862342834, -3.5762786865234375e-07, -0.047129541635513306, -0.05163836479187012, -0.14971473813056946, -0.4945881962776184, -0.3410649299621582, 0.42313483357429504, -0.11382263898849487, -1.0559406280517578, 0.14038701355457306, 0.1223847046494484, 0.05726344510912895, -1.65402889251709e-05, 0.051329828798770905, 1.124881386756897, -1.3351702690124512, -3.6756293773651123, 1.9892460107803345, 0.3053731620311737, 3.0000393390655518, 0.44857874512672424, -0.6345800757408142, 0.49366679787635803, 0.5962862968444824, 2.228513240814209, 0.5340025424957275, 0.049312591552734375, -0.8431724309921265, -1.4325323104858398, -0.887119472026825, 1.6094986200332642, -0.05601058155298233, 1.0, 1.0, 1.0, 1.0, 0.0, 1.0, 1.0, 1.0, 1.0, 1.0, 1.0, 1.0]"
433,0.0,0.0,0.0,4.4828942918684334e-05,0.0,333.65087890625,3.8164678699104115e-05,0.0,284.05035400390625,0.0,0.0,0.0,0.6622932553291321,-0.02529793046414852,-0.04859665408730507,0.011972669512033463,-0.16478300094604492,0.32019051909446716,0.30663493275642395,0.5477596521377563,-0.4410402178764343,0.36620470881462097,-0.5798505544662476,-1.3603732585906982,0.49096643924713135,-0.36453473567962646,0.7188935279846191,"[0.6622932553291321, -0.02529793046414852, -0.04859665408730507, -0.301438570022583, -0.24079503118991852, 0.012435714714229107, -0.029223306104540825, -0.0032489649020135403, -0.9995678663253784, 0.699999988079071, 0.0, 0.0, 0.011972669512033463, -0.16478300094604492, 0.32019051909446716, 0.30663493275642395, -4.172325134277344e-07, -0.04104021191596985, -0.033795297145843506, -0.17985054850578308, -0.5603732466697693, -0.3090335726737976, 0.4354652762413025, -0.08110648393630981, 0.22726011276245117, 0.29855912923812866, 0.3174784481525421, 0.5372922420501709, -1.7404556274414062e-05, 0.24055884778499603, 0.8119357228279114, -1.6045506000518799, -2.9623632431030273, 1.6858975887298584, 0.7746886014938354, 0.9071934223175049, 0.49246445298194885, -0.4933629631996155, 0.3151065707206726, 0.6391085386276245, 2.268742084503174, 0.5474538803100586, 0.06169217824935913, -0.6613785028457642, -1.4621878862380981, -1.113807201385498, 1.643484354019165, -0.0948863998055458, 1.0, 1.0, 1.0, 1.0, 0.0, 1.0, 1.0, 1.0, 1.0, 1.0, 1.0, 1.0]"
434,0.0,0.0,0.0,4.760527372127399e-05,0.0,354.3144226074219,4.118875949643552e-05,0.0,306.5578918457031,0.0,0.0,0.0,0.6755645275115967,-0.047966547310352325,-0.01411767490208149,0.024842744693160057,-0.16058599948883057,0.32451653480529785,0.31739741563796997,0.5477597117424011,-0.4286164939403534,0.3788451552391052,-0.6126245260238647,-1.4071483612060547,0.5143662095069885,-0.34280896186828613,0.7250799536705017,"[0.6755645275115967, -0.047966547310352325, -0.01411767490208149, -0.07356073707342148, -0.27362075448036194, -0.014276530593633652, -0.03449774160981178, 0.0006153387948870659, -0.9994043111801147, 0.699999988079071, 0.0, 0.0, 0.024842744693160057, -0.16058599948883057, 0.32451653480529785, 0.31739741563796997, -3.5762786865234375e-07, -0.028616487979888916, -0.021154850721359253, -0.21262452006340027, -0.6071483492851257, -0.28563380241394043, 0.4571910500526428, -0.07492005825042725, 0.7856179475784302, 0.106155164539814, 0.13750119507312775, 0.46636128425598145, -1.8715858459472656e-05, 0.6831507682800293, 0.6333997845649719, -1.5659148693084717, -1.8968003988265991, 1.0744051933288574, 1.1122385263442993, -0.18331708014011383, 0.549723744392395, -0.5558955669403076, 0.33345383405685425, 0.6187858581542969, 2.3617100715637207, 0.5863684415817261, -0.07752656936645508, -0.6965802907943726, -1.4273369312286377, -1.1617813110351562, 1.7219057083129883, -0.19023045897483826, 1.0, 1.0, 1.0, 1.0, 0.0, 1.0, 1.0, 1.0, 1.0, 1.0, 1.0, 1.0]"
435,0.0,0.0,0.0,4.833689672523178e-05,0.0,359.7597351074219,4.241298665874638e-05,0.0,315.66949462890625,0.0,0.0,0.0,0.6972790360450745,-0.06759269535541534,0.03846587613224983,0.04541376233100891,-0.1619914323091507,0.32304614782333374,0.3234340250492096,0.5477596521377563,-0.4051584303379059,0.3870985209941864,-0.6396536231040955,-1.4316024780273438,0.5213338136672974,-0.3124915659427643,0.7099485397338867,"[0.6972790360450745, -0.06759269535541534, 0.03846587613224983, 0.2364257574081421, -0.2858774960041046, -0.02507076971232891, -0.04014411196112633, -0.0020247967913746834, -0.9991919994354248, 0.699999988079071, 0.0, 0.0, 0.04541376233100891, -0.1619914323091507, 0.32304614782333374, 0.3234340250492096, -4.172325134277344e-07, -0.005158424377441406, -0.012901484966278076, -0.23965361714363098, -0.6316024661064148, -0.2786661982536316, 0.4875084459781647, -0.09005147218704224, 1.1806201934814453, -0.15671387314796448, -0.14180541038513184, 0.22639764845371246, -1.96993350982666e-05, 1.245700716972351, 0.3837544322013855, -1.147749900817871, -0.7807665467262268, 0.22304454445838928, 1.5866364240646362, -1.1803669929504395, 0.6195026636123657, -0.5385586023330688, 0.2931297719478607, 0.6155791282653809, 2.3981666564941406, 0.5823918581008911, -0.17427340149879456, -0.5512406826019287, -1.3596420288085938, -1.2476449012756348, 1.7966760396957397, -0.2932511568069458, 1.0, 1.0, 1.0, 1.0, 0.0, 1.0, 1.0, 1.0, 1.0, 1.0, 1.0, 1.0]"
436,0.0,0.0,0.0,4.4168504246044904e-05,0.0,328.73541259765625,4.203562639304437e-05,0.0,312.86090087890625,0.0,0.0,0.0,0.7230502963066101,-0.08606279641389847,0.08738493174314499,0.07584376633167267,-0.16677547991275787,0.31771185994148254,0.3253829777240753,0.5477596521377563,-0.3714527487754822,0.38830676674842834,-0.6533249020576477,-1.4340107440948486,0.512533962726593,-0.26933932304382324,0.6746879816055298,"[0.7230502963066101, -0.08606279641389847, 0.08738493174314499, 0.39890435338020325, -0.29497000575065613, -0.029019052162766457, -0.04589882493019104, -0.008984368294477463, -0.9989055395126343, 0.699999988079071, 0.0, 0.0, 0.07584376633167267, -0.16677547991275787, 0.31771185994148254, 0.3253829777240753, -4.172325134277344e-07, 0.0285472571849823, -0.011693239212036133, -0.2533248960971832, -0.6340107321739197, -0.28746604919433594, 0.5306606888771057, -0.12531203031539917, 1.7133582830429077, -0.27699244022369385, -0.2879832684993744, -0.00795183889567852, -2.0384788513183594e-05, 1.7358324527740479, -0.020112626254558563, -0.2908087968826294, 0.44495829939842224, -0.5181069374084473, 2.32698655128479, -2.3979063034057617, 0.7023828625679016, -0.6128612160682678, 0.3194887638092041, 0.525649905204773, 2.4165825843811035, 0.5224900245666504, -0.3826497495174408, -0.40132826566696167, -1.2223323583602905, -1.3111283779144287, 1.9279834032058716, -0.4793842136859894, 1.0, 1.0, 1.0, 1.0, 0.0, 1.0, 1.0, 1.0, 1.0, 1.0, 1.0, 1.0]"
437,0.0,0.0,0.0,3.1942636269377545e-05,0.0,237.74122619628906,3.966736403526738e-05,0.0,295.2344970703125,0.0,0.0,0.0,0.744114100933075,-0.09356197714805603,0.11485815048217773,0.11623016744852066,-0.17358413338661194,0.31010711193084717,0.3189179599285126,0.5477596521377563,-0.33027204871177673,0.37954506278038025,-0.6446642279624939,-1.4031398296356201,0.4932464063167572,-0.20765447616577148,0.6121558547019958,"[0.744114100933075, -0.09356197714805603, 0.11485815048217773, 0.4630914032459259, -0.35714200139045715, -0.0439787395298481, -0.05231147259473801, -0.018415361642837524, -0.998461127281189, 0.699999988079071, 0.0, 0.0, 0.11623016744852066, -0.17358413338661194, 0.31010711193084717, 0.3189179599285126, -4.172325134277344e-07, 0.06972795724868774, -0.02045494318008423, -0.24466422200202942, -0.6031398177146912, -0.30675360560417175, 0.5923455357551575, -0.1878441572189331, 2.233870506286621, -0.33595529198646545, -0.35227882862091064, -0.5466514825820923, -2.0176172256469727e-05, 2.0775506496429443, -0.5969210863113403, 1.0332401990890503, 2.6328041553497314, -0.9284448027610779, 3.4282026290893555, -4.089413166046143, 0.755387008190155, -0.6266245245933533, 0.3982396125793457, 0.37819209694862366, 2.2206997871398926, 0.25769421458244324, -0.6180621385574341, -0.052726417779922485, -0.8639384508132935, -1.193779706954956, 1.9537849426269531, -0.853632390499115, 1.0, 1.0, 1.0, 1.0, 0.0, 1.0, 1.0, 1.0, 1.0, 1.0, 1.0, 1.0]"
438,0.0,0.0,0.0,3.425506974963355e-06,0.0,25.495210647583008,0.0,0.0,0.0,0.0,0.0,0.0,0.741368293762207,-0.08506451547145844,0.03237815573811531,0.16498258709907532,-0.18054896593093872,0.30297642946243286,0.29831376671791077,0.5477596521377563,-0.2918338477611542,0.35949015617370605,-0.6045449376106262,-1.3213412761688232,0.4811686873435974,-0.13357283174991608,0.5159291625022888,"[0.741368293762207, -0.08506451547145844, 0.03237815573811531, 0.4495973289012909, -0.4365863502025604, -0.03515886887907982, -0.06057519093155861, -0.02733699046075344, -0.9977892637252808, 0.699999988079071, 0.0, 0.0, 0.16498258709907532, -0.18054896593093872, 0.30297642946243286, 0.29831376671791077, -4.172325134277344e-07, 0.1081661581993103, -0.04050984978675842, -0.20454493165016174, -0.5213412642478943, -0.31883132457733154, 0.6664271950721741, -0.28407084941864014, 2.4331400394439697, -0.3653704822063446, -0.35254648327827454, -1.3977421522140503, -1.8149614334106445e-05, 1.5761122703552246, -0.9962283372879028, 2.6128270626068115, 4.983262062072754, 0.5467639565467834, 2.257039785385132, -5.123492240905762, 0.29596373438835144, -0.03572893515229225, 0.7989923357963562, 0.11247095465660095, 1.6357418298721313, -0.7069443464279175, -0.5394101142883301, 0.6201547384262085, -0.2890976667404175, -0.3683399260044098, 1.0210984945297241, -1.093180775642395, 1.0, 1.0, 1.0, 1.0, 0.0, 1.0, 1.0, 1.0, 1.0, 1.0, 1.0, 1.0]"
439,0.0,0.0,0.0,0.0,0.0,0.0,0.0,0.0,0.0,5.6509990827180445e-05,0.0,420.5900573730469,0.6830179691314697,-0.09739193320274353,-0.02518533170223236,0.22034531831741333,-0.17413486540317535,0.3154636323451996,0.3043234348297119,0.5477597713470459,-0.2989591360092163,0.3360338509082794,-0.5831897258758545,-1.2106575965881348,0.5302832722663879,-0.2087821662425995,0.5200867056846619,"[0.6830179691314697, -0.09739193320274353, -0.02518533170223236, -0.5498294234275818, 0.10668064653873444, 0.010325289331376553, -0.062340136617422104, -0.023363687098026276, -0.9977812170982361, 0.699999988079071, 0.0, 0.0, 0.22034531831741333, -0.17413486540317535, 0.3154636323451996, 0.3043234348297119, -2.980232238769531e-07, 0.10104086995124817, -0.06396615505218506, -0.18318971991539001, -0.4106575846672058, -0.269716739654541, 0.5912178754806519, -0.2799133062362671, 2.635152816772461, 0.7061676979064941, 1.1523813009262085, 0.6880680322647095, -1.5467405319213867e-05, -1.6323814392089844, -1.45802640914917, 1.0265520811080933, 5.7156572341918945, 4.534321308135986, -5.161687850952148, -0.07361114025115967, 0.03999730944633484, -0.03380480781197548, 0.9650739431381226, -0.17881980538368225, 1.5999432802200317, -0.7195006608963013, -0.2463127076625824, 0.7001731395721436, -0.14169500768184662, 0.053982995450496674, 0.15259751677513123, -1.0018988847732544, 1.0, 1.0, 1.0, 1.0, 0.0, 1.0, 1.0, 1.0, 1.0, 1.0, 1.0, 1.0]"
440,0.0,0.0,0.0,0.0,0.0,0.0,0.0,0.0,0.0,5.4046529839979485e-05,0.0,402.2550964355469,0.6808023452758789,-0.06067658215761185,-0.03193984180688858,0.24635814130306244,-0.15686430037021637,0.34397226572036743,0.3177446126937866,0.5477597117424011,-0.3570450246334076,0.3048555254936218,-0.559683084487915,-1.1059597730636597,0.6255552768707275,-0.32053372263908386,0.5045836567878723,"[0.6808023452758789, -0.06067658215761185, -0.03193984180688858, -0.4195268154144287, 0.5033761262893677, 0.11212180554866791, -0.05505073815584183, -0.01105420384556055, -0.9984221458435059, 0.699999988079071, 0.0, 0.0, 0.24635814130306244, -0.15686430037021637, 0.34397226572036743, 0.3177446126937866, -3.5762786865234375e-07, 0.042954981327056885, -0.09514448046684265, -0.15968307852745056, -0.3059597611427307, -0.17444473505020142, 0.4794662892818451, -0.29541635513305664, 0.17035824060440063, 0.6989834308624268, 1.2407004833221436, 0.5630826950073242, -1.245737075805664e-05, -3.316523790359497, -1.3278247117996216, 1.1860617399215698, 4.644114971160889, 3.5783212184906006, -6.432984828948975, -1.0003559589385986, -0.032579392194747925, -0.1904011070728302, 0.4174560606479645, 0.06626376509666443, 1.6148077249526978, -0.5731793642044067, 0.00973394513130188, 0.8503998517990112, -0.18398141860961914, -0.18422606587409973, 0.367286741733551, -0.9922928214073181, 1.0, 1.0, 1.0, 1.0, 0.0, 1.0, 1.0, 1.0, 1.0, 1.0, 1.0, 1.0]"
441,0.0,0.0,0.0,0.0,0.0,0.0,0.0,0.0,0.0,4.417180025484413e-05,0.0,328.7599182128906,0.707340657711029,0.00724049424752593,-0.053505659103393555,0.21116657555103302,-0.15693122148513794,0.34547629952430725,0.31537050008773804,0.5477596521377563,-0.42397865653038025,0.28268784284591675,-0.5399826169013977,-1.0512433052062988,0.6398311853408813,-0.40523093938827515,0.4866137206554413,"[0.707340657711029, 0.00724049424752593, -0.053505659103393555, 0.42474058270454407, 0.7759594321250916, 0.22360429167747498, -0.04162614420056343, -0.014152484014630318, -0.9990330338478088, 0.699999988079071, 0.0, 0.0, 0.21116657555103302, -0.15693122148513794, 0.34547629952430725, 0.31537050008773804, -4.172325134277344e-07, -0.02397865056991577, -0.11731216311454773, -0.13998261094093323, -0.2512432932853699, -0.1601688265800476, 0.3947690725326538, -0.31338629126548767, -2.6335880756378174, -0.3349616527557373, -0.706778347492218, -0.3470102846622467, -1.379847526550293e-05, -3.1205861568450928, -1.3097803592681885, 0.8645263910293579, 1.190096378326416, -1.360883355140686, -0.5384271144866943, -0.863655149936676, 0.06363052129745483, -0.30650752782821655, 0.15664227306842804, 0.11474958062171936, 1.688395619392395, -0.07878229022026062, -0.18021947145462036, 0.6225162744522095, -0.5182247757911682, -0.6777126789093018, 1.1390321254730225, -1.0406869649887085, 1.0, 1.0, 1.0, 1.0, 0.0, 1.0, 1.0, 1.0, 1.0, 1.0, 1.0, 1.0]"
442,0.0,0.0,0.0,0.0,0.0,0.0,0.0,0.0,0.0,1.6923759176279418e-05,0.0,125.95939636230469,0.7475306987762451,0.04541470855474472,-0.13406583666801453,0.14848729968070984,-0.16976644098758698,0.3117453157901764,0.3029871881008148,0.5477597117424011,-0.46814531087875366,0.2541663646697998,-0.5252479314804077,-1.0682799816131592,0.5642213225364685,-0.34672966599464417,0.4698196351528168,"[0.7475306987762451, 0.04541470855474472, -0.13406583666801453, 0.7795243263244629, 1.0115582942962646, 0.22910642623901367, -0.023009059950709343, -0.02660946361720562, -0.9993810057640076, 0.699999988079071, 0.0, 0.0, 0.14848729968070984, -0.16976644098758698, 0.3117453157901764, 0.3029871881008148, -3.5762786865234375e-07, -0.06814530491828918, -0.14583364129066467, -0.12524792551994324, -0.2682799696922302, -0.23577868938446045, 0.4532703459262848, -0.3301803767681122, -3.315467357635498, -0.8422268033027649, -2.185720920562744, -0.7524074912071228, -1.5616416931152344e-05, -1.4535049200057983, -1.5055235624313354, 0.5453087687492371, -2.107851505279541, -5.344179630279541, 4.453615665435791, -0.6750998497009277, 0.1175549328327179, -0.5509040355682373, 0.3954872786998749, 0.14630183577537537, 1.819143533706665, 0.48115286231040955, -0.4342547357082367, -0.4539845883846283, -0.9335752725601196, -1.1336363554000854, 1.7073408365249634, -0.6338708996772766, 1.0, 1.0, 1.0, 1.0, 0.0, 1.0, 1.0, 1.0, 1.0, 1.0, 1.0, 1.0]"
443,0.0,0.0,0.0,0.0,0.0,0.0,1.9830022210953757e-05,0.0,147.5900115966797,0.0,0.0,0.0,0.7263779640197754,0.0469706729054451,-0.07873699814081192,0.09394778311252594,-0.1692226380109787,0.30927515029907227,0.29917171597480774,0.5477596521377563,-0.4648323655128479,0.2796267867088318,-0.5150840282440186,-1.1238223314285278,0.44935721158981323,-0.3687256872653961,0.49733301997184753,"[0.7263779640197754, 0.0469706729054451, -0.07873699814081192, -0.48204368352890015, -0.025058360770344734, 0.14266327023506165, -0.015033263713121414, -0.025706999003887177, -0.9995564818382263, 0.699999988079071, 0.0, 0.0, 0.09394778311252594, -0.1692226380109787, 0.30927515029907227, 0.29917171597480774, -4.172325134277344e-07, -0.06483235955238342, -0.12037321925163269, -0.11508402228355408, -0.3238223195075989, -0.3506428003311157, 0.43127432465553284, -0.3026669919490814, -2.4966306686401367, 0.2698371708393097, 0.37338095903396606, -0.002596341073513031, -2.0384788513183594e-05, 0.9387670159339905, 2.0882744789123535, 0.22804951667785645, -3.16943621635437, -5.211685657501221, -1.4918084144592285, 3.679417848587036, 0.2879998981952667, -0.8218345642089844, 0.15008233487606049, 0.42541301250457764, 1.847328543663025, 0.19826021790504456, -0.5013130903244019, -0.7085341215133667, -0.9559037685394287, -1.0362985134124756, 1.636351466178894, -0.2487686276435852, 1.0, 1.0, 1.0, 1.0, 0.0, 1.0, 1.0, 1.0, 1.0, 1.0, 1.0, 1.0]"
444,0.0,0.0,0.0,0.00011853686737595126,0.0,882.2408447265625,4.079396603628993e-05,0.0,303.6195373535156,0.0,0.0,0.0,0.6437599062919617,0.053512994199991226,-0.09012909978628159,0.04782910645008087,-0.17479515075683594,0.31476977467536926,0.2933637201786041,0.5477596521377563,-0.44686275720596313,0.30195876955986023,-0.5274999141693115,-1.1884384155273438,0.40524330735206604,-0.3624269962310791,0.5880961418151855,"[0.6437599062919617, 0.053512994199991226, -0.09012909978628159, -0.3785948157310486, -0.36775174736976624, 0.08485373854637146, -0.020857004448771477, -0.016901373863220215, -0.9996396899223328, 0.699999988079071, 0.0, 0.0, 0.04782910645008087, -0.17479515075683594, 0.31476977467536926, 0.2933637201786041, -4.172325134277344e-07, -0.04686275124549866, -0.09804123640060425, -0.12749990820884705, -0.3884384036064148, -0.3947567045688629, 0.43757301568984985, -0.2119038701057434, -2.2092339992523193, 0.5060309171676636, 0.21587257087230682, -0.25883612036705017, 5.781650543212891e-06, -0.7962368130683899, 1.1560463905334473, -0.9232226610183716, -3.508378028869629, 3.7430756092071533, 0.37375664710998535, 4.0739970207214355, 0.4157576262950897, -0.4316633641719818, 0.3128911852836609, 0.49400046467781067, 2.0400774478912354, 0.4995935261249542, 0.2888220250606537, -0.4415670931339264, -1.2738573551177979, -1.1619040966033936, 1.5246275663375854, -0.001382298767566681, 1.0, 1.0, 1.0, 1.0, 0.0, 1.0, 1.0, 1.0, 1.0, 1.0, 1.0, 1.0]"
445,0.0,0.0,0.0,5.478935418068431e-05,0.0,407.78375244140625,3.0500226785079576e-05,0.0,227.00572204589844,0.0,0.0,0.0,0.6543099284172058,0.02257716655731201,-0.06973204016685486,0.01612509973347187,-0.17078381776809692,0.31800875067710876,0.2903249263763428,0.5477597117424011,-0.45043519139289856,0.32209813594818115,-0.5502896308898926,-1.2677149772644043,0.4548466205596924,-0.3512576222419739,0.6612035632133484,"[0.6543099284172058, 0.02257716655731201, -0.06973204016685486, -0.2124151736497879, -0.2758174240589142, 0.054222915321588516, -0.0276350025087595, -0.011004418134689331, -0.9995574951171875, 0.699999988079071, 0.0, 0.0, 0.01612509973347187, -0.17078381776809692, 0.31800875067710876, 0.2903249263763428, -3.5762786865234375e-07, -0.05043518543243408, -0.07790187001228333, -0.1502896249294281, -0.46771496534347534, -0.3451533913612366, 0.4487423896789551, -0.13879644870758057, -1.1846386194229126, 0.16598087549209595, 0.12115399539470673, -0.04421093687415123, -1.874566078186035e-05, 0.052550461143255234, 1.0781890153884888, -1.226142168045044, -4.126008033752441, 1.9851312637329102, 0.3601866066455841, 3.327610492706299, 0.477937787771225, -0.6892822980880737, 0.5020867586135864, 0.5989053249359131, 2.279266834259033, 0.5336122512817383, 0.03894847631454468, -0.8327683210372925, -1.435073733329773, -1.0051642656326294, 1.6710596084594727, -0.08820746093988419, 1.0, 1.0, 1.0, 1.0, 0.0, 1.0, 1.0, 1.0, 1.0, 1.0, 1.0, 1.0]"
446,0.0,0.0,0.0,4.456053284229711e-05,0.0,331.6531677246094,3.580174598027952e-05,0.0,266.463623046875,0.0,0.0,0.0,0.6681060194969177,-0.022962097078561783,-0.04779044911265373,0.010832615196704865,-0.16619329154491425,0.3224211633205414,0.2963225543498993,0.5477596521377563,-0.4436239004135132,0.3416675925254822,-0.5777726769447327,-1.3444222211837769,0.48442530632019043,-0.3431697189807892,0.7015087008476257,"[0.6681060194969177, -0.022962097078561783, -0.04779044911265373, -0.27687904238700867, -0.18074189126491547, 0.007084478624165058, -0.031685687601566315, -0.006002109497785568, -0.9994803071022034, 0.699999988079071, 0.0, 0.0, 0.010832615196704865, -0.16619329154491425, 0.3224211633205414, 0.2963225543498993, -4.172325134277344e-07, -0.043623894453048706, -0.0583324134349823, -0.1777726709842682, -0.5444222092628479, -0.3155747056007385, 0.45683029294013977, -0.09849131107330322, 0.2366860806941986, 0.2905227839946747, 0.2827935814857483, 0.49759891629219055, -1.9490718841552734e-05, 0.343422532081604, 0.92766273021698, -1.4496644735336304, -3.525581121444702, 1.4003795385360718, 0.467068612575531, 1.2260445356369019, 0.4904160797595978, -0.4872756898403168, 0.30929091572761536, 0.6326262950897217, 2.2517809867858887, 0.5120723247528076, 0.12434381246566772, -0.6185542345046997, -1.4656137228012085, -1.0815813541412354, 1.6375547647476196, -0.10062549263238907, 1.0, 1.0, 1.0, 1.0, 0.0, 1.0, 1.0, 1.0, 1.0, 1.0, 1.0, 1.0]"
447,0.0,0.0,0.0,4.367444489616901e-05,0.0,325.0582275390625,4.131805690121837e-05,0.0,307.52020263671875,0.0,0.0,0.0,0.6794771552085876,-0.048266515135765076,-0.018963729962706566,0.024942021816968918,-0.16188275814056396,0.3269498348236084,0.30789250135421753,0.5477596521377563,-0.43097636103630066,0.3567976951599121,-0.6072009801864624,-1.3990892171859741,0.5057207942008972,-0.3272230625152588,0.7146918177604675,"[0.6794771552085876, -0.048266515135765076, -0.018963729962706566, -0.09935033321380615, -0.23173218965530396, -0.01223709061741829, -0.03585740178823471, -0.0021065063774585724, -0.9993546605110168, 0.699999988079071, 0.0, 0.0, 0.024942021816968918, -0.16188275814056396, 0.3269498348236084, 0.30789250135421753, -4.172325134277344e-07, -0.03097635507583618, -0.04320231080055237, -0.20720097422599792, -0.5990892052650452, -0.29427921772003174, 0.47277694940567017, -0.08530819416046143, 0.8631434440612793, 0.15179194509983063, 0.14401569962501526, 0.5548202991485596, -2.0265579223632812e-05, 0.7051019072532654, 0.7394161820411682, -1.4136109352111816, -2.1705777645111084, 0.9468258023262024, 0.8737690448760986, 0.2862105369567871, 0.5191842913627625, -0.5412234663963318, 0.346981942653656, 0.6203145980834961, 2.3475265502929688, 0.5464333295822144, -0.056937605142593384, -0.6920926570892334, -1.4370371103286743, -1.1852290630340576, 1.720827579498291, -0.1633150279521942, 1.0, 1.0, 1.0, 1.0, 0.0, 1.0, 1.0, 1.0, 1.0, 1.0, 1.0, 1.0]"
448,0.0,0.0,0.0,4.5413249608827755e-05,0.0,337.9997253417969,4.356896170065738e-05,0.0,324.27313232421875,0.0,0.0,0.0,0.6959603428840637,-0.06701666861772537,0.031881529837846756,0.04539729654788971,-0.1626991629600525,0.3259856104850769,0.31598883867263794,0.5477597117424011,-0.4085651636123657,0.36690887808799744,-0.6320435404777527,-1.4270018339157104,0.5133631229400635,-0.3008168041706085,0.7085436582565308,"[0.6959603428840637, -0.06701666861772537, 0.031881529837846756, 0.2034267783164978, -0.271761953830719, -0.015711525455117226, -0.04097295179963112, -0.0042376769706606865, -0.9991512894630432, 0.699999988079071, 0.0, 0.0, 0.04539729654788971, -0.1626991629600525, 0.3259856104850769, 0.31598883867263794, -3.5762786865234375e-07, -0.008565157651901245, -0.03309112787246704, -0.2320435345172882, -0.6270018219947815, -0.2866368889808655, 0.49918320775032043, -0.0914563536643982, 1.130888819694519, -0.10482119023799896, -0.13676512241363525, 0.3332521319389343, -2.0831823348999023e-05, 1.2342733144760132, 0.4779896140098572, -1.0647443532943726, -0.9313437938690186, 0.18590325117111206, 1.4100202322006226, -0.797707200050354, 0.5922753810882568, -0.5166438817977905, 0.31412962079048157, 0.5946756601333618, 2.3917770385742188, 0.552425742149353, -0.13587531447410583, -0.5630968809127808, -1.3773783445358276, -1.24539315700531, 1.7825345993041992, -0.27142807841300964, 1.0, 1.0, 1.0, 1.0, 0.0, 1.0, 1.0, 1.0, 1.0, 1.0, 1.0, 1.0]"
449,0.0,0.0,0.0,4.221786730340682e-05,0.0,314.21728515625,4.309383439249359e-05,0.0,320.73687744140625,0.0,0.0,0.0,0.7172449231147766,-0.08519527316093445,0.08010578155517578,0.07330135256052017,-0.16712942719459534,0.32084545493125916,0.3194073736667633,0.5477597117424011,-0.37624868750572205,0.3698032796382904,-0.6455355882644653,-1.432945728302002,0.5061498880386353,-0.26088806986808777,0.6794488430023193,"[0.7172449231147766, -0.08519527316093445, 0.08010578155517578, 0.37938499450683594, -0.29203078150749207, -0.01932079903781414, -0.046535614877939224, -0.010913314297795296, -0.9988570213317871, 0.699999988079071, 0.0, 0.0, 0.07330135256052017, -0.16712942719459534, 0.32084545493125916, 0.3194073736667633, -3.5762786865234375e-07, 0.02375131845474243, -0.030196726322174072, -0.24553558230400085, -0.632945716381073, -0.2938501238822937, 0.5391119718551636, -0.12055116891860962, 1.5729964971542358, -0.2420058399438858, -0.2964823842048645, 0.05775691196322441, -2.181529998779297e-05, 1.7032694816589355, 0.07596337050199509, -0.3176094591617584, 0.23713698983192444, -0.5069224238395691, 2.1566405296325684, -2.1488263607025146, 0.6793491244316101, -0.5998786091804504, 0.3433682322502136, 0.509047269821167, 2.4303102493286133, 0.5042473077774048, -0.3396998345851898, -0.4147329330444336, -1.2495778799057007, -1.3115158081054688, 1.91898512840271, -0.4606744945049286, 1.0, 1.0, 1.0, 1.0, 0.0, 1.0, 1.0, 1.0, 1.0, 1.0, 1.0, 1.0]"
450,0.0,0.0,0.0,3.205797111149877e-05,0.0,238.59963989257812,4.1469247662462294e-05,0.0,308.6454772949219,0.0,0.0,0.0,0.7366071343421936,-0.09419920295476913,0.10877335071563721,0.110677070915699,-0.17372927069664001,0.31333106756210327,0.3137999475002289,0.5477596521377563,-0.3365381360054016,0.36297205090522766,-0.6383795142173767,-1.4076203107833862,0.4886365830898285,-0.2028060108423233,0.6195197105407715,"[0.7366071343421936, -0.09419920295476913, 0.10877335071563721, 0.45915207266807556, -0.3530019223690033, -0.03717547282576561, -0.05282656475901604, -0.020210232585668564, -0.9983991980552673, 0.699999988079071, 0.0, 0.0, 0.110677070915699, -0.17372927069664001, 0.31333106756210327, 0.3137999475002289, -4.172325134277344e-07, 0.06346186995506287, -0.037027955055236816, -0.23837950825691223, -0.6076202988624573, -0.31136342883110046, 0.5971940159797668, -0.18048030138015747, 2.0895869731903076, -0.3207772970199585, -0.3685116469860077, -0.5028294920921326, -2.181529998779297e-05, 2.028463125228882, -0.4742266535758972, 0.9280679821968079, 2.3146023750305176, -0.8820362091064453, 3.207879066467285, -3.966987371444702, 0.7522578835487366, -0.6391525864601135, 0.3811768591403961, 0.37968865036964417, 2.2809481620788574, 0.28852906823158264, -0.5704392194747925, -0.0866641104221344, -0.9141287207603455, -1.2090494632720947, 1.9926178455352783, -0.8161706924438477, 1.0, 1.0, 1.0, 1.0, 0.0, 1.0, 1.0, 1.0, 1.0, 1.0, 1.0, 1.0]"
451,0.0,0.0,0.0,4.116092895856127e-06,0.0,30.63507080078125,0.0,0.0,0.0,0.0,0.0,0.0,0.7345966696739197,-0.08840315043926239,0.03322749212384224,0.15728090703487396,-0.18099865317344666,0.30573755502700806,0.2940939962863922,0.5477597117424011,-0.2985042929649353,0.34427955746650696,-0.6011554598808289,-1.331114649772644,0.47727489471435547,-0.12707260251045227,0.5253863334655762,"[0.7345966696739197, -0.08840315043926239, 0.03322749212384224, 0.4685933589935303, -0.43214279413223267, -0.0415349006652832, -0.060967959463596344, -0.02954612299799919, -0.9977025985717773, 0.699999988079071, 0.0, 0.0, 0.15728090703487396, -0.18099865317344666, 0.30573755502700806, 0.2940939962863922, -3.5762786865234375e-07, 0.10149571299552917, -0.05572044849395752, -0.20115545392036438, -0.5311146378517151, -0.3227251172065735, 0.6729273796081543, -0.2746136784553528, 2.3972220420837402, -0.36499178409576416, -0.38513821363449097, -1.339998483657837, -2.1189451217651367e-05, 1.6266714334487915, -1.0533740520477295, 2.4726974964141846, 4.834651470184326, 0.6196961998939514, 3.20600962638855, -5.166276931762695, 0.3636398911476135, -0.13215795159339905, 0.7476561069488525, 0.1411832869052887, 1.6991145610809326, -0.6161762475967407, -0.5556552410125732, 0.6011531352996826, -0.327211856842041, -0.43207040429115295, 1.159321665763855, -1.1159334182739258, 1.0, 1.0, 1.0, 1.0, 0.0, 1.0, 1.0, 1.0, 1.0, 1.0, 1.0, 1.0]"
452,0.0,0.0,0.0,0.0,0.0,0.0,0.0,0.0,0.0,5.604926627711393e-05,0.0,417.1609802246094,0.6834608316421509,-0.0986810103058815,-0.033871762454509735,0.21360641717910767,-0.17716939747333527,0.31544339656829834,0.29868990182876587,0.5477597117424011,-0.30133509635925293,0.32219022512435913,-0.5795008540153503,-1.2209445238113403,0.5186503529548645,-0.19208325445652008,0.5288423895835876,"[0.6834608316421509, -0.0986810103058815, -0.033871762454509735, -0.4847654402256012, 0.10827536135911942, -0.006019423250108957, -0.06281282752752304, -0.027111418545246124, -0.9976572394371033, 0.699999988079071, 0.0, 0.0, 0.21360641717910767, -0.17716939747333527, 0.31544339656829834, 0.29868990182876587, -3.5762786865234375e-07, 0.09866490960121155, -0.07780978083610535, -0.17950084805488586, -0.4209445118904114, -0.28134965896606445, 0.6079167723655701, -0.2711576223373413, 2.782536268234253, 0.5453839302062988, 1.0171276330947876, 0.604436457157135, -1.558661460876465e-05, -1.4112979173660278, -1.2745401859283447, 0.9881947040557861, 5.7374043464660645, 4.308712482452393, -5.446431636810303, -0.04246094822883606, 0.05171898007392883, 0.008090878836810589, 0.958160400390625, -0.15462246537208557, 1.6074775457382202, -0.7261214256286621, -0.2716430723667145, 0.7056158781051636, -0.12262572348117828, 0.040739499032497406, 0.22069568932056427, -0.9910975694656372, 1.0, 1.0, 1.0, 1.0, 0.0, 1.0, 1.0, 1.0, 1.0, 1.0, 1.0, 1.0]"
453,0.0,0.0,0.0,0.0,0.0,0.0,0.0,0.0,0.0,5.516929377336055e-05,0.0,410.611572265625,0.6804971694946289,-0.06491071730852127,-0.040427692234516144,0.24566058814525604,-0.16069428622722626,0.34239616990089417,0.31266799569129944,0.5477597117424011,-0.3561156094074249,0.29234108328819275,-0.5562819838523865,-1.112312912940979,0.6163684725761414,-0.29955780506134033,0.5136266350746155,"[0.6804971694946289, -0.06491071730852127, -0.040427692234516144, -0.48643267154693604, 0.5101327300071716, 0.10020013153553009, -0.05545572191476822, -0.014360262081027031, -0.9983575940132141, 0.699999988079071, 0.0, 0.0, 0.24566058814525604, -0.16069428622722626, 0.34239616990089417, 0.31266799569129944, -3.5762786865234375e-07, 0.04388439655303955, -0.10765892267227173, -0.156281977891922, -0.31231290102005005, -0.1836315393447876, 0.5004422068595886, -0.2863733768463135, 0.5290242433547974, 0.7332072257995605, 1.18241548538208, 0.6155949234962463, -1.2487173080444336e-05, -3.1735994815826416, -1.3052737712860107, 1.2061692476272583, 4.92879056930542, 3.7672510147094727, -6.025568962097168, -1.043089509010315, 0.0008208472281694412, -0.21918991208076477, 0.3497903048992157, 0.06186327338218689, 1.642324686050415, -0.5561152696609497, 0.02833658456802368, 0.8754240274429321, -0.1703663021326065, -0.16720768809318542, 0.38273370265960693, -1.0262006521224976, 1.0, 1.0, 1.0, 1.0, 0.0, 1.0, 1.0, 1.0, 1.0, 1.0, 1.0, 1.0]"
454,0.0,0.0,0.0,0.0,0.0,0.0,0.0,0.0,0.0,4.585087299346924e-05,0.0,341.2568664550781,0.7104638814926147,0.005566318053752184,-0.05634408816695213,0.21626600623130798,-0.16036182641983032,0.34172743558883667,0.31133192777633667,0.5477597117424011,-0.4211755394935608,0.2733636796474457,-0.5356844663619995,-1.0515657663345337,0.6366797685623169,-0.39237985014915466,0.4936603009700775,"[0.7104638814926147, 0.005566318053752184, -0.05634408816695213, 0.38866931200027466, 0.8029080629348755, 0.2271890640258789, -0.04162880405783653, -0.016448644921183586, -0.9989979267120361, 0.699999988079071, 0.0, 0.0, 0.21626600623130798, -0.16036182641983032, 0.34172743558883667, 0.31133192777633667, -3.5762786865234375e-07, -0.021175533533096313, -0.1266363263130188, -0.13568446040153503, -0.25156575441360474, -0.16332024335861206, 0.4076201617717743, -0.30633971095085144, -2.4028103351593018, -0.3388488292694092, -0.8437520265579224, -0.31672996282577515, -1.3619661331176758e-05, -3.077223300933838, -1.1016266345977783, 0.9164741039276123, 1.5084729194641113, -0.9288707375526428, -1.1962226629257202, -0.9803867340087891, 0.04571741819381714, -0.2876448929309845, 0.17959095537662506, 0.10860314965248108, 1.665305733680725, -0.13754954934120178, -0.18611961603164673, 0.6636435985565186, -0.48087120056152344, -0.6404675245285034, 1.0991748571395874, -1.058104157447815, 1.0, 1.0, 1.0, 1.0, 0.0, 1.0, 1.0, 1.0, 1.0, 1.0, 1.0, 1.0]"
455,0.0,0.0,0.0,0.0,0.0,0.0,0.0,0.0,0.0,1.8843242287402973e-05,0.0,140.24563598632812,0.7507616877555847,0.043581023812294006,-0.12897026538848877,0.15659289062023163,-0.1726410686969757,0.30567312240600586,0.29984188079833984,0.5477597117424011,-0.4659181237220764,0.24813251197338104,-0.5190362334251404,-1.0632299184799194,0.5676156878471375,-0.3394390642642975,0.4729154407978058,"[0.7507616877555847, 0.043581023812294006, -0.12897026538848877, 0.7222915887832642, 1.0479285717010498, 0.24219810962677002, -0.02239372581243515, -0.02798686921596527, -0.9993577599525452, 0.699999988079071, 0.0, 0.0, 0.15659289062023163, -0.1726410686969757, 0.30567312240600586, 0.29984188079833984, -3.5762786865234375e-07, -0.06591811776161194, -0.15186749398708344, -0.1190362274646759, -0.2632299065589905, -0.2323843240737915, 0.46056094765663147, -0.32708457112312317, -3.209916830062866, -0.775397539138794, -2.270474910736084, -0.6983766555786133, -1.5556812286376953e-05, -1.5053045749664307, -1.3521567583084106, 0.6670023202896118, -1.869692087173462, -5.185880184173584, 4.25661039352417, -0.918491005897522, 0.09536641836166382, -0.5031867027282715, 0.3754484951496124, 0.10628315806388855, 1.806021809577942, 0.44931337237358093, -0.43089792132377625, -0.36997243762016296, -0.890127420425415, -1.116078495979309, 1.7001910209655762, -0.6924766302108765, 1.0, 1.0, 1.0, 1.0, 0.0, 1.0, 1.0, 1.0, 1.0, 1.0, 1.0, 1.0]"
456,0.0,0.0,0.0,0.0,0.0,0.0,1.0798954463098198e-05,0.0,80.37397766113281,0.0,0.0,0.0,0.7338590621948242,0.04850922152400017,-0.08143578469753265,0.10170234739780426,-0.17025122046470642,0.3013678193092346,0.29643163084983826,0.5477596521377563,-0.4640446901321411,0.282329797744751,-0.5051102042198181,-1.1145610809326172,0.4539446532726288,-0.37049946188926697,0.49104514718055725,"[0.7338590621948242, 0.04850922152400017, -0.08143578469753265, -0.40816593170166016, 0.059492532163858414, 0.16625186800956726, -0.01339571364223957, -0.02645501308143139, -0.9995601177215576, 0.699999988079071, 0.0, 0.0, 0.10170234739780426, -0.17025122046470642, 0.3013678193092346, 0.29643163084983826, -4.172325134277344e-07, -0.06404468417167664, -0.1176702082157135, -0.10511019825935364, -0.31456106901168823, -0.34605535864830017, 0.429500550031662, -0.3089548647403717, -2.6527152061462402, 0.2572338283061981, 0.1565164178609848, -0.13434118032455444, -1.9103288650512695e-05, 0.8529799580574036, 2.2857351303100586, 0.3871336877346039, -3.083345890045166, -5.259957313537598, 2.0340731143951416, 3.2912673950195312, 0.2839222848415375, -0.8460426330566406, 0.14657796919345856, 0.4230039417743683, 1.8280103206634521, 0.19945582747459412, -0.5263482332229614, -0.7495664358139038, -0.9445245862007141, -1.0548481941223145, 1.628406047821045, -0.2796747088432312, 1.0, 1.0, 1.0, 1.0, 0.0, 1.0, 1.0, 1.0, 1.0, 1.0, 1.0, 1.0]"
457,0.0,0.0,0.0,8.052305201999843e-05,0.0,599.3133544921875,4.315810656407848e-05,0.0,321.2152404785156,0.0,0.0,0.0,0.6552614569664001,0.04648910462856293,-0.12219792604446411,0.05459514260292053,-0.17573565244674683,0.30727532505989075,0.2895379066467285,0.5477595925331116,-0.4391496777534485,0.3126485049724579,-0.5161815285682678,-1.1768182516098022,0.3922337591648102,-0.3791830837726593,0.5800302028656006,"[0.6552614569664001, 0.04648910462856293, -0.12219792604446411, -0.5367457866668701, -0.33867722749710083, 0.07629658281803131, -0.017706457525491714, -0.01784682460129261, -0.9996839761734009, 0.699999988079071, 0.0, 0.0, 0.05459514260292053, -0.17573565244674683, 0.30727532505989075, 0.2895379066467285, -4.76837158203125e-07, -0.03914967179298401, -0.08735150098800659, -0.11618152260780334, -0.3768182396888733, -0.4077662527561188, 0.42081692814826965, -0.21996980905532837, -1.9765697717666626, 1.3280887603759766, 0.40299248695373535, -0.11440402269363403, -9.417533874511719e-06, 0.18554508686065674, 1.2921040058135986, -0.8837771415710449, -3.038147449493408, 2.1340131759643555, 0.1405048817396164, 4.0604567527771, 0.4488418698310852, -0.5224457383155823, 0.2894956171512604, 0.536422610282898, 2.070528984069824, 0.5188988447189331, 0.1481044590473175, -0.4363594949245453, -1.1354432106018066, -1.2245923280715942, 1.5693309307098389, -0.036635272204875946, 1.0, 1.0, 1.0, 1.0, 0.0, 1.0, 1.0, 1.0, 1.0, 1.0, 1.0, 1.0]"
458,0.0,0.0,0.0,5.6759268773021176e-05,0.0,422.4453430175781,3.727368311956525e-05,0.0,277.41888427734375,0.0,0.0,0.0,0.6510295271873474,0.02249334007501602,-0.05133955553174019,0.02268407493829727,-0.17144396901130676,0.31062939763069153,0.2883862555027008,0.5477596521377563,-0.4428253471851349,0.3340094983577728,-0.5399042367935181,-1.2432258129119873,0.4382723867893219,-0.3728121221065521,0.6499691605567932,"[0.6510295271873474, 0.02249334007501602, -0.05133955553174019, -0.24440133571624756, -0.21388883888721466, 0.05574934929609299, -0.022886067628860474, -0.012044539675116539, -0.9996656179428101, 0.699999988079071, 0.0, 0.0, 0.02268407493829727, -0.17144396901130676, 0.31062939763069153, 0.2883862555027008, -4.172325134277344e-07, -0.04282534122467041, -0.06599050760269165, -0.1399042308330536, -0.44322580099105835, -0.36172762513160706, 0.42718788981437683, -0.15003085136413574, -1.1829769611358643, 0.205745667219162, 0.1759660392999649, 0.1299123764038086, -1.8984079360961914e-05, 0.1542506366968155, 1.0210168361663818, -1.2781989574432373, -3.7209486961364746, 1.702536940574646, 0.3523314893245697, 3.1900362968444824, 0.4767206609249115, -0.6395997405052185, 0.4062393009662628, 0.6135848760604858, 2.241398811340332, 0.5632025003433228, 0.04418379068374634, -0.7750324010848999, -1.4036222696304321, -1.0868754386901855, 1.645090103149414, -0.13069447875022888, 1.0, 1.0, 1.0, 1.0, 0.0, 1.0, 1.0, 1.0, 1.0, 1.0, 1.0, 1.0]"
459,0.0,0.0,0.0,4.3934647692367435e-05,0.0,326.9948425292969,3.6011839256389067e-05,0.0,268.0273132324219,0.0,0.0,0.0,0.6643480062484741,-0.02013658918440342,-0.017496885731816292,0.015513783320784569,-0.16627418994903564,0.3150070011615753,0.29786309599876404,0.5477596521377563,-0.43286073207855225,0.3517785370349884,-0.5675476789474487,-1.3221733570098877,0.4603428840637207,-0.36356019973754883,0.6884468197822571,"[0.6643480062484741, -0.02013658918440342, -0.017496885731816292, -0.27762243151664734, -0.12999966740608215, 0.026762180030345917, -0.025857362896203995, -0.006781444419175386, -0.999642550945282, 0.699999988079071, 0.0, 0.0, 0.015513783320784569, -0.16627418994903564, 0.3150070011615753, 0.29786309599876404, -4.172325134277344e-07, -0.03286072611808777, -0.048221468925476074, -0.16754767298698425, -0.5221733450889587, -0.33965712785720825, 0.4364398121833801, -0.11155319213867188, 0.10767998546361923, 0.3083026707172394, 0.284272164106369, 0.6581779718399048, -1.9609928131103516e-05, 0.5014036297798157, 0.8205634355545044, -1.4520703554153442, -3.8188230991363525, 1.0253857374191284, 0.5679023265838623, 1.2473427057266235, 0.5035114288330078, -0.5413503646850586, 0.3405190706253052, 0.6360219717025757, 2.2751317024230957, 0.5124334096908569, 0.12052556872367859, -0.6442495584487915, -1.4742664098739624, -1.0577738285064697, 1.6535366773605347, -0.11648110300302505, 1.0, 1.0, 1.0, 1.0, 0.0, 1.0, 1.0, 1.0, 1.0, 1.0, 1.0, 1.0]"
460,0.0,0.0,0.0,4.005837035947479e-05,0.0,298.1446533203125,3.857313276967034e-05,0.0,287.0903625488281,0.0,0.0,0.0,0.6726251244544983,-0.043436162173748016,-0.005629176273941994,0.02825264260172844,-0.16096284985542297,0.31990036368370056,0.31276246905326843,0.5477596521377563,-0.4188336133956909,0.36535587906837463,-0.5980192422866821,-1.3871692419052124,0.4773719012737274,-0.34642350673675537,0.7051689624786377,"[0.6726251244544983, -0.043436162173748016, -0.005629176273941994, -0.16004915535449982, -0.1971779763698578, 0.002197489608079195, -0.029262684285640717, -0.0020887451246380806, -0.9995696544647217, 0.699999988079071, 0.0, 0.0, 0.02825264260172844, -0.16096284985542297, 0.31990036368370056, 0.31276246905326843, -4.172325134277344e-07, -0.01883360743522644, -0.034644126892089844, -0.19801923632621765, -0.5871692299842834, -0.32262811064720154, 0.4535765051841736, -0.09483104944229126, 0.8396632671356201, 0.21499678492546082, 0.2095201164484024, 0.7211071848869324, -2.0384788513183594e-05, 0.7134833335876465, 0.6641784906387329, -1.5019352436065674, -2.8154196739196777, 0.8431339263916016, 0.9377909302711487, 0.5269829630851746, 0.5279056429862976, -0.5397234559059143, 0.34979596734046936, 0.6416465044021606, 2.364262104034424, 0.5293288230895996, -0.003331482410430908, -0.6593519449234009, -1.4626307487487793, -1.1973283290863037, 1.7284669876098633, -0.14958396553993225, 1.0, 1.0, 1.0, 1.0, 0.0, 1.0, 1.0, 1.0, 1.0, 1.0, 1.0, 1.0]"
461,0.0,0.0,0.0,4.41650154243689e-05,0.0,328.70941162109375,4.122074824408628e-05,0.0,306.7959899902344,0.0,0.0,0.0,0.6888047456741333,-0.06020715832710266,0.03135595843195915,0.04906656965613365,-0.1602214127779007,0.3201597332954407,0.3239142596721649,0.5477596521377563,-0.3974633514881134,0.3752959966659546,-0.6248658895492554,-1.4257590770721436,0.48515620827674866,-0.32079413533210754,0.7052719593048096,"[0.6888047456741333, -0.06020715832710266, 0.03135595843195915, 0.13167163729667664, -0.24714836478233337, -0.004423846025019884, -0.03386804834008217, -0.0026129139587283134, -0.9994230270385742, 0.699999988079071, 0.0, 0.0, 0.04906656965613365, -0.1602214127779007, 0.3201597332954407, 0.3239142596721649, -4.172325134277344e-07, 0.0025366544723510742, -0.024704009294509888, -0.2248658835887909, -0.6257590651512146, -0.3148438036441803, 0.4792058765888214, -0.09472805261611938, 1.1485244035720825, -0.03946860879659653, -0.05702873319387436, 0.46408265829086304, -2.110004425048828e-05, 1.1673005819320679, 0.4809343218803406, -1.1787749528884888, -1.3523290157318115, 0.22422325611114502, 1.360958218574524, -0.4179568886756897, 0.5888240933418274, -0.5248292088508606, 0.3319455087184906, 0.6131031513214111, 2.4103469848632812, 0.5617765188217163, -0.10245069861412048, -0.5842932462692261, -1.4096829891204834, -1.2576426267623901, 1.780808925628662, -0.2443893849849701, 1.0, 1.0, 1.0, 1.0, 0.0, 1.0, 1.0, 1.0, 1.0, 1.0, 1.0, 1.0]"
462,0.0,0.0,0.0,4.2699470213847235e-05,0.0,317.8017272949219,4.1787738155107945e-05,0.0,311.01593017578125,0.0,0.0,0.0,0.7101840972900391,-0.07682299613952637,0.07688719779253006,0.07657955586910248,-0.16359665989875793,0.31585022807121277,0.3295915424823761,0.5477596521377563,-0.36645352840423584,0.37953609228134155,-0.6413369178771973,-1.4389883279800415,0.4787297546863556,-0.28401148319244385,0.6844207048416138,"[0.7101840972900391, -0.07682299613952637, 0.07688719779253006, 0.33658382296562195, -0.2684999704360962, -0.006601086817681789, -0.039017461240291595, -0.008103187195956707, -0.9992057085037231, 0.699999988079071, 0.0, 0.0, 0.07657955586910248, -0.16359665989875793, 0.31585022807121277, 0.3295915424823761, -4.172325134277344e-07, 0.03354647755622864, -0.020463913679122925, -0.2413369119167328, -0.6389883160591125, -0.32127025723457336, 0.5159885287284851, -0.11557930707931519, 1.5232267379760742, -0.20659297704696655, -0.24593086540699005, 0.16810284554958344, -2.1010637283325195e-05, 1.6401220560073853, 0.1515989750623703, -0.5136248469352722, -0.17121487855911255, -0.4769539535045624, 1.9924906492233276, -1.6866458654403687, 0.6756674647331238, -0.5939196348190308, 0.3363344371318817, 0.5569465160369873, 2.4582791328430176, 0.5454922914505005, -0.2874324321746826, -0.4645331799983978, -1.3108261823654175, -1.3357292413711548, 1.8937890529632568, -0.40868672728538513, 1.0, 1.0, 1.0, 1.0, 0.0, 1.0, 1.0, 1.0, 1.0, 1.0, 1.0, 1.0]"
463,0.0,0.0,0.0,3.533787821652368e-05,0.0,263.01116943359375,4.0900988096836954e-05,0.0,304.4160461425781,0.0,0.0,0.0,0.7306804060935974,-0.08655084669589996,0.11126847565174103,0.11242109537124634,-0.16956108808517456,0.30867505073547363,0.3271411955356598,0.5477596521377563,-0.32724472880363464,0.37531226873397827,-0.6400730609893799,-1.424870252609253,0.46049126982688904,-0.2313472181558609,0.6342794299125671,"[0.7306804060935974, -0.08655084669589996, 0.11126847565174103, 0.4507526755332947, -0.31682088971138, -0.021288158372044563, -0.044792838394641876, -0.01671786978840828, -0.9988564848899841, 0.699999988079071, 0.0, 0.0, 0.11242109537124634, -0.16956108808517456, 0.30867505073547363, 0.3271411955356598, -4.172325134277344e-07, 0.07275527715682983, -0.024687737226486206, -0.2400730550289154, -0.624870240688324, -0.3395087420940399, 0.5686528086662292, -0.16572058200836182, 1.983373761177063, -0.3131643831729889, -0.3534436523914337, -0.3177710771560669, -2.193450927734375e-05, 2.0162408351898193, -0.3317781686782837, 0.545372486114502, 1.5560226440429688, -0.9657561779022217, 2.913848638534546, -3.3942980766296387, 0.7775495648384094, -0.6597715020179749, 0.34299027919769287, 0.4581410586833954, 2.3849806785583496, 0.42158302664756775, -0.5154274702072144, -0.20960654318332672, -1.0625272989273071, -1.3070430755615234, 2.0002963542938232, -0.7022465467453003, 1.0, 1.0, 1.0, 1.0, 0.0, 1.0, 1.0, 1.0, 1.0, 1.0, 1.0, 1.0]"
464,0.0,0.0,0.0,9.071141903405078e-06,0.0,67.51428985595703,2.7252948711975478e-05,0.0,202.8370361328125,0.0,0.0,0.0,0.735130250453949,-0.08563017100095749,0.08347176760435104,0.1583622545003891,-0.17604506015777588,0.3013458251953125,0.3131738007068634,0.5477596521377563,-0.2867436110973358,0.3590485751628876,-0.6121070384979248,-1.3643995523452759,0.44365039467811584,-0.15524813532829285,0.5504374504089355,"[0.735130250453949, -0.08563017100095749, 0.08347176760435104, 0.31262123584747314, -0.4539758563041687, -0.0325668528676033, -0.05238946154713631, -0.02548075094819069, -0.9983017444610596, 0.699999988079071, 0.0, 0.0, 0.1583622545003891, -0.17604506015777588, 0.3013458251953125, 0.3131738007068634, -4.172325134277344e-07, 0.11325639486312866, -0.040951430797576904, -0.21210703253746033, -0.5643995404243469, -0.3563496172428131, 0.6447519063949585, -0.2495625615119934, 2.5491747856140137, -0.21061474084854126, -0.2249649614095688, -0.8959553241729736, -1.913309097290039e-05, 1.8913170099258423, -0.9540159702301025, 2.0772182941436768, 4.28628396987915, -0.46855854988098145, 4.241200923919678, -4.989879131317139, 0.5530939698219299, -0.33784782886505127, 0.6914883852005005, 0.23603656888008118, 1.8420404195785522, -0.3096829950809479, -0.659135103225708, 0.4132373034954071, -0.50758957862854, -0.7687820792198181, 1.4754401445388794, -1.096271276473999, 1.0, 1.0, 1.0, 1.0, 0.0, 1.0, 1.0, 1.0, 1.0, 1.0, 1.0, 1.0]"
465,0.0,0.0,0.0,0.0,0.0,0.0,0.0,0.0,0.0,3.9885188016342e-05,0.0,296.8556823730469,0.6830319166183472,-0.09608811885118484,-0.03283063322305679,0.21332614123821259,-0.17682263255119324,0.3056946098804474,0.3036156892776489,0.5477597117424011,-0.2746349573135376,0.3429412245750427,-0.5741639137268066,-1.2586359977722168,0.46979910135269165,-0.1739405244588852,0.4974729120731354,"[0.6830319166183472, -0.09608811885118484, -0.03283063322305679, -0.3650994300842285, -0.12888266146183014, -0.020975381135940552, -0.059133969247341156, -0.02669832482933998, -0.9978928565979004, 0.699999988079071, 0.0, 0.0, 0.21332614123821259, -0.17682263255119324, 0.3056946098804474, 0.3036156892776489, -3.5762786865234375e-07, 0.12536504864692688, -0.05705878138542175, -0.17416390776634216, -0.45863598585128784, -0.3302009105682373, 0.6260594725608826, -0.3025270998477936, 3.03127384185791, 0.3191443383693695, 0.9062957167625427, 0.5100374221801758, -1.8358230590820312e-05, -0.6536637544631958, -0.780057430267334, 0.4652369022369385, 5.497681617736816, 3.4243972301483154, -5.713893413543701, 1.1915329694747925, 0.07599231600761414, 0.18471726775169373, 1.059285044670105, -0.12207219004631042, 1.5562958717346191, -0.7975505590438843, -0.3333692252635956, 0.6843963861465454, -0.13042141497135162, -0.038866616785526276, 0.3561580777168274, -0.9492963552474976, 1.0, 1.0, 1.0, 1.0, 0.0, 1.0, 1.0, 1.0, 1.0, 1.0, 1.0, 1.0]"
466,0.0,0.0,0.0,0.0,0.0,0.0,0.0,0.0,0.0,6.116262375144288e-05,0.0,455.21844482421875,0.6623285412788391,-0.07676294445991516,-0.047514572739601135,0.2577226161956787,-0.1586286723613739,0.3366047143936157,0.3200213611125946,0.5477597117424011,-0.3208047151565552,0.31466615200042725,-0.5553817749023438,-1.145397424697876,0.5706995725631714,-0.2725889980792999,0.4965667724609375,"[0.6623285412788391, -0.07676294445991516, -0.047514572739601135, -0.7234026789665222, 0.2800803482532501, 0.07827116549015045, -0.0565485954284668, -0.012226354330778122, -0.998324990272522, 0.699999988079071, 0.0, 0.0, 0.2577226161956787, -0.1586286723613739, 0.3366047143936157, 0.3200213611125946, -3.5762786865234375e-07, 0.0791952908039093, -0.08533385396003723, -0.15538176894187927, -0.345397412776947, -0.22930043935775757, 0.5274109840393066, -0.30343323945999146, 1.3321080207824707, 1.040330171585083, 1.5923970937728882, 0.773680567741394, -1.576542854309082e-05, -2.970780849456787, -1.5281249284744263, 1.0805373191833496, 5.481393814086914, 4.546729564666748, -4.640763759613037, -0.5488500595092773, 0.042942434549331665, -0.20677050948143005, 0.42657139897346497, -0.04446950554847717, 1.6618634462356567, -0.5545592308044434, 0.043660908937454224, 0.903883695602417, -0.16909228265285492, -0.10404381901025772, 0.28538423776626587, -0.9508429765701294, 1.0, 1.0, 1.0, 1.0, 0.0, 1.0, 1.0, 1.0, 1.0, 1.0, 1.0, 1.0]"
467,0.0,0.0,0.0,0.0,0.0,0.0,0.0,0.0,0.0,5.386388147599064e-05,0.0,400.89569091796875,0.688518226146698,-0.004202906973659992,-0.05947427824139595,0.2394675612449646,-0.15288779139518738,0.3462596535682678,0.32265809178352356,0.5477597713470459,-0.38824662566185,0.2975825369358063,-0.5377522110939026,-1.0660300254821777,0.6205875873565674,-0.3933272361755371,0.48719102144241333,"[0.688518226146698, -0.004202906973659992, -0.05947427824139595, 0.30260810256004333, 0.6006092429161072, 0.21792937815189362, -0.046918973326683044, -0.010881945490837097, -0.9988395571708679, 0.699999988079071, 0.0, 0.0, 0.2394675612449646, -0.15288779139518738, 0.3462596535682678, 0.32265809178352356, -2.980232238769531e-07, 0.011753380298614502, -0.1024174690246582, -0.1377522051334381, -0.2660300135612488, -0.17941242456436157, 0.40667277574539185, -0.3128089904785156, -2.084325075149536, -0.17665262520313263, -0.3121849000453949, -0.25586873292922974, -1.4036893844604492e-05, -3.4157874584198, -0.7854619026184082, 0.669890284538269, 2.723879337310791, 0.946342945098877, -4.396849155426025, -0.32872486114501953, -0.015449939295649529, -0.19825902581214905, 0.3627552092075348, 0.08272901177406311, 1.5798975229263306, -0.35412147641181946, -0.15475863218307495, 0.7931889295578003, -0.34874939918518066, -0.4768376052379608, 0.7819265723228455, -1.0348345041275024, 1.0, 1.0, 1.0, 1.0, 0.0, 1.0, 1.0, 1.0, 1.0, 1.0, 1.0, 1.0]"
468,0.0,0.0,0.0,0.0,0.0,0.0,0.0,0.0,0.0,3.429598655202426e-05,0.0,255.25662231445312,0.7226232290267944,0.03827742114663124,-0.10748736560344696,0.181104838848114,-0.1616218090057373,0.3211377263069153,0.3134765625,0.5477597713470459,-0.44628840684890747,0.27393877506256104,-0.5233275294303894,-1.0538896322250366,0.5831347107887268,-0.3730047643184662,0.4752346873283386,"[0.7226232290267944, 0.03827742114663124, -0.10748736560344696, 0.5790950655937195, 0.8753648996353149, 0.260574609041214, -0.031577542424201965, -0.020698457956314087, -0.9992873072624207, 0.699999988079071, 0.0, 0.0, 0.181104838848114, -0.1616218090057373, 0.3211377263069153, 0.3134765625, -2.980232238769531e-07, -0.04628840088844299, -0.12606123089790344, -0.12332752346992493, -0.25388962030410767, -0.21686530113220215, 0.42699524760246277, -0.32476532459259033, -3.2056734561920166, -0.5221162438392639, -1.6928104162216187, -0.592454195022583, -1.722574234008789e-05, -2.3077316284179688, -1.3799463510513306, 0.612144947052002, -0.8326715230941772, -4.004281997680664, 3.3888137340545654, -0.6095477342605591, 0.08607953786849976, -0.3921191990375519, 0.26629021763801575, 0.06774494051933289, 1.7986559867858887, 0.35096094012260437, -0.3182373642921448, 0.057681381702423096, -0.7439970970153809, -0.964943528175354, 1.566016674041748, -0.7952604293823242, 1.0, 1.0, 1.0, 1.0, 0.0, 1.0, 1.0, 1.0, 1.0, 1.0, 1.0, 1.0]"
469,0.0,0.0,0.0,0.0,0.0,0.0,0.0001451817952329293,0.0,1080.5526123046875,0.0,0.0,0.0,0.7636138796806335,0.03055167943239212,-0.06735764443874359,0.11951575428247452,-0.16649267077445984,0.29880648851394653,0.3067089319229126,0.5477597117424011,-0.4648420214653015,0.277622789144516,-0.5130216479301453,-1.0916473865509033,0.4822498559951782,-0.34753406047821045,0.4777103364467621,"[0.7636138796806335, 0.03055167943239212, -0.06735764443874359, -0.6608124375343323, 0.13437598943710327, 0.28332847356796265, -0.01745685189962387, -0.027329741045832634, -0.9994738101959229, 0.699999988079071, 0.0, 0.0, 0.11951575428247452, -0.16649267077445984, 0.29880648851394653, 0.3067089319229126, -3.5762786865234375e-07, -0.06484201550483704, -0.12237721681594849, -0.11302164196968079, -0.29164737462997437, -0.31775015592575073, 0.4524659514427185, -0.32228967547416687, -2.4106662273406982, 0.9190775752067566, 0.63188236951828, 0.5934772491455078, -2.2530555725097656e-05, 0.0946945920586586, 4.395387649536133, 0.9359532594680786, -1.9559292793273926, -4.60375452041626, -5.600741386413574, 1.0665374994277954, 0.2780308127403259, -0.8334638476371765, 0.28674018383026123, 0.38176679611206055, 1.8528556823730469, 0.3627314269542694, -0.4884030520915985, -0.8098814487457275, -0.9797412157058716, -1.0856304168701172, 1.6023521423339844, -0.3519323766231537, 1.0, 1.0, 1.0, 1.0, 0.0, 1.0, 1.0, 1.0, 1.0, 1.0, 1.0, 1.0]"
470,0.0,0.0,0.0,0.0,0.0,0.0,6.18184421909973e-05,0.0,460.09954833984375,0.0,0.0,0.0,0.6877821087837219,0.07122040539979935,-0.15263433754444122,0.06991031765937805,-0.17007915675640106,0.3040713369846344,0.3053256869316101,0.5477596521377563,-0.44340771436691284,0.3192289173603058,-0.5186983942985535,-1.1636229753494263,0.3873001039028168,-0.37417298555374146,0.562666654586792,"[0.6877821087837219, 0.07122040539979935, -0.15263433754444122, -0.5878629684448242, -0.2747054994106293, 0.0341951958835125, -0.018947366625070572, -0.01955246552824974, -0.9996293783187866, 0.699999988079071, 0.0, 0.0, 0.06991031765937805, -0.17007915675640106, 0.3040713369846344, 0.3053256869316101, -4.172325134277344e-07, -0.043407708406448364, -0.08077108860015869, -0.11869838833808899, -0.3636229634284973, -0.4126999080181122, 0.4258270263671875, -0.23733335733413696, -2.053633213043213, -0.376764714717865, 0.4706886410713196, -0.025157783180475235, -1.8477439880371094e-05, 1.5614166259765625, 1.7649685144424438, -0.749086320400238, -4.35683536529541, -4.239752769470215, -0.7167285680770874, 4.959392547607422, 0.4760104715824127, -0.48243722319602966, 0.22236095368862152, 0.4178571403026581, 1.9379961490631104, 0.46275606751441956, 0.1652822196483612, -0.5036031007766724, -1.4294133186340332, -1.1284037828445435, 1.3815449476242065, -0.021327294409275055, 1.0, 1.0, 1.0, 1.0, 0.0, 1.0, 1.0, 1.0, 1.0, 1.0, 1.0, 1.0]"
471,0.0,0.0,0.0,6.099356687627733e-05,0.0,453.9602355957031,3.815333911916241e-05,0.0,283.9659729003906,0.0,0.0,0.0,0.6639612913131714,0.03602064400911331,-0.08920158445835114,0.03505714610219002,-0.16520853340625763,0.3080759346485138,0.3024574816226959,0.5477597117424011,-0.44673946499824524,0.3460523188114166,-0.541611909866333,-1.2641016244888306,0.4337255656719208,-0.3768329620361328,0.6443864703178406,"[0.6639612913131714, 0.03602064400911331, -0.08920158445835114, -0.16359476745128632, -0.20545749366283417, 0.07540137320756912, -0.023789463564753532, -0.013115965761244297, -0.9996308088302612, 0.699999988079071, 0.0, 0.0, 0.03505714610219002, -0.16520853340625763, 0.3080759346485138, 0.3024574816226959, -3.5762786865234375e-07, -0.04673945903778076, -0.05394768714904785, -0.14161190390586853, -0.4641016125679016, -0.3662744462490082, 0.42316704988479614, -0.15561354160308838, -1.4914337396621704, 0.10364478826522827, 0.06632472574710846, -0.20099563896656036, -1.5795230865478516e-05, -0.013395905494689941, 1.3409062623977661, -1.269215703010559, -4.923592567443848, 1.9967701435089111, -0.182193323969841, 3.6311280727386475, 0.4245075285434723, -0.4675386846065521, 0.23114894330501556, 0.6094876527786255, 2.1431188583374023, 0.660076379776001, 0.06217685341835022, -0.6176540851593018, -1.4148167371749878, -1.2387622594833374, 1.6490519046783447, -0.03587917238473892, 1.0, 1.0, 1.0, 1.0, 0.0, 1.0, 1.0, 1.0, 1.0, 1.0, 1.0, 1.0]"
472,0.0,0.0,0.0,4.9600606871536e-05,0.0,369.1651916503906,3.946242213714868e-05,0.0,293.7091369628906,0.0,0.0,0.0,0.6831849813461304,-0.009246108122169971,-0.02350156381726265,0.01767491176724434,-0.1644240915775299,0.30765971541404724,0.3021070659160614,0.5477596521377563,-0.4361434578895569,0.3694749176502228,-0.5673846006393433,-1.3431223630905151,0.45444968342781067,-0.3766700327396393,0.6991903781890869,"[0.6831849813461304, -0.009246108122169971, -0.02350156381726265, -0.04553268849849701, -0.10496371984481812, 0.08240396529436111, -0.026397433131933212, -0.012366161681711674, -0.999575138092041, 0.699999988079071, 0.0, 0.0, 0.01767491176724434, -0.1644240915775299, 0.30765971541404724, 0.3021070659160614, -4.172325134277344e-07, -0.03614345192909241, -0.0305250883102417, -0.16738459467887878, -0.5431223511695862, -0.3455503284931183, 0.4233299791812897, -0.10080963373184204, -0.42579182982444763, 0.0883556455373764, 0.0078631192445755, 0.18440110981464386, -1.6748905181884766e-05, 0.6128610372543335, 1.0689185857772827, -1.2752920389175415, -3.325674295425415, 0.8362353444099426, 0.1606464833021164, 2.062669277191162, 0.464008629322052, -0.5984731316566467, 0.4400784969329834, 0.5680849552154541, 2.2675046920776367, 0.44333550333976746, 0.024347156286239624, -0.7613686323165894, -1.4429682493209839, -1.0122863054275513, 1.587660312652588, -0.053486742079257965, 1.0, 1.0, 1.0, 1.0, 0.0, 1.0, 1.0, 1.0, 1.0, 1.0, 1.0, 1.0]"
473,0.0,0.0,0.0,3.749457755475305e-05,0.0,279.0629577636719,4.129290027776733e-05,0.0,307.3329772949219,0.0,0.0,0.0,0.6795032620429993,-0.03818608447909355,-0.007568030618131161,0.023677408695220947,-0.16021567583084106,0.31048208475112915,0.3109953701496124,0.5477597117424011,-0.4213661849498749,0.3848210871219635,-0.5948481559753418,-1.390950083732605,0.46955162286758423,-0.3622509241104126,0.7243874669075012,"[0.6795032620429993, -0.03818608447909355, -0.007568030618131161, -0.17892193794250488, -0.1876201331615448, 0.04572635516524315, -0.029414229094982147, -0.009191676042973995, -0.9995251893997192, 0.699999988079071, 0.0, 0.0, 0.023677408695220947, -0.16021567583084106, 0.31048208475112915, 0.3109953701496124, -3.5762786865234375e-07, -0.0213661789894104, -0.015178918838500977, -0.19484815001487732, -0.590950071811676, -0.3304483890533447, 0.43774908781051636, -0.07561254501342773, 0.6124510765075684, 0.23491957783699036, 0.17887133359909058, 0.5193396806716919, -1.8358230590820312e-05, 0.6587048172950745, 0.7037133574485779, -1.4275091886520386, -1.9016271829605103, 0.9415419101715088, 0.8919130563735962, 0.8235681653022766, 0.49191728234291077, -0.5735659003257751, 0.35091373324394226, 0.6328927278518677, 2.333688735961914, 0.47509655356407166, -0.02680298686027527, -0.6859941482543945, -1.4469115734100342, -1.1636298894882202, 1.6950429677963257, -0.0970756784081459, 1.0, 1.0, 1.0, 1.0, 0.0, 1.0, 1.0, 1.0, 1.0, 1.0, 1.0, 1.0]"
474,0.0,0.0,0.0,4.35955444118008e-05,0.0,324.4709777832031,4.304914909880608e-05,0.0,320.4043273925781,0.0,0.0,0.0,0.6851904392242432,-0.052735716104507446,0.01940240152180195,0.040988530963659286,-0.15769954025745392,0.312008261680603,0.31926214694976807,0.5477597117424011,-0.40273889899253845,0.39434337615966797,-0.62318354845047,-1.4202537536621094,0.48167911171913147,-0.33562222123146057,0.7268064618110657,"[0.6851904392242432, -0.052735716104507446, 0.01940240152180195, 0.030421601608395576, -0.2562774121761322, 0.01815177872776985, -0.03412656486034393, -0.007952011190354824, -0.9993855953216553, 0.699999988079071, 0.0, 0.0, 0.040988530963659286, -0.15769954025745392, 0.312008261680603, 0.31926214694976807, -3.5762786865234375e-07, -0.0027388930320739746, -0.005656629800796509, -0.2231835424900055, -0.6202537417411804, -0.3183209002017975, 0.4643777906894684, -0.07319355010986328, 0.9729068279266357, 0.04274510592222214, -0.002419551834464073, 0.3257348835468292, -1.9371509552001953e-05, 0.9837223291397095, 0.47714126110076904, -1.3163551092147827, -1.2287647724151611, 0.5541238188743591, 1.3766062259674072, -0.5230982899665833, 0.5905663371086121, -0.6108102202415466, 0.35506436228752136, 0.5996145009994507, 2.415134906768799, 0.5662747621536255, -0.12801530957221985, -0.664164662361145, -1.4201316833496094, -1.2276334762573242, 1.771150827407837, -0.2341039776802063, 1.0, 1.0, 1.0, 1.0, 0.0, 1.0, 1.0, 1.0, 1.0, 1.0, 1.0, 1.0]"
475,0.0,0.0,0.0,4.5849137677578256e-05,0.0,341.2439270019531,4.365777567727491e-05,0.0,324.93414306640625,0.0,0.0,0.0,0.7042860388755798,-0.070644311606884,0.06485702097415924,0.06576692312955856,-0.15954536199569702,0.30918577313423157,0.3228325843811035,0.5477596521377563,-0.3749239146709442,0.39858612418174744,-0.6448367834091187,-1.4373719692230225,0.48045653104782104,-0.2988986074924469,0.7030393481254578,"[0.7042860388755798, -0.070644311606884, 0.06485702097415924, 0.2597057819366455, -0.268083781003952, 0.0008228747174143791, -0.03939569741487503, -0.011685525998473167, -0.9991552233695984, 0.699999988079071, 0.0, 0.0, 0.06576692312955856, -0.15954536199569702, 0.30918577313423157, 0.3228325843811035, -4.172325134277344e-07, 0.025076091289520264, -0.001413881778717041, -0.24483677744865417, -0.6373719573020935, -0.3195434808731079, 0.5011013746261597, -0.09696066379547119, 1.4186315536499023, -0.1515892595052719, -0.20182514190673828, 0.11372703313827515, -1.9848346710205078e-05, 1.4540657997131348, 0.1804145723581314, -0.8480704426765442, -0.497358500957489, -0.15997152030467987, 1.9183188676834106, -1.704437255859375, 0.6818289160728455, -0.6316834092140198, 0.3161208927631378, 0.6066908836364746, 2.459261417388916, 0.5765713453292847, -0.2643374502658844, -0.5072016716003418, -1.3347140550613403, -1.3043084144592285, 1.86873197555542, -0.36346396803855896, 1.0, 1.0, 1.0, 1.0, 0.0, 1.0, 1.0, 1.0, 1.0, 1.0, 1.0, 1.0]"
476,0.0,0.0,0.0,4.0212577005149797e-05,0.0,299.2923583984375,4.345487104728818e-05,0.0,323.4239807128906,0.0,0.0,0.0,0.7285397052764893,-0.08658285439014435,0.10607150942087173,0.1016027107834816,-0.1638178676366806,0.30372288823127747,0.3224260210990906,0.5477597117424011,-0.33807846903800964,0.39483949542045593,-0.651298999786377,-1.432895302772522,0.46557101607322693,-0.2477574497461319,0.6553427577018738,"[0.7285397052764893, -0.08658285439014435, 0.10607150942087173, 0.37053748965263367, -0.29047513008117676, -0.011127276346087456, -0.044880904257297516, -0.018535487353801727, -0.9988204836845398, 0.699999988079071, 0.0, 0.0, 0.1016027107834816, -0.1638178676366806, 0.30372288823127747, 0.3224260210990906, -3.5762786865234375e-07, 0.061921536922454834, -0.005160510540008545, -0.2512989938259125, -0.632895290851593, -0.334428995847702, 0.5522425770759583, -0.14465725421905518, 2.0073904991149902, -0.23380079865455627, -0.29532939195632935, -0.12713846564292908, -2.0563602447509766e-05, 1.8872547149658203, -0.27649739384651184, 0.12682943046092987, 0.9363977909088135, -0.7889294624328613, 2.7555086612701416, -3.102036952972412, 0.7749616503715515, -0.6913148760795593, 0.33308377861976624, 0.511229395866394, 2.418290615081787, 0.49161282181739807, -0.49437466263771057, -0.29796943068504333, -1.1382378339767456, -1.3302791118621826, 1.9876692295074463, -0.594892680644989, 1.0, 1.0, 1.0, 1.0, 0.0, 1.0, 1.0, 1.0, 1.0, 1.0, 1.0, 1.0]"
477,0.0,0.0,0.0,1.9126926417811774e-05,0.0,142.35702514648438,3.73230068362318e-05,0.0,277.7860107421875,0.0,0.0,0.0,0.7408965229988098,-0.09009869396686554,0.1067863181233406,0.14828208088874817,-0.1690043807029724,0.29741647839546204,0.3137037754058838,0.5477597117424011,-0.2968204617500305,0.3792431056499481,-0.6323482394218445,-1.3867977857589722,0.44619569182395935,-0.17417477071285248,0.5798406600952148,"[0.7408965229988098, -0.09009869396686554, 0.1067863181233406, 0.29588648676872253, -0.40269482135772705, -0.026479637250304222, -0.05164574459195137, -0.02635125443339348, -0.9983176589012146, 0.699999988079071, 0.0, 0.0, 0.14828208088874817, -0.1690043807029724, 0.29741647839546204, 0.3137037754058838, -3.5762786865234375e-07, 0.10317954421043396, -0.020756900310516357, -0.23234823346138, -0.5867977738380432, -0.3538043200969696, 0.6258252263069153, -0.2201593518257141, 2.5882227420806885, -0.17549073696136475, -0.22603993117809296, -0.6247125864028931, -2.008676528930664e-05, 2.0015175342559814, -0.9973201751708984, 1.6326595544815063, 3.574669361114502, -0.7464647889137268, 4.1598334312438965, -4.675605297088623, 0.6714847683906555, -0.49243730306625366, 0.6269930601119995, 0.2837171256542206, 1.9743505716323853, -0.06121465563774109, -0.7130717039108276, 0.20897063612937927, -0.6581599712371826, -1.014587163925171, 1.696579933166504, -0.9979732036590576, 1.0, 1.0, 1.0, 1.0, 0.0, 1.0, 1.0, 1.0, 1.0, 1.0, 1.0, 1.0]"
478,0.0,0.0,0.0,0.0,0.0,0.0,0.0,0.0,0.0,6.782913987990469e-05,0.0,504.8356628417969,0.7076514363288879,-0.10713962465524673,-0.006411286070942879,0.2010967880487442,-0.17195971310138702,0.29660654067993164,0.2958783507347107,0.5477596521377563,-0.2703408896923065,0.36092156171798706,-0.5837358236312866,-1.2903649806976318,0.45247143507003784,-0.14772866666316986,0.4931392967700958,"[0.7076514363288879, -0.10713962465524673, -0.006411286070942879, -0.14140236377716064, -0.2515791952610016, -7.346796337515116e-05, -0.05989054590463638, -0.030894819647073746, -0.9977269172668457, 0.699999988079071, 0.0, 0.0, 0.2010967880487442, -0.17195971310138702, 0.29660654067993164, 0.2958783507347107, -4.172325134277344e-07, 0.12965911626815796, -0.03907844424247742, -0.18373581767082214, -0.4903649687767029, -0.3475285768508911, 0.6522713303565979, -0.30686071515083313, 2.990490436553955, 0.20021137595176697, 0.592604398727417, 1.0010216236114502, -8.910894393920898e-06, 0.3820922374725342, -0.6658595204353333, 1.0102143287658691, 5.172410011291504, 1.586818814277649, -4.017019748687744, -0.129180908203125, 0.12319806218147278, 0.17580899596214294, 0.9994182586669922, -0.024213820695877075, 1.5358648300170898, -0.8377171754837036, -0.42754843831062317, 0.6729093790054321, -0.15831603109836578, -0.1343507468700409, 0.5484964847564697, -0.9926677942276001, 1.0, 1.0, 1.0, 1.0, 0.0, 1.0, 1.0, 1.0, 1.0, 1.0, 1.0, 1.0]"
479,0.0,0.0,0.0,0.0,0.0,0.0,0.0,0.0,0.0,6.081074388930574e-05,0.0,452.5994873046875,0.6620481014251709,-0.08652527630329132,-0.04236404970288277,0.2510599195957184,-0.1570238173007965,0.32392963767051697,0.3112947940826416,0.5477597713470459,-0.3030281066894531,0.33337828516960144,-0.5694149136543274,-1.1773277521133423,0.544414222240448,-0.24353879690170288,0.504635214805603,"[0.6620481014251709, -0.08652527630329132, -0.04236404970288277, -0.7063777446746826, 0.15795966982841492, 0.053964026272296906, -0.05980383977293968, -0.01915885880589485, -0.9980261921882629, 0.699999988079071, 0.0, 0.0, 0.2510599195957184, -0.1570238173007965, 0.32392963767051697, 0.3112947940826416, -2.980232238769531e-07, 0.09697189927101135, -0.06662172079086304, -0.16941490769386292, -0.37732774019241333, -0.25558578968048096, 0.5564612150192261, -0.2953647971153259, 1.836715579032898, 0.9595786929130554, 1.5714874267578125, 0.7794521450996399, -1.7702579498291016e-05, -2.597170114517212, -1.7477117776870728, 1.0146125555038452, 5.720667839050293, 5.265667915344238, -3.9845428466796875, -0.2374308556318283, 0.07176852226257324, -0.23249104619026184, 0.5904653072357178, -0.15849554538726807, 1.6695791482925415, -0.5977472066879272, -0.025426238775253296, 0.8557471036911011, -0.1614440232515335, -0.027508296072483063, 0.18541689217090607, -0.9711595177650452, 1.0, 1.0, 1.0, 1.0, 0.0, 1.0, 1.0, 1.0, 1.0, 1.0, 1.0, 1.0]"
480,0.0,0.0,0.0,0.0,0.0,0.0,0.0,0.0,0.0,5.688608143827878e-05,0.0,423.3891906738281,0.6822845935821533,-0.02150215208530426,-0.04633571580052376,0.24729403853416443,-0.14985385537147522,0.3420339822769165,0.3172930181026459,0.5477597713470459,-0.3694629669189453,0.31092512607574463,-0.5507081151008606,-1.0839612483978271,0.6187150478363037,-0.37338218092918396,0.49555203318595886,"[0.6822845935821533, -0.02150215208530426, -0.04633571580052376, 0.1167474314570427, 0.5433334708213806, 0.1736128032207489, -0.051672182977199554, -0.014469658955931664, -0.9985592365264893, 0.699999988079071, 0.0, 0.0, 0.24729403853416443, -0.14985385537147522, 0.3420339822769165, 0.3172930181026459, -2.980232238769531e-07, 0.030537039041519165, -0.08907487988471985, -0.15070810914039612, -0.2839612364768982, -0.18128496408462524, 0.426617830991745, -0.3044479787349701, -1.401327133178711, -0.10437597334384918, 0.31811773777008057, -0.0721966102719307, -1.3709068298339844e-05, -3.540114641189575, -0.835256040096283, 0.7902511358261108, 3.763899803161621, 2.349424123764038, -6.785891532897949, -0.44181889295578003, -0.04823422431945801, -0.15465113520622253, 0.48317429423332214, 0.08734932541847229, 1.563344955444336, -0.5317814350128174, -0.0997401773929596, 0.836613655090332, -0.2368987649679184, -0.32511672377586365, 0.5089640617370605, -0.9894596338272095, 1.0, 1.0, 1.0, 1.0, 0.0, 1.0, 1.0, 1.0, 1.0, 1.0, 1.0, 1.0]"
481,0.0,0.0,0.0,0.0,0.0,0.0,0.0,0.0,0.0,4.1997027437901124e-05,0.0,312.5736083984375,0.7098451852798462,0.0258561372756958,-0.08015616238117218,0.19683489203453064,-0.15804468095302582,0.33045071363449097,0.31089940667152405,0.5477597117424011,-0.436332643032074,0.2870822846889496,-0.5344184637069702,-1.049742579460144,0.6088453531265259,-0.40026170015335083,0.48204201459884644,"[0.7098451852798462, 0.0258561372756958, -0.08015616238117218, 0.4350172281265259, 0.8186372518539429, 0.24337425827980042, -0.037543755024671555, -0.02144649252295494, -0.9990646839141846, 0.699999988079071, 0.0, 0.0, 0.19683489203453064, -0.15804468095302582, 0.33045071363449097, 0.31089940667152405, -3.5762786865234375e-07, -0.0363326370716095, -0.11291772127151489, -0.13441845774650574, -0.2497425675392151, -0.19115465879440308, 0.3997383117675781, -0.3179579973220825, -2.9495134353637695, -0.48497918248176575, -1.0726372003555298, -0.4542043209075928, -1.6957521438598633e-05, -2.909250259399414, -1.470571756362915, 0.7271137237548828, 0.08741626143455505, -2.874215841293335, 2.0192935466766357, -0.735809326171875, 0.1032213419675827, -0.3690870702266693, 0.13141168653964996, 0.07699903845787048, 1.7725499868392944, 0.18522724509239197, -0.2345118224620819, 0.3798777163028717, -0.6434884071350098, -0.8412659764289856, 1.381819486618042, -0.9251148700714111, 1.0, 1.0, 1.0, 1.0, 0.0, 1.0, 1.0, 1.0, 1.0, 1.0, 1.0, 1.0]"
482,0.0,0.0,0.0,0.0,0.0,0.0,3.7845962651772425e-05,0.0,281.67822265625,9.760895409272052e-06,0.0,72.64794921875,0.7477819919586182,0.028225170448422432,-0.16498567163944244,0.131923109292984,-0.17359954118728638,0.29754382371902466,0.29840198159217834,0.5477597713470459,-0.47145915031433105,0.25745072960853577,-0.5246747732162476,-1.082191824913025,0.5159493088722229,-0.33585324883461,0.47346630692481995,"[0.7477819919586182, 0.028225170448422432, -0.16498567163944244, 0.5719445943832397, 0.8491647839546204, 0.1618371158838272, -0.019084084779024124, -0.034158941358327866, -0.9992345571517944, 0.699999988079071, 0.0, 0.0, 0.131923109292984, -0.17359954118728638, 0.29754382371902466, 0.29840198159217834, -2.980232238769531e-07, -0.07145914435386658, -0.1425492763519287, -0.12467476725578308, -0.28219181299209595, -0.28405070304870605, 0.46414676308631897, -0.326533704996109, -3.1082348823547363, -0.7238734364509583, -0.10273361206054688, -0.5384349822998047, -6.556510925292969e-06, -0.8954975008964539, -0.7885379791259766, 0.2858133912086487, -2.339210033416748, -5.197358131408691, -1.5136122703552246, 0.035702649503946304, 0.21201525628566742, -0.7467876076698303, 0.3756721019744873, 0.2979605495929718, 1.8452588319778442, 0.4775415360927582, -0.4686878025531769, -0.7305941581726074, -0.997671365737915, -1.1262266635894775, 1.6523628234863281, -0.46584686636924744, 1.0, 1.0, 1.0, 1.0, 0.0, 1.0, 1.0, 1.0, 1.0, 1.0, 1.0, 1.0]"
483,0.0,0.0,0.0,0.0,0.0,0.0,3.437999475863762e-05,0.0,255.8818817138672,0.0,0.0,0.0,0.7035906910896301,0.061699092388153076,-0.131337508559227,0.08302641659975052,-0.17227530479431152,0.30460551381111145,0.3013441860675812,0.5477596521377563,-0.4585731327533722,0.30472323298454285,-0.5219686627388,-1.1497077941894531,0.4137316048145294,-0.373904287815094,0.5362030267715454,"[0.7035906910896301, 0.061699092388153076, -0.131337508559227, -0.47675809264183044, -0.11994913965463638, 0.08561645448207855, -0.017375756055116653, -0.025560013949871063, -0.9995223879814148, 0.699999988079071, 0.0, 0.0, 0.08302641659975052, -0.17227530479431152, 0.30460551381111145, 0.3013441860675812, -4.172325134277344e-07, -0.058573126792907715, -0.09527677297592163, -0.12196865677833557, -0.34970778226852417, -0.38626840710639954, 0.42609572410583496, -0.26379698514938354, -2.3445029258728027, -0.3106745183467865, 0.36166083812713623, 0.04136835038661957, -1.8149614334106445e-05, 1.2196711301803589, 1.587692379951477, -0.5306289196014404, -4.449086666107178, -4.630064964294434, -0.6633861064910889, 5.331490993499756, 0.37138521671295166, -0.628535807132721, 0.13987936079502106, 0.5236263871192932, 1.9300663471221924, 0.25281259417533875, -0.06716695427894592, -0.5398446321487427, -1.1972731351852417, -0.9659441709518433, 1.6034376621246338, -0.016551204025745392, 1.0, 1.0, 1.0, 1.0, 0.0, 1.0, 1.0, 1.0, 1.0, 1.0, 1.0, 1.0]"
484,0.0,0.0,0.0,1.249270553671522e-05,0.0,92.98015594482422,4.737076960736886e-05,0.0,352.5690612792969,0.0,0.0,0.0,0.6557807922363281,0.04702655225992203,-0.11137575656175613,0.04476917162537575,-0.17053009569644928,0.3118337094783783,0.3030872046947479,0.5477597713470459,-0.45234858989715576,0.32976147532463074,-0.5417879819869995,-1.234291672706604,0.4278019964694977,-0.3708801567554474,0.6349433064460754,"[0.6557807922363281, 0.04702655225992203, -0.11137575656175613, -0.4190497100353241, -0.3552667796611786, 0.09362916648387909, -0.023648085072636604, -0.015246457420289516, -0.9996041655540466, 0.699999988079071, 0.0, 0.0, 0.04476917162537575, -0.17053009569644928, 0.3118337094783783, 0.3030872046947479, -2.980232238769531e-07, -0.052348583936691284, -0.07023853063583374, -0.14178797602653503, -0.43429166078567505, -0.3721980154514313, 0.42911985516548157, -0.16505670547485352, -1.764407992362976, 0.3404529392719269, 0.28973862528800964, 0.0747256651520729, -1.96993350982666e-05, -0.26421216130256653, 1.4062952995300293, -1.0890802145004272, -3.9366848468780518, 2.71763014793396, 0.02398761361837387, 4.068589210510254, 0.4086138904094696, -0.4571767747402191, 0.3265589773654938, 0.4948809742927551, 2.067096471786499, 0.6078485250473022, 0.15590716898441315, -0.5838186740875244, -1.3377665281295776, -1.2240031957626343, 1.5742263793945312, 0.008372567594051361, 1.0, 1.0, 1.0, 1.0, 0.0, 1.0, 1.0, 1.0, 1.0, 1.0, 1.0, 1.0]"
485,0.0,0.0,0.0,5.5026299378369004e-05,0.0,409.5472717285156,3.448671486694366e-05,0.0,256.6761779785156,0.0,0.0,0.0,0.6742066740989685,0.009314492344856262,-0.051273033022880554,0.016782177612185478,-0.16892346739768982,0.31214189529418945,0.30228909850120544,0.5477597117424011,-0.4484638273715973,0.3526909351348877,-0.5655999779701233,-1.3104156255722046,0.46296846866607666,-0.3663458526134491,0.6971647143363953,"[0.6742066740989685, 0.009314492344856262, -0.051273033022880554, -0.05188123509287834, -0.19246913492679596, 0.08495059609413147, -0.028637181967496872, -0.012807637453079224, -0.9995082020759583, 0.699999988079071, 0.0, 0.0, 0.016782177612185478, -0.16892346739768982, 0.31214189529418945, 0.30228909850120544, -3.5762786865234375e-07, -0.04846382141113281, -0.04730907082557678, -0.1655999720096588, -0.5104156136512756, -0.3370315432548523, 0.43365415930747986, -0.10283529758453369, -1.016815423965454, 0.061290156096220016, 0.0070294588804244995, 0.022635089233517647, -1.800060272216797e-05, 0.36930152773857117, 1.1612986326217651, -1.2144649028778076, -3.7036805152893066, 1.3497064113616943, 0.15741901099681854, 2.4510035514831543, 0.4790020287036896, -0.6069484353065491, 0.43728116154670715, 0.5814770460128784, 2.2681236267089844, 0.5266356468200684, 0.026869118213653564, -0.8045002222061157, -1.441176414489746, -1.0196715593338013, 1.6095201969146729, -0.07979802042245865, 1.0, 1.0, 1.0, 1.0, 0.0, 1.0, 1.0, 1.0, 1.0, 1.0, 1.0, 1.0]"
486,0.0,0.0,0.0,4.145926141063683e-05,0.0,308.5711669921875,3.952100087190047e-05,0.0,294.1451416015625,0.0,0.0,0.0,0.6788038015365601,-0.0306145790964365,-0.024500813335180283,0.014668646268546581,-0.16539904475212097,0.3146766126155853,0.3080024719238281,0.5477596521377563,-0.4366384744644165,0.37078601121902466,-0.5921759009361267,-1.3708641529083252,0.4835265576839447,-0.3561265170574188,0.7214736342430115,"[0.6788038015365601, -0.0306145790964365, -0.024500813335180283, -0.20646438002586365, -0.17628198862075806, 0.03443630412220955, -0.03200117498636246, -0.009723330847918987, -0.9994401931762695, 0.699999988079071, 0.0, 0.0, 0.014668646268546581, -0.16539904475212097, 0.3146766126155853, 0.3080024719238281, -4.172325134277344e-07, -0.036638468503952026, -0.02921399474143982, -0.19217589497566223, -0.5708641409873962, -0.31647345423698425, 0.44387349486351013, -0.07852637767791748, 0.3702111840248108, 0.2550509572029114, 0.22701998054981232, 0.42902231216430664, -1.9669532775878906e-05, 0.5557365417480469, 0.8092738389968872, -1.4029088020324707, -2.561039686203003, 1.0602834224700928, 0.712824285030365, 0.6534489393234253, 0.49692395329475403, -0.545801043510437, 0.35644301772117615, 0.6044158935546875, 2.2980494499206543, 0.47746285796165466, 0.01952683925628662, -0.672264575958252, -1.4487180709838867, -1.1186175346374512, 1.6552128791809082, -0.10272613912820816, 1.0, 1.0, 1.0, 1.0, 0.0, 1.0, 1.0, 1.0, 1.0, 1.0, 1.0, 1.0]"
487,0.0,0.0,0.0,4.223838186590001e-05,0.0,314.36993408203125,4.155450369580649e-05,0.0,309.280029296875,0.0,0.0,0.0,0.6853097677230835,-0.05045875534415245,0.004347639158368111,0.030305707827210426,-0.16193342208862305,0.3176412880420685,0.3160778880119324,0.5477597117424011,-0.4203038513660431,0.3824537694454193,-0.62080317735672,-1.411195993423462,0.49905699491500854,-0.33376774191856384,0.7253120541572571,"[0.6853097677230835, -0.05045875534415245, 0.004347639158368111, -0.04297378659248352, -0.2406516969203949, 0.0029533375054597855, -0.03632053732872009, -0.007169676013290882, -0.9993142485618591, 0.699999988079071, 0.0, 0.0, 0.030305707827210426, -0.16193342208862305, 0.3176412880420685, 0.3160778880119324, -3.5762786865234375e-07, -0.020303845405578613, -0.017546236515045166, -0.2208031713962555, -0.611195981502533, -0.3009430170059204, 0.4662322700023651, -0.07468795776367188, 0.9386332035064697, 0.11138958483934402, 0.10132457315921783, 0.3375818133354187, -2.1070241928100586e-05, 0.8869472146034241, 0.5606086254119873, -1.352784276008606, -1.6442198753356934, 0.6781371831893921, 1.2141271829605103, -0.2701040804386139, 0.5569166541099548, -0.5825292468070984, 0.33187606930732727, 0.6111825704574585, 2.3754091262817383, 0.5425050258636475, -0.09340855479240417, -0.671027421951294, -1.4188278913497925, -1.1932374238967896, 1.7456313371658325, -0.19309350848197937, 1.0, 1.0, 1.0, 1.0, 0.0, 1.0, 1.0, 1.0, 1.0, 1.0, 1.0, 1.0]"
488,0.0,0.0,0.0,4.418821117724292e-05,0.0,328.882080078125,4.209327380522154e-05,0.0,313.2899475097656,0.0,0.0,0.0,0.7026816010475159,-0.0682811588048935,0.04960859939455986,0.05348629131913185,-0.16311556100845337,0.3158515691757202,0.31982582807540894,0.5477596521377563,-0.39493241906166077,0.38884788751602173,-0.6434987187385559,-1.432320475578308,0.5019646286964417,-0.30081596970558167,0.709003210067749,"[0.7026816010475159, -0.0682811588048935, 0.04960859939455986, 0.22248446941375732, -0.2695558965206146, -0.007838310673832893, -0.041487447917461395, -0.00994748156517744, -0.9990893602371216, 0.699999988079071, 0.0, 0.0, 0.05348629131913185, -0.16311556100845337, 0.3158515691757202, 0.31982582807540894, -4.172325134277344e-07, 0.005067586898803711, -0.011152118444442749, -0.24349871277809143, -0.6323204636573792, -0.2980353832244873, 0.4991840422153473, -0.09099680185317993, 1.3131444454193115, -0.1155129000544548, -0.1375233680009842, 0.12939202785491943, -2.136826515197754e-05, 1.3673210144042969, 0.27731776237487793, -0.9236528873443604, -0.653201699256897, -0.025086000561714172, 1.7567156553268433, -1.2572598457336426, 0.6390722990036011, -0.5894599556922913, 0.3112070858478546, 0.6005187034606934, 2.422086238861084, 0.5569623708724976, -0.20660695433616638, -0.5421380996704102, -1.3480688333511353, -1.2734955549240112, 1.828005075454712, -0.31156155467033386, 1.0, 1.0, 1.0, 1.0, 0.0, 1.0, 1.0, 1.0, 1.0, 1.0, 1.0, 1.0]"
489,0.0,0.0,0.0,4.0600447391625494e-05,0.0,302.1792297363281,4.157905277679674e-05,0.0,309.4627380371094,0.0,0.0,0.0,0.7257203459739685,-0.08571802079677582,0.09385652840137482,0.0861779972910881,-0.16725949943065643,0.3106951415538788,0.31997713446617126,0.5477597117424011,-0.3602769672870636,0.38776832818984985,-0.652684211730957,-1.4322620630264282,0.49085769057273865,-0.2541605532169342,0.6706992983818054,"[0.7257203459739685, -0.08571802079677582, 0.09385652840137482, 0.36700549721717834, -0.28599080443382263, -0.014212748035788536, -0.046957410871982574, -0.016517560929059982, -0.9987601637840271, 0.699999988079071, 0.0, 0.0, 0.0861779972910881, -0.16725949943065643, 0.3106951415538788, 0.31997713446617126, -3.5762786865234375e-07, 0.03972303867340088, -0.012231677770614624, -0.25268420577049255, -0.6322620511054993, -0.3091423213481903, 0.5458394289016724, -0.12930071353912354, 1.8370293378829956, -0.2267715334892273, -0.26587018370628357, -0.08766567707061768, -2.1785497665405273e-05, 1.8117395639419556, -0.15047705173492432, -0.061988577246665955, 0.6277207136154175, -0.6829732656478882, 2.540001392364502, -2.605412483215332, 0.7304423451423645, -0.6559150815010071, 0.3286627233028412, 0.5149949789047241, 2.418342113494873, 0.4987856447696686, -0.42403826117515564, -0.3642953634262085, -1.188250184059143, -1.3174364566802979, 1.9576125144958496, -0.517001211643219, 1.0, 1.0, 1.0, 1.0, 0.0, 1.0, 1.0, 1.0, 1.0, 1.0, 1.0, 1.0]"
490,0.0,0.0,0.0,2.6050334781757556e-05,0.0,193.8862762451172,3.775006553041749e-05,0.0,280.9645080566406,0.0,0.0,0.0,0.7423206567764282,-0.09228897839784622,0.11096285283565521,0.12911786139011383,-0.17298007011413574,0.3038770854473114,0.31213974952697754,0.5477597117424011,-0.31946292519569397,0.37587809562683105,-0.6390531063079834,-1.3951447010040283,0.47173070907592773,-0.1873229295015335,0.6033316254615784,"[0.7423206567764282, -0.09228897839784622, 0.11096285283565521, 0.3786330223083496, -0.3658469319343567, -0.031020130962133408, -0.05333096161484718, -0.024950390681624413, -0.9982650876045227, 0.699999988079071, 0.0, 0.0, 0.12911786139011383, -0.17298007011413574, 0.3038770854473114, 0.31213974952697754, -3.5762786865234375e-07, 0.08053708076477051, -0.024121910333633423, -0.23905310034751892, -0.5951446890830994, -0.3282693028450012, 0.6126770973205566, -0.19666838645935059, 2.3850526809692383, -0.24625426530838013, -0.2802264094352722, -0.600190281867981, -2.092123031616211e-05, 2.043494462966919, -0.7917823791503906, 1.310804843902588, 3.0426971912384033, -0.8742828369140625, 3.7691071033477783, -4.356631755828857, 0.7265707850456238, -0.5929576754570007, 0.5013206005096436, 0.32514920830726624, 2.123717784881592, 0.12078198790550232, -0.6652708053588867, 0.05089196562767029, -0.7776616215705872, -1.1271336078643799, 1.8675217628479004, -0.9159947633743286, 1.0, 1.0, 1.0, 1.0, 0.0, 1.0, 1.0, 1.0, 1.0, 1.0, 1.0, 1.0]"
491,0.0,0.0,0.0,0.0,0.0,0.0,0.0,0.0,0.0,0.0,0.0,0.0,0.7332918047904968,-0.08246196061372757,-0.013137226924300194,0.17887985706329346,-0.17908106744289398,0.2983150780200958,0.2887328863143921,0.5477597117424011,-0.2859734296798706,0.35377901792526245,-0.5932992100715637,-1.3064030408859253,0.4641905725002289,-0.13137072324752808,0.5024603009223938,"[0.7332918047904968, -0.08246196061372757, -0.013137226924300194, 0.4615137577056885, -0.3888925313949585, -0.01878773607313633, -0.06124997138977051, -0.03279619663953781, -0.9975836873054504, 0.699999988079071, 0.0, 0.0, 0.17887985706329346, -0.17908106744289398, 0.2983150780200958, 0.2887328863143921, -3.5762786865234375e-07, 0.11402657628059387, -0.046220988035202026, -0.19329920411109924, -0.5064030289649963, -0.3358094394207001, 0.6686292886734009, -0.29753971099853516, 2.3598148822784424, -0.3965936601161957, -0.249989852309227, -1.616442322731018, -1.704692840576172e-05, 1.1694990396499634, -0.9534187316894531, 2.837177038192749, 5.186851978302002, -0.07368921488523483, -0.6002053022384644, -5.097930908203125, 0.20913711190223694, 0.0780835673213005, 0.8723841309547424, 0.04611900448799133, 1.586239218711853, -0.7885119915008545, -0.4910474717617035, 0.6593441963195801, -0.21369175612926483, -0.23726171255111694, 0.8069131970405579, -1.067238688468933, 1.0, 1.0, 1.0, 1.0, 0.0, 1.0, 1.0, 1.0, 1.0, 1.0, 1.0, 1.0]"
492,0.0,0.0,0.0,0.0,0.0,0.0,0.0,0.0,0.0,6.037504499545321e-05,0.0,449.356689453125,0.6691356301307678,-0.09600598365068436,-0.05412479117512703,0.23439279198646545,-0.16839198768138885,0.3184976279735565,0.29935726523399353,0.5477597713470459,-0.3077724575996399,0.32512712478637695,-0.5808840990066528,-1.1936951875686646,0.5422473549842834,-0.217469722032547,0.5176265239715576,"[0.6691356301307678, -0.09600598365068436, -0.05412479117512703, -0.6460757851600647, 0.13823950290679932, 0.029050488024950027, -0.06166716665029526, -0.02476082183420658, -0.9977896809577942, 0.699999988079071, 0.0, 0.0, 0.23439279198646545, -0.16839198768138885, 0.3184976279735565, 0.29935726523399353, -2.980232238769531e-07, 0.09222754836082458, -0.07487288117408752, -0.18088409304618835, -0.3936951756477356, -0.2577526569366455, 0.5825302600860596, -0.28237348794937134, 2.3866045475006104, 0.8683556914329529, 1.3870264291763306, 0.7396854162216187, -1.9282102584838867e-05, -2.1953864097595215, -1.7383124828338623, 0.906010091304779, 5.79423713684082, 5.463581085205078, -4.429226398468018, -0.01988181471824646, 0.05252629518508911, -0.14532044529914856, 0.785588800907135, -0.1854495406150818, 1.671441674232483, -0.588320255279541, -0.13549146056175232, 0.7169977426528931, -0.1443547159433365, 0.07153405994176865, 0.2136184275150299, -1.1017587184906006, 1.0, 1.0, 1.0, 1.0, 0.0, 1.0, 1.0, 1.0, 1.0, 1.0, 1.0, 1.0]"
493,0.0,0.0,0.0,0.0,0.0,0.0,0.0,0.0,0.0,6.105549255153164e-05,0.0,454.42108154296875,0.6848329305648804,-0.04308600723743439,-0.0485316663980484,0.24846987426280975,-0.15469467639923096,0.34299755096435547,0.31003522872924805,0.5477597117424011,-0.3684332072734833,0.29682180285453796,-0.5606106519699097,-1.093525767326355,0.6269938945770264,-0.33741292357444763,0.5060398578643799,"[0.6848329305648804, -0.04308600723743439, -0.0485316663980484, -0.20215478539466858, 0.5580490231513977, 0.1344728022813797, -0.053530044853687286, -0.015451905317604542, -0.9984463453292847, 0.699999988079071, 0.0, 0.0, 0.24846987426280975, -0.15469467639923096, 0.34299755096435547, 0.31003522872924805, -3.5762786865234375e-07, 0.0315667986869812, -0.10317820310592651, -0.1606106460094452, -0.293525755405426, -0.1730061173439026, 0.4625870883464813, -0.2939601540565491, -0.4795320928096771, 0.3684767484664917, 0.8465985059738159, 0.22713685035705566, -1.5556812286376953e-05, -3.290935516357422, -1.1047717332839966, 0.9993187785148621, 4.233815670013428, 2.8505356311798096, -6.76583194732666, -0.8081116676330566, -0.022581664845347404, -0.17473390698432922, 0.41136762499809265, 0.08924472332000732, 1.5819154977798462, -0.5561205148696899, -0.03559762239456177, 0.868788480758667, -0.20797179639339447, -0.27485451102256775, 0.4523770213127136, -0.9611179828643799, 1.0, 1.0, 1.0, 1.0, 0.0, 1.0, 1.0, 1.0, 1.0, 1.0, 1.0, 1.0]"
494,0.0,0.0,0.0,0.0,0.0,0.0,0.0,0.0,0.0,4.5048636820865795e-05,0.0,335.2860107421875,0.7130645513534546,0.017855197191238403,-0.07169964164495468,0.20716753602027893,-0.158293679356575,0.3377802073955536,0.3060475289821625,0.5477597117424011,-0.43238964676856995,0.2740129232406616,-0.5424524545669556,-1.0498863458633423,0.6271241307258606,-0.3942778408527374,0.48898789286613464,"[0.7130645513534546, 0.017855197191238403, -0.07169964164495468, 0.42062196135520935, 0.8368294835090637, 0.23134134709835052, -0.038963839411735535, -0.019987866282463074, -0.9990404844284058, 0.699999988079071, 0.0, 0.0, 0.20716753602027893, -0.158293679356575, 0.3377802073955536, 0.3060475289821625, -3.5762786865234375e-07, -0.03238964080810547, -0.12598708271980286, -0.1424524486064911, -0.24988633394241333, -0.17287588119506836, 0.40572217106819153, -0.3110121190547943, -2.745290517807007, -0.40587952733039856, -0.9527726769447327, -0.4359114170074463, -1.6510486602783203e-05, -2.8555448055267334, -1.3799890279769897, 0.7666501402854919, 0.5340473651885986, -2.3352739810943604, 0.898367702960968, -0.8169814348220825, 0.09485207498073578, -0.34621623158454895, 0.11238165199756622, 0.09842923283576965, 1.7478598356246948, 0.0674874484539032, -0.20695725083351135, 0.4957188665866852, -0.5980913639068604, -0.7792749404907227, 1.2922136783599854, -1.0059884786605835, 1.0, 1.0, 1.0, 1.0, 0.0, 1.0, 1.0, 1.0, 1.0, 1.0, 1.0, 1.0]"
495,0.0,0.0,0.0,0.0,0.0,0.0,2.8136131732026115e-05,0.0,209.41033935546875,1.4743056453880854e-05,0.0,109.72896575927734,0.7532583475112915,0.03171942010521889,-0.15003103017807007,0.14419390261173248,-0.1726369857788086,0.3025919198989868,0.2936185598373413,0.5477597117424011,-0.46903568506240845,0.2461453676223755,-0.5303236842155457,-1.0772775411605835,0.538882851600647,-0.33393436670303345,0.47567230463027954,"[0.7532583475112915, 0.03171942010521889, -0.15003103017807007, 0.620403528213501, 0.9404999017715454, 0.18947409093379974, -0.019705621525645256, -0.032577089965343475, -0.9992749691009521, 0.699999988079071, 0.0, 0.0, 0.14419390261173248, -0.1726369857788086, 0.3025919198989868, 0.2936185598373413, -3.5762786865234375e-07, -0.06903567910194397, -0.153854638338089, -0.13032367825508118, -0.27727752923965454, -0.261117160320282, 0.4660656452178955, -0.3243277072906494, -3.108750820159912, -0.7237006425857544, -0.7002686262130737, -0.6039300560951233, 6.794929504394531e-06, -1.020354151725769, -0.9035242199897766, 0.4198647141456604, -2.289778709411621, -5.359232425689697, -2.3513450622558594, -0.3183397948741913, 0.1679968684911728, -0.6673093438148499, 0.3830849230289459, 0.2304835021495819, 1.828283429145813, 0.48374924063682556, -0.4730394780635834, -0.6306415796279907, -0.9869999885559082, -1.1556954383850098, 1.6960580348968506, -0.552384614944458, 1.0, 1.0, 1.0, 1.0, 0.0, 1.0, 1.0, 1.0, 1.0, 1.0, 1.0, 1.0]"
496,0.0,0.0,0.0,0.0,0.0,0.0,1.837575291574467e-05,0.0,136.7662353515625,0.0,0.0,0.0,0.7120184898376465,0.05939728394150734,-0.11560385674238205,0.09308420866727829,-0.16967955231666565,0.3073175549507141,0.2950728237628937,0.5477596521377563,-0.4575861990451813,0.2913091778755188,-0.5217539072036743,-1.143194317817688,0.4282984435558319,-0.37324151396751404,0.5214624404907227,"[0.7120184898376465, 0.05939728394150734, -0.11560385674238205, -0.33425360918045044, -0.04272390156984329, 0.10812459886074066, -0.01638244092464447, -0.0252077616751194, -0.9995479583740234, 0.699999988079071, 0.0, 0.0, 0.09308420866727829, -0.16967955231666565, 0.3073175549507141, 0.2950728237628937, -4.172325134277344e-07, -0.0575861930847168, -0.10869082808494568, -0.12175390124320984, -0.34319430589675903, -0.37170156836509705, 0.4267584979534149, -0.2785375714302063, -2.6167666912078857, -0.30007216334342957, 0.2181883156299591, -0.1522330343723297, -1.823902130126953e-05, 1.166488528251648, 1.5436874628067017, -0.26603442430496216, -4.414083480834961, -5.10304069519043, -0.7485690712928772, 4.947988033294678, 0.3699272572994232, -0.7134876847267151, 0.1259952336549759, 0.5306714773178101, 1.891387701034546, 0.21737053990364075, -0.0821799635887146, -0.5892013311386108, -1.173903465270996, -0.9698618650436401, 1.5923879146575928, -0.053711600601673126, 1.0, 1.0, 1.0, 1.0, 0.0, 1.0, 1.0, 1.0, 1.0, 1.0, 1.0, 1.0]"
497,0.0,0.0,0.0,2.256359948660247e-05,0.0,167.93536376953125,4.268721386324614e-05,0.0,317.71051025390625,0.0,0.0,0.0,0.6544788479804993,0.04671420156955719,-0.11486980319023132,0.05117042362689972,-0.17206482589244843,0.31369248032569885,0.29523134231567383,0.5477597117424011,-0.44854816794395447,0.3171881139278412,-0.5385962128639221,-1.22698175907135,0.42489415407180786,-0.3723180294036865,0.6220532655715942,"[0.6544788479804993, 0.04671420156955719, -0.11486980319023132, -0.4548814296722412, -0.3433462083339691, 0.10040856897830963, -0.022160787135362625, -0.015601655468344688, -0.9996329545974731, 0.699999988079071, 0.0, 0.0, 0.05117042362689972, -0.17206482589244843, 0.31369248032569885, 0.29523134231567383, -3.5762786865234375e-07, -0.04854816198348999, -0.08281189203262329, -0.13859620690345764, -0.42698174715042114, -0.3751058578491211, 0.42768198251724243, -0.17794674634933472, -1.8470432758331299, 0.3664737045764923, 0.3174607753753662, 0.11007726192474365, -1.609325408935547e-05, -0.4155051112174988, 1.3165844678878784, -1.0134130716323853, -3.958148241043091, 2.8423571586608887, 0.11783821880817413, 4.2372283935546875, 0.3957217037677765, -0.4554029107093811, 0.3576371967792511, 0.4995605945587158, 2.066488742828369, 0.5586223602294922, 0.14638680219650269, -0.5473494529724121, -1.3240164518356323, -1.2201874256134033, 1.5629189014434814, 0.03417115658521652, 1.0, 1.0, 1.0, 1.0, 0.0, 1.0, 1.0, 1.0, 1.0, 1.0, 1.0, 1.0]"
498,0.0,0.0,0.0,5.623215838568285e-05,0.0,418.522216796875,3.4880140447057784e-05,0.0,259.6043701171875,0.0,0.0,0.0,0.6705751419067383,0.011048268526792526,-0.05929103493690491,0.021970830857753754,-0.16885386407375336,0.3155056834220886,0.2967589795589447,0.5477597117424011,-0.4472581744194031,0.3404102325439453,-0.5616157650947571,-1.3038058280944824,0.464611679315567,-0.367847740650177,0.6900184154510498,"[0.6705751419067383, 0.011048268526792526, -0.05929103493690491, -0.11373116075992584, -0.20992441475391388, 0.08846184611320496, -0.027465663850307465, -0.011430862359702587, -0.9995570778846741, 0.699999988079071, 0.0, 0.0, 0.021970830857753754, -0.16885386407375336, 0.3155056834220886, 0.2967589795589447, -3.5762786865234375e-07, -0.0472581684589386, -0.059589773416519165, -0.1616157591342926, -0.5038058161735535, -0.33538833260536194, 0.43215227127075195, -0.10998159646987915, -1.1323447227478027, 0.10632756352424622, 0.055403970181941986, 0.126750648021698, -1.633167266845703e-05, 0.2579159140586853, 1.1872758865356445, -1.1978037357330322, -3.757690906524658, 1.5721548795700073, 0.13695666193962097, 2.814723014831543, 0.4667404890060425, -0.6173069477081299, 0.4409960210323334, 0.5830780267715454, 2.2561779022216797, 0.5521742105484009, 0.03664284944534302, -0.8215538263320923, -1.4371228218078613, -1.0064908266067505, 1.6177351474761963, -0.08276740461587906, 1.0, 1.0, 1.0, 1.0, 0.0, 1.0, 1.0, 1.0, 1.0, 1.0, 1.0, 1.0]"
499,0.0,0.0,0.0,4.449792322702706e-05,0.0,331.1871643066406,3.9396716601913795e-05,0.0,293.2201232910156,0.0,0.0,0.0,0.6769253611564636,-0.028738923370838165,-0.02811197191476822,0.016257833689451218,-0.16497071087360382,0.31838467717170715,0.30396926403045654,0.5477597117424011,-0.43641459941864014,0.3595835566520691,-0.5878505706787109,-1.3663125038146973,0.48706305027008057,-0.3591424524784088,0.7177071571350098,"[0.6769253611564636, -0.028738923370838165, -0.02811197191476822, -0.21264968812465668, -0.1791680008172989, 0.03649591654539108, -0.031046103686094284, -0.0078684501349926, -0.999487042427063, 0.699999988079071, 0.0, 0.0, 0.016257833689451218, -0.16497071087360382, 0.31838467717170715, 0.30396926403045654, -3.5762786865234375e-07, -0.03641459345817566, -0.040416449308395386, -0.18785056471824646, -0.5663124918937683, -0.3129369616508484, 0.44085755944252014, -0.08229285478591919, 0.1694236844778061, 0.24276922643184662, 0.22788316011428833, 0.49532032012939453, -1.749396324157715e-05, 0.49274370074272156, 0.8720763325691223, -1.3887608051300049, -2.697200298309326, 1.190027117729187, 0.6112611293792725, 0.6773671507835388, 0.49312660098075867, -0.5289064049720764, 0.35799750685691833, 0.6077737808227539, 2.2905478477478027, 0.49890491366386414, 0.028971374034881592, -0.6752346754074097, -1.4547497034072876, -1.1177101135253906, 1.6432609558105469, -0.11084387451410294, 1.0, 1.0, 1.0, 1.0, 0.0, 1.0, 1.0, 1.0, 1.0, 1.0, 1.0, 1.0]"
500,0.0,0.0,0.0,4.457249815459363e-05,0.0,331.7422180175781,4.131907917326316e-05,0.0,307.5278015136719,0.0,0.0,0.0,0.6837794780731201,-0.05088753625750542,0.001671455567702651,0.028804991394281387,-0.16118301451206207,0.3216937184333801,0.314062237739563,0.5477596521377563,-0.4204569160938263,0.3725232779979706,-0.6168293356895447,-1.4092400074005127,0.5031803846359253,-0.33894598484039307,0.7218309640884399,"[0.6837794780731201, -0.05088753625750542, 0.001671455567702651, -0.05848665535449982, -0.2354433536529541, 0.0025227046571671963, -0.03535120189189911, -0.004946763627231121, -0.9993627071380615, 0.699999988079071, 0.0, 0.0, 0.028804991394281387, -0.16118301451206207, 0.3216937184333801, 0.314062237739563, -4.172325134277344e-07, -0.020456910133361816, -0.027476727962493896, -0.2168293297290802, -0.6092399954795837, -0.29681962728500366, 0.4610540270805359, -0.07816904783248901, 0.7982361912727356, 0.11310195922851562, 0.11635340005159378, 0.44641101360321045, -1.8805265426635742e-05, 0.8311108946800232, 0.625806450843811, -1.390573501586914, -1.7626054286956787, 0.7763581275939941, 1.0954856872558594, -0.24840188026428223, 0.5477995276451111, -0.5695109963417053, 0.33441224694252014, 0.609787106513977, 2.3742494583129883, 0.5487816333770752, -0.0803007185459137, -0.6755574941635132, -1.426062822341919, -1.1853535175323486, 1.7378431558609009, -0.19723418354988098, 1.0, 1.0, 1.0, 1.0, 0.0, 1.0, 1.0, 1.0, 1.0, 1.0, 1.0, 1.0]"
501,0.0,0.0,0.0,4.619144965545274e-05,0.0,343.7916564941406,4.2055118683492765e-05,0.0,313.0059814453125,0.0,0.0,0.0,0.7010543346405029,-0.06914320588111877,0.04654465615749359,0.04964520409703255,-0.162042498588562,0.3202977478504181,0.31981536746025085,0.5477596521377563,-0.3954455852508545,0.3804279565811157,-0.6405062675476074,-1.4324190616607666,0.5066056251525879,-0.3085927665233612,0.7057286500930786,"[0.7010543346405029, -0.06914320588111877, 0.04654465615749359, 0.21562251448631287, -0.2660120129585266, -0.010537499561905861, -0.0404696948826313, -0.007372006773948669, -0.9991536736488342, 0.699999988079071, 0.0, 0.0, 0.04964520409703255, -0.162042498588562, 0.3202977478504181, 0.31981536746025085, -4.172325134277344e-07, 0.004554420709609985, -0.019572049379348755, -0.24050626158714294, -0.6324190497398376, -0.29339438676834106, 0.49140724539756775, -0.09427136182785034, 1.1897646188735962, -0.12166771292686462, -0.1294122189283371, 0.21166838705539703, -1.9669532775878906e-05, 1.3163951635360718, 0.3625539243221283, -0.9815006852149963, -0.7641292810440063, 0.07098248600959778, 1.6093430519104004, -1.228181004524231, 0.6233180165290833, -0.5633165836334229, 0.3123956024646759, 0.5984084606170654, 2.418240547180176, 0.5608748197555542, -0.18316945433616638, -0.5455113649368286, -1.361615538597107, -1.2680927515029907, 1.8158857822418213, -0.3102450370788574, 1.0, 1.0, 1.0, 1.0, 0.0, 1.0, 1.0, 1.0, 1.0, 1.0, 1.0, 1.0]"
502,0.0,0.0,0.0,4.2920892155962065e-05,0.0,319.4497375488281,4.168059240328148e-05,0.0,310.2184753417969,0.0,0.0,0.0,0.724051833152771,-0.08703543990850449,0.09056746959686279,0.08004842698574066,-0.16611039638519287,0.3153163194656372,0.3213096559047699,0.5477596521377563,-0.3611288368701935,0.3813629448413849,-0.6510449647903442,-1.4351788759231567,0.49607187509536743,-0.26528245210647583,0.6692273616790771,"[0.724051833152771, -0.08703543990850449, 0.09056746959686279, 0.3700486421585083, -0.2837841510772705, -0.017051242291927338, -0.04593393951654434, -0.013831586576998234, -0.9988489151000977, 0.699999988079071, 0.0, 0.0, 0.08004842698574066, -0.16611039638519287, 0.3153163194656372, 0.3213096559047699, -4.172325134277344e-07, 0.038871169090270996, -0.01863706111907959, -0.25104495882987976, -0.6351788640022278, -0.3039281368255615, 0.5347175598144531, -0.1307726502418518, 1.715134859085083, -0.2386007308959961, -0.2664167284965515, -0.031294528394937515, -1.9997358322143555e-05, 1.7637463808059692, -0.035990092903375626, -0.14206109941005707, 0.4419516623020172, -0.5925018191337585, 2.349355697631836, -2.4652981758117676, 0.7076146006584167, -0.6267172694206238, 0.328393816947937, 0.5171185731887817, 2.426699161529541, 0.5072251558303833, -0.3862617611885071, -0.383078396320343, -1.2181349992752075, -1.3198983669281006, 1.943227767944336, -0.49817246198654175, 1.0, 1.0, 1.0, 1.0, 0.0, 1.0, 1.0, 1.0, 1.0, 1.0, 1.0, 1.0]"
503,0.0,0.0,0.0,2.9886345146223903e-05,0.0,222.436767578125,3.914400440407917e-05,0.0,291.3392333984375,0.0,0.0,0.0,0.7421489953994751,-0.09471255540847778,0.1122928038239479,0.120694100856781,-0.17198358476161957,0.30839842557907104,0.3145914077758789,0.5477596521377563,-0.3201558291912079,0.372323215007782,-0.6396222114562988,-1.4033937454223633,0.476643443107605,-0.20324021577835083,0.6054052710533142,"[0.7421489953994751, -0.09471255540847778, 0.1122928038239479, 0.4129691421985626, -0.3570989966392517, -0.03388284146785736, -0.05224217101931572, -0.022455940023064613, -0.9983820915222168, 0.699999988079071, 0.0, 0.0, 0.120694100856781, -0.17198358476161957, 0.30839842557907104, 0.3145914077758789, -4.172325134277344e-07, 0.07984417676925659, -0.027676790952682495, -0.23962220549583435, -0.6033937335014343, -0.323356568813324, 0.5967597961425781, -0.19459474086761475, 2.255157947540283, -0.28026479482650757, -0.3087071180343628, -0.5519390106201172, -2.0235776901245117e-05, 2.054408073425293, -0.6174936294555664, 1.1676225662231445, 2.7111198902130127, -0.9039118885993958, 3.472369909286499, -4.154174327850342, 0.7459025979042053, -0.6267524361610413, 0.42617401480674744, 0.35926881432533264, 2.211667537689209, 0.21649613976478577, -0.6222884654998779, -0.02517235279083252, -0.847102165222168, -1.17975914478302, 1.9447280168533325, -0.87720787525177, 1.0, 1.0, 1.0, 1.0, 0.0, 1.0, 1.0, 1.0, 1.0, 1.0, 1.0, 1.0]"
504,0.0,0.0,0.0,1.226576841872884e-06,0.0,9.129110336303711,0.0,0.0,0.0,0.0,0.0,0.0,0.7367697954177856,-0.08544924855232239,0.02024826966226101,0.1693924367427826,-0.17787997424602509,0.30231404304504395,0.2936905324459076,0.5477596521377563,-0.2834149897098541,0.3528035581111908,-0.5969876646995544,-1.3199102878570557,0.4663892388343811,-0.1312854140996933,0.5081016421318054,"[0.7367697954177856, -0.08544924855232239, 0.02024826966226101, 0.4030214846134186, -0.4475241005420685, -0.022601883858442307, -0.06064142659306526, -0.030317170545458794, -0.9976989030838013, 0.699999988079071, 0.0, 0.0, 0.1693924367427826, -0.17787997424602509, 0.30231404304504395, 0.2936905324459076, -4.172325134277344e-07, 0.11658501625061035, -0.04719644784927368, -0.19698765873908997, -0.5199102759361267, -0.33361077308654785, 0.6687145829200745, -0.29189836978912354, 2.399505615234375, -0.3266327679157257, -0.29355937242507935, -1.4231725931167603, -1.582503318786621e-05, 1.4669029712677002, -0.8963909149169922, 2.72568416595459, 5.046079635620117, -0.09296595305204391, 1.8207926750183105, -5.127259254455566, 0.2797897458076477, -0.014859740622341633, 0.8034538626670837, 0.09541916847229004, 1.6412476301193237, -0.7217788696289062, -0.5188912153244019, 0.6388592720031738, -0.2716527581214905, -0.32784608006477356, 0.9826752543449402, -1.098181962966919, 1.0, 1.0, 1.0, 1.0, 0.0, 1.0, 1.0, 1.0, 1.0, 1.0, 1.0, 1.0]"
505,0.0,0.0,0.0,0.0,0.0,0.0,0.0,0.0,0.0,5.968815821688622e-05,0.0,444.244384765625,0.6761990785598755,-0.09547775238752365,-0.0300326868891716,0.22502079606056213,-0.17034666240215302,0.3172549605369568,0.30254119634628296,0.5477597713470459,-0.2967783808708191,0.3303689658641815,-0.579336941242218,-1.2087737321853638,0.5283547043800354,-0.20961762964725494,0.5171261429786682,"[0.6761990785598755, -0.09547775238752365, -0.0300326868891716, -0.614980936050415, 0.1061822697520256, 0.022077016532421112, -0.0621839314699173, -0.02398788556456566, -0.9977763891220093, 0.699999988079071, 0.0, 0.0, 0.22502079606056213, -0.17034666240215302, 0.3172549605369568, 0.30254119634628296, -2.980232238769531e-07, 0.10322162508964539, -0.06963104009628296, -0.17933693528175354, -0.4087737202644348, -0.27164530754089355, 0.5903823971748352, -0.28287386894226074, 2.55169415473938, 0.7062280774116516, 1.190769076347351, 0.7003579139709473, -1.901388168334961e-05, -1.9019379615783691, -1.4038140773773193, 0.9965556263923645, 5.756659030914307, 5.152860164642334, -5.010101795196533, -0.09739996492862701, 0.05429273843765259, -0.06661132723093033, 0.9130982756614685, -0.1930798590183258, 1.624991774559021, -0.6651407480239868, -0.21715477108955383, 0.7032889127731323, -0.14103828370571136, 0.06964906305074692, 0.176304429769516, -1.027815580368042, 1.0, 1.0, 1.0, 1.0, 0.0, 1.0, 1.0, 1.0, 1.0, 1.0, 1.0, 1.0]"
506,0.0,0.0,0.0,0.0,0.0,0.0,0.0,0.0,0.0,5.795667311758734e-05,0.0,431.3573303222656,0.6796632409095764,-0.054050616919994354,-0.03401052951812744,0.24755990505218506,-0.15498217940330505,0.34373739361763,0.31579145789146423,0.5477597117424011,-0.3564956486225128,0.30200931429862976,-0.5561731457710266,-1.104256510734558,0.6217353343963623,-0.3219696879386902,0.502077043056488,"[0.6796632409095764, -0.054050616919994354, -0.03401052951812744, -0.3864336907863617, 0.5064736008644104, 0.11951181292533875, -0.05488438159227371, -0.011953487992286682, -0.9984214305877686, 0.699999988079071, 0.0, 0.0, 0.24755990505218506, -0.15498217940330505, 0.34373739361763, 0.31579145789146423, -3.5762786865234375e-07, 0.04350435733795166, -0.09799069166183472, -0.15617313981056213, -0.30425649881362915, -0.17826467752456665, 0.47803032398223877, -0.2979229688644409, -0.007216684520244598, 0.5589054226875305, 1.0876100063323975, 0.4187447726726532, -1.481175422668457e-05, -3.337451457977295, -1.1689571142196655, 1.13796865940094, 4.59218168258667, 3.3800313472747803, -6.4858198165893555, -0.9534187316894531, -0.02279677800834179, -0.1906399428844452, 0.41169092059135437, 0.0691346824169159, 1.6138406991958618, -0.5719321966171265, -0.0052454471588134766, 0.8731287717819214, -0.1888996660709381, -0.21160802245140076, 0.3968697190284729, -0.9858259558677673, 1.0, 1.0, 1.0, 1.0, 0.0, 1.0, 1.0, 1.0, 1.0, 1.0, 1.0, 1.0]"
507,0.0,0.0,0.0,0.0,0.0,0.0,0.0,0.0,0.0,4.71130151709076e-05,0.0,350.6506652832031,0.7057567834854126,0.011689191684126854,-0.0572526790201664,0.2109484076499939,-0.1570369452238083,0.3426285684108734,0.31339386105537415,0.5477597117424011,-0.42353588342666626,0.2815532982349396,-0.5365961194038391,-1.0516043901443481,0.6337579488754272,-0.4002060890197754,0.4841269254684448,"[0.7057567834854126, 0.011689191684126854, -0.0572526790201664, 0.39715197682380676, 0.7808927893638611, 0.22525310516357422, -0.041402094066143036, -0.01493629440665245, -0.9990308880805969, 0.699999988079071, 0.0, 0.0, 0.2109484076499939, -0.1570369452238083, 0.3426285684108734, 0.31339386105537415, -3.5762786865234375e-07, -0.023535877466201782, -0.1184467077255249, -0.13659611344337463, -0.2516043782234192, -0.1662420630455017, 0.39979392290115356, -0.31587308645248413, -2.646998643875122, -0.409269243478775, -0.8105623126029968, -0.405435711145401, -1.564621925354004e-05, -3.0999133586883545, -1.2531691789627075, 0.8142138123512268, 1.0559790134429932, -1.569249153137207, -0.16627143323421478, -0.8243497610092163, 0.07142594456672668, -0.31509196758270264, 0.14388637244701385, 0.10257098078727722, 1.7001782655715942, -0.03969445824623108, -0.17953833937644958, 0.5889236927032471, -0.5364818572998047, -0.7008411884307861, 1.1751083135604858, -1.0272541046142578, 1.0, 1.0, 1.0, 1.0, 0.0, 1.0, 1.0, 1.0, 1.0, 1.0, 1.0, 1.0]"
508,0.0,0.0,0.0,0.0,0.0,0.0,0.0,0.0,0.0,1.8207776520284824e-05,0.0,135.51602172851562,0.7449284195899963,0.048377085477113724,-0.14450867474079132,0.14799091219902039,-0.17150932550430298,0.30695053935050964,0.30120426416397095,0.5477597117424011,-0.4667154848575592,0.254546582698822,-0.5226389169692993,-1.0708084106445312,0.555407702922821,-0.3394217789173126,0.46864473819732666,"[0.7449284195899963, 0.048377085477113724, -0.14450867474079132, 0.7793483138084412, 1.0015873908996582, 0.22517848014831543, -0.022882506251335144, -0.02724863961338997, -0.9993667602539062, 0.699999988079071, 0.0, 0.0, 0.14799091219902039, -0.17150932550430298, 0.30695053935050964, 0.30120426416397095, -3.5762786865234375e-07, -0.06671547889709473, -0.14545342326164246, -0.12263891100883484, -0.2708083987236023, -0.2445923089981079, 0.46057823300361633, -0.3313552737236023, -3.3258731365203857, -0.9391010403633118, -2.276109457015991, -0.7931309938430786, -1.6897916793823242e-05, -1.4084850549697876, -1.4357153177261353, 0.4489692151546478, -2.184577703475952, -5.316755771636963, 4.51009464263916, -0.4801320731639862, 0.13070893287658691, -0.5767740607261658, 0.3912822902202606, 0.1655045449733734, 1.8203433752059937, 0.4867546856403351, -0.43814322352409363, -0.5079442858695984, -0.9456283450126648, -1.1375834941864014, 1.700728416442871, -0.6031270027160645, 1.0, 1.0, 1.0, 1.0, 0.0, 1.0, 1.0, 1.0, 1.0, 1.0, 1.0, 1.0]"
509,0.0,0.0,0.0,0.0,0.0,0.0,3.3827532206487376e-06,0.0,25.177005767822266,0.0,0.0,0.0,0.7286381721496582,0.050573740154504776,-0.10446944832801819,0.09423965215682983,-0.1724211424589157,0.30282947421073914,0.29894259572029114,0.5477597117424011,-0.4625062942504883,0.2902408838272095,-0.5145163536071777,-1.1275825500488281,0.44205671548843384,-0.36885881423950195,0.5016117095947266,"[0.7286381721496582, 0.050573740154504776, -0.10446944832801819, -0.42444172501564026, 0.02198582887649536, 0.1480485498905182, -0.01499258168041706, -0.026019684970378876, -0.9995492100715637, 0.699999988079071, 0.0, 0.0, 0.09423965215682983, -0.1724211424589157, 0.30282947421073914, 0.29894259572029114, -3.5762786865234375e-07, -0.0625062882900238, -0.109759122133255, -0.11451634764671326, -0.32758253812789917, -0.3579432964324951, 0.431141197681427, -0.2983883023262024, -2.4814090728759766, 0.09579572826623917, 0.005838066339492798, 0.035672180354595184, -1.9729137420654297e-05, 0.9536508917808533, 2.327876091003418, 0.05938646197319031, -3.2803030014038086, -5.177489280700684, 3.6862564086914062, 3.933305501937866, 0.2971257269382477, -0.8239083290100098, 0.13762988150119781, 0.4362226724624634, 1.8636502027511597, 0.21249619126319885, -0.4981268346309662, -0.6912157535552979, -0.9574824571609497, -1.0318281650543213, 1.6429896354675293, -0.23328730463981628, 1.0, 1.0, 1.0, 1.0, 0.0, 1.0, 1.0, 1.0, 1.0, 1.0, 1.0, 1.0]"
510,0.0,0.0,0.0,8.497558883391321e-05,0.0,632.4525756835938,5.1751452701864764e-05,0.0,385.17340087890625,0.0,0.0,0.0,0.6586107611656189,0.05394405499100685,-0.10425978899002075,0.05063260346651077,-0.17657655477523804,0.3085552453994751,0.29448506236076355,0.5477596521377563,-0.4371855556964874,0.32283928990364075,-0.5291921496391296,-1.1870102882385254,0.4031471312046051,-0.38159534335136414,0.5903578996658325,"[0.6586107611656189, 0.05394405499100685, -0.10425978899002075, -0.21265703439712524, -0.24443349242210388, 0.05312974005937576, -0.019321929663419724, -0.01815752498805523, -0.99964839220047, 0.699999988079071, 0.0, 0.0, 0.05063260346651077, -0.17657655477523804, 0.3085552453994751, 0.29448506236076355, -4.172325134277344e-07, -0.03718554973602295, -0.07716071605682373, -0.12919214367866516, -0.38701027631759644, -0.39685288071632385, 0.4184046685695648, -0.20964211225509644, -2.172299385070801, 0.06592607498168945, 0.12057683616876602, -0.3154228925704956, -4.559755325317383e-06, 0.12685498595237732, 1.4034714698791504, -1.008892297744751, -2.6639742851257324, 0.5411081314086914, -0.23515300452709198, 3.6912596225738525, 0.48021629452705383, -0.5185543894767761, 0.26490628719329834, 0.5237738490104675, 2.101304531097412, 0.6000796556472778, 0.04947417974472046, -0.4641028940677643, -1.0740689039230347, -1.2958695888519287, 1.6020548343658447, -0.06633356958627701, 1.0, 1.0, 1.0, 1.0, 0.0, 1.0, 1.0, 1.0, 1.0, 1.0, 1.0, 1.0]"
